2023-01-15 18:42:32,549 : INFO : root : Loading config.
2023-01-15 18:42:32,552 : INFO : YamlMultifileConfigLoader : Machine config file #1: config.yaml
2023-01-15 18:42:32,553 : INFO : ConfigProcessor : Loading config from cache: C:\Users\dell\AppData\Local\Temp\823390186140f561069e51d67517f5d0.mpf_cache
2023-01-15 18:42:32,633 : INFO : ConfigProcessor : Loading config from cache: C:\Users\dell\AppData\Local\Temp\59a64183768b31a5bf2b8a1c5fa05afc.mpf_cache
2023-01-15 18:42:32,634 : INFO : ConfigProcessor : Loading config from cache: C:\Users\dell\AppData\Local\Temp\e4aaedaa0a5d6d283bdf8896bd678b71.mpf_cache
2023-01-15 18:42:32,635 : INFO : ConfigProcessor : Loading config from cache: C:\Users\dell\AppData\Local\Temp\59a64183768b31a5bf2b8a1c5fa05afc.mpf_cache
2023-01-15 18:42:32,635 : INFO : ConfigProcessor : Loading config from cache: C:\Users\dell\AppData\Local\Temp\d05889abdb32f5a85db64ac2e197f4ff.mpf_cache
2023-01-15 18:42:32,636 : INFO : ConfigProcessor : Loading config from cache: C:\Users\dell\AppData\Local\Temp\434c2e3a52e1507818428e1c584a9ae0.mpf_cache
2023-01-15 18:42:32,636 : INFO : ConfigProcessor : Loading config from cache: C:\Users\dell\AppData\Local\Temp\c96ee90647ae5b034e2dd42c348c42ad.mpf_cache
2023-01-15 18:42:32,637 : INFO : ConfigProcessor : Loading config from cache: C:\Users\dell\AppData\Local\Temp\ca0415bb38fd20ce1ae72b2592ece46e.mpf_cache
2023-01-15 18:42:32,637 : INFO : ConfigProcessor : Loading config from cache: C:\Users\dell\AppData\Local\Temp\72e9fea1cb562e40024eb5e8538ccaf2.mpf_cache
2023-01-15 18:42:32,638 : INFO : ConfigProcessor : Loading config from cache: C:\Users\dell\AppData\Local\Temp\c22c03646c3330fed25ec0d2c1900176.mpf_cache
2023-01-15 18:42:32,639 : INFO : ConfigProcessor : Loading config from cache: C:\Users\dell\AppData\Local\Temp\4f40b51a2a6ab6b3327b174347355c6f.mpf_cache
2023-01-15 18:42:32,639 : INFO : ConfigProcessor : Loading config from cache: C:\Users\dell\AppData\Local\Temp\39fabcdae38f081491893b3f9bf3922e.mpf_cache
2023-01-15 18:42:32,640 : INFO : ConfigProcessor : Loading config from cache: C:\Users\dell\AppData\Local\Temp\f18cd76783971ff471759940af4bc5eb.mpf_cache
2023-01-15 18:42:32,641 : INFO : ConfigProcessor : Loading config from cache: C:\Users\dell\AppData\Local\Temp\943ecf72a5798e3efec3d4f70c6ce1d2.mpf_cache
2023-01-15 18:42:32,641 : INFO : ConfigProcessor : Loading config from cache: C:\Users\dell\AppData\Local\Temp\04d9c03061fa17a1f6b23081f79db9ab.mpf_cache
2023-01-15 18:42:32,642 : INFO : ConfigProcessor : Loading config from cache: C:\Users\dell\AppData\Local\Temp\1ff29be1d22fb14fe5fd1c82a6918df4.mpf_cache
2023-01-15 18:42:32,643 : INFO : ConfigProcessor : Loading config from cache: C:\Users\dell\AppData\Local\Temp\f0ffd5ecaddfe34035bf3b1779215a88.mpf_cache
2023-01-15 18:42:32,643 : INFO : ConfigProcessor : Loading config from cache: C:\Users\dell\AppData\Local\Temp\b0de444617e3bf30a07f755a6d4831cc.mpf_cache
2023-01-15 18:42:32,644 : INFO : ConfigProcessor : Loading config from cache: C:\Users\dell\AppData\Local\Temp\200a9b2dddbe7706ffb4c4426b6d54a8.mpf_cache
2023-01-15 18:42:32,644 : INFO : ConfigProcessor : Loading config from cache: C:\Users\dell\AppData\Local\Temp\5ab98d4be1e8de85bea62364890eb2e9.mpf_cache
2023-01-15 18:42:32,645 : INFO : ConfigProcessor : Loading config from cache: C:\Users\dell\AppData\Local\Temp\4303dca7489148da2d256fc831cf8c96.mpf_cache
2023-01-15 18:42:32,645 : INFO : ConfigProcessor : Loading config from cache: C:\Users\dell\AppData\Local\Temp\e8fceecd8f65a6a7269e98c7961bbf6a.mpf_cache
2023-01-15 18:42:32,646 : INFO : ConfigProcessor : Loading config from cache: C:\Users\dell\AppData\Local\Temp\c84d6d08bf6f923cbcccfeeea02d2c8a.mpf_cache
2023-01-15 18:42:32,646 : INFO : ConfigProcessor : Loading config from cache: C:\Users\dell\AppData\Local\Temp\159a0b7ffc6de2ed1a8cdcd57b7df3c0.mpf_cache
2023-01-15 18:42:32,646 : INFO : ConfigProcessor : Loading config from cache: C:\Users\dell\AppData\Local\Temp\dd71d04ba3f4dce8325f2504de3de352.mpf_cache
2023-01-15 18:42:32,647 : INFO : ConfigProcessor : Loading config from cache: C:\Users\dell\AppData\Local\Temp\47da5935da57327449007069e0d0551c.mpf_cache
2023-01-15 18:42:32,648 : INFO : ConfigProcessor : Loading config from cache: C:\Users\dell\AppData\Local\Temp\b1234e2c44a33609dc2af4760c4a3f89.mpf_cache
2023-01-15 18:42:32,649 : INFO : ConfigProcessor : Loading config from cache: C:\Users\dell\AppData\Local\Temp\7ab9985e2a62b75a325504808417b1e7.mpf_cache
2023-01-15 18:42:32,649 : INFO : ConfigProcessor : Loading config from cache: C:\Users\dell\AppData\Local\Temp\466eddfec572894d9eb472ce07aa5fba.mpf_cache
2023-01-15 18:42:32,650 : INFO : ConfigProcessor : Loading config from cache: C:\Users\dell\AppData\Local\Temp\93429a2a8e0859f6546b68f40c2a4656.mpf_cache
2023-01-15 18:42:32,650 : INFO : ConfigProcessor : Loading config from cache: C:\Users\dell\AppData\Local\Temp\95ae88fb094583fa2b4097c6df179650.mpf_cache
2023-01-15 18:42:32,651 : INFO : ConfigProcessor : Loading config from cache: C:\Users\dell\AppData\Local\Temp\de2d3fc178b15ce3807fa4ab35b9c965.mpf_cache
2023-01-15 18:42:32,652 : INFO : ConfigProcessor : Loading config from cache: C:\Users\dell\AppData\Local\Temp\0c80ca2179989d09b86c78c19ec87d9b.mpf_cache
2023-01-15 18:42:32,653 : INFO : ConfigProcessor : Loading config from cache: C:\Users\dell\AppData\Local\Temp\95e265efe14e4eb05d8d5c5689c9ae6b.mpf_cache
2023-01-15 18:42:32,653 : INFO : ConfigProcessor : Loading config from cache: C:\Users\dell\AppData\Local\Temp\ba047bbdc168fca96d58d351c4240916.mpf_cache
2023-01-15 18:42:32,654 : INFO : ConfigProcessor : Loading config from cache: C:\Users\dell\AppData\Local\Temp\7c1900736275ba8a713cfe77e991e929.mpf_cache
2023-01-15 18:42:32,654 : INFO : ConfigProcessor : Loading config from cache: C:\Users\dell\AppData\Local\Temp\db3d1ab92e5d5c563b40d82372434517.mpf_cache
2023-01-15 18:42:32,655 : INFO : ConfigProcessor : Loading config from cache: C:\Users\dell\AppData\Local\Temp\78980531363184480bbd7075661ced33.mpf_cache
2023-01-15 18:42:32,656 : INFO : ConfigProcessor : Loading config from cache: C:\Users\dell\AppData\Local\Temp\efcf079e5af2b94e88dae4e07273acc8.mpf_cache
2023-01-15 18:42:32,656 : INFO : ConfigProcessor : Loading config from cache: C:\Users\dell\AppData\Local\Temp\44231afd4be159e8c99041e8eb88670e.mpf_cache
2023-01-15 18:42:32,657 : INFO : ConfigProcessor : Loading config from cache: C:\Users\dell\AppData\Local\Temp\2b5357265150b67996b1d26df60329cf.mpf_cache
2023-01-15 18:42:32,658 : INFO : ConfigProcessor : Loading config from cache: C:\Users\dell\AppData\Local\Temp\6d62665f0d27f04673542af594d4fd9b.mpf_cache
2023-01-15 18:42:32,658 : INFO : ConfigProcessor : Loading config from cache: C:\Users\dell\AppData\Local\Temp\3748cd4146dd8769dc8203d243b40460.mpf_cache
2023-01-15 18:42:32,659 : INFO : ConfigProcessor : Loading config from cache: C:\Users\dell\AppData\Local\Temp\17743d86d766158b74063aba6bc1c32c.mpf_cache
2023-01-15 18:42:32,659 : INFO : ConfigProcessor : Loading config from cache: C:\Users\dell\AppData\Local\Temp\f880dfaba64907cc1c8d35fe4f9ee098.mpf_cache
2023-01-15 18:42:32,659 : INFO : ConfigProcessor : Loading config from cache: C:\Users\dell\AppData\Local\Temp\b3315542fefac86d8251965e4eddcee0.mpf_cache
2023-01-15 18:42:32,660 : INFO : ConfigProcessor : Loading config from cache: C:\Users\dell\AppData\Local\Temp\c87ce6071caf9b8e671d40e32f84144f.mpf_cache
2023-01-15 18:42:32,660 : INFO : ConfigProcessor : Loading config from cache: C:\Users\dell\AppData\Local\Temp\2896a43e0d61e3501c9963d4b59c6ee0.mpf_cache
2023-01-15 18:42:32,661 : INFO : ConfigProcessor : Loading config from cache: C:\Users\dell\AppData\Local\Temp\ff8f94bde3fa94916ad1b7409fed77bd.mpf_cache
2023-01-15 18:42:32,661 : INFO : ConfigProcessor : Loading config from cache: C:\Users\dell\AppData\Local\Temp\053da04979f77c811527e2c0f3ca94fb.mpf_cache
2023-01-15 18:42:32,662 : INFO : ConfigProcessor : Loading config from cache: C:\Users\dell\AppData\Local\Temp\76437d1e292ff239f4f9dc05fbdd5cdf.mpf_cache
2023-01-15 18:42:32,662 : INFO : ConfigProcessor : Loading config from cache: C:\Users\dell\AppData\Local\Temp\a103f9965307e92153b3826866cd7d56.mpf_cache
2023-01-15 18:42:32,663 : INFO : ConfigProcessor : Loading config from cache: C:\Users\dell\AppData\Local\Temp\edf282469509fb91fe2444b6848262a1.mpf_cache
2023-01-15 18:42:32,663 : INFO : ConfigProcessor : Loading config from cache: C:\Users\dell\AppData\Local\Temp\b8da0a805f864daaf4908642bfd2e7fd.mpf_cache
2023-01-15 18:42:32,663 : INFO : ConfigProcessor : Loading config from cache: C:\Users\dell\AppData\Local\Temp\57bc401cb4a04615f5b5aa4ba6a61eb7.mpf_cache
2023-01-15 18:42:32,664 : INFO : ConfigProcessor : Loading config from cache: C:\Users\dell\AppData\Local\Temp\fee9cc2b93cb113814269e4a59231078.mpf_cache
2023-01-15 18:42:32,664 : INFO : ConfigProcessor : Loading config from cache: C:\Users\dell\AppData\Local\Temp\fcb209f5756d4056b66c34a3e9f20f60.mpf_cache
2023-01-15 18:42:32,664 : INFO : ConfigProcessor : Loading config from cache: C:\Users\dell\AppData\Local\Temp\797d5c88f37a3f4c1eda6cc76ebd1d4b.mpf_cache
2023-01-15 18:42:32,665 : INFO : ConfigProcessor : Loading config from cache: C:\Users\dell\AppData\Local\Temp\fd8f672dffbfb9b282859f7185f62437.mpf_cache
2023-01-15 18:42:32,665 : INFO : ConfigProcessor : Loading config from cache: C:\Users\dell\AppData\Local\Temp\986b6c77a360e7ca0a5b736ec9bfb4fa.mpf_cache
2023-01-15 18:42:32,665 : INFO : ConfigProcessor : Loading config from cache: C:\Users\dell\AppData\Local\Temp\851e1d46f2be32b89fdca6ef94995943.mpf_cache
2023-01-15 18:42:32,666 : INFO : ConfigProcessor : Loading config from cache: C:\Users\dell\AppData\Local\Temp\95f5997d9c4798b115eb453656d93a1f.mpf_cache
2023-01-15 18:42:32,666 : INFO : ConfigProcessor : Loading config from cache: C:\Users\dell\AppData\Local\Temp\804b9a1ad2b0368c8378a1697de79431.mpf_cache
2023-01-15 18:42:32,666 : INFO : ConfigProcessor : Loading config from cache: C:\Users\dell\AppData\Local\Temp\3f05176740ce9b1ce630d9f26057f472.mpf_cache
2023-01-15 18:42:32,667 : INFO : ConfigProcessor : Loading config from cache: C:\Users\dell\AppData\Local\Temp\d75c6855c6bfc342a42171d44ee55d0f.mpf_cache
2023-01-15 18:42:32,667 : INFO : ConfigProcessor : Loading config from cache: C:\Users\dell\AppData\Local\Temp\c03af884f77fd2edff48f1f1b29a0001.mpf_cache
2023-01-15 18:42:32,667 : INFO : ConfigProcessor : Loading config from cache: C:\Users\dell\AppData\Local\Temp\125cf4d7d8d0f7b14ac4e9b5c5fc6dd9.mpf_cache
2023-01-15 18:42:32,667 : INFO : ConfigProcessor : Loading config from cache: C:\Users\dell\AppData\Local\Temp\e98bbe1017594ac8f5dc55070bdaec1b.mpf_cache
2023-01-15 18:42:32,668 : INFO : ConfigProcessor : Loading config from cache: C:\Users\dell\AppData\Local\Temp\540f9a41a139edc7fb3c0d3fef764d79.mpf_cache
2023-01-15 18:42:32,668 : INFO : ConfigProcessor : Loading config from cache: C:\Users\dell\AppData\Local\Temp\66310f6b7da6aa9e1e12a092b4e5ea1e.mpf_cache
2023-01-15 18:42:32,668 : INFO : ConfigProcessor : Loading config from cache: C:\Users\dell\AppData\Local\Temp\e39b84c1f1807716ec310701a6bf0d73.mpf_cache
2023-01-15 18:42:32,669 : INFO : ConfigProcessor : Loading config from cache: C:\Users\dell\AppData\Local\Temp\a3a3c1b8b3198ac6ffa6b5064057ae07.mpf_cache
2023-01-15 18:42:32,669 : INFO : ConfigProcessor : Loading config from cache: C:\Users\dell\AppData\Local\Temp\4eebc146e222c8d9b7fa4d2858e69ea1.mpf_cache
2023-01-15 18:42:32,669 : INFO : ConfigProcessor : Loading config from cache: C:\Users\dell\AppData\Local\Temp\e126248c44ebfdee710b05c2b7d5fe82.mpf_cache
2023-01-15 18:42:32,670 : INFO : ConfigProcessor : Loading config from cache: C:\Users\dell\AppData\Local\Temp\69ecee52b21d2a851426dcc7135d38ea.mpf_cache
2023-01-15 18:42:32,670 : INFO : ConfigProcessor : Loading config from cache: C:\Users\dell\AppData\Local\Temp\56ece61e32d3cc2ed53dd325a47460b4.mpf_cache
2023-01-15 18:42:32,670 : INFO : ConfigProcessor : Loading config from cache: C:\Users\dell\AppData\Local\Temp\d0b1dbeaceec3deef73ab0fce07cd740.mpf_cache
2023-01-15 18:42:32,671 : INFO : ConfigProcessor : Loading config from cache: C:\Users\dell\AppData\Local\Temp\3d3afc7fea552c2bae3e6e1d92aa1a26.mpf_cache
2023-01-15 18:42:32,671 : INFO : ConfigProcessor : Loading config from cache: C:\Users\dell\AppData\Local\Temp\4bd243ad0d8c16d00a837306cf5c3d29.mpf_cache
2023-01-15 18:42:32,671 : INFO : ConfigProcessor : Loading config from cache: C:\Users\dell\AppData\Local\Temp\7f312b640f6d5109d8d1be2a05f128e8.mpf_cache
2023-01-15 18:42:32,672 : INFO : ConfigProcessor : Loading config from cache: C:\Users\dell\AppData\Local\Temp\67980d6a57506cd4da44486112b91bec.mpf_cache
2023-01-15 18:42:32,672 : INFO : ConfigProcessor : Loading config from cache: C:\Users\dell\AppData\Local\Temp\9ec3c911ae7e15f7065133c529810f95.mpf_cache
2023-01-15 18:42:32,672 : INFO : ConfigProcessor : Loading config from cache: C:\Users\dell\AppData\Local\Temp\930069940b749f97f86d219b2ddeacf1.mpf_cache
2023-01-15 18:42:32,672 : INFO : ConfigProcessor : Loading config from cache: C:\Users\dell\AppData\Local\Temp\650f26d6333e64d21657a8ef260f5acf.mpf_cache
2023-01-15 18:42:32,673 : INFO : ConfigProcessor : Loading config from cache: C:\Users\dell\AppData\Local\Temp\7fe69373349de136ea08d265848ee2de.mpf_cache
2023-01-15 18:42:32,673 : INFO : ConfigProcessor : Loading config from cache: C:\Users\dell\AppData\Local\Temp\24196d5bffa5766d9b4a62f9ae23e660.mpf_cache
2023-01-15 18:42:32,673 : INFO : ConfigProcessor : Loading config from cache: C:\Users\dell\AppData\Local\Temp\5f56171e4007003f2e0029bfa218d47c.mpf_cache
2023-01-15 18:42:32,674 : INFO : ConfigProcessor : Loading config from cache: C:\Users\dell\AppData\Local\Temp\9828dc3aacab1158f9e233d43cb3fe1f.mpf_cache
2023-01-15 18:42:32,674 : INFO : ConfigProcessor : Loading config from cache: C:\Users\dell\AppData\Local\Temp\93dd7129697f51b97f6c3186dcf43a8c.mpf_cache
2023-01-15 18:42:32,674 : INFO : ConfigProcessor : Loading config from cache: C:\Users\dell\AppData\Local\Temp\854a9aa5d57e7e92df5c4ac62cddaec0.mpf_cache
2023-01-15 18:42:32,674 : INFO : ConfigProcessor : Loading config from cache: C:\Users\dell\AppData\Local\Temp\4a17f5ab6f47bd6cbffa808b6eeea916.mpf_cache
2023-01-15 18:42:32,675 : INFO : ConfigProcessor : Loading config from cache: C:\Users\dell\AppData\Local\Temp\87b77888918ca02abc6ea55edabaa1e0.mpf_cache
2023-01-15 18:42:32,675 : INFO : ConfigProcessor : Loading config from cache: C:\Users\dell\AppData\Local\Temp\2e8097eb902f0db673edff67ef20cd70.mpf_cache
2023-01-15 18:42:32,675 : INFO : ConfigProcessor : Loading config from cache: C:\Users\dell\AppData\Local\Temp\6dda5ce3394e1c203b91cdb4c3bc5158.mpf_cache
2023-01-15 18:42:32,676 : INFO : ConfigProcessor : Loading config from cache: C:\Users\dell\AppData\Local\Temp\801d82c75b08baf8aba110a640054dee.mpf_cache
2023-01-15 18:42:32,676 : INFO : ConfigProcessor : Loading config from cache: C:\Users\dell\AppData\Local\Temp\6d7eeb6b67afdec81637282a9dda6782.mpf_cache
2023-01-15 18:42:32,676 : INFO : ConfigProcessor : Loading config from cache: C:\Users\dell\AppData\Local\Temp\f18efe2c04100550263acd9a8a6038af.mpf_cache
2023-01-15 18:42:32,676 : INFO : ConfigProcessor : Loading config from cache: C:\Users\dell\AppData\Local\Temp\77dfdfbf7011c8796e93f9e4ee745691.mpf_cache
2023-01-15 18:42:32,677 : INFO : ConfigProcessor : Loading config from cache: C:\Users\dell\AppData\Local\Temp\55e62533d8b0090336fcaf5380faf342.mpf_cache
2023-01-15 18:42:32,677 : INFO : ConfigProcessor : Loading config from cache: C:\Users\dell\AppData\Local\Temp\9fa4a25ee32f55bf2c6a76fb59d8bbaf.mpf_cache
2023-01-15 18:42:32,677 : INFO : ConfigProcessor : Loading config from cache: C:\Users\dell\AppData\Local\Temp\7e90ab1bc560333dd4b4d9f4aaf6bf62.mpf_cache
2023-01-15 18:42:32,678 : INFO : ConfigProcessor : Loading config from cache: C:\Users\dell\AppData\Local\Temp\24505a0d42d384632078d94085b52904.mpf_cache
2023-01-15 18:42:32,678 : INFO : ConfigProcessor : Loading config from cache: C:\Users\dell\AppData\Local\Temp\d2e2dee5d391f181bf417bbfa62b8ee2.mpf_cache
2023-01-15 18:42:32,678 : INFO : ConfigProcessor : Loading config from cache: C:\Users\dell\AppData\Local\Temp\4398dc713d774371f49c655025259670.mpf_cache
2023-01-15 18:42:32,678 : INFO : ConfigProcessor : Loading config from cache: C:\Users\dell\AppData\Local\Temp\2a10046c74e5eb8ef0ed9d338302b7e2.mpf_cache
2023-01-15 18:42:32,679 : INFO : ConfigProcessor : Loading config from cache: C:\Users\dell\AppData\Local\Temp\1976a772a16c7f14b7c542c255637f22.mpf_cache
2023-01-15 18:42:32,679 : INFO : ConfigProcessor : Loading config from cache: C:\Users\dell\AppData\Local\Temp\91df8e0ae0e44730ed622ea2efb74e97.mpf_cache
2023-01-15 18:42:32,679 : INFO : ConfigProcessor : Loading config from cache: C:\Users\dell\AppData\Local\Temp\dff6fabdd3c60a7e52618c514c4d53bb.mpf_cache
2023-01-15 18:42:32,680 : INFO : ConfigProcessor : Loading config from cache: C:\Users\dell\AppData\Local\Temp\b00ca6d895de68a8daf4555cf943ba58.mpf_cache
2023-01-15 18:42:32,680 : INFO : ConfigProcessor : Loading config from cache: C:\Users\dell\AppData\Local\Temp\b5b8a4db5bea0726b6595532599dafa3.mpf_cache
2023-01-15 18:42:32,681 : INFO : ConfigProcessor : Loading config from cache: C:\Users\dell\AppData\Local\Temp\69fdf32f8b1f00ca71933bfdf818d181.mpf_cache
2023-01-15 18:42:32,681 : INFO : ConfigProcessor : Loading config from cache: C:\Users\dell\AppData\Local\Temp\2ea47c81ed4f8a69c675021c80778e85.mpf_cache
2023-01-15 18:42:32,681 : INFO : ConfigProcessor : Loading config from cache: C:\Users\dell\AppData\Local\Temp\4341f22727a1b0f8b478ff6fc7114278.mpf_cache
2023-01-15 18:42:32,682 : INFO : ConfigProcessor : Loading config from cache: C:\Users\dell\AppData\Local\Temp\34b907b0c1988670c99198ad34048e9b.mpf_cache
2023-01-15 18:42:32,682 : INFO : ConfigProcessor : Loading config from cache: C:\Users\dell\AppData\Local\Temp\3078b120455821a73c8c6f8a1dceab4f.mpf_cache
2023-01-15 18:42:32,682 : INFO : ConfigProcessor : Loading config from cache: C:\Users\dell\AppData\Local\Temp\d95a17e65a2b41e386a7fc14bcda65fd.mpf_cache
2023-01-15 18:42:32,683 : INFO : ConfigProcessor : Loading config from cache: C:\Users\dell\AppData\Local\Temp\70a3dc288dcfdeeb747f888700969697.mpf_cache
2023-01-15 18:42:32,683 : INFO : ConfigProcessor : Loading config from cache: C:\Users\dell\AppData\Local\Temp\a545989d29acb91f9b5046622b67b4ed.mpf_cache
2023-01-15 18:42:32,683 : INFO : ConfigProcessor : Loading config from cache: C:\Users\dell\AppData\Local\Temp\8d6f9c7ff9c39db68f4d155bf8492fbe.mpf_cache
2023-01-15 18:42:32,684 : INFO : ConfigProcessor : Loading config from cache: C:\Users\dell\AppData\Local\Temp\155f4ce74e2bf17af8dbff2a4763087f.mpf_cache
2023-01-15 18:42:32,684 : INFO : ConfigProcessor : Loading config from cache: C:\Users\dell\AppData\Local\Temp\1f327f8ed4990105250a8e68ccfd880b.mpf_cache
2023-01-15 18:42:32,684 : INFO : ConfigProcessor : Loading config from cache: C:\Users\dell\AppData\Local\Temp\631f1a0f4495ddfec417d1e517d075ee.mpf_cache
2023-01-15 18:42:32,685 : INFO : ConfigProcessor : Loading config from cache: C:\Users\dell\AppData\Local\Temp\58d128190d1d0b57398f3d0bb3d51665.mpf_cache
2023-01-15 18:42:32,685 : INFO : ConfigProcessor : Loading config from cache: C:\Users\dell\AppData\Local\Temp\3a392e0f36204bd15fe7f620a9abd8a5.mpf_cache
2023-01-15 18:42:32,686 : INFO : ConfigProcessor : Loading config from cache: C:\Users\dell\AppData\Local\Temp\a21cdf4e7d11d0ddd588c2361820cd3f.mpf_cache
2023-01-15 18:42:32,686 : INFO : ConfigProcessor : Loading config from cache: C:\Users\dell\AppData\Local\Temp\c985e32e9d44f65a2b4ce21de0879b93.mpf_cache
2023-01-15 18:42:32,686 : INFO : ConfigProcessor : Loading config from cache: C:\Users\dell\AppData\Local\Temp\53b5443f454133ae1b362b3b93db77cb.mpf_cache
2023-01-15 18:42:32,687 : INFO : ConfigProcessor : Loading config from cache: C:\Users\dell\AppData\Local\Temp\3931d087bd0a337e7115b05d59ca5799.mpf_cache
2023-01-15 18:42:32,687 : INFO : ConfigProcessor : Loading config from cache: C:\Users\dell\AppData\Local\Temp\4b9dbb62597032bf50b643d8dab4e70a.mpf_cache
2023-01-15 18:42:32,687 : INFO : ConfigProcessor : Loading config from cache: C:\Users\dell\AppData\Local\Temp\765fb0e29c5e0a3c4df63af3a63a2aa9.mpf_cache
2023-01-15 18:42:32,688 : INFO : ConfigProcessor : Loading config from cache: C:\Users\dell\AppData\Local\Temp\92bd7ddb78685ce3872fdffddbf4066b.mpf_cache
2023-01-15 18:42:32,688 : INFO : ConfigProcessor : Loading config from cache: C:\Users\dell\AppData\Local\Temp\f17b18f8fc49aa4015f8aaed5fe0310c.mpf_cache
2023-01-15 18:42:32,689 : INFO : ConfigProcessor : Loading config from cache: C:\Users\dell\AppData\Local\Temp\6025440fe966918e9010659c75a84677.mpf_cache
2023-01-15 18:42:32,689 : INFO : ConfigProcessor : Loading config from cache: C:\Users\dell\AppData\Local\Temp\cfdf05d29e2db67703b682b9e2f3ca3c.mpf_cache
2023-01-15 18:42:32,689 : INFO : ConfigProcessor : Loading config from cache: C:\Users\dell\AppData\Local\Temp\d94e10a03295440a68c0665192595ed1.mpf_cache
2023-01-15 18:42:32,690 : INFO : ConfigProcessor : Loading config from cache: C:\Users\dell\AppData\Local\Temp\01f102dbddb32abe391845f1f1fb6297.mpf_cache
2023-01-15 18:42:32,690 : INFO : ConfigProcessor : Loading config from cache: C:\Users\dell\AppData\Local\Temp\31f678389d4048ccede53f3d9bb6ebf4.mpf_cache
2023-01-15 18:42:32,691 : INFO : ConfigProcessor : Loading config from cache: C:\Users\dell\AppData\Local\Temp\b22da84cc4aef91ed7f9bc0328a0f1b4.mpf_cache
2023-01-15 18:42:32,691 : INFO : ConfigProcessor : Loading config from cache: C:\Users\dell\AppData\Local\Temp\da1fede4c95c7878b99d619776f98fd7.mpf_cache
2023-01-15 18:42:32,691 : INFO : ConfigProcessor : Loading config from cache: C:\Users\dell\AppData\Local\Temp\cc30193cdee974cc13426b098027cee1.mpf_cache
2023-01-15 18:42:32,692 : INFO : ConfigProcessor : Loading config from cache: C:\Users\dell\AppData\Local\Temp\58e69a62c4f703cc84058f6193109d31.mpf_cache
2023-01-15 18:42:32,692 : INFO : ConfigProcessor : Loading config from cache: C:\Users\dell\AppData\Local\Temp\e6a4926517ab55f9ed1b3658c3e4007c.mpf_cache
2023-01-15 18:42:32,693 : INFO : ConfigProcessor : Loading config from cache: C:\Users\dell\AppData\Local\Temp\66ee654434268f21d59a1a197a33e84e.mpf_cache
2023-01-15 18:42:32,693 : INFO : ConfigProcessor : Loading config from cache: C:\Users\dell\AppData\Local\Temp\0ad8a8c62d71fd6db5e688e34997c124.mpf_cache
2023-01-15 18:42:32,693 : INFO : ConfigProcessor : Loading config from cache: C:\Users\dell\AppData\Local\Temp\986ed299862bf4d6a9ee043620eb4411.mpf_cache
2023-01-15 18:42:32,694 : INFO : ConfigProcessor : Loading config from cache: C:\Users\dell\AppData\Local\Temp\85def6e32b8790efec9df62810edf89f.mpf_cache
2023-01-15 18:42:32,694 : INFO : ConfigProcessor : Loading config from cache: C:\Users\dell\AppData\Local\Temp\b4b8bbe6eb89ffab7b0a5bdc28aa737c.mpf_cache
2023-01-15 18:42:32,694 : INFO : ConfigProcessor : Loading config from cache: C:\Users\dell\AppData\Local\Temp\234f7aa8fcdaed8506c3f7e3d1434348.mpf_cache
2023-01-15 18:42:32,695 : INFO : ConfigProcessor : Loading config from cache: C:\Users\dell\AppData\Local\Temp\836170f935ca4f3a3c83dd48d4288e22.mpf_cache
2023-01-15 18:42:32,695 : INFO : ConfigProcessor : Loading config from cache: C:\Users\dell\AppData\Local\Temp\0a4bf4f558c6de89fd1636f30c6211d9.mpf_cache
2023-01-15 18:42:32,695 : INFO : ConfigProcessor : Loading config from cache: C:\Users\dell\AppData\Local\Temp\3936448b27d8bfc57c517bc3bf9d3aa2.mpf_cache
2023-01-15 18:42:32,696 : INFO : ConfigProcessor : Loading config from cache: C:\Users\dell\AppData\Local\Temp\73d13f131bebf83032dc613efdff3522.mpf_cache
2023-01-15 18:42:32,696 : INFO : ConfigProcessor : Loading config from cache: C:\Users\dell\AppData\Local\Temp\20beca28b497152ca0fd3409b83d4b87.mpf_cache
2023-01-15 18:42:32,696 : INFO : ConfigProcessor : Loading config from cache: C:\Users\dell\AppData\Local\Temp\e816efa2a54094e8cd44dabebc7784df.mpf_cache
2023-01-15 18:42:32,697 : INFO : ConfigProcessor : Loading config from cache: C:\Users\dell\AppData\Local\Temp\ec91b3a5e4d650dc4f7371582fb38eed.mpf_cache
2023-01-15 18:42:32,697 : INFO : ConfigProcessor : Loading config from cache: C:\Users\dell\AppData\Local\Temp\9a1a1c28ae640e16df86b556a2688443.mpf_cache
2023-01-15 18:42:32,698 : INFO : ConfigProcessor : Loading config from cache: C:\Users\dell\AppData\Local\Temp\3463b2a86a39355c183f674ae2b12038.mpf_cache
2023-01-15 18:42:32,698 : INFO : ConfigProcessor : Loading config from cache: C:\Users\dell\AppData\Local\Temp\6e6719c61d3fa021e7d679c2f24e1608.mpf_cache
2023-01-15 18:42:32,698 : INFO : ConfigProcessor : Loading config from cache: C:\Users\dell\AppData\Local\Temp\aa69a2c5c0adb7f9c40b6db4f1ca3483.mpf_cache
2023-01-15 18:42:32,699 : INFO : ConfigProcessor : Loading config from cache: C:\Users\dell\AppData\Local\Temp\971ebba8800a659d7a8e99cb206beff7.mpf_cache
2023-01-15 18:42:32,699 : INFO : ConfigProcessor : Loading config from cache: C:\Users\dell\AppData\Local\Temp\07e13f5cf5882efd50a16f81bcde4606.mpf_cache
2023-01-15 18:42:32,699 : INFO : ConfigProcessor : Loading config from cache: C:\Users\dell\AppData\Local\Temp\48a45c572b20481e47ff005f73695e50.mpf_cache
2023-01-15 18:42:32,700 : INFO : ConfigProcessor : Loading config from cache: C:\Users\dell\AppData\Local\Temp\f12c25ef7bc56249cbbfe26e4a8634a0.mpf_cache
2023-01-15 18:42:32,700 : INFO : ConfigProcessor : Loading config from cache: C:\Users\dell\AppData\Local\Temp\7058dd9e75ad4dd97e6d02eda1f8d5f4.mpf_cache
2023-01-15 18:42:32,700 : WARNING : ConfigProcessor : Config file in cache changed: E:\MPF\wows\wows\shows\.\sh_status_report.yaml
2023-01-15 18:42:32,700 : INFO : ConfigProcessor : Loading config from file E:\MPF\wows\wows\shows\.\sh_status_report.yaml.
2023-01-15 18:42:32,702 : INFO : ConfigProcessor : Loading config: E:\MPF\wows\wows\shows\.\sh_status_report.yaml
2023-01-15 18:42:32,703 : INFO : ConfigProcessor : Config file cache created: C:\Users\dell\AppData\Local\Temp\47777129294a1397780765ae2671e381.mpf_cache
2023-01-15 18:42:32,703 : INFO : ConfigProcessor : Loading config from cache: C:\Users\dell\AppData\Local\Temp\a26dda2f3898e9b95a688d2faa147e67.mpf_cache
2023-01-15 18:42:32,703 : INFO : ConfigProcessor : Loading config from cache: C:\Users\dell\AppData\Local\Temp\fbd33e7aab60e9ffed5e28859db24a15.mpf_cache
2023-01-15 18:42:32,704 : INFO : ConfigProcessor : Loading config from cache: C:\Users\dell\AppData\Local\Temp\64f60477c2da2625fa9ef2a86d50bb34.mpf_cache
2023-01-15 18:42:32,704 : INFO : ConfigProcessor : Loading config from cache: C:\Users\dell\AppData\Local\Temp\49b862cde9d22907c81f839348639a1f.mpf_cache
2023-01-15 18:42:32,705 : INFO : ConfigProcessor : Loading config from cache: C:\Users\dell\AppData\Local\Temp\21dda72cc57cadcf698e50094b8ee97d.mpf_cache
2023-01-15 18:42:32,705 : INFO : ConfigProcessor : Loading config from cache: C:\Users\dell\AppData\Local\Temp\f9ee12ee8bbd05f85378a9386ceacce5.mpf_cache
2023-01-15 18:42:32,705 : INFO : ConfigProcessor : Loading config from cache: C:\Users\dell\AppData\Local\Temp\0394fc9fe8dda0bc8c420287c11c8aae.mpf_cache
2023-01-15 18:42:32,706 : INFO : ConfigProcessor : Loading config from cache: C:\Users\dell\AppData\Local\Temp\812e1e327d6ef9a51d487328d0586885.mpf_cache
2023-01-15 18:42:32,706 : INFO : ConfigProcessor : Loading config from cache: C:\Users\dell\AppData\Local\Temp\70cf3c9830d27e79cc1fda7cb07bc23d.mpf_cache
2023-01-15 18:42:32,706 : INFO : ConfigProcessor : Loading config from cache: C:\Users\dell\AppData\Local\Temp\db70c5aab62dca0f645afe12f6eb7df3.mpf_cache
2023-01-15 18:42:32,709 : INFO : Machine : Mission Pinball Framework Core Engine v0.54.6
2023-01-15 18:42:32,709 : INFO : Machine : Command line arguments: {'no_load_cache': False, 'create_config_cache': True, 'bcp': True, 'configfile': ['config.yaml'], 'force_assets_load': False, 'jsonlogging': False, 'logfile': 'logs\\2023-01-15-18-42-32-mpf-DESKTOP-7A962BJ.log', 'pause': False, 'production': False, 'text_ui': True, 'loglevel': 15, 'consoleloglevel': 20, 'force_platform': None, 'syslog_address': None, 'mc_file_name': None, 'no_sound': False}
2023-01-15 18:42:32,709 : INFO : Machine : MPF path: c:\users\dell\appdata\local\programs\python\python36\lib\site-packages\mpf
2023-01-15 18:42:32,709 : INFO : Machine : Machine path: E:\MPF\wows\wows
2023-01-15 18:42:32,709 : INFO : Machine : Platform: win32
2023-01-15 18:42:32,709 : INFO : Machine : Python executable location: c:\users\dell\appdata\local\programs\python\python36\python.exe
2023-01-15 18:42:32,709 : INFO : Machine : Python version: 3.6.4 (64-bit)
2023-01-15 18:42:32,710 : INFO : Machine : Initialise MPF.
2023-01-15 18:42:32,992 : INFO : Pin2DmdDevice : Connecting to Pin2DMD RGB DMD
2023-01-15 18:42:33,005 : INFO : Pin2DmdDevice : Connected to Pin2DMD
2023-01-15 18:42:33,005 : INFO : EventManager : Event: ======'machine_var_credits_string'====== Args={'value': 'FREE PLAY', 'prev_value': None, 'change': True}
2023-01-15 18:42:33,054 : INFO : EventManager : Event: ======'machine_var_player1_score'====== Args={'value': 0, 'prev_value': None, 'change': True}
2023-01-15 18:42:33,055 : INFO : EventManager : Event: ======'machine_var_mv_dmg_con_time'====== Args={'value': 9, 'prev_value': None, 'change': True}
2023-01-15 18:42:33,055 : INFO : EventManager : Event: ======'machine_var_mv_bomb_1_cost'====== Args={'value': 1, 'prev_value': None, 'change': True}
2023-01-15 18:42:33,055 : INFO : EventManager : Event: ======'machine_var_mv_bomb_2_cost'====== Args={'value': 1, 'prev_value': None, 'change': True}
2023-01-15 18:42:33,055 : INFO : EventManager : Event: ======'machine_var_mv_bomb_3_cost'====== Args={'value': 1, 'prev_value': None, 'change': True}
2023-01-15 18:42:33,055 : INFO : EventManager : Event: ======'machine_var_mv_bomb_4_cost'====== Args={'value': 1, 'prev_value': None, 'change': True}
2023-01-15 18:42:33,055 : INFO : EventManager : Event: ======'machine_var_mv_bomb_5_cost'====== Args={'value': 1, 'prev_value': None, 'change': True}
2023-01-15 18:42:33,055 : INFO : EventManager : Event: ======'machine_var_mv_bomb_6_cost'====== Args={'value': 1, 'prev_value': None, 'change': True}
2023-01-15 18:42:33,055 : INFO : EventManager : Event: ======'machine_var_mv_bomb_7_and_9_cost'====== Args={'value': 1, 'prev_value': None, 'change': True}
2023-01-15 18:42:33,055 : INFO : EventManager : Event: ======'machine_var_mv_bomb_8_cost'====== Args={'value': 1, 'prev_value': None, 'change': True}
2023-01-15 18:42:33,055 : INFO : EventManager : Event: ======'machine_var_mv_bomb_10_cost'====== Args={'value': 1, 'prev_value': None, 'change': True}
2023-01-15 18:42:33,055 : INFO : EventManager : Event: ======'machine_var_mv_bomb_mode_cost'====== Args={'value': 1, 'prev_value': None, 'change': True}
2023-01-15 18:42:33,055 : INFO : EventManager : Event: ======'machine_var_mpf_version'====== Args={'value': 'MPF v0.54.6', 'prev_value': None, 'change': True}
2023-01-15 18:42:33,055 : INFO : EventManager : Event: ======'machine_var_mpf_extended_version'====== Args={'value': 'MPF v0.54.6, Config version:5, Show version: 5, BCP version:1.1', 'prev_value': None, 'change': True}
2023-01-15 18:42:33,055 : INFO : EventManager : Event: ======'machine_var_python_version'====== Args={'value': '3.6.4', 'prev_value': None, 'change': True}
2023-01-15 18:42:33,056 : INFO : EventManager : Event: ======'machine_var_platform'====== Args={'value': 'Windows-10-10.0.19041-SP0', 'prev_value': None, 'change': True}
2023-01-15 18:42:33,056 : INFO : EventManager : Event: ======'machine_var_platform_system'====== Args={'value': 'Windows', 'prev_value': None, 'change': True}
2023-01-15 18:42:33,056 : INFO : EventManager : Event: ======'machine_var_platform_release'====== Args={'value': '10', 'prev_value': None, 'change': True}
2023-01-15 18:42:33,056 : INFO : EventManager : Event: ======'machine_var_platform_version'====== Args={'value': '10.0.19041', 'prev_value': None, 'change': True}
2023-01-15 18:42:33,056 : INFO : EventManager : Event: ======'machine_var_platform_machine'====== Args={'value': 'AMD64', 'prev_value': None, 'change': True}
2023-01-15 18:42:33,056 : INFO : EventManager : Event: ======'init_phase_1'====== Args={}
2023-01-15 18:42:33,675 : INFO : EventManager : Event: ======'logicblock_m1_delay_updated'====== Args={'value': 0, 'enabled': True}
2023-01-15 18:42:33,675 : INFO : EventManager : Event: ======'logicblock_m1_delay_updated'====== Args={'value': 0, 'enabled': True}
2023-01-15 18:42:33,675 : INFO : EventManager : Event: ======'logicblock_capture_global_counter_updated'====== Args={'value': 6, 'enabled': True}
2023-01-15 18:42:33,676 : INFO : EventManager : Event: ======'logicblock_capture_global_counter_updated'====== Args={'value': 6, 'enabled': True}
2023-01-15 18:42:33,677 : INFO : EventManager : Event: ======'main_state'====== Args={}
2023-01-15 18:42:33,677 : INFO : EventManager : Event: ======'IGNORE'====== Args={}
2023-01-15 18:42:33,678 : INFO : EventManager : Event: ======'lock_lit_started'====== Args={}
2023-01-15 18:42:33,678 : INFO : EventManager : Event: ======'disable_mode'====== Args={}
2023-01-15 18:42:33,678 : INFO : EventManager : Event: ======'multiball_inactive'====== Args={}
2023-01-15 18:42:33,679 : INFO : EventManager : Event: ======'lite_detonation_start'====== Args={}
2023-01-15 18:42:33,679 : INFO : EventManager : Event: ======'battle_inactive'====== Args={}
2023-01-15 18:42:33,679 : INFO : EventManager : Event: ======'HAGYDFIGYELMENKIVUL'====== Args={}
2023-01-15 18:42:33,680 : INFO : EventManager : Event: ======'enable_citadel_diverter'====== Args={}
2023-01-15 18:42:33,680 : INFO : EventManager : Event: ======'commander_1_changed'====== Args={}
2023-01-15 18:42:33,681 : WARNING : Mode.main_play : Can only start mode main_play during a game. Aborting start.
2023-01-15 18:42:33,681 : WARNING : Mode.drednaught : Can only start mode drednaught during a game. Aborting start.
2023-01-15 18:42:33,681 : WARNING : Mode.capture : Can only start mode capture during a game. Aborting start.
2023-01-15 18:42:33,681 : WARNING : Mode.confederate : Can only start mode confederate during a game. Aborting start.
2023-01-15 18:42:33,681 : WARNING : Mode.hc_lock_lit : Can only start mode hc_lock_lit during a game. Aborting start.
2023-01-15 18:42:33,685 : INFO : EventManager : Event: ======'init_phase_2'====== Args={}
2023-01-15 18:42:33,685 : INFO : SwitchController : Found active switch: ('2', <Platform.SmartVirtual>) <switch.s_trough1>
2023-01-15 18:42:33,685 : INFO : SwitchController : Found active switch: ('3', <Platform.SmartVirtual>) <switch.s_trough2>
2023-01-15 18:42:33,685 : INFO : SwitchController : Found active switch: ('4', <Platform.SmartVirtual>) <switch.s_trough3>
2023-01-15 18:42:33,685 : INFO : SwitchController : Found active switch: ('5', <Platform.SmartVirtual>) <switch.s_trough4>
2023-01-15 18:42:33,685 : INFO : SwitchController : Found active switch: ('6', <Platform.SmartVirtual>) <switch.s_trough5>
2023-01-15 18:42:33,685 : INFO : SwitchController : Found active switch: ('7', <Platform.SmartVirtual>) <switch.s_trough6>
2023-01-15 18:42:33,725 : INFO : EventManager : Event: ======'machine_var_score1_label'====== Args={'value': 'GRAND ADMIRAL', 'prev_value': None, 'change': True}
2023-01-15 18:42:33,725 : INFO : EventManager : Event: ======'machine_var_score1_name'====== Args={'value': 'SBA', 'prev_value': None, 'change': True}
2023-01-15 18:42:33,725 : INFO : EventManager : Event: ======'machine_var_score1_value'====== Args={'value': 1000000000, 'prev_value': None, 'change': True}
2023-01-15 18:42:33,725 : INFO : EventManager : Event: ======'machine_var_score2_label'====== Args={'value': 'ADMIRAL 1', 'prev_value': None, 'change': True}
2023-01-15 18:42:33,725 : INFO : EventManager : Event: ======'machine_var_score2_name'====== Args={'value': 'OCP', 'prev_value': None, 'change': True}
2023-01-15 18:42:33,726 : INFO : EventManager : Event: ======'machine_var_score2_value'====== Args={'value': 900000000, 'prev_value': None, 'change': True}
2023-01-15 18:42:33,726 : INFO : EventManager : Event: ======'machine_var_score3_label'====== Args={'value': 'ADMIRAL 2', 'prev_value': None, 'change': True}
2023-01-15 18:42:33,726 : INFO : EventManager : Event: ======'machine_var_score3_name'====== Args={'value': 'AND', 'prev_value': None, 'change': True}
2023-01-15 18:42:33,726 : INFO : EventManager : Event: ======'machine_var_score3_value'====== Args={'value': 800000000, 'prev_value': None, 'change': True}
2023-01-15 18:42:33,726 : INFO : EventManager : Event: ======'machine_var_score4_label'====== Args={'value': 'ADMIRAL 3', 'prev_value': None, 'change': True}
2023-01-15 18:42:33,726 : INFO : EventManager : Event: ======'machine_var_score4_name'====== Args={'value': 'W G', 'prev_value': None, 'change': True}
2023-01-15 18:42:33,726 : INFO : EventManager : Event: ======'machine_var_score4_value'====== Args={'value': 700000000, 'prev_value': None, 'change': True}
2023-01-15 18:42:33,726 : INFO : EventManager : Event: ======'machine_var_score5_label'====== Args={'value': 'ADMIRAL 4', 'prev_value': None, 'change': True}
2023-01-15 18:42:33,726 : INFO : EventManager : Event: ======'machine_var_score5_name'====== Args={'value': 'WOW', 'prev_value': None, 'change': True}
2023-01-15 18:42:33,727 : INFO : EventManager : Event: ======'machine_var_score5_value'====== Args={'value': 600000000, 'prev_value': None, 'change': True}
2023-01-15 18:42:33,727 : INFO : EventManager : Event: ======'bcp_connection_attempt'====== Args={'name': 'local_display', 'host': 'localhost', 'port': 5050}
2023-01-15 18:42:33,729 : INFO : BCPClientSocket : Connecting BCP to 'local_display' at localhost:5050...
2023-01-15 18:42:35,841 : INFO : BCPClientSocket : Connected BCP to 'local_display' localhost:5050
2023-01-15 18:42:35,842 : INFO : EventManager : Event: ======'bcp_clients_connected'====== Args={}
2023-01-15 18:42:35,854 : INFO : ball_device.bd_trough : State: idle
2023-01-15 18:42:35,855 : INFO : ball_device.bd_plunger : State: idle
2023-01-15 18:42:35,855 : INFO : ball_device.bd_saucer : State: idle
2023-01-15 18:42:35,856 : INFO : EventManager : Event: ======'machine_var_mc_version'====== Args={'value': 'MPF-MC v0.54.2', 'prev_value': None, 'change': True}
2023-01-15 18:42:35,866 : INFO : EventManager : Event: ======'machine_var_mc_extended_version'====== Args={'value': 'MPF-MC v0.54.2 (config_version=5, BCP v1.1, Requires MPF v0.54.0)', 'prev_value': None, 'change': True}
2023-01-15 18:42:35,877 : INFO : ball_device.bd_main_hole : State: idle
2023-01-15 18:42:35,879 : INFO : EventManager : Event: ======'machine_var_master_volume'====== Args={'value': 1.0, 'prev_value': None, 'change': True}
2023-01-15 18:42:35,888 : INFO : ball_device.bd_hc_lock : State: idle
2023-01-15 18:42:35,917 : INFO : EventManager : Event: ======'init_phase_3'====== Args={}
2023-01-15 18:42:36,020 : INFO : EventManager : Event: ======'init_phase_4'====== Args={}
2023-01-15 18:42:36,021 : INFO : BallController : Initial balls found: 5
2023-01-15 18:42:36,023 : INFO : EventManager : Event: ======'machine_var_audits_events_game_ended'====== Args={'value': 1, 'prev_value': None, 'change': True}
2023-01-15 18:42:36,023 : INFO : EventManager : Event: ======'machine_var_audits_events_game_started'====== Args={'value': 653, 'prev_value': None, 'change': True}
2023-01-15 18:42:36,023 : INFO : EventManager : Event: ======'machine_var_audits_player_score'====== Args={'value': {'average': 0.0, 'top': [0], 'total': 1}, 'prev_value': None, 'change': True}
2023-01-15 18:42:36,024 : INFO : EventManager : Event: ======'machine_var_audits_shots_battle_shot'====== Args={'value': 66, 'prev_value': None, 'change': True}
2023-01-15 18:42:36,024 : INFO : EventManager : Event: ======'machine_var_audits_shots_confederate_1'====== Args={'value': 13, 'prev_value': None, 'change': True}
2023-01-15 18:42:36,025 : INFO : EventManager : Event: ======'machine_var_audits_shots_confederate_2'====== Args={'value': 235, 'prev_value': None, 'change': True}
2023-01-15 18:42:36,025 : INFO : EventManager : Event: ======'machine_var_audits_shots_confederate_3'====== Args={'value': 91, 'prev_value': None, 'change': True}
2023-01-15 18:42:36,025 : INFO : EventManager : Event: ======'machine_var_audits_shots_confederate_4'====== Args={'value': 29, 'prev_value': None, 'change': True}
2023-01-15 18:42:36,026 : INFO : EventManager : Event: ======'machine_var_audits_shots_confederate_5'====== Args={'value': 10, 'prev_value': None, 'change': True}
2023-01-15 18:42:36,026 : INFO : EventManager : Event: ======'machine_var_audits_shots_confederate_6'====== Args={'value': 399, 'prev_value': None, 'change': True}
2023-01-15 18:42:36,026 : INFO : EventManager : Event: ======'machine_var_audits_shots_detonation'====== Args={'value': 42, 'prev_value': None, 'change': True}
2023-01-15 18:42:36,027 : INFO : EventManager : Event: ======'machine_var_audits_shots_detonation_lit'====== Args={'value': 172, 'prev_value': None, 'change': True}
2023-01-15 18:42:36,027 : INFO : EventManager : Event: ======'machine_var_audits_shots_dmg_con_1'====== Args={'value': 96, 'prev_value': None, 'change': True}
2023-01-15 18:42:36,027 : INFO : EventManager : Event: ======'machine_var_audits_shots_dmg_con_2'====== Args={'value': 122, 'prev_value': None, 'change': True}
2023-01-15 18:42:36,027 : INFO : EventManager : Event: ======'machine_var_audits_shots_dmg_con_3'====== Args={'value': 84, 'prev_value': None, 'change': True}
2023-01-15 18:42:36,028 : INFO : EventManager : Event: ======'machine_var_audits_shots_dmg_con_4'====== Args={'value': 101, 'prev_value': None, 'change': True}
2023-01-15 18:42:36,028 : INFO : EventManager : Event: ======'machine_var_audits_shots_dmg_con_5'====== Args={'value': 78, 'prev_value': None, 'change': True}
2023-01-15 18:42:36,028 : INFO : EventManager : Event: ======'machine_var_audits_shots_dmg_con_6'====== Args={'value': 99, 'prev_value': None, 'change': True}
2023-01-15 18:42:36,029 : INFO : EventManager : Event: ======'machine_var_audits_shots_dmg_con_add_time_1'====== Args={'value': 32, 'prev_value': None, 'change': True}
2023-01-15 18:42:36,029 : INFO : EventManager : Event: ======'machine_var_audits_shots_dmg_con_add_time_2'====== Args={'value': 43, 'prev_value': None, 'change': True}
2023-01-15 18:42:36,029 : INFO : EventManager : Event: ======'machine_var_audits_shots_dmg_con_add_time_3'====== Args={'value': 24, 'prev_value': None, 'change': True}
2023-01-15 18:42:36,030 : INFO : EventManager : Event: ======'machine_var_audits_shots_dmg_con_add_time_4'====== Args={'value': 21, 'prev_value': None, 'change': True}
2023-01-15 18:42:36,030 : INFO : EventManager : Event: ======'machine_var_audits_shots_jackpot_1'====== Args={'value': 79, 'prev_value': None, 'change': True}
2023-01-15 18:42:36,030 : INFO : EventManager : Event: ======'machine_var_audits_shots_jackpot_2'====== Args={'value': 106, 'prev_value': None, 'change': True}
2023-01-15 18:42:36,031 : INFO : EventManager : Event: ======'machine_var_audits_shots_jackpot_3'====== Args={'value': 91, 'prev_value': None, 'change': True}
2023-01-15 18:42:36,031 : INFO : EventManager : Event: ======'machine_var_audits_shots_jackpot_4'====== Args={'value': 41, 'prev_value': None, 'change': True}
2023-01-15 18:42:36,031 : INFO : EventManager : Event: ======'machine_var_audits_shots_jackpot_5'====== Args={'value': 42, 'prev_value': None, 'change': True}
2023-01-15 18:42:36,031 : INFO : EventManager : Event: ======'machine_var_audits_shots_jackpot_6'====== Args={'value': 51, 'prev_value': None, 'change': True}
2023-01-15 18:42:36,032 : INFO : EventManager : Event: ======'machine_var_audits_shots_lane_A'====== Args={'value': 125, 'prev_value': None, 'change': True}
2023-01-15 18:42:36,032 : INFO : EventManager : Event: ======'machine_var_audits_shots_lane_B'====== Args={'value': 146, 'prev_value': None, 'change': True}
2023-01-15 18:42:36,032 : INFO : EventManager : Event: ======'machine_var_audits_shots_lane_C'====== Args={'value': 348, 'prev_value': None, 'change': True}
2023-01-15 18:42:36,032 : INFO : EventManager : Event: ======'machine_var_audits_shots_lane_D'====== Args={'value': 361, 'prev_value': None, 'change': True}
2023-01-15 18:42:36,033 : INFO : EventManager : Event: ======'machine_var_audits_shots_lane_E'====== Args={'value': 139, 'prev_value': None, 'change': True}
2023-01-15 18:42:36,033 : INFO : EventManager : Event: ======'machine_var_audits_shots_lock_lit_1'====== Args={'value': 1591, 'prev_value': None, 'change': True}
2023-01-15 18:42:36,033 : INFO : EventManager : Event: ======'machine_var_audits_shots_lock_lit_2'====== Args={'value': 1505, 'prev_value': None, 'change': True}
2023-01-15 18:42:36,034 : INFO : EventManager : Event: ======'machine_var_audits_shots_ricochet_1'====== Args={'value': 173, 'prev_value': None, 'change': True}
2023-01-15 18:42:36,034 : INFO : EventManager : Event: ======'machine_var_audits_shots_ricochet_2'====== Args={'value': 685, 'prev_value': None, 'change': True}
2023-01-15 18:42:36,034 : INFO : EventManager : Event: ======'machine_var_audits_shots_ricochet_3'====== Args={'value': 91, 'prev_value': None, 'change': True}
2023-01-15 18:42:36,035 : INFO : EventManager : Event: ======'machine_var_audits_shots_ricochet_4'====== Args={'value': 49, 'prev_value': None, 'change': True}
2023-01-15 18:42:36,035 : INFO : EventManager : Event: ======'machine_var_audits_shots_ricochet_5'====== Args={'value': 3, 'prev_value': None, 'change': True}
2023-01-15 18:42:36,035 : INFO : EventManager : Event: ======'machine_var_audits_switches_s_action_button'====== Args={'value': 45, 'prev_value': None, 'change': True}
2023-01-15 18:42:36,036 : INFO : EventManager : Event: ======'machine_var_audits_switches_s_bumper_1'====== Args={'value': 735, 'prev_value': None, 'change': True}
2023-01-15 18:42:36,036 : INFO : EventManager : Event: ======'machine_var_audits_switches_s_bumper_2'====== Args={'value': 223, 'prev_value': None, 'change': True}
2023-01-15 18:42:36,036 : INFO : EventManager : Event: ======'machine_var_audits_switches_s_bumper_3'====== Args={'value': 667, 'prev_value': None, 'change': True}
2023-01-15 18:42:36,037 : INFO : EventManager : Event: ======'machine_var_audits_switches_s_center_ramp'====== Args={'value': 114, 'prev_value': None, 'change': True}
2023-01-15 18:42:36,037 : INFO : EventManager : Event: ======'machine_var_audits_switches_s_citadel'====== Args={'value': 75, 'prev_value': None, 'change': True}
2023-01-15 18:42:36,038 : INFO : EventManager : Event: ======'machine_var_audits_switches_s_citadel_lock'====== Args={'value': 255, 'prev_value': None, 'change': True}
2023-01-15 18:42:36,038 : INFO : EventManager : Event: ======'machine_var_audits_switches_s_conning_tower'====== Args={'value': 4, 'prev_value': None, 'change': True}
2023-01-15 18:42:36,039 : INFO : EventManager : Event: ======'machine_var_audits_switches_s_detonation'====== Args={'value': 172, 'prev_value': None, 'change': True}
2023-01-15 18:42:36,039 : INFO : EventManager : Event: ======'machine_var_audits_switches_s_detonation_lit'====== Args={'value': 24, 'prev_value': None, 'change': True}
2023-01-15 18:42:36,039 : INFO : EventManager : Event: ======'machine_var_audits_switches_s_dmg_1'====== Args={'value': 2703, 'prev_value': None, 'change': True}
2023-01-15 18:42:36,040 : INFO : EventManager : Event: ======'machine_var_audits_switches_s_dmg_2'====== Args={'value': 64, 'prev_value': None, 'change': True}
2023-01-15 18:42:36,040 : INFO : EventManager : Event: ======'machine_var_audits_switches_s_dmg_3'====== Args={'value': 20, 'prev_value': None, 'change': True}
2023-01-15 18:42:36,040 : INFO : EventManager : Event: ======'machine_var_audits_switches_s_dmg_4'====== Args={'value': 27, 'prev_value': None, 'change': True}
2023-01-15 18:42:36,041 : INFO : EventManager : Event: ======'machine_var_audits_switches_s_dmg_5'====== Args={'value': 22, 'prev_value': None, 'change': True}
2023-01-15 18:42:36,041 : INFO : EventManager : Event: ======'machine_var_audits_switches_s_dmg_6'====== Args={'value': 139, 'prev_value': None, 'change': True}
2023-01-15 18:42:36,042 : INFO : EventManager : Event: ======'machine_var_audits_switches_s_dmg_7'====== Args={'value': 293, 'prev_value': None, 'change': True}
2023-01-15 18:42:36,042 : INFO : EventManager : Event: ======'machine_var_audits_switches_s_drop_target'====== Args={'value': 2094, 'prev_value': None, 'change': True}
2023-01-15 18:42:36,042 : INFO : EventManager : Event: ======'machine_var_audits_switches_s_jet_hole'====== Args={'value': 0, 'prev_value': None, 'change': True}
2023-01-15 18:42:36,043 : INFO : EventManager : Event: ======'machine_var_audits_switches_s_jet_lane'====== Args={'value': 1, 'prev_value': None, 'change': True}
2023-01-15 18:42:36,043 : INFO : EventManager : Event: ======'machine_var_audits_switches_s_kickback'====== Args={'value': 0, 'prev_value': None, 'change': True}
2023-01-15 18:42:36,044 : INFO : EventManager : Event: ======'machine_var_audits_switches_s_kickback_target_1'====== Args={'value': 0, 'prev_value': None, 'change': True}
2023-01-15 18:42:36,044 : INFO : EventManager : Event: ======'machine_var_audits_switches_s_kickback_target_2'====== Args={'value': 0, 'prev_value': None, 'change': True}
2023-01-15 18:42:36,059 : INFO : EventManager : Event: ======'machine_var_audits_switches_s_kickback_target_3'====== Args={'value': 4, 'prev_value': None, 'change': True}
2023-01-15 18:42:36,059 : INFO : EventManager : Event: ======'machine_var_audits_switches_s_kickback_terget_1'====== Args={'value': 0, 'prev_value': None, 'change': True}
2023-01-15 18:42:36,060 : INFO : EventManager : Event: ======'machine_var_audits_switches_s_left_flipper'====== Args={'value': 1437, 'prev_value': None, 'change': True}
2023-01-15 18:42:36,060 : INFO : EventManager : Event: ======'machine_var_audits_switches_s_left_hole'====== Args={'value': 0, 'prev_value': None, 'change': True}
2023-01-15 18:42:36,060 : INFO : EventManager : Event: ======'machine_var_audits_switches_s_left_inlane'====== Args={'value': 349, 'prev_value': None, 'change': True}
2023-01-15 18:42:36,061 : INFO : EventManager : Event: ======'machine_var_audits_switches_s_left_loop_made'====== Args={'value': 244, 'prev_value': None, 'change': True}
2023-01-15 18:42:36,061 : INFO : EventManager : Event: ======'machine_var_audits_switches_s_left_loop_pre'====== Args={'value': 201, 'prev_value': None, 'change': True}
2023-01-15 18:42:36,062 : INFO : EventManager : Event: ======'machine_var_audits_switches_s_left_mid_inlane'====== Args={'value': 146, 'prev_value': None, 'change': True}
2023-01-15 18:42:36,062 : INFO : EventManager : Event: ======'machine_var_audits_switches_s_left_outlane'====== Args={'value': 125, 'prev_value': None, 'change': True}
2023-01-15 18:42:36,063 : INFO : EventManager : Event: ======'machine_var_audits_switches_s_left_ramp_made'====== Args={'value': 1996, 'prev_value': None, 'change': True}
2023-01-15 18:42:36,063 : INFO : EventManager : Event: ======'machine_var_audits_switches_s_left_ramp_pre'====== Args={'value': 273, 'prev_value': None, 'change': True}
2023-01-15 18:42:36,063 : INFO : EventManager : Event: ======'machine_var_audits_switches_s_left_slingshot'====== Args={'value': 33, 'prev_value': None, 'change': True}
2023-01-15 18:42:36,064 : INFO : EventManager : Event: ======'machine_var_audits_switches_s_lock_1'====== Args={'value': 425, 'prev_value': None, 'change': True}
2023-01-15 18:42:36,064 : INFO : EventManager : Event: ======'machine_var_audits_switches_s_lock_2'====== Args={'value': 437, 'prev_value': None, 'change': True}
2023-01-15 18:42:36,065 : INFO : EventManager : Event: ======'machine_var_audits_switches_s_lock_3'====== Args={'value': 520, 'prev_value': None, 'change': True}
2023-01-15 18:42:36,065 : INFO : EventManager : Event: ======'machine_var_audits_switches_s_magnet_switch'====== Args={'value': 0, 'prev_value': None, 'change': True}
2023-01-15 18:42:36,066 : INFO : EventManager : Event: ======'machine_var_audits_switches_s_main_hole'====== Args={'value': 1061, 'prev_value': None, 'change': True}
2023-01-15 18:42:36,066 : INFO : EventManager : Event: ======'machine_var_audits_switches_s_pen_1'====== Args={'value': 819, 'prev_value': None, 'change': True}
2023-01-15 18:42:36,066 : INFO : EventManager : Event: ======'machine_var_audits_switches_s_pen_2'====== Args={'value': 96, 'prev_value': None, 'change': True}
2023-01-15 18:42:36,067 : INFO : EventManager : Event: ======'machine_var_audits_switches_s_pen_3'====== Args={'value': 322, 'prev_value': None, 'change': True}
2023-01-15 18:42:36,067 : INFO : EventManager : Event: ======'machine_var_audits_switches_s_pen_4'====== Args={'value': 5, 'prev_value': None, 'change': True}
2023-01-15 18:42:36,068 : INFO : EventManager : Event: ======'machine_var_audits_switches_s_pen_5'====== Args={'value': 2, 'prev_value': None, 'change': True}
2023-01-15 18:42:36,068 : INFO : EventManager : Event: ======'machine_var_audits_switches_s_pen_6'====== Args={'value': 8, 'prev_value': None, 'change': True}
2023-01-15 18:42:36,069 : INFO : EventManager : Event: ======'machine_var_audits_switches_s_plunger'====== Args={'value': 4069, 'prev_value': None, 'change': True}
2023-01-15 18:42:36,069 : INFO : EventManager : Event: ======'machine_var_audits_switches_s_plunger_button'====== Args={'value': 4, 'prev_value': None, 'change': True}
2023-01-15 18:42:36,070 : INFO : EventManager : Event: ======'machine_var_audits_switches_s_ricochet_1'====== Args={'value': 197, 'prev_value': None, 'change': True}
2023-01-15 18:42:36,070 : INFO : EventManager : Event: ======'machine_var_audits_switches_s_ricochet_2'====== Args={'value': 692, 'prev_value': None, 'change': True}
2023-01-15 18:42:36,071 : INFO : EventManager : Event: ======'machine_var_audits_switches_s_ricochet_3'====== Args={'value': 93, 'prev_value': None, 'change': True}
2023-01-15 18:42:36,071 : INFO : EventManager : Event: ======'machine_var_audits_switches_s_ricochet_4'====== Args={'value': 54, 'prev_value': None, 'change': True}
2023-01-15 18:42:36,072 : INFO : EventManager : Event: ======'machine_var_audits_switches_s_ricochet_5'====== Args={'value': 8, 'prev_value': None, 'change': True}
2023-01-15 18:42:36,072 : INFO : EventManager : Event: ======'machine_var_audits_switches_s_right_flipper'====== Args={'value': 4191, 'prev_value': None, 'change': True}
2023-01-15 18:42:36,073 : INFO : EventManager : Event: ======'machine_var_audits_switches_s_right_hole'====== Args={'value': 26, 'prev_value': None, 'change': True}
2023-01-15 18:42:36,073 : INFO : EventManager : Event: ======'machine_var_audits_switches_s_right_inlane'====== Args={'value': 363, 'prev_value': None, 'change': True}
2023-01-15 18:42:36,074 : INFO : EventManager : Event: ======'machine_var_audits_switches_s_right_loop_made'====== Args={'value': 83, 'prev_value': None, 'change': True}
2023-01-15 18:42:36,074 : INFO : EventManager : Event: ======'machine_var_audits_switches_s_right_loop_pre'====== Args={'value': 70, 'prev_value': None, 'change': True}
2023-01-15 18:42:36,075 : INFO : EventManager : Event: ======'machine_var_audits_switches_s_right_outlane'====== Args={'value': 141, 'prev_value': None, 'change': True}
2023-01-15 18:42:36,076 : INFO : EventManager : Event: ======'machine_var_audits_switches_s_right_ramp_made'====== Args={'value': 1703, 'prev_value': None, 'change': True}
2023-01-15 18:42:36,076 : INFO : EventManager : Event: ======'machine_var_audits_switches_s_right_ramp_pre'====== Args={'value': 83, 'prev_value': None, 'change': True}
2023-01-15 18:42:36,077 : INFO : EventManager : Event: ======'machine_var_audits_switches_s_right_slingshot'====== Args={'value': 132, 'prev_value': None, 'change': True}
2023-01-15 18:42:36,077 : INFO : EventManager : Event: ======'machine_var_audits_switches_s_right_small_ramp'====== Args={'value': 0, 'prev_value': None, 'change': True}
2023-01-15 18:42:36,078 : INFO : EventManager : Event: ======'machine_var_audits_switches_s_right_tunnel'====== Args={'value': 0, 'prev_value': None, 'change': True}
2023-01-15 18:42:36,078 : INFO : EventManager : Event: ======'machine_var_audits_switches_s_saucer'====== Args={'value': 0, 'prev_value': None, 'change': True}
2023-01-15 18:42:36,079 : INFO : EventManager : Event: ======'machine_var_audits_switches_s_side_hole'====== Args={'value': 316, 'prev_value': None, 'change': True}
2023-01-15 18:42:36,079 : INFO : EventManager : Event: ======'machine_var_audits_switches_s_side_ramp_made'====== Args={'value': 1125, 'prev_value': None, 'change': True}
2023-01-15 18:42:36,080 : INFO : EventManager : Event: ======'machine_var_audits_switches_s_side_ramp_pre'====== Args={'value': 113, 'prev_value': None, 'change': True}
2023-01-15 18:42:36,080 : INFO : EventManager : Event: ======'machine_var_audits_switches_s_spinner'====== Args={'value': 0, 'prev_value': None, 'change': True}
2023-01-15 18:42:36,081 : INFO : EventManager : Event: ======'machine_var_audits_switches_s_start'====== Args={'value': 141, 'prev_value': None, 'change': True}
2023-01-15 18:42:36,081 : INFO : EventManager : Event: ======'machine_var_audits_switches_s_torpedo'====== Args={'value': 739, 'prev_value': None, 'change': True}
2023-01-15 18:42:36,082 : INFO : EventManager : Event: ======'machine_var_audits_switches_s_torpedo_lane'====== Args={'value': 2, 'prev_value': None, 'change': True}
2023-01-15 18:42:36,082 : INFO : EventManager : Event: ======'machine_var_audits_switches_s_torpedo_pre'====== Args={'value': 0, 'prev_value': None, 'change': True}
2023-01-15 18:42:36,082 : INFO : EventManager : Event: ======'machine_var_audits_switches_s_trough1'====== Args={'value': 654, 'prev_value': None, 'change': True}
2023-01-15 18:42:36,082 : INFO : EventManager : Event: ======'machine_var_audits_switches_s_trough2'====== Args={'value': 105, 'prev_value': None, 'change': True}
2023-01-15 18:42:36,084 : INFO : EventManager : Event: ======'machine_var_audits_switches_s_trough3'====== Args={'value': 82, 'prev_value': None, 'change': True}
2023-01-15 18:42:36,084 : INFO : EventManager : Event: ======'machine_var_audits_switches_s_trough4'====== Args={'value': 34, 'prev_value': None, 'change': True}
2023-01-15 18:42:36,084 : INFO : EventManager : Event: ======'machine_var_audits_switches_s_trough5'====== Args={'value': 2, 'prev_value': None, 'change': True}
2023-01-15 18:42:36,084 : INFO : EventManager : Event: ======'machine_var_audits_switches_s_trough6'====== Args={'value': 1, 'prev_value': None, 'change': True}
2023-01-15 18:42:36,085 : INFO : EventManager : Event: ======'machine_var_audits_switches_s_trough_jam'====== Args={'value': 0, 'prev_value': None, 'change': True}
2023-01-15 18:42:36,086 : INFO : EventManager : Event: ======'init_phase_5'====== Args={}
2023-01-15 18:42:36,110 : INFO : EventManager : Event: ======'init_done'====== Args={}
2023-01-15 18:42:36,124 : INFO : EventManager : Event: ======'machine_reset_phase_1'====== Args={}
2023-01-15 18:42:36,139 : INFO : EventManager : Event: ======'machine_reset_phase_2'====== Args={}
2023-01-15 18:42:36,140 : INFO : EventManager : Event: ======'machine_reset_phase_3'====== Args={}
2023-01-15 18:42:36,140 : INFO : EventManager : Event: ======'diverter_citadel_diverter_deactivating'====== Args={}
2023-01-15 18:42:36,140 : INFO : coil.c_loop_diverter : Disabling Driver
2023-01-15 18:42:36,140 : INFO : EventManager : Event: ======'diverter_torpedo_peg_deactivating'====== Args={}
2023-01-15 18:42:36,140 : INFO : coil.c_torpedo_peg : Disabling Driver
2023-01-15 18:42:36,140 : INFO : EventManager : Event: ======'reset_complete'====== Args={}
2023-01-15 18:42:36,140 : INFO : EventManager : Event: ======'mode_attract_will_start'====== Args={}
2023-01-15 18:42:36,141 : INFO : EventManager : Event: ======'mode_attract_starting'====== Args={}
2023-01-15 18:42:36,141 : INFO : Mode.attract : Started. Priority: 10
2023-01-15 18:42:36,141 : INFO : EventManager : Event: ======'modes_active_modes_changed'====== Args={}
2023-01-15 18:42:36,141 : INFO : EventManager : Event: ======'mode_attract_started'====== Args={}
2023-01-15 18:42:36,141 : INFO : EventManager : Event: ======'collecting_balls_complete'====== Args={}
2023-01-15 18:42:36,208 : INFO : EventManager : Event: ======'slide_attract_game_over_slide_created'====== Args={'_from_bcp': True}
2023-01-15 18:42:36,208 : INFO : EventManager : Event: ======'slide_attract_game_over_slide_active'====== Args={'_from_bcp': True}
2023-01-15 18:42:36,223 : INFO : Machine : Starting the main run loop.
2023-01-15 18:42:36,277 : INFO : BcpServer : New client connected.
2023-01-15 18:42:36,457 : INFO : SwitchController : <<<<<<< 's_start' active >>>>>>>
2023-01-15 18:42:36,518 : INFO : SwitchController : <<<<<<< 's_start' inactive >>>>>>>
2023-01-15 18:42:36,519 : INFO : EventManager : Event: ======'request_to_start_game'====== Args={}
2023-01-15 18:42:36,525 : INFO : EventManager : Event: ======'game_start'====== Args={'buttons': [], 'hold_time': 0.06199999999807915}
2023-01-15 18:42:36,534 : INFO : EventManager : Event: ======'mode_game_will_start'====== Args={'buttons': [], 'hold_time': 0.06199999999807915}
2023-01-15 18:42:36,537 : INFO : EventManager : Event: ======'mode_game_starting'====== Args={'buttons': [], 'hold_time': 0.06199999999807915}
2023-01-15 18:42:36,537 : INFO : EventManager : Event: ======'mode_attract_will_stop'====== Args={}
2023-01-15 18:42:36,538 : INFO : EventManager : Event: ======'mode_attract_stopping'====== Args={}
2023-01-15 18:42:36,538 : INFO : Mode.attract : Stopped.
2023-01-15 18:42:36,538 : INFO : EventManager : Event: ======'modes_active_modes_changed'====== Args={}
2023-01-15 18:42:36,539 : INFO : EventManager : Event: ======'mode_attract_stopped'====== Args={}
2023-01-15 18:42:36,539 : INFO : EventManager : Event: ======'clear'====== Args={'key': 'attract'}
2023-01-15 18:42:36,539 : INFO : Mode.game : Started. Priority: 20
2023-01-15 18:42:36,539 : INFO : EventManager : Event: ======'modes_active_modes_changed'====== Args={}
2023-01-15 18:42:36,539 : INFO : EventManager : Event: ======'mode_game_started'====== Args={'buttons': [], 'hold_time': 0.06199999999807915}
2023-01-15 18:42:36,551 : INFO : EventManager : Event: ======'game_will_start'====== Args={}
2023-01-15 18:42:36,552 : INFO : EventManager : Event: ======'game_starting'====== Args={'game': <Mode.game>}
2023-01-15 18:42:36,552 : INFO : EventManager : Event: ======'player_add_request'====== Args={}
2023-01-15 18:42:36,553 : INFO : EventManager : Event: ======'player_will_add'====== Args={'number': 1}
2023-01-15 18:42:36,555 : INFO : EventManager : Event: ======'player_adding'====== Args={'player': <Player 1>, 'number': 1}
2023-01-15 18:42:36,555 : INFO : EventManager : Event: ======'player_added'====== Args={'player': <Player 1>, 'num': 1}
2023-01-15 18:42:36,556 : INFO : Mode.game : Player added successfully. Total players: 1
2023-01-15 18:42:36,556 : INFO : EventManager : Event: ======'player_index'====== Args={'value': 0, 'prev_value': 0, 'change': 0, 'player_num': 1}
2023-01-15 18:42:36,556 : INFO : EventManager : Event: ======'player_number'====== Args={'value': 1, 'prev_value': 1, 'change': 0, 'player_num': 1}
2023-01-15 18:42:36,557 : INFO : EventManager : Event: ======'player_ReceivedDMG'====== Args={'value': 0, 'prev_value': 0, 'change': 0, 'player_num': 1}
2023-01-15 18:42:36,557 : INFO : EventManager : Event: ======'player_DMGValue'====== Args={'value': 10000000, 'prev_value': 10000000, 'change': 0, 'player_num': 1}
2023-01-15 18:42:36,557 : INFO : EventManager : Event: ======'player_JetValue'====== Args={'value': 5000000, 'prev_value': 5000000, 'change': 0, 'player_num': 1}
2023-01-15 18:42:36,557 : INFO : EventManager : Event: ======'player_BonusX'====== Args={'value': 0, 'prev_value': 0, 'change': 0, 'player_num': 1}
2023-01-15 18:42:36,558 : INFO : EventManager : Event: ======'player_m1shotmade'====== Args={'value': 0, 'prev_value': 0, 'change': 0, 'player_num': 1}
2023-01-15 18:42:36,558 : INFO : EventManager : Event: ======'player_m2shotmade'====== Args={'value': 0, 'prev_value': 0, 'change': 0, 'player_num': 1}
2023-01-15 18:42:36,573 : INFO : EventManager : Event: ======'player_m3shotmade'====== Args={'value': 0, 'prev_value': 0, 'change': 0, 'player_num': 1}
2023-01-15 18:42:36,573 : INFO : EventManager : Event: ======'player_m4shotmade'====== Args={'value': 0, 'prev_value': 0, 'change': 0, 'player_num': 1}
2023-01-15 18:42:36,574 : INFO : EventManager : Event: ======'player_m5shotmade'====== Args={'value': 0, 'prev_value': 0, 'change': 0, 'player_num': 1}
2023-01-15 18:42:36,574 : INFO : EventManager : Event: ======'player_m6shotmade'====== Args={'value': 0, 'prev_value': 0, 'change': 0, 'player_num': 1}
2023-01-15 18:42:36,574 : INFO : EventManager : Event: ======'player_m7shotmade'====== Args={'value': 0, 'prev_value': 0, 'change': 0, 'player_num': 1}
2023-01-15 18:42:36,575 : INFO : EventManager : Event: ======'player_m8shotmade'====== Args={'value': 0, 'prev_value': 0, 'change': 0, 'player_num': 1}
2023-01-15 18:42:36,575 : INFO : EventManager : Event: ======'player_m9shotmade'====== Args={'value': 0, 'prev_value': 0, 'change': 0, 'player_num': 1}
2023-01-15 18:42:36,575 : INFO : EventManager : Event: ======'player_m1_active'====== Args={'value': 0, 'prev_value': 0, 'change': 0, 'player_num': 1}
2023-01-15 18:42:36,575 : INFO : EventManager : Event: ======'player_m2_active'====== Args={'value': 0, 'prev_value': 0, 'change': 0, 'player_num': 1}
2023-01-15 18:42:36,576 : INFO : EventManager : Event: ======'player_m3_active'====== Args={'value': 0, 'prev_value': 0, 'change': 0, 'player_num': 1}
2023-01-15 18:42:36,576 : INFO : EventManager : Event: ======'player_m4_active'====== Args={'value': 0, 'prev_value': 0, 'change': 0, 'player_num': 1}
2023-01-15 18:42:36,576 : INFO : EventManager : Event: ======'player_m5_active'====== Args={'value': 0, 'prev_value': 0, 'change': 0, 'player_num': 1}
2023-01-15 18:42:36,577 : INFO : EventManager : Event: ======'player_m6_active'====== Args={'value': 0, 'prev_value': 0, 'change': 0, 'player_num': 1}
2023-01-15 18:42:36,577 : INFO : EventManager : Event: ======'player_m7_active'====== Args={'value': 0, 'prev_value': 0, 'change': 0, 'player_num': 1}
2023-01-15 18:42:36,577 : INFO : EventManager : Event: ======'player_m8_active'====== Args={'value': 0, 'prev_value': 0, 'change': 0, 'player_num': 1}
2023-01-15 18:42:36,577 : INFO : EventManager : Event: ======'player_m9_active'====== Args={'value': 0, 'prev_value': 0, 'change': 0, 'player_num': 1}
2023-01-15 18:42:36,578 : INFO : EventManager : Event: ======'player_m1shotremaining'====== Args={'value': 4, 'prev_value': 4, 'change': 0, 'player_num': 1}
2023-01-15 18:42:36,578 : INFO : EventManager : Event: ======'player_m2shotremaining'====== Args={'value': 20, 'prev_value': 20, 'change': 0, 'player_num': 1}
2023-01-15 18:42:36,578 : INFO : EventManager : Event: ======'player_m3shotremaining'====== Args={'value': 4, 'prev_value': 4, 'change': 0, 'player_num': 1}
2023-01-15 18:42:36,579 : INFO : EventManager : Event: ======'player_m4shotremaining'====== Args={'value': 4, 'prev_value': 4, 'change': 0, 'player_num': 1}
2023-01-15 18:42:36,579 : INFO : EventManager : Event: ======'player_m5shotremaining'====== Args={'value': 4, 'prev_value': 4, 'change': 0, 'player_num': 1}
2023-01-15 18:42:36,579 : INFO : EventManager : Event: ======'player_m6shotremaining'====== Args={'value': 4, 'prev_value': 4, 'change': 0, 'player_num': 1}
2023-01-15 18:42:36,579 : INFO : EventManager : Event: ======'player_m7shotremaining'====== Args={'value': 4, 'prev_value': 4, 'change': 0, 'player_num': 1}
2023-01-15 18:42:36,580 : INFO : EventManager : Event: ======'player_m8shotremaining'====== Args={'value': 4, 'prev_value': 4, 'change': 0, 'player_num': 1}
2023-01-15 18:42:36,580 : INFO : EventManager : Event: ======'player_m9shotremaining'====== Args={'value': 4, 'prev_value': 4, 'change': 0, 'player_num': 1}
2023-01-15 18:42:36,580 : INFO : EventManager : Event: ======'player_m1entrynumber_m'====== Args={'value': 1, 'prev_value': 1, 'change': 0, 'player_num': 1}
2023-01-15 18:42:36,581 : INFO : EventManager : Event: ======'player_m2entrynumber_m'====== Args={'value': 1, 'prev_value': 1, 'change': 0, 'player_num': 1}
2023-01-15 18:42:36,581 : INFO : EventManager : Event: ======'player_m3entrynumber_m'====== Args={'value': 1, 'prev_value': 1, 'change': 0, 'player_num': 1}
2023-01-15 18:42:36,581 : INFO : EventManager : Event: ======'player_m4entrynumber_m'====== Args={'value': 1, 'prev_value': 1, 'change': 0, 'player_num': 1}
2023-01-15 18:42:36,582 : INFO : EventManager : Event: ======'player_m5entrynumber_m'====== Args={'value': 1, 'prev_value': 1, 'change': 0, 'player_num': 1}
2023-01-15 18:42:36,582 : INFO : EventManager : Event: ======'player_m6entrynumber_m'====== Args={'value': 1, 'prev_value': 1, 'change': 0, 'player_num': 1}
2023-01-15 18:42:36,582 : INFO : EventManager : Event: ======'player_m7entrynumber_m'====== Args={'value': 1, 'prev_value': 1, 'change': 0, 'player_num': 1}
2023-01-15 18:42:36,582 : INFO : EventManager : Event: ======'player_m8entrynumber_m'====== Args={'value': 1, 'prev_value': 1, 'change': 0, 'player_num': 1}
2023-01-15 18:42:36,583 : INFO : EventManager : Event: ======'player_m9entrynumber_m'====== Args={'value': 1, 'prev_value': 1, 'change': 0, 'player_num': 1}
2023-01-15 18:42:36,583 : INFO : EventManager : Event: ======'player_m1entrynumber'====== Args={'value': 0, 'prev_value': 0, 'change': 0, 'player_num': 1}
2023-01-15 18:42:36,583 : INFO : EventManager : Event: ======'player_m2entrynumber'====== Args={'value': 0, 'prev_value': 0, 'change': 0, 'player_num': 1}
2023-01-15 18:42:36,584 : INFO : EventManager : Event: ======'player_m3entrynumber'====== Args={'value': 0, 'prev_value': 0, 'change': 0, 'player_num': 1}
2023-01-15 18:42:36,584 : INFO : EventManager : Event: ======'player_m4entrynumber'====== Args={'value': 0, 'prev_value': 0, 'change': 0, 'player_num': 1}
2023-01-15 18:42:36,584 : INFO : EventManager : Event: ======'player_m5entrynumber'====== Args={'value': 0, 'prev_value': 0, 'change': 0, 'player_num': 1}
2023-01-15 18:42:36,584 : INFO : EventManager : Event: ======'player_m6entrynumber'====== Args={'value': 0, 'prev_value': 0, 'change': 0, 'player_num': 1}
2023-01-15 18:42:36,585 : INFO : EventManager : Event: ======'player_m7entrynumber'====== Args={'value': 0, 'prev_value': 0, 'change': 0, 'player_num': 1}
2023-01-15 18:42:36,585 : INFO : EventManager : Event: ======'player_m8entrynumber'====== Args={'value': 0, 'prev_value': 0, 'change': 0, 'player_num': 1}
2023-01-15 18:42:36,585 : INFO : EventManager : Event: ======'player_m9entrynumber'====== Args={'value': 0, 'prev_value': 0, 'change': 0, 'player_num': 1}
2023-01-15 18:42:36,585 : INFO : EventManager : Event: ======'player_m10_finished'====== Args={'value': 0, 'prev_value': 0, 'change': 0, 'player_num': 1}
2023-01-15 18:42:36,586 : INFO : EventManager : Event: ======'player_mode_shot_enabled'====== Args={'value': 0, 'prev_value': 0, 'change': 0, 'player_num': 1}
2023-01-15 18:42:36,586 : INFO : EventManager : Event: ======'player_mode_shot_made'====== Args={'value': 0, 'prev_value': 0, 'change': 0, 'player_num': 1}
2023-01-15 18:42:36,586 : INFO : EventManager : Event: ======'player_completed_modes'====== Args={'value': 0, 'prev_value': 0, 'change': 0, 'player_num': 1}
2023-01-15 18:42:36,587 : INFO : EventManager : Event: ======'player_dmg_con_last_jackpot'====== Args={'value': 10000000, 'prev_value': 10000000, 'change': 0, 'player_num': 1}
2023-01-15 18:42:36,587 : INFO : EventManager : Event: ======'player_aa_fire_timer_active'====== Args={'value': 0, 'prev_value': 0, 'change': 0, 'player_num': 1}
2023-01-15 18:42:36,587 : INFO : EventManager : Event: ======'player_lock_lit_1_state'====== Args={'value': 0, 'prev_value': 0, 'change': 0, 'player_num': 1}
2023-01-15 18:42:36,587 : INFO : EventManager : Event: ======'player_lock_lit_2_state'====== Args={'value': 0, 'prev_value': 0, 'change': 0, 'player_num': 1}
2023-01-15 18:42:36,588 : INFO : EventManager : Event: ======'player_freeze_started'====== Args={'value': 0, 'prev_value': 0, 'change': 0, 'player_num': 1}
2023-01-15 18:42:36,588 : INFO : EventManager : Event: ======'player_timer_height'====== Args={'value': 0.0, 'prev_value': 0.0, 'change': 0, 'player_num': 1}
2023-01-15 18:42:36,588 : INFO : EventManager : Event: ======'player_citadel_number'====== Args={'value': 0, 'prev_value': 0, 'change': 0, 'player_num': 1}
2023-01-15 18:42:36,589 : INFO : EventManager : Event: ======'player_torpedo_number'====== Args={'value': 0, 'prev_value': 0, 'change': 0, 'player_num': 1}
2023-01-15 18:42:36,589 : INFO : EventManager : Event: ======'player_citadel_load_number'====== Args={'value': 3, 'prev_value': 3, 'change': 0, 'player_num': 1}
2023-01-15 18:42:36,589 : INFO : EventManager : Event: ======'player_torpedo_load_number'====== Args={'value': 3, 'prev_value': 3, 'change': 0, 'player_num': 1}
2023-01-15 18:42:36,589 : INFO : EventManager : Event: ======'player_citadel_ready'====== Args={'value': 0, 'prev_value': 0, 'change': 0, 'player_num': 1}
2023-01-15 18:42:36,590 : INFO : EventManager : Event: ======'player_torpedo_ready'====== Args={'value': 0, 'prev_value': 0, 'change': 0, 'player_num': 1}
2023-01-15 18:42:36,590 : INFO : EventManager : Event: ======'player_torpedo_dmg'====== Args={'value': 10.0, 'prev_value': 10.0, 'change': 0, 'player_num': 1}
2023-01-15 18:42:36,590 : INFO : EventManager : Event: ======'player_citadel_dmg'====== Args={'value': 10.0, 'prev_value': 10.0, 'change': 0, 'player_num': 1}
2023-01-15 18:42:36,590 : INFO : EventManager : Event: ======'player_fire_dmg'====== Args={'value': 10.0, 'prev_value': 10.0, 'change': 0, 'player_num': 1}
2023-01-15 18:42:36,591 : INFO : EventManager : Event: ======'player_penetration_dmg'====== Args={'value': 10.0, 'prev_value': 10.0, 'change': 0, 'player_num': 1}
2023-01-15 18:42:36,591 : INFO : EventManager : Event: ======'player_modeshotremaining'====== Args={'value': -1, 'prev_value': -1, 'change': 0, 'player_num': 1}
2023-01-15 18:42:36,591 : INFO : EventManager : Event: ======'player_super_lock'====== Args={'value': 0, 'prev_value': 0, 'change': 0, 'player_num': 1}
2023-01-15 18:42:36,592 : INFO : EventManager : Event: ======'player_container_lit'====== Args={'value': 0, 'prev_value': 0, 'change': 0, 'player_num': 1}
2023-01-15 18:42:36,592 : INFO : EventManager : Event: ======'player_addaball_lit'====== Args={'value': 0, 'prev_value': 0, 'change': 0, 'player_num': 1}
2023-01-15 18:42:36,592 : INFO : EventManager : Event: ======'player_more_time_lit'====== Args={'value': 0, 'prev_value': 0, 'change': 0, 'player_num': 1}
2023-01-15 18:42:36,592 : INFO : EventManager : Event: ======'player_ship'====== Args={'value': 'None', 'prev_value': 'None', 'change': False, 'player_num': 1}
2023-01-15 18:42:36,593 : INFO : EventManager : Event: ======'player_language'====== Args={'value': 'None', 'prev_value': 'None', 'change': False, 'player_num': 1}
2023-01-15 18:42:36,593 : INFO : EventManager : Event: ======'player_battle_bumper'====== Args={'value': 'fire', 'prev_value': 'fire', 'change': False, 'player_num': 1}
2023-01-15 18:42:36,593 : INFO : EventManager : Event: ======'player_fire_1_active'====== Args={'value': 0, 'prev_value': 0, 'change': 0, 'player_num': 1}
2023-01-15 18:42:36,593 : INFO : EventManager : Event: ======'player_fire_2_active'====== Args={'value': 0, 'prev_value': 0, 'change': 0, 'player_num': 1}
2023-01-15 18:42:36,594 : INFO : EventManager : Event: ======'player_fire_3_active'====== Args={'value': 0, 'prev_value': 0, 'change': 0, 'player_num': 1}
2023-01-15 18:42:36,594 : INFO : EventManager : Event: ======'player_m1_shot_need'====== Args={'value': 0, 'prev_value': 0, 'change': 0, 'player_num': 1}
2023-01-15 18:42:36,594 : INFO : EventManager : Event: ======'player_m2_shot_need'====== Args={'value': 0, 'prev_value': 0, 'change': 0, 'player_num': 1}
2023-01-15 18:42:36,594 : INFO : EventManager : Event: ======'player_m3_shot_need'====== Args={'value': 0, 'prev_value': 0, 'change': 0, 'player_num': 1}
2023-01-15 18:42:36,595 : INFO : EventManager : Event: ======'player_m4_shot_need'====== Args={'value': 0, 'prev_value': 0, 'change': 0, 'player_num': 1}
2023-01-15 18:42:36,595 : INFO : EventManager : Event: ======'player_m5_shot_need'====== Args={'value': 0, 'prev_value': 0, 'change': 0, 'player_num': 1}
2023-01-15 18:42:36,595 : INFO : EventManager : Event: ======'player_m6_shot_need'====== Args={'value': 0, 'prev_value': 0, 'change': 0, 'player_num': 1}
2023-01-15 18:42:36,595 : INFO : EventManager : Event: ======'player_m7_shot_need'====== Args={'value': 0, 'prev_value': 0, 'change': 0, 'player_num': 1}
2023-01-15 18:42:36,596 : INFO : EventManager : Event: ======'player_m8_shot_need'====== Args={'value': 0, 'prev_value': 0, 'change': 0, 'player_num': 1}
2023-01-15 18:42:36,596 : INFO : EventManager : Event: ======'player_m9_shot_need'====== Args={'value': 0, 'prev_value': 0, 'change': 0, 'player_num': 1}
2023-01-15 18:42:36,596 : INFO : EventManager : Event: ======'player_m10_shot_need'====== Args={'value': 0, 'prev_value': 0, 'change': 0, 'player_num': 1}
2023-01-15 18:42:36,596 : INFO : EventManager : Event: ======'player_m9_phase_1_active'====== Args={'value': 0, 'prev_value': 0, 'change': 0, 'player_num': 1}
2023-01-15 18:42:36,597 : INFO : EventManager : Event: ======'player_m9_phase_2_active'====== Args={'value': 0, 'prev_value': 0, 'change': 0, 'player_num': 1}
2023-01-15 18:42:36,597 : INFO : EventManager : Event: ======'player_bomb_number'====== Args={'value': 0, 'prev_value': 0, 'change': 0, 'player_num': 1}
2023-01-15 18:42:36,597 : INFO : EventManager : Event: ======'player_t_1_1_commander'====== Args={'value': 0, 'prev_value': 0, 'change': 0, 'player_num': 1}
2023-01-15 18:42:36,597 : INFO : EventManager : Event: ======'player_t_1_2_commander'====== Args={'value': 0, 'prev_value': 0, 'change': 0, 'player_num': 1}
2023-01-15 18:42:36,598 : INFO : EventManager : Event: ======'player_t_1_3_commander'====== Args={'value': 0, 'prev_value': 0, 'change': 0, 'player_num': 1}
2023-01-15 18:42:36,598 : INFO : EventManager : Event: ======'player_t_1_4_commander'====== Args={'value': 0, 'prev_value': 0, 'change': 0, 'player_num': 1}
2023-01-15 18:42:36,598 : INFO : EventManager : Event: ======'player_t_2_1_commander'====== Args={'value': 0, 'prev_value': 0, 'change': 0, 'player_num': 1}
2023-01-15 18:42:36,598 : INFO : EventManager : Event: ======'player_t_2_2_commander'====== Args={'value': 0, 'prev_value': 0, 'change': 0, 'player_num': 1}
2023-01-15 18:42:36,599 : INFO : EventManager : Event: ======'player_t_2_3_commander'====== Args={'value': 0, 'prev_value': 0, 'change': 0, 'player_num': 1}
2023-01-15 18:42:36,599 : INFO : EventManager : Event: ======'player_t_2_4_commander'====== Args={'value': 0, 'prev_value': 0, 'change': 0, 'player_num': 1}
2023-01-15 18:42:36,599 : INFO : EventManager : Event: ======'player_t_3_1_commander'====== Args={'value': 0, 'prev_value': 0, 'change': 0, 'player_num': 1}
2023-01-15 18:42:36,600 : INFO : EventManager : Event: ======'player_t_3_2_commander'====== Args={'value': 0, 'prev_value': 0, 'change': 0, 'player_num': 1}
2023-01-15 18:42:36,600 : INFO : EventManager : Event: ======'player_t_3_3_commander'====== Args={'value': 0, 'prev_value': 0, 'change': 0, 'player_num': 1}
2023-01-15 18:42:36,600 : INFO : EventManager : Event: ======'player_t_3_4_commander'====== Args={'value': 0, 'prev_value': 0, 'change': 0, 'player_num': 1}
2023-01-15 18:42:36,600 : INFO : EventManager : Event: ======'player_t_4_1_commander'====== Args={'value': 0, 'prev_value': 0, 'change': 0, 'player_num': 1}
2023-01-15 18:42:36,601 : INFO : EventManager : Event: ======'player_t_4_2_commander'====== Args={'value': 0, 'prev_value': 0, 'change': 0, 'player_num': 1}
2023-01-15 18:42:36,601 : INFO : EventManager : Event: ======'player_t_4_3_commander'====== Args={'value': 0, 'prev_value': 0, 'change': 0, 'player_num': 1}
2023-01-15 18:42:36,601 : INFO : EventManager : Event: ======'player_t_4_4_commander'====== Args={'value': 0, 'prev_value': 0, 'change': 0, 'player_num': 1}
2023-01-15 18:42:36,601 : INFO : EventManager : Event: ======'player_current_commander'====== Args={'value': 1, 'prev_value': 1, 'change': 0, 'player_num': 1}
2023-01-15 18:42:36,602 : INFO : EventManager : Event: ======'player_current_skill_points'====== Args={'value': 0, 'prev_value': 0, 'change': 0, 'player_num': 1}
2023-01-15 18:42:36,602 : INFO : EventManager : Event: ======'player_current_skill_level'====== Args={'value': 0, 'prev_value': 0, 'change': 0, 'player_num': 1}
2023-01-15 18:42:36,602 : INFO : EventManager : Event: ======'player_skill_lit'====== Args={'value': 0, 'prev_value': 0, 'change': 0, 'player_num': 1}
2023-01-15 18:42:36,602 : INFO : EventManager : Event: ======'player_bomb_1_active'====== Args={'value': 0, 'prev_value': 0, 'change': 0, 'player_num': 1}
2023-01-15 18:42:36,603 : INFO : EventManager : Event: ======'player_bomb_2_active'====== Args={'value': 0, 'prev_value': 0, 'change': 0, 'player_num': 1}
2023-01-15 18:42:36,603 : INFO : EventManager : Event: ======'player_bomb_3_active'====== Args={'value': 0, 'prev_value': 0, 'change': 0, 'player_num': 1}
2023-01-15 18:42:36,603 : INFO : EventManager : Event: ======'player_bomb_4_active'====== Args={'value': 0, 'prev_value': 0, 'change': 0, 'player_num': 1}
2023-01-15 18:42:36,604 : INFO : EventManager : Event: ======'player_bomb_5_active'====== Args={'value': 0, 'prev_value': 0, 'change': 0, 'player_num': 1}
2023-01-15 18:42:36,604 : INFO : EventManager : Event: ======'player_bomb_6_active'====== Args={'value': 0, 'prev_value': 0, 'change': 0, 'player_num': 1}
2023-01-15 18:42:36,604 : INFO : EventManager : Event: ======'player_bomb_7_active'====== Args={'value': 0, 'prev_value': 0, 'change': 0, 'player_num': 1}
2023-01-15 18:42:36,604 : INFO : EventManager : Event: ======'player_bomb_8_active'====== Args={'value': 0, 'prev_value': 0, 'change': 0, 'player_num': 1}
2023-01-15 18:42:36,605 : INFO : EventManager : Event: ======'player_bomb_9_active'====== Args={'value': 0, 'prev_value': 0, 'change': 0, 'player_num': 1}
2023-01-15 18:42:36,605 : INFO : EventManager : Event: ======'player_bomb_10_active'====== Args={'value': 0, 'prev_value': 0, 'change': 0, 'player_num': 1}
2023-01-15 18:42:36,605 : INFO : EventManager : Event: ======'player_bomb_11_active'====== Args={'value': 0, 'prev_value': 0, 'change': 0, 'player_num': 1}
2023-01-15 18:42:36,605 : INFO : EventManager : Event: ======'player_bomb_animation_queue'====== Args={'value': 0, 'prev_value': 0, 'change': 0, 'player_num': 1}
2023-01-15 18:42:36,606 : INFO : EventManager : Event: ======'player_bomb_animation_in_progress'====== Args={'value': 0, 'prev_value': 0, 'change': 0, 'player_num': 1}
2023-01-15 18:42:36,606 : INFO : EventManager : Event: ======'player_bomb_animation_completed'====== Args={'value': 0, 'prev_value': 0, 'change': 0, 'player_num': 1}
2023-01-15 18:42:36,606 : INFO : EventManager : Event: ======'player_bomb_animation_no_more'====== Args={'value': 0, 'prev_value': 0, 'change': 0, 'player_num': 1}
2023-01-15 18:42:36,606 : INFO : EventManager : Event: ======'player_aircraft_carrier_in_engage'====== Args={'value': 0, 'prev_value': 0, 'change': 0, 'player_num': 1}
2023-01-15 18:42:36,607 : INFO : EventManager : Event: ======'player_aircraft_carrier_torpedo_dropped'====== Args={'value': 0, 'prev_value': 0, 'change': 0, 'player_num': 1}
2023-01-15 18:42:36,607 : INFO : EventManager : Event: ======'player_spinner_value'====== Args={'value': 0, 'prev_value': 0, 'change': 0, 'player_num': 1}
2023-01-15 18:42:36,607 : INFO : EventManager : Event: ======'player_score'====== Args={'value': 0, 'prev_value': 0, 'change': 0, 'player_num': 1}
2023-01-15 18:42:36,608 : INFO : EventManager : Event: ======'game_started'====== Args={}
2023-01-15 18:42:36,640 : INFO : EventManager : Event: ======'player_turn_will_start'====== Args={'player': <Player 1>, 'number': 1}
2023-01-15 18:42:36,641 : INFO : EventManager : Event: ======'slide_attract_game_over_slide_removed'====== Args={'_from_bcp': True}
2023-01-15 18:42:36,641 : INFO : EventManager : Event: ======'slide_dmd_blank_active'====== Args={'_from_bcp': True}
2023-01-15 18:42:36,655 : INFO : EventManager : Event: ======'player_turn_starting'====== Args={'player': <Player 1>, 'number': 1}
2023-01-15 18:42:36,656 : INFO : EventManager : Event: ======'player_ball'====== Args={'value': 1, 'prev_value': 0, 'change': 1, 'player_num': 1}
2023-01-15 18:42:36,656 : INFO : EventManager : Event: ======'player_turn_started'====== Args={'player': <Player 1>, 'number': 1}
2023-01-15 18:42:36,657 : INFO : EventManager : Event: ======'ball_will_start'====== Args={'player': 1, 'ball': 1, 'balls_remaining': 2, 'is_extra_ball': False}
2023-01-15 18:42:36,668 : INFO : EventManager : Event: ======'mode_mode_manager_will_start'====== Args={'player': 1, 'ball': 1, 'balls_remaining': 2, 'is_extra_ball': False}
2023-01-15 18:42:36,675 : INFO : EventManager : Event: ======'mode_mode_manager_starting'====== Args={'player': 1, 'ball': 1, 'balls_remaining': 2, 'is_extra_ball': False}
2023-01-15 18:42:36,676 : INFO : Mode.mode_manager : Started. Priority: 300
2023-01-15 18:42:36,676 : INFO : EventManager : Event: ======'modes_active_modes_changed'====== Args={}
2023-01-15 18:42:36,676 : INFO : EventManager : Event: ======'mode_mode_manager_started'====== Args={'player': 1, 'ball': 1, 'balls_remaining': 2, 'is_extra_ball': False}
2023-01-15 18:42:36,676 : INFO : EventManager : Event: ======'ball_starting'====== Args={'player': 1, 'ball': 1, 'balls_remaining': 2, 'is_extra_ball': False}
2023-01-15 18:42:36,723 : INFO : EventManager : Event: ======'mode_main_play_will_start'====== Args={'queue': <QueuedEvent>, 'player': 1, 'ball': 1, 'balls_remaining': 2, 'is_extra_ball': False}
2023-01-15 18:42:36,726 : INFO : EventManager : Event: ======'mode_main_play_starting'====== Args={'queue': <QueuedEvent>, 'player': 1, 'ball': 1, 'balls_remaining': 2, 'is_extra_ball': False}
2023-01-15 18:42:36,727 : INFO : EventManager : Event: ======'mode_port_hole_manager_will_start'====== Args={'queue': <QueuedEvent>, 'player': 1, 'ball': 1, 'balls_remaining': 2, 'is_extra_ball': False}
2023-01-15 18:42:36,728 : INFO : EventManager : Event: ======'mode_port_hole_manager_starting'====== Args={'queue': <QueuedEvent>, 'player': 1, 'ball': 1, 'balls_remaining': 2, 'is_extra_ball': False}
2023-01-15 18:42:36,729 : INFO : EventManager : Event: ======'mode_capture_will_start'====== Args={'queue': <QueuedEvent>, 'player': 1, 'ball': 1, 'balls_remaining': 2, 'is_extra_ball': False}
2023-01-15 18:42:36,731 : INFO : EventManager : Event: ======'mode_capture_starting'====== Args={'queue': <QueuedEvent>, 'player': 1, 'ball': 1, 'balls_remaining': 2, 'is_extra_ball': False}
2023-01-15 18:42:36,731 : INFO : EventManager : Event: ======'mode_value_reset_will_start'====== Args={'queue': <QueuedEvent>, 'player': 1, 'ball': 1, 'balls_remaining': 2, 'is_extra_ball': False}
2023-01-15 18:42:36,731 : INFO : EventManager : Event: ======'mode_value_reset_starting'====== Args={'queue': <QueuedEvent>, 'player': 1, 'ball': 1, 'balls_remaining': 2, 'is_extra_ball': False}
2023-01-15 18:42:36,732 : INFO : Mode.value_reset : Started. Priority: 100
2023-01-15 18:42:36,732 : INFO : EventManager : Event: ======'modes_active_modes_changed'====== Args={}
2023-01-15 18:42:36,732 : INFO : EventManager : Event: ======'mode_value_reset_started'====== Args={'queue': <QueuedEvent>, 'player': 1, 'ball': 1, 'balls_remaining': 2, 'is_extra_ball': False}
2023-01-15 18:42:36,732 : INFO : Mode.port_hole_manager : Started. Priority: 100
2023-01-15 18:42:36,732 : INFO : EventManager : Event: ======'modes_active_modes_changed'====== Args={}
2023-01-15 18:42:36,733 : INFO : EventManager : Event: ======'mode_port_hole_manager_started'====== Args={'queue': <QueuedEvent>, 'player': 1, 'ball': 1, 'balls_remaining': 2, 'is_extra_ball': False}
2023-01-15 18:42:36,733 : INFO : EventManager : Event: ======'balls_in_play'====== Args={'balls': 1}
2023-01-15 18:42:36,733 : INFO : EventManager : Event: ======'ball_started'====== Args={'player': 1, 'ball': 1, 'balls_remaining': 2, 'is_extra_ball': False}
2023-01-15 18:42:36,734 : INFO : EventManager : Event: ======'logicblock_bonusX_counter_updated'====== Args={'value': 2, 'enabled': True}
2023-01-15 18:42:36,734 : INFO : EventManager : Event: ======'logicblock_bomb_counter_updated'====== Args={'value': 3, 'enabled': True}
2023-01-15 18:42:36,735 : INFO : EventManager : Event: ======'logicblock_bomb_animation_counter_updated'====== Args={'value': 3, 'enabled': True}
2023-01-15 18:42:36,735 : INFO : EventManager : Event: ======'logicblock_bonusX_counter_updated'====== Args={'value': 2, 'enabled': True}
2023-01-15 18:42:36,749 : INFO : EventManager : Event: ======'logicblock_bomb_counter_updated'====== Args={'value': 3, 'enabled': True}
2023-01-15 18:42:36,749 : INFO : EventManager : Event: ======'logicblock_bomb_animation_counter_updated'====== Args={'value': 3, 'enabled': True}
2023-01-15 18:42:36,749 : INFO : Mode.main_play : Started. Priority: 100
2023-01-15 18:42:36,749 : INFO : EventManager : Event: ======'modes_active_modes_changed'====== Args={}
2023-01-15 18:42:36,750 : INFO : EventManager : Event: ======'mode_main_play_started'====== Args={'queue': <QueuedEvent>, 'player': 1, 'ball': 1, 'balls_remaining': 2, 'is_extra_ball': False}
2023-01-15 18:42:36,750 : INFO : EventManager : Event: ======'logicblock_capture_counter_updated'====== Args={'value': 6, 'enabled': True}
2023-01-15 18:42:36,750 : INFO : EventManager : Event: ======'logicblock_capture_counter_updated'====== Args={'value': 6, 'enabled': True}
2023-01-15 18:42:36,750 : INFO : Mode.capture : Started. Priority: 100
2023-01-15 18:42:36,750 : INFO : EventManager : Event: ======'modes_active_modes_changed'====== Args={}
2023-01-15 18:42:36,751 : INFO : EventManager : Event: ======'mode_capture_started'====== Args={'queue': <QueuedEvent>, 'player': 1, 'ball': 1, 'balls_remaining': 2, 'is_extra_ball': False}
2023-01-15 18:42:36,751 : INFO : EventManager : Event: ======'mode_skill_shot_will_start'====== Args={'player': 1, 'ball': 1, 'balls_remaining': 2, 'is_extra_ball': False}
2023-01-15 18:42:36,751 : INFO : EventManager : Event: ======'achievement_skillshot_1_changed_state'====== Args={'restore': False, 'state': 'enabled', 'selected': False}
2023-01-15 18:42:36,751 : INFO : EventManager : Event: ======'achievement_skillshot_1_state_enabled'====== Args={'restore': False, 'state': 'enabled', 'selected': False}
2023-01-15 18:42:36,752 : INFO : EventManager : Event: ======'achievement_skillshot_2_changed_state'====== Args={'restore': False, 'state': 'disabled', 'selected': False}
2023-01-15 18:42:36,752 : INFO : EventManager : Event: ======'achievement_skillshot_2_state_disabled'====== Args={'restore': False, 'state': 'disabled', 'selected': False}
2023-01-15 18:42:36,752 : INFO : EventManager : Event: ======'achievement_skillshot_3_changed_state'====== Args={'restore': False, 'state': 'disabled', 'selected': False}
2023-01-15 18:42:36,752 : INFO : EventManager : Event: ======'achievement_skillshot_3_state_disabled'====== Args={'restore': False, 'state': 'disabled', 'selected': False}
2023-01-15 18:42:36,753 : INFO : EventManager : Event: ======'achievement_skillshot_4_changed_state'====== Args={'restore': False, 'state': 'disabled', 'selected': False}
2023-01-15 18:42:36,753 : INFO : EventManager : Event: ======'achievement_skillshot_4_state_disabled'====== Args={'restore': False, 'state': 'disabled', 'selected': False}
2023-01-15 18:42:36,753 : INFO : EventManager : Event: ======'achievement_skillshot_5_changed_state'====== Args={'restore': False, 'state': 'disabled', 'selected': False}
2023-01-15 18:42:36,754 : INFO : EventManager : Event: ======'achievement_skillshot_5_state_disabled'====== Args={'restore': False, 'state': 'disabled', 'selected': False}
2023-01-15 18:42:36,754 : INFO : EventManager : Event: ======'achievement_skillshot_6_changed_state'====== Args={'restore': False, 'state': 'disabled', 'selected': False}
2023-01-15 18:42:36,754 : INFO : EventManager : Event: ======'achievement_skillshot_6_state_disabled'====== Args={'restore': False, 'state': 'disabled', 'selected': False}
2023-01-15 18:42:36,755 : INFO : EventManager : Event: ======'achievement_skillshot_7_changed_state'====== Args={'restore': False, 'state': 'disabled', 'selected': False}
2023-01-15 18:42:36,755 : INFO : EventManager : Event: ======'achievement_skillshot_7_state_disabled'====== Args={'restore': False, 'state': 'disabled', 'selected': False}
2023-01-15 18:42:36,755 : INFO : EventManager : Event: ======'achievement_skillshot_8_changed_state'====== Args={'restore': False, 'state': 'disabled', 'selected': False}
2023-01-15 18:42:36,756 : INFO : EventManager : Event: ======'achievement_skillshot_8_state_disabled'====== Args={'restore': False, 'state': 'disabled', 'selected': False}
2023-01-15 18:42:36,758 : INFO : EventManager : Event: ======'mode_skill_shot_starting'====== Args={'player': 1, 'ball': 1, 'balls_remaining': 2, 'is_extra_ball': False}
2023-01-15 18:42:36,758 : INFO : EventManager : Event: ======'mode_mode_timer_will_start'====== Args={'player': 1, 'ball': 1, 'balls_remaining': 2, 'is_extra_ball': False}
2023-01-15 18:42:36,761 : INFO : EventManager : Event: ======'mode_timer_disable'====== Args={}
2023-01-15 18:42:36,761 : INFO : EventManager : Event: ======'mode_mode_timer_starting'====== Args={'player': 1, 'ball': 1, 'balls_remaining': 2, 'is_extra_ball': False}
2023-01-15 18:42:36,762 : INFO : EventManager : Event: ======'mode_detonation_will_start'====== Args={'player': 1, 'ball': 1, 'balls_remaining': 2, 'is_extra_ball': False}
2023-01-15 18:42:36,762 : INFO : EventManager : Event: ======'player_shot_detonation_lit_enabled'====== Args={'value': True, 'prev_value': 0, 'change': 1, 'player_num': 1}
2023-01-15 18:42:36,762 : INFO : EventManager : Event: ======'player_shot_detonation_enabled'====== Args={'value': False, 'prev_value': 0, 'change': 0, 'player_num': 1}
2023-01-15 18:42:36,763 : INFO : EventManager : Event: ======'mode_detonation_starting'====== Args={'player': 1, 'ball': 1, 'balls_remaining': 2, 'is_extra_ball': False}
2023-01-15 18:42:36,763 : INFO : EventManager : Event: ======'mode_hc_lock_lit_will_start'====== Args={'player': 1, 'ball': 1, 'balls_remaining': 2, 'is_extra_ball': False}
2023-01-15 18:42:36,764 : INFO : EventManager : Event: ======'player_shot_lock_lit_1_enabled'====== Args={'value': True, 'prev_value': 0, 'change': 1, 'player_num': 1}
2023-01-15 18:42:36,764 : INFO : EventManager : Event: ======'player_shot_lock_lit_2_enabled'====== Args={'value': True, 'prev_value': 0, 'change': 1, 'player_num': 1}
2023-01-15 18:42:36,765 : INFO : EventManager : Event: ======'lock_lits_complete'====== Args={'state': 'unlit'}
2023-01-15 18:42:36,765 : INFO : EventManager : Event: ======'lock_lits_unlit_complete'====== Args={}
2023-01-15 18:42:36,766 : INFO : EventManager : Event: ======'mode_hc_lock_lit_starting'====== Args={'player': 1, 'ball': 1, 'balls_remaining': 2, 'is_extra_ball': False}
2023-01-15 18:42:36,767 : INFO : EventManager : Event: ======'mode_mode_lit_will_start'====== Args={'player': 1, 'ball': 1, 'balls_remaining': 2, 'is_extra_ball': False}
2023-01-15 18:42:36,767 : INFO : EventManager : Event: ======'achievement_mode_1_changed_state'====== Args={'restore': False, 'state': 'disabled', 'selected': False}
2023-01-15 18:42:36,767 : INFO : EventManager : Event: ======'achievement_mode_1_state_disabled'====== Args={'restore': False, 'state': 'disabled', 'selected': False}
2023-01-15 18:42:36,767 : INFO : EventManager : Event: ======'achievement_mode_2_changed_state'====== Args={'restore': False, 'state': 'disabled', 'selected': False}
2023-01-15 18:42:36,768 : INFO : EventManager : Event: ======'achievement_mode_2_state_disabled'====== Args={'restore': False, 'state': 'disabled', 'selected': False}
2023-01-15 18:42:36,768 : INFO : EventManager : Event: ======'achievement_mode_3_changed_state'====== Args={'restore': False, 'state': 'disabled', 'selected': False}
2023-01-15 18:42:36,768 : INFO : EventManager : Event: ======'achievement_mode_3_state_disabled'====== Args={'restore': False, 'state': 'disabled', 'selected': False}
2023-01-15 18:42:36,768 : INFO : EventManager : Event: ======'achievement_mode_4_changed_state'====== Args={'restore': False, 'state': 'disabled', 'selected': False}
2023-01-15 18:42:36,769 : INFO : EventManager : Event: ======'achievement_mode_4_state_disabled'====== Args={'restore': False, 'state': 'disabled', 'selected': False}
2023-01-15 18:42:36,769 : INFO : EventManager : Event: ======'achievement_mode_5_changed_state'====== Args={'restore': False, 'state': 'disabled', 'selected': False}
2023-01-15 18:42:36,769 : INFO : EventManager : Event: ======'achievement_mode_5_state_disabled'====== Args={'restore': False, 'state': 'disabled', 'selected': False}
2023-01-15 18:42:36,770 : INFO : EventManager : Event: ======'achievement_mode_6_changed_state'====== Args={'restore': False, 'state': 'disabled', 'selected': False}
2023-01-15 18:42:36,770 : INFO : EventManager : Event: ======'achievement_mode_6_state_disabled'====== Args={'restore': False, 'state': 'disabled', 'selected': False}
2023-01-15 18:42:36,770 : INFO : EventManager : Event: ======'achievement_mode_7_changed_state'====== Args={'restore': False, 'state': 'disabled', 'selected': False}
2023-01-15 18:42:36,770 : INFO : EventManager : Event: ======'achievement_mode_7_state_disabled'====== Args={'restore': False, 'state': 'disabled', 'selected': False}
2023-01-15 18:42:36,771 : INFO : EventManager : Event: ======'achievement_mode_8_changed_state'====== Args={'restore': False, 'state': 'disabled', 'selected': False}
2023-01-15 18:42:36,771 : INFO : EventManager : Event: ======'achievement_mode_8_state_disabled'====== Args={'restore': False, 'state': 'disabled', 'selected': False}
2023-01-15 18:42:36,771 : INFO : EventManager : Event: ======'achievement_mode_9_changed_state'====== Args={'restore': False, 'state': 'disabled', 'selected': False}
2023-01-15 18:42:36,772 : INFO : EventManager : Event: ======'achievement_mode_9_state_disabled'====== Args={'restore': False, 'state': 'disabled', 'selected': False}
2023-01-15 18:42:36,772 : INFO : EventManager : Event: ======'achievement_mode_10_changed_state'====== Args={'restore': False, 'state': 'disabled', 'selected': False}
2023-01-15 18:42:36,772 : INFO : EventManager : Event: ======'achievement_mode_10_state_disabled'====== Args={'restore': False, 'state': 'disabled', 'selected': False}
2023-01-15 18:42:36,776 : INFO : EventManager : Event: ======'mode_mode_lit_starting'====== Args={'player': 1, 'ball': 1, 'balls_remaining': 2, 'is_extra_ball': False}
2023-01-15 18:42:36,776 : INFO : EventManager : Event: ======'mode_battle_manager_will_start'====== Args={'player': 1, 'ball': 1, 'balls_remaining': 2, 'is_extra_ball': False}
2023-01-15 18:42:36,778 : INFO : EventManager : Event: ======'mode_battle_manager_starting'====== Args={'player': 1, 'ball': 1, 'balls_remaining': 2, 'is_extra_ball': False}
2023-01-15 18:42:36,778 : INFO : EventManager : Event: ======'mode_drednaught_will_start'====== Args={'player': 1, 'ball': 1, 'balls_remaining': 2, 'is_extra_ball': False}
2023-01-15 18:42:36,779 : INFO : EventManager : Event: ======'mode_drednaught_starting'====== Args={'player': 1, 'ball': 1, 'balls_remaining': 2, 'is_extra_ball': False}
2023-01-15 18:42:36,779 : INFO : EventManager : Event: ======'mode_container_will_start'====== Args={'player': 1, 'ball': 1, 'balls_remaining': 2, 'is_extra_ball': False}
2023-01-15 18:42:36,779 : INFO : EventManager : Event: ======'player_shot_lane_A_enabled'====== Args={'value': True, 'prev_value': 0, 'change': 1, 'player_num': 1}
2023-01-15 18:42:36,780 : INFO : EventManager : Event: ======'player_shot_lane_B_enabled'====== Args={'value': True, 'prev_value': 0, 'change': 1, 'player_num': 1}
2023-01-15 18:42:36,780 : INFO : EventManager : Event: ======'player_shot_lane_C_enabled'====== Args={'value': True, 'prev_value': 0, 'change': 1, 'player_num': 1}
2023-01-15 18:42:36,781 : INFO : EventManager : Event: ======'player_shot_lane_D_enabled'====== Args={'value': True, 'prev_value': 0, 'change': 1, 'player_num': 1}
2023-01-15 18:42:36,781 : INFO : EventManager : Event: ======'player_shot_lane_E_enabled'====== Args={'value': True, 'prev_value': 0, 'change': 1, 'player_num': 1}
2023-01-15 18:42:36,782 : INFO : EventManager : Event: ======'container_lanes_complete'====== Args={'state': 'unlit'}
2023-01-15 18:42:36,782 : INFO : EventManager : Event: ======'container_lanes_unlit_complete'====== Args={}
2023-01-15 18:42:36,783 : INFO : EventManager : Unordered handler for class ConfigPlayer.event_player/events on event slide_container_ball_text_removed with priority 100. Handlers: [RegisteredHandler(callback=<bound method ConfigPlayer.config_play_callback of ConfigPlayer.event_player/events>, priority=100, kwargs={'calling_context': 'slide_container_ball_text_removed', 'mode': <Mode.port_hole_manager>, 'settings': {'port_check_phase_3_finished': {'priority': 0}}}, key=UUID('66fc65f4-6b8e-4bda-a750-de37048c2c1f'), condition=None, blocking_facility=None), RegisteredHandler(callback=<bound method ConfigPlayer.config_play_callback of ConfigPlayer.event_player/events>, priority=100, kwargs={'calling_context': 'slide_container_ball_text_removed', 'mode': <Mode.container>, 'settings': {'container_slide_end': {'priority': 0}}}, key=UUID('6426ebed-f5b6-4c03-b8fd-95813200ca2b'), condition=None, blocking_facility=None)]. The order of those handlers is not defined and they will be executed in random order. This might lead to race conditions and potential bugs.
2023-01-15 18:42:36,784 : INFO : EventManager : Event: ======'mode_container_starting'====== Args={'player': 1, 'ball': 1, 'balls_remaining': 2, 'is_extra_ball': False}
2023-01-15 18:42:36,784 : INFO : EventManager : Event: ======'mode_bomb_will_start'====== Args={'player': 1, 'ball': 1, 'balls_remaining': 2, 'is_extra_ball': False}
2023-01-15 18:42:36,784 : INFO : EventManager : Event: ======'bomb_2_started'====== Args={}
2023-01-15 18:42:36,786 : INFO : EventManager : Event: ======'mode_bomb_starting'====== Args={'player': 1, 'ball': 1, 'balls_remaining': 2, 'is_extra_ball': False}
2023-01-15 18:42:36,786 : INFO : EventManager : Event: ======'mode_salvo_lit_will_start'====== Args={'player': 1, 'ball': 1, 'balls_remaining': 2, 'is_extra_ball': False}
2023-01-15 18:42:36,786 : INFO : EventManager : Event: ======'player_shot_ricochet_1_enabled'====== Args={'value': True, 'prev_value': 0, 'change': 1, 'player_num': 1}
2023-01-15 18:42:36,787 : INFO : EventManager : Event: ======'player_shot_ricochet_2_enabled'====== Args={'value': True, 'prev_value': 0, 'change': 1, 'player_num': 1}
2023-01-15 18:42:36,787 : INFO : EventManager : Event: ======'player_shot_ricochet_3_enabled'====== Args={'value': True, 'prev_value': 0, 'change': 1, 'player_num': 1}
2023-01-15 18:42:36,788 : INFO : EventManager : Event: ======'player_shot_ricochet_4_enabled'====== Args={'value': True, 'prev_value': 0, 'change': 1, 'player_num': 1}
2023-01-15 18:42:36,789 : INFO : EventManager : Event: ======'ricochet_targets_complete'====== Args={'state': 'unlit'}
2023-01-15 18:42:36,789 : INFO : EventManager : Event: ======'ricochet_targets_unlit_complete'====== Args={}
2023-01-15 18:42:36,790 : INFO : EventManager : Event: ======'mode_salvo_lit_starting'====== Args={'player': 1, 'ball': 1, 'balls_remaining': 2, 'is_extra_ball': False}
2023-01-15 18:42:36,790 : INFO : EventManager : Event: ======'mode_commander_skill_manager_will_start'====== Args={'player': 1, 'ball': 1, 'balls_remaining': 2, 'is_extra_ball': False}
2023-01-15 18:42:36,792 : INFO : EventManager : Event: ======'mode_commander_skill_manager_starting'====== Args={'player': 1, 'ball': 1, 'balls_remaining': 2, 'is_extra_ball': False}
2023-01-15 18:42:36,793 : INFO : EventManager : Event: ======'player_DMGValue'====== Args={'value': 120000000, 'prev_value': 10000000, 'change': 110000000, 'player_num': 1}
2023-01-15 18:42:36,793 : INFO : EventManager : Event: ======'player_JetValue'====== Args={'value': 500000, 'prev_value': 5000000, 'change': -4500000, 'player_num': 1}
2023-01-15 18:42:36,793 : INFO : EventManager : Event: ======'player_BonusX'====== Args={'value': 1, 'prev_value': 0, 'change': 1, 'player_num': 1}
2023-01-15 18:42:36,794 : INFO : EventManager : Event: ======'ball_save_main_ball_save_enabled'====== Args={}
2023-01-15 18:42:36,795 : INFO : state_machine.hc_multiball : Transitioning from lock_lit_state to lock_lit_state
2023-01-15 18:42:36,795 : INFO : EventManager : Event: ======'lock_lit_stopped'====== Args={}
2023-01-15 18:42:36,795 : INFO : EventManager : Event: ======'lock_lit_started'====== Args={}
2023-01-15 18:42:36,796 : INFO : EventManager : Event: ======'player_shot_lock_lit_1_enabled'====== Args={'value': False, 'prev_value': True, 'change': -1, 'player_num': 1}
2023-01-15 18:42:36,797 : INFO : EventManager : Event: ======'player_shot_lock_lit_2_enabled'====== Args={'value': False, 'prev_value': True, 'change': -1, 'player_num': 1}
2023-01-15 18:42:36,797 : INFO : EventManager : Event: ======'player_shot_lock_lit_1_enabled'====== Args={'value': True, 'prev_value': False, 'change': 1, 'player_num': 1}
2023-01-15 18:42:36,798 : INFO : EventManager : Event: ======'player_shot_lock_lit_2_enabled'====== Args={'value': True, 'prev_value': False, 'change': 1, 'player_num': 1}
2023-01-15 18:42:36,798 : INFO : EventManager : Event: ======'player_bonusX_progress_number'====== Args={'value': 2, 'prev_value': 0, 'change': 2, 'player_num': 1}
2023-01-15 18:42:36,799 : INFO : EventManager : Event: ======'player_bomb_progress_number'====== Args={'value': 3, 'prev_value': 0, 'change': 3, 'player_num': 1}
2023-01-15 18:42:36,799 : INFO : Mode.commander_skill_manager : Started. Priority: 100
2023-01-15 18:42:36,799 : INFO : EventManager : Event: ======'modes_active_modes_changed'====== Args={}
2023-01-15 18:42:36,799 : INFO : EventManager : Event: ======'mode_commander_skill_manager_started'====== Args={'player': 1, 'ball': 1, 'balls_remaining': 2, 'is_extra_ball': False}
2023-01-15 18:42:36,800 : INFO : Mode.salvo_lit : Started. Priority: 100
2023-01-15 18:42:36,800 : INFO : EventManager : Event: ======'modes_active_modes_changed'====== Args={}
2023-01-15 18:42:36,800 : INFO : EventManager : Event: ======'mode_salvo_lit_started'====== Args={'player': 1, 'ball': 1, 'balls_remaining': 2, 'is_extra_ball': False}
2023-01-15 18:42:36,800 : INFO : Mode.bomb : Started. Priority: 100
2023-01-15 18:42:36,800 : INFO : EventManager : Event: ======'modes_active_modes_changed'====== Args={}
2023-01-15 18:42:36,801 : INFO : EventManager : Event: ======'mode_bomb_started'====== Args={'player': 1, 'ball': 1, 'balls_remaining': 2, 'is_extra_ball': False}
2023-01-15 18:42:36,801 : INFO : Mode.container : Started. Priority: 100
2023-01-15 18:42:36,801 : INFO : EventManager : Event: ======'modes_active_modes_changed'====== Args={}
2023-01-15 18:42:36,801 : INFO : EventManager : Event: ======'mode_container_started'====== Args={'player': 1, 'ball': 1, 'balls_remaining': 2, 'is_extra_ball': False}
2023-01-15 18:42:36,802 : INFO : Mode.drednaught : Started. Priority: 100
2023-01-15 18:42:36,802 : INFO : EventManager : Event: ======'modes_active_modes_changed'====== Args={}
2023-01-15 18:42:36,802 : INFO : EventManager : Event: ======'mode_drednaught_started'====== Args={'player': 1, 'ball': 1, 'balls_remaining': 2, 'is_extra_ball': False}
2023-01-15 18:42:36,802 : INFO : EventManager : Event: ======'player_take_dmg_score'====== Args={'value': 18000000, 'prev_value': 0, 'change': 18000000, 'player_num': 1}
2023-01-15 18:42:36,803 : INFO : EventManager : Event: ======'player_ReceivedDMGshow'====== Args={'value': 0, 'prev_value': 0, 'change': 0, 'player_num': 1}
2023-01-15 18:42:36,803 : INFO : Mode.mode_lit : Started. Priority: 100
2023-01-15 18:42:36,803 : INFO : EventManager : Event: ======'modes_active_modes_changed'====== Args={}
2023-01-15 18:42:36,803 : INFO : EventManager : Event: ======'mode_mode_lit_started'====== Args={'player': 1, 'ball': 1, 'balls_remaining': 2, 'is_extra_ball': False}
2023-01-15 18:42:36,804 : INFO : EventManager : Event: ======'achievement_mode_1_changed_state'====== Args={'restore': False, 'state': 'enabled', 'selected': False}
2023-01-15 18:42:36,804 : INFO : EventManager : Event: ======'achievement_mode_1_state_enabled'====== Args={'restore': False, 'state': 'enabled', 'selected': False}
2023-01-15 18:42:36,805 : INFO : EventManager : Event: ======'achievement_mode_2_changed_state'====== Args={'restore': False, 'state': 'enabled', 'selected': False}
2023-01-15 18:42:36,805 : INFO : EventManager : Event: ======'achievement_mode_2_state_enabled'====== Args={'restore': False, 'state': 'enabled', 'selected': False}
2023-01-15 18:42:36,805 : INFO : EventManager : Event: ======'achievement_mode_3_changed_state'====== Args={'restore': False, 'state': 'enabled', 'selected': False}
2023-01-15 18:42:36,805 : INFO : EventManager : Event: ======'achievement_mode_3_state_enabled'====== Args={'restore': False, 'state': 'enabled', 'selected': False}
2023-01-15 18:42:36,806 : INFO : EventManager : Event: ======'achievement_mode_4_changed_state'====== Args={'restore': False, 'state': 'enabled', 'selected': False}
2023-01-15 18:42:36,806 : INFO : EventManager : Event: ======'achievement_mode_4_state_enabled'====== Args={'restore': False, 'state': 'enabled', 'selected': False}
2023-01-15 18:42:36,806 : INFO : EventManager : Event: ======'achievement_mode_5_changed_state'====== Args={'restore': False, 'state': 'enabled', 'selected': False}
2023-01-15 18:42:36,806 : INFO : EventManager : Event: ======'achievement_mode_5_state_enabled'====== Args={'restore': False, 'state': 'enabled', 'selected': False}
2023-01-15 18:42:36,806 : INFO : EventManager : Event: ======'achievement_mode_6_changed_state'====== Args={'restore': False, 'state': 'enabled', 'selected': False}
2023-01-15 18:42:36,807 : INFO : EventManager : Event: ======'achievement_mode_6_state_enabled'====== Args={'restore': False, 'state': 'enabled', 'selected': False}
2023-01-15 18:42:36,807 : INFO : EventManager : Event: ======'achievement_mode_7_changed_state'====== Args={'restore': False, 'state': 'enabled', 'selected': False}
2023-01-15 18:42:36,807 : INFO : EventManager : Event: ======'achievement_mode_7_state_enabled'====== Args={'restore': False, 'state': 'enabled', 'selected': False}
2023-01-15 18:42:36,807 : INFO : EventManager : Event: ======'achievement_mode_8_changed_state'====== Args={'restore': False, 'state': 'enabled', 'selected': False}
2023-01-15 18:42:36,808 : INFO : EventManager : Event: ======'achievement_mode_8_state_enabled'====== Args={'restore': False, 'state': 'enabled', 'selected': False}
2023-01-15 18:42:36,808 : INFO : EventManager : Event: ======'achievement_mode_9_changed_state'====== Args={'restore': False, 'state': 'enabled', 'selected': False}
2023-01-15 18:42:36,808 : INFO : EventManager : Event: ======'achievement_mode_9_state_enabled'====== Args={'restore': False, 'state': 'enabled', 'selected': False}
2023-01-15 18:42:36,808 : INFO : EventManager : Event: ======'achievement_mode_10_changed_state'====== Args={'restore': False, 'state': 'enabled', 'selected': False}
2023-01-15 18:42:36,809 : INFO : EventManager : Event: ======'achievement_mode_10_state_enabled'====== Args={'restore': False, 'state': 'enabled', 'selected': False}
2023-01-15 18:42:36,809 : INFO : EventManager : Event: ======'achievement_mode_8_changed_state'====== Args={'restore': False, 'state': 'enabled', 'selected': True}
2023-01-15 18:42:36,809 : INFO : EventManager : Event: ======'achievement_mode_8_state_enabled'====== Args={'restore': False, 'state': 'enabled', 'selected': True}
2023-01-15 18:42:36,810 : INFO : EventManager : Event: ======'achievement_mode_8_state_selected'====== Args={'restore': False, 'state': 'enabled', 'selected': True}
2023-01-15 18:42:36,810 : INFO : Mode.hc_lock_lit : Started. Priority: 100
2023-01-15 18:42:36,810 : INFO : EventManager : Event: ======'modes_active_modes_changed'====== Args={}
2023-01-15 18:42:36,811 : INFO : EventManager : Event: ======'mode_hc_lock_lit_started'====== Args={'player': 1, 'ball': 1, 'balls_remaining': 2, 'is_extra_ball': False}
2023-01-15 18:42:36,811 : INFO : Mode.detonation : Started. Priority: 100
2023-01-15 18:42:36,811 : INFO : EventManager : Event: ======'modes_active_modes_changed'====== Args={}
2023-01-15 18:42:36,811 : INFO : EventManager : Event: ======'mode_detonation_started'====== Args={'player': 1, 'ball': 1, 'balls_remaining': 2, 'is_extra_ball': False}
2023-01-15 18:42:36,812 : INFO : Mode.mode_timer : Started. Priority: 100
2023-01-15 18:42:36,812 : INFO : EventManager : Event: ======'modes_active_modes_changed'====== Args={}
2023-01-15 18:42:36,812 : INFO : EventManager : Event: ======'mode_mode_timer_started'====== Args={'player': 1, 'ball': 1, 'balls_remaining': 2, 'is_extra_ball': False}
2023-01-15 18:42:36,812 : INFO : Mode.skill_shot : Started. Priority: 150
2023-01-15 18:42:36,812 : INFO : EventManager : Event: ======'modes_active_modes_changed'====== Args={}
2023-01-15 18:42:36,813 : INFO : EventManager : Event: ======'mode_skill_shot_started'====== Args={'player': 1, 'ball': 1, 'balls_remaining': 2, 'is_extra_ball': False}
2023-01-15 18:42:36,813 : INFO : EventManager : Event: ======'achievement_skillshot_1_changed_state'====== Args={'restore': False, 'state': 'enabled', 'selected': True}
2023-01-15 18:42:36,814 : INFO : EventManager : Event: ======'achievement_skillshot_1_state_enabled'====== Args={'restore': False, 'state': 'enabled', 'selected': True}
2023-01-15 18:42:36,814 : INFO : EventManager : Event: ======'skillshot_1_selected'====== Args={'restore': False, 'state': 'enabled', 'selected': True}
2023-01-15 18:42:36,814 : INFO : EventManager : Event: ======'achievement_skillshot_2_changed_state'====== Args={'restore': False, 'state': 'enabled', 'selected': False}
2023-01-15 18:42:36,814 : INFO : EventManager : Event: ======'achievement_skillshot_2_state_enabled'====== Args={'restore': False, 'state': 'enabled', 'selected': False}
2023-01-15 18:42:36,815 : INFO : EventManager : Event: ======'achievement_skillshot_3_changed_state'====== Args={'restore': False, 'state': 'enabled', 'selected': False}
2023-01-15 18:42:36,815 : INFO : EventManager : Event: ======'achievement_skillshot_3_state_enabled'====== Args={'restore': False, 'state': 'enabled', 'selected': False}
2023-01-15 18:42:36,815 : INFO : EventManager : Event: ======'achievement_skillshot_4_changed_state'====== Args={'restore': False, 'state': 'enabled', 'selected': False}
2023-01-15 18:42:36,815 : INFO : EventManager : Event: ======'achievement_skillshot_4_state_enabled'====== Args={'restore': False, 'state': 'enabled', 'selected': False}
2023-01-15 18:42:36,816 : INFO : EventManager : Event: ======'achievement_skillshot_5_changed_state'====== Args={'restore': False, 'state': 'enabled', 'selected': False}
2023-01-15 18:42:36,816 : INFO : EventManager : Event: ======'achievement_skillshot_5_state_enabled'====== Args={'restore': False, 'state': 'enabled', 'selected': False}
2023-01-15 18:42:36,816 : INFO : EventManager : Event: ======'achievement_skillshot_6_changed_state'====== Args={'restore': False, 'state': 'enabled', 'selected': False}
2023-01-15 18:42:36,816 : INFO : EventManager : Event: ======'achievement_skillshot_6_state_enabled'====== Args={'restore': False, 'state': 'enabled', 'selected': False}
2023-01-15 18:42:36,817 : INFO : EventManager : Event: ======'achievement_skillshot_7_changed_state'====== Args={'restore': False, 'state': 'enabled', 'selected': False}
2023-01-15 18:42:36,817 : INFO : EventManager : Event: ======'achievement_skillshot_7_state_enabled'====== Args={'restore': False, 'state': 'enabled', 'selected': False}
2023-01-15 18:42:36,817 : INFO : EventManager : Event: ======'achievement_skillshot_8_changed_state'====== Args={'restore': False, 'state': 'enabled', 'selected': False}
2023-01-15 18:42:36,817 : INFO : EventManager : Event: ======'achievement_skillshot_8_state_enabled'====== Args={'restore': False, 'state': 'enabled', 'selected': False}
2023-01-15 18:42:36,864 : INFO : EventManager : Event: ======'logicblock_battle_counter_updated'====== Args={'value': 5, 'enabled': False}
2023-01-15 18:42:36,864 : INFO : Mode.battle_manager : Started. Priority: 100
2023-01-15 18:42:36,864 : INFO : EventManager : Event: ======'modes_active_modes_changed'====== Args={}
2023-01-15 18:42:36,864 : INFO : EventManager : Event: ======'mode_battle_manager_started'====== Args={'player': 1, 'ball': 1, 'balls_remaining': 2, 'is_extra_ball': False}
2023-01-15 18:42:36,865 : INFO : EventManager : Event: ======'player_battle_lit_score'====== Args={'value': 5, 'prev_value': 0, 'change': 5, 'player_num': 1}
2023-01-15 18:42:36,865 : INFO : EventManager : Event: ======'logicblock_battle_counter_updated'====== Args={'value': 5, 'enabled': True}
2023-01-15 18:42:36,866 : INFO : EventManager : Event: ======'single_player_ball_started'====== Args={}
2023-01-15 18:42:36,866 : INFO : EventManager : Event: ======'slide_prelaunch_slide_created'====== Args={'_from_bcp': True}
2023-01-15 18:42:36,880 : INFO : EventManager : Event: ======'slide_prelaunch_slide_active'====== Args={'_from_bcp': True}
2023-01-15 18:42:36,926 : INFO : ball_device.bd_plunger : Setting up player-controlled eject. Balls: 1, Target: <playfield.playfield>, player_controlled_eject_event: s_plunger_button_active
2023-01-15 18:42:36,926 : INFO : EventManager : Event: ======'balldevice_balls_available'====== Args={}
2023-01-15 18:42:36,927 : INFO : EventManager : Event: ======'slide_base_slide_created'====== Args={'_from_bcp': True}
2023-01-15 18:42:36,928 : INFO : ball_device.bd_trough : State: waiting_for_target_ready
2023-01-15 18:42:36,928 : INFO : EventManager : Event: ======'balldevice_bd_trough_ball_eject_attempt'====== Args={'balls': 1, 'target': <ball_device.bd_plunger>, 'source': <ball_device.bd_trough>, 'mechanical_eject': True, 'num_attempts': 0}
2023-01-15 18:42:36,928 : INFO : ball_device.bd_plunger : State: waiting_for_ball
2023-01-15 18:42:36,928 : INFO : ball_device.bd_trough : State: ejecting
2023-01-15 18:42:36,929 : INFO : ball_device.bd_trough : Ejecting ball to <ball_device.bd_plunger>
2023-01-15 18:42:36,929 : INFO : EventManager : Event: ======'balldevice_bd_trough_ejecting_ball'====== Args={'balls': 1, 'target': <ball_device.bd_plunger>, 'source': <ball_device.bd_trough>, 'mechanical_eject': True, 'num_attempts': 0}
2023-01-15 18:42:36,929 : INFO : ball_device.bd_trough : Wait for ball to leave device
2023-01-15 18:42:36,930 : INFO : coil.c_trough_eject : Pulsing Driver for 20ms (1.0 pulse_power)
2023-01-15 18:42:36,930 : INFO : SwitchController : <<<<<<< 's_trough1' inactive >>>>>>>
2023-01-15 18:42:36,942 : INFO : ball_device.bd_trough : State: ball_left
2023-01-15 18:42:36,942 : INFO : ball_device.bd_trough : Ball left
2023-01-15 18:42:36,942 : INFO : ball_device.bd_trough : Wait for confirm with timeout 10.0
2023-01-15 18:42:37,024 : INFO : SwitchController : <<<<<<< 's_plunger' active >>>>>>>
2023-01-15 18:42:37,024 : INFO : EventManager : Event: ======'machine_var_audits_switches_s_plunger'====== Args={'value': 4070, 'prev_value': 4069, 'change': 1}
2023-01-15 18:42:37,364 : INFO : ball_device.bd_plunger : Received ball from <ball_device.bd_trough>
2023-01-15 18:42:37,364 : INFO : EventManager : Event: ======'balldevice_bd_plunger_ball_enter'====== Args={'new_balls': 1, 'unclaimed_balls': 0, 'new_available_balls': 0, 'device': <ball_device.bd_plunger>}
2023-01-15 18:42:37,365 : INFO : EventManager : Event: ======'balldevice_bd_plunger_ball_entered'====== Args={'new_balls': 0, 'device': <ball_device.bd_plunger>}
2023-01-15 18:42:37,365 : INFO : EventManager : Event: ======'balldevice_bd_plunger_ball_count_changed'====== Args={'balls': 1}
2023-01-15 18:42:37,366 : INFO : ball_device.bd_trough : Got eject confirm
2023-01-15 18:42:37,366 : INFO : ball_device.bd_trough : Eject successful
2023-01-15 18:42:37,366 : INFO : EventManager : Event: ======'balldevice_bd_trough_ball_eject_success'====== Args={'balls': 1, 'target': <ball_device.bd_plunger>}
2023-01-15 18:42:37,366 : INFO : EventManager : Event: ======'balldevice_bd_trough_ball_count_changed'====== Args={'balls': 4}
2023-01-15 18:42:37,367 : INFO : ball_device.bd_trough : State: idle
2023-01-15 18:42:37,367 : INFO : ball_device.bd_plunger : State: waiting_for_target_ready
2023-01-15 18:42:37,367 : INFO : EventManager : Event: ======'balldevice_bd_plunger_ball_eject_attempt'====== Args={'balls': 1, 'target': <playfield.playfield>, 'source': <ball_device.bd_plunger>, 'mechanical_eject': True, 'num_attempts': 0}
2023-01-15 18:42:37,368 : INFO : ball_device.bd_plunger : State: ejecting
2023-01-15 18:42:37,368 : INFO : ball_device.bd_plunger : Ejecting ball to <playfield.playfield>
2023-01-15 18:42:37,368 : INFO : EventManager : Event: ======'balldevice_bd_plunger_ejecting_ball'====== Args={'balls': 1, 'target': <playfield.playfield>, 'source': <ball_device.bd_plunger>, 'mechanical_eject': True, 'num_attempts': 0}
2023-01-15 18:42:37,369 : INFO : ball_device.bd_plunger : Wait for ball to leave device
2023-01-15 18:42:38,450 : INFO : SwitchController : <<<<<<< 's_right_flipper' active >>>>>>>
2023-01-15 18:42:38,451 : INFO : EventManager : Event: ======'s_right_flipper_active'====== Args={}
2023-01-15 18:42:38,451 : INFO : EventManager : Event: ======'machine_var_audits_switches_s_right_flipper'====== Args={'value': 4192, 'prev_value': 4191, 'change': 1}
2023-01-15 18:42:38,452 : INFO : EventManager : Event: ======'achievement_skillshot_1_changed_state'====== Args={'restore': False, 'state': 'enabled', 'selected': False}
2023-01-15 18:42:38,461 : INFO : EventManager : Event: ======'achievement_skillshot_1_state_enabled'====== Args={'restore': False, 'state': 'enabled', 'selected': False}
2023-01-15 18:42:38,467 : INFO : EventManager : Event: ======'achievement_skillshot_2_changed_state'====== Args={'restore': False, 'state': 'enabled', 'selected': True}
2023-01-15 18:42:38,468 : INFO : EventManager : Event: ======'achievement_skillshot_2_state_enabled'====== Args={'restore': False, 'state': 'enabled', 'selected': True}
2023-01-15 18:42:38,468 : INFO : EventManager : Event: ======'skillshot_2_selected'====== Args={'restore': False, 'state': 'enabled', 'selected': True}
2023-01-15 18:42:38,468 : INFO : EventManager : Event: ======'achievement_mode_8_changed_state'====== Args={'restore': False, 'state': 'enabled', 'selected': False}
2023-01-15 18:42:38,468 : INFO : EventManager : Event: ======'achievement_mode_8_state_enabled'====== Args={'restore': False, 'state': 'enabled', 'selected': False}
2023-01-15 18:42:38,478 : INFO : EventManager : Event: ======'achievement_mode_9_changed_state'====== Args={'restore': False, 'state': 'enabled', 'selected': True}
2023-01-15 18:42:38,479 : INFO : EventManager : Event: ======'achievement_mode_9_state_enabled'====== Args={'restore': False, 'state': 'enabled', 'selected': True}
2023-01-15 18:42:38,479 : INFO : EventManager : Event: ======'achievement_mode_9_state_selected'====== Args={'restore': False, 'state': 'enabled', 'selected': True}
2023-01-15 18:42:38,479 : INFO : state_machine.mode_memory_state_machine : Transitioning from left to right
2023-01-15 18:42:41,445 : INFO : EventManager : Event: ======'flipper_cradle'====== Args={}
2023-01-15 18:42:41,459 : INFO : EventManager : Event: ======'slide_status_report_tilte_created'====== Args={'_from_bcp': True}
2023-01-15 18:42:41,461 : INFO : EventManager : Event: ======'slide_status_report_tilte_active'====== Args={'_from_bcp': True}
2023-01-15 18:42:42,457 : INFO : EventManager : Event: ======'slide_status_report_tilte_removed'====== Args={'_from_bcp': True}
2023-01-15 18:42:42,459 : INFO : EventManager : Event: ======'slide_status_report_tilte_created'====== Args={'_from_bcp': True}
2023-01-15 18:42:42,460 : INFO : EventManager : Event: ======'slide_status_report_tilte_active'====== Args={'_from_bcp': True}
2023-01-15 18:42:43,479 : INFO : EventManager : Event: ======'slide_status_report_tilte_removed'====== Args={'_from_bcp': True}
2023-01-15 18:42:43,479 : INFO : EventManager : Event: ======'slide_status_report_tilte_created'====== Args={'_from_bcp': True}
2023-01-15 18:42:43,480 : INFO : EventManager : Event: ======'slide_status_report_tilte_active'====== Args={'_from_bcp': True}
2023-01-15 18:42:44,475 : INFO : EventManager : Event: ======'slide_status_report_tilte_removed'====== Args={'_from_bcp': True}
2023-01-15 18:42:44,476 : INFO : EventManager : Event: ======'slide_status_report_tilte_created'====== Args={'_from_bcp': True}
2023-01-15 18:42:44,479 : INFO : EventManager : Event: ======'slide_status_report_tilte_active'====== Args={'_from_bcp': True}
2023-01-15 18:42:45,473 : INFO : EventManager : Event: ======'slide_status_report_tilte_removed'====== Args={'_from_bcp': True}
2023-01-15 18:42:45,475 : INFO : EventManager : Event: ======'slide_status_report_tilte_created'====== Args={'_from_bcp': True}
2023-01-15 18:42:45,477 : INFO : EventManager : Event: ======'slide_status_report_tilte_active'====== Args={'_from_bcp': True}
2023-01-15 18:42:46,484 : INFO : EventManager : Event: ======'slide_status_report_tilte_removed'====== Args={'_from_bcp': True}
2023-01-15 18:42:46,484 : INFO : EventManager : Event: ======'slide_status_report_tilte_created'====== Args={'_from_bcp': True}
2023-01-15 18:42:46,485 : INFO : EventManager : Event: ======'slide_status_report_tilte_active'====== Args={'_from_bcp': True}
2023-01-15 18:42:47,461 : INFO : EventManager : Event: ======'slide_status_report_tilte_removed'====== Args={'_from_bcp': True}
2023-01-15 18:42:47,462 : INFO : EventManager : Event: ======'slide_status_report_tilte_created'====== Args={'_from_bcp': True}
2023-01-15 18:42:47,462 : INFO : EventManager : Event: ======'slide_status_report_tilte_active'====== Args={'_from_bcp': True}
2023-01-15 18:42:48,475 : INFO : EventManager : Event: ======'slide_status_report_tilte_removed'====== Args={'_from_bcp': True}
2023-01-15 18:42:48,478 : INFO : EventManager : Event: ======'slide_status_report_tilte_created'====== Args={'_from_bcp': True}
2023-01-15 18:42:48,480 : INFO : EventManager : Event: ======'slide_status_report_tilte_active'====== Args={'_from_bcp': True}
2023-01-15 18:42:49,479 : INFO : EventManager : Event: ======'slide_status_report_tilte_removed'====== Args={'_from_bcp': True}
2023-01-15 18:42:49,479 : INFO : EventManager : Event: ======'slide_status_report_tilte_created'====== Args={'_from_bcp': True}
2023-01-15 18:42:49,480 : INFO : EventManager : Event: ======'slide_status_report_tilte_active'====== Args={'_from_bcp': True}
2023-01-15 18:42:50,490 : INFO : EventManager : Event: ======'slide_status_report_tilte_removed'====== Args={'_from_bcp': True}
2023-01-15 18:42:50,493 : INFO : EventManager : Event: ======'slide_status_report_tilte_created'====== Args={'_from_bcp': True}
2023-01-15 18:42:50,495 : INFO : EventManager : Event: ======'slide_status_report_tilte_active'====== Args={'_from_bcp': True}
2023-01-15 18:42:51,462 : INFO : EventManager : Event: ======'slide_status_report_tilte_removed'====== Args={'_from_bcp': True}
2023-01-15 18:42:51,462 : INFO : EventManager : Event: ======'slide_status_report_tilte_created'====== Args={'_from_bcp': True}
2023-01-15 18:42:51,463 : INFO : EventManager : Event: ======'slide_status_report_tilte_active'====== Args={'_from_bcp': True}
2023-01-15 18:42:52,476 : INFO : EventManager : Event: ======'slide_status_report_tilte_removed'====== Args={'_from_bcp': True}
2023-01-15 18:42:52,559 : INFO : EventManager : Event: ======'slide_status_report_tilte_created'====== Args={'_from_bcp': True}
2023-01-15 18:42:52,562 : INFO : EventManager : Event: ======'slide_status_report_tilte_active'====== Args={'_from_bcp': True}
2023-01-15 18:42:53,474 : INFO : EventManager : Event: ======'slide_status_report_tilte_removed'====== Args={'_from_bcp': True}
2023-01-15 18:42:53,477 : INFO : EventManager : Event: ======'slide_status_report_tilte_created'====== Args={'_from_bcp': True}
2023-01-15 18:42:53,479 : INFO : EventManager : Event: ======'slide_status_report_tilte_active'====== Args={'_from_bcp': True}
2023-01-15 18:42:54,476 : INFO : EventManager : Event: ======'slide_status_report_tilte_removed'====== Args={'_from_bcp': True}
2023-01-15 18:42:54,478 : INFO : EventManager : Event: ======'slide_status_report_tilte_created'====== Args={'_from_bcp': True}
2023-01-15 18:42:54,480 : INFO : EventManager : Event: ======'slide_status_report_tilte_active'====== Args={'_from_bcp': True}
2023-01-15 18:42:55,478 : INFO : EventManager : Event: ======'slide_status_report_tilte_removed'====== Args={'_from_bcp': True}
2023-01-15 18:42:55,479 : INFO : EventManager : Event: ======'slide_status_report_tilte_created'====== Args={'_from_bcp': True}
2023-01-15 18:42:55,481 : INFO : EventManager : Event: ======'slide_status_report_tilte_active'====== Args={'_from_bcp': True}
2023-01-15 18:42:56,492 : INFO : EventManager : Event: ======'slide_status_report_tilte_removed'====== Args={'_from_bcp': True}
2023-01-15 18:42:56,493 : INFO : EventManager : Event: ======'slide_status_report_tilte_created'====== Args={'_from_bcp': True}
2023-01-15 18:42:56,495 : INFO : EventManager : Event: ======'slide_status_report_tilte_active'====== Args={'_from_bcp': True}
2023-01-15 18:42:57,457 : INFO : EventManager : Event: ======'slide_status_report_tilte_removed'====== Args={'_from_bcp': True}
2023-01-15 18:42:57,460 : INFO : EventManager : Event: ======'slide_status_report_tilte_created'====== Args={'_from_bcp': True}
2023-01-15 18:42:57,461 : INFO : EventManager : Event: ======'slide_status_report_tilte_active'====== Args={'_from_bcp': True}
2023-01-15 18:42:58,459 : INFO : EventManager : Event: ======'slide_status_report_tilte_removed'====== Args={'_from_bcp': True}
2023-01-15 18:42:58,460 : INFO : EventManager : Event: ======'slide_status_report_tilte_created'====== Args={'_from_bcp': True}
2023-01-15 18:42:58,462 : INFO : EventManager : Event: ======'slide_status_report_tilte_active'====== Args={'_from_bcp': True}
2023-01-15 18:42:59,459 : INFO : EventManager : Event: ======'slide_status_report_tilte_removed'====== Args={'_from_bcp': True}
2023-01-15 18:42:59,460 : INFO : EventManager : Event: ======'slide_status_report_tilte_created'====== Args={'_from_bcp': True}
2023-01-15 18:42:59,461 : INFO : EventManager : Event: ======'slide_status_report_tilte_active'====== Args={'_from_bcp': True}
2023-01-15 18:43:00,477 : INFO : EventManager : Event: ======'slide_status_report_tilte_removed'====== Args={'_from_bcp': True}
2023-01-15 18:43:00,478 : INFO : EventManager : Event: ======'slide_status_report_tilte_created'====== Args={'_from_bcp': True}
2023-01-15 18:43:00,480 : INFO : EventManager : Event: ======'slide_status_report_tilte_active'====== Args={'_from_bcp': True}
2023-01-15 18:43:01,476 : INFO : EventManager : Event: ======'slide_status_report_tilte_removed'====== Args={'_from_bcp': True}
2023-01-15 18:43:01,477 : INFO : EventManager : Event: ======'slide_status_report_tilte_created'====== Args={'_from_bcp': True}
2023-01-15 18:43:01,479 : INFO : EventManager : Event: ======'slide_status_report_tilte_active'====== Args={'_from_bcp': True}
2023-01-15 18:43:02,527 : INFO : EventManager : Event: ======'slide_status_report_tilte_removed'====== Args={'_from_bcp': True}
2023-01-15 18:43:02,532 : INFO : EventManager : Event: ======'slide_status_report_tilte_created'====== Args={'_from_bcp': True}
2023-01-15 18:43:02,534 : INFO : EventManager : Event: ======'slide_status_report_tilte_active'====== Args={'_from_bcp': True}
2023-01-15 18:43:03,475 : INFO : EventManager : Event: ======'slide_status_report_tilte_removed'====== Args={'_from_bcp': True}
2023-01-15 18:43:03,477 : INFO : EventManager : Event: ======'slide_status_report_tilte_created'====== Args={'_from_bcp': True}
2023-01-15 18:43:03,478 : INFO : EventManager : Event: ======'slide_status_report_tilte_active'====== Args={'_from_bcp': True}
2023-01-15 18:43:04,460 : INFO : EventManager : Event: ======'slide_status_report_tilte_removed'====== Args={'_from_bcp': True}
2023-01-15 18:43:04,461 : INFO : EventManager : Event: ======'slide_status_report_tilte_created'====== Args={'_from_bcp': True}
2023-01-15 18:43:04,463 : INFO : EventManager : Event: ======'slide_status_report_tilte_active'====== Args={'_from_bcp': True}
2023-01-15 18:43:05,460 : INFO : EventManager : Event: ======'slide_status_report_tilte_removed'====== Args={'_from_bcp': True}
2023-01-15 18:43:05,460 : INFO : EventManager : Event: ======'slide_status_report_tilte_created'====== Args={'_from_bcp': True}
2023-01-15 18:43:05,462 : INFO : EventManager : Event: ======'slide_status_report_tilte_active'====== Args={'_from_bcp': True}
2023-01-15 18:43:06,459 : INFO : EventManager : Event: ======'slide_status_report_tilte_removed'====== Args={'_from_bcp': True}
2023-01-15 18:43:06,460 : INFO : EventManager : Event: ======'slide_status_report_tilte_created'====== Args={'_from_bcp': True}
2023-01-15 18:43:06,462 : INFO : EventManager : Event: ======'slide_status_report_tilte_active'====== Args={'_from_bcp': True}
2023-01-15 18:43:07,457 : INFO : EventManager : Event: ======'slide_status_report_tilte_removed'====== Args={'_from_bcp': True}
2023-01-15 18:43:07,460 : INFO : EventManager : Event: ======'slide_status_report_tilte_created'====== Args={'_from_bcp': True}
2023-01-15 18:43:07,462 : INFO : EventManager : Event: ======'slide_status_report_tilte_active'====== Args={'_from_bcp': True}
2023-01-15 18:43:08,479 : INFO : EventManager : Event: ======'slide_status_report_tilte_removed'====== Args={'_from_bcp': True}
2023-01-15 18:43:08,479 : INFO : EventManager : Event: ======'slide_status_report_tilte_created'====== Args={'_from_bcp': True}
2023-01-15 18:43:08,481 : INFO : EventManager : Event: ======'slide_status_report_tilte_active'====== Args={'_from_bcp': True}
2023-01-15 18:43:09,479 : INFO : EventManager : Event: ======'slide_status_report_tilte_removed'====== Args={'_from_bcp': True}
2023-01-15 18:43:09,479 : INFO : EventManager : Event: ======'slide_status_report_tilte_created'====== Args={'_from_bcp': True}
2023-01-15 18:43:09,481 : INFO : EventManager : Event: ======'slide_status_report_tilte_active'====== Args={'_from_bcp': True}
2023-01-15 18:43:10,475 : INFO : EventManager : Event: ======'slide_status_report_tilte_removed'====== Args={'_from_bcp': True}
2023-01-15 18:43:10,480 : INFO : EventManager : Event: ======'slide_status_report_tilte_created'====== Args={'_from_bcp': True}
2023-01-15 18:43:10,482 : INFO : EventManager : Event: ======'slide_status_report_tilte_active'====== Args={'_from_bcp': True}
2023-01-15 18:43:11,486 : INFO : EventManager : Event: ======'slide_status_report_tilte_removed'====== Args={'_from_bcp': True}
2023-01-15 18:43:11,486 : INFO : EventManager : Event: ======'slide_status_report_tilte_created'====== Args={'_from_bcp': True}
2023-01-15 18:43:11,486 : INFO : EventManager : Event: ======'slide_status_report_tilte_active'====== Args={'_from_bcp': True}
2023-01-15 18:43:12,460 : INFO : EventManager : Event: ======'slide_status_report_tilte_removed'====== Args={'_from_bcp': True}
2023-01-15 18:43:12,461 : INFO : EventManager : Event: ======'slide_status_report_tilte_created'====== Args={'_from_bcp': True}
2023-01-15 18:43:12,463 : INFO : EventManager : Event: ======'slide_status_report_tilte_active'====== Args={'_from_bcp': True}
2023-01-15 18:43:13,476 : INFO : EventManager : Event: ======'slide_status_report_tilte_removed'====== Args={'_from_bcp': True}
2023-01-15 18:43:13,492 : INFO : EventManager : Event: ======'slide_status_report_tilte_created'====== Args={'_from_bcp': True}
2023-01-15 18:43:13,494 : INFO : EventManager : Event: ======'slide_status_report_tilte_active'====== Args={'_from_bcp': True}
2023-01-15 18:43:14,475 : INFO : EventManager : Event: ======'slide_status_report_tilte_removed'====== Args={'_from_bcp': True}
2023-01-15 18:43:14,478 : INFO : EventManager : Event: ======'slide_status_report_tilte_created'====== Args={'_from_bcp': True}
2023-01-15 18:43:14,480 : INFO : EventManager : Event: ======'slide_status_report_tilte_active'====== Args={'_from_bcp': True}
2023-01-15 18:43:15,475 : INFO : EventManager : Event: ======'slide_status_report_tilte_removed'====== Args={'_from_bcp': True}
2023-01-15 18:43:15,478 : INFO : EventManager : Event: ======'slide_status_report_tilte_created'====== Args={'_from_bcp': True}
2023-01-15 18:43:15,480 : INFO : EventManager : Event: ======'slide_status_report_tilte_active'====== Args={'_from_bcp': True}
2023-01-15 18:43:16,459 : INFO : EventManager : Event: ======'slide_status_report_tilte_removed'====== Args={'_from_bcp': True}
2023-01-15 18:43:16,463 : INFO : EventManager : Event: ======'slide_status_report_tilte_created'====== Args={'_from_bcp': True}
2023-01-15 18:43:16,465 : INFO : EventManager : Event: ======'slide_status_report_tilte_active'====== Args={'_from_bcp': True}
2023-01-15 18:43:17,492 : INFO : EventManager : Event: ======'slide_status_report_tilte_removed'====== Args={'_from_bcp': True}
2023-01-15 18:43:17,530 : INFO : EventManager : Event: ======'slide_status_report_tilte_created'====== Args={'_from_bcp': True}
2023-01-15 18:43:17,533 : INFO : EventManager : Event: ======'slide_status_report_tilte_active'====== Args={'_from_bcp': True}
2023-01-15 18:43:18,493 : INFO : EventManager : Event: ======'slide_status_report_tilte_removed'====== Args={'_from_bcp': True}
2023-01-15 18:43:18,495 : INFO : EventManager : Event: ======'slide_status_report_tilte_created'====== Args={'_from_bcp': True}
2023-01-15 18:43:18,497 : INFO : EventManager : Event: ======'slide_status_report_tilte_active'====== Args={'_from_bcp': True}
2023-01-15 18:43:19,460 : INFO : EventManager : Event: ======'slide_status_report_tilte_removed'====== Args={'_from_bcp': True}
2023-01-15 18:43:19,463 : INFO : EventManager : Event: ======'slide_status_report_tilte_created'====== Args={'_from_bcp': True}
2023-01-15 18:43:19,466 : INFO : EventManager : Event: ======'slide_status_report_tilte_active'====== Args={'_from_bcp': True}
2023-01-15 18:43:20,476 : INFO : EventManager : Event: ======'slide_status_report_tilte_removed'====== Args={'_from_bcp': True}
2023-01-15 18:43:20,479 : INFO : EventManager : Event: ======'slide_status_report_tilte_created'====== Args={'_from_bcp': True}
2023-01-15 18:43:20,481 : INFO : EventManager : Event: ======'slide_status_report_tilte_active'====== Args={'_from_bcp': True}
2023-01-15 18:43:21,483 : INFO : EventManager : Event: ======'slide_status_report_tilte_removed'====== Args={'_from_bcp': True}
2023-01-15 18:43:21,483 : INFO : EventManager : Event: ======'slide_status_report_tilte_created'====== Args={'_from_bcp': True}
2023-01-15 18:43:21,483 : INFO : EventManager : Event: ======'slide_status_report_tilte_active'====== Args={'_from_bcp': True}
2023-01-15 18:43:22,476 : INFO : EventManager : Event: ======'slide_status_report_tilte_removed'====== Args={'_from_bcp': True}
2023-01-15 18:43:22,479 : INFO : EventManager : Event: ======'slide_status_report_tilte_created'====== Args={'_from_bcp': True}
2023-01-15 18:43:22,481 : INFO : EventManager : Event: ======'slide_status_report_tilte_active'====== Args={'_from_bcp': True}
2023-01-15 18:43:23,460 : INFO : Machine : Shutting down...
2023-01-15 18:43:23,460 : INFO : EventManager : Event: ======'shutdown'====== Args={}
2023-01-15 18:43:23,468 : INFO : root : MPF run loop ended.
