2023-01-01 18:11:58,146 : INFO : root : Loading config.
2023-01-01 18:11:58,651 : INFO : ConfigProcessor : Config spec file cache created: C:\Users\dell\AppData\Local\Temp\config_spec.mpf_cache
2023-01-01 18:11:58,651 : INFO : YamlMultifileConfigLoader : Machine config file #1: config.yaml
2023-01-01 18:11:58,652 : WARNING : ConfigProcessor : Cache file not found: C:\Users\dell\AppData\Local\Temp\823390186140f561069e51d67517f5d0.mpf_cache
2023-01-01 18:11:58,652 : INFO : ConfigProcessor : Loading config from file c:\users\dell\appdata\local\programs\python\python36\lib\site-packages\mpf\mpfconfig.yaml.
2023-01-01 18:11:58,725 : INFO : ConfigProcessor : Loading config: c:\users\dell\appdata\local\programs\python\python36\lib\site-packages\mpf\mpfconfig.yaml
2023-01-01 18:11:58,726 : INFO : ConfigProcessor : Loading config from file E:\MPF\wows\wows\config\config.yaml.
2023-01-01 18:11:59,199 : INFO : ConfigProcessor : Loading config: E:\MPF\wows\wows\config\config.yaml
2023-01-01 18:11:59,354 : INFO : ConfigProcessor : Loading config: E:\MPF\wows\wows\config\primary/config_else_virtual.yaml
2023-01-01 18:11:59,470 : INFO : ConfigProcessor : Loading config: E:\MPF\wows\wows\config\primary/config_hardware.yaml
2023-01-01 18:11:59,479 : INFO : ConfigProcessor : Loading config: E:\MPF\wows\wows\config\primary/config_keys.yaml
2023-01-01 18:11:59,690 : INFO : ConfigProcessor : Loading config: E:\MPF\wows\wows\config\primary/config_logic.yaml
2023-01-01 18:11:59,780 : INFO : ConfigProcessor : Loading config: E:\MPF\wows\wows\config\primary/config_modes.yaml
2023-01-01 18:11:59,826 : INFO : ConfigProcessor : Loading config: E:\MPF\wows\wows\config\primary/config_operator_settings.yaml
2023-01-01 18:11:59,857 : INFO : ConfigProcessor : Loading config: E:\MPF\wows\wows\config\primary/config_sound_music.yaml
2023-01-01 18:11:59,980 : INFO : ConfigProcessor : Loading config: E:\MPF\wows\wows\config\primary/config_values.yaml
2023-01-01 18:12:00,000 : INFO : ConfigProcessor : Loading config: E:\MPF\wows\wows\config\primary/config_virtual_hardware.yaml
2023-01-01 18:12:00,721 : INFO : ConfigProcessor : Loading config: E:\MPF\wows\wows\config\support/config_support_mode_end.yaml
2023-01-01 18:12:01,079 : INFO : ConfigProcessor : Loading config: E:\MPF\wows\wows\config\support/config_support_hc.yaml
2023-01-01 18:12:01,139 : INFO : ConfigProcessor : Loading config: E:\MPF\wows\wows\config\support/config_support_capture.yaml
2023-01-01 18:12:02,205 : INFO : ConfigProcessor : Loading config: E:\MPF\wows\wows\config\support/config_support_commander.yaml
2023-01-01 18:12:02,347 : INFO : ConfigProcessor : Loading config: E:\MPF\wows\wows\config\support/config_support_dmg_con.yaml
2023-01-01 18:12:02,365 : INFO : ConfigProcessor : Config file cache created: C:\Users\dell\AppData\Local\Temp\823390186140f561069e51d67517f5d0.mpf_cache
2023-01-01 18:12:02,542 : WARNING : ConfigProcessor : Cache file not found: C:\Users\dell\AppData\Local\Temp\59a64183768b31a5bf2b8a1c5fa05afc.mpf_cache
2023-01-01 18:12:02,542 : INFO : ConfigProcessor : Loading config from file c:\users\dell\appdata\local\programs\python\python36\lib\site-packages\mpf\modes\attract\config\attract.yaml.
2023-01-01 18:12:02,547 : INFO : ConfigProcessor : Loading config: c:\users\dell\appdata\local\programs\python\python36\lib\site-packages\mpf\modes\attract\config\attract.yaml
2023-01-01 18:12:02,547 : INFO : ConfigProcessor : Loading config from file E:\MPF\wows\wows\modes\attract\config\attract.yaml.
2023-01-01 18:12:02,553 : INFO : ConfigProcessor : Loading config: E:\MPF\wows\wows\modes\attract\config\attract.yaml
2023-01-01 18:12:02,553 : INFO : ConfigProcessor : Config file cache created: C:\Users\dell\AppData\Local\Temp\59a64183768b31a5bf2b8a1c5fa05afc.mpf_cache
2023-01-01 18:12:02,582 : WARNING : ConfigProcessor : Cache file not found: C:\Users\dell\AppData\Local\Temp\e4aaedaa0a5d6d283bdf8896bd678b71.mpf_cache
2023-01-01 18:12:02,582 : INFO : ConfigProcessor : Loading config from file c:\users\dell\appdata\local\programs\python\python36\lib\site-packages\mpf\modes\game\config\game.yaml.
2023-01-01 18:12:02,587 : INFO : ConfigProcessor : Loading config: c:\users\dell\appdata\local\programs\python\python36\lib\site-packages\mpf\modes\game\config\game.yaml
2023-01-01 18:12:02,587 : INFO : ConfigProcessor : Loading config from file E:\MPF\wows\wows\modes\game\config\game.yaml.
2023-01-01 18:12:02,657 : INFO : ConfigProcessor : Loading config: E:\MPF\wows\wows\modes\game\config\game.yaml
2023-01-01 18:12:02,658 : INFO : ConfigProcessor : Config file cache created: C:\Users\dell\AppData\Local\Temp\e4aaedaa0a5d6d283bdf8896bd678b71.mpf_cache
2023-01-01 18:12:02,658 : INFO : ConfigProcessor : Loading config from cache: C:\Users\dell\AppData\Local\Temp\59a64183768b31a5bf2b8a1c5fa05afc.mpf_cache
2023-01-01 18:12:02,725 : WARNING : ConfigProcessor : Cache file not found: C:\Users\dell\AppData\Local\Temp\d05889abdb32f5a85db64ac2e197f4ff.mpf_cache
2023-01-01 18:12:02,725 : INFO : ConfigProcessor : Loading config from file c:\users\dell\appdata\local\programs\python\python36\lib\site-packages\mpf\modes\high_score\config\high_score.yaml.
2023-01-01 18:12:02,741 : INFO : ConfigProcessor : Loading config: c:\users\dell\appdata\local\programs\python\python36\lib\site-packages\mpf\modes\high_score\config\high_score.yaml
2023-01-01 18:12:02,742 : INFO : ConfigProcessor : Loading config from file E:\MPF\wows\wows\modes\high_score\config\high_score.yaml.
2023-01-01 18:12:02,785 : INFO : ConfigProcessor : Loading config: E:\MPF\wows\wows\modes\high_score\config\high_score.yaml
2023-01-01 18:12:02,786 : INFO : ConfigProcessor : Config file cache created: C:\Users\dell\AppData\Local\Temp\d05889abdb32f5a85db64ac2e197f4ff.mpf_cache
2023-01-01 18:12:02,791 : WARNING : ConfigProcessor : Cache file not found: C:\Users\dell\AppData\Local\Temp\434c2e3a52e1507818428e1c584a9ae0.mpf_cache
2023-01-01 18:12:02,791 : INFO : ConfigProcessor : Loading config from file c:\users\dell\appdata\local\programs\python\python36\lib\site-packages\mpf\modes\match\config\match.yaml.
2023-01-01 18:12:02,797 : INFO : ConfigProcessor : Loading config: c:\users\dell\appdata\local\programs\python\python36\lib\site-packages\mpf\modes\match\config\match.yaml
2023-01-01 18:12:02,797 : INFO : ConfigProcessor : Loading config from file E:\MPF\wows\wows\modes\match\config\match.yaml.
2023-01-01 18:12:02,934 : INFO : ConfigProcessor : Loading config: E:\MPF\wows\wows\modes\match\config\match.yaml
2023-01-01 18:12:02,935 : INFO : ConfigProcessor : Config file cache created: C:\Users\dell\AppData\Local\Temp\434c2e3a52e1507818428e1c584a9ae0.mpf_cache
2023-01-01 18:12:02,947 : WARNING : ConfigProcessor : Cache file not found: C:\Users\dell\AppData\Local\Temp\c96ee90647ae5b034e2dd42c348c42ad.mpf_cache
2023-01-01 18:12:02,947 : INFO : ConfigProcessor : Loading config from file E:\MPF\wows\wows\modes\main_play\config\main_play.yaml.
2023-01-01 18:12:03,069 : INFO : ConfigProcessor : Loading config: E:\MPF\wows\wows\modes\main_play\config\main_play.yaml
2023-01-01 18:12:03,070 : INFO : ConfigProcessor : Config file cache created: C:\Users\dell\AppData\Local\Temp\c96ee90647ae5b034e2dd42c348c42ad.mpf_cache
2023-01-01 18:12:03,071 : WARNING : ConfigProcessor : Cache file not found: C:\Users\dell\AppData\Local\Temp\ca0415bb38fd20ce1ae72b2592ece46e.mpf_cache
2023-01-01 18:12:03,071 : INFO : ConfigProcessor : Loading config from file E:\MPF\wows\wows\modes\value_reset\config\value_reset.yaml.
2023-01-01 18:12:03,097 : INFO : ConfigProcessor : Loading config: E:\MPF\wows\wows\modes\value_reset\config\value_reset.yaml
2023-01-01 18:12:03,097 : INFO : ConfigProcessor : Config file cache created: C:\Users\dell\AppData\Local\Temp\ca0415bb38fd20ce1ae72b2592ece46e.mpf_cache
2023-01-01 18:12:03,164 : WARNING : ConfigProcessor : Cache file not found: C:\Users\dell\AppData\Local\Temp\72e9fea1cb562e40024eb5e8538ccaf2.mpf_cache
2023-01-01 18:12:03,164 : INFO : ConfigProcessor : Loading config from file E:\MPF\wows\wows\modes\mode_lit\config\mode_lit.yaml.
2023-01-01 18:12:03,257 : INFO : ConfigProcessor : Loading config: E:\MPF\wows\wows\modes\mode_lit\config\mode_lit.yaml
2023-01-01 18:12:03,258 : INFO : ConfigProcessor : Config file cache created: C:\Users\dell\AppData\Local\Temp\72e9fea1cb562e40024eb5e8538ccaf2.mpf_cache
2023-01-01 18:12:03,280 : WARNING : ConfigProcessor : Cache file not found: C:\Users\dell\AppData\Local\Temp\c22c03646c3330fed25ec0d2c1900176.mpf_cache
2023-01-01 18:12:03,280 : INFO : ConfigProcessor : Loading config from file E:\MPF\wows\wows\modes\capture\config\capture.yaml.
2023-01-01 18:12:03,458 : INFO : ConfigProcessor : Loading config: E:\MPF\wows\wows\modes\capture\config\capture.yaml
2023-01-01 18:12:03,460 : INFO : ConfigProcessor : Config file cache created: C:\Users\dell\AppData\Local\Temp\c22c03646c3330fed25ec0d2c1900176.mpf_cache
2023-01-01 18:12:03,484 : WARNING : ConfigProcessor : Cache file not found: C:\Users\dell\AppData\Local\Temp\4f40b51a2a6ab6b3327b174347355c6f.mpf_cache
2023-01-01 18:12:03,484 : INFO : ConfigProcessor : Loading config from file E:\MPF\wows\wows\modes\capture_hurryup\config\capture_hurryup.yaml.
2023-01-01 18:12:03,586 : INFO : ConfigProcessor : Loading config: E:\MPF\wows\wows\modes\capture_hurryup\config\capture_hurryup.yaml
2023-01-01 18:12:03,587 : INFO : ConfigProcessor : Config file cache created: C:\Users\dell\AppData\Local\Temp\4f40b51a2a6ab6b3327b174347355c6f.mpf_cache
2023-01-01 18:12:03,588 : WARNING : ConfigProcessor : Cache file not found: C:\Users\dell\AppData\Local\Temp\39fabcdae38f081491893b3f9bf3922e.mpf_cache
2023-01-01 18:12:03,588 : INFO : ConfigProcessor : Loading config from file E:\MPF\wows\wows\modes\capture_award\config\capture_award.yaml.
2023-01-01 18:12:03,658 : INFO : ConfigProcessor : Loading config: E:\MPF\wows\wows\modes\capture_award\config\capture_award.yaml
2023-01-01 18:12:03,659 : INFO : ConfigProcessor : Config file cache created: C:\Users\dell\AppData\Local\Temp\39fabcdae38f081491893b3f9bf3922e.mpf_cache
2023-01-01 18:12:03,660 : WARNING : ConfigProcessor : Cache file not found: C:\Users\dell\AppData\Local\Temp\f18cd76783971ff471759940af4bc5eb.mpf_cache
2023-01-01 18:12:03,660 : INFO : ConfigProcessor : Loading config from file E:\MPF\wows\wows\modes\skill_shot\config\skill_shot.yaml.
2023-01-01 18:12:03,752 : INFO : ConfigProcessor : Loading config: E:\MPF\wows\wows\modes\skill_shot\config\skill_shot.yaml
2023-01-01 18:12:03,753 : INFO : ConfigProcessor : Config file cache created: C:\Users\dell\AppData\Local\Temp\f18cd76783971ff471759940af4bc5eb.mpf_cache
2023-01-01 18:12:03,771 : WARNING : ConfigProcessor : Cache file not found: C:\Users\dell\AppData\Local\Temp\943ecf72a5798e3efec3d4f70c6ce1d2.mpf_cache
2023-01-01 18:12:03,771 : INFO : ConfigProcessor : Loading config from file E:\MPF\wows\wows\modes\commander_skill\config\commander_skill.yaml.
2023-01-01 18:12:04,140 : INFO : ConfigProcessor : Loading config: E:\MPF\wows\wows\modes\commander_skill\config\commander_skill.yaml
2023-01-01 18:12:04,143 : INFO : ConfigProcessor : Config file cache created: C:\Users\dell\AppData\Local\Temp\943ecf72a5798e3efec3d4f70c6ce1d2.mpf_cache
2023-01-01 18:12:04,175 : WARNING : ConfigProcessor : Cache file not found: C:\Users\dell\AppData\Local\Temp\04d9c03061fa17a1f6b23081f79db9ab.mpf_cache
2023-01-01 18:12:04,175 : INFO : ConfigProcessor : Loading config from file E:\MPF\wows\wows\modes\commander_skill_manager\config\commander_skill_manager.yaml.
2023-01-01 18:12:04,421 : INFO : ConfigProcessor : Loading config: E:\MPF\wows\wows\modes\commander_skill_manager\config\commander_skill_manager.yaml
2023-01-01 18:12:04,423 : INFO : ConfigProcessor : Config file cache created: C:\Users\dell\AppData\Local\Temp\04d9c03061fa17a1f6b23081f79db9ab.mpf_cache
2023-01-01 18:12:04,424 : WARNING : ConfigProcessor : Cache file not found: C:\Users\dell\AppData\Local\Temp\1ff29be1d22fb14fe5fd1c82a6918df4.mpf_cache
2023-01-01 18:12:04,424 : INFO : ConfigProcessor : Loading config from file E:\MPF\wows\wows\modes\mode_1\config\mode_1.yaml.
2023-01-01 18:12:04,455 : INFO : ConfigProcessor : Loading config: E:\MPF\wows\wows\modes\mode_1\config\mode_1.yaml
2023-01-01 18:12:04,456 : INFO : ConfigProcessor : Config file cache created: C:\Users\dell\AppData\Local\Temp\1ff29be1d22fb14fe5fd1c82a6918df4.mpf_cache
2023-01-01 18:12:04,479 : WARNING : ConfigProcessor : Cache file not found: C:\Users\dell\AppData\Local\Temp\f0ffd5ecaddfe34035bf3b1779215a88.mpf_cache
2023-01-01 18:12:04,479 : INFO : ConfigProcessor : Loading config from file E:\MPF\wows\wows\modes\mode_2\config\mode_2.yaml.
2023-01-01 18:12:04,532 : INFO : ConfigProcessor : Loading config: E:\MPF\wows\wows\modes\mode_2\config\mode_2.yaml
2023-01-01 18:12:04,533 : INFO : ConfigProcessor : Config file cache created: C:\Users\dell\AppData\Local\Temp\f0ffd5ecaddfe34035bf3b1779215a88.mpf_cache
2023-01-01 18:12:04,795 : WARNING : ConfigProcessor : Cache file not found: C:\Users\dell\AppData\Local\Temp\b0de444617e3bf30a07f755a6d4831cc.mpf_cache
2023-01-01 18:12:04,795 : INFO : ConfigProcessor : Loading config from file E:\MPF\wows\wows\modes\mode_3\config\mode_3.yaml.
2023-01-01 18:12:04,829 : INFO : ConfigProcessor : Loading config: E:\MPF\wows\wows\modes\mode_3\config\mode_3.yaml
2023-01-01 18:12:04,830 : INFO : ConfigProcessor : Config file cache created: C:\Users\dell\AppData\Local\Temp\b0de444617e3bf30a07f755a6d4831cc.mpf_cache
2023-01-01 18:12:04,830 : WARNING : ConfigProcessor : Cache file not found: C:\Users\dell\AppData\Local\Temp\200a9b2dddbe7706ffb4c4426b6d54a8.mpf_cache
2023-01-01 18:12:04,831 : INFO : ConfigProcessor : Loading config from file E:\MPF\wows\wows\modes\mode_4\config\mode_4.yaml.
2023-01-01 18:12:04,882 : INFO : ConfigProcessor : Loading config: E:\MPF\wows\wows\modes\mode_4\config\mode_4.yaml
2023-01-01 18:12:04,883 : INFO : ConfigProcessor : Config file cache created: C:\Users\dell\AppData\Local\Temp\200a9b2dddbe7706ffb4c4426b6d54a8.mpf_cache
2023-01-01 18:12:04,884 : WARNING : ConfigProcessor : Cache file not found: C:\Users\dell\AppData\Local\Temp\5ab98d4be1e8de85bea62364890eb2e9.mpf_cache
2023-01-01 18:12:04,885 : INFO : ConfigProcessor : Loading config from file E:\MPF\wows\wows\modes\mode_5\config\mode_5.yaml.
2023-01-01 18:12:04,906 : INFO : ConfigProcessor : Loading config: E:\MPF\wows\wows\modes\mode_5\config\mode_5.yaml
2023-01-01 18:12:04,906 : INFO : ConfigProcessor : Config file cache created: C:\Users\dell\AppData\Local\Temp\5ab98d4be1e8de85bea62364890eb2e9.mpf_cache
2023-01-01 18:12:04,907 : WARNING : ConfigProcessor : Cache file not found: C:\Users\dell\AppData\Local\Temp\4303dca7489148da2d256fc831cf8c96.mpf_cache
2023-01-01 18:12:04,907 : INFO : ConfigProcessor : Loading config from file E:\MPF\wows\wows\modes\mode_6\config\mode_6.yaml.
2023-01-01 18:12:04,938 : INFO : ConfigProcessor : Loading config: E:\MPF\wows\wows\modes\mode_6\config\mode_6.yaml
2023-01-01 18:12:04,938 : INFO : ConfigProcessor : Config file cache created: C:\Users\dell\AppData\Local\Temp\4303dca7489148da2d256fc831cf8c96.mpf_cache
2023-01-01 18:12:05,126 : WARNING : ConfigProcessor : Cache file not found: C:\Users\dell\AppData\Local\Temp\e8fceecd8f65a6a7269e98c7961bbf6a.mpf_cache
2023-01-01 18:12:05,126 : INFO : ConfigProcessor : Loading config from file E:\MPF\wows\wows\modes\mode_7\config\mode_7.yaml.
2023-01-01 18:12:05,191 : INFO : ConfigProcessor : Loading config: E:\MPF\wows\wows\modes\mode_7\config\mode_7.yaml
2023-01-01 18:12:05,191 : INFO : ConfigProcessor : Config file cache created: C:\Users\dell\AppData\Local\Temp\e8fceecd8f65a6a7269e98c7961bbf6a.mpf_cache
2023-01-01 18:12:05,192 : WARNING : ConfigProcessor : Cache file not found: C:\Users\dell\AppData\Local\Temp\c84d6d08bf6f923cbcccfeeea02d2c8a.mpf_cache
2023-01-01 18:12:05,192 : INFO : ConfigProcessor : Loading config from file E:\MPF\wows\wows\modes\mode_8\config\mode_8.yaml.
2023-01-01 18:12:05,251 : INFO : ConfigProcessor : Loading config: E:\MPF\wows\wows\modes\mode_8\config\mode_8.yaml
2023-01-01 18:12:05,251 : INFO : ConfigProcessor : Config file cache created: C:\Users\dell\AppData\Local\Temp\c84d6d08bf6f923cbcccfeeea02d2c8a.mpf_cache
2023-01-01 18:12:05,252 : WARNING : ConfigProcessor : Cache file not found: C:\Users\dell\AppData\Local\Temp\159a0b7ffc6de2ed1a8cdcd57b7df3c0.mpf_cache
2023-01-01 18:12:05,252 : INFO : ConfigProcessor : Loading config from file E:\MPF\wows\wows\modes\mode_9\config\mode_9.yaml.
2023-01-01 18:12:05,290 : INFO : ConfigProcessor : Loading config: E:\MPF\wows\wows\modes\mode_9\config\mode_9.yaml
2023-01-01 18:12:05,290 : INFO : ConfigProcessor : Config file cache created: C:\Users\dell\AppData\Local\Temp\159a0b7ffc6de2ed1a8cdcd57b7df3c0.mpf_cache
2023-01-01 18:12:05,327 : WARNING : ConfigProcessor : Cache file not found: C:\Users\dell\AppData\Local\Temp\dd71d04ba3f4dce8325f2504de3de352.mpf_cache
2023-01-01 18:12:05,327 : INFO : ConfigProcessor : Loading config from file E:\MPF\wows\wows\modes\dmg_con_party\config\dmg_con_party.yaml.
2023-01-01 18:12:05,496 : INFO : ConfigProcessor : Loading config: E:\MPF\wows\wows\modes\dmg_con_party\config\dmg_con_party.yaml
2023-01-01 18:12:05,498 : INFO : ConfigProcessor : Config file cache created: C:\Users\dell\AppData\Local\Temp\dd71d04ba3f4dce8325f2504de3de352.mpf_cache
2023-01-01 18:12:05,513 : WARNING : ConfigProcessor : Cache file not found: C:\Users\dell\AppData\Local\Temp\47da5935da57327449007069e0d0551c.mpf_cache
2023-01-01 18:12:05,513 : INFO : ConfigProcessor : Loading config from file E:\MPF\wows\wows\modes\mode_wizard\config\mode_wizard.yaml.
2023-01-01 18:12:05,768 : INFO : ConfigProcessor : Loading config: E:\MPF\wows\wows\modes\mode_wizard\config\mode_wizard.yaml
2023-01-01 18:12:05,771 : INFO : ConfigProcessor : Config file cache created: C:\Users\dell\AppData\Local\Temp\47da5935da57327449007069e0d0551c.mpf_cache
2023-01-01 18:12:05,807 : WARNING : ConfigProcessor : Cache file not found: C:\Users\dell\AppData\Local\Temp\b1234e2c44a33609dc2af4760c4a3f89.mpf_cache
2023-01-01 18:12:05,807 : INFO : ConfigProcessor : Loading config from file E:\MPF\wows\wows\modes\mode_manager\config\mode_manager.yaml.
2023-01-01 18:12:06,074 : INFO : ConfigProcessor : Loading config: E:\MPF\wows\wows\modes\mode_manager\config\mode_manager.yaml
2023-01-01 18:12:06,077 : INFO : ConfigProcessor : Config file cache created: C:\Users\dell\AppData\Local\Temp\b1234e2c44a33609dc2af4760c4a3f89.mpf_cache
2023-01-01 18:12:06,089 : WARNING : ConfigProcessor : Cache file not found: C:\Users\dell\AppData\Local\Temp\7ab9985e2a62b75a325504808417b1e7.mpf_cache
2023-01-01 18:12:06,090 : INFO : ConfigProcessor : Loading config from file E:\MPF\wows\wows\modes\mode_timer\config\mode_timer.yaml.
2023-01-01 18:12:06,155 : INFO : ConfigProcessor : Loading config: E:\MPF\wows\wows\modes\mode_timer\config\mode_timer.yaml
2023-01-01 18:12:06,157 : INFO : ConfigProcessor : Config file cache created: C:\Users\dell\AppData\Local\Temp\7ab9985e2a62b75a325504808417b1e7.mpf_cache
2023-01-01 18:12:06,174 : WARNING : ConfigProcessor : Cache file not found: C:\Users\dell\AppData\Local\Temp\466eddfec572894d9eb472ce07aa5fba.mpf_cache
2023-01-01 18:12:06,174 : INFO : ConfigProcessor : Loading config from file E:\MPF\wows\wows\modes\container\config\container.yaml.
2023-01-01 18:12:06,208 : INFO : ConfigProcessor : Loading config: E:\MPF\wows\wows\modes\container\config\container.yaml
2023-01-01 18:12:06,209 : INFO : ConfigProcessor : Config file cache created: C:\Users\dell\AppData\Local\Temp\466eddfec572894d9eb472ce07aa5fba.mpf_cache
2023-01-01 18:12:06,210 : WARNING : ConfigProcessor : Cache file not found: C:\Users\dell\AppData\Local\Temp\93429a2a8e0859f6546b68f40c2a4656.mpf_cache
2023-01-01 18:12:06,210 : INFO : ConfigProcessor : Loading config from file E:\MPF\wows\wows\modes\salvo_lit\config\salvo_lit.yaml.
2023-01-01 18:12:06,233 : INFO : ConfigProcessor : Loading config: E:\MPF\wows\wows\modes\salvo_lit\config\salvo_lit.yaml
2023-01-01 18:12:06,234 : INFO : ConfigProcessor : Config file cache created: C:\Users\dell\AppData\Local\Temp\93429a2a8e0859f6546b68f40c2a4656.mpf_cache
2023-01-01 18:12:06,235 : WARNING : ConfigProcessor : Cache file not found: C:\Users\dell\AppData\Local\Temp\95ae88fb094583fa2b4097c6df179650.mpf_cache
2023-01-01 18:12:06,235 : INFO : ConfigProcessor : Loading config from file E:\MPF\wows\wows\modes\hc_lock_lit\config\hc_lock_lit.yaml.
2023-01-01 18:12:06,266 : INFO : ConfigProcessor : Loading config: E:\MPF\wows\wows\modes\hc_lock_lit\config\hc_lock_lit.yaml
2023-01-01 18:12:06,267 : INFO : ConfigProcessor : Config file cache created: C:\Users\dell\AppData\Local\Temp\95ae88fb094583fa2b4097c6df179650.mpf_cache
2023-01-01 18:12:06,360 : WARNING : ConfigProcessor : Cache file not found: C:\Users\dell\AppData\Local\Temp\de2d3fc178b15ce3807fa4ab35b9c965.mpf_cache
2023-01-01 18:12:06,360 : INFO : ConfigProcessor : Loading config from file E:\MPF\wows\wows\modes\hc_multiball\config\hc_multiball.yaml.
2023-01-01 18:12:06,659 : INFO : ConfigProcessor : Loading config: E:\MPF\wows\wows\modes\hc_multiball\config\hc_multiball.yaml
2023-01-01 18:12:06,661 : INFO : ConfigProcessor : Config file cache created: C:\Users\dell\AppData\Local\Temp\de2d3fc178b15ce3807fa4ab35b9c965.mpf_cache
2023-01-01 18:12:06,718 : WARNING : ConfigProcessor : Cache file not found: C:\Users\dell\AppData\Local\Temp\0c80ca2179989d09b86c78c19ec87d9b.mpf_cache
2023-01-01 18:12:06,718 : INFO : ConfigProcessor : Loading config from file E:\MPF\wows\wows\modes\hc_multiball_super\config\hc_multiball_super.yaml.
2023-01-01 18:12:06,887 : INFO : ConfigProcessor : Loading config: E:\MPF\wows\wows\modes\hc_multiball_super\config\hc_multiball_super.yaml
2023-01-01 18:12:06,889 : INFO : ConfigProcessor : Config file cache created: C:\Users\dell\AppData\Local\Temp\0c80ca2179989d09b86c78c19ec87d9b.mpf_cache
2023-01-01 18:12:06,911 : WARNING : ConfigProcessor : Cache file not found: C:\Users\dell\AppData\Local\Temp\95e265efe14e4eb05d8d5c5689c9ae6b.mpf_cache
2023-01-01 18:12:06,911 : INFO : ConfigProcessor : Loading config from file E:\MPF\wows\wows\modes\confederate\config\confederate.yaml.
2023-01-01 18:12:06,943 : INFO : ConfigProcessor : Loading config: E:\MPF\wows\wows\modes\confederate\config\confederate.yaml
2023-01-01 18:12:06,944 : INFO : ConfigProcessor : Config file cache created: C:\Users\dell\AppData\Local\Temp\95e265efe14e4eb05d8d5c5689c9ae6b.mpf_cache
2023-01-01 18:12:06,961 : WARNING : ConfigProcessor : Cache file not found: C:\Users\dell\AppData\Local\Temp\ba047bbdc168fca96d58d351c4240916.mpf_cache
2023-01-01 18:12:06,961 : INFO : ConfigProcessor : Loading config from file E:\MPF\wows\wows\modes\battle\config\battle.yaml.
2023-01-01 18:12:07,064 : INFO : ConfigProcessor : Loading config: E:\MPF\wows\wows\modes\battle\config\battle.yaml
2023-01-01 18:12:07,065 : INFO : ConfigProcessor : Config file cache created: C:\Users\dell\AppData\Local\Temp\ba047bbdc168fca96d58d351c4240916.mpf_cache
2023-01-01 18:12:07,097 : WARNING : ConfigProcessor : Cache file not found: C:\Users\dell\AppData\Local\Temp\7c1900736275ba8a713cfe77e991e929.mpf_cache
2023-01-01 18:12:07,097 : INFO : ConfigProcessor : Loading config from file E:\MPF\wows\wows\modes\battle_manager\config\battle_manager.yaml.
2023-01-01 18:12:07,146 : INFO : ConfigProcessor : Loading config: E:\MPF\wows\wows\modes\battle_manager\config\battle_manager.yaml
2023-01-01 18:12:07,146 : INFO : ConfigProcessor : Config file cache created: C:\Users\dell\AppData\Local\Temp\7c1900736275ba8a713cfe77e991e929.mpf_cache
2023-01-01 18:12:07,172 : WARNING : ConfigProcessor : Cache file not found: C:\Users\dell\AppData\Local\Temp\db3d1ab92e5d5c563b40d82372434517.mpf_cache
2023-01-01 18:12:07,172 : INFO : ConfigProcessor : Loading config from file E:\MPF\wows\wows\modes\detonation\config\detonation.yaml.
2023-01-01 18:12:07,215 : INFO : ConfigProcessor : Loading config: E:\MPF\wows\wows\modes\detonation\config\detonation.yaml
2023-01-01 18:12:07,215 : INFO : ConfigProcessor : Config file cache created: C:\Users\dell\AppData\Local\Temp\db3d1ab92e5d5c563b40d82372434517.mpf_cache
2023-01-01 18:12:07,227 : WARNING : ConfigProcessor : Cache file not found: C:\Users\dell\AppData\Local\Temp\78980531363184480bbd7075661ced33.mpf_cache
2023-01-01 18:12:07,227 : INFO : ConfigProcessor : Loading config from file E:\MPF\wows\wows\modes\drednaught\config\drednaught.yaml.
2023-01-01 18:12:07,280 : INFO : ConfigProcessor : Loading config: E:\MPF\wows\wows\modes\drednaught\config\drednaught.yaml
2023-01-01 18:12:07,281 : INFO : ConfigProcessor : Config file cache created: C:\Users\dell\AppData\Local\Temp\78980531363184480bbd7075661ced33.mpf_cache
2023-01-01 18:12:07,308 : WARNING : ConfigProcessor : Cache file not found: C:\Users\dell\AppData\Local\Temp\efcf079e5af2b94e88dae4e07273acc8.mpf_cache
2023-01-01 18:12:07,309 : INFO : ConfigProcessor : Loading config from file E:\MPF\wows\wows\modes\port_hole_manager\config\port_hole_manager.yaml.
2023-01-01 18:12:07,332 : INFO : ConfigProcessor : Loading config: E:\MPF\wows\wows\modes\port_hole_manager\config\port_hole_manager.yaml
2023-01-01 18:12:07,332 : INFO : ConfigProcessor : Config file cache created: C:\Users\dell\AppData\Local\Temp\efcf079e5af2b94e88dae4e07273acc8.mpf_cache
2023-01-01 18:12:07,422 : WARNING : ConfigProcessor : Cache file not found: C:\Users\dell\AppData\Local\Temp\44231afd4be159e8c99041e8eb88670e.mpf_cache
2023-01-01 18:12:07,422 : INFO : ConfigProcessor : Loading config from file E:\MPF\wows\wows\modes\bomb\config\bomb.yaml.
2023-01-01 18:12:07,505 : INFO : ConfigProcessor : Loading config: E:\MPF\wows\wows\modes\bomb\config\bomb.yaml
2023-01-01 18:12:07,505 : INFO : ConfigProcessor : Config file cache created: C:\Users\dell\AppData\Local\Temp\44231afd4be159e8c99041e8eb88670e.mpf_cache
2023-01-01 18:12:07,519 : WARNING : ConfigProcessor : Cache file not found: C:\Users\dell\AppData\Local\Temp\2b5357265150b67996b1d26df60329cf.mpf_cache
2023-01-01 18:12:07,519 : INFO : ConfigProcessor : Loading config from file E:\MPF\wows\wows\modes\aircraft_carrier\config\aircraft_carrier.yaml.
2023-01-01 18:12:07,696 : INFO : ConfigProcessor : Loading config: E:\MPF\wows\wows\modes\aircraft_carrier\config\aircraft_carrier.yaml
2023-01-01 18:12:07,698 : INFO : ConfigProcessor : Config file cache created: C:\Users\dell\AppData\Local\Temp\2b5357265150b67996b1d26df60329cf.mpf_cache
2023-01-01 18:12:07,779 : WARNING : ConfigProcessor : Cache file not found: C:\Users\dell\AppData\Local\Temp\6d62665f0d27f04673542af594d4fd9b.mpf_cache
2023-01-01 18:12:07,779 : INFO : ConfigProcessor : Loading config from file E:\MPF\wows\wows\shows\.\mode_countdown.yaml.
2023-01-01 18:12:07,812 : INFO : ConfigProcessor : Loading config: E:\MPF\wows\wows\shows\.\mode_countdown.yaml
2023-01-01 18:12:07,812 : INFO : ConfigProcessor : Config file cache created: C:\Users\dell\AppData\Local\Temp\6d62665f0d27f04673542af594d4fd9b.mpf_cache
2023-01-01 18:12:07,813 : WARNING : ConfigProcessor : Cache file not found: C:\Users\dell\AppData\Local\Temp\3748cd4146dd8769dc8203d243b40460.mpf_cache
2023-01-01 18:12:07,813 : INFO : ConfigProcessor : Loading config from file E:\MPF\wows\wows\shows\.\sh_aircraft_carrier_background.yaml.
2023-01-01 18:12:07,819 : INFO : ConfigProcessor : Loading config: E:\MPF\wows\wows\shows\.\sh_aircraft_carrier_background.yaml
2023-01-01 18:12:07,820 : INFO : ConfigProcessor : Config file cache created: C:\Users\dell\AppData\Local\Temp\3748cd4146dd8769dc8203d243b40460.mpf_cache
2023-01-01 18:12:07,820 : WARNING : ConfigProcessor : Cache file not found: C:\Users\dell\AppData\Local\Temp\17743d86d766158b74063aba6bc1c32c.mpf_cache
2023-01-01 18:12:07,820 : INFO : ConfigProcessor : Loading config from file E:\MPF\wows\wows\shows\.\sh_aircraft_carrier_plane_crash_1.yaml.
2023-01-01 18:12:07,845 : INFO : ConfigProcessor : Loading config: E:\MPF\wows\wows\shows\.\sh_aircraft_carrier_plane_crash_1.yaml
2023-01-01 18:12:07,845 : INFO : ConfigProcessor : Config file cache created: C:\Users\dell\AppData\Local\Temp\17743d86d766158b74063aba6bc1c32c.mpf_cache
2023-01-01 18:12:07,846 : WARNING : ConfigProcessor : Cache file not found: C:\Users\dell\AppData\Local\Temp\f880dfaba64907cc1c8d35fe4f9ee098.mpf_cache
2023-01-01 18:12:07,846 : INFO : ConfigProcessor : Loading config from file E:\MPF\wows\wows\shows\.\sh_aircraft_carrier_plane_crash_2.yaml.
2023-01-01 18:12:07,854 : INFO : ConfigProcessor : Loading config: E:\MPF\wows\wows\shows\.\sh_aircraft_carrier_plane_crash_2.yaml
2023-01-01 18:12:07,854 : INFO : ConfigProcessor : Config file cache created: C:\Users\dell\AppData\Local\Temp\f880dfaba64907cc1c8d35fe4f9ee098.mpf_cache
2023-01-01 18:12:07,855 : WARNING : ConfigProcessor : Cache file not found: C:\Users\dell\AppData\Local\Temp\b3315542fefac86d8251965e4eddcee0.mpf_cache
2023-01-01 18:12:07,855 : INFO : ConfigProcessor : Loading config from file E:\MPF\wows\wows\shows\.\sh_aircraft_carrier_plane_crash_3.yaml.
2023-01-01 18:12:07,862 : INFO : ConfigProcessor : Loading config: E:\MPF\wows\wows\shows\.\sh_aircraft_carrier_plane_crash_3.yaml
2023-01-01 18:12:07,862 : INFO : ConfigProcessor : Config file cache created: C:\Users\dell\AppData\Local\Temp\b3315542fefac86d8251965e4eddcee0.mpf_cache
2023-01-01 18:12:07,863 : WARNING : ConfigProcessor : Cache file not found: C:\Users\dell\AppData\Local\Temp\c87ce6071caf9b8e671d40e32f84144f.mpf_cache
2023-01-01 18:12:07,863 : INFO : ConfigProcessor : Loading config from file E:\MPF\wows\wows\shows\.\sh_aircraft_carrier_plane_crash_4.yaml.
2023-01-01 18:12:07,870 : INFO : ConfigProcessor : Loading config: E:\MPF\wows\wows\shows\.\sh_aircraft_carrier_plane_crash_4.yaml
2023-01-01 18:12:07,870 : INFO : ConfigProcessor : Config file cache created: C:\Users\dell\AppData\Local\Temp\c87ce6071caf9b8e671d40e32f84144f.mpf_cache
2023-01-01 18:12:07,871 : WARNING : ConfigProcessor : Cache file not found: C:\Users\dell\AppData\Local\Temp\2896a43e0d61e3501c9963d4b59c6ee0.mpf_cache
2023-01-01 18:12:07,871 : INFO : ConfigProcessor : Loading config from file E:\MPF\wows\wows\shows\.\sh_aircraft_carrier_torpedo_drop.yaml.
2023-01-01 18:12:07,914 : INFO : ConfigProcessor : Loading config: E:\MPF\wows\wows\shows\.\sh_aircraft_carrier_torpedo_drop.yaml
2023-01-01 18:12:07,914 : INFO : ConfigProcessor : Config file cache created: C:\Users\dell\AppData\Local\Temp\2896a43e0d61e3501c9963d4b59c6ee0.mpf_cache
2023-01-01 18:12:07,914 : WARNING : ConfigProcessor : Cache file not found: C:\Users\dell\AppData\Local\Temp\ff8f94bde3fa94916ad1b7409fed77bd.mpf_cache
2023-01-01 18:12:07,914 : INFO : ConfigProcessor : Loading config from file E:\MPF\wows\wows\shows\.\sh_attract.yaml.
2023-01-01 18:12:08,404 : INFO : ConfigProcessor : Loading config: E:\MPF\wows\wows\shows\.\sh_attract.yaml
2023-01-01 18:12:08,405 : INFO : ConfigProcessor : Config file cache created: C:\Users\dell\AppData\Local\Temp\ff8f94bde3fa94916ad1b7409fed77bd.mpf_cache
2023-01-01 18:12:08,405 : WARNING : ConfigProcessor : Cache file not found: C:\Users\dell\AppData\Local\Temp\053da04979f77c811527e2c0f3ca94fb.mpf_cache
2023-01-01 18:12:08,405 : INFO : ConfigProcessor : Loading config from file E:\MPF\wows\wows\shows\.\sh_bomb_advance.yaml.
2023-01-01 18:12:08,422 : INFO : ConfigProcessor : Loading config: E:\MPF\wows\wows\shows\.\sh_bomb_advance.yaml
2023-01-01 18:12:08,422 : INFO : ConfigProcessor : Config file cache created: C:\Users\dell\AppData\Local\Temp\053da04979f77c811527e2c0f3ca94fb.mpf_cache
2023-01-01 18:12:08,423 : WARNING : ConfigProcessor : Cache file not found: C:\Users\dell\AppData\Local\Temp\76437d1e292ff239f4f9dc05fbdd5cdf.mpf_cache
2023-01-01 18:12:08,423 : INFO : ConfigProcessor : Loading config from file E:\MPF\wows\wows\shows\.\sh_bomb_advance_animation_1.yaml.
2023-01-01 18:12:08,448 : INFO : ConfigProcessor : Loading config: E:\MPF\wows\wows\shows\.\sh_bomb_advance_animation_1.yaml
2023-01-01 18:12:08,448 : INFO : ConfigProcessor : Config file cache created: C:\Users\dell\AppData\Local\Temp\76437d1e292ff239f4f9dc05fbdd5cdf.mpf_cache
2023-01-01 18:12:08,448 : WARNING : ConfigProcessor : Cache file not found: C:\Users\dell\AppData\Local\Temp\a103f9965307e92153b3826866cd7d56.mpf_cache
2023-01-01 18:12:08,448 : INFO : ConfigProcessor : Loading config from file E:\MPF\wows\wows\shows\.\sh_bomb_advance_animation_2.yaml.
2023-01-01 18:12:08,453 : INFO : ConfigProcessor : Loading config: E:\MPF\wows\wows\shows\.\sh_bomb_advance_animation_2.yaml
2023-01-01 18:12:08,454 : INFO : ConfigProcessor : Config file cache created: C:\Users\dell\AppData\Local\Temp\a103f9965307e92153b3826866cd7d56.mpf_cache
2023-01-01 18:12:08,454 : WARNING : ConfigProcessor : Cache file not found: C:\Users\dell\AppData\Local\Temp\edf282469509fb91fe2444b6848262a1.mpf_cache
2023-01-01 18:12:08,454 : INFO : ConfigProcessor : Loading config from file E:\MPF\wows\wows\shows\.\sh_bomb_advance_animation_3.yaml.
2023-01-01 18:12:08,459 : INFO : ConfigProcessor : Loading config: E:\MPF\wows\wows\shows\.\sh_bomb_advance_animation_3.yaml
2023-01-01 18:12:08,459 : INFO : ConfigProcessor : Config file cache created: C:\Users\dell\AppData\Local\Temp\edf282469509fb91fe2444b6848262a1.mpf_cache
2023-01-01 18:12:08,460 : WARNING : ConfigProcessor : Cache file not found: C:\Users\dell\AppData\Local\Temp\b8da0a805f864daaf4908642bfd2e7fd.mpf_cache
2023-01-01 18:12:08,460 : INFO : ConfigProcessor : Loading config from file E:\MPF\wows\wows\shows\.\sh_bomb_advance_animation_end.yaml.
2023-01-01 18:12:08,465 : INFO : ConfigProcessor : Loading config: E:\MPF\wows\wows\shows\.\sh_bomb_advance_animation_end.yaml
2023-01-01 18:12:08,465 : INFO : ConfigProcessor : Config file cache created: C:\Users\dell\AppData\Local\Temp\b8da0a805f864daaf4908642bfd2e7fd.mpf_cache
2023-01-01 18:12:08,465 : WARNING : ConfigProcessor : Cache file not found: C:\Users\dell\AppData\Local\Temp\57bc401cb4a04615f5b5aa4ba6a61eb7.mpf_cache
2023-01-01 18:12:08,466 : INFO : ConfigProcessor : Loading config from file E:\MPF\wows\wows\shows\.\sh_bomb_complete.yaml.
2023-01-01 18:12:08,473 : INFO : ConfigProcessor : Loading config: E:\MPF\wows\wows\shows\.\sh_bomb_complete.yaml
2023-01-01 18:12:08,477 : INFO : ConfigProcessor : Config file cache created: C:\Users\dell\AppData\Local\Temp\57bc401cb4a04615f5b5aa4ba6a61eb7.mpf_cache
2023-01-01 18:12:08,477 : WARNING : ConfigProcessor : Cache file not found: C:\Users\dell\AppData\Local\Temp\fee9cc2b93cb113814269e4a59231078.mpf_cache
2023-01-01 18:12:08,477 : INFO : ConfigProcessor : Loading config from file E:\MPF\wows\wows\shows\.\sh_captured.yaml.
2023-01-01 18:12:08,552 : INFO : ConfigProcessor : Loading config: E:\MPF\wows\wows\shows\.\sh_captured.yaml
2023-01-01 18:12:08,552 : INFO : ConfigProcessor : Config file cache created: C:\Users\dell\AppData\Local\Temp\fee9cc2b93cb113814269e4a59231078.mpf_cache
2023-01-01 18:12:08,552 : WARNING : ConfigProcessor : Cache file not found: C:\Users\dell\AppData\Local\Temp\fcb209f5756d4056b66c34a3e9f20f60.mpf_cache
2023-01-01 18:12:08,552 : INFO : ConfigProcessor : Loading config from file E:\MPF\wows\wows\shows\.\sh_capturing_1.yaml.
2023-01-01 18:12:08,609 : INFO : ConfigProcessor : Loading config: E:\MPF\wows\wows\shows\.\sh_capturing_1.yaml
2023-01-01 18:12:08,610 : INFO : ConfigProcessor : Config file cache created: C:\Users\dell\AppData\Local\Temp\fcb209f5756d4056b66c34a3e9f20f60.mpf_cache
2023-01-01 18:12:08,611 : WARNING : ConfigProcessor : Cache file not found: C:\Users\dell\AppData\Local\Temp\797d5c88f37a3f4c1eda6cc76ebd1d4b.mpf_cache
2023-01-01 18:12:08,611 : INFO : ConfigProcessor : Loading config from file E:\MPF\wows\wows\shows\.\sh_capturing_2.yaml.
2023-01-01 18:12:08,617 : INFO : ConfigProcessor : Loading config: E:\MPF\wows\wows\shows\.\sh_capturing_2.yaml
2023-01-01 18:12:08,617 : INFO : ConfigProcessor : Config file cache created: C:\Users\dell\AppData\Local\Temp\797d5c88f37a3f4c1eda6cc76ebd1d4b.mpf_cache
2023-01-01 18:12:08,618 : WARNING : ConfigProcessor : Cache file not found: C:\Users\dell\AppData\Local\Temp\fd8f672dffbfb9b282859f7185f62437.mpf_cache
2023-01-01 18:12:08,618 : INFO : ConfigProcessor : Loading config from file E:\MPF\wows\wows\shows\.\sh_capturing_3.yaml.
2023-01-01 18:12:08,625 : INFO : ConfigProcessor : Loading config: E:\MPF\wows\wows\shows\.\sh_capturing_3.yaml
2023-01-01 18:12:08,625 : INFO : ConfigProcessor : Config file cache created: C:\Users\dell\AppData\Local\Temp\fd8f672dffbfb9b282859f7185f62437.mpf_cache
2023-01-01 18:12:08,626 : WARNING : ConfigProcessor : Cache file not found: C:\Users\dell\AppData\Local\Temp\986b6c77a360e7ca0a5b736ec9bfb4fa.mpf_cache
2023-01-01 18:12:08,626 : INFO : ConfigProcessor : Loading config from file E:\MPF\wows\wows\shows\.\sh_capturing_4.yaml.
2023-01-01 18:12:08,631 : INFO : ConfigProcessor : Loading config: E:\MPF\wows\wows\shows\.\sh_capturing_4.yaml
2023-01-01 18:12:08,632 : INFO : ConfigProcessor : Config file cache created: C:\Users\dell\AppData\Local\Temp\986b6c77a360e7ca0a5b736ec9bfb4fa.mpf_cache
2023-01-01 18:12:08,632 : WARNING : ConfigProcessor : Cache file not found: C:\Users\dell\AppData\Local\Temp\851e1d46f2be32b89fdca6ef94995943.mpf_cache
2023-01-01 18:12:08,632 : INFO : ConfigProcessor : Loading config from file E:\MPF\wows\wows\shows\.\sh_capturing_5.yaml.
2023-01-01 18:12:08,638 : INFO : ConfigProcessor : Loading config: E:\MPF\wows\wows\shows\.\sh_capturing_5.yaml
2023-01-01 18:12:08,638 : INFO : ConfigProcessor : Config file cache created: C:\Users\dell\AppData\Local\Temp\851e1d46f2be32b89fdca6ef94995943.mpf_cache
2023-01-01 18:12:08,639 : WARNING : ConfigProcessor : Cache file not found: C:\Users\dell\AppData\Local\Temp\95f5997d9c4798b115eb453656d93a1f.mpf_cache
2023-01-01 18:12:08,639 : INFO : ConfigProcessor : Loading config from file E:\MPF\wows\wows\shows\.\sh_capturing_6.yaml.
2023-01-01 18:12:08,647 : INFO : ConfigProcessor : Loading config: E:\MPF\wows\wows\shows\.\sh_capturing_6.yaml
2023-01-01 18:12:08,825 : INFO : ConfigProcessor : Config file cache created: C:\Users\dell\AppData\Local\Temp\95f5997d9c4798b115eb453656d93a1f.mpf_cache
2023-01-01 18:12:08,826 : WARNING : ConfigProcessor : Cache file not found: C:\Users\dell\AppData\Local\Temp\804b9a1ad2b0368c8378a1697de79431.mpf_cache
2023-01-01 18:12:08,826 : INFO : ConfigProcessor : Loading config from file E:\MPF\wows\wows\shows\.\sh_container_ball.yaml.
2023-01-01 18:12:08,850 : INFO : ConfigProcessor : Loading config: E:\MPF\wows\wows\shows\.\sh_container_ball.yaml
2023-01-01 18:12:08,850 : INFO : ConfigProcessor : Config file cache created: C:\Users\dell\AppData\Local\Temp\804b9a1ad2b0368c8378a1697de79431.mpf_cache
2023-01-01 18:12:08,851 : WARNING : ConfigProcessor : Cache file not found: C:\Users\dell\AppData\Local\Temp\3f05176740ce9b1ce630d9f26057f472.mpf_cache
2023-01-01 18:12:08,851 : INFO : ConfigProcessor : Loading config from file E:\MPF\wows\wows\shows\.\sh_container_dmg.yaml.
2023-01-01 18:12:08,857 : INFO : ConfigProcessor : Loading config: E:\MPF\wows\wows\shows\.\sh_container_dmg.yaml
2023-01-01 18:12:08,857 : INFO : ConfigProcessor : Config file cache created: C:\Users\dell\AppData\Local\Temp\3f05176740ce9b1ce630d9f26057f472.mpf_cache
2023-01-01 18:12:08,857 : WARNING : ConfigProcessor : Cache file not found: C:\Users\dell\AppData\Local\Temp\d75c6855c6bfc342a42171d44ee55d0f.mpf_cache
2023-01-01 18:12:08,858 : INFO : ConfigProcessor : Loading config from file E:\MPF\wows\wows\shows\.\sh_container_jet.yaml.
2023-01-01 18:12:08,867 : INFO : ConfigProcessor : Loading config: E:\MPF\wows\wows\shows\.\sh_container_jet.yaml
2023-01-01 18:12:08,867 : INFO : ConfigProcessor : Config file cache created: C:\Users\dell\AppData\Local\Temp\d75c6855c6bfc342a42171d44ee55d0f.mpf_cache
2023-01-01 18:12:08,868 : WARNING : ConfigProcessor : Cache file not found: C:\Users\dell\AppData\Local\Temp\c03af884f77fd2edff48f1f1b29a0001.mpf_cache
2023-01-01 18:12:08,868 : INFO : ConfigProcessor : Loading config from file E:\MPF\wows\wows\shows\.\sh_container_x.yaml.
2023-01-01 18:12:08,874 : INFO : ConfigProcessor : Loading config: E:\MPF\wows\wows\shows\.\sh_container_x.yaml
2023-01-01 18:12:08,875 : INFO : ConfigProcessor : Config file cache created: C:\Users\dell\AppData\Local\Temp\c03af884f77fd2edff48f1f1b29a0001.mpf_cache
2023-01-01 18:12:08,875 : WARNING : ConfigProcessor : Cache file not found: C:\Users\dell\AppData\Local\Temp\125cf4d7d8d0f7b14ac4e9b5c5fc6dd9.mpf_cache
2023-01-01 18:12:08,875 : INFO : ConfigProcessor : Loading config from file E:\MPF\wows\wows\shows\.\sh_container_xp.yaml.
2023-01-01 18:12:08,881 : INFO : ConfigProcessor : Loading config: E:\MPF\wows\wows\shows\.\sh_container_xp.yaml
2023-01-01 18:12:08,881 : INFO : ConfigProcessor : Config file cache created: C:\Users\dell\AppData\Local\Temp\125cf4d7d8d0f7b14ac4e9b5c5fc6dd9.mpf_cache
2023-01-01 18:12:08,882 : WARNING : ConfigProcessor : Cache file not found: C:\Users\dell\AppData\Local\Temp\e98bbe1017594ac8f5dc55070bdaec1b.mpf_cache
2023-01-01 18:12:08,882 : INFO : ConfigProcessor : Loading config from file E:\MPF\wows\wows\shows\.\sh_crew_highlight_de.yaml.
2023-01-01 18:12:08,902 : INFO : ConfigProcessor : Loading config: E:\MPF\wows\wows\shows\.\sh_crew_highlight_de.yaml
2023-01-01 18:12:08,902 : INFO : ConfigProcessor : Config file cache created: C:\Users\dell\AppData\Local\Temp\e98bbe1017594ac8f5dc55070bdaec1b.mpf_cache
2023-01-01 18:12:08,903 : WARNING : ConfigProcessor : Cache file not found: C:\Users\dell\AppData\Local\Temp\540f9a41a139edc7fb3c0d3fef764d79.mpf_cache
2023-01-01 18:12:08,903 : INFO : ConfigProcessor : Loading config from file E:\MPF\wows\wows\shows\.\sh_crew_highlight_fr.yaml.
2023-01-01 18:12:08,908 : INFO : ConfigProcessor : Loading config: E:\MPF\wows\wows\shows\.\sh_crew_highlight_fr.yaml
2023-01-01 18:12:08,908 : INFO : ConfigProcessor : Config file cache created: C:\Users\dell\AppData\Local\Temp\540f9a41a139edc7fb3c0d3fef764d79.mpf_cache
2023-01-01 18:12:08,909 : WARNING : ConfigProcessor : Cache file not found: C:\Users\dell\AppData\Local\Temp\66310f6b7da6aa9e1e12a092b4e5ea1e.mpf_cache
2023-01-01 18:12:08,909 : INFO : ConfigProcessor : Loading config from file E:\MPF\wows\wows\shows\.\sh_crew_highlight_it.yaml.
2023-01-01 18:12:08,914 : INFO : ConfigProcessor : Loading config: E:\MPF\wows\wows\shows\.\sh_crew_highlight_it.yaml
2023-01-01 18:12:08,915 : INFO : ConfigProcessor : Config file cache created: C:\Users\dell\AppData\Local\Temp\66310f6b7da6aa9e1e12a092b4e5ea1e.mpf_cache
2023-01-01 18:12:08,915 : WARNING : ConfigProcessor : Cache file not found: C:\Users\dell\AppData\Local\Temp\e39b84c1f1807716ec310701a6bf0d73.mpf_cache
2023-01-01 18:12:08,915 : INFO : ConfigProcessor : Loading config from file E:\MPF\wows\wows\shows\.\sh_crew_highlight_ja.yaml.
2023-01-01 18:12:08,923 : INFO : ConfigProcessor : Loading config: E:\MPF\wows\wows\shows\.\sh_crew_highlight_ja.yaml
2023-01-01 18:12:08,923 : INFO : ConfigProcessor : Config file cache created: C:\Users\dell\AppData\Local\Temp\e39b84c1f1807716ec310701a6bf0d73.mpf_cache
2023-01-01 18:12:08,923 : WARNING : ConfigProcessor : Cache file not found: C:\Users\dell\AppData\Local\Temp\a3a3c1b8b3198ac6ffa6b5064057ae07.mpf_cache
2023-01-01 18:12:08,923 : INFO : ConfigProcessor : Loading config from file E:\MPF\wows\wows\shows\.\sh_crew_highlight_ru.yaml.
2023-01-01 18:12:08,932 : INFO : ConfigProcessor : Loading config: E:\MPF\wows\wows\shows\.\sh_crew_highlight_ru.yaml
2023-01-01 18:12:08,933 : INFO : ConfigProcessor : Config file cache created: C:\Users\dell\AppData\Local\Temp\a3a3c1b8b3198ac6ffa6b5064057ae07.mpf_cache
2023-01-01 18:12:08,933 : WARNING : ConfigProcessor : Cache file not found: C:\Users\dell\AppData\Local\Temp\4eebc146e222c8d9b7fa4d2858e69ea1.mpf_cache
2023-01-01 18:12:08,933 : INFO : ConfigProcessor : Loading config from file E:\MPF\wows\wows\shows\.\sh_crew_highlight_uk.yaml.
2023-01-01 18:12:08,950 : INFO : ConfigProcessor : Loading config: E:\MPF\wows\wows\shows\.\sh_crew_highlight_uk.yaml
2023-01-01 18:12:08,953 : INFO : ConfigProcessor : Config file cache created: C:\Users\dell\AppData\Local\Temp\4eebc146e222c8d9b7fa4d2858e69ea1.mpf_cache
2023-01-01 18:12:08,953 : WARNING : ConfigProcessor : Cache file not found: C:\Users\dell\AppData\Local\Temp\e126248c44ebfdee710b05c2b7d5fe82.mpf_cache
2023-01-01 18:12:08,953 : INFO : ConfigProcessor : Loading config from file E:\MPF\wows\wows\shows\.\sh_crew_highlight_us.yaml.
2023-01-01 18:12:08,966 : INFO : ConfigProcessor : Loading config: E:\MPF\wows\wows\shows\.\sh_crew_highlight_us.yaml
2023-01-01 18:12:08,966 : INFO : ConfigProcessor : Config file cache created: C:\Users\dell\AppData\Local\Temp\e126248c44ebfdee710b05c2b7d5fe82.mpf_cache
2023-01-01 18:12:08,967 : WARNING : ConfigProcessor : Cache file not found: C:\Users\dell\AppData\Local\Temp\69ecee52b21d2a851426dcc7135d38ea.mpf_cache
2023-01-01 18:12:08,967 : INFO : ConfigProcessor : Loading config from file E:\MPF\wows\wows\shows\.\sh_double_jackpot_1.yaml.
2023-01-01 18:12:09,178 : INFO : ConfigProcessor : Loading config: E:\MPF\wows\wows\shows\.\sh_double_jackpot_1.yaml
2023-01-01 18:12:09,178 : INFO : ConfigProcessor : Config file cache created: C:\Users\dell\AppData\Local\Temp\69ecee52b21d2a851426dcc7135d38ea.mpf_cache
2023-01-01 18:12:09,179 : WARNING : ConfigProcessor : Cache file not found: C:\Users\dell\AppData\Local\Temp\56ece61e32d3cc2ed53dd325a47460b4.mpf_cache
2023-01-01 18:12:09,179 : INFO : ConfigProcessor : Loading config from file E:\MPF\wows\wows\shows\.\sh_double_jackpot_2.yaml.
2023-01-01 18:12:09,234 : INFO : ConfigProcessor : Loading config: E:\MPF\wows\wows\shows\.\sh_double_jackpot_2.yaml
2023-01-01 18:12:09,235 : INFO : ConfigProcessor : Config file cache created: C:\Users\dell\AppData\Local\Temp\56ece61e32d3cc2ed53dd325a47460b4.mpf_cache
2023-01-01 18:12:09,235 : WARNING : ConfigProcessor : Cache file not found: C:\Users\dell\AppData\Local\Temp\d0b1dbeaceec3deef73ab0fce07cd740.mpf_cache
2023-01-01 18:12:09,235 : INFO : ConfigProcessor : Loading config from file E:\MPF\wows\wows\shows\.\sh_double_jackpot_3.yaml.
2023-01-01 18:12:09,265 : INFO : ConfigProcessor : Loading config: E:\MPF\wows\wows\shows\.\sh_double_jackpot_3.yaml
2023-01-01 18:12:09,265 : INFO : ConfigProcessor : Config file cache created: C:\Users\dell\AppData\Local\Temp\d0b1dbeaceec3deef73ab0fce07cd740.mpf_cache
2023-01-01 18:12:09,265 : WARNING : ConfigProcessor : Cache file not found: C:\Users\dell\AppData\Local\Temp\3d3afc7fea552c2bae3e6e1d92aa1a26.mpf_cache
2023-01-01 18:12:09,265 : INFO : ConfigProcessor : Loading config from file E:\MPF\wows\wows\shows\.\sh_double_jackpot_4.yaml.
2023-01-01 18:12:09,298 : INFO : ConfigProcessor : Loading config: E:\MPF\wows\wows\shows\.\sh_double_jackpot_4.yaml
2023-01-01 18:12:09,298 : INFO : ConfigProcessor : Config file cache created: C:\Users\dell\AppData\Local\Temp\3d3afc7fea552c2bae3e6e1d92aa1a26.mpf_cache
2023-01-01 18:12:09,298 : WARNING : ConfigProcessor : Cache file not found: C:\Users\dell\AppData\Local\Temp\4bd243ad0d8c16d00a837306cf5c3d29.mpf_cache
2023-01-01 18:12:09,298 : INFO : ConfigProcessor : Loading config from file E:\MPF\wows\wows\shows\.\sh_double_jackpot_5.yaml.
2023-01-01 18:12:09,309 : INFO : ConfigProcessor : Loading config: E:\MPF\wows\wows\shows\.\sh_double_jackpot_5.yaml
2023-01-01 18:12:09,310 : INFO : ConfigProcessor : Config file cache created: C:\Users\dell\AppData\Local\Temp\4bd243ad0d8c16d00a837306cf5c3d29.mpf_cache
2023-01-01 18:12:09,310 : WARNING : ConfigProcessor : Cache file not found: C:\Users\dell\AppData\Local\Temp\7f312b640f6d5109d8d1be2a05f128e8.mpf_cache
2023-01-01 18:12:09,310 : INFO : ConfigProcessor : Loading config from file E:\MPF\wows\wows\shows\.\sh_double_jackpot_6.yaml.
2023-01-01 18:12:09,322 : INFO : ConfigProcessor : Loading config: E:\MPF\wows\wows\shows\.\sh_double_jackpot_6.yaml
2023-01-01 18:12:09,322 : INFO : ConfigProcessor : Config file cache created: C:\Users\dell\AppData\Local\Temp\7f312b640f6d5109d8d1be2a05f128e8.mpf_cache
2023-01-01 18:12:09,322 : WARNING : ConfigProcessor : Cache file not found: C:\Users\dell\AppData\Local\Temp\67980d6a57506cd4da44486112b91bec.mpf_cache
2023-01-01 18:12:09,322 : INFO : ConfigProcessor : Loading config from file E:\MPF\wows\wows\shows\.\sh_hc_crit_dmg.yaml.
2023-01-01 18:12:09,347 : INFO : ConfigProcessor : Loading config: E:\MPF\wows\wows\shows\.\sh_hc_crit_dmg.yaml
2023-01-01 18:12:09,347 : INFO : ConfigProcessor : Config file cache created: C:\Users\dell\AppData\Local\Temp\67980d6a57506cd4da44486112b91bec.mpf_cache
2023-01-01 18:12:09,348 : WARNING : ConfigProcessor : Cache file not found: C:\Users\dell\AppData\Local\Temp\9ec3c911ae7e15f7065133c529810f95.mpf_cache
2023-01-01 18:12:09,348 : INFO : ConfigProcessor : Loading config from file E:\MPF\wows\wows\shows\.\sh_hc_heavy_dmg.yaml.
2023-01-01 18:12:09,355 : INFO : ConfigProcessor : Loading config: E:\MPF\wows\wows\shows\.\sh_hc_heavy_dmg.yaml
2023-01-01 18:12:09,355 : INFO : ConfigProcessor : Config file cache created: C:\Users\dell\AppData\Local\Temp\9ec3c911ae7e15f7065133c529810f95.mpf_cache
2023-01-01 18:12:09,358 : WARNING : ConfigProcessor : Cache file not found: C:\Users\dell\AppData\Local\Temp\930069940b749f97f86d219b2ddeacf1.mpf_cache
2023-01-01 18:12:09,358 : INFO : ConfigProcessor : Loading config from file E:\MPF\wows\wows\shows\.\sh_jackpot_1.yaml.
2023-01-01 18:12:09,408 : INFO : ConfigProcessor : Loading config: E:\MPF\wows\wows\shows\.\sh_jackpot_1.yaml
2023-01-01 18:12:09,409 : INFO : ConfigProcessor : Config file cache created: C:\Users\dell\AppData\Local\Temp\930069940b749f97f86d219b2ddeacf1.mpf_cache
2023-01-01 18:12:09,409 : WARNING : ConfigProcessor : Cache file not found: C:\Users\dell\AppData\Local\Temp\650f26d6333e64d21657a8ef260f5acf.mpf_cache
2023-01-01 18:12:09,409 : INFO : ConfigProcessor : Loading config from file E:\MPF\wows\wows\shows\.\sh_jackpot_2.yaml.
2023-01-01 18:12:09,467 : INFO : ConfigProcessor : Loading config: E:\MPF\wows\wows\shows\.\sh_jackpot_2.yaml
2023-01-01 18:12:09,467 : INFO : ConfigProcessor : Config file cache created: C:\Users\dell\AppData\Local\Temp\650f26d6333e64d21657a8ef260f5acf.mpf_cache
2023-01-01 18:12:09,468 : WARNING : ConfigProcessor : Cache file not found: C:\Users\dell\AppData\Local\Temp\7fe69373349de136ea08d265848ee2de.mpf_cache
2023-01-01 18:12:09,468 : INFO : ConfigProcessor : Loading config from file E:\MPF\wows\wows\shows\.\sh_jackpot_3.yaml.
2023-01-01 18:12:09,478 : INFO : ConfigProcessor : Loading config: E:\MPF\wows\wows\shows\.\sh_jackpot_3.yaml
2023-01-01 18:12:09,478 : INFO : ConfigProcessor : Config file cache created: C:\Users\dell\AppData\Local\Temp\7fe69373349de136ea08d265848ee2de.mpf_cache
2023-01-01 18:12:09,478 : WARNING : ConfigProcessor : Cache file not found: C:\Users\dell\AppData\Local\Temp\24196d5bffa5766d9b4a62f9ae23e660.mpf_cache
2023-01-01 18:12:09,478 : INFO : ConfigProcessor : Loading config from file E:\MPF\wows\wows\shows\.\sh_jackpot_4.yaml.
2023-01-01 18:12:09,490 : INFO : ConfigProcessor : Loading config: E:\MPF\wows\wows\shows\.\sh_jackpot_4.yaml
2023-01-01 18:12:09,490 : INFO : ConfigProcessor : Config file cache created: C:\Users\dell\AppData\Local\Temp\24196d5bffa5766d9b4a62f9ae23e660.mpf_cache
2023-01-01 18:12:09,490 : WARNING : ConfigProcessor : Cache file not found: C:\Users\dell\AppData\Local\Temp\5f56171e4007003f2e0029bfa218d47c.mpf_cache
2023-01-01 18:12:09,490 : INFO : ConfigProcessor : Loading config from file E:\MPF\wows\wows\shows\.\sh_jackpot_5.yaml.
2023-01-01 18:12:09,537 : INFO : ConfigProcessor : Loading config: E:\MPF\wows\wows\shows\.\sh_jackpot_5.yaml
2023-01-01 18:12:09,537 : INFO : ConfigProcessor : Config file cache created: C:\Users\dell\AppData\Local\Temp\5f56171e4007003f2e0029bfa218d47c.mpf_cache
2023-01-01 18:12:09,537 : WARNING : ConfigProcessor : Cache file not found: C:\Users\dell\AppData\Local\Temp\9828dc3aacab1158f9e233d43cb3fe1f.mpf_cache
2023-01-01 18:12:09,537 : INFO : ConfigProcessor : Loading config from file E:\MPF\wows\wows\shows\.\sh_jackpot_6.yaml.
2023-01-01 18:12:09,575 : INFO : ConfigProcessor : Loading config: E:\MPF\wows\wows\shows\.\sh_jackpot_6.yaml
2023-01-01 18:12:09,576 : INFO : ConfigProcessor : Config file cache created: C:\Users\dell\AppData\Local\Temp\9828dc3aacab1158f9e233d43cb3fe1f.mpf_cache
2023-01-01 18:12:09,576 : WARNING : ConfigProcessor : Cache file not found: C:\Users\dell\AppData\Local\Temp\93dd7129697f51b97f6c3186dcf43a8c.mpf_cache
2023-01-01 18:12:09,576 : INFO : ConfigProcessor : Loading config from file E:\MPF\wows\wows\shows\.\sh_jackpot_to_super.yaml.
2023-01-01 18:12:09,682 : INFO : ConfigProcessor : Loading config: E:\MPF\wows\wows\shows\.\sh_jackpot_to_super.yaml
2023-01-01 18:12:09,683 : INFO : ConfigProcessor : Config file cache created: C:\Users\dell\AppData\Local\Temp\93dd7129697f51b97f6c3186dcf43a8c.mpf_cache
2023-01-01 18:12:09,683 : WARNING : ConfigProcessor : Cache file not found: C:\Users\dell\AppData\Local\Temp\854a9aa5d57e7e92df5c4ac62cddaec0.mpf_cache
2023-01-01 18:12:09,683 : INFO : ConfigProcessor : Loading config from file E:\MPF\wows\wows\shows\.\sh_jackpot_to_super_prepare.yaml.
2023-01-01 18:12:09,688 : INFO : ConfigProcessor : Loading config: E:\MPF\wows\wows\shows\.\sh_jackpot_to_super_prepare.yaml
2023-01-01 18:12:09,688 : INFO : ConfigProcessor : Config file cache created: C:\Users\dell\AppData\Local\Temp\854a9aa5d57e7e92df5c4ac62cddaec0.mpf_cache
2023-01-01 18:12:09,688 : WARNING : ConfigProcessor : Cache file not found: C:\Users\dell\AppData\Local\Temp\4a17f5ab6f47bd6cbffa808b6eeea916.mpf_cache
2023-01-01 18:12:09,688 : INFO : ConfigProcessor : Loading config from file E:\MPF\wows\wows\shows\.\sh_match.yaml.
2023-01-01 18:12:09,744 : INFO : ConfigProcessor : Loading config: E:\MPF\wows\wows\shows\.\sh_match.yaml
2023-01-01 18:12:09,745 : INFO : ConfigProcessor : Config file cache created: C:\Users\dell\AppData\Local\Temp\4a17f5ab6f47bd6cbffa808b6eeea916.mpf_cache
2023-01-01 18:12:09,745 : WARNING : ConfigProcessor : Cache file not found: C:\Users\dell\AppData\Local\Temp\87b77888918ca02abc6ea55edabaa1e0.mpf_cache
2023-01-01 18:12:09,745 : INFO : ConfigProcessor : Loading config from file E:\MPF\wows\wows\shows\.\sh_mode_10_completed.yaml.
2023-01-01 18:12:09,791 : INFO : ConfigProcessor : Loading config: E:\MPF\wows\wows\shows\.\sh_mode_10_completed.yaml
2023-01-01 18:12:09,792 : INFO : ConfigProcessor : Config file cache created: C:\Users\dell\AppData\Local\Temp\87b77888918ca02abc6ea55edabaa1e0.mpf_cache
2023-01-01 18:12:09,792 : WARNING : ConfigProcessor : Cache file not found: C:\Users\dell\AppData\Local\Temp\2e8097eb902f0db673edff67ef20cd70.mpf_cache
2023-01-01 18:12:09,792 : INFO : ConfigProcessor : Loading config from file E:\MPF\wows\wows\shows\.\sh_mode_10_progress.yaml.
2023-01-01 18:12:09,799 : INFO : ConfigProcessor : Loading config: E:\MPF\wows\wows\shows\.\sh_mode_10_progress.yaml
2023-01-01 18:12:09,799 : INFO : ConfigProcessor : Config file cache created: C:\Users\dell\AppData\Local\Temp\2e8097eb902f0db673edff67ef20cd70.mpf_cache
2023-01-01 18:12:09,800 : WARNING : ConfigProcessor : Cache file not found: C:\Users\dell\AppData\Local\Temp\6dda5ce3394e1c203b91cdb4c3bc5158.mpf_cache
2023-01-01 18:12:09,800 : INFO : ConfigProcessor : Loading config from file E:\MPF\wows\wows\shows\.\sh_mode_10_start.yaml.
2023-01-01 18:12:09,806 : INFO : ConfigProcessor : Loading config: E:\MPF\wows\wows\shows\.\sh_mode_10_start.yaml
2023-01-01 18:12:09,807 : INFO : ConfigProcessor : Config file cache created: C:\Users\dell\AppData\Local\Temp\6dda5ce3394e1c203b91cdb4c3bc5158.mpf_cache
2023-01-01 18:12:09,807 : WARNING : ConfigProcessor : Cache file not found: C:\Users\dell\AppData\Local\Temp\801d82c75b08baf8aba110a640054dee.mpf_cache
2023-01-01 18:12:09,807 : INFO : ConfigProcessor : Loading config from file E:\MPF\wows\wows\shows\.\sh_mode_1_completed.yaml.
2023-01-01 18:12:09,849 : INFO : ConfigProcessor : Loading config: E:\MPF\wows\wows\shows\.\sh_mode_1_completed.yaml
2023-01-01 18:12:09,850 : INFO : ConfigProcessor : Config file cache created: C:\Users\dell\AppData\Local\Temp\801d82c75b08baf8aba110a640054dee.mpf_cache
2023-01-01 18:12:09,850 : WARNING : ConfigProcessor : Cache file not found: C:\Users\dell\AppData\Local\Temp\6d7eeb6b67afdec81637282a9dda6782.mpf_cache
2023-01-01 18:12:09,850 : INFO : ConfigProcessor : Loading config from file E:\MPF\wows\wows\shows\.\sh_mode_1_progress.yaml.
2023-01-01 18:12:09,867 : INFO : ConfigProcessor : Loading config: E:\MPF\wows\wows\shows\.\sh_mode_1_progress.yaml
2023-01-01 18:12:09,868 : INFO : ConfigProcessor : Config file cache created: C:\Users\dell\AppData\Local\Temp\6d7eeb6b67afdec81637282a9dda6782.mpf_cache
2023-01-01 18:12:09,868 : WARNING : ConfigProcessor : Cache file not found: C:\Users\dell\AppData\Local\Temp\f18efe2c04100550263acd9a8a6038af.mpf_cache
2023-01-01 18:12:09,868 : INFO : ConfigProcessor : Loading config from file E:\MPF\wows\wows\shows\.\sh_mode_1_shot_made_1.yaml.
2023-01-01 18:12:09,876 : INFO : ConfigProcessor : Loading config: E:\MPF\wows\wows\shows\.\sh_mode_1_shot_made_1.yaml
2023-01-01 18:12:09,876 : INFO : ConfigProcessor : Config file cache created: C:\Users\dell\AppData\Local\Temp\f18efe2c04100550263acd9a8a6038af.mpf_cache
2023-01-01 18:12:09,877 : WARNING : ConfigProcessor : Cache file not found: C:\Users\dell\AppData\Local\Temp\77dfdfbf7011c8796e93f9e4ee745691.mpf_cache
2023-01-01 18:12:09,877 : INFO : ConfigProcessor : Loading config from file E:\MPF\wows\wows\shows\.\sh_mode_1_shot_made_2.yaml.
2023-01-01 18:12:09,884 : INFO : ConfigProcessor : Loading config: E:\MPF\wows\wows\shows\.\sh_mode_1_shot_made_2.yaml
2023-01-01 18:12:09,884 : INFO : ConfigProcessor : Config file cache created: C:\Users\dell\AppData\Local\Temp\77dfdfbf7011c8796e93f9e4ee745691.mpf_cache
2023-01-01 18:12:09,885 : WARNING : ConfigProcessor : Cache file not found: C:\Users\dell\AppData\Local\Temp\55e62533d8b0090336fcaf5380faf342.mpf_cache
2023-01-01 18:12:09,885 : INFO : ConfigProcessor : Loading config from file E:\MPF\wows\wows\shows\.\sh_mode_1_shot_made_3.yaml.
2023-01-01 18:12:09,894 : INFO : ConfigProcessor : Loading config: E:\MPF\wows\wows\shows\.\sh_mode_1_shot_made_3.yaml
2023-01-01 18:12:09,894 : INFO : ConfigProcessor : Config file cache created: C:\Users\dell\AppData\Local\Temp\55e62533d8b0090336fcaf5380faf342.mpf_cache
2023-01-01 18:12:09,895 : WARNING : ConfigProcessor : Cache file not found: C:\Users\dell\AppData\Local\Temp\9fa4a25ee32f55bf2c6a76fb59d8bbaf.mpf_cache
2023-01-01 18:12:09,895 : INFO : ConfigProcessor : Loading config from file E:\MPF\wows\wows\shows\.\sh_mode_1_shot_made_4.yaml.
2023-01-01 18:12:09,902 : INFO : ConfigProcessor : Loading config: E:\MPF\wows\wows\shows\.\sh_mode_1_shot_made_4.yaml
2023-01-01 18:12:09,902 : INFO : ConfigProcessor : Config file cache created: C:\Users\dell\AppData\Local\Temp\9fa4a25ee32f55bf2c6a76fb59d8bbaf.mpf_cache
2023-01-01 18:12:09,902 : WARNING : ConfigProcessor : Cache file not found: C:\Users\dell\AppData\Local\Temp\7e90ab1bc560333dd4b4d9f4aaf6bf62.mpf_cache
2023-01-01 18:12:09,903 : INFO : ConfigProcessor : Loading config from file E:\MPF\wows\wows\shows\.\sh_mode_1_start.yaml.
2023-01-01 18:12:09,908 : INFO : ConfigProcessor : Loading config: E:\MPF\wows\wows\shows\.\sh_mode_1_start.yaml
2023-01-01 18:12:09,908 : INFO : ConfigProcessor : Config file cache created: C:\Users\dell\AppData\Local\Temp\7e90ab1bc560333dd4b4d9f4aaf6bf62.mpf_cache
2023-01-01 18:12:09,908 : WARNING : ConfigProcessor : Cache file not found: C:\Users\dell\AppData\Local\Temp\24505a0d42d384632078d94085b52904.mpf_cache
2023-01-01 18:12:09,909 : INFO : ConfigProcessor : Loading config from file E:\MPF\wows\wows\shows\.\sh_mode_2_completed.yaml.
2023-01-01 18:12:09,943 : INFO : ConfigProcessor : Loading config: E:\MPF\wows\wows\shows\.\sh_mode_2_completed.yaml
2023-01-01 18:12:09,943 : INFO : ConfigProcessor : Config file cache created: C:\Users\dell\AppData\Local\Temp\24505a0d42d384632078d94085b52904.mpf_cache
2023-01-01 18:12:09,944 : WARNING : ConfigProcessor : Cache file not found: C:\Users\dell\AppData\Local\Temp\d2e2dee5d391f181bf417bbfa62b8ee2.mpf_cache
2023-01-01 18:12:09,944 : INFO : ConfigProcessor : Loading config from file E:\MPF\wows\wows\shows\.\sh_mode_2_progress.yaml.
2023-01-01 18:12:09,950 : INFO : ConfigProcessor : Loading config: E:\MPF\wows\wows\shows\.\sh_mode_2_progress.yaml
2023-01-01 18:12:09,951 : INFO : ConfigProcessor : Config file cache created: C:\Users\dell\AppData\Local\Temp\d2e2dee5d391f181bf417bbfa62b8ee2.mpf_cache
2023-01-01 18:12:09,951 : WARNING : ConfigProcessor : Cache file not found: C:\Users\dell\AppData\Local\Temp\4398dc713d774371f49c655025259670.mpf_cache
2023-01-01 18:12:09,951 : INFO : ConfigProcessor : Loading config from file E:\MPF\wows\wows\shows\.\sh_mode_2_start.yaml.
2023-01-01 18:12:10,057 : INFO : ConfigProcessor : Loading config: E:\MPF\wows\wows\shows\.\sh_mode_2_start.yaml
2023-01-01 18:12:10,058 : INFO : ConfigProcessor : Config file cache created: C:\Users\dell\AppData\Local\Temp\4398dc713d774371f49c655025259670.mpf_cache
2023-01-01 18:12:10,058 : WARNING : ConfigProcessor : Cache file not found: C:\Users\dell\AppData\Local\Temp\2a10046c74e5eb8ef0ed9d338302b7e2.mpf_cache
2023-01-01 18:12:10,058 : INFO : ConfigProcessor : Loading config from file E:\MPF\wows\wows\shows\.\sh_mode_3_completed.yaml.
2023-01-01 18:12:10,065 : INFO : ConfigProcessor : Loading config: E:\MPF\wows\wows\shows\.\sh_mode_3_completed.yaml
2023-01-01 18:12:10,066 : INFO : ConfigProcessor : Config file cache created: C:\Users\dell\AppData\Local\Temp\2a10046c74e5eb8ef0ed9d338302b7e2.mpf_cache
2023-01-01 18:12:10,066 : WARNING : ConfigProcessor : Cache file not found: C:\Users\dell\AppData\Local\Temp\1976a772a16c7f14b7c542c255637f22.mpf_cache
2023-01-01 18:12:10,066 : INFO : ConfigProcessor : Loading config from file E:\MPF\wows\wows\shows\.\sh_mode_3_progress.yaml.
2023-01-01 18:12:10,072 : INFO : ConfigProcessor : Loading config: E:\MPF\wows\wows\shows\.\sh_mode_3_progress.yaml
2023-01-01 18:12:10,073 : INFO : ConfigProcessor : Config file cache created: C:\Users\dell\AppData\Local\Temp\1976a772a16c7f14b7c542c255637f22.mpf_cache
2023-01-01 18:12:10,073 : WARNING : ConfigProcessor : Cache file not found: C:\Users\dell\AppData\Local\Temp\91df8e0ae0e44730ed622ea2efb74e97.mpf_cache
2023-01-01 18:12:10,073 : INFO : ConfigProcessor : Loading config from file E:\MPF\wows\wows\shows\.\sh_mode_3_shot_made.yaml.
2023-01-01 18:12:10,265 : INFO : ConfigProcessor : Loading config: E:\MPF\wows\wows\shows\.\sh_mode_3_shot_made.yaml
2023-01-01 18:12:10,265 : INFO : ConfigProcessor : Config file cache created: C:\Users\dell\AppData\Local\Temp\91df8e0ae0e44730ed622ea2efb74e97.mpf_cache
2023-01-01 18:12:10,265 : WARNING : ConfigProcessor : Cache file not found: C:\Users\dell\AppData\Local\Temp\dff6fabdd3c60a7e52618c514c4d53bb.mpf_cache
2023-01-01 18:12:10,266 : INFO : ConfigProcessor : Loading config from file E:\MPF\wows\wows\shows\.\sh_mode_3_start.yaml.
2023-01-01 18:12:10,272 : INFO : ConfigProcessor : Loading config: E:\MPF\wows\wows\shows\.\sh_mode_3_start.yaml
2023-01-01 18:12:10,272 : INFO : ConfigProcessor : Config file cache created: C:\Users\dell\AppData\Local\Temp\dff6fabdd3c60a7e52618c514c4d53bb.mpf_cache
2023-01-01 18:12:10,273 : WARNING : ConfigProcessor : Cache file not found: C:\Users\dell\AppData\Local\Temp\b00ca6d895de68a8daf4555cf943ba58.mpf_cache
2023-01-01 18:12:10,273 : INFO : ConfigProcessor : Loading config from file E:\MPF\wows\wows\shows\.\sh_mode_4_completed.yaml.
2023-01-01 18:12:10,280 : INFO : ConfigProcessor : Loading config: E:\MPF\wows\wows\shows\.\sh_mode_4_completed.yaml
2023-01-01 18:12:10,281 : INFO : ConfigProcessor : Config file cache created: C:\Users\dell\AppData\Local\Temp\b00ca6d895de68a8daf4555cf943ba58.mpf_cache
2023-01-01 18:12:10,281 : WARNING : ConfigProcessor : Cache file not found: C:\Users\dell\AppData\Local\Temp\b5b8a4db5bea0726b6595532599dafa3.mpf_cache
2023-01-01 18:12:10,281 : INFO : ConfigProcessor : Loading config from file E:\MPF\wows\wows\shows\.\sh_mode_4_progress.yaml.
2023-01-01 18:12:10,287 : INFO : ConfigProcessor : Loading config: E:\MPF\wows\wows\shows\.\sh_mode_4_progress.yaml
2023-01-01 18:12:10,287 : INFO : ConfigProcessor : Config file cache created: C:\Users\dell\AppData\Local\Temp\b5b8a4db5bea0726b6595532599dafa3.mpf_cache
2023-01-01 18:12:10,287 : WARNING : ConfigProcessor : Cache file not found: C:\Users\dell\AppData\Local\Temp\69fdf32f8b1f00ca71933bfdf818d181.mpf_cache
2023-01-01 18:12:10,287 : INFO : ConfigProcessor : Loading config from file E:\MPF\wows\wows\shows\.\sh_mode_4_shot_made.yaml.
2023-01-01 18:12:10,294 : INFO : ConfigProcessor : Loading config: E:\MPF\wows\wows\shows\.\sh_mode_4_shot_made.yaml
2023-01-01 18:12:10,294 : INFO : ConfigProcessor : Config file cache created: C:\Users\dell\AppData\Local\Temp\69fdf32f8b1f00ca71933bfdf818d181.mpf_cache
2023-01-01 18:12:10,295 : WARNING : ConfigProcessor : Cache file not found: C:\Users\dell\AppData\Local\Temp\2ea47c81ed4f8a69c675021c80778e85.mpf_cache
2023-01-01 18:12:10,295 : INFO : ConfigProcessor : Loading config from file E:\MPF\wows\wows\shows\.\sh_mode_4_start.yaml.
2023-01-01 18:12:10,302 : INFO : ConfigProcessor : Loading config: E:\MPF\wows\wows\shows\.\sh_mode_4_start.yaml
2023-01-01 18:12:10,302 : INFO : ConfigProcessor : Config file cache created: C:\Users\dell\AppData\Local\Temp\2ea47c81ed4f8a69c675021c80778e85.mpf_cache
2023-01-01 18:12:10,303 : WARNING : ConfigProcessor : Cache file not found: C:\Users\dell\AppData\Local\Temp\4341f22727a1b0f8b478ff6fc7114278.mpf_cache
2023-01-01 18:12:10,303 : INFO : ConfigProcessor : Loading config from file E:\MPF\wows\wows\shows\.\sh_mode_5_completed.yaml.
2023-01-01 18:12:10,311 : INFO : ConfigProcessor : Loading config: E:\MPF\wows\wows\shows\.\sh_mode_5_completed.yaml
2023-01-01 18:12:10,311 : INFO : ConfigProcessor : Config file cache created: C:\Users\dell\AppData\Local\Temp\4341f22727a1b0f8b478ff6fc7114278.mpf_cache
2023-01-01 18:12:10,311 : WARNING : ConfigProcessor : Cache file not found: C:\Users\dell\AppData\Local\Temp\34b907b0c1988670c99198ad34048e9b.mpf_cache
2023-01-01 18:12:10,311 : INFO : ConfigProcessor : Loading config from file E:\MPF\wows\wows\shows\.\sh_mode_5_progress.yaml.
2023-01-01 18:12:10,317 : INFO : ConfigProcessor : Loading config: E:\MPF\wows\wows\shows\.\sh_mode_5_progress.yaml
2023-01-01 18:12:10,318 : INFO : ConfigProcessor : Config file cache created: C:\Users\dell\AppData\Local\Temp\34b907b0c1988670c99198ad34048e9b.mpf_cache
2023-01-01 18:12:10,318 : WARNING : ConfigProcessor : Cache file not found: C:\Users\dell\AppData\Local\Temp\3078b120455821a73c8c6f8a1dceab4f.mpf_cache
2023-01-01 18:12:10,318 : INFO : ConfigProcessor : Loading config from file E:\MPF\wows\wows\shows\.\sh_mode_5_shot_made.yaml.
2023-01-01 18:12:10,325 : INFO : ConfigProcessor : Loading config: E:\MPF\wows\wows\shows\.\sh_mode_5_shot_made.yaml
2023-01-01 18:12:10,325 : INFO : ConfigProcessor : Config file cache created: C:\Users\dell\AppData\Local\Temp\3078b120455821a73c8c6f8a1dceab4f.mpf_cache
2023-01-01 18:12:10,325 : WARNING : ConfigProcessor : Cache file not found: C:\Users\dell\AppData\Local\Temp\d95a17e65a2b41e386a7fc14bcda65fd.mpf_cache
2023-01-01 18:12:10,326 : INFO : ConfigProcessor : Loading config from file E:\MPF\wows\wows\shows\.\sh_mode_5_start.yaml.
2023-01-01 18:12:10,332 : INFO : ConfigProcessor : Loading config: E:\MPF\wows\wows\shows\.\sh_mode_5_start.yaml
2023-01-01 18:12:10,332 : INFO : ConfigProcessor : Config file cache created: C:\Users\dell\AppData\Local\Temp\d95a17e65a2b41e386a7fc14bcda65fd.mpf_cache
2023-01-01 18:12:10,332 : WARNING : ConfigProcessor : Cache file not found: C:\Users\dell\AppData\Local\Temp\70a3dc288dcfdeeb747f888700969697.mpf_cache
2023-01-01 18:12:10,332 : INFO : ConfigProcessor : Loading config from file E:\MPF\wows\wows\shows\.\sh_mode_6_completed.yaml.
2023-01-01 18:12:10,340 : INFO : ConfigProcessor : Loading config: E:\MPF\wows\wows\shows\.\sh_mode_6_completed.yaml
2023-01-01 18:12:10,340 : INFO : ConfigProcessor : Config file cache created: C:\Users\dell\AppData\Local\Temp\70a3dc288dcfdeeb747f888700969697.mpf_cache
2023-01-01 18:12:10,341 : WARNING : ConfigProcessor : Cache file not found: C:\Users\dell\AppData\Local\Temp\a545989d29acb91f9b5046622b67b4ed.mpf_cache
2023-01-01 18:12:10,341 : INFO : ConfigProcessor : Loading config from file E:\MPF\wows\wows\shows\.\sh_mode_6_progress.yaml.
2023-01-01 18:12:10,347 : INFO : ConfigProcessor : Loading config: E:\MPF\wows\wows\shows\.\sh_mode_6_progress.yaml
2023-01-01 18:12:10,348 : INFO : ConfigProcessor : Config file cache created: C:\Users\dell\AppData\Local\Temp\a545989d29acb91f9b5046622b67b4ed.mpf_cache
2023-01-01 18:12:10,348 : WARNING : ConfigProcessor : Cache file not found: C:\Users\dell\AppData\Local\Temp\8d6f9c7ff9c39db68f4d155bf8492fbe.mpf_cache
2023-01-01 18:12:10,348 : INFO : ConfigProcessor : Loading config from file E:\MPF\wows\wows\shows\.\sh_mode_6_shot_made.yaml.
2023-01-01 18:12:10,354 : INFO : ConfigProcessor : Loading config: E:\MPF\wows\wows\shows\.\sh_mode_6_shot_made.yaml
2023-01-01 18:12:10,355 : INFO : ConfigProcessor : Config file cache created: C:\Users\dell\AppData\Local\Temp\8d6f9c7ff9c39db68f4d155bf8492fbe.mpf_cache
2023-01-01 18:12:10,355 : WARNING : ConfigProcessor : Cache file not found: C:\Users\dell\AppData\Local\Temp\155f4ce74e2bf17af8dbff2a4763087f.mpf_cache
2023-01-01 18:12:10,355 : INFO : ConfigProcessor : Loading config from file E:\MPF\wows\wows\shows\.\sh_mode_6_start.yaml.
2023-01-01 18:12:10,361 : INFO : ConfigProcessor : Loading config: E:\MPF\wows\wows\shows\.\sh_mode_6_start.yaml
2023-01-01 18:12:10,362 : INFO : ConfigProcessor : Config file cache created: C:\Users\dell\AppData\Local\Temp\155f4ce74e2bf17af8dbff2a4763087f.mpf_cache
2023-01-01 18:12:10,362 : WARNING : ConfigProcessor : Cache file not found: C:\Users\dell\AppData\Local\Temp\1f327f8ed4990105250a8e68ccfd880b.mpf_cache
2023-01-01 18:12:10,362 : INFO : ConfigProcessor : Loading config from file E:\MPF\wows\wows\shows\.\sh_mode_7_completed.yaml.
2023-01-01 18:12:10,370 : INFO : ConfigProcessor : Loading config: E:\MPF\wows\wows\shows\.\sh_mode_7_completed.yaml
2023-01-01 18:12:10,370 : INFO : ConfigProcessor : Config file cache created: C:\Users\dell\AppData\Local\Temp\1f327f8ed4990105250a8e68ccfd880b.mpf_cache
2023-01-01 18:12:10,370 : WARNING : ConfigProcessor : Cache file not found: C:\Users\dell\AppData\Local\Temp\631f1a0f4495ddfec417d1e517d075ee.mpf_cache
2023-01-01 18:12:10,370 : INFO : ConfigProcessor : Loading config from file E:\MPF\wows\wows\shows\.\sh_mode_7_progress.yaml.
2023-01-01 18:12:10,377 : INFO : ConfigProcessor : Loading config: E:\MPF\wows\wows\shows\.\sh_mode_7_progress.yaml
2023-01-01 18:12:10,377 : INFO : ConfigProcessor : Config file cache created: C:\Users\dell\AppData\Local\Temp\631f1a0f4495ddfec417d1e517d075ee.mpf_cache
2023-01-01 18:12:10,377 : WARNING : ConfigProcessor : Cache file not found: C:\Users\dell\AppData\Local\Temp\58d128190d1d0b57398f3d0bb3d51665.mpf_cache
2023-01-01 18:12:10,377 : INFO : ConfigProcessor : Loading config from file E:\MPF\wows\wows\shows\.\sh_mode_7_shot_made.yaml.
2023-01-01 18:12:10,467 : INFO : ConfigProcessor : Loading config: E:\MPF\wows\wows\shows\.\sh_mode_7_shot_made.yaml
2023-01-01 18:12:10,467 : INFO : ConfigProcessor : Config file cache created: C:\Users\dell\AppData\Local\Temp\58d128190d1d0b57398f3d0bb3d51665.mpf_cache
2023-01-01 18:12:10,468 : WARNING : ConfigProcessor : Cache file not found: C:\Users\dell\AppData\Local\Temp\3a392e0f36204bd15fe7f620a9abd8a5.mpf_cache
2023-01-01 18:12:10,468 : INFO : ConfigProcessor : Loading config from file E:\MPF\wows\wows\shows\.\sh_mode_7_start.yaml.
2023-01-01 18:12:10,475 : INFO : ConfigProcessor : Loading config: E:\MPF\wows\wows\shows\.\sh_mode_7_start.yaml
2023-01-01 18:12:10,475 : INFO : ConfigProcessor : Config file cache created: C:\Users\dell\AppData\Local\Temp\3a392e0f36204bd15fe7f620a9abd8a5.mpf_cache
2023-01-01 18:12:10,475 : WARNING : ConfigProcessor : Cache file not found: C:\Users\dell\AppData\Local\Temp\a21cdf4e7d11d0ddd588c2361820cd3f.mpf_cache
2023-01-01 18:12:10,476 : INFO : ConfigProcessor : Loading config from file E:\MPF\wows\wows\shows\.\sh_mode_8_completed.yaml.
2023-01-01 18:12:10,638 : INFO : ConfigProcessor : Loading config: E:\MPF\wows\wows\shows\.\sh_mode_8_completed.yaml
2023-01-01 18:12:10,638 : INFO : ConfigProcessor : Config file cache created: C:\Users\dell\AppData\Local\Temp\a21cdf4e7d11d0ddd588c2361820cd3f.mpf_cache
2023-01-01 18:12:10,639 : WARNING : ConfigProcessor : Cache file not found: C:\Users\dell\AppData\Local\Temp\c985e32e9d44f65a2b4ce21de0879b93.mpf_cache
2023-01-01 18:12:10,639 : INFO : ConfigProcessor : Loading config from file E:\MPF\wows\wows\shows\.\sh_mode_8_progress.yaml.
2023-01-01 18:12:10,699 : INFO : ConfigProcessor : Loading config: E:\MPF\wows\wows\shows\.\sh_mode_8_progress.yaml
2023-01-01 18:12:10,700 : INFO : ConfigProcessor : Config file cache created: C:\Users\dell\AppData\Local\Temp\c985e32e9d44f65a2b4ce21de0879b93.mpf_cache
2023-01-01 18:12:10,700 : WARNING : ConfigProcessor : Cache file not found: C:\Users\dell\AppData\Local\Temp\53b5443f454133ae1b362b3b93db77cb.mpf_cache
2023-01-01 18:12:10,700 : INFO : ConfigProcessor : Loading config from file E:\MPF\wows\wows\shows\.\sh_mode_8_shot_made.yaml.
2023-01-01 18:12:10,706 : INFO : ConfigProcessor : Loading config: E:\MPF\wows\wows\shows\.\sh_mode_8_shot_made.yaml
2023-01-01 18:12:10,706 : INFO : ConfigProcessor : Config file cache created: C:\Users\dell\AppData\Local\Temp\53b5443f454133ae1b362b3b93db77cb.mpf_cache
2023-01-01 18:12:10,707 : WARNING : ConfigProcessor : Cache file not found: C:\Users\dell\AppData\Local\Temp\3931d087bd0a337e7115b05d59ca5799.mpf_cache
2023-01-01 18:12:10,707 : INFO : ConfigProcessor : Loading config from file E:\MPF\wows\wows\shows\.\sh_mode_8_start.yaml.
2023-01-01 18:12:10,713 : INFO : ConfigProcessor : Loading config: E:\MPF\wows\wows\shows\.\sh_mode_8_start.yaml
2023-01-01 18:12:10,714 : INFO : ConfigProcessor : Config file cache created: C:\Users\dell\AppData\Local\Temp\3931d087bd0a337e7115b05d59ca5799.mpf_cache
2023-01-01 18:12:10,714 : WARNING : ConfigProcessor : Cache file not found: C:\Users\dell\AppData\Local\Temp\4b9dbb62597032bf50b643d8dab4e70a.mpf_cache
2023-01-01 18:12:10,714 : INFO : ConfigProcessor : Loading config from file E:\MPF\wows\wows\shows\.\sh_mode_9_completed.yaml.
2023-01-01 18:12:10,722 : INFO : ConfigProcessor : Loading config: E:\MPF\wows\wows\shows\.\sh_mode_9_completed.yaml
2023-01-01 18:12:10,722 : INFO : ConfigProcessor : Config file cache created: C:\Users\dell\AppData\Local\Temp\4b9dbb62597032bf50b643d8dab4e70a.mpf_cache
2023-01-01 18:12:10,722 : WARNING : ConfigProcessor : Cache file not found: C:\Users\dell\AppData\Local\Temp\765fb0e29c5e0a3c4df63af3a63a2aa9.mpf_cache
2023-01-01 18:12:10,722 : INFO : ConfigProcessor : Loading config from file E:\MPF\wows\wows\shows\.\sh_mode_9_progress.yaml.
2023-01-01 18:12:10,729 : INFO : ConfigProcessor : Loading config: E:\MPF\wows\wows\shows\.\sh_mode_9_progress.yaml
2023-01-01 18:12:10,729 : INFO : ConfigProcessor : Config file cache created: C:\Users\dell\AppData\Local\Temp\765fb0e29c5e0a3c4df63af3a63a2aa9.mpf_cache
2023-01-01 18:12:10,729 : WARNING : ConfigProcessor : Cache file not found: C:\Users\dell\AppData\Local\Temp\92bd7ddb78685ce3872fdffddbf4066b.mpf_cache
2023-01-01 18:12:10,729 : INFO : ConfigProcessor : Loading config from file E:\MPF\wows\wows\shows\.\sh_mode_9_shot_made.yaml.
2023-01-01 18:12:10,736 : INFO : ConfigProcessor : Loading config: E:\MPF\wows\wows\shows\.\sh_mode_9_shot_made.yaml
2023-01-01 18:12:10,736 : INFO : ConfigProcessor : Config file cache created: C:\Users\dell\AppData\Local\Temp\92bd7ddb78685ce3872fdffddbf4066b.mpf_cache
2023-01-01 18:12:10,737 : WARNING : ConfigProcessor : Cache file not found: C:\Users\dell\AppData\Local\Temp\f17b18f8fc49aa4015f8aaed5fe0310c.mpf_cache
2023-01-01 18:12:10,737 : INFO : ConfigProcessor : Loading config from file E:\MPF\wows\wows\shows\.\sh_mode_9_start.yaml.
2023-01-01 18:12:10,743 : INFO : ConfigProcessor : Loading config: E:\MPF\wows\wows\shows\.\sh_mode_9_start.yaml
2023-01-01 18:12:10,744 : INFO : ConfigProcessor : Config file cache created: C:\Users\dell\AppData\Local\Temp\f17b18f8fc49aa4015f8aaed5fe0310c.mpf_cache
2023-01-01 18:12:10,744 : WARNING : ConfigProcessor : Cache file not found: C:\Users\dell\AppData\Local\Temp\6025440fe966918e9010659c75a84677.mpf_cache
2023-01-01 18:12:10,744 : INFO : ConfigProcessor : Loading config from file E:\MPF\wows\wows\shows\.\sh_mode_end_sound.yaml.
2023-01-01 18:12:10,810 : INFO : ConfigProcessor : Loading config: E:\MPF\wows\wows\shows\.\sh_mode_end_sound.yaml
2023-01-01 18:12:10,811 : INFO : ConfigProcessor : Config file cache created: C:\Users\dell\AppData\Local\Temp\6025440fe966918e9010659c75a84677.mpf_cache
2023-01-01 18:12:10,811 : WARNING : ConfigProcessor : Cache file not found: C:\Users\dell\AppData\Local\Temp\cfdf05d29e2db67703b682b9e2f3ca3c.mpf_cache
2023-01-01 18:12:10,811 : INFO : ConfigProcessor : Loading config from file E:\MPF\wows\wows\shows\.\sh_multiple_jackpot_background_sound_1.yaml.
2023-01-01 18:12:11,461 : INFO : ConfigProcessor : Loading config: E:\MPF\wows\wows\shows\.\sh_multiple_jackpot_background_sound_1.yaml
2023-01-01 18:12:11,462 : INFO : ConfigProcessor : Config file cache created: C:\Users\dell\AppData\Local\Temp\cfdf05d29e2db67703b682b9e2f3ca3c.mpf_cache
2023-01-01 18:12:11,462 : WARNING : ConfigProcessor : Cache file not found: C:\Users\dell\AppData\Local\Temp\d94e10a03295440a68c0665192595ed1.mpf_cache
2023-01-01 18:12:11,462 : INFO : ConfigProcessor : Loading config from file E:\MPF\wows\wows\shows\.\sh_multiple_jackpot_background_sound_2.yaml.
2023-01-01 18:12:11,503 : INFO : ConfigProcessor : Loading config: E:\MPF\wows\wows\shows\.\sh_multiple_jackpot_background_sound_2.yaml
2023-01-01 18:12:11,503 : INFO : ConfigProcessor : Config file cache created: C:\Users\dell\AppData\Local\Temp\d94e10a03295440a68c0665192595ed1.mpf_cache
2023-01-01 18:12:11,503 : WARNING : ConfigProcessor : Cache file not found: C:\Users\dell\AppData\Local\Temp\01f102dbddb32abe391845f1f1fb6297.mpf_cache
2023-01-01 18:12:11,504 : INFO : ConfigProcessor : Loading config from file E:\MPF\wows\wows\shows\.\sh_multiple_jackpot_background_sound_3.yaml.
2023-01-01 18:12:11,509 : INFO : ConfigProcessor : Loading config: E:\MPF\wows\wows\shows\.\sh_multiple_jackpot_background_sound_3.yaml
2023-01-01 18:12:11,509 : INFO : ConfigProcessor : Config file cache created: C:\Users\dell\AppData\Local\Temp\01f102dbddb32abe391845f1f1fb6297.mpf_cache
2023-01-01 18:12:11,510 : WARNING : ConfigProcessor : Cache file not found: C:\Users\dell\AppData\Local\Temp\31f678389d4048ccede53f3d9bb6ebf4.mpf_cache
2023-01-01 18:12:11,510 : INFO : ConfigProcessor : Loading config from file E:\MPF\wows\wows\shows\.\sh_muzzle_flash_1.yaml.
2023-01-01 18:12:12,153 : INFO : ConfigProcessor : Loading config: E:\MPF\wows\wows\shows\.\sh_muzzle_flash_1.yaml
2023-01-01 18:12:12,153 : INFO : ConfigProcessor : Config file cache created: C:\Users\dell\AppData\Local\Temp\31f678389d4048ccede53f3d9bb6ebf4.mpf_cache
2023-01-01 18:12:12,154 : WARNING : ConfigProcessor : Cache file not found: C:\Users\dell\AppData\Local\Temp\b22da84cc4aef91ed7f9bc0328a0f1b4.mpf_cache
2023-01-01 18:12:12,154 : INFO : ConfigProcessor : Loading config from file E:\MPF\wows\wows\shows\.\sh_muzzle_flash_2.yaml.
2023-01-01 18:12:12,160 : INFO : ConfigProcessor : Loading config: E:\MPF\wows\wows\shows\.\sh_muzzle_flash_2.yaml
2023-01-01 18:12:12,160 : INFO : ConfigProcessor : Config file cache created: C:\Users\dell\AppData\Local\Temp\b22da84cc4aef91ed7f9bc0328a0f1b4.mpf_cache
2023-01-01 18:12:12,160 : WARNING : ConfigProcessor : Cache file not found: C:\Users\dell\AppData\Local\Temp\da1fede4c95c7878b99d619776f98fd7.mpf_cache
2023-01-01 18:12:12,160 : INFO : ConfigProcessor : Loading config from file E:\MPF\wows\wows\shows\.\sh_muzzle_flash_3.yaml.
2023-01-01 18:12:12,166 : INFO : ConfigProcessor : Loading config: E:\MPF\wows\wows\shows\.\sh_muzzle_flash_3.yaml
2023-01-01 18:12:12,166 : INFO : ConfigProcessor : Config file cache created: C:\Users\dell\AppData\Local\Temp\da1fede4c95c7878b99d619776f98fd7.mpf_cache
2023-01-01 18:12:12,167 : WARNING : ConfigProcessor : Cache file not found: C:\Users\dell\AppData\Local\Temp\cc30193cdee974cc13426b098027cee1.mpf_cache
2023-01-01 18:12:12,167 : INFO : ConfigProcessor : Loading config from file E:\MPF\wows\wows\shows\.\sh_muzzle_flash_4.yaml.
2023-01-01 18:12:12,172 : INFO : ConfigProcessor : Loading config: E:\MPF\wows\wows\shows\.\sh_muzzle_flash_4.yaml
2023-01-01 18:12:12,173 : INFO : ConfigProcessor : Config file cache created: C:\Users\dell\AppData\Local\Temp\cc30193cdee974cc13426b098027cee1.mpf_cache
2023-01-01 18:12:12,173 : WARNING : ConfigProcessor : Cache file not found: C:\Users\dell\AppData\Local\Temp\58e69a62c4f703cc84058f6193109d31.mpf_cache
2023-01-01 18:12:12,173 : INFO : ConfigProcessor : Loading config from file E:\MPF\wows\wows\shows\.\sh_muzzle_flash_5.yaml.
2023-01-01 18:12:12,180 : INFO : ConfigProcessor : Loading config: E:\MPF\wows\wows\shows\.\sh_muzzle_flash_5.yaml
2023-01-01 18:12:12,180 : INFO : ConfigProcessor : Config file cache created: C:\Users\dell\AppData\Local\Temp\58e69a62c4f703cc84058f6193109d31.mpf_cache
2023-01-01 18:12:12,180 : WARNING : ConfigProcessor : Cache file not found: C:\Users\dell\AppData\Local\Temp\e6a4926517ab55f9ed1b3658c3e4007c.mpf_cache
2023-01-01 18:12:12,180 : INFO : ConfigProcessor : Loading config from file E:\MPF\wows\wows\shows\.\sh_muzzle_flash_6.yaml.
2023-01-01 18:12:12,186 : INFO : ConfigProcessor : Loading config: E:\MPF\wows\wows\shows\.\sh_muzzle_flash_6.yaml
2023-01-01 18:12:12,186 : INFO : ConfigProcessor : Config file cache created: C:\Users\dell\AppData\Local\Temp\e6a4926517ab55f9ed1b3658c3e4007c.mpf_cache
2023-01-01 18:12:12,187 : WARNING : ConfigProcessor : Cache file not found: C:\Users\dell\AppData\Local\Temp\66ee654434268f21d59a1a197a33e84e.mpf_cache
2023-01-01 18:12:12,187 : INFO : ConfigProcessor : Loading config from file E:\MPF\wows\wows\shows\.\sh_sec_shell_1.yaml.
2023-01-01 18:12:12,762 : INFO : ConfigProcessor : Loading config: E:\MPF\wows\wows\shows\.\sh_sec_shell_1.yaml
2023-01-01 18:12:12,763 : INFO : ConfigProcessor : Config file cache created: C:\Users\dell\AppData\Local\Temp\66ee654434268f21d59a1a197a33e84e.mpf_cache
2023-01-01 18:12:12,763 : WARNING : ConfigProcessor : Cache file not found: C:\Users\dell\AppData\Local\Temp\0ad8a8c62d71fd6db5e688e34997c124.mpf_cache
2023-01-01 18:12:12,763 : INFO : ConfigProcessor : Loading config from file E:\MPF\wows\wows\shows\.\sh_sec_shell_10.yaml.
2023-01-01 18:12:13,336 : INFO : ConfigProcessor : Loading config: E:\MPF\wows\wows\shows\.\sh_sec_shell_10.yaml
2023-01-01 18:12:13,337 : INFO : ConfigProcessor : Config file cache created: C:\Users\dell\AppData\Local\Temp\0ad8a8c62d71fd6db5e688e34997c124.mpf_cache
2023-01-01 18:12:13,337 : WARNING : ConfigProcessor : Cache file not found: C:\Users\dell\AppData\Local\Temp\986ed299862bf4d6a9ee043620eb4411.mpf_cache
2023-01-01 18:12:13,337 : INFO : ConfigProcessor : Loading config from file E:\MPF\wows\wows\shows\.\sh_sec_shell_11.yaml.
2023-01-01 18:12:13,343 : INFO : ConfigProcessor : Loading config: E:\MPF\wows\wows\shows\.\sh_sec_shell_11.yaml
2023-01-01 18:12:13,343 : INFO : ConfigProcessor : Config file cache created: C:\Users\dell\AppData\Local\Temp\986ed299862bf4d6a9ee043620eb4411.mpf_cache
2023-01-01 18:12:13,344 : WARNING : ConfigProcessor : Cache file not found: C:\Users\dell\AppData\Local\Temp\85def6e32b8790efec9df62810edf89f.mpf_cache
2023-01-01 18:12:13,344 : INFO : ConfigProcessor : Loading config from file E:\MPF\wows\wows\shows\.\sh_sec_shell_12.yaml.
2023-01-01 18:12:13,349 : INFO : ConfigProcessor : Loading config: E:\MPF\wows\wows\shows\.\sh_sec_shell_12.yaml
2023-01-01 18:12:13,350 : INFO : ConfigProcessor : Config file cache created: C:\Users\dell\AppData\Local\Temp\85def6e32b8790efec9df62810edf89f.mpf_cache
2023-01-01 18:12:13,350 : WARNING : ConfigProcessor : Cache file not found: C:\Users\dell\AppData\Local\Temp\b4b8bbe6eb89ffab7b0a5bdc28aa737c.mpf_cache
2023-01-01 18:12:13,350 : INFO : ConfigProcessor : Loading config from file E:\MPF\wows\wows\shows\.\sh_sec_shell_2.yaml.
2023-01-01 18:12:13,355 : INFO : ConfigProcessor : Loading config: E:\MPF\wows\wows\shows\.\sh_sec_shell_2.yaml
2023-01-01 18:12:13,356 : INFO : ConfigProcessor : Config file cache created: C:\Users\dell\AppData\Local\Temp\b4b8bbe6eb89ffab7b0a5bdc28aa737c.mpf_cache
2023-01-01 18:12:13,356 : WARNING : ConfigProcessor : Cache file not found: C:\Users\dell\AppData\Local\Temp\234f7aa8fcdaed8506c3f7e3d1434348.mpf_cache
2023-01-01 18:12:13,356 : INFO : ConfigProcessor : Loading config from file E:\MPF\wows\wows\shows\.\sh_sec_shell_3.yaml.
2023-01-01 18:12:13,361 : INFO : ConfigProcessor : Loading config: E:\MPF\wows\wows\shows\.\sh_sec_shell_3.yaml
2023-01-01 18:12:13,362 : INFO : ConfigProcessor : Config file cache created: C:\Users\dell\AppData\Local\Temp\234f7aa8fcdaed8506c3f7e3d1434348.mpf_cache
2023-01-01 18:12:13,362 : WARNING : ConfigProcessor : Cache file not found: C:\Users\dell\AppData\Local\Temp\836170f935ca4f3a3c83dd48d4288e22.mpf_cache
2023-01-01 18:12:13,362 : INFO : ConfigProcessor : Loading config from file E:\MPF\wows\wows\shows\.\sh_sec_shell_4.yaml.
2023-01-01 18:12:13,368 : INFO : ConfigProcessor : Loading config: E:\MPF\wows\wows\shows\.\sh_sec_shell_4.yaml
2023-01-01 18:12:13,368 : INFO : ConfigProcessor : Config file cache created: C:\Users\dell\AppData\Local\Temp\836170f935ca4f3a3c83dd48d4288e22.mpf_cache
2023-01-01 18:12:13,368 : WARNING : ConfigProcessor : Cache file not found: C:\Users\dell\AppData\Local\Temp\0a4bf4f558c6de89fd1636f30c6211d9.mpf_cache
2023-01-01 18:12:13,368 : INFO : ConfigProcessor : Loading config from file E:\MPF\wows\wows\shows\.\sh_sec_shell_5.yaml.
2023-01-01 18:12:13,374 : INFO : ConfigProcessor : Loading config: E:\MPF\wows\wows\shows\.\sh_sec_shell_5.yaml
2023-01-01 18:12:13,374 : INFO : ConfigProcessor : Config file cache created: C:\Users\dell\AppData\Local\Temp\0a4bf4f558c6de89fd1636f30c6211d9.mpf_cache
2023-01-01 18:12:13,375 : WARNING : ConfigProcessor : Cache file not found: C:\Users\dell\AppData\Local\Temp\3936448b27d8bfc57c517bc3bf9d3aa2.mpf_cache
2023-01-01 18:12:13,375 : INFO : ConfigProcessor : Loading config from file E:\MPF\wows\wows\shows\.\sh_sec_shell_6.yaml.
2023-01-01 18:12:13,380 : INFO : ConfigProcessor : Loading config: E:\MPF\wows\wows\shows\.\sh_sec_shell_6.yaml
2023-01-01 18:12:13,381 : INFO : ConfigProcessor : Config file cache created: C:\Users\dell\AppData\Local\Temp\3936448b27d8bfc57c517bc3bf9d3aa2.mpf_cache
2023-01-01 18:12:13,381 : WARNING : ConfigProcessor : Cache file not found: C:\Users\dell\AppData\Local\Temp\73d13f131bebf83032dc613efdff3522.mpf_cache
2023-01-01 18:12:13,381 : INFO : ConfigProcessor : Loading config from file E:\MPF\wows\wows\shows\.\sh_sec_shell_7.yaml.
2023-01-01 18:12:13,386 : INFO : ConfigProcessor : Loading config: E:\MPF\wows\wows\shows\.\sh_sec_shell_7.yaml
2023-01-01 18:12:13,387 : INFO : ConfigProcessor : Config file cache created: C:\Users\dell\AppData\Local\Temp\73d13f131bebf83032dc613efdff3522.mpf_cache
2023-01-01 18:12:13,387 : WARNING : ConfigProcessor : Cache file not found: C:\Users\dell\AppData\Local\Temp\20beca28b497152ca0fd3409b83d4b87.mpf_cache
2023-01-01 18:12:13,387 : INFO : ConfigProcessor : Loading config from file E:\MPF\wows\wows\shows\.\sh_sec_shell_8.yaml.
2023-01-01 18:12:13,393 : INFO : ConfigProcessor : Loading config: E:\MPF\wows\wows\shows\.\sh_sec_shell_8.yaml
2023-01-01 18:12:13,393 : INFO : ConfigProcessor : Config file cache created: C:\Users\dell\AppData\Local\Temp\20beca28b497152ca0fd3409b83d4b87.mpf_cache
2023-01-01 18:12:13,393 : WARNING : ConfigProcessor : Cache file not found: C:\Users\dell\AppData\Local\Temp\e816efa2a54094e8cd44dabebc7784df.mpf_cache
2023-01-01 18:12:13,394 : INFO : ConfigProcessor : Loading config from file E:\MPF\wows\wows\shows\.\sh_sec_shell_9.yaml.
2023-01-01 18:12:13,399 : INFO : ConfigProcessor : Loading config: E:\MPF\wows\wows\shows\.\sh_sec_shell_9.yaml
2023-01-01 18:12:13,399 : INFO : ConfigProcessor : Config file cache created: C:\Users\dell\AppData\Local\Temp\e816efa2a54094e8cd44dabebc7784df.mpf_cache
2023-01-01 18:12:13,400 : WARNING : ConfigProcessor : Cache file not found: C:\Users\dell\AppData\Local\Temp\ec91b3a5e4d650dc4f7371582fb38eed.mpf_cache
2023-01-01 18:12:13,400 : INFO : ConfigProcessor : Loading config from file E:\MPF\wows\wows\shows\.\sh_ship_highlight_conqueror.yaml.
2023-01-01 18:12:13,534 : INFO : ConfigProcessor : Loading config: E:\MPF\wows\wows\shows\.\sh_ship_highlight_conqueror.yaml
2023-01-01 18:12:13,535 : INFO : ConfigProcessor : Config file cache created: C:\Users\dell\AppData\Local\Temp\ec91b3a5e4d650dc4f7371582fb38eed.mpf_cache
2023-01-01 18:12:13,535 : WARNING : ConfigProcessor : Cache file not found: C:\Users\dell\AppData\Local\Temp\9a1a1c28ae640e16df86b556a2688443.mpf_cache
2023-01-01 18:12:13,535 : INFO : ConfigProcessor : Loading config from file E:\MPF\wows\wows\shows\.\sh_ship_highlight_daring.yaml.
2023-01-01 18:12:13,659 : INFO : ConfigProcessor : Loading config: E:\MPF\wows\wows\shows\.\sh_ship_highlight_daring.yaml
2023-01-01 18:12:13,660 : INFO : ConfigProcessor : Config file cache created: C:\Users\dell\AppData\Local\Temp\9a1a1c28ae640e16df86b556a2688443.mpf_cache
2023-01-01 18:12:13,660 : WARNING : ConfigProcessor : Cache file not found: C:\Users\dell\AppData\Local\Temp\3463b2a86a39355c183f674ae2b12038.mpf_cache
2023-01-01 18:12:13,660 : INFO : ConfigProcessor : Loading config from file E:\MPF\wows\wows\shows\.\sh_ship_highlight_des_moines.yaml.
2023-01-01 18:12:13,792 : INFO : ConfigProcessor : Loading config: E:\MPF\wows\wows\shows\.\sh_ship_highlight_des_moines.yaml
2023-01-01 18:12:13,793 : INFO : ConfigProcessor : Config file cache created: C:\Users\dell\AppData\Local\Temp\3463b2a86a39355c183f674ae2b12038.mpf_cache
2023-01-01 18:12:13,793 : WARNING : ConfigProcessor : Cache file not found: C:\Users\dell\AppData\Local\Temp\6e6719c61d3fa021e7d679c2f24e1608.mpf_cache
2023-01-01 18:12:13,793 : INFO : ConfigProcessor : Loading config from file E:\MPF\wows\wows\shows\.\sh_ship_highlight_grosser_kurfurst.yaml.
2023-01-01 18:12:13,798 : INFO : ConfigProcessor : Loading config: E:\MPF\wows\wows\shows\.\sh_ship_highlight_grosser_kurfurst.yaml
2023-01-01 18:12:13,799 : INFO : ConfigProcessor : Config file cache created: C:\Users\dell\AppData\Local\Temp\6e6719c61d3fa021e7d679c2f24e1608.mpf_cache
2023-01-01 18:12:13,799 : WARNING : ConfigProcessor : Cache file not found: C:\Users\dell\AppData\Local\Temp\aa69a2c5c0adb7f9c40b6db4f1ca3483.mpf_cache
2023-01-01 18:12:13,799 : INFO : ConfigProcessor : Loading config from file E:\MPF\wows\wows\shows\.\sh_ship_highlight_haragumo.yaml.
2023-01-01 18:12:13,804 : INFO : ConfigProcessor : Loading config: E:\MPF\wows\wows\shows\.\sh_ship_highlight_haragumo.yaml
2023-01-01 18:12:13,805 : INFO : ConfigProcessor : Config file cache created: C:\Users\dell\AppData\Local\Temp\aa69a2c5c0adb7f9c40b6db4f1ca3483.mpf_cache
2023-01-01 18:12:13,805 : WARNING : ConfigProcessor : Cache file not found: C:\Users\dell\AppData\Local\Temp\971ebba8800a659d7a8e99cb206beff7.mpf_cache
2023-01-01 18:12:13,805 : INFO : ConfigProcessor : Loading config from file E:\MPF\wows\wows\shows\.\sh_ship_highlight_shimakaze.yaml.
2023-01-01 18:12:13,810 : INFO : ConfigProcessor : Loading config: E:\MPF\wows\wows\shows\.\sh_ship_highlight_shimakaze.yaml
2023-01-01 18:12:13,811 : INFO : ConfigProcessor : Config file cache created: C:\Users\dell\AppData\Local\Temp\971ebba8800a659d7a8e99cb206beff7.mpf_cache
2023-01-01 18:12:13,811 : WARNING : ConfigProcessor : Cache file not found: C:\Users\dell\AppData\Local\Temp\07e13f5cf5882efd50a16f81bcde4606.mpf_cache
2023-01-01 18:12:13,811 : INFO : ConfigProcessor : Loading config from file E:\MPF\wows\wows\shows\.\sh_ship_highlight_stalingrad.yaml.
2023-01-01 18:12:13,817 : INFO : ConfigProcessor : Loading config: E:\MPF\wows\wows\shows\.\sh_ship_highlight_stalingrad.yaml
2023-01-01 18:12:13,817 : INFO : ConfigProcessor : Config file cache created: C:\Users\dell\AppData\Local\Temp\07e13f5cf5882efd50a16f81bcde4606.mpf_cache
2023-01-01 18:12:13,817 : WARNING : ConfigProcessor : Cache file not found: C:\Users\dell\AppData\Local\Temp\48a45c572b20481e47ff005f73695e50.mpf_cache
2023-01-01 18:12:13,817 : INFO : ConfigProcessor : Loading config from file E:\MPF\wows\wows\shows\.\sh_ship_highlight_venezia.yaml.
2023-01-01 18:12:13,823 : INFO : ConfigProcessor : Loading config: E:\MPF\wows\wows\shows\.\sh_ship_highlight_venezia.yaml
2023-01-01 18:12:13,824 : INFO : ConfigProcessor : Config file cache created: C:\Users\dell\AppData\Local\Temp\48a45c572b20481e47ff005f73695e50.mpf_cache
2023-01-01 18:12:13,824 : WARNING : ConfigProcessor : Cache file not found: C:\Users\dell\AppData\Local\Temp\f12c25ef7bc56249cbbfe26e4a8634a0.mpf_cache
2023-01-01 18:12:13,824 : INFO : ConfigProcessor : Loading config from file E:\MPF\wows\wows\shows\.\sh_ship_highlight_yamato.yaml.
2023-01-01 18:12:13,829 : INFO : ConfigProcessor : Loading config: E:\MPF\wows\wows\shows\.\sh_ship_highlight_yamato.yaml
2023-01-01 18:12:13,830 : INFO : ConfigProcessor : Config file cache created: C:\Users\dell\AppData\Local\Temp\f12c25ef7bc56249cbbfe26e4a8634a0.mpf_cache
2023-01-01 18:12:13,830 : WARNING : ConfigProcessor : Cache file not found: C:\Users\dell\AppData\Local\Temp\7058dd9e75ad4dd97e6d02eda1f8d5f4.mpf_cache
2023-01-01 18:12:13,830 : INFO : ConfigProcessor : Loading config from file E:\MPF\wows\wows\shows\.\sh_start_hc_multiball.yaml.
2023-01-01 18:12:13,991 : INFO : ConfigProcessor : Loading config: E:\MPF\wows\wows\shows\.\sh_start_hc_multiball.yaml
2023-01-01 18:12:13,992 : INFO : ConfigProcessor : Config file cache created: C:\Users\dell\AppData\Local\Temp\7058dd9e75ad4dd97e6d02eda1f8d5f4.mpf_cache
2023-01-01 18:12:13,992 : WARNING : ConfigProcessor : Cache file not found: C:\Users\dell\AppData\Local\Temp\a26dda2f3898e9b95a688d2faa147e67.mpf_cache
2023-01-01 18:12:13,992 : INFO : ConfigProcessor : Loading config from file E:\MPF\wows\wows\shows\.\sh_super_1.yaml.
2023-01-01 18:12:14,050 : INFO : ConfigProcessor : Loading config: E:\MPF\wows\wows\shows\.\sh_super_1.yaml
2023-01-01 18:12:14,050 : INFO : ConfigProcessor : Config file cache created: C:\Users\dell\AppData\Local\Temp\a26dda2f3898e9b95a688d2faa147e67.mpf_cache
2023-01-01 18:12:14,051 : WARNING : ConfigProcessor : Cache file not found: C:\Users\dell\AppData\Local\Temp\fbd33e7aab60e9ffed5e28859db24a15.mpf_cache
2023-01-01 18:12:14,051 : INFO : ConfigProcessor : Loading config from file E:\MPF\wows\wows\shows\.\sh_super_2.yaml.
2023-01-01 18:12:14,199 : INFO : ConfigProcessor : Loading config: E:\MPF\wows\wows\shows\.\sh_super_2.yaml
2023-01-01 18:12:14,200 : INFO : ConfigProcessor : Config file cache created: C:\Users\dell\AppData\Local\Temp\fbd33e7aab60e9ffed5e28859db24a15.mpf_cache
2023-01-01 18:12:14,200 : WARNING : ConfigProcessor : Cache file not found: C:\Users\dell\AppData\Local\Temp\64f60477c2da2625fa9ef2a86d50bb34.mpf_cache
2023-01-01 18:12:14,200 : INFO : ConfigProcessor : Loading config from file E:\MPF\wows\wows\shows\.\sh_super_3.yaml.
2023-01-01 18:12:14,206 : INFO : ConfigProcessor : Loading config: E:\MPF\wows\wows\shows\.\sh_super_3.yaml
2023-01-01 18:12:14,207 : INFO : ConfigProcessor : Config file cache created: C:\Users\dell\AppData\Local\Temp\64f60477c2da2625fa9ef2a86d50bb34.mpf_cache
2023-01-01 18:12:14,207 : WARNING : ConfigProcessor : Cache file not found: C:\Users\dell\AppData\Local\Temp\49b862cde9d22907c81f839348639a1f.mpf_cache
2023-01-01 18:12:14,207 : INFO : ConfigProcessor : Loading config from file E:\MPF\wows\wows\shows\.\sh_triple_jackpot_1.yaml.
2023-01-01 18:12:14,472 : INFO : ConfigProcessor : Loading config: E:\MPF\wows\wows\shows\.\sh_triple_jackpot_1.yaml
2023-01-01 18:12:14,473 : INFO : ConfigProcessor : Config file cache created: C:\Users\dell\AppData\Local\Temp\49b862cde9d22907c81f839348639a1f.mpf_cache
2023-01-01 18:12:14,473 : WARNING : ConfigProcessor : Cache file not found: C:\Users\dell\AppData\Local\Temp\21dda72cc57cadcf698e50094b8ee97d.mpf_cache
2023-01-01 18:12:14,473 : INFO : ConfigProcessor : Loading config from file E:\MPF\wows\wows\shows\.\sh_triple_jackpot_2.yaml.
2023-01-01 18:12:14,485 : INFO : ConfigProcessor : Loading config: E:\MPF\wows\wows\shows\.\sh_triple_jackpot_2.yaml
2023-01-01 18:12:14,485 : INFO : ConfigProcessor : Config file cache created: C:\Users\dell\AppData\Local\Temp\21dda72cc57cadcf698e50094b8ee97d.mpf_cache
2023-01-01 18:12:14,486 : WARNING : ConfigProcessor : Cache file not found: C:\Users\dell\AppData\Local\Temp\f9ee12ee8bbd05f85378a9386ceacce5.mpf_cache
2023-01-01 18:12:14,486 : INFO : ConfigProcessor : Loading config from file E:\MPF\wows\wows\shows\.\sh_triple_jackpot_3.yaml.
2023-01-01 18:12:14,498 : INFO : ConfigProcessor : Loading config: E:\MPF\wows\wows\shows\.\sh_triple_jackpot_3.yaml
2023-01-01 18:12:14,498 : INFO : ConfigProcessor : Config file cache created: C:\Users\dell\AppData\Local\Temp\f9ee12ee8bbd05f85378a9386ceacce5.mpf_cache
2023-01-01 18:12:14,498 : WARNING : ConfigProcessor : Cache file not found: C:\Users\dell\AppData\Local\Temp\0394fc9fe8dda0bc8c420287c11c8aae.mpf_cache
2023-01-01 18:12:14,498 : INFO : ConfigProcessor : Loading config from file E:\MPF\wows\wows\shows\.\sh_triple_jackpot_4.yaml.
2023-01-01 18:12:14,514 : INFO : ConfigProcessor : Loading config: E:\MPF\wows\wows\shows\.\sh_triple_jackpot_4.yaml
2023-01-01 18:12:14,514 : INFO : ConfigProcessor : Config file cache created: C:\Users\dell\AppData\Local\Temp\0394fc9fe8dda0bc8c420287c11c8aae.mpf_cache
2023-01-01 18:12:14,515 : WARNING : ConfigProcessor : Cache file not found: C:\Users\dell\AppData\Local\Temp\812e1e327d6ef9a51d487328d0586885.mpf_cache
2023-01-01 18:12:14,515 : INFO : ConfigProcessor : Loading config from file E:\MPF\wows\wows\shows\.\sh_triple_jackpot_5.yaml.
2023-01-01 18:12:14,526 : INFO : ConfigProcessor : Loading config: E:\MPF\wows\wows\shows\.\sh_triple_jackpot_5.yaml
2023-01-01 18:12:14,527 : INFO : ConfigProcessor : Config file cache created: C:\Users\dell\AppData\Local\Temp\812e1e327d6ef9a51d487328d0586885.mpf_cache
2023-01-01 18:12:14,527 : WARNING : ConfigProcessor : Cache file not found: C:\Users\dell\AppData\Local\Temp\70cf3c9830d27e79cc1fda7cb07bc23d.mpf_cache
2023-01-01 18:12:14,527 : INFO : ConfigProcessor : Loading config from file E:\MPF\wows\wows\shows\.\sh_triple_jackpot_6.yaml.
2023-01-01 18:12:14,538 : INFO : ConfigProcessor : Loading config: E:\MPF\wows\wows\shows\.\sh_triple_jackpot_6.yaml
2023-01-01 18:12:14,538 : INFO : ConfigProcessor : Config file cache created: C:\Users\dell\AppData\Local\Temp\70cf3c9830d27e79cc1fda7cb07bc23d.mpf_cache
2023-01-01 18:12:14,539 : WARNING : ConfigProcessor : Cache file not found: C:\Users\dell\AppData\Local\Temp\db70c5aab62dca0f645afe12f6eb7df3.mpf_cache
2023-01-01 18:12:14,539 : INFO : ConfigProcessor : Loading config from file E:\MPF\wows\wows\shows\.\sh_weapon_load_status.yaml.
2023-01-01 18:12:14,576 : INFO : ConfigProcessor : Loading config: E:\MPF\wows\wows\shows\.\sh_weapon_load_status.yaml
2023-01-01 18:12:14,576 : INFO : ConfigProcessor : Config file cache created: C:\Users\dell\AppData\Local\Temp\db70c5aab62dca0f645afe12f6eb7df3.mpf_cache
2023-01-01 18:12:14,578 : INFO : Machine : Mission Pinball Framework Core Engine v0.54.6
2023-01-01 18:12:14,578 : INFO : Machine : Command line arguments: {'no_load_cache': False, 'create_config_cache': True, 'bcp': True, 'configfile': ['config.yaml'], 'force_assets_load': False, 'jsonlogging': False, 'logfile': 'logs\\2023-01-01-18-11-58-mpf-DESKTOP-7A962BJ.log', 'pause': False, 'production': False, 'text_ui': True, 'loglevel': 15, 'consoleloglevel': 20, 'force_platform': None, 'syslog_address': None, 'mc_file_name': None, 'no_sound': False}
2023-01-01 18:12:14,579 : INFO : Machine : MPF path: c:\users\dell\appdata\local\programs\python\python36\lib\site-packages\mpf
2023-01-01 18:12:14,579 : INFO : Machine : Machine path: E:\MPF\wows\wows
2023-01-01 18:12:14,579 : INFO : Machine : Platform: win32
2023-01-01 18:12:14,579 : INFO : Machine : Python executable location: c:\users\dell\appdata\local\programs\python\python36\python.exe
2023-01-01 18:12:14,579 : INFO : Machine : Python version: 3.6.4 (64-bit)
2023-01-01 18:12:14,580 : INFO : Machine : Initialise MPF.
2023-01-01 18:12:15,156 : INFO : Pin2DmdDevice : Connecting to Pin2DMD RGB DMD
2023-01-01 18:12:15,174 : INFO : Pin2DmdDevice : Connected to Pin2DMD
2023-01-01 18:12:15,175 : INFO : EventManager : Event: ======'machine_var_credits_string'====== Args={'value': 'FREE PLAY', 'prev_value': None, 'change': True}
2023-01-01 18:12:15,239 : INFO : EventManager : Event: ======'machine_var_player1_score'====== Args={'value': 0, 'prev_value': None, 'change': True}
2023-01-01 18:12:15,239 : INFO : EventManager : Event: ======'machine_var_mv_dmg_con_time'====== Args={'value': 9, 'prev_value': None, 'change': True}
2023-01-01 18:12:15,239 : INFO : EventManager : Event: ======'machine_var_mv_bomb_1_cost'====== Args={'value': 1, 'prev_value': None, 'change': True}
2023-01-01 18:12:15,240 : INFO : EventManager : Event: ======'machine_var_mv_bomb_2_cost'====== Args={'value': 1, 'prev_value': None, 'change': True}
2023-01-01 18:12:15,240 : INFO : EventManager : Event: ======'machine_var_mv_bomb_3_cost'====== Args={'value': 1, 'prev_value': None, 'change': True}
2023-01-01 18:12:15,240 : INFO : EventManager : Event: ======'machine_var_mv_bomb_4_cost'====== Args={'value': 1, 'prev_value': None, 'change': True}
2023-01-01 18:12:15,240 : INFO : EventManager : Event: ======'machine_var_mv_bomb_5_cost'====== Args={'value': 1, 'prev_value': None, 'change': True}
2023-01-01 18:12:15,240 : INFO : EventManager : Event: ======'machine_var_mv_bomb_6_cost'====== Args={'value': 1, 'prev_value': None, 'change': True}
2023-01-01 18:12:15,240 : INFO : EventManager : Event: ======'machine_var_mv_bomb_7_and_9_cost'====== Args={'value': 1, 'prev_value': None, 'change': True}
2023-01-01 18:12:15,240 : INFO : EventManager : Event: ======'machine_var_mv_bomb_8_cost'====== Args={'value': 1, 'prev_value': None, 'change': True}
2023-01-01 18:12:15,240 : INFO : EventManager : Event: ======'machine_var_mv_bomb_10_cost'====== Args={'value': 1, 'prev_value': None, 'change': True}
2023-01-01 18:12:15,240 : INFO : EventManager : Event: ======'machine_var_mv_bomb_mode_cost'====== Args={'value': 1, 'prev_value': None, 'change': True}
2023-01-01 18:12:15,240 : INFO : EventManager : Event: ======'machine_var_mpf_version'====== Args={'value': 'MPF v0.54.6', 'prev_value': None, 'change': True}
2023-01-01 18:12:15,240 : INFO : EventManager : Event: ======'machine_var_mpf_extended_version'====== Args={'value': 'MPF v0.54.6, Config version:5, Show version: 5, BCP version:1.1', 'prev_value': None, 'change': True}
2023-01-01 18:12:15,240 : INFO : EventManager : Event: ======'machine_var_python_version'====== Args={'value': '3.6.4', 'prev_value': None, 'change': True}
2023-01-01 18:12:15,241 : INFO : EventManager : Event: ======'machine_var_platform'====== Args={'value': 'Windows-10-10.0.19041-SP0', 'prev_value': None, 'change': True}
2023-01-01 18:12:15,241 : INFO : EventManager : Event: ======'machine_var_platform_system'====== Args={'value': 'Windows', 'prev_value': None, 'change': True}
2023-01-01 18:12:15,241 : INFO : EventManager : Event: ======'machine_var_platform_release'====== Args={'value': '10', 'prev_value': None, 'change': True}
2023-01-01 18:12:15,241 : INFO : EventManager : Event: ======'machine_var_platform_version'====== Args={'value': '10.0.19041', 'prev_value': None, 'change': True}
2023-01-01 18:12:15,241 : INFO : EventManager : Event: ======'machine_var_platform_machine'====== Args={'value': 'AMD64', 'prev_value': None, 'change': True}
2023-01-01 18:12:15,241 : INFO : EventManager : Event: ======'init_phase_1'====== Args={}
2023-01-01 18:12:15,888 : INFO : EventManager : Event: ======'logicblock_m1_delay_updated'====== Args={'value': 0, 'enabled': True}
2023-01-01 18:12:15,888 : INFO : EventManager : Event: ======'logicblock_m1_delay_updated'====== Args={'value': 0, 'enabled': True}
2023-01-01 18:12:15,888 : INFO : EventManager : Event: ======'logicblock_capture_global_counter_updated'====== Args={'value': 6, 'enabled': True}
2023-01-01 18:12:15,888 : INFO : EventManager : Event: ======'logicblock_capture_global_counter_updated'====== Args={'value': 6, 'enabled': True}
2023-01-01 18:12:15,889 : INFO : EventManager : Event: ======'main_state'====== Args={}
2023-01-01 18:12:15,890 : INFO : EventManager : Event: ======'IGNORE'====== Args={}
2023-01-01 18:12:15,890 : INFO : EventManager : Event: ======'lock_lit_started'====== Args={}
2023-01-01 18:12:15,890 : INFO : EventManager : Event: ======'disable_mode'====== Args={}
2023-01-01 18:12:15,891 : INFO : EventManager : Event: ======'multiball_inactive'====== Args={}
2023-01-01 18:12:15,891 : INFO : EventManager : Event: ======'lite_detonation_start'====== Args={}
2023-01-01 18:12:15,891 : INFO : EventManager : Event: ======'battle_inactive'====== Args={}
2023-01-01 18:12:15,892 : INFO : EventManager : Event: ======'HAGYDFIGYELMENKIVUL'====== Args={}
2023-01-01 18:12:15,892 : INFO : EventManager : Event: ======'enable_citadel_diverter'====== Args={}
2023-01-01 18:12:15,892 : INFO : EventManager : Event: ======'commander_1_changed'====== Args={}
2023-01-01 18:12:15,894 : WARNING : Mode.confederate : Can only start mode confederate during a game. Aborting start.
2023-01-01 18:12:15,894 : WARNING : Mode.drednaught : Can only start mode drednaught during a game. Aborting start.
2023-01-01 18:12:15,894 : WARNING : Mode.main_play : Can only start mode main_play during a game. Aborting start.
2023-01-01 18:12:15,894 : WARNING : Mode.capture : Can only start mode capture during a game. Aborting start.
2023-01-01 18:12:15,894 : WARNING : Mode.hc_lock_lit : Can only start mode hc_lock_lit during a game. Aborting start.
2023-01-01 18:12:15,898 : INFO : EventManager : Event: ======'init_phase_2'====== Args={}
2023-01-01 18:12:15,899 : INFO : SwitchController : Found active switch: ('2', <Platform.SmartVirtual>) <switch.s_trough1>
2023-01-01 18:12:15,899 : INFO : SwitchController : Found active switch: ('3', <Platform.SmartVirtual>) <switch.s_trough2>
2023-01-01 18:12:15,899 : INFO : SwitchController : Found active switch: ('4', <Platform.SmartVirtual>) <switch.s_trough3>
2023-01-01 18:12:15,899 : INFO : SwitchController : Found active switch: ('5', <Platform.SmartVirtual>) <switch.s_trough4>
2023-01-01 18:12:15,899 : INFO : SwitchController : Found active switch: ('6', <Platform.SmartVirtual>) <switch.s_trough5>
2023-01-01 18:12:15,899 : INFO : SwitchController : Found active switch: ('7', <Platform.SmartVirtual>) <switch.s_trough6>
2023-01-01 18:12:16,525 : INFO : EventManager : Event: ======'machine_var_score1_label'====== Args={'value': 'GRAND ADMIRAL', 'prev_value': None, 'change': True}
2023-01-01 18:12:16,525 : INFO : EventManager : Event: ======'machine_var_score1_name'====== Args={'value': 'SBA', 'prev_value': None, 'change': True}
2023-01-01 18:12:16,525 : INFO : EventManager : Event: ======'machine_var_score1_value'====== Args={'value': 1000000000, 'prev_value': None, 'change': True}
2023-01-01 18:12:16,525 : INFO : EventManager : Event: ======'machine_var_score2_label'====== Args={'value': 'ADMIRAL 1', 'prev_value': None, 'change': True}
2023-01-01 18:12:16,525 : INFO : EventManager : Event: ======'machine_var_score2_name'====== Args={'value': 'OCP', 'prev_value': None, 'change': True}
2023-01-01 18:12:16,525 : INFO : EventManager : Event: ======'machine_var_score2_value'====== Args={'value': 900000000, 'prev_value': None, 'change': True}
2023-01-01 18:12:16,525 : INFO : EventManager : Event: ======'machine_var_score3_label'====== Args={'value': 'ADMIRAL 2', 'prev_value': None, 'change': True}
2023-01-01 18:12:16,525 : INFO : EventManager : Event: ======'machine_var_score3_name'====== Args={'value': 'AND', 'prev_value': None, 'change': True}
2023-01-01 18:12:16,525 : INFO : EventManager : Event: ======'machine_var_score3_value'====== Args={'value': 800000000, 'prev_value': None, 'change': True}
2023-01-01 18:12:16,526 : INFO : EventManager : Event: ======'machine_var_score4_label'====== Args={'value': 'ADMIRAL 3', 'prev_value': None, 'change': True}
2023-01-01 18:12:16,526 : INFO : EventManager : Event: ======'machine_var_score4_name'====== Args={'value': 'W G', 'prev_value': None, 'change': True}
2023-01-01 18:12:16,526 : INFO : EventManager : Event: ======'machine_var_score4_value'====== Args={'value': 700000000, 'prev_value': None, 'change': True}
2023-01-01 18:12:16,526 : INFO : EventManager : Event: ======'machine_var_score5_label'====== Args={'value': 'ADMIRAL 4', 'prev_value': None, 'change': True}
2023-01-01 18:12:16,526 : INFO : EventManager : Event: ======'machine_var_score5_name'====== Args={'value': 'WOW', 'prev_value': None, 'change': True}
2023-01-01 18:12:16,526 : INFO : EventManager : Event: ======'machine_var_score5_value'====== Args={'value': 600000000, 'prev_value': None, 'change': True}
2023-01-01 18:12:16,526 : INFO : EventManager : Event: ======'bcp_connection_attempt'====== Args={'name': 'local_display', 'host': 'localhost', 'port': 5050}
2023-01-01 18:12:16,528 : INFO : BCPClientSocket : Connecting BCP to 'local_display' at localhost:5050...
2023-01-01 18:12:22,833 : INFO : BCPClientSocket : Connected BCP to 'local_display' localhost:5050
2023-01-01 18:12:22,833 : INFO : EventManager : Event: ======'bcp_clients_connected'====== Args={}
2023-01-01 18:12:22,844 : INFO : ball_device.bd_trough : State: idle
2023-01-01 18:12:22,844 : INFO : ball_device.bd_plunger : State: idle
2023-01-01 18:12:22,845 : INFO : EventManager : Event: ======'machine_var_mc_version'====== Args={'value': 'MPF-MC v0.54.2', 'prev_value': None, 'change': True}
2023-01-01 18:12:22,845 : INFO : EventManager : Event: ======'machine_var_mc_extended_version'====== Args={'value': 'MPF-MC v0.54.2 (config_version=5, BCP v1.1, Requires MPF v0.54.0)', 'prev_value': None, 'change': True}
2023-01-01 18:12:22,857 : INFO : ball_device.bd_main_hole : State: idle
2023-01-01 18:12:22,858 : INFO : ball_device.bd_hc_lock : State: idle
2023-01-01 18:12:22,939 : INFO : EventManager : Event: ======'init_phase_3'====== Args={}
2023-01-01 18:12:23,032 : INFO : EventManager : Event: ======'machine_var_master_volume'====== Args={'value': 1.0, 'prev_value': None, 'change': True}
2023-01-01 18:12:23,056 : INFO : EventManager : Event: ======'init_phase_4'====== Args={}
2023-01-01 18:12:23,056 : INFO : BallController : Initial balls found: 5
2023-01-01 18:12:23,057 : INFO : EventManager : Event: ======'machine_var_audits_events_game_ended'====== Args={'value': 1, 'prev_value': None, 'change': True}
2023-01-01 18:12:23,057 : INFO : EventManager : Event: ======'machine_var_audits_events_game_started'====== Args={'value': 653, 'prev_value': None, 'change': True}
2023-01-01 18:12:23,058 : INFO : EventManager : Event: ======'machine_var_audits_player_score'====== Args={'value': {'average': 0.0, 'top': [0], 'total': 1}, 'prev_value': None, 'change': True}
2023-01-01 18:12:23,058 : INFO : EventManager : Event: ======'machine_var_audits_shots_battle_shot'====== Args={'value': 66, 'prev_value': None, 'change': True}
2023-01-01 18:12:23,058 : INFO : EventManager : Event: ======'machine_var_audits_shots_confederate_1'====== Args={'value': 13, 'prev_value': None, 'change': True}
2023-01-01 18:12:23,059 : INFO : EventManager : Event: ======'machine_var_audits_shots_confederate_2'====== Args={'value': 235, 'prev_value': None, 'change': True}
2023-01-01 18:12:23,059 : INFO : EventManager : Event: ======'machine_var_audits_shots_confederate_3'====== Args={'value': 91, 'prev_value': None, 'change': True}
2023-01-01 18:12:23,059 : INFO : EventManager : Event: ======'machine_var_audits_shots_confederate_4'====== Args={'value': 29, 'prev_value': None, 'change': True}
2023-01-01 18:12:23,059 : INFO : EventManager : Event: ======'machine_var_audits_shots_confederate_5'====== Args={'value': 10, 'prev_value': None, 'change': True}
2023-01-01 18:12:23,060 : INFO : EventManager : Event: ======'machine_var_audits_shots_confederate_6'====== Args={'value': 399, 'prev_value': None, 'change': True}
2023-01-01 18:12:23,060 : INFO : EventManager : Event: ======'machine_var_audits_shots_detonation'====== Args={'value': 42, 'prev_value': None, 'change': True}
2023-01-01 18:12:23,060 : INFO : EventManager : Event: ======'machine_var_audits_shots_detonation_lit'====== Args={'value': 172, 'prev_value': None, 'change': True}
2023-01-01 18:12:23,061 : INFO : EventManager : Event: ======'machine_var_audits_shots_dmg_con_1'====== Args={'value': 96, 'prev_value': None, 'change': True}
2023-01-01 18:12:23,061 : INFO : EventManager : Event: ======'machine_var_audits_shots_dmg_con_2'====== Args={'value': 122, 'prev_value': None, 'change': True}
2023-01-01 18:12:23,062 : INFO : EventManager : Event: ======'machine_var_audits_shots_dmg_con_3'====== Args={'value': 84, 'prev_value': None, 'change': True}
2023-01-01 18:12:23,062 : INFO : EventManager : Event: ======'machine_var_audits_shots_dmg_con_4'====== Args={'value': 101, 'prev_value': None, 'change': True}
2023-01-01 18:12:23,062 : INFO : EventManager : Event: ======'machine_var_audits_shots_dmg_con_5'====== Args={'value': 78, 'prev_value': None, 'change': True}
2023-01-01 18:12:23,063 : INFO : EventManager : Event: ======'machine_var_audits_shots_dmg_con_6'====== Args={'value': 99, 'prev_value': None, 'change': True}
2023-01-01 18:12:23,063 : INFO : EventManager : Event: ======'machine_var_audits_shots_dmg_con_add_time_1'====== Args={'value': 32, 'prev_value': None, 'change': True}
2023-01-01 18:12:23,063 : INFO : EventManager : Event: ======'machine_var_audits_shots_dmg_con_add_time_2'====== Args={'value': 43, 'prev_value': None, 'change': True}
2023-01-01 18:12:23,064 : INFO : EventManager : Event: ======'machine_var_audits_shots_dmg_con_add_time_3'====== Args={'value': 24, 'prev_value': None, 'change': True}
2023-01-01 18:12:23,064 : INFO : EventManager : Event: ======'machine_var_audits_shots_dmg_con_add_time_4'====== Args={'value': 21, 'prev_value': None, 'change': True}
2023-01-01 18:12:23,064 : INFO : EventManager : Event: ======'machine_var_audits_shots_jackpot_1'====== Args={'value': 79, 'prev_value': None, 'change': True}
2023-01-01 18:12:23,065 : INFO : EventManager : Event: ======'machine_var_audits_shots_jackpot_2'====== Args={'value': 106, 'prev_value': None, 'change': True}
2023-01-01 18:12:23,065 : INFO : EventManager : Event: ======'machine_var_audits_shots_jackpot_3'====== Args={'value': 91, 'prev_value': None, 'change': True}
2023-01-01 18:12:23,065 : INFO : EventManager : Event: ======'machine_var_audits_shots_jackpot_4'====== Args={'value': 41, 'prev_value': None, 'change': True}
2023-01-01 18:12:23,066 : INFO : EventManager : Event: ======'machine_var_audits_shots_jackpot_5'====== Args={'value': 42, 'prev_value': None, 'change': True}
2023-01-01 18:12:23,066 : INFO : EventManager : Event: ======'machine_var_audits_shots_jackpot_6'====== Args={'value': 51, 'prev_value': None, 'change': True}
2023-01-01 18:12:23,066 : INFO : EventManager : Event: ======'machine_var_audits_shots_lane_A'====== Args={'value': 125, 'prev_value': None, 'change': True}
2023-01-01 18:12:23,067 : INFO : EventManager : Event: ======'machine_var_audits_shots_lane_B'====== Args={'value': 146, 'prev_value': None, 'change': True}
2023-01-01 18:12:23,067 : INFO : EventManager : Event: ======'machine_var_audits_shots_lane_C'====== Args={'value': 348, 'prev_value': None, 'change': True}
2023-01-01 18:12:23,067 : INFO : EventManager : Event: ======'machine_var_audits_shots_lane_D'====== Args={'value': 361, 'prev_value': None, 'change': True}
2023-01-01 18:12:23,068 : INFO : EventManager : Event: ======'machine_var_audits_shots_lane_E'====== Args={'value': 139, 'prev_value': None, 'change': True}
2023-01-01 18:12:23,068 : INFO : EventManager : Event: ======'machine_var_audits_shots_lock_lit_1'====== Args={'value': 1588, 'prev_value': None, 'change': True}
2023-01-01 18:12:23,068 : INFO : EventManager : Event: ======'machine_var_audits_shots_lock_lit_2'====== Args={'value': 1502, 'prev_value': None, 'change': True}
2023-01-01 18:12:23,069 : INFO : EventManager : Event: ======'machine_var_audits_shots_ricochet_1'====== Args={'value': 172, 'prev_value': None, 'change': True}
2023-01-01 18:12:23,069 : INFO : EventManager : Event: ======'machine_var_audits_shots_ricochet_2'====== Args={'value': 684, 'prev_value': None, 'change': True}
2023-01-01 18:12:23,070 : INFO : EventManager : Event: ======'machine_var_audits_shots_ricochet_3'====== Args={'value': 91, 'prev_value': None, 'change': True}
2023-01-01 18:12:23,070 : INFO : EventManager : Event: ======'machine_var_audits_shots_ricochet_4'====== Args={'value': 49, 'prev_value': None, 'change': True}
2023-01-01 18:12:23,070 : INFO : EventManager : Event: ======'machine_var_audits_shots_ricochet_5'====== Args={'value': 3, 'prev_value': None, 'change': True}
2023-01-01 18:12:23,071 : INFO : EventManager : Event: ======'machine_var_audits_switches_s_action_button'====== Args={'value': 45, 'prev_value': None, 'change': True}
2023-01-01 18:12:23,071 : INFO : EventManager : Event: ======'machine_var_audits_switches_s_bumper_1'====== Args={'value': 735, 'prev_value': None, 'change': True}
2023-01-01 18:12:23,072 : INFO : EventManager : Event: ======'machine_var_audits_switches_s_bumper_2'====== Args={'value': 223, 'prev_value': None, 'change': True}
2023-01-01 18:12:23,072 : INFO : EventManager : Event: ======'machine_var_audits_switches_s_bumper_3'====== Args={'value': 649, 'prev_value': None, 'change': True}
2023-01-01 18:12:23,072 : INFO : EventManager : Event: ======'machine_var_audits_switches_s_center_ramp'====== Args={'value': 114, 'prev_value': None, 'change': True}
2023-01-01 18:12:23,073 : INFO : EventManager : Event: ======'machine_var_audits_switches_s_citadel'====== Args={'value': 75, 'prev_value': None, 'change': True}
2023-01-01 18:12:23,073 : INFO : EventManager : Event: ======'machine_var_audits_switches_s_citadel_lock'====== Args={'value': 255, 'prev_value': None, 'change': True}
2023-01-01 18:12:23,074 : INFO : EventManager : Event: ======'machine_var_audits_switches_s_conning_tower'====== Args={'value': 4, 'prev_value': None, 'change': True}
2023-01-01 18:12:23,074 : INFO : EventManager : Event: ======'machine_var_audits_switches_s_detonation'====== Args={'value': 172, 'prev_value': None, 'change': True}
2023-01-01 18:12:23,074 : INFO : EventManager : Event: ======'machine_var_audits_switches_s_detonation_lit'====== Args={'value': 24, 'prev_value': None, 'change': True}
2023-01-01 18:12:23,075 : INFO : EventManager : Event: ======'machine_var_audits_switches_s_dmg_1'====== Args={'value': 2703, 'prev_value': None, 'change': True}
2023-01-01 18:12:23,075 : INFO : EventManager : Event: ======'machine_var_audits_switches_s_dmg_2'====== Args={'value': 64, 'prev_value': None, 'change': True}
2023-01-01 18:12:23,075 : INFO : EventManager : Event: ======'machine_var_audits_switches_s_dmg_3'====== Args={'value': 20, 'prev_value': None, 'change': True}
2023-01-01 18:12:23,084 : INFO : EventManager : Event: ======'machine_var_audits_switches_s_dmg_4'====== Args={'value': 27, 'prev_value': None, 'change': True}
2023-01-01 18:12:23,090 : INFO : EventManager : Event: ======'machine_var_audits_switches_s_dmg_5'====== Args={'value': 22, 'prev_value': None, 'change': True}
2023-01-01 18:12:23,090 : INFO : EventManager : Event: ======'machine_var_audits_switches_s_dmg_6'====== Args={'value': 139, 'prev_value': None, 'change': True}
2023-01-01 18:12:23,091 : INFO : EventManager : Event: ======'machine_var_audits_switches_s_dmg_7'====== Args={'value': 293, 'prev_value': None, 'change': True}
2023-01-01 18:12:23,091 : INFO : EventManager : Event: ======'machine_var_audits_switches_s_drop_target'====== Args={'value': 2094, 'prev_value': None, 'change': True}
2023-01-01 18:12:23,091 : INFO : EventManager : Event: ======'machine_var_audits_switches_s_jet_hole'====== Args={'value': 0, 'prev_value': None, 'change': True}
2023-01-01 18:12:23,092 : INFO : EventManager : Event: ======'machine_var_audits_switches_s_jet_lane'====== Args={'value': 1, 'prev_value': None, 'change': True}
2023-01-01 18:12:23,092 : INFO : EventManager : Event: ======'machine_var_audits_switches_s_kickback'====== Args={'value': 0, 'prev_value': None, 'change': True}
2023-01-01 18:12:23,093 : INFO : EventManager : Event: ======'machine_var_audits_switches_s_kickback_target_1'====== Args={'value': 0, 'prev_value': None, 'change': True}
2023-01-01 18:12:23,093 : INFO : EventManager : Event: ======'machine_var_audits_switches_s_kickback_target_2'====== Args={'value': 0, 'prev_value': None, 'change': True}
2023-01-01 18:12:23,093 : INFO : EventManager : Event: ======'machine_var_audits_switches_s_kickback_target_3'====== Args={'value': 4, 'prev_value': None, 'change': True}
2023-01-01 18:12:23,094 : INFO : EventManager : Event: ======'machine_var_audits_switches_s_kickback_terget_1'====== Args={'value': 0, 'prev_value': None, 'change': True}
2023-01-01 18:12:23,094 : INFO : EventManager : Event: ======'machine_var_audits_switches_s_left_flipper'====== Args={'value': 1432, 'prev_value': None, 'change': True}
2023-01-01 18:12:23,095 : INFO : EventManager : Event: ======'machine_var_audits_switches_s_left_hole'====== Args={'value': 0, 'prev_value': None, 'change': True}
2023-01-01 18:12:23,095 : INFO : EventManager : Event: ======'machine_var_audits_switches_s_left_inlane'====== Args={'value': 349, 'prev_value': None, 'change': True}
2023-01-01 18:12:23,096 : INFO : EventManager : Event: ======'machine_var_audits_switches_s_left_loop_made'====== Args={'value': 244, 'prev_value': None, 'change': True}
2023-01-01 18:12:23,096 : INFO : EventManager : Event: ======'machine_var_audits_switches_s_left_loop_pre'====== Args={'value': 201, 'prev_value': None, 'change': True}
2023-01-01 18:12:23,097 : INFO : EventManager : Event: ======'machine_var_audits_switches_s_left_mid_inlane'====== Args={'value': 146, 'prev_value': None, 'change': True}
2023-01-01 18:12:23,097 : INFO : EventManager : Event: ======'machine_var_audits_switches_s_left_outlane'====== Args={'value': 125, 'prev_value': None, 'change': True}
2023-01-01 18:12:23,098 : INFO : EventManager : Event: ======'machine_var_audits_switches_s_left_ramp_made'====== Args={'value': 1993, 'prev_value': None, 'change': True}
2023-01-01 18:12:23,098 : INFO : EventManager : Event: ======'machine_var_audits_switches_s_left_ramp_pre'====== Args={'value': 273, 'prev_value': None, 'change': True}
2023-01-01 18:12:23,099 : INFO : EventManager : Event: ======'machine_var_audits_switches_s_left_slingshot'====== Args={'value': 33, 'prev_value': None, 'change': True}
2023-01-01 18:12:23,099 : INFO : EventManager : Event: ======'machine_var_audits_switches_s_lock_1'====== Args={'value': 423, 'prev_value': None, 'change': True}
2023-01-01 18:12:23,100 : INFO : EventManager : Event: ======'machine_var_audits_switches_s_lock_2'====== Args={'value': 435, 'prev_value': None, 'change': True}
2023-01-01 18:12:23,100 : INFO : EventManager : Event: ======'machine_var_audits_switches_s_lock_3'====== Args={'value': 518, 'prev_value': None, 'change': True}
2023-01-01 18:12:23,100 : INFO : EventManager : Event: ======'machine_var_audits_switches_s_magnet_switch'====== Args={'value': 0, 'prev_value': None, 'change': True}
2023-01-01 18:12:23,101 : INFO : EventManager : Event: ======'machine_var_audits_switches_s_main_hole'====== Args={'value': 1061, 'prev_value': None, 'change': True}
2023-01-01 18:12:23,101 : INFO : EventManager : Event: ======'machine_var_audits_switches_s_pen_1'====== Args={'value': 819, 'prev_value': None, 'change': True}
2023-01-01 18:12:23,102 : INFO : EventManager : Event: ======'machine_var_audits_switches_s_pen_2'====== Args={'value': 96, 'prev_value': None, 'change': True}
2023-01-01 18:12:23,102 : INFO : EventManager : Event: ======'machine_var_audits_switches_s_pen_3'====== Args={'value': 322, 'prev_value': None, 'change': True}
2023-01-01 18:12:23,103 : INFO : EventManager : Event: ======'machine_var_audits_switches_s_pen_4'====== Args={'value': 5, 'prev_value': None, 'change': True}
2023-01-01 18:12:23,103 : INFO : EventManager : Event: ======'machine_var_audits_switches_s_pen_5'====== Args={'value': 2, 'prev_value': None, 'change': True}
2023-01-01 18:12:23,104 : INFO : EventManager : Event: ======'machine_var_audits_switches_s_pen_6'====== Args={'value': 8, 'prev_value': None, 'change': True}
2023-01-01 18:12:23,104 : INFO : EventManager : Event: ======'machine_var_audits_switches_s_plunger'====== Args={'value': 4060, 'prev_value': None, 'change': True}
2023-01-01 18:12:23,104 : INFO : EventManager : Event: ======'machine_var_audits_switches_s_plunger_button'====== Args={'value': 4, 'prev_value': None, 'change': True}
2023-01-01 18:12:23,105 : INFO : EventManager : Event: ======'machine_var_audits_switches_s_ricochet_1'====== Args={'value': 196, 'prev_value': None, 'change': True}
2023-01-01 18:12:23,105 : INFO : EventManager : Event: ======'machine_var_audits_switches_s_ricochet_2'====== Args={'value': 691, 'prev_value': None, 'change': True}
2023-01-01 18:12:23,106 : INFO : EventManager : Event: ======'machine_var_audits_switches_s_ricochet_3'====== Args={'value': 93, 'prev_value': None, 'change': True}
2023-01-01 18:12:23,106 : INFO : EventManager : Event: ======'machine_var_audits_switches_s_ricochet_4'====== Args={'value': 54, 'prev_value': None, 'change': True}
2023-01-01 18:12:23,107 : INFO : EventManager : Event: ======'machine_var_audits_switches_s_ricochet_5'====== Args={'value': 8, 'prev_value': None, 'change': True}
2023-01-01 18:12:23,107 : INFO : EventManager : Event: ======'machine_var_audits_switches_s_right_flipper'====== Args={'value': 4145, 'prev_value': None, 'change': True}
2023-01-01 18:12:23,108 : INFO : EventManager : Event: ======'machine_var_audits_switches_s_right_hole'====== Args={'value': 26, 'prev_value': None, 'change': True}
2023-01-01 18:12:23,108 : INFO : EventManager : Event: ======'machine_var_audits_switches_s_right_inlane'====== Args={'value': 363, 'prev_value': None, 'change': True}
2023-01-01 18:12:23,109 : INFO : EventManager : Event: ======'machine_var_audits_switches_s_right_loop_made'====== Args={'value': 83, 'prev_value': None, 'change': True}
2023-01-01 18:12:23,109 : INFO : EventManager : Event: ======'machine_var_audits_switches_s_right_loop_pre'====== Args={'value': 70, 'prev_value': None, 'change': True}
2023-01-01 18:12:23,110 : INFO : EventManager : Event: ======'machine_var_audits_switches_s_right_outlane'====== Args={'value': 141, 'prev_value': None, 'change': True}
2023-01-01 18:12:23,110 : INFO : EventManager : Event: ======'machine_var_audits_switches_s_right_ramp_made'====== Args={'value': 1700, 'prev_value': None, 'change': True}
2023-01-01 18:12:23,111 : INFO : EventManager : Event: ======'machine_var_audits_switches_s_right_ramp_pre'====== Args={'value': 83, 'prev_value': None, 'change': True}
2023-01-01 18:12:23,111 : INFO : EventManager : Event: ======'machine_var_audits_switches_s_right_slingshot'====== Args={'value': 132, 'prev_value': None, 'change': True}
2023-01-01 18:12:23,112 : INFO : EventManager : Event: ======'machine_var_audits_switches_s_right_small_ramp'====== Args={'value': 0, 'prev_value': None, 'change': True}
2023-01-01 18:12:23,113 : INFO : EventManager : Event: ======'machine_var_audits_switches_s_side_hole'====== Args={'value': 316, 'prev_value': None, 'change': True}
2023-01-01 18:12:23,113 : INFO : EventManager : Event: ======'machine_var_audits_switches_s_side_ramp_made'====== Args={'value': 1119, 'prev_value': None, 'change': True}
2023-01-01 18:12:23,114 : INFO : EventManager : Event: ======'machine_var_audits_switches_s_side_ramp_pre'====== Args={'value': 113, 'prev_value': None, 'change': True}
2023-01-01 18:12:23,114 : INFO : EventManager : Event: ======'machine_var_audits_switches_s_start'====== Args={'value': 140, 'prev_value': None, 'change': True}
2023-01-01 18:12:23,115 : INFO : EventManager : Event: ======'machine_var_audits_switches_s_torpedo'====== Args={'value': 739, 'prev_value': None, 'change': True}
2023-01-01 18:12:23,115 : INFO : EventManager : Event: ======'machine_var_audits_switches_s_torpedo_lane'====== Args={'value': 2, 'prev_value': None, 'change': True}
2023-01-01 18:12:23,116 : INFO : EventManager : Event: ======'machine_var_audits_switches_s_torpedo_pre'====== Args={'value': 0, 'prev_value': None, 'change': True}
2023-01-01 18:12:23,116 : INFO : EventManager : Event: ======'machine_var_audits_switches_s_trough1'====== Args={'value': 654, 'prev_value': None, 'change': True}
2023-01-01 18:12:23,117 : INFO : EventManager : Event: ======'machine_var_audits_switches_s_trough2'====== Args={'value': 105, 'prev_value': None, 'change': True}
2023-01-01 18:12:23,117 : INFO : EventManager : Event: ======'machine_var_audits_switches_s_trough3'====== Args={'value': 82, 'prev_value': None, 'change': True}
2023-01-01 18:12:23,118 : INFO : EventManager : Event: ======'machine_var_audits_switches_s_trough4'====== Args={'value': 34, 'prev_value': None, 'change': True}
2023-01-01 18:12:23,119 : INFO : EventManager : Event: ======'machine_var_audits_switches_s_trough5'====== Args={'value': 2, 'prev_value': None, 'change': True}
2023-01-01 18:12:23,119 : INFO : EventManager : Event: ======'machine_var_audits_switches_s_trough6'====== Args={'value': 1, 'prev_value': None, 'change': True}
2023-01-01 18:12:23,120 : INFO : EventManager : Event: ======'machine_var_audits_switches_s_trough_jam'====== Args={'value': 0, 'prev_value': None, 'change': True}
2023-01-01 18:12:23,120 : INFO : EventManager : Event: ======'init_phase_5'====== Args={}
2023-01-01 18:12:23,141 : INFO : EventManager : Event: ======'init_done'====== Args={}
2023-01-01 18:12:23,154 : INFO : EventManager : Event: ======'machine_reset_phase_1'====== Args={}
2023-01-01 18:12:23,155 : INFO : BcpServer : New client connected.
2023-01-01 18:12:23,168 : INFO : EventManager : Event: ======'machine_reset_phase_2'====== Args={}
2023-01-01 18:12:23,168 : INFO : EventManager : Event: ======'machine_reset_phase_3'====== Args={}
2023-01-01 18:12:23,168 : INFO : EventManager : Event: ======'diverter_citadel_diverter_deactivating'====== Args={}
2023-01-01 18:12:23,169 : INFO : coil.c_loop_diverter : Disabling Driver
2023-01-01 18:12:23,169 : INFO : EventManager : Event: ======'diverter_torpedo_peg_deactivating'====== Args={}
2023-01-01 18:12:23,169 : INFO : coil.c_torpedo_peg : Disabling Driver
2023-01-01 18:12:23,169 : INFO : EventManager : Event: ======'reset_complete'====== Args={}
2023-01-01 18:12:23,169 : INFO : EventManager : Event: ======'mode_attract_will_start'====== Args={}
2023-01-01 18:12:23,170 : INFO : EventManager : Event: ======'mode_attract_starting'====== Args={}
2023-01-01 18:12:23,170 : INFO : Mode.attract : Started. Priority: 10
2023-01-01 18:12:23,170 : INFO : EventManager : Event: ======'modes_active_modes_changed'====== Args={}
2023-01-01 18:12:23,171 : INFO : EventManager : Event: ======'mode_attract_started'====== Args={}
2023-01-01 18:12:23,172 : INFO : EventManager : Event: ======'collecting_balls_complete'====== Args={}
2023-01-01 18:12:23,220 : INFO : EventManager : Event: ======'slide_attract_game_over_slide_created'====== Args={'_from_bcp': True}
2023-01-01 18:12:23,220 : INFO : EventManager : Event: ======'slide_attract_game_over_slide_active'====== Args={'_from_bcp': True}
2023-01-01 18:12:23,221 : INFO : Machine : Starting the main run loop.
2023-01-01 18:12:25,201 : INFO : EventManager : Event: ======'slide_end_mode_8_compIG_created'====== Args={'_from_bcp': True}
2023-01-01 18:12:25,202 : INFO : EventManager : Event: ======'slide_end_mode_8_compIG_active'====== Args={'_from_bcp': True}
2023-01-01 18:12:27,187 : INFO : EventManager : Event: ======'slide_end_mode_8_comp_created'====== Args={'_from_bcp': True}
2023-01-01 18:12:27,192 : INFO : EventManager : Event: ======'slide_end_mode_8_comp_active'====== Args={'_from_bcp': True}
2023-01-01 18:12:29,192 : INFO : EventManager : Event: ======'slide_end_mode_8_co_created'====== Args={'_from_bcp': True}
2023-01-01 18:12:29,198 : INFO : EventManager : Event: ======'slide_end_mode_8_co_active'====== Args={'_from_bcp': True}
2023-01-01 18:12:31,185 : INFO : EventManager : Event: ======'slide_end_mode_8_com_created'====== Args={'_from_bcp': True}
2023-01-01 18:12:31,190 : INFO : EventManager : Event: ======'slide_end_mode_8_com_active'====== Args={'_from_bcp': True}
2023-01-01 18:12:33,185 : INFO : EventManager : Event: ======'slide_end_mode_8_completed_created'====== Args={'_from_bcp': True}
2023-01-01 18:12:33,203 : INFO : EventManager : Event: ======'slide_end_mode_8_completed_active'====== Args={'_from_bcp': True}
2023-01-01 18:12:35,167 : INFO : EventManager : Event: ======'slide_scores_slide_created'====== Args={'_from_bcp': True}
2023-01-01 18:12:35,170 : INFO : EventManager : Event: ======'slide_scores_slide_active'====== Args={'_from_bcp': True}
2023-01-01 18:12:37,189 : INFO : EventManager : Event: ======'slide_medals_back_created'====== Args={'_from_bcp': True}
2023-01-01 18:12:37,189 : INFO : EventManager : Event: ======'slide_medals_back_active'====== Args={'_from_bcp': True}
2023-01-01 18:12:39,183 : INFO : EventManager : Event: ======'slide_medals_created'====== Args={'_from_bcp': True}
2023-01-01 18:12:39,187 : INFO : EventManager : Event: ======'slide_medals_active'====== Args={'_from_bcp': True}
2023-01-01 18:12:39,800 : INFO : SwitchController : <<<<<<< 's_start' active >>>>>>>
2023-01-01 18:12:39,900 : INFO : SwitchController : <<<<<<< 's_start' inactive >>>>>>>
2023-01-01 18:12:39,900 : INFO : EventManager : Event: ======'request_to_start_game'====== Args={}
2023-01-01 18:12:39,901 : INFO : EventManager : Event: ======'game_start'====== Args={'buttons': [], 'hold_time': 0.10899999999674037}
2023-01-01 18:12:39,901 : INFO : EventManager : Event: ======'mode_game_will_start'====== Args={'buttons': [], 'hold_time': 0.10899999999674037}
2023-01-01 18:12:39,904 : INFO : EventManager : Event: ======'mode_game_starting'====== Args={'buttons': [], 'hold_time': 0.10899999999674037}
2023-01-01 18:12:39,904 : INFO : EventManager : Event: ======'mode_attract_will_stop'====== Args={}
2023-01-01 18:12:39,905 : INFO : EventManager : Event: ======'mode_attract_stopping'====== Args={}
2023-01-01 18:12:39,905 : INFO : Mode.attract : Stopped.
2023-01-01 18:12:39,905 : INFO : EventManager : Event: ======'modes_active_modes_changed'====== Args={}
2023-01-01 18:12:39,905 : INFO : EventManager : Event: ======'mode_attract_stopped'====== Args={}
2023-01-01 18:12:39,906 : INFO : EventManager : Event: ======'clear'====== Args={'key': 'attract'}
2023-01-01 18:12:39,906 : INFO : Mode.game : Started. Priority: 20
2023-01-01 18:12:39,906 : INFO : EventManager : Event: ======'modes_active_modes_changed'====== Args={}
2023-01-01 18:12:39,906 : INFO : EventManager : Event: ======'mode_game_started'====== Args={'buttons': [], 'hold_time': 0.10899999999674037}
2023-01-01 18:12:39,916 : INFO : EventManager : Event: ======'game_will_start'====== Args={}
2023-01-01 18:12:39,917 : INFO : EventManager : Event: ======'slide_attract_game_over_slide_removed'====== Args={'_from_bcp': True}
2023-01-01 18:12:39,917 : INFO : EventManager : Event: ======'game_starting'====== Args={'game': <Mode.game>}
2023-01-01 18:12:39,918 : INFO : EventManager : Event: ======'player_add_request'====== Args={}
2023-01-01 18:12:39,918 : INFO : EventManager : Event: ======'player_will_add'====== Args={'number': 1}
2023-01-01 18:12:39,920 : INFO : EventManager : Event: ======'player_adding'====== Args={'player': <Player 1>, 'number': 1}
2023-01-01 18:12:39,920 : INFO : EventManager : Event: ======'player_added'====== Args={'player': <Player 1>, 'num': 1}
2023-01-01 18:12:39,921 : INFO : Mode.game : Player added successfully. Total players: 1
2023-01-01 18:12:39,921 : INFO : EventManager : Event: ======'player_index'====== Args={'value': 0, 'prev_value': 0, 'change': 0, 'player_num': 1}
2023-01-01 18:12:39,921 : INFO : EventManager : Event: ======'player_number'====== Args={'value': 1, 'prev_value': 1, 'change': 0, 'player_num': 1}
2023-01-01 18:12:39,921 : INFO : EventManager : Event: ======'player_ReceivedDMG'====== Args={'value': 0, 'prev_value': 0, 'change': 0, 'player_num': 1}
2023-01-01 18:12:39,922 : INFO : EventManager : Event: ======'player_DMGValue'====== Args={'value': 10000000, 'prev_value': 10000000, 'change': 0, 'player_num': 1}
2023-01-01 18:12:39,922 : INFO : EventManager : Event: ======'player_JetValue'====== Args={'value': 5000000, 'prev_value': 5000000, 'change': 0, 'player_num': 1}
2023-01-01 18:12:39,922 : INFO : EventManager : Event: ======'player_BonusX'====== Args={'value': 0, 'prev_value': 0, 'change': 0, 'player_num': 1}
2023-01-01 18:12:39,923 : INFO : EventManager : Event: ======'player_m1shotmade'====== Args={'value': 0, 'prev_value': 0, 'change': 0, 'player_num': 1}
2023-01-01 18:12:39,923 : INFO : EventManager : Event: ======'player_m2shotmade'====== Args={'value': 0, 'prev_value': 0, 'change': 0, 'player_num': 1}
2023-01-01 18:12:39,923 : INFO : EventManager : Event: ======'player_m3shotmade'====== Args={'value': 0, 'prev_value': 0, 'change': 0, 'player_num': 1}
2023-01-01 18:12:39,923 : INFO : EventManager : Event: ======'player_m4shotmade'====== Args={'value': 0, 'prev_value': 0, 'change': 0, 'player_num': 1}
2023-01-01 18:12:39,924 : INFO : EventManager : Event: ======'player_m5shotmade'====== Args={'value': 0, 'prev_value': 0, 'change': 0, 'player_num': 1}
2023-01-01 18:12:39,924 : INFO : EventManager : Event: ======'player_m6shotmade'====== Args={'value': 0, 'prev_value': 0, 'change': 0, 'player_num': 1}
2023-01-01 18:12:39,924 : INFO : EventManager : Event: ======'player_m7shotmade'====== Args={'value': 0, 'prev_value': 0, 'change': 0, 'player_num': 1}
2023-01-01 18:12:39,924 : INFO : EventManager : Event: ======'player_m8shotmade'====== Args={'value': 0, 'prev_value': 0, 'change': 0, 'player_num': 1}
2023-01-01 18:12:39,925 : INFO : EventManager : Event: ======'player_m9shotmade'====== Args={'value': 0, 'prev_value': 0, 'change': 0, 'player_num': 1}
2023-01-01 18:12:39,925 : INFO : EventManager : Event: ======'player_m1_active'====== Args={'value': 0, 'prev_value': 0, 'change': 0, 'player_num': 1}
2023-01-01 18:12:39,925 : INFO : EventManager : Event: ======'player_m2_active'====== Args={'value': 0, 'prev_value': 0, 'change': 0, 'player_num': 1}
2023-01-01 18:12:39,926 : INFO : EventManager : Event: ======'player_m3_active'====== Args={'value': 0, 'prev_value': 0, 'change': 0, 'player_num': 1}
2023-01-01 18:12:39,926 : INFO : EventManager : Event: ======'player_m4_active'====== Args={'value': 0, 'prev_value': 0, 'change': 0, 'player_num': 1}
2023-01-01 18:12:39,926 : INFO : EventManager : Event: ======'player_m5_active'====== Args={'value': 0, 'prev_value': 0, 'change': 0, 'player_num': 1}
2023-01-01 18:12:39,926 : INFO : EventManager : Event: ======'player_m6_active'====== Args={'value': 0, 'prev_value': 0, 'change': 0, 'player_num': 1}
2023-01-01 18:12:39,927 : INFO : EventManager : Event: ======'player_m7_active'====== Args={'value': 0, 'prev_value': 0, 'change': 0, 'player_num': 1}
2023-01-01 18:12:39,927 : INFO : EventManager : Event: ======'player_m8_active'====== Args={'value': 0, 'prev_value': 0, 'change': 0, 'player_num': 1}
2023-01-01 18:12:39,927 : INFO : EventManager : Event: ======'player_m9_active'====== Args={'value': 0, 'prev_value': 0, 'change': 0, 'player_num': 1}
2023-01-01 18:12:39,927 : INFO : EventManager : Event: ======'player_m1shotremaining'====== Args={'value': 4, 'prev_value': 4, 'change': 0, 'player_num': 1}
2023-01-01 18:12:39,928 : INFO : EventManager : Event: ======'player_m2shotremaining'====== Args={'value': 20, 'prev_value': 20, 'change': 0, 'player_num': 1}
2023-01-01 18:12:39,928 : INFO : EventManager : Event: ======'player_m3shotremaining'====== Args={'value': 4, 'prev_value': 4, 'change': 0, 'player_num': 1}
2023-01-01 18:12:39,928 : INFO : EventManager : Event: ======'player_m4shotremaining'====== Args={'value': 4, 'prev_value': 4, 'change': 0, 'player_num': 1}
2023-01-01 18:12:39,928 : INFO : EventManager : Event: ======'player_m5shotremaining'====== Args={'value': 4, 'prev_value': 4, 'change': 0, 'player_num': 1}
2023-01-01 18:12:39,929 : INFO : EventManager : Event: ======'player_m6shotremaining'====== Args={'value': 4, 'prev_value': 4, 'change': 0, 'player_num': 1}
2023-01-01 18:12:39,929 : INFO : EventManager : Event: ======'player_m7shotremaining'====== Args={'value': 4, 'prev_value': 4, 'change': 0, 'player_num': 1}
2023-01-01 18:12:39,929 : INFO : EventManager : Event: ======'player_m8shotremaining'====== Args={'value': 4, 'prev_value': 4, 'change': 0, 'player_num': 1}
2023-01-01 18:12:39,930 : INFO : EventManager : Event: ======'player_m9shotremaining'====== Args={'value': 4, 'prev_value': 4, 'change': 0, 'player_num': 1}
2023-01-01 18:12:39,930 : INFO : EventManager : Event: ======'player_m1entrynumber_m'====== Args={'value': 1, 'prev_value': 1, 'change': 0, 'player_num': 1}
2023-01-01 18:12:39,930 : INFO : EventManager : Event: ======'player_m2entrynumber_m'====== Args={'value': 1, 'prev_value': 1, 'change': 0, 'player_num': 1}
2023-01-01 18:12:39,930 : INFO : EventManager : Event: ======'player_m3entrynumber_m'====== Args={'value': 1, 'prev_value': 1, 'change': 0, 'player_num': 1}
2023-01-01 18:12:39,931 : INFO : EventManager : Event: ======'player_m4entrynumber_m'====== Args={'value': 1, 'prev_value': 1, 'change': 0, 'player_num': 1}
2023-01-01 18:12:39,931 : INFO : EventManager : Event: ======'player_m5entrynumber_m'====== Args={'value': 1, 'prev_value': 1, 'change': 0, 'player_num': 1}
2023-01-01 18:12:39,931 : INFO : EventManager : Event: ======'player_m6entrynumber_m'====== Args={'value': 1, 'prev_value': 1, 'change': 0, 'player_num': 1}
2023-01-01 18:12:39,931 : INFO : EventManager : Event: ======'player_m7entrynumber_m'====== Args={'value': 1, 'prev_value': 1, 'change': 0, 'player_num': 1}
2023-01-01 18:12:39,932 : INFO : EventManager : Event: ======'player_m8entrynumber_m'====== Args={'value': 1, 'prev_value': 1, 'change': 0, 'player_num': 1}
2023-01-01 18:12:39,932 : INFO : EventManager : Event: ======'player_m9entrynumber_m'====== Args={'value': 1, 'prev_value': 1, 'change': 0, 'player_num': 1}
2023-01-01 18:12:39,932 : INFO : EventManager : Event: ======'player_m1entrynumber'====== Args={'value': 0, 'prev_value': 0, 'change': 0, 'player_num': 1}
2023-01-01 18:12:39,932 : INFO : EventManager : Event: ======'player_m2entrynumber'====== Args={'value': 0, 'prev_value': 0, 'change': 0, 'player_num': 1}
2023-01-01 18:12:39,933 : INFO : EventManager : Event: ======'player_m3entrynumber'====== Args={'value': 0, 'prev_value': 0, 'change': 0, 'player_num': 1}
2023-01-01 18:12:39,933 : INFO : EventManager : Event: ======'player_m4entrynumber'====== Args={'value': 0, 'prev_value': 0, 'change': 0, 'player_num': 1}
2023-01-01 18:12:39,933 : INFO : EventManager : Event: ======'player_m5entrynumber'====== Args={'value': 0, 'prev_value': 0, 'change': 0, 'player_num': 1}
2023-01-01 18:12:39,933 : INFO : EventManager : Event: ======'player_m6entrynumber'====== Args={'value': 0, 'prev_value': 0, 'change': 0, 'player_num': 1}
2023-01-01 18:12:39,934 : INFO : EventManager : Event: ======'player_m7entrynumber'====== Args={'value': 0, 'prev_value': 0, 'change': 0, 'player_num': 1}
2023-01-01 18:12:39,934 : INFO : EventManager : Event: ======'player_m8entrynumber'====== Args={'value': 0, 'prev_value': 0, 'change': 0, 'player_num': 1}
2023-01-01 18:12:39,934 : INFO : EventManager : Event: ======'player_m9entrynumber'====== Args={'value': 0, 'prev_value': 0, 'change': 0, 'player_num': 1}
2023-01-01 18:12:39,934 : INFO : EventManager : Event: ======'player_m10_finished'====== Args={'value': 0, 'prev_value': 0, 'change': 0, 'player_num': 1}
2023-01-01 18:12:39,935 : INFO : EventManager : Event: ======'player_mode_shot_enabled'====== Args={'value': 0, 'prev_value': 0, 'change': 0, 'player_num': 1}
2023-01-01 18:12:39,935 : INFO : EventManager : Event: ======'player_mode_shot_made'====== Args={'value': 0, 'prev_value': 0, 'change': 0, 'player_num': 1}
2023-01-01 18:12:39,935 : INFO : EventManager : Event: ======'player_completed_modes'====== Args={'value': 0, 'prev_value': 0, 'change': 0, 'player_num': 1}
2023-01-01 18:12:39,935 : INFO : EventManager : Event: ======'player_dmg_con_last_jackpot'====== Args={'value': 10000000, 'prev_value': 10000000, 'change': 0, 'player_num': 1}
2023-01-01 18:12:39,936 : INFO : EventManager : Event: ======'player_aa_fire_timer_active'====== Args={'value': 0, 'prev_value': 0, 'change': 0, 'player_num': 1}
2023-01-01 18:12:39,936 : INFO : EventManager : Event: ======'player_lock_lit_1_state'====== Args={'value': 0, 'prev_value': 0, 'change': 0, 'player_num': 1}
2023-01-01 18:12:39,936 : INFO : EventManager : Event: ======'player_lock_lit_2_state'====== Args={'value': 0, 'prev_value': 0, 'change': 0, 'player_num': 1}
2023-01-01 18:12:39,936 : INFO : EventManager : Event: ======'player_freeze_started'====== Args={'value': 0, 'prev_value': 0, 'change': 0, 'player_num': 1}
2023-01-01 18:12:39,937 : INFO : EventManager : Event: ======'player_timer_height'====== Args={'value': 0.0, 'prev_value': 0.0, 'change': 0, 'player_num': 1}
2023-01-01 18:12:39,937 : INFO : EventManager : Event: ======'player_citadel_number'====== Args={'value': 0, 'prev_value': 0, 'change': 0, 'player_num': 1}
2023-01-01 18:12:39,937 : INFO : EventManager : Event: ======'player_torpedo_number'====== Args={'value': 0, 'prev_value': 0, 'change': 0, 'player_num': 1}
2023-01-01 18:12:39,937 : INFO : EventManager : Event: ======'player_citadel_load_number'====== Args={'value': 3, 'prev_value': 3, 'change': 0, 'player_num': 1}
2023-01-01 18:12:39,938 : INFO : EventManager : Event: ======'player_torpedo_load_number'====== Args={'value': 3, 'prev_value': 3, 'change': 0, 'player_num': 1}
2023-01-01 18:12:39,938 : INFO : EventManager : Event: ======'player_citadel_ready'====== Args={'value': 0, 'prev_value': 0, 'change': 0, 'player_num': 1}
2023-01-01 18:12:39,938 : INFO : EventManager : Event: ======'player_torpedo_ready'====== Args={'value': 0, 'prev_value': 0, 'change': 0, 'player_num': 1}
2023-01-01 18:12:39,938 : INFO : EventManager : Event: ======'player_torpedo_dmg'====== Args={'value': 10.0, 'prev_value': 10.0, 'change': 0, 'player_num': 1}
2023-01-01 18:12:39,939 : INFO : EventManager : Event: ======'player_citadel_dmg'====== Args={'value': 10.0, 'prev_value': 10.0, 'change': 0, 'player_num': 1}
2023-01-01 18:12:39,939 : INFO : EventManager : Event: ======'player_fire_dmg'====== Args={'value': 10.0, 'prev_value': 10.0, 'change': 0, 'player_num': 1}
2023-01-01 18:12:39,939 : INFO : EventManager : Event: ======'player_penetration_dmg'====== Args={'value': 10.0, 'prev_value': 10.0, 'change': 0, 'player_num': 1}
2023-01-01 18:12:39,939 : INFO : EventManager : Event: ======'player_modeshotremaining'====== Args={'value': -1, 'prev_value': -1, 'change': 0, 'player_num': 1}
2023-01-01 18:12:39,940 : INFO : EventManager : Event: ======'player_super_lock'====== Args={'value': 0, 'prev_value': 0, 'change': 0, 'player_num': 1}
2023-01-01 18:12:39,940 : INFO : EventManager : Event: ======'player_container_lit'====== Args={'value': 0, 'prev_value': 0, 'change': 0, 'player_num': 1}
2023-01-01 18:12:39,940 : INFO : EventManager : Event: ======'player_addaball_lit'====== Args={'value': 0, 'prev_value': 0, 'change': 0, 'player_num': 1}
2023-01-01 18:12:39,940 : INFO : EventManager : Event: ======'player_more_time_lit'====== Args={'value': 0, 'prev_value': 0, 'change': 0, 'player_num': 1}
2023-01-01 18:12:39,941 : INFO : EventManager : Event: ======'player_ship'====== Args={'value': 'None', 'prev_value': 'None', 'change': False, 'player_num': 1}
2023-01-01 18:12:39,941 : INFO : EventManager : Event: ======'player_language'====== Args={'value': 'None', 'prev_value': 'None', 'change': False, 'player_num': 1}
2023-01-01 18:12:39,941 : INFO : EventManager : Event: ======'player_battle_bumper'====== Args={'value': 'fire', 'prev_value': 'fire', 'change': False, 'player_num': 1}
2023-01-01 18:12:39,942 : INFO : EventManager : Event: ======'player_fire_1_active'====== Args={'value': 0, 'prev_value': 0, 'change': 0, 'player_num': 1}
2023-01-01 18:12:39,942 : INFO : EventManager : Event: ======'player_fire_2_active'====== Args={'value': 0, 'prev_value': 0, 'change': 0, 'player_num': 1}
2023-01-01 18:12:39,942 : INFO : EventManager : Event: ======'player_fire_3_active'====== Args={'value': 0, 'prev_value': 0, 'change': 0, 'player_num': 1}
2023-01-01 18:12:39,942 : INFO : EventManager : Event: ======'player_m1_shot_need'====== Args={'value': 0, 'prev_value': 0, 'change': 0, 'player_num': 1}
2023-01-01 18:12:39,943 : INFO : EventManager : Event: ======'player_m2_shot_need'====== Args={'value': 0, 'prev_value': 0, 'change': 0, 'player_num': 1}
2023-01-01 18:12:39,943 : INFO : EventManager : Event: ======'player_m3_shot_need'====== Args={'value': 0, 'prev_value': 0, 'change': 0, 'player_num': 1}
2023-01-01 18:12:39,943 : INFO : EventManager : Event: ======'player_m4_shot_need'====== Args={'value': 0, 'prev_value': 0, 'change': 0, 'player_num': 1}
2023-01-01 18:12:39,943 : INFO : EventManager : Event: ======'player_m5_shot_need'====== Args={'value': 0, 'prev_value': 0, 'change': 0, 'player_num': 1}
2023-01-01 18:12:39,944 : INFO : EventManager : Event: ======'player_m6_shot_need'====== Args={'value': 0, 'prev_value': 0, 'change': 0, 'player_num': 1}
2023-01-01 18:12:39,944 : INFO : EventManager : Event: ======'player_m7_shot_need'====== Args={'value': 0, 'prev_value': 0, 'change': 0, 'player_num': 1}
2023-01-01 18:12:39,944 : INFO : EventManager : Event: ======'player_m8_shot_need'====== Args={'value': 0, 'prev_value': 0, 'change': 0, 'player_num': 1}
2023-01-01 18:12:39,944 : INFO : EventManager : Event: ======'player_m9_shot_need'====== Args={'value': 0, 'prev_value': 0, 'change': 0, 'player_num': 1}
2023-01-01 18:12:39,944 : INFO : EventManager : Event: ======'player_m10_shot_need'====== Args={'value': 0, 'prev_value': 0, 'change': 0, 'player_num': 1}
2023-01-01 18:12:39,945 : INFO : EventManager : Event: ======'player_m9_phase_1_active'====== Args={'value': 0, 'prev_value': 0, 'change': 0, 'player_num': 1}
2023-01-01 18:12:39,945 : INFO : EventManager : Event: ======'player_m9_phase_2_active'====== Args={'value': 0, 'prev_value': 0, 'change': 0, 'player_num': 1}
2023-01-01 18:12:39,945 : INFO : EventManager : Event: ======'player_bomb_number'====== Args={'value': 0, 'prev_value': 0, 'change': 0, 'player_num': 1}
2023-01-01 18:12:39,946 : INFO : EventManager : Event: ======'player_t_1_1_commander'====== Args={'value': 0, 'prev_value': 0, 'change': 0, 'player_num': 1}
2023-01-01 18:12:39,946 : INFO : EventManager : Event: ======'player_t_1_2_commander'====== Args={'value': 0, 'prev_value': 0, 'change': 0, 'player_num': 1}
2023-01-01 18:12:39,946 : INFO : EventManager : Event: ======'player_t_1_3_commander'====== Args={'value': 0, 'prev_value': 0, 'change': 0, 'player_num': 1}
2023-01-01 18:12:39,947 : INFO : EventManager : Event: ======'player_t_1_4_commander'====== Args={'value': 0, 'prev_value': 0, 'change': 0, 'player_num': 1}
2023-01-01 18:12:39,947 : INFO : EventManager : Event: ======'player_t_2_1_commander'====== Args={'value': 0, 'prev_value': 0, 'change': 0, 'player_num': 1}
2023-01-01 18:12:39,947 : INFO : EventManager : Event: ======'player_t_2_2_commander'====== Args={'value': 0, 'prev_value': 0, 'change': 0, 'player_num': 1}
2023-01-01 18:12:39,947 : INFO : EventManager : Event: ======'player_t_2_3_commander'====== Args={'value': 0, 'prev_value': 0, 'change': 0, 'player_num': 1}
2023-01-01 18:12:39,948 : INFO : EventManager : Event: ======'player_t_2_4_commander'====== Args={'value': 0, 'prev_value': 0, 'change': 0, 'player_num': 1}
2023-01-01 18:12:39,948 : INFO : EventManager : Event: ======'player_t_3_1_commander'====== Args={'value': 0, 'prev_value': 0, 'change': 0, 'player_num': 1}
2023-01-01 18:12:39,948 : INFO : EventManager : Event: ======'player_t_3_2_commander'====== Args={'value': 0, 'prev_value': 0, 'change': 0, 'player_num': 1}
2023-01-01 18:12:39,948 : INFO : EventManager : Event: ======'player_t_3_3_commander'====== Args={'value': 0, 'prev_value': 0, 'change': 0, 'player_num': 1}
2023-01-01 18:12:39,949 : INFO : EventManager : Event: ======'player_t_3_4_commander'====== Args={'value': 0, 'prev_value': 0, 'change': 0, 'player_num': 1}
2023-01-01 18:12:39,949 : INFO : EventManager : Event: ======'player_t_4_1_commander'====== Args={'value': 0, 'prev_value': 0, 'change': 0, 'player_num': 1}
2023-01-01 18:12:39,949 : INFO : EventManager : Event: ======'player_t_4_2_commander'====== Args={'value': 0, 'prev_value': 0, 'change': 0, 'player_num': 1}
2023-01-01 18:12:39,949 : INFO : EventManager : Event: ======'player_t_4_3_commander'====== Args={'value': 0, 'prev_value': 0, 'change': 0, 'player_num': 1}
2023-01-01 18:12:39,950 : INFO : EventManager : Event: ======'player_t_4_4_commander'====== Args={'value': 0, 'prev_value': 0, 'change': 0, 'player_num': 1}
2023-01-01 18:12:39,950 : INFO : EventManager : Event: ======'player_current_commander'====== Args={'value': 1, 'prev_value': 1, 'change': 0, 'player_num': 1}
2023-01-01 18:12:39,950 : INFO : EventManager : Event: ======'player_current_skill_points'====== Args={'value': 0, 'prev_value': 0, 'change': 0, 'player_num': 1}
2023-01-01 18:12:39,950 : INFO : EventManager : Event: ======'player_current_skill_level'====== Args={'value': 0, 'prev_value': 0, 'change': 0, 'player_num': 1}
2023-01-01 18:12:39,951 : INFO : EventManager : Event: ======'player_skill_lit'====== Args={'value': 0, 'prev_value': 0, 'change': 0, 'player_num': 1}
2023-01-01 18:12:39,951 : INFO : EventManager : Event: ======'player_bomb_1_active'====== Args={'value': 0, 'prev_value': 0, 'change': 0, 'player_num': 1}
2023-01-01 18:12:39,951 : INFO : EventManager : Event: ======'player_bomb_2_active'====== Args={'value': 0, 'prev_value': 0, 'change': 0, 'player_num': 1}
2023-01-01 18:12:39,951 : INFO : EventManager : Event: ======'player_bomb_3_active'====== Args={'value': 0, 'prev_value': 0, 'change': 0, 'player_num': 1}
2023-01-01 18:12:39,952 : INFO : EventManager : Event: ======'player_bomb_4_active'====== Args={'value': 0, 'prev_value': 0, 'change': 0, 'player_num': 1}
2023-01-01 18:12:39,952 : INFO : EventManager : Event: ======'player_bomb_5_active'====== Args={'value': 0, 'prev_value': 0, 'change': 0, 'player_num': 1}
2023-01-01 18:12:39,952 : INFO : EventManager : Event: ======'player_bomb_6_active'====== Args={'value': 0, 'prev_value': 0, 'change': 0, 'player_num': 1}
2023-01-01 18:12:39,952 : INFO : EventManager : Event: ======'player_bomb_7_active'====== Args={'value': 0, 'prev_value': 0, 'change': 0, 'player_num': 1}
2023-01-01 18:12:39,952 : INFO : EventManager : Event: ======'player_bomb_8_active'====== Args={'value': 0, 'prev_value': 0, 'change': 0, 'player_num': 1}
2023-01-01 18:12:39,953 : INFO : EventManager : Event: ======'player_bomb_9_active'====== Args={'value': 0, 'prev_value': 0, 'change': 0, 'player_num': 1}
2023-01-01 18:12:39,953 : INFO : EventManager : Event: ======'player_bomb_10_active'====== Args={'value': 0, 'prev_value': 0, 'change': 0, 'player_num': 1}
2023-01-01 18:12:39,953 : INFO : EventManager : Event: ======'player_bomb_11_active'====== Args={'value': 0, 'prev_value': 0, 'change': 0, 'player_num': 1}
2023-01-01 18:12:39,953 : INFO : EventManager : Event: ======'player_bomb_animation_queue'====== Args={'value': 0, 'prev_value': 0, 'change': 0, 'player_num': 1}
2023-01-01 18:12:39,954 : INFO : EventManager : Event: ======'player_bomb_animation_in_progress'====== Args={'value': 0, 'prev_value': 0, 'change': 0, 'player_num': 1}
2023-01-01 18:12:39,954 : INFO : EventManager : Event: ======'player_bomb_animation_completed'====== Args={'value': 0, 'prev_value': 0, 'change': 0, 'player_num': 1}
2023-01-01 18:12:39,954 : INFO : EventManager : Event: ======'player_bomb_animation_no_more'====== Args={'value': 0, 'prev_value': 0, 'change': 0, 'player_num': 1}
2023-01-01 18:12:39,954 : INFO : EventManager : Event: ======'player_aircraft_carrier_in_engage'====== Args={'value': 0, 'prev_value': 0, 'change': 0, 'player_num': 1}
2023-01-01 18:12:39,954 : INFO : EventManager : Event: ======'player_aircraft_carrier_torpedo_dropped'====== Args={'value': 0, 'prev_value': 0, 'change': 0, 'player_num': 1}
2023-01-01 18:12:39,955 : INFO : EventManager : Event: ======'player_score'====== Args={'value': 0, 'prev_value': 0, 'change': 0, 'player_num': 1}
2023-01-01 18:12:39,956 : INFO : EventManager : Event: ======'game_started'====== Args={}
2023-01-01 18:12:39,989 : INFO : EventManager : Event: ======'player_turn_will_start'====== Args={'player': <Player 1>, 'number': 1}
2023-01-01 18:12:39,989 : INFO : EventManager : Event: ======'slide_end_mode_8_compIG_removed'====== Args={'_from_bcp': True}
2023-01-01 18:12:39,989 : INFO : EventManager : Event: ======'slide_end_mode_8_comp_removed'====== Args={'_from_bcp': True}
2023-01-01 18:12:39,989 : INFO : EventManager : Event: ======'slide_end_mode_8_co_removed'====== Args={'_from_bcp': True}
2023-01-01 18:12:39,990 : INFO : EventManager : Event: ======'slide_end_mode_8_com_removed'====== Args={'_from_bcp': True}
2023-01-01 18:12:39,990 : INFO : EventManager : Event: ======'slide_end_mode_8_completed_removed'====== Args={'_from_bcp': True}
2023-01-01 18:12:39,990 : INFO : EventManager : Event: ======'slide_scores_slide_removed'====== Args={'_from_bcp': True}
2023-01-01 18:12:39,990 : INFO : EventManager : Event: ======'slide_medals_back_removed'====== Args={'_from_bcp': True}
2023-01-01 18:12:39,990 : INFO : EventManager : Event: ======'slide_medals_removed'====== Args={'_from_bcp': True}
2023-01-01 18:12:39,991 : INFO : EventManager : Event: ======'slide_dmd_blank_active'====== Args={'_from_bcp': True}
2023-01-01 18:12:40,005 : INFO : EventManager : Event: ======'player_turn_starting'====== Args={'player': <Player 1>, 'number': 1}
2023-01-01 18:12:40,005 : INFO : EventManager : Event: ======'player_ball'====== Args={'value': 1, 'prev_value': 0, 'change': 1, 'player_num': 1}
2023-01-01 18:12:40,006 : INFO : EventManager : Event: ======'player_turn_started'====== Args={'player': <Player 1>, 'number': 1}
2023-01-01 18:12:40,007 : INFO : EventManager : Event: ======'ball_will_start'====== Args={'player': 1, 'ball': 1, 'balls_remaining': 2, 'is_extra_ball': False}
2023-01-01 18:12:40,019 : INFO : EventManager : Event: ======'mode_mode_manager_will_start'====== Args={'player': 1, 'ball': 1, 'balls_remaining': 2, 'is_extra_ball': False}
2023-01-01 18:12:40,026 : INFO : EventManager : Event: ======'mode_mode_manager_starting'====== Args={'player': 1, 'ball': 1, 'balls_remaining': 2, 'is_extra_ball': False}
2023-01-01 18:12:40,026 : INFO : Mode.mode_manager : Started. Priority: 300
2023-01-01 18:12:40,026 : INFO : EventManager : Event: ======'modes_active_modes_changed'====== Args={}
2023-01-01 18:12:40,026 : INFO : EventManager : Event: ======'mode_mode_manager_started'====== Args={'player': 1, 'ball': 1, 'balls_remaining': 2, 'is_extra_ball': False}
2023-01-01 18:12:40,027 : INFO : EventManager : Event: ======'ball_starting'====== Args={'player': 1, 'ball': 1, 'balls_remaining': 2, 'is_extra_ball': False}
2023-01-01 18:12:40,073 : INFO : EventManager : Event: ======'mode_port_hole_manager_will_start'====== Args={'queue': <QueuedEvent>, 'player': 1, 'ball': 1, 'balls_remaining': 2, 'is_extra_ball': False}
2023-01-01 18:12:40,074 : INFO : EventManager : Event: ======'mode_port_hole_manager_starting'====== Args={'queue': <QueuedEvent>, 'player': 1, 'ball': 1, 'balls_remaining': 2, 'is_extra_ball': False}
2023-01-01 18:12:40,074 : INFO : EventManager : Event: ======'mode_value_reset_will_start'====== Args={'queue': <QueuedEvent>, 'player': 1, 'ball': 1, 'balls_remaining': 2, 'is_extra_ball': False}
2023-01-01 18:12:40,075 : INFO : EventManager : Event: ======'mode_value_reset_starting'====== Args={'queue': <QueuedEvent>, 'player': 1, 'ball': 1, 'balls_remaining': 2, 'is_extra_ball': False}
2023-01-01 18:12:40,075 : INFO : EventManager : Event: ======'mode_main_play_will_start'====== Args={'queue': <QueuedEvent>, 'player': 1, 'ball': 1, 'balls_remaining': 2, 'is_extra_ball': False}
2023-01-01 18:12:40,078 : INFO : EventManager : Event: ======'mode_main_play_starting'====== Args={'queue': <QueuedEvent>, 'player': 1, 'ball': 1, 'balls_remaining': 2, 'is_extra_ball': False}
2023-01-01 18:12:40,079 : INFO : EventManager : Event: ======'mode_capture_will_start'====== Args={'queue': <QueuedEvent>, 'player': 1, 'ball': 1, 'balls_remaining': 2, 'is_extra_ball': False}
2023-01-01 18:12:40,081 : INFO : EventManager : Event: ======'mode_capture_starting'====== Args={'queue': <QueuedEvent>, 'player': 1, 'ball': 1, 'balls_remaining': 2, 'is_extra_ball': False}
2023-01-01 18:12:40,081 : INFO : Mode.value_reset : Started. Priority: 100
2023-01-01 18:12:40,081 : INFO : EventManager : Event: ======'modes_active_modes_changed'====== Args={}
2023-01-01 18:12:40,082 : INFO : EventManager : Event: ======'mode_value_reset_started'====== Args={'queue': <QueuedEvent>, 'player': 1, 'ball': 1, 'balls_remaining': 2, 'is_extra_ball': False}
2023-01-01 18:12:40,082 : INFO : Mode.port_hole_manager : Started. Priority: 100
2023-01-01 18:12:40,082 : INFO : EventManager : Event: ======'modes_active_modes_changed'====== Args={}
2023-01-01 18:12:40,082 : INFO : EventManager : Event: ======'mode_port_hole_manager_started'====== Args={'queue': <QueuedEvent>, 'player': 1, 'ball': 1, 'balls_remaining': 2, 'is_extra_ball': False}
2023-01-01 18:12:40,083 : INFO : EventManager : Event: ======'balls_in_play'====== Args={'balls': 1}
2023-01-01 18:12:40,083 : INFO : EventManager : Event: ======'ball_started'====== Args={'player': 1, 'ball': 1, 'balls_remaining': 2, 'is_extra_ball': False}
2023-01-01 18:12:40,097 : INFO : EventManager : Event: ======'logicblock_bonusX_counter_updated'====== Args={'value': 2, 'enabled': True}
2023-01-01 18:12:40,098 : INFO : EventManager : Event: ======'logicblock_bomb_counter_updated'====== Args={'value': 3, 'enabled': True}
2023-01-01 18:12:40,098 : INFO : EventManager : Event: ======'logicblock_bomb_animation_counter_updated'====== Args={'value': 3, 'enabled': True}
2023-01-01 18:12:40,098 : INFO : EventManager : Event: ======'logicblock_bonusX_counter_updated'====== Args={'value': 2, 'enabled': True}
2023-01-01 18:12:40,098 : INFO : EventManager : Event: ======'logicblock_bomb_counter_updated'====== Args={'value': 3, 'enabled': True}
2023-01-01 18:12:40,099 : INFO : EventManager : Event: ======'logicblock_bomb_animation_counter_updated'====== Args={'value': 3, 'enabled': True}
2023-01-01 18:12:40,099 : INFO : Mode.main_play : Started. Priority: 100
2023-01-01 18:12:40,099 : INFO : EventManager : Event: ======'modes_active_modes_changed'====== Args={}
2023-01-01 18:12:40,099 : INFO : EventManager : Event: ======'mode_main_play_started'====== Args={'queue': <QueuedEvent>, 'player': 1, 'ball': 1, 'balls_remaining': 2, 'is_extra_ball': False}
2023-01-01 18:12:40,100 : INFO : EventManager : Event: ======'logicblock_capture_counter_updated'====== Args={'value': 6, 'enabled': True}
2023-01-01 18:12:40,100 : INFO : EventManager : Event: ======'logicblock_capture_counter_updated'====== Args={'value': 6, 'enabled': True}
2023-01-01 18:12:40,100 : INFO : Mode.capture : Started. Priority: 100
2023-01-01 18:12:40,100 : INFO : EventManager : Event: ======'modes_active_modes_changed'====== Args={}
2023-01-01 18:12:40,100 : INFO : EventManager : Event: ======'mode_capture_started'====== Args={'queue': <QueuedEvent>, 'player': 1, 'ball': 1, 'balls_remaining': 2, 'is_extra_ball': False}
2023-01-01 18:12:40,101 : INFO : EventManager : Event: ======'mode_skill_shot_will_start'====== Args={'player': 1, 'ball': 1, 'balls_remaining': 2, 'is_extra_ball': False}
2023-01-01 18:12:40,101 : INFO : EventManager : Event: ======'achievement_skillshot_1_changed_state'====== Args={'restore': False, 'state': 'enabled', 'selected': False}
2023-01-01 18:12:40,101 : INFO : EventManager : Event: ======'achievement_skillshot_1_state_enabled'====== Args={'restore': False, 'state': 'enabled', 'selected': False}
2023-01-01 18:12:40,101 : INFO : EventManager : Event: ======'achievement_skillshot_2_changed_state'====== Args={'restore': False, 'state': 'disabled', 'selected': False}
2023-01-01 18:12:40,102 : INFO : EventManager : Event: ======'achievement_skillshot_2_state_disabled'====== Args={'restore': False, 'state': 'disabled', 'selected': False}
2023-01-01 18:12:40,102 : INFO : EventManager : Event: ======'achievement_skillshot_3_changed_state'====== Args={'restore': False, 'state': 'disabled', 'selected': False}
2023-01-01 18:12:40,102 : INFO : EventManager : Event: ======'achievement_skillshot_3_state_disabled'====== Args={'restore': False, 'state': 'disabled', 'selected': False}
2023-01-01 18:12:40,102 : INFO : EventManager : Event: ======'achievement_skillshot_4_changed_state'====== Args={'restore': False, 'state': 'disabled', 'selected': False}
2023-01-01 18:12:40,103 : INFO : EventManager : Event: ======'achievement_skillshot_4_state_disabled'====== Args={'restore': False, 'state': 'disabled', 'selected': False}
2023-01-01 18:12:40,103 : INFO : EventManager : Event: ======'achievement_skillshot_5_changed_state'====== Args={'restore': False, 'state': 'disabled', 'selected': False}
2023-01-01 18:12:40,103 : INFO : EventManager : Event: ======'achievement_skillshot_5_state_disabled'====== Args={'restore': False, 'state': 'disabled', 'selected': False}
2023-01-01 18:12:40,103 : INFO : EventManager : Event: ======'achievement_skillshot_6_changed_state'====== Args={'restore': False, 'state': 'disabled', 'selected': False}
2023-01-01 18:12:40,104 : INFO : EventManager : Event: ======'achievement_skillshot_6_state_disabled'====== Args={'restore': False, 'state': 'disabled', 'selected': False}
2023-01-01 18:12:40,104 : INFO : EventManager : Event: ======'achievement_skillshot_7_changed_state'====== Args={'restore': False, 'state': 'disabled', 'selected': False}
2023-01-01 18:12:40,104 : INFO : EventManager : Event: ======'achievement_skillshot_7_state_disabled'====== Args={'restore': False, 'state': 'disabled', 'selected': False}
2023-01-01 18:12:40,104 : INFO : EventManager : Event: ======'achievement_skillshot_8_changed_state'====== Args={'restore': False, 'state': 'disabled', 'selected': False}
2023-01-01 18:12:40,105 : INFO : EventManager : Event: ======'achievement_skillshot_8_state_disabled'====== Args={'restore': False, 'state': 'disabled', 'selected': False}
2023-01-01 18:12:40,107 : INFO : EventManager : Event: ======'mode_skill_shot_starting'====== Args={'player': 1, 'ball': 1, 'balls_remaining': 2, 'is_extra_ball': False}
2023-01-01 18:12:40,107 : INFO : EventManager : Event: ======'mode_battle_manager_will_start'====== Args={'player': 1, 'ball': 1, 'balls_remaining': 2, 'is_extra_ball': False}
2023-01-01 18:12:40,109 : INFO : EventManager : Event: ======'mode_battle_manager_starting'====== Args={'player': 1, 'ball': 1, 'balls_remaining': 2, 'is_extra_ball': False}
2023-01-01 18:12:40,109 : INFO : EventManager : Event: ======'mode_bomb_will_start'====== Args={'player': 1, 'ball': 1, 'balls_remaining': 2, 'is_extra_ball': False}
2023-01-01 18:12:40,109 : INFO : EventManager : Event: ======'bomb_2_started'====== Args={}
2023-01-01 18:12:40,111 : INFO : EventManager : Event: ======'mode_bomb_starting'====== Args={'player': 1, 'ball': 1, 'balls_remaining': 2, 'is_extra_ball': False}
2023-01-01 18:12:40,111 : INFO : EventManager : Event: ======'mode_container_will_start'====== Args={'player': 1, 'ball': 1, 'balls_remaining': 2, 'is_extra_ball': False}
2023-01-01 18:12:40,112 : INFO : EventManager : Event: ======'player_shot_lane_A_enabled'====== Args={'value': True, 'prev_value': 0, 'change': 1, 'player_num': 1}
2023-01-01 18:12:40,112 : INFO : EventManager : Event: ======'player_shot_lane_B_enabled'====== Args={'value': True, 'prev_value': 0, 'change': 1, 'player_num': 1}
2023-01-01 18:12:40,113 : INFO : EventManager : Event: ======'player_shot_lane_C_enabled'====== Args={'value': True, 'prev_value': 0, 'change': 1, 'player_num': 1}
2023-01-01 18:12:40,114 : INFO : EventManager : Event: ======'player_shot_lane_D_enabled'====== Args={'value': True, 'prev_value': 0, 'change': 1, 'player_num': 1}
2023-01-01 18:12:40,115 : INFO : EventManager : Event: ======'player_shot_lane_E_enabled'====== Args={'value': True, 'prev_value': 0, 'change': 1, 'player_num': 1}
2023-01-01 18:12:40,115 : INFO : EventManager : Event: ======'container_lanes_complete'====== Args={'state': 'unlit'}
2023-01-01 18:12:40,115 : INFO : EventManager : Event: ======'container_lanes_unlit_complete'====== Args={}
2023-01-01 18:12:40,116 : INFO : EventManager : Unordered handler for class ConfigPlayer.event_player/events on event slide_container_ball_text_removed with priority 100. Handlers: [RegisteredHandler(callback=<bound method ConfigPlayer.config_play_callback of ConfigPlayer.event_player/events>, priority=100, kwargs={'calling_context': 'slide_container_ball_text_removed', 'mode': <Mode.port_hole_manager>, 'settings': {'port_check_phase_3_finished': {'priority': 0}}}, key=UUID('a48fa788-602d-46fa-ad7e-b22aeeeb2953'), condition=None, blocking_facility=None), RegisteredHandler(callback=<bound method ConfigPlayer.config_play_callback of ConfigPlayer.event_player/events>, priority=100, kwargs={'calling_context': 'slide_container_ball_text_removed', 'mode': <Mode.container>, 'settings': {'container_slide_end': {'priority': 0}}}, key=UUID('88fd05c2-27ee-4e33-b41e-19d21af0be27'), condition=None, blocking_facility=None)]. The order of those handlers is not defined and they will be executed in random order. This might lead to race conditions and potential bugs.
2023-01-01 18:12:40,118 : INFO : EventManager : Event: ======'mode_container_starting'====== Args={'player': 1, 'ball': 1, 'balls_remaining': 2, 'is_extra_ball': False}
2023-01-01 18:12:40,118 : INFO : EventManager : Event: ======'mode_hc_lock_lit_will_start'====== Args={'player': 1, 'ball': 1, 'balls_remaining': 2, 'is_extra_ball': False}
2023-01-01 18:12:40,118 : INFO : EventManager : Event: ======'player_shot_lock_lit_1_enabled'====== Args={'value': True, 'prev_value': 0, 'change': 1, 'player_num': 1}
2023-01-01 18:12:40,119 : INFO : EventManager : Event: ======'player_shot_lock_lit_2_enabled'====== Args={'value': True, 'prev_value': 0, 'change': 1, 'player_num': 1}
2023-01-01 18:12:40,120 : INFO : EventManager : Event: ======'lock_lits_complete'====== Args={'state': 'unlit'}
2023-01-01 18:12:40,120 : INFO : EventManager : Event: ======'lock_lits_unlit_complete'====== Args={}
2023-01-01 18:12:40,122 : INFO : EventManager : Event: ======'mode_hc_lock_lit_starting'====== Args={'player': 1, 'ball': 1, 'balls_remaining': 2, 'is_extra_ball': False}
2023-01-01 18:12:40,123 : INFO : EventManager : Event: ======'mode_commander_skill_manager_will_start'====== Args={'player': 1, 'ball': 1, 'balls_remaining': 2, 'is_extra_ball': False}
2023-01-01 18:12:40,125 : INFO : EventManager : Event: ======'mode_commander_skill_manager_starting'====== Args={'player': 1, 'ball': 1, 'balls_remaining': 2, 'is_extra_ball': False}
2023-01-01 18:12:40,126 : INFO : EventManager : Event: ======'mode_drednaught_will_start'====== Args={'player': 1, 'ball': 1, 'balls_remaining': 2, 'is_extra_ball': False}
2023-01-01 18:12:40,126 : INFO : EventManager : Event: ======'mode_drednaught_starting'====== Args={'player': 1, 'ball': 1, 'balls_remaining': 2, 'is_extra_ball': False}
2023-01-01 18:12:40,127 : INFO : EventManager : Event: ======'mode_salvo_lit_will_start'====== Args={'player': 1, 'ball': 1, 'balls_remaining': 2, 'is_extra_ball': False}
2023-01-01 18:12:40,127 : INFO : EventManager : Event: ======'player_shot_ricochet_1_enabled'====== Args={'value': True, 'prev_value': 0, 'change': 1, 'player_num': 1}
2023-01-01 18:12:40,127 : INFO : EventManager : Event: ======'player_shot_ricochet_2_enabled'====== Args={'value': True, 'prev_value': 0, 'change': 1, 'player_num': 1}
2023-01-01 18:12:40,128 : INFO : EventManager : Event: ======'player_shot_ricochet_3_enabled'====== Args={'value': True, 'prev_value': 0, 'change': 1, 'player_num': 1}
2023-01-01 18:12:40,129 : INFO : EventManager : Event: ======'player_shot_ricochet_4_enabled'====== Args={'value': True, 'prev_value': 0, 'change': 1, 'player_num': 1}
2023-01-01 18:12:40,129 : INFO : EventManager : Event: ======'ricochet_targets_complete'====== Args={'state': 'unlit'}
2023-01-01 18:12:40,129 : INFO : EventManager : Event: ======'ricochet_targets_unlit_complete'====== Args={}
2023-01-01 18:12:40,130 : INFO : EventManager : Event: ======'mode_salvo_lit_starting'====== Args={'player': 1, 'ball': 1, 'balls_remaining': 2, 'is_extra_ball': False}
2023-01-01 18:12:40,130 : INFO : EventManager : Event: ======'mode_mode_lit_will_start'====== Args={'player': 1, 'ball': 1, 'balls_remaining': 2, 'is_extra_ball': False}
2023-01-01 18:12:40,131 : INFO : EventManager : Event: ======'achievement_mode_1_changed_state'====== Args={'restore': False, 'state': 'disabled', 'selected': False}
2023-01-01 18:12:40,131 : INFO : EventManager : Event: ======'achievement_mode_1_state_disabled'====== Args={'restore': False, 'state': 'disabled', 'selected': False}
2023-01-01 18:12:40,131 : INFO : EventManager : Event: ======'achievement_mode_2_changed_state'====== Args={'restore': False, 'state': 'disabled', 'selected': False}
2023-01-01 18:12:40,131 : INFO : EventManager : Event: ======'achievement_mode_2_state_disabled'====== Args={'restore': False, 'state': 'disabled', 'selected': False}
2023-01-01 18:12:40,132 : INFO : EventManager : Event: ======'achievement_mode_3_changed_state'====== Args={'restore': False, 'state': 'disabled', 'selected': False}
2023-01-01 18:12:40,132 : INFO : EventManager : Event: ======'achievement_mode_3_state_disabled'====== Args={'restore': False, 'state': 'disabled', 'selected': False}
2023-01-01 18:12:40,132 : INFO : EventManager : Event: ======'achievement_mode_4_changed_state'====== Args={'restore': False, 'state': 'disabled', 'selected': False}
2023-01-01 18:12:40,133 : INFO : EventManager : Event: ======'achievement_mode_4_state_disabled'====== Args={'restore': False, 'state': 'disabled', 'selected': False}
2023-01-01 18:12:40,133 : INFO : EventManager : Event: ======'achievement_mode_5_changed_state'====== Args={'restore': False, 'state': 'disabled', 'selected': False}
2023-01-01 18:12:40,133 : INFO : EventManager : Event: ======'achievement_mode_5_state_disabled'====== Args={'restore': False, 'state': 'disabled', 'selected': False}
2023-01-01 18:12:40,133 : INFO : EventManager : Event: ======'achievement_mode_6_changed_state'====== Args={'restore': False, 'state': 'disabled', 'selected': False}
2023-01-01 18:12:40,134 : INFO : EventManager : Event: ======'achievement_mode_6_state_disabled'====== Args={'restore': False, 'state': 'disabled', 'selected': False}
2023-01-01 18:12:40,134 : INFO : EventManager : Event: ======'achievement_mode_7_changed_state'====== Args={'restore': False, 'state': 'disabled', 'selected': False}
2023-01-01 18:12:40,134 : INFO : EventManager : Event: ======'achievement_mode_7_state_disabled'====== Args={'restore': False, 'state': 'disabled', 'selected': False}
2023-01-01 18:12:40,135 : INFO : EventManager : Event: ======'achievement_mode_8_changed_state'====== Args={'restore': False, 'state': 'disabled', 'selected': False}
2023-01-01 18:12:40,135 : INFO : EventManager : Event: ======'achievement_mode_8_state_disabled'====== Args={'restore': False, 'state': 'disabled', 'selected': False}
2023-01-01 18:12:40,135 : INFO : EventManager : Event: ======'achievement_mode_9_changed_state'====== Args={'restore': False, 'state': 'disabled', 'selected': False}
2023-01-01 18:12:40,135 : INFO : EventManager : Event: ======'achievement_mode_9_state_disabled'====== Args={'restore': False, 'state': 'disabled', 'selected': False}
2023-01-01 18:12:40,136 : INFO : EventManager : Event: ======'achievement_mode_10_changed_state'====== Args={'restore': False, 'state': 'disabled', 'selected': False}
2023-01-01 18:12:40,136 : INFO : EventManager : Event: ======'achievement_mode_10_state_disabled'====== Args={'restore': False, 'state': 'disabled', 'selected': False}
2023-01-01 18:12:40,140 : INFO : EventManager : Event: ======'mode_mode_lit_starting'====== Args={'player': 1, 'ball': 1, 'balls_remaining': 2, 'is_extra_ball': False}
2023-01-01 18:12:40,140 : INFO : EventManager : Event: ======'mode_mode_timer_will_start'====== Args={'player': 1, 'ball': 1, 'balls_remaining': 2, 'is_extra_ball': False}
2023-01-01 18:12:40,143 : INFO : EventManager : Event: ======'mode_timer_disable'====== Args={}
2023-01-01 18:12:40,143 : INFO : EventManager : Event: ======'mode_mode_timer_starting'====== Args={'player': 1, 'ball': 1, 'balls_remaining': 2, 'is_extra_ball': False}
2023-01-01 18:12:40,144 : INFO : EventManager : Event: ======'mode_detonation_will_start'====== Args={'player': 1, 'ball': 1, 'balls_remaining': 2, 'is_extra_ball': False}
2023-01-01 18:12:40,144 : INFO : EventManager : Event: ======'player_shot_detonation_lit_enabled'====== Args={'value': True, 'prev_value': 0, 'change': 1, 'player_num': 1}
2023-01-01 18:12:40,145 : INFO : EventManager : Event: ======'player_shot_detonation_enabled'====== Args={'value': False, 'prev_value': 0, 'change': 0, 'player_num': 1}
2023-01-01 18:12:40,146 : INFO : EventManager : Event: ======'mode_detonation_starting'====== Args={'player': 1, 'ball': 1, 'balls_remaining': 2, 'is_extra_ball': False}
2023-01-01 18:12:40,146 : INFO : EventManager : Event: ======'player_DMGValue'====== Args={'value': 120000000, 'prev_value': 10000000, 'change': 110000000, 'player_num': 1}
2023-01-01 18:12:40,146 : INFO : EventManager : Event: ======'player_JetValue'====== Args={'value': 500000, 'prev_value': 5000000, 'change': -4500000, 'player_num': 1}
2023-01-01 18:12:40,147 : INFO : EventManager : Event: ======'player_BonusX'====== Args={'value': 1, 'prev_value': 0, 'change': 1, 'player_num': 1}
2023-01-01 18:12:40,147 : INFO : EventManager : Event: ======'ball_save_main_ball_save_enabled'====== Args={}
2023-01-01 18:12:40,149 : INFO : state_machine.hc_multiball : Transitioning from lock_lit_state to lock_lit_state
2023-01-01 18:12:40,149 : INFO : EventManager : Event: ======'lock_lit_stopped'====== Args={}
2023-01-01 18:12:40,150 : INFO : EventManager : Event: ======'lock_lit_started'====== Args={}
2023-01-01 18:12:40,150 : INFO : EventManager : Event: ======'player_shot_lock_lit_1_enabled'====== Args={'value': False, 'prev_value': True, 'change': -1, 'player_num': 1}
2023-01-01 18:12:40,151 : INFO : EventManager : Event: ======'player_shot_lock_lit_2_enabled'====== Args={'value': False, 'prev_value': True, 'change': -1, 'player_num': 1}
2023-01-01 18:12:40,151 : INFO : EventManager : Event: ======'player_shot_lock_lit_1_enabled'====== Args={'value': True, 'prev_value': False, 'change': 1, 'player_num': 1}
2023-01-01 18:12:40,152 : INFO : EventManager : Event: ======'player_shot_lock_lit_2_enabled'====== Args={'value': True, 'prev_value': False, 'change': 1, 'player_num': 1}
2023-01-01 18:12:40,152 : INFO : EventManager : Event: ======'player_bonusX_progress_number'====== Args={'value': 2, 'prev_value': 0, 'change': 2, 'player_num': 1}
2023-01-01 18:12:40,153 : INFO : EventManager : Event: ======'player_bomb_progress_number'====== Args={'value': 3, 'prev_value': 0, 'change': 3, 'player_num': 1}
2023-01-01 18:12:40,153 : INFO : Mode.detonation : Started. Priority: 100
2023-01-01 18:12:40,153 : INFO : EventManager : Event: ======'modes_active_modes_changed'====== Args={}
2023-01-01 18:12:40,153 : INFO : EventManager : Event: ======'mode_detonation_started'====== Args={'player': 1, 'ball': 1, 'balls_remaining': 2, 'is_extra_ball': False}
2023-01-01 18:12:40,154 : INFO : Mode.mode_timer : Started. Priority: 100
2023-01-01 18:12:40,154 : INFO : EventManager : Event: ======'modes_active_modes_changed'====== Args={}
2023-01-01 18:12:40,154 : INFO : EventManager : Event: ======'mode_mode_timer_started'====== Args={'player': 1, 'ball': 1, 'balls_remaining': 2, 'is_extra_ball': False}
2023-01-01 18:12:40,155 : INFO : Mode.mode_lit : Started. Priority: 100
2023-01-01 18:12:40,155 : INFO : EventManager : Event: ======'modes_active_modes_changed'====== Args={}
2023-01-01 18:12:40,155 : INFO : EventManager : Event: ======'mode_mode_lit_started'====== Args={'player': 1, 'ball': 1, 'balls_remaining': 2, 'is_extra_ball': False}
2023-01-01 18:12:40,155 : INFO : EventManager : Event: ======'achievement_mode_1_changed_state'====== Args={'restore': False, 'state': 'enabled', 'selected': False}
2023-01-01 18:12:40,156 : INFO : EventManager : Event: ======'achievement_mode_1_state_enabled'====== Args={'restore': False, 'state': 'enabled', 'selected': False}
2023-01-01 18:12:40,156 : INFO : EventManager : Event: ======'achievement_mode_2_changed_state'====== Args={'restore': False, 'state': 'enabled', 'selected': False}
2023-01-01 18:12:40,156 : INFO : EventManager : Event: ======'achievement_mode_2_state_enabled'====== Args={'restore': False, 'state': 'enabled', 'selected': False}
2023-01-01 18:12:40,156 : INFO : EventManager : Event: ======'achievement_mode_3_changed_state'====== Args={'restore': False, 'state': 'enabled', 'selected': False}
2023-01-01 18:12:40,157 : INFO : EventManager : Event: ======'achievement_mode_3_state_enabled'====== Args={'restore': False, 'state': 'enabled', 'selected': False}
2023-01-01 18:12:40,157 : INFO : EventManager : Event: ======'achievement_mode_4_changed_state'====== Args={'restore': False, 'state': 'enabled', 'selected': False}
2023-01-01 18:12:40,157 : INFO : EventManager : Event: ======'achievement_mode_4_state_enabled'====== Args={'restore': False, 'state': 'enabled', 'selected': False}
2023-01-01 18:12:40,157 : INFO : EventManager : Event: ======'achievement_mode_5_changed_state'====== Args={'restore': False, 'state': 'enabled', 'selected': False}
2023-01-01 18:12:40,158 : INFO : EventManager : Event: ======'achievement_mode_5_state_enabled'====== Args={'restore': False, 'state': 'enabled', 'selected': False}
2023-01-01 18:12:40,158 : INFO : EventManager : Event: ======'achievement_mode_6_changed_state'====== Args={'restore': False, 'state': 'enabled', 'selected': False}
2023-01-01 18:12:40,158 : INFO : EventManager : Event: ======'achievement_mode_6_state_enabled'====== Args={'restore': False, 'state': 'enabled', 'selected': False}
2023-01-01 18:12:40,158 : INFO : EventManager : Event: ======'achievement_mode_7_changed_state'====== Args={'restore': False, 'state': 'enabled', 'selected': False}
2023-01-01 18:12:40,159 : INFO : EventManager : Event: ======'achievement_mode_7_state_enabled'====== Args={'restore': False, 'state': 'enabled', 'selected': False}
2023-01-01 18:12:40,159 : INFO : EventManager : Event: ======'achievement_mode_8_changed_state'====== Args={'restore': False, 'state': 'enabled', 'selected': False}
2023-01-01 18:12:40,159 : INFO : EventManager : Event: ======'achievement_mode_8_state_enabled'====== Args={'restore': False, 'state': 'enabled', 'selected': False}
2023-01-01 18:12:40,159 : INFO : EventManager : Event: ======'achievement_mode_9_changed_state'====== Args={'restore': False, 'state': 'enabled', 'selected': False}
2023-01-01 18:12:40,159 : INFO : EventManager : Event: ======'achievement_mode_9_state_enabled'====== Args={'restore': False, 'state': 'enabled', 'selected': False}
2023-01-01 18:12:40,160 : INFO : EventManager : Event: ======'achievement_mode_10_changed_state'====== Args={'restore': False, 'state': 'enabled', 'selected': False}
2023-01-01 18:12:40,160 : INFO : EventManager : Event: ======'achievement_mode_10_state_enabled'====== Args={'restore': False, 'state': 'enabled', 'selected': False}
2023-01-01 18:12:40,161 : INFO : EventManager : Event: ======'achievement_mode_6_changed_state'====== Args={'restore': False, 'state': 'enabled', 'selected': True}
2023-01-01 18:12:40,161 : INFO : EventManager : Event: ======'achievement_mode_6_state_enabled'====== Args={'restore': False, 'state': 'enabled', 'selected': True}
2023-01-01 18:12:40,161 : INFO : EventManager : Event: ======'achievement_mode_6_state_selected'====== Args={'restore': False, 'state': 'enabled', 'selected': True}
2023-01-01 18:12:40,162 : INFO : Mode.salvo_lit : Started. Priority: 100
2023-01-01 18:12:40,162 : INFO : EventManager : Event: ======'modes_active_modes_changed'====== Args={}
2023-01-01 18:12:40,162 : INFO : EventManager : Event: ======'mode_salvo_lit_started'====== Args={'player': 1, 'ball': 1, 'balls_remaining': 2, 'is_extra_ball': False}
2023-01-01 18:12:40,163 : INFO : Mode.drednaught : Started. Priority: 100
2023-01-01 18:12:40,163 : INFO : EventManager : Event: ======'modes_active_modes_changed'====== Args={}
2023-01-01 18:12:40,163 : INFO : EventManager : Event: ======'mode_drednaught_started'====== Args={'player': 1, 'ball': 1, 'balls_remaining': 2, 'is_extra_ball': False}
2023-01-01 18:12:40,164 : INFO : EventManager : Event: ======'player_take_dmg_score'====== Args={'value': 18000000, 'prev_value': 0, 'change': 18000000, 'player_num': 1}
2023-01-01 18:12:40,164 : INFO : EventManager : Event: ======'player_ReceivedDMGshow'====== Args={'value': 0, 'prev_value': 0, 'change': 0, 'player_num': 1}
2023-01-01 18:12:40,164 : INFO : Mode.commander_skill_manager : Started. Priority: 100
2023-01-01 18:12:40,164 : INFO : EventManager : Event: ======'modes_active_modes_changed'====== Args={}
2023-01-01 18:12:40,165 : INFO : EventManager : Event: ======'mode_commander_skill_manager_started'====== Args={'player': 1, 'ball': 1, 'balls_remaining': 2, 'is_extra_ball': False}
2023-01-01 18:12:40,165 : INFO : Mode.hc_lock_lit : Started. Priority: 100
2023-01-01 18:12:40,165 : INFO : EventManager : Event: ======'modes_active_modes_changed'====== Args={}
2023-01-01 18:12:40,165 : INFO : EventManager : Event: ======'mode_hc_lock_lit_started'====== Args={'player': 1, 'ball': 1, 'balls_remaining': 2, 'is_extra_ball': False}
2023-01-01 18:12:40,166 : INFO : Mode.container : Started. Priority: 100
2023-01-01 18:12:40,166 : INFO : EventManager : Event: ======'modes_active_modes_changed'====== Args={}
2023-01-01 18:12:40,166 : INFO : EventManager : Event: ======'mode_container_started'====== Args={'player': 1, 'ball': 1, 'balls_remaining': 2, 'is_extra_ball': False}
2023-01-01 18:12:40,167 : INFO : Mode.bomb : Started. Priority: 100
2023-01-01 18:12:40,167 : INFO : EventManager : Event: ======'modes_active_modes_changed'====== Args={}
2023-01-01 18:12:40,167 : INFO : EventManager : Event: ======'mode_bomb_started'====== Args={'player': 1, 'ball': 1, 'balls_remaining': 2, 'is_extra_ball': False}
2023-01-01 18:12:40,167 : INFO : Mode.skill_shot : Started. Priority: 150
2023-01-01 18:12:40,167 : INFO : EventManager : Event: ======'modes_active_modes_changed'====== Args={}
2023-01-01 18:12:40,168 : INFO : EventManager : Event: ======'mode_skill_shot_started'====== Args={'player': 1, 'ball': 1, 'balls_remaining': 2, 'is_extra_ball': False}
2023-01-01 18:12:40,168 : INFO : EventManager : Event: ======'achievement_skillshot_1_changed_state'====== Args={'restore': False, 'state': 'enabled', 'selected': True}
2023-01-01 18:12:40,169 : INFO : EventManager : Event: ======'achievement_skillshot_1_state_enabled'====== Args={'restore': False, 'state': 'enabled', 'selected': True}
2023-01-01 18:12:40,169 : INFO : EventManager : Event: ======'skillshot_1_selected'====== Args={'restore': False, 'state': 'enabled', 'selected': True}
2023-01-01 18:12:40,170 : INFO : EventManager : Event: ======'achievement_skillshot_2_changed_state'====== Args={'restore': False, 'state': 'enabled', 'selected': False}
2023-01-01 18:12:40,170 : INFO : EventManager : Event: ======'achievement_skillshot_2_state_enabled'====== Args={'restore': False, 'state': 'enabled', 'selected': False}
2023-01-01 18:12:40,170 : INFO : EventManager : Event: ======'achievement_skillshot_3_changed_state'====== Args={'restore': False, 'state': 'enabled', 'selected': False}
2023-01-01 18:12:40,170 : INFO : EventManager : Event: ======'achievement_skillshot_3_state_enabled'====== Args={'restore': False, 'state': 'enabled', 'selected': False}
2023-01-01 18:12:40,171 : INFO : EventManager : Event: ======'achievement_skillshot_4_changed_state'====== Args={'restore': False, 'state': 'enabled', 'selected': False}
2023-01-01 18:12:40,171 : INFO : EventManager : Event: ======'achievement_skillshot_4_state_enabled'====== Args={'restore': False, 'state': 'enabled', 'selected': False}
2023-01-01 18:12:40,171 : INFO : EventManager : Event: ======'achievement_skillshot_5_changed_state'====== Args={'restore': False, 'state': 'enabled', 'selected': False}
2023-01-01 18:12:40,171 : INFO : EventManager : Event: ======'achievement_skillshot_5_state_enabled'====== Args={'restore': False, 'state': 'enabled', 'selected': False}
2023-01-01 18:12:40,172 : INFO : EventManager : Event: ======'achievement_skillshot_6_changed_state'====== Args={'restore': False, 'state': 'enabled', 'selected': False}
2023-01-01 18:12:40,172 : INFO : EventManager : Event: ======'achievement_skillshot_6_state_enabled'====== Args={'restore': False, 'state': 'enabled', 'selected': False}
2023-01-01 18:12:40,172 : INFO : EventManager : Event: ======'achievement_skillshot_7_changed_state'====== Args={'restore': False, 'state': 'enabled', 'selected': False}
2023-01-01 18:12:40,172 : INFO : EventManager : Event: ======'achievement_skillshot_7_state_enabled'====== Args={'restore': False, 'state': 'enabled', 'selected': False}
2023-01-01 18:12:40,173 : INFO : EventManager : Event: ======'achievement_skillshot_8_changed_state'====== Args={'restore': False, 'state': 'enabled', 'selected': False}
2023-01-01 18:12:40,173 : INFO : EventManager : Event: ======'achievement_skillshot_8_state_enabled'====== Args={'restore': False, 'state': 'enabled', 'selected': False}
2023-01-01 18:12:40,217 : INFO : EventManager : Event: ======'logicblock_battle_counter_updated'====== Args={'value': 5, 'enabled': False}
2023-01-01 18:12:40,217 : INFO : Mode.battle_manager : Started. Priority: 100
2023-01-01 18:12:40,217 : INFO : EventManager : Event: ======'modes_active_modes_changed'====== Args={}
2023-01-01 18:12:40,217 : INFO : EventManager : Event: ======'mode_battle_manager_started'====== Args={'player': 1, 'ball': 1, 'balls_remaining': 2, 'is_extra_ball': False}
2023-01-01 18:12:40,218 : INFO : EventManager : Event: ======'player_battle_lit_score'====== Args={'value': 5, 'prev_value': 0, 'change': 5, 'player_num': 1}
2023-01-01 18:12:40,218 : INFO : EventManager : Event: ======'logicblock_battle_counter_updated'====== Args={'value': 5, 'enabled': True}
2023-01-01 18:12:40,219 : INFO : EventManager : Event: ======'single_player_ball_started'====== Args={}
2023-01-01 18:12:40,220 : INFO : EventManager : Event: ======'slide_prelaunch_slide_created'====== Args={'_from_bcp': True}
2023-01-01 18:12:40,234 : INFO : EventManager : Event: ======'slide_prelaunch_slide_active'====== Args={'_from_bcp': True}
2023-01-01 18:12:40,264 : INFO : ball_device.bd_plunger : Setting up player-controlled eject. Balls: 1, Target: <playfield.playfield>, player_controlled_eject_event: s_plunger_button_active
2023-01-01 18:12:40,264 : INFO : EventManager : Event: ======'balldevice_balls_available'====== Args={}
2023-01-01 18:12:40,265 : INFO : EventManager : Event: ======'slide_base_slide_created'====== Args={'_from_bcp': True}
2023-01-01 18:12:40,280 : INFO : ball_device.bd_trough : State: waiting_for_target_ready
2023-01-01 18:12:40,280 : INFO : EventManager : Event: ======'balldevice_bd_trough_ball_eject_attempt'====== Args={'balls': 1, 'target': <ball_device.bd_plunger>, 'source': <ball_device.bd_trough>, 'mechanical_eject': True, 'num_attempts': 0}
2023-01-01 18:12:40,280 : INFO : ball_device.bd_plunger : State: waiting_for_ball
2023-01-01 18:12:40,280 : INFO : ball_device.bd_trough : State: ejecting
2023-01-01 18:12:40,281 : INFO : ball_device.bd_trough : Ejecting ball to <ball_device.bd_plunger>
2023-01-01 18:12:40,281 : INFO : EventManager : Event: ======'balldevice_bd_trough_ejecting_ball'====== Args={'balls': 1, 'target': <ball_device.bd_plunger>, 'source': <ball_device.bd_trough>, 'mechanical_eject': True, 'num_attempts': 0}
2023-01-01 18:12:40,282 : INFO : ball_device.bd_trough : Wait for ball to leave device
2023-01-01 18:12:40,282 : INFO : coil.c_trough_eject : Pulsing Driver for 20ms (1.0 pulse_power)
2023-01-01 18:12:40,282 : INFO : SwitchController : <<<<<<< 's_trough1' inactive >>>>>>>
2023-01-01 18:12:40,294 : INFO : ball_device.bd_trough : State: ball_left
2023-01-01 18:12:40,294 : INFO : ball_device.bd_trough : Ball left
2023-01-01 18:12:40,294 : INFO : ball_device.bd_trough : Wait for confirm with timeout 10.0
2023-01-01 18:12:40,365 : INFO : SwitchController : <<<<<<< 's_plunger' active >>>>>>>
2023-01-01 18:12:40,365 : INFO : EventManager : Event: ======'machine_var_audits_switches_s_plunger'====== Args={'value': 4061, 'prev_value': 4060, 'change': 1}
2023-01-01 18:12:40,683 : INFO : ball_device.bd_plunger : Received ball from <ball_device.bd_trough>
2023-01-01 18:12:40,683 : INFO : EventManager : Event: ======'balldevice_bd_plunger_ball_enter'====== Args={'new_balls': 1, 'unclaimed_balls': 0, 'new_available_balls': 0, 'device': <ball_device.bd_plunger>}
2023-01-01 18:12:40,684 : INFO : EventManager : Event: ======'balldevice_bd_plunger_ball_entered'====== Args={'new_balls': 0, 'device': <ball_device.bd_plunger>}
2023-01-01 18:12:40,684 : INFO : EventManager : Event: ======'balldevice_bd_plunger_ball_count_changed'====== Args={'balls': 1}
2023-01-01 18:12:40,684 : INFO : ball_device.bd_trough : Got eject confirm
2023-01-01 18:12:40,684 : INFO : ball_device.bd_trough : Eject successful
2023-01-01 18:12:40,684 : INFO : EventManager : Event: ======'balldevice_bd_trough_ball_eject_success'====== Args={'balls': 1, 'target': <ball_device.bd_plunger>}
2023-01-01 18:12:40,685 : INFO : EventManager : Event: ======'balldevice_bd_trough_ball_count_changed'====== Args={'balls': 4}
2023-01-01 18:12:40,685 : INFO : ball_device.bd_trough : State: idle
2023-01-01 18:12:40,685 : INFO : ball_device.bd_plunger : State: waiting_for_target_ready
2023-01-01 18:12:40,685 : INFO : EventManager : Event: ======'balldevice_bd_plunger_ball_eject_attempt'====== Args={'balls': 1, 'target': <playfield.playfield>, 'source': <ball_device.bd_plunger>, 'mechanical_eject': True, 'num_attempts': 0}
2023-01-01 18:12:40,686 : INFO : ball_device.bd_plunger : State: ejecting
2023-01-01 18:12:40,686 : INFO : ball_device.bd_plunger : Ejecting ball to <playfield.playfield>
2023-01-01 18:12:40,686 : INFO : EventManager : Event: ======'balldevice_bd_plunger_ejecting_ball'====== Args={'balls': 1, 'target': <playfield.playfield>, 'source': <ball_device.bd_plunger>, 'mechanical_eject': True, 'num_attempts': 0}
2023-01-01 18:12:40,687 : INFO : ball_device.bd_plunger : Wait for ball to leave device
2023-01-01 18:12:43,859 : INFO : SwitchController : <<<<<<< 's_right_flipper' active >>>>>>>
2023-01-01 18:12:43,859 : INFO : EventManager : Event: ======'s_right_flipper_active'====== Args={}
2023-01-01 18:12:43,859 : INFO : EventManager : Event: ======'machine_var_audits_switches_s_right_flipper'====== Args={'value': 4146, 'prev_value': 4145, 'change': 1}
2023-01-01 18:12:43,871 : INFO : EventManager : Event: ======'achievement_skillshot_1_changed_state'====== Args={'restore': False, 'state': 'enabled', 'selected': False}
2023-01-01 18:12:43,871 : INFO : EventManager : Event: ======'achievement_skillshot_1_state_enabled'====== Args={'restore': False, 'state': 'enabled', 'selected': False}
2023-01-01 18:12:43,871 : INFO : EventManager : Event: ======'achievement_skillshot_2_changed_state'====== Args={'restore': False, 'state': 'enabled', 'selected': True}
2023-01-01 18:12:43,872 : INFO : EventManager : Event: ======'achievement_skillshot_2_state_enabled'====== Args={'restore': False, 'state': 'enabled', 'selected': True}
2023-01-01 18:12:43,872 : INFO : EventManager : Event: ======'skillshot_2_selected'====== Args={'restore': False, 'state': 'enabled', 'selected': True}
2023-01-01 18:12:43,872 : INFO : EventManager : Event: ======'achievement_mode_6_changed_state'====== Args={'restore': False, 'state': 'enabled', 'selected': False}
2023-01-01 18:12:43,873 : INFO : EventManager : Event: ======'achievement_mode_6_state_enabled'====== Args={'restore': False, 'state': 'enabled', 'selected': False}
2023-01-01 18:12:43,873 : INFO : EventManager : Event: ======'achievement_mode_7_changed_state'====== Args={'restore': False, 'state': 'enabled', 'selected': True}
2023-01-01 18:12:43,873 : INFO : EventManager : Event: ======'achievement_mode_7_state_enabled'====== Args={'restore': False, 'state': 'enabled', 'selected': True}
2023-01-01 18:12:43,873 : INFO : EventManager : Event: ======'achievement_mode_7_state_selected'====== Args={'restore': False, 'state': 'enabled', 'selected': True}
2023-01-01 18:12:43,874 : INFO : state_machine.mode_memory_state_machine : Transitioning from left to right
2023-01-01 18:12:43,908 : INFO : SwitchController : <<<<<<< 's_right_flipper' inactive >>>>>>>
2023-01-01 18:12:44,286 : INFO : SwitchController : <<<<<<< 's_right_flipper' active >>>>>>>
2023-01-01 18:12:44,287 : INFO : EventManager : Event: ======'s_right_flipper_active'====== Args={}
2023-01-01 18:12:44,287 : INFO : EventManager : Event: ======'machine_var_audits_switches_s_right_flipper'====== Args={'value': 4147, 'prev_value': 4146, 'change': 1}
2023-01-01 18:12:44,288 : INFO : EventManager : Event: ======'achievement_skillshot_2_changed_state'====== Args={'restore': False, 'state': 'enabled', 'selected': False}
2023-01-01 18:12:44,288 : INFO : EventManager : Event: ======'achievement_skillshot_2_state_enabled'====== Args={'restore': False, 'state': 'enabled', 'selected': False}
2023-01-01 18:12:44,289 : INFO : EventManager : Event: ======'achievement_skillshot_3_changed_state'====== Args={'restore': False, 'state': 'enabled', 'selected': True}
2023-01-01 18:12:44,289 : INFO : EventManager : Event: ======'achievement_skillshot_3_state_enabled'====== Args={'restore': False, 'state': 'enabled', 'selected': True}
2023-01-01 18:12:44,289 : INFO : EventManager : Event: ======'skillshot_3_selected'====== Args={'restore': False, 'state': 'enabled', 'selected': True}
2023-01-01 18:12:44,289 : INFO : EventManager : Event: ======'achievement_mode_7_changed_state'====== Args={'restore': False, 'state': 'enabled', 'selected': False}
2023-01-01 18:12:44,289 : INFO : EventManager : Event: ======'achievement_mode_7_state_enabled'====== Args={'restore': False, 'state': 'enabled', 'selected': False}
2023-01-01 18:12:44,290 : INFO : EventManager : Event: ======'achievement_mode_8_changed_state'====== Args={'restore': False, 'state': 'enabled', 'selected': True}
2023-01-01 18:12:44,290 : INFO : EventManager : Event: ======'achievement_mode_8_state_enabled'====== Args={'restore': False, 'state': 'enabled', 'selected': True}
2023-01-01 18:12:44,290 : INFO : EventManager : Event: ======'achievement_mode_8_state_selected'====== Args={'restore': False, 'state': 'enabled', 'selected': True}
2023-01-01 18:12:44,378 : INFO : SwitchController : <<<<<<< 's_right_flipper' inactive >>>>>>>
2023-01-01 18:12:44,599 : INFO : SwitchController : <<<<<<< 's_right_flipper' active >>>>>>>
2023-01-01 18:12:44,599 : INFO : EventManager : Event: ======'s_right_flipper_active'====== Args={}
2023-01-01 18:12:44,600 : INFO : EventManager : Event: ======'machine_var_audits_switches_s_right_flipper'====== Args={'value': 4148, 'prev_value': 4147, 'change': 1}
2023-01-01 18:12:44,601 : INFO : EventManager : Event: ======'achievement_skillshot_3_changed_state'====== Args={'restore': False, 'state': 'enabled', 'selected': False}
2023-01-01 18:12:44,601 : INFO : EventManager : Event: ======'achievement_skillshot_3_state_enabled'====== Args={'restore': False, 'state': 'enabled', 'selected': False}
2023-01-01 18:12:44,601 : INFO : EventManager : Event: ======'achievement_skillshot_4_changed_state'====== Args={'restore': False, 'state': 'enabled', 'selected': True}
2023-01-01 18:12:44,601 : INFO : EventManager : Event: ======'achievement_skillshot_4_state_enabled'====== Args={'restore': False, 'state': 'enabled', 'selected': True}
2023-01-01 18:12:44,602 : INFO : EventManager : Event: ======'skillshot_4_selected'====== Args={'restore': False, 'state': 'enabled', 'selected': True}
2023-01-01 18:12:44,602 : INFO : EventManager : Event: ======'achievement_mode_8_changed_state'====== Args={'restore': False, 'state': 'enabled', 'selected': False}
2023-01-01 18:12:44,602 : INFO : EventManager : Event: ======'achievement_mode_8_state_enabled'====== Args={'restore': False, 'state': 'enabled', 'selected': False}
2023-01-01 18:12:44,603 : INFO : EventManager : Event: ======'achievement_mode_9_changed_state'====== Args={'restore': False, 'state': 'enabled', 'selected': True}
2023-01-01 18:12:44,603 : INFO : EventManager : Event: ======'achievement_mode_9_state_enabled'====== Args={'restore': False, 'state': 'enabled', 'selected': True}
2023-01-01 18:12:44,603 : INFO : EventManager : Event: ======'achievement_mode_9_state_selected'====== Args={'restore': False, 'state': 'enabled', 'selected': True}
2023-01-01 18:12:44,687 : INFO : SwitchController : <<<<<<< 's_right_flipper' inactive >>>>>>>
2023-01-01 18:12:44,955 : INFO : SwitchController : <<<<<<< 's_right_flipper' active >>>>>>>
2023-01-01 18:12:44,955 : INFO : EventManager : Event: ======'s_right_flipper_active'====== Args={}
2023-01-01 18:12:44,956 : INFO : EventManager : Event: ======'machine_var_audits_switches_s_right_flipper'====== Args={'value': 4149, 'prev_value': 4148, 'change': 1}
2023-01-01 18:12:44,956 : INFO : EventManager : Event: ======'achievement_skillshot_4_changed_state'====== Args={'restore': False, 'state': 'enabled', 'selected': False}
2023-01-01 18:12:44,957 : INFO : EventManager : Event: ======'achievement_skillshot_4_state_enabled'====== Args={'restore': False, 'state': 'enabled', 'selected': False}
2023-01-01 18:12:44,957 : INFO : EventManager : Event: ======'achievement_skillshot_5_changed_state'====== Args={'restore': False, 'state': 'enabled', 'selected': True}
2023-01-01 18:12:44,957 : INFO : EventManager : Event: ======'achievement_skillshot_5_state_enabled'====== Args={'restore': False, 'state': 'enabled', 'selected': True}
2023-01-01 18:12:44,957 : INFO : EventManager : Event: ======'skillshot_5_selected'====== Args={'restore': False, 'state': 'enabled', 'selected': True}
2023-01-01 18:12:44,958 : INFO : EventManager : Event: ======'achievement_mode_9_changed_state'====== Args={'restore': False, 'state': 'enabled', 'selected': False}
2023-01-01 18:12:44,958 : INFO : EventManager : Event: ======'achievement_mode_9_state_enabled'====== Args={'restore': False, 'state': 'enabled', 'selected': False}
2023-01-01 18:12:44,958 : INFO : EventManager : Event: ======'achievement_mode_10_changed_state'====== Args={'restore': False, 'state': 'enabled', 'selected': True}
2023-01-01 18:12:44,959 : INFO : EventManager : Event: ======'achievement_mode_10_state_enabled'====== Args={'restore': False, 'state': 'enabled', 'selected': True}
2023-01-01 18:12:44,959 : INFO : EventManager : Event: ======'achievement_mode_10_state_selected'====== Args={'restore': False, 'state': 'enabled', 'selected': True}
2023-01-01 18:12:45,042 : INFO : SwitchController : <<<<<<< 's_right_flipper' inactive >>>>>>>
2023-01-01 18:12:45,264 : INFO : SwitchController : <<<<<<< 's_right_flipper' active >>>>>>>
2023-01-01 18:12:45,264 : INFO : EventManager : Event: ======'s_right_flipper_active'====== Args={}
2023-01-01 18:12:45,264 : INFO : EventManager : Event: ======'machine_var_audits_switches_s_right_flipper'====== Args={'value': 4150, 'prev_value': 4149, 'change': 1}
2023-01-01 18:12:45,265 : INFO : EventManager : Event: ======'achievement_skillshot_5_changed_state'====== Args={'restore': False, 'state': 'enabled', 'selected': False}
2023-01-01 18:12:45,265 : INFO : EventManager : Event: ======'achievement_skillshot_5_state_enabled'====== Args={'restore': False, 'state': 'enabled', 'selected': False}
2023-01-01 18:12:45,266 : INFO : EventManager : Event: ======'achievement_skillshot_6_changed_state'====== Args={'restore': False, 'state': 'enabled', 'selected': True}
2023-01-01 18:12:45,266 : INFO : EventManager : Event: ======'achievement_skillshot_6_state_enabled'====== Args={'restore': False, 'state': 'enabled', 'selected': True}
2023-01-01 18:12:45,266 : INFO : EventManager : Event: ======'skillshot_4_selected'====== Args={'restore': False, 'state': 'enabled', 'selected': True}
2023-01-01 18:12:45,266 : INFO : EventManager : Event: ======'achievement_mode_10_changed_state'====== Args={'restore': False, 'state': 'enabled', 'selected': False}
2023-01-01 18:12:45,267 : INFO : EventManager : Event: ======'achievement_mode_10_state_enabled'====== Args={'restore': False, 'state': 'enabled', 'selected': False}
2023-01-01 18:12:45,267 : INFO : EventManager : Event: ======'achievement_mode_1_changed_state'====== Args={'restore': False, 'state': 'enabled', 'selected': True}
2023-01-01 18:12:45,267 : INFO : EventManager : Event: ======'achievement_mode_1_state_enabled'====== Args={'restore': False, 'state': 'enabled', 'selected': True}
2023-01-01 18:12:45,267 : INFO : EventManager : Event: ======'achievement_mode_1_state_selected'====== Args={'restore': False, 'state': 'enabled', 'selected': True}
2023-01-01 18:12:45,344 : INFO : SwitchController : <<<<<<< 's_right_flipper' inactive >>>>>>>
2023-01-01 18:12:45,637 : INFO : SwitchController : <<<<<<< 's_right_flipper' active >>>>>>>
2023-01-01 18:12:45,638 : INFO : EventManager : Event: ======'s_right_flipper_active'====== Args={}
2023-01-01 18:12:45,638 : INFO : EventManager : Event: ======'machine_var_audits_switches_s_right_flipper'====== Args={'value': 4151, 'prev_value': 4150, 'change': 1}
2023-01-01 18:12:45,639 : INFO : EventManager : Event: ======'achievement_skillshot_6_changed_state'====== Args={'restore': False, 'state': 'enabled', 'selected': False}
2023-01-01 18:12:45,639 : INFO : EventManager : Event: ======'achievement_skillshot_6_state_enabled'====== Args={'restore': False, 'state': 'enabled', 'selected': False}
2023-01-01 18:12:45,639 : INFO : EventManager : Event: ======'achievement_skillshot_7_changed_state'====== Args={'restore': False, 'state': 'enabled', 'selected': True}
2023-01-01 18:12:45,639 : INFO : EventManager : Event: ======'achievement_skillshot_7_state_enabled'====== Args={'restore': False, 'state': 'enabled', 'selected': True}
2023-01-01 18:12:45,640 : INFO : EventManager : Event: ======'skillshot_3_selected'====== Args={'restore': False, 'state': 'enabled', 'selected': True}
2023-01-01 18:12:45,640 : INFO : EventManager : Event: ======'achievement_mode_1_changed_state'====== Args={'restore': False, 'state': 'enabled', 'selected': False}
2023-01-01 18:12:45,640 : INFO : EventManager : Event: ======'achievement_mode_1_state_enabled'====== Args={'restore': False, 'state': 'enabled', 'selected': False}
2023-01-01 18:12:45,641 : INFO : EventManager : Event: ======'achievement_mode_2_changed_state'====== Args={'restore': False, 'state': 'enabled', 'selected': True}
2023-01-01 18:12:45,641 : INFO : EventManager : Event: ======'achievement_mode_2_state_enabled'====== Args={'restore': False, 'state': 'enabled', 'selected': True}
2023-01-01 18:12:45,641 : INFO : EventManager : Event: ======'achievement_mode_2_state_selected'====== Args={'restore': False, 'state': 'enabled', 'selected': True}
2023-01-01 18:12:45,709 : INFO : SwitchController : <<<<<<< 's_right_flipper' inactive >>>>>>>
2023-01-01 18:12:45,904 : INFO : SwitchController : <<<<<<< 's_right_flipper' active >>>>>>>
2023-01-01 18:12:45,904 : INFO : EventManager : Event: ======'s_right_flipper_active'====== Args={}
2023-01-01 18:12:45,904 : INFO : EventManager : Event: ======'machine_var_audits_switches_s_right_flipper'====== Args={'value': 4152, 'prev_value': 4151, 'change': 1}
2023-01-01 18:12:45,905 : INFO : EventManager : Event: ======'achievement_skillshot_7_changed_state'====== Args={'restore': False, 'state': 'enabled', 'selected': False}
2023-01-01 18:12:45,905 : INFO : EventManager : Event: ======'achievement_skillshot_7_state_enabled'====== Args={'restore': False, 'state': 'enabled', 'selected': False}
2023-01-01 18:12:45,906 : INFO : EventManager : Event: ======'achievement_skillshot_8_changed_state'====== Args={'restore': False, 'state': 'enabled', 'selected': True}
2023-01-01 18:12:45,906 : INFO : EventManager : Event: ======'achievement_skillshot_8_state_enabled'====== Args={'restore': False, 'state': 'enabled', 'selected': True}
2023-01-01 18:12:45,907 : INFO : EventManager : Event: ======'skillshot_2_selected'====== Args={'restore': False, 'state': 'enabled', 'selected': True}
2023-01-01 18:12:45,907 : INFO : EventManager : Event: ======'achievement_mode_2_changed_state'====== Args={'restore': False, 'state': 'enabled', 'selected': False}
2023-01-01 18:12:45,907 : INFO : EventManager : Event: ======'achievement_mode_2_state_enabled'====== Args={'restore': False, 'state': 'enabled', 'selected': False}
2023-01-01 18:12:45,908 : INFO : EventManager : Event: ======'achievement_mode_3_changed_state'====== Args={'restore': False, 'state': 'enabled', 'selected': True}
2023-01-01 18:12:45,908 : INFO : EventManager : Event: ======'achievement_mode_3_state_enabled'====== Args={'restore': False, 'state': 'enabled', 'selected': True}
2023-01-01 18:12:45,908 : INFO : EventManager : Event: ======'achievement_mode_3_state_selected'====== Args={'restore': False, 'state': 'enabled', 'selected': True}
2023-01-01 18:12:45,951 : INFO : SwitchController : <<<<<<< 's_right_flipper' inactive >>>>>>>
2023-01-01 18:12:47,101 : INFO : SwitchController : <<<<<<< 's_right_flipper' active >>>>>>>
2023-01-01 18:12:47,102 : INFO : EventManager : Event: ======'s_right_flipper_active'====== Args={}
2023-01-01 18:12:47,102 : INFO : EventManager : Event: ======'machine_var_audits_switches_s_right_flipper'====== Args={'value': 4153, 'prev_value': 4152, 'change': 1}
2023-01-01 18:12:47,103 : INFO : EventManager : Event: ======'achievement_skillshot_8_changed_state'====== Args={'restore': False, 'state': 'enabled', 'selected': False}
2023-01-01 18:12:47,104 : INFO : EventManager : Event: ======'achievement_skillshot_8_state_enabled'====== Args={'restore': False, 'state': 'enabled', 'selected': False}
2023-01-01 18:12:47,104 : INFO : EventManager : Event: ======'achievement_skillshot_1_changed_state'====== Args={'restore': False, 'state': 'enabled', 'selected': True}
2023-01-01 18:12:47,104 : INFO : EventManager : Event: ======'achievement_skillshot_1_state_enabled'====== Args={'restore': False, 'state': 'enabled', 'selected': True}
2023-01-01 18:12:47,105 : INFO : EventManager : Event: ======'skillshot_1_selected'====== Args={'restore': False, 'state': 'enabled', 'selected': True}
2023-01-01 18:12:47,105 : INFO : EventManager : Event: ======'achievement_mode_3_changed_state'====== Args={'restore': False, 'state': 'enabled', 'selected': False}
2023-01-01 18:12:47,106 : INFO : EventManager : Event: ======'achievement_mode_3_state_enabled'====== Args={'restore': False, 'state': 'enabled', 'selected': False}
2023-01-01 18:12:47,106 : INFO : EventManager : Event: ======'achievement_mode_4_changed_state'====== Args={'restore': False, 'state': 'enabled', 'selected': True}
2023-01-01 18:12:47,106 : INFO : EventManager : Event: ======'achievement_mode_4_state_enabled'====== Args={'restore': False, 'state': 'enabled', 'selected': True}
2023-01-01 18:12:47,107 : INFO : EventManager : Event: ======'achievement_mode_4_state_selected'====== Args={'restore': False, 'state': 'enabled', 'selected': True}
2023-01-01 18:12:47,185 : INFO : SwitchController : <<<<<<< 's_right_flipper' inactive >>>>>>>
2023-01-01 18:12:47,443 : INFO : SwitchController : <<<<<<< 's_right_flipper' active >>>>>>>
2023-01-01 18:12:47,443 : INFO : EventManager : Event: ======'s_right_flipper_active'====== Args={}
2023-01-01 18:12:47,443 : INFO : EventManager : Event: ======'machine_var_audits_switches_s_right_flipper'====== Args={'value': 4154, 'prev_value': 4153, 'change': 1}
2023-01-01 18:12:47,444 : INFO : EventManager : Event: ======'achievement_skillshot_1_changed_state'====== Args={'restore': False, 'state': 'enabled', 'selected': False}
2023-01-01 18:12:47,444 : INFO : EventManager : Event: ======'achievement_skillshot_1_state_enabled'====== Args={'restore': False, 'state': 'enabled', 'selected': False}
2023-01-01 18:12:47,445 : INFO : EventManager : Event: ======'achievement_skillshot_2_changed_state'====== Args={'restore': False, 'state': 'enabled', 'selected': True}
2023-01-01 18:12:47,445 : INFO : EventManager : Event: ======'achievement_skillshot_2_state_enabled'====== Args={'restore': False, 'state': 'enabled', 'selected': True}
2023-01-01 18:12:47,445 : INFO : EventManager : Event: ======'skillshot_2_selected'====== Args={'restore': False, 'state': 'enabled', 'selected': True}
2023-01-01 18:12:47,446 : INFO : EventManager : Event: ======'achievement_mode_4_changed_state'====== Args={'restore': False, 'state': 'enabled', 'selected': False}
2023-01-01 18:12:47,446 : INFO : EventManager : Event: ======'achievement_mode_4_state_enabled'====== Args={'restore': False, 'state': 'enabled', 'selected': False}
2023-01-01 18:12:47,446 : INFO : EventManager : Event: ======'achievement_mode_5_changed_state'====== Args={'restore': False, 'state': 'enabled', 'selected': True}
2023-01-01 18:12:47,447 : INFO : EventManager : Event: ======'achievement_mode_5_state_enabled'====== Args={'restore': False, 'state': 'enabled', 'selected': True}
2023-01-01 18:12:47,447 : INFO : EventManager : Event: ======'achievement_mode_5_state_selected'====== Args={'restore': False, 'state': 'enabled', 'selected': True}
2023-01-01 18:12:47,521 : INFO : SwitchController : <<<<<<< 's_right_flipper' inactive >>>>>>>
2023-01-01 18:12:47,773 : INFO : SwitchController : <<<<<<< 's_right_flipper' active >>>>>>>
2023-01-01 18:12:47,773 : INFO : EventManager : Event: ======'s_right_flipper_active'====== Args={}
2023-01-01 18:12:47,785 : INFO : EventManager : Event: ======'machine_var_audits_switches_s_right_flipper'====== Args={'value': 4155, 'prev_value': 4154, 'change': 1}
2023-01-01 18:12:47,788 : INFO : EventManager : Event: ======'achievement_skillshot_2_changed_state'====== Args={'restore': False, 'state': 'enabled', 'selected': False}
2023-01-01 18:12:47,789 : INFO : EventManager : Event: ======'achievement_skillshot_2_state_enabled'====== Args={'restore': False, 'state': 'enabled', 'selected': False}
2023-01-01 18:12:47,789 : INFO : EventManager : Event: ======'achievement_skillshot_3_changed_state'====== Args={'restore': False, 'state': 'enabled', 'selected': True}
2023-01-01 18:12:47,789 : INFO : EventManager : Event: ======'achievement_skillshot_3_state_enabled'====== Args={'restore': False, 'state': 'enabled', 'selected': True}
2023-01-01 18:12:47,789 : INFO : EventManager : Event: ======'skillshot_3_selected'====== Args={'restore': False, 'state': 'enabled', 'selected': True}
2023-01-01 18:12:47,790 : INFO : EventManager : Event: ======'achievement_mode_5_changed_state'====== Args={'restore': False, 'state': 'enabled', 'selected': False}
2023-01-01 18:12:47,790 : INFO : EventManager : Event: ======'achievement_mode_5_state_enabled'====== Args={'restore': False, 'state': 'enabled', 'selected': False}
2023-01-01 18:12:47,790 : INFO : EventManager : Event: ======'achievement_mode_6_changed_state'====== Args={'restore': False, 'state': 'enabled', 'selected': True}
2023-01-01 18:12:47,791 : INFO : EventManager : Event: ======'achievement_mode_6_state_enabled'====== Args={'restore': False, 'state': 'enabled', 'selected': True}
2023-01-01 18:12:47,791 : INFO : EventManager : Event: ======'achievement_mode_6_state_selected'====== Args={'restore': False, 'state': 'enabled', 'selected': True}
2023-01-01 18:12:47,865 : INFO : SwitchController : <<<<<<< 's_right_flipper' inactive >>>>>>>
2023-01-01 18:12:48,032 : INFO : SwitchController : <<<<<<< 's_right_flipper' active >>>>>>>
2023-01-01 18:12:48,032 : INFO : EventManager : Event: ======'s_right_flipper_active'====== Args={}
2023-01-01 18:12:48,032 : INFO : EventManager : Event: ======'machine_var_audits_switches_s_right_flipper'====== Args={'value': 4156, 'prev_value': 4155, 'change': 1}
2023-01-01 18:12:48,033 : INFO : EventManager : Event: ======'achievement_skillshot_3_changed_state'====== Args={'restore': False, 'state': 'enabled', 'selected': False}
2023-01-01 18:12:48,033 : INFO : EventManager : Event: ======'achievement_skillshot_3_state_enabled'====== Args={'restore': False, 'state': 'enabled', 'selected': False}
2023-01-01 18:12:48,034 : INFO : EventManager : Event: ======'achievement_skillshot_4_changed_state'====== Args={'restore': False, 'state': 'enabled', 'selected': True}
2023-01-01 18:12:48,034 : INFO : EventManager : Event: ======'achievement_skillshot_4_state_enabled'====== Args={'restore': False, 'state': 'enabled', 'selected': True}
2023-01-01 18:12:48,034 : INFO : EventManager : Event: ======'skillshot_4_selected'====== Args={'restore': False, 'state': 'enabled', 'selected': True}
2023-01-01 18:12:48,035 : INFO : EventManager : Event: ======'achievement_mode_6_changed_state'====== Args={'restore': False, 'state': 'enabled', 'selected': False}
2023-01-01 18:12:48,035 : INFO : EventManager : Event: ======'achievement_mode_6_state_enabled'====== Args={'restore': False, 'state': 'enabled', 'selected': False}
2023-01-01 18:12:48,035 : INFO : EventManager : Event: ======'achievement_mode_7_changed_state'====== Args={'restore': False, 'state': 'enabled', 'selected': True}
2023-01-01 18:12:48,035 : INFO : EventManager : Event: ======'achievement_mode_7_state_enabled'====== Args={'restore': False, 'state': 'enabled', 'selected': True}
2023-01-01 18:12:48,035 : INFO : EventManager : Event: ======'achievement_mode_7_state_selected'====== Args={'restore': False, 'state': 'enabled', 'selected': True}
2023-01-01 18:12:48,122 : INFO : SwitchController : <<<<<<< 's_right_flipper' inactive >>>>>>>
2023-01-01 18:12:48,361 : INFO : SwitchController : <<<<<<< 's_right_flipper' active >>>>>>>
2023-01-01 18:12:48,362 : INFO : EventManager : Event: ======'s_right_flipper_active'====== Args={}
2023-01-01 18:12:48,362 : INFO : EventManager : Event: ======'machine_var_audits_switches_s_right_flipper'====== Args={'value': 4157, 'prev_value': 4156, 'change': 1}
2023-01-01 18:12:48,373 : INFO : EventManager : Event: ======'achievement_skillshot_4_changed_state'====== Args={'restore': False, 'state': 'enabled', 'selected': False}
2023-01-01 18:12:48,378 : INFO : EventManager : Event: ======'achievement_skillshot_4_state_enabled'====== Args={'restore': False, 'state': 'enabled', 'selected': False}
2023-01-01 18:12:48,378 : INFO : EventManager : Event: ======'achievement_skillshot_5_changed_state'====== Args={'restore': False, 'state': 'enabled', 'selected': True}
2023-01-01 18:12:48,378 : INFO : EventManager : Event: ======'achievement_skillshot_5_state_enabled'====== Args={'restore': False, 'state': 'enabled', 'selected': True}
2023-01-01 18:12:48,379 : INFO : EventManager : Event: ======'skillshot_5_selected'====== Args={'restore': False, 'state': 'enabled', 'selected': True}
2023-01-01 18:12:48,379 : INFO : EventManager : Event: ======'achievement_mode_7_changed_state'====== Args={'restore': False, 'state': 'enabled', 'selected': False}
2023-01-01 18:12:48,379 : INFO : EventManager : Event: ======'achievement_mode_7_state_enabled'====== Args={'restore': False, 'state': 'enabled', 'selected': False}
2023-01-01 18:12:48,380 : INFO : EventManager : Event: ======'achievement_mode_8_changed_state'====== Args={'restore': False, 'state': 'enabled', 'selected': True}
2023-01-01 18:12:48,380 : INFO : EventManager : Event: ======'achievement_mode_8_state_enabled'====== Args={'restore': False, 'state': 'enabled', 'selected': True}
2023-01-01 18:12:48,380 : INFO : EventManager : Event: ======'achievement_mode_8_state_selected'====== Args={'restore': False, 'state': 'enabled', 'selected': True}
2023-01-01 18:12:48,433 : INFO : SwitchController : <<<<<<< 's_right_flipper' inactive >>>>>>>
2023-01-01 18:12:48,721 : INFO : SwitchController : <<<<<<< 's_right_flipper' active >>>>>>>
2023-01-01 18:12:48,721 : INFO : EventManager : Event: ======'s_right_flipper_active'====== Args={}
2023-01-01 18:12:48,722 : INFO : EventManager : Event: ======'machine_var_audits_switches_s_right_flipper'====== Args={'value': 4158, 'prev_value': 4157, 'change': 1}
2023-01-01 18:12:48,723 : INFO : EventManager : Event: ======'achievement_skillshot_5_changed_state'====== Args={'restore': False, 'state': 'enabled', 'selected': False}
2023-01-01 18:12:48,723 : INFO : EventManager : Event: ======'achievement_skillshot_5_state_enabled'====== Args={'restore': False, 'state': 'enabled', 'selected': False}
2023-01-01 18:12:48,723 : INFO : EventManager : Event: ======'achievement_skillshot_6_changed_state'====== Args={'restore': False, 'state': 'enabled', 'selected': True}
2023-01-01 18:12:48,724 : INFO : EventManager : Event: ======'achievement_skillshot_6_state_enabled'====== Args={'restore': False, 'state': 'enabled', 'selected': True}
2023-01-01 18:12:48,724 : INFO : EventManager : Event: ======'skillshot_4_selected'====== Args={'restore': False, 'state': 'enabled', 'selected': True}
2023-01-01 18:12:48,724 : INFO : EventManager : Event: ======'achievement_mode_8_changed_state'====== Args={'restore': False, 'state': 'enabled', 'selected': False}
2023-01-01 18:12:48,724 : INFO : EventManager : Event: ======'achievement_mode_8_state_enabled'====== Args={'restore': False, 'state': 'enabled', 'selected': False}
2023-01-01 18:12:48,725 : INFO : EventManager : Event: ======'achievement_mode_9_changed_state'====== Args={'restore': False, 'state': 'enabled', 'selected': True}
2023-01-01 18:12:48,725 : INFO : EventManager : Event: ======'achievement_mode_9_state_enabled'====== Args={'restore': False, 'state': 'enabled', 'selected': True}
2023-01-01 18:12:48,725 : INFO : EventManager : Event: ======'achievement_mode_9_state_selected'====== Args={'restore': False, 'state': 'enabled', 'selected': True}
2023-01-01 18:12:48,799 : INFO : SwitchController : <<<<<<< 's_right_flipper' inactive >>>>>>>
2023-01-01 18:12:49,038 : INFO : SwitchController : <<<<<<< 's_right_flipper' active >>>>>>>
2023-01-01 18:12:49,038 : INFO : EventManager : Event: ======'s_right_flipper_active'====== Args={}
2023-01-01 18:12:49,038 : INFO : EventManager : Event: ======'machine_var_audits_switches_s_right_flipper'====== Args={'value': 4159, 'prev_value': 4158, 'change': 1}
2023-01-01 18:12:49,039 : INFO : EventManager : Event: ======'achievement_skillshot_6_changed_state'====== Args={'restore': False, 'state': 'enabled', 'selected': False}
2023-01-01 18:12:49,040 : INFO : EventManager : Event: ======'achievement_skillshot_6_state_enabled'====== Args={'restore': False, 'state': 'enabled', 'selected': False}
2023-01-01 18:12:49,040 : INFO : EventManager : Event: ======'achievement_skillshot_7_changed_state'====== Args={'restore': False, 'state': 'enabled', 'selected': True}
2023-01-01 18:12:49,040 : INFO : EventManager : Event: ======'achievement_skillshot_7_state_enabled'====== Args={'restore': False, 'state': 'enabled', 'selected': True}
2023-01-01 18:12:49,040 : INFO : EventManager : Event: ======'skillshot_3_selected'====== Args={'restore': False, 'state': 'enabled', 'selected': True}
2023-01-01 18:12:49,041 : INFO : EventManager : Event: ======'achievement_mode_9_changed_state'====== Args={'restore': False, 'state': 'enabled', 'selected': False}
2023-01-01 18:12:49,041 : INFO : EventManager : Event: ======'achievement_mode_9_state_enabled'====== Args={'restore': False, 'state': 'enabled', 'selected': False}
2023-01-01 18:12:49,041 : INFO : EventManager : Event: ======'achievement_mode_10_changed_state'====== Args={'restore': False, 'state': 'enabled', 'selected': True}
2023-01-01 18:12:49,042 : INFO : EventManager : Event: ======'achievement_mode_10_state_enabled'====== Args={'restore': False, 'state': 'enabled', 'selected': True}
2023-01-01 18:12:49,042 : INFO : EventManager : Event: ======'achievement_mode_10_state_selected'====== Args={'restore': False, 'state': 'enabled', 'selected': True}
2023-01-01 18:12:49,144 : INFO : SwitchController : <<<<<<< 's_right_flipper' inactive >>>>>>>
2023-01-01 18:12:49,349 : INFO : SwitchController : <<<<<<< 's_right_flipper' active >>>>>>>
2023-01-01 18:12:49,350 : INFO : EventManager : Event: ======'s_right_flipper_active'====== Args={}
2023-01-01 18:12:49,350 : INFO : EventManager : Event: ======'machine_var_audits_switches_s_right_flipper'====== Args={'value': 4160, 'prev_value': 4159, 'change': 1}
2023-01-01 18:12:49,351 : INFO : EventManager : Event: ======'achievement_skillshot_7_changed_state'====== Args={'restore': False, 'state': 'enabled', 'selected': False}
2023-01-01 18:12:49,351 : INFO : EventManager : Event: ======'achievement_skillshot_7_state_enabled'====== Args={'restore': False, 'state': 'enabled', 'selected': False}
2023-01-01 18:12:49,352 : INFO : EventManager : Event: ======'achievement_skillshot_8_changed_state'====== Args={'restore': False, 'state': 'enabled', 'selected': True}
2023-01-01 18:12:49,352 : INFO : EventManager : Event: ======'achievement_skillshot_8_state_enabled'====== Args={'restore': False, 'state': 'enabled', 'selected': True}
2023-01-01 18:12:49,352 : INFO : EventManager : Event: ======'skillshot_2_selected'====== Args={'restore': False, 'state': 'enabled', 'selected': True}
2023-01-01 18:12:49,352 : INFO : EventManager : Event: ======'achievement_mode_10_changed_state'====== Args={'restore': False, 'state': 'enabled', 'selected': False}
2023-01-01 18:12:49,353 : INFO : EventManager : Event: ======'achievement_mode_10_state_enabled'====== Args={'restore': False, 'state': 'enabled', 'selected': False}
2023-01-01 18:12:49,353 : INFO : EventManager : Event: ======'achievement_mode_1_changed_state'====== Args={'restore': False, 'state': 'enabled', 'selected': True}
2023-01-01 18:12:49,353 : INFO : EventManager : Event: ======'achievement_mode_1_state_enabled'====== Args={'restore': False, 'state': 'enabled', 'selected': True}
2023-01-01 18:12:49,353 : INFO : EventManager : Event: ======'achievement_mode_1_state_selected'====== Args={'restore': False, 'state': 'enabled', 'selected': True}
2023-01-01 18:12:49,419 : INFO : SwitchController : <<<<<<< 's_right_flipper' inactive >>>>>>>
2023-01-01 18:12:49,699 : INFO : SwitchController : <<<<<<< 's_right_flipper' active >>>>>>>
2023-01-01 18:12:49,699 : INFO : EventManager : Event: ======'s_right_flipper_active'====== Args={}
2023-01-01 18:12:49,699 : INFO : EventManager : Event: ======'machine_var_audits_switches_s_right_flipper'====== Args={'value': 4161, 'prev_value': 4160, 'change': 1}
2023-01-01 18:12:49,700 : INFO : EventManager : Event: ======'achievement_skillshot_8_changed_state'====== Args={'restore': False, 'state': 'enabled', 'selected': False}
2023-01-01 18:12:49,701 : INFO : EventManager : Event: ======'achievement_skillshot_8_state_enabled'====== Args={'restore': False, 'state': 'enabled', 'selected': False}
2023-01-01 18:12:49,701 : INFO : EventManager : Event: ======'achievement_skillshot_1_changed_state'====== Args={'restore': False, 'state': 'enabled', 'selected': True}
2023-01-01 18:12:49,701 : INFO : EventManager : Event: ======'achievement_skillshot_1_state_enabled'====== Args={'restore': False, 'state': 'enabled', 'selected': True}
2023-01-01 18:12:49,702 : INFO : EventManager : Event: ======'skillshot_1_selected'====== Args={'restore': False, 'state': 'enabled', 'selected': True}
2023-01-01 18:12:49,702 : INFO : EventManager : Event: ======'achievement_mode_1_changed_state'====== Args={'restore': False, 'state': 'enabled', 'selected': False}
2023-01-01 18:12:49,702 : INFO : EventManager : Event: ======'achievement_mode_1_state_enabled'====== Args={'restore': False, 'state': 'enabled', 'selected': False}
2023-01-01 18:12:49,703 : INFO : EventManager : Event: ======'achievement_mode_2_changed_state'====== Args={'restore': False, 'state': 'enabled', 'selected': True}
2023-01-01 18:12:49,703 : INFO : EventManager : Event: ======'achievement_mode_2_state_enabled'====== Args={'restore': False, 'state': 'enabled', 'selected': True}
2023-01-01 18:12:49,703 : INFO : EventManager : Event: ======'achievement_mode_2_state_selected'====== Args={'restore': False, 'state': 'enabled', 'selected': True}
2023-01-01 18:12:49,788 : INFO : SwitchController : <<<<<<< 's_right_flipper' inactive >>>>>>>
2023-01-01 18:12:50,057 : INFO : SwitchController : <<<<<<< 's_right_flipper' active >>>>>>>
2023-01-01 18:12:50,057 : INFO : EventManager : Event: ======'s_right_flipper_active'====== Args={}
2023-01-01 18:12:50,058 : INFO : EventManager : Event: ======'machine_var_audits_switches_s_right_flipper'====== Args={'value': 4162, 'prev_value': 4161, 'change': 1}
2023-01-01 18:12:50,059 : INFO : EventManager : Event: ======'achievement_skillshot_1_changed_state'====== Args={'restore': False, 'state': 'enabled', 'selected': False}
2023-01-01 18:12:50,059 : INFO : EventManager : Event: ======'achievement_skillshot_1_state_enabled'====== Args={'restore': False, 'state': 'enabled', 'selected': False}
2023-01-01 18:12:50,059 : INFO : EventManager : Event: ======'achievement_skillshot_2_changed_state'====== Args={'restore': False, 'state': 'enabled', 'selected': True}
2023-01-01 18:12:50,060 : INFO : EventManager : Event: ======'achievement_skillshot_2_state_enabled'====== Args={'restore': False, 'state': 'enabled', 'selected': True}
2023-01-01 18:12:50,060 : INFO : EventManager : Event: ======'skillshot_2_selected'====== Args={'restore': False, 'state': 'enabled', 'selected': True}
2023-01-01 18:12:50,060 : INFO : EventManager : Event: ======'achievement_mode_2_changed_state'====== Args={'restore': False, 'state': 'enabled', 'selected': False}
2023-01-01 18:12:50,061 : INFO : EventManager : Event: ======'achievement_mode_2_state_enabled'====== Args={'restore': False, 'state': 'enabled', 'selected': False}
2023-01-01 18:12:50,061 : INFO : EventManager : Event: ======'achievement_mode_3_changed_state'====== Args={'restore': False, 'state': 'enabled', 'selected': True}
2023-01-01 18:12:50,061 : INFO : EventManager : Event: ======'achievement_mode_3_state_enabled'====== Args={'restore': False, 'state': 'enabled', 'selected': True}
2023-01-01 18:12:50,061 : INFO : EventManager : Event: ======'achievement_mode_3_state_selected'====== Args={'restore': False, 'state': 'enabled', 'selected': True}
2023-01-01 18:12:50,139 : INFO : SwitchController : <<<<<<< 's_right_flipper' inactive >>>>>>>
2023-01-01 18:12:50,326 : INFO : SwitchController : <<<<<<< 's_right_flipper' active >>>>>>>
2023-01-01 18:12:50,326 : INFO : EventManager : Event: ======'s_right_flipper_active'====== Args={}
2023-01-01 18:12:50,327 : INFO : EventManager : Event: ======'machine_var_audits_switches_s_right_flipper'====== Args={'value': 4163, 'prev_value': 4162, 'change': 1}
2023-01-01 18:12:50,327 : INFO : EventManager : Event: ======'achievement_skillshot_2_changed_state'====== Args={'restore': False, 'state': 'enabled', 'selected': False}
2023-01-01 18:12:50,328 : INFO : EventManager : Event: ======'achievement_skillshot_2_state_enabled'====== Args={'restore': False, 'state': 'enabled', 'selected': False}
2023-01-01 18:12:50,328 : INFO : EventManager : Event: ======'achievement_skillshot_3_changed_state'====== Args={'restore': False, 'state': 'enabled', 'selected': True}
2023-01-01 18:12:50,328 : INFO : EventManager : Event: ======'achievement_skillshot_3_state_enabled'====== Args={'restore': False, 'state': 'enabled', 'selected': True}
2023-01-01 18:12:50,329 : INFO : EventManager : Event: ======'skillshot_3_selected'====== Args={'restore': False, 'state': 'enabled', 'selected': True}
2023-01-01 18:12:50,329 : INFO : EventManager : Event: ======'achievement_mode_3_changed_state'====== Args={'restore': False, 'state': 'enabled', 'selected': False}
2023-01-01 18:12:50,329 : INFO : EventManager : Event: ======'achievement_mode_3_state_enabled'====== Args={'restore': False, 'state': 'enabled', 'selected': False}
2023-01-01 18:12:50,330 : INFO : EventManager : Event: ======'achievement_mode_4_changed_state'====== Args={'restore': False, 'state': 'enabled', 'selected': True}
2023-01-01 18:12:50,330 : INFO : EventManager : Event: ======'achievement_mode_4_state_enabled'====== Args={'restore': False, 'state': 'enabled', 'selected': True}
2023-01-01 18:12:50,330 : INFO : EventManager : Event: ======'achievement_mode_4_state_selected'====== Args={'restore': False, 'state': 'enabled', 'selected': True}
2023-01-01 18:12:50,417 : INFO : SwitchController : <<<<<<< 's_right_flipper' inactive >>>>>>>
2023-01-01 18:12:50,587 : INFO : SwitchController : <<<<<<< 's_right_flipper' active >>>>>>>
2023-01-01 18:12:50,587 : INFO : EventManager : Event: ======'s_right_flipper_active'====== Args={}
2023-01-01 18:12:50,588 : INFO : EventManager : Event: ======'machine_var_audits_switches_s_right_flipper'====== Args={'value': 4164, 'prev_value': 4163, 'change': 1}
2023-01-01 18:12:50,589 : INFO : EventManager : Event: ======'achievement_skillshot_3_changed_state'====== Args={'restore': False, 'state': 'enabled', 'selected': False}
2023-01-01 18:12:50,589 : INFO : EventManager : Event: ======'achievement_skillshot_3_state_enabled'====== Args={'restore': False, 'state': 'enabled', 'selected': False}
2023-01-01 18:12:50,590 : INFO : EventManager : Event: ======'achievement_skillshot_4_changed_state'====== Args={'restore': False, 'state': 'enabled', 'selected': True}
2023-01-01 18:12:50,590 : INFO : EventManager : Event: ======'achievement_skillshot_4_state_enabled'====== Args={'restore': False, 'state': 'enabled', 'selected': True}
2023-01-01 18:12:50,590 : INFO : EventManager : Event: ======'skillshot_4_selected'====== Args={'restore': False, 'state': 'enabled', 'selected': True}
2023-01-01 18:12:50,591 : INFO : EventManager : Event: ======'achievement_mode_4_changed_state'====== Args={'restore': False, 'state': 'enabled', 'selected': False}
2023-01-01 18:12:50,591 : INFO : EventManager : Event: ======'achievement_mode_4_state_enabled'====== Args={'restore': False, 'state': 'enabled', 'selected': False}
2023-01-01 18:12:50,591 : INFO : EventManager : Event: ======'achievement_mode_5_changed_state'====== Args={'restore': False, 'state': 'enabled', 'selected': True}
2023-01-01 18:12:50,591 : INFO : EventManager : Event: ======'achievement_mode_5_state_enabled'====== Args={'restore': False, 'state': 'enabled', 'selected': True}
2023-01-01 18:12:50,592 : INFO : EventManager : Event: ======'achievement_mode_5_state_selected'====== Args={'restore': False, 'state': 'enabled', 'selected': True}
2023-01-01 18:12:50,670 : INFO : SwitchController : <<<<<<< 's_right_flipper' inactive >>>>>>>
2023-01-01 18:12:50,863 : INFO : SwitchController : <<<<<<< 's_right_flipper' active >>>>>>>
2023-01-01 18:12:50,863 : INFO : EventManager : Event: ======'s_right_flipper_active'====== Args={}
2023-01-01 18:12:50,863 : INFO : EventManager : Event: ======'machine_var_audits_switches_s_right_flipper'====== Args={'value': 4165, 'prev_value': 4164, 'change': 1}
2023-01-01 18:12:50,864 : INFO : EventManager : Event: ======'achievement_skillshot_4_changed_state'====== Args={'restore': False, 'state': 'enabled', 'selected': False}
2023-01-01 18:12:50,865 : INFO : EventManager : Event: ======'achievement_skillshot_4_state_enabled'====== Args={'restore': False, 'state': 'enabled', 'selected': False}
2023-01-01 18:12:50,865 : INFO : EventManager : Event: ======'achievement_skillshot_5_changed_state'====== Args={'restore': False, 'state': 'enabled', 'selected': True}
2023-01-01 18:12:50,866 : INFO : EventManager : Event: ======'achievement_skillshot_5_state_enabled'====== Args={'restore': False, 'state': 'enabled', 'selected': True}
2023-01-01 18:12:50,866 : INFO : EventManager : Event: ======'skillshot_5_selected'====== Args={'restore': False, 'state': 'enabled', 'selected': True}
2023-01-01 18:12:50,866 : INFO : EventManager : Event: ======'achievement_mode_5_changed_state'====== Args={'restore': False, 'state': 'enabled', 'selected': False}
2023-01-01 18:12:50,867 : INFO : EventManager : Event: ======'achievement_mode_5_state_enabled'====== Args={'restore': False, 'state': 'enabled', 'selected': False}
2023-01-01 18:12:50,867 : INFO : EventManager : Event: ======'achievement_mode_6_changed_state'====== Args={'restore': False, 'state': 'enabled', 'selected': True}
2023-01-01 18:12:50,867 : INFO : EventManager : Event: ======'achievement_mode_6_state_enabled'====== Args={'restore': False, 'state': 'enabled', 'selected': True}
2023-01-01 18:12:50,868 : INFO : EventManager : Event: ======'achievement_mode_6_state_selected'====== Args={'restore': False, 'state': 'enabled', 'selected': True}
2023-01-01 18:12:50,974 : INFO : SwitchController : <<<<<<< 's_right_flipper' inactive >>>>>>>
2023-01-01 18:12:51,169 : INFO : SwitchController : <<<<<<< 's_right_flipper' active >>>>>>>
2023-01-01 18:12:51,169 : INFO : EventManager : Event: ======'s_right_flipper_active'====== Args={}
2023-01-01 18:12:51,170 : INFO : EventManager : Event: ======'machine_var_audits_switches_s_right_flipper'====== Args={'value': 4166, 'prev_value': 4165, 'change': 1}
2023-01-01 18:12:51,171 : INFO : EventManager : Event: ======'achievement_skillshot_5_changed_state'====== Args={'restore': False, 'state': 'enabled', 'selected': False}
2023-01-01 18:12:51,171 : INFO : EventManager : Event: ======'achievement_skillshot_5_state_enabled'====== Args={'restore': False, 'state': 'enabled', 'selected': False}
2023-01-01 18:12:51,171 : INFO : EventManager : Event: ======'achievement_skillshot_6_changed_state'====== Args={'restore': False, 'state': 'enabled', 'selected': True}
2023-01-01 18:12:51,172 : INFO : EventManager : Event: ======'achievement_skillshot_6_state_enabled'====== Args={'restore': False, 'state': 'enabled', 'selected': True}
2023-01-01 18:12:51,172 : INFO : EventManager : Event: ======'skillshot_4_selected'====== Args={'restore': False, 'state': 'enabled', 'selected': True}
2023-01-01 18:12:51,172 : INFO : EventManager : Event: ======'achievement_mode_6_changed_state'====== Args={'restore': False, 'state': 'enabled', 'selected': False}
2023-01-01 18:12:51,172 : INFO : EventManager : Event: ======'achievement_mode_6_state_enabled'====== Args={'restore': False, 'state': 'enabled', 'selected': False}
2023-01-01 18:12:51,173 : INFO : EventManager : Event: ======'achievement_mode_7_changed_state'====== Args={'restore': False, 'state': 'enabled', 'selected': True}
2023-01-01 18:12:51,173 : INFO : EventManager : Event: ======'achievement_mode_7_state_enabled'====== Args={'restore': False, 'state': 'enabled', 'selected': True}
2023-01-01 18:12:51,173 : INFO : EventManager : Event: ======'achievement_mode_7_state_selected'====== Args={'restore': False, 'state': 'enabled', 'selected': True}
2023-01-01 18:12:51,262 : INFO : SwitchController : <<<<<<< 's_right_flipper' inactive >>>>>>>
2023-01-01 18:12:51,450 : INFO : SwitchController : <<<<<<< 's_right_flipper' active >>>>>>>
2023-01-01 18:12:51,450 : INFO : EventManager : Event: ======'s_right_flipper_active'====== Args={}
2023-01-01 18:12:51,450 : INFO : EventManager : Event: ======'machine_var_audits_switches_s_right_flipper'====== Args={'value': 4167, 'prev_value': 4166, 'change': 1}
2023-01-01 18:12:51,451 : INFO : EventManager : Event: ======'achievement_skillshot_6_changed_state'====== Args={'restore': False, 'state': 'enabled', 'selected': False}
2023-01-01 18:12:51,452 : INFO : EventManager : Event: ======'achievement_skillshot_6_state_enabled'====== Args={'restore': False, 'state': 'enabled', 'selected': False}
2023-01-01 18:12:51,452 : INFO : EventManager : Event: ======'achievement_skillshot_7_changed_state'====== Args={'restore': False, 'state': 'enabled', 'selected': True}
2023-01-01 18:12:51,452 : INFO : EventManager : Event: ======'achievement_skillshot_7_state_enabled'====== Args={'restore': False, 'state': 'enabled', 'selected': True}
2023-01-01 18:12:51,452 : INFO : EventManager : Event: ======'skillshot_3_selected'====== Args={'restore': False, 'state': 'enabled', 'selected': True}
2023-01-01 18:12:51,453 : INFO : EventManager : Event: ======'achievement_mode_7_changed_state'====== Args={'restore': False, 'state': 'enabled', 'selected': False}
2023-01-01 18:12:51,453 : INFO : EventManager : Event: ======'achievement_mode_7_state_enabled'====== Args={'restore': False, 'state': 'enabled', 'selected': False}
2023-01-01 18:12:51,454 : INFO : EventManager : Event: ======'achievement_mode_8_changed_state'====== Args={'restore': False, 'state': 'enabled', 'selected': True}
2023-01-01 18:12:51,454 : INFO : EventManager : Event: ======'achievement_mode_8_state_enabled'====== Args={'restore': False, 'state': 'enabled', 'selected': True}
2023-01-01 18:12:51,454 : INFO : EventManager : Event: ======'achievement_mode_8_state_selected'====== Args={'restore': False, 'state': 'enabled', 'selected': True}
2023-01-01 18:12:51,544 : INFO : SwitchController : <<<<<<< 's_right_flipper' inactive >>>>>>>
2023-01-01 18:12:51,726 : INFO : SwitchController : <<<<<<< 's_right_flipper' active >>>>>>>
2023-01-01 18:12:51,727 : INFO : EventManager : Event: ======'s_right_flipper_active'====== Args={}
2023-01-01 18:12:51,727 : INFO : EventManager : Event: ======'machine_var_audits_switches_s_right_flipper'====== Args={'value': 4168, 'prev_value': 4167, 'change': 1}
2023-01-01 18:12:51,728 : INFO : EventManager : Event: ======'achievement_skillshot_7_changed_state'====== Args={'restore': False, 'state': 'enabled', 'selected': False}
2023-01-01 18:12:51,728 : INFO : EventManager : Event: ======'achievement_skillshot_7_state_enabled'====== Args={'restore': False, 'state': 'enabled', 'selected': False}
2023-01-01 18:12:51,729 : INFO : EventManager : Event: ======'achievement_skillshot_8_changed_state'====== Args={'restore': False, 'state': 'enabled', 'selected': True}
2023-01-01 18:12:51,729 : INFO : EventManager : Event: ======'achievement_skillshot_8_state_enabled'====== Args={'restore': False, 'state': 'enabled', 'selected': True}
2023-01-01 18:12:51,729 : INFO : EventManager : Event: ======'skillshot_2_selected'====== Args={'restore': False, 'state': 'enabled', 'selected': True}
2023-01-01 18:12:51,730 : INFO : EventManager : Event: ======'achievement_mode_8_changed_state'====== Args={'restore': False, 'state': 'enabled', 'selected': False}
2023-01-01 18:12:51,730 : INFO : EventManager : Event: ======'achievement_mode_8_state_enabled'====== Args={'restore': False, 'state': 'enabled', 'selected': False}
2023-01-01 18:12:51,730 : INFO : EventManager : Event: ======'achievement_mode_9_changed_state'====== Args={'restore': False, 'state': 'enabled', 'selected': True}
2023-01-01 18:12:51,731 : INFO : EventManager : Event: ======'achievement_mode_9_state_enabled'====== Args={'restore': False, 'state': 'enabled', 'selected': True}
2023-01-01 18:12:51,731 : INFO : EventManager : Event: ======'achievement_mode_9_state_selected'====== Args={'restore': False, 'state': 'enabled', 'selected': True}
2023-01-01 18:12:51,836 : INFO : SwitchController : <<<<<<< 's_right_flipper' inactive >>>>>>>
2023-01-01 18:12:52,024 : INFO : SwitchController : <<<<<<< 's_right_flipper' active >>>>>>>
2023-01-01 18:12:52,024 : INFO : EventManager : Event: ======'s_right_flipper_active'====== Args={}
2023-01-01 18:12:52,024 : INFO : EventManager : Event: ======'machine_var_audits_switches_s_right_flipper'====== Args={'value': 4169, 'prev_value': 4168, 'change': 1}
2023-01-01 18:12:52,025 : INFO : EventManager : Event: ======'achievement_skillshot_8_changed_state'====== Args={'restore': False, 'state': 'enabled', 'selected': False}
2023-01-01 18:12:52,025 : INFO : EventManager : Event: ======'achievement_skillshot_8_state_enabled'====== Args={'restore': False, 'state': 'enabled', 'selected': False}
2023-01-01 18:12:52,026 : INFO : EventManager : Event: ======'achievement_skillshot_1_changed_state'====== Args={'restore': False, 'state': 'enabled', 'selected': True}
2023-01-01 18:12:52,026 : INFO : EventManager : Event: ======'achievement_skillshot_1_state_enabled'====== Args={'restore': False, 'state': 'enabled', 'selected': True}
2023-01-01 18:12:52,026 : INFO : EventManager : Event: ======'skillshot_1_selected'====== Args={'restore': False, 'state': 'enabled', 'selected': True}
2023-01-01 18:12:52,026 : INFO : EventManager : Event: ======'achievement_mode_9_changed_state'====== Args={'restore': False, 'state': 'enabled', 'selected': False}
2023-01-01 18:12:52,027 : INFO : EventManager : Event: ======'achievement_mode_9_state_enabled'====== Args={'restore': False, 'state': 'enabled', 'selected': False}
2023-01-01 18:12:52,027 : INFO : EventManager : Event: ======'achievement_mode_10_changed_state'====== Args={'restore': False, 'state': 'enabled', 'selected': True}
2023-01-01 18:12:52,027 : INFO : EventManager : Event: ======'achievement_mode_10_state_enabled'====== Args={'restore': False, 'state': 'enabled', 'selected': True}
2023-01-01 18:12:52,027 : INFO : EventManager : Event: ======'achievement_mode_10_state_selected'====== Args={'restore': False, 'state': 'enabled', 'selected': True}
2023-01-01 18:12:52,118 : INFO : SwitchController : <<<<<<< 's_right_flipper' inactive >>>>>>>
2023-01-01 18:12:58,522 : INFO : SwitchController : <<<<<<< 's_right_flipper' active >>>>>>>
2023-01-01 18:12:58,522 : INFO : EventManager : Event: ======'s_right_flipper_active'====== Args={}
2023-01-01 18:12:58,522 : INFO : EventManager : Event: ======'machine_var_audits_switches_s_right_flipper'====== Args={'value': 4170, 'prev_value': 4169, 'change': 1}
2023-01-01 18:12:58,532 : INFO : EventManager : Event: ======'achievement_skillshot_1_changed_state'====== Args={'restore': False, 'state': 'enabled', 'selected': False}
2023-01-01 18:12:58,532 : INFO : EventManager : Event: ======'achievement_skillshot_1_state_enabled'====== Args={'restore': False, 'state': 'enabled', 'selected': False}
2023-01-01 18:12:58,533 : INFO : EventManager : Event: ======'achievement_skillshot_2_changed_state'====== Args={'restore': False, 'state': 'enabled', 'selected': True}
2023-01-01 18:12:58,533 : INFO : EventManager : Event: ======'achievement_skillshot_2_state_enabled'====== Args={'restore': False, 'state': 'enabled', 'selected': True}
2023-01-01 18:12:58,533 : INFO : EventManager : Event: ======'skillshot_2_selected'====== Args={'restore': False, 'state': 'enabled', 'selected': True}
2023-01-01 18:12:58,534 : INFO : EventManager : Event: ======'achievement_mode_10_changed_state'====== Args={'restore': False, 'state': 'enabled', 'selected': False}
2023-01-01 18:12:58,534 : INFO : EventManager : Event: ======'achievement_mode_10_state_enabled'====== Args={'restore': False, 'state': 'enabled', 'selected': False}
2023-01-01 18:12:58,534 : INFO : EventManager : Event: ======'achievement_mode_1_changed_state'====== Args={'restore': False, 'state': 'enabled', 'selected': True}
2023-01-01 18:12:58,534 : INFO : EventManager : Event: ======'achievement_mode_1_state_enabled'====== Args={'restore': False, 'state': 'enabled', 'selected': True}
2023-01-01 18:12:58,535 : INFO : EventManager : Event: ======'achievement_mode_1_state_selected'====== Args={'restore': False, 'state': 'enabled', 'selected': True}
2023-01-01 18:12:58,617 : INFO : SwitchController : <<<<<<< 's_right_flipper' inactive >>>>>>>
2023-01-01 18:12:58,936 : INFO : SwitchController : <<<<<<< 's_right_flipper' active >>>>>>>
2023-01-01 18:12:58,936 : INFO : EventManager : Event: ======'s_right_flipper_active'====== Args={}
2023-01-01 18:12:58,936 : INFO : EventManager : Event: ======'machine_var_audits_switches_s_right_flipper'====== Args={'value': 4171, 'prev_value': 4170, 'change': 1}
2023-01-01 18:12:58,955 : INFO : EventManager : Event: ======'achievement_skillshot_2_changed_state'====== Args={'restore': False, 'state': 'enabled', 'selected': False}
2023-01-01 18:12:58,955 : INFO : EventManager : Event: ======'achievement_skillshot_2_state_enabled'====== Args={'restore': False, 'state': 'enabled', 'selected': False}
2023-01-01 18:12:58,964 : INFO : EventManager : Event: ======'achievement_skillshot_3_changed_state'====== Args={'restore': False, 'state': 'enabled', 'selected': True}
2023-01-01 18:12:58,965 : INFO : EventManager : Event: ======'achievement_skillshot_3_state_enabled'====== Args={'restore': False, 'state': 'enabled', 'selected': True}
2023-01-01 18:12:58,965 : INFO : EventManager : Event: ======'skillshot_3_selected'====== Args={'restore': False, 'state': 'enabled', 'selected': True}
2023-01-01 18:12:58,965 : INFO : EventManager : Event: ======'achievement_mode_1_changed_state'====== Args={'restore': False, 'state': 'enabled', 'selected': False}
2023-01-01 18:12:58,965 : INFO : EventManager : Event: ======'achievement_mode_1_state_enabled'====== Args={'restore': False, 'state': 'enabled', 'selected': False}
2023-01-01 18:12:58,966 : INFO : EventManager : Event: ======'achievement_mode_2_changed_state'====== Args={'restore': False, 'state': 'enabled', 'selected': True}
2023-01-01 18:12:58,966 : INFO : EventManager : Event: ======'achievement_mode_2_state_enabled'====== Args={'restore': False, 'state': 'enabled', 'selected': True}
2023-01-01 18:12:58,966 : INFO : EventManager : Event: ======'achievement_mode_2_state_selected'====== Args={'restore': False, 'state': 'enabled', 'selected': True}
2023-01-01 18:12:59,041 : INFO : SwitchController : <<<<<<< 's_right_flipper' inactive >>>>>>>
2023-01-01 18:12:59,343 : INFO : SwitchController : <<<<<<< 's_right_flipper' active >>>>>>>
2023-01-01 18:12:59,343 : INFO : EventManager : Event: ======'s_right_flipper_active'====== Args={}
2023-01-01 18:12:59,343 : INFO : EventManager : Event: ======'machine_var_audits_switches_s_right_flipper'====== Args={'value': 4172, 'prev_value': 4171, 'change': 1}
2023-01-01 18:12:59,344 : INFO : EventManager : Event: ======'achievement_skillshot_3_changed_state'====== Args={'restore': False, 'state': 'enabled', 'selected': False}
2023-01-01 18:12:59,345 : INFO : EventManager : Event: ======'achievement_skillshot_3_state_enabled'====== Args={'restore': False, 'state': 'enabled', 'selected': False}
2023-01-01 18:12:59,345 : INFO : EventManager : Event: ======'achievement_skillshot_4_changed_state'====== Args={'restore': False, 'state': 'enabled', 'selected': True}
2023-01-01 18:12:59,345 : INFO : EventManager : Event: ======'achievement_skillshot_4_state_enabled'====== Args={'restore': False, 'state': 'enabled', 'selected': True}
2023-01-01 18:12:59,345 : INFO : EventManager : Event: ======'skillshot_4_selected'====== Args={'restore': False, 'state': 'enabled', 'selected': True}
2023-01-01 18:12:59,346 : INFO : EventManager : Event: ======'achievement_mode_2_changed_state'====== Args={'restore': False, 'state': 'enabled', 'selected': False}
2023-01-01 18:12:59,346 : INFO : EventManager : Event: ======'achievement_mode_2_state_enabled'====== Args={'restore': False, 'state': 'enabled', 'selected': False}
2023-01-01 18:12:59,347 : INFO : EventManager : Event: ======'achievement_mode_3_changed_state'====== Args={'restore': False, 'state': 'enabled', 'selected': True}
2023-01-01 18:12:59,347 : INFO : EventManager : Event: ======'achievement_mode_3_state_enabled'====== Args={'restore': False, 'state': 'enabled', 'selected': True}
2023-01-01 18:12:59,347 : INFO : EventManager : Event: ======'achievement_mode_3_state_selected'====== Args={'restore': False, 'state': 'enabled', 'selected': True}
2023-01-01 18:12:59,473 : INFO : SwitchController : <<<<<<< 's_right_flipper' inactive >>>>>>>
2023-01-01 18:12:59,766 : INFO : SwitchController : <<<<<<< 's_right_flipper' active >>>>>>>
2023-01-01 18:12:59,766 : INFO : EventManager : Event: ======'s_right_flipper_active'====== Args={}
2023-01-01 18:12:59,766 : INFO : EventManager : Event: ======'machine_var_audits_switches_s_right_flipper'====== Args={'value': 4173, 'prev_value': 4172, 'change': 1}
2023-01-01 18:12:59,767 : INFO : EventManager : Event: ======'achievement_skillshot_4_changed_state'====== Args={'restore': False, 'state': 'enabled', 'selected': False}
2023-01-01 18:12:59,767 : INFO : EventManager : Event: ======'achievement_skillshot_4_state_enabled'====== Args={'restore': False, 'state': 'enabled', 'selected': False}
2023-01-01 18:12:59,768 : INFO : EventManager : Event: ======'achievement_skillshot_5_changed_state'====== Args={'restore': False, 'state': 'enabled', 'selected': True}
2023-01-01 18:12:59,768 : INFO : EventManager : Event: ======'achievement_skillshot_5_state_enabled'====== Args={'restore': False, 'state': 'enabled', 'selected': True}
2023-01-01 18:12:59,768 : INFO : EventManager : Event: ======'skillshot_5_selected'====== Args={'restore': False, 'state': 'enabled', 'selected': True}
2023-01-01 18:12:59,769 : INFO : EventManager : Event: ======'achievement_mode_3_changed_state'====== Args={'restore': False, 'state': 'enabled', 'selected': False}
2023-01-01 18:12:59,769 : INFO : EventManager : Event: ======'achievement_mode_3_state_enabled'====== Args={'restore': False, 'state': 'enabled', 'selected': False}
2023-01-01 18:12:59,769 : INFO : EventManager : Event: ======'achievement_mode_4_changed_state'====== Args={'restore': False, 'state': 'enabled', 'selected': True}
2023-01-01 18:12:59,769 : INFO : EventManager : Event: ======'achievement_mode_4_state_enabled'====== Args={'restore': False, 'state': 'enabled', 'selected': True}
2023-01-01 18:12:59,769 : INFO : EventManager : Event: ======'achievement_mode_4_state_selected'====== Args={'restore': False, 'state': 'enabled', 'selected': True}
2023-01-01 18:12:59,911 : INFO : SwitchController : <<<<<<< 's_right_flipper' inactive >>>>>>>
2023-01-01 18:13:00,160 : INFO : SwitchController : <<<<<<< 's_right_flipper' active >>>>>>>
2023-01-01 18:13:00,160 : INFO : EventManager : Event: ======'s_right_flipper_active'====== Args={}
2023-01-01 18:13:00,160 : INFO : EventManager : Event: ======'machine_var_audits_switches_s_right_flipper'====== Args={'value': 4174, 'prev_value': 4173, 'change': 1}
2023-01-01 18:13:00,162 : INFO : EventManager : Event: ======'achievement_skillshot_5_changed_state'====== Args={'restore': False, 'state': 'enabled', 'selected': False}
2023-01-01 18:13:00,162 : INFO : EventManager : Event: ======'achievement_skillshot_5_state_enabled'====== Args={'restore': False, 'state': 'enabled', 'selected': False}
2023-01-01 18:13:00,162 : INFO : EventManager : Event: ======'achievement_skillshot_6_changed_state'====== Args={'restore': False, 'state': 'enabled', 'selected': True}
2023-01-01 18:13:00,163 : INFO : EventManager : Event: ======'achievement_skillshot_6_state_enabled'====== Args={'restore': False, 'state': 'enabled', 'selected': True}
2023-01-01 18:13:00,163 : INFO : EventManager : Event: ======'skillshot_4_selected'====== Args={'restore': False, 'state': 'enabled', 'selected': True}
2023-01-01 18:13:00,163 : INFO : EventManager : Event: ======'achievement_mode_4_changed_state'====== Args={'restore': False, 'state': 'enabled', 'selected': False}
2023-01-01 18:13:00,164 : INFO : EventManager : Event: ======'achievement_mode_4_state_enabled'====== Args={'restore': False, 'state': 'enabled', 'selected': False}
2023-01-01 18:13:00,164 : INFO : EventManager : Event: ======'achievement_mode_5_changed_state'====== Args={'restore': False, 'state': 'enabled', 'selected': True}
2023-01-01 18:13:00,164 : INFO : EventManager : Event: ======'achievement_mode_5_state_enabled'====== Args={'restore': False, 'state': 'enabled', 'selected': True}
2023-01-01 18:13:00,165 : INFO : EventManager : Event: ======'achievement_mode_5_state_selected'====== Args={'restore': False, 'state': 'enabled', 'selected': True}
2023-01-01 18:13:00,289 : INFO : SwitchController : <<<<<<< 's_right_flipper' inactive >>>>>>>
2023-01-01 18:13:00,523 : INFO : SwitchController : <<<<<<< 's_right_flipper' active >>>>>>>
2023-01-01 18:13:00,523 : INFO : EventManager : Event: ======'s_right_flipper_active'====== Args={}
2023-01-01 18:13:00,523 : INFO : EventManager : Event: ======'machine_var_audits_switches_s_right_flipper'====== Args={'value': 4175, 'prev_value': 4174, 'change': 1}
2023-01-01 18:13:00,538 : INFO : EventManager : Event: ======'achievement_skillshot_6_changed_state'====== Args={'restore': False, 'state': 'enabled', 'selected': False}
2023-01-01 18:13:00,538 : INFO : EventManager : Event: ======'achievement_skillshot_6_state_enabled'====== Args={'restore': False, 'state': 'enabled', 'selected': False}
2023-01-01 18:13:00,538 : INFO : EventManager : Event: ======'achievement_skillshot_7_changed_state'====== Args={'restore': False, 'state': 'enabled', 'selected': True}
2023-01-01 18:13:00,539 : INFO : EventManager : Event: ======'achievement_skillshot_7_state_enabled'====== Args={'restore': False, 'state': 'enabled', 'selected': True}
2023-01-01 18:13:00,539 : INFO : EventManager : Event: ======'skillshot_3_selected'====== Args={'restore': False, 'state': 'enabled', 'selected': True}
2023-01-01 18:13:00,539 : INFO : EventManager : Event: ======'achievement_mode_5_changed_state'====== Args={'restore': False, 'state': 'enabled', 'selected': False}
2023-01-01 18:13:00,539 : INFO : EventManager : Event: ======'achievement_mode_5_state_enabled'====== Args={'restore': False, 'state': 'enabled', 'selected': False}
2023-01-01 18:13:00,540 : INFO : EventManager : Event: ======'achievement_mode_6_changed_state'====== Args={'restore': False, 'state': 'enabled', 'selected': True}
2023-01-01 18:13:00,540 : INFO : EventManager : Event: ======'achievement_mode_6_state_enabled'====== Args={'restore': False, 'state': 'enabled', 'selected': True}
2023-01-01 18:13:00,540 : INFO : EventManager : Event: ======'achievement_mode_6_state_selected'====== Args={'restore': False, 'state': 'enabled', 'selected': True}
2023-01-01 18:13:00,639 : INFO : SwitchController : <<<<<<< 's_right_flipper' inactive >>>>>>>
2023-01-01 18:13:00,819 : INFO : SwitchController : <<<<<<< 's_right_flipper' active >>>>>>>
2023-01-01 18:13:00,819 : INFO : EventManager : Event: ======'s_right_flipper_active'====== Args={}
2023-01-01 18:13:00,820 : INFO : EventManager : Event: ======'machine_var_audits_switches_s_right_flipper'====== Args={'value': 4176, 'prev_value': 4175, 'change': 1}
2023-01-01 18:13:00,821 : INFO : EventManager : Event: ======'achievement_skillshot_7_changed_state'====== Args={'restore': False, 'state': 'enabled', 'selected': False}
2023-01-01 18:13:00,821 : INFO : EventManager : Event: ======'achievement_skillshot_7_state_enabled'====== Args={'restore': False, 'state': 'enabled', 'selected': False}
2023-01-01 18:13:00,821 : INFO : EventManager : Event: ======'achievement_skillshot_8_changed_state'====== Args={'restore': False, 'state': 'enabled', 'selected': True}
2023-01-01 18:13:00,821 : INFO : EventManager : Event: ======'achievement_skillshot_8_state_enabled'====== Args={'restore': False, 'state': 'enabled', 'selected': True}
2023-01-01 18:13:00,822 : INFO : EventManager : Event: ======'skillshot_2_selected'====== Args={'restore': False, 'state': 'enabled', 'selected': True}
2023-01-01 18:13:00,822 : INFO : EventManager : Event: ======'achievement_mode_6_changed_state'====== Args={'restore': False, 'state': 'enabled', 'selected': False}
2023-01-01 18:13:00,822 : INFO : EventManager : Event: ======'achievement_mode_6_state_enabled'====== Args={'restore': False, 'state': 'enabled', 'selected': False}
2023-01-01 18:13:00,823 : INFO : EventManager : Event: ======'achievement_mode_7_changed_state'====== Args={'restore': False, 'state': 'enabled', 'selected': True}
2023-01-01 18:13:00,823 : INFO : EventManager : Event: ======'achievement_mode_7_state_enabled'====== Args={'restore': False, 'state': 'enabled', 'selected': True}
2023-01-01 18:13:00,823 : INFO : EventManager : Event: ======'achievement_mode_7_state_selected'====== Args={'restore': False, 'state': 'enabled', 'selected': True}
2023-01-01 18:13:00,928 : INFO : SwitchController : <<<<<<< 's_right_flipper' inactive >>>>>>>
2023-01-01 18:13:01,122 : INFO : SwitchController : <<<<<<< 's_right_flipper' active >>>>>>>
2023-01-01 18:13:01,122 : INFO : EventManager : Event: ======'s_right_flipper_active'====== Args={}
2023-01-01 18:13:01,122 : INFO : EventManager : Event: ======'machine_var_audits_switches_s_right_flipper'====== Args={'value': 4177, 'prev_value': 4176, 'change': 1}
2023-01-01 18:13:01,123 : INFO : EventManager : Event: ======'achievement_skillshot_8_changed_state'====== Args={'restore': False, 'state': 'enabled', 'selected': False}
2023-01-01 18:13:01,124 : INFO : EventManager : Event: ======'achievement_skillshot_8_state_enabled'====== Args={'restore': False, 'state': 'enabled', 'selected': False}
2023-01-01 18:13:01,124 : INFO : EventManager : Event: ======'achievement_skillshot_1_changed_state'====== Args={'restore': False, 'state': 'enabled', 'selected': True}
2023-01-01 18:13:01,125 : INFO : EventManager : Event: ======'achievement_skillshot_1_state_enabled'====== Args={'restore': False, 'state': 'enabled', 'selected': True}
2023-01-01 18:13:01,125 : INFO : EventManager : Event: ======'skillshot_1_selected'====== Args={'restore': False, 'state': 'enabled', 'selected': True}
2023-01-01 18:13:01,125 : INFO : EventManager : Event: ======'achievement_mode_7_changed_state'====== Args={'restore': False, 'state': 'enabled', 'selected': False}
2023-01-01 18:13:01,126 : INFO : EventManager : Event: ======'achievement_mode_7_state_enabled'====== Args={'restore': False, 'state': 'enabled', 'selected': False}
2023-01-01 18:13:01,126 : INFO : EventManager : Event: ======'achievement_mode_8_changed_state'====== Args={'restore': False, 'state': 'enabled', 'selected': True}
2023-01-01 18:13:01,126 : INFO : EventManager : Event: ======'achievement_mode_8_state_enabled'====== Args={'restore': False, 'state': 'enabled', 'selected': True}
2023-01-01 18:13:01,127 : INFO : EventManager : Event: ======'achievement_mode_8_state_selected'====== Args={'restore': False, 'state': 'enabled', 'selected': True}
2023-01-01 18:13:01,240 : INFO : SwitchController : <<<<<<< 's_right_flipper' inactive >>>>>>>
2023-01-01 18:13:02,896 : INFO : SwitchController : <<<<<<< 's_plunger' inactive >>>>>>>
2023-01-01 18:13:02,921 : INFO : ball_device.bd_plunger : State: ball_left
2023-01-01 18:13:02,921 : INFO : ball_device.bd_plunger : Ball left
2023-01-01 18:13:02,921 : INFO : ball_device.bd_plunger : Wait for confirm with timeout 3.0
2023-01-01 18:13:04,522 : INFO : SwitchController : <<<<<<< 's_right_ramp_made' active >>>>>>>
2023-01-01 18:13:04,522 : INFO : EventManager : Event: ======'s_right_ramp_made_active'====== Args={}
2023-01-01 18:13:04,522 : INFO : EventManager : Event: ======'sw_capture'====== Args={}
2023-01-01 18:13:04,522 : INFO : EventManager : Event: ======'machine_var_audits_switches_s_right_ramp_made'====== Args={'value': 1701, 'prev_value': 1700, 'change': 1}
2023-01-01 18:13:04,533 : INFO : EventManager : Event: ======'playfield_active'====== Args={}
2023-01-01 18:13:04,533 : INFO : EventManager : Event: ======'player_shot_lock_lit_2'====== Args={'value': 1, 'prev_value': 0, 'change': 1, 'player_num': 1}
2023-01-01 18:13:04,533 : INFO : EventManager : Event: ======'machine_var_audits_shots_lock_lit_2'====== Args={'value': 1503, 'prev_value': 1502, 'change': 1}
2023-01-01 18:13:04,534 : INFO : EventManager : Event: ======'lock_lit_2_hit'====== Args={'profile': 'lock_lit_profile', 'state': 'unlit', 'advancing': True}
2023-01-01 18:13:04,535 : INFO : EventManager : Event: ======'lock_lit_2_lock_lit_profile_hit'====== Args={'profile': 'lock_lit_profile', 'state': 'unlit', 'advancing': True}
2023-01-01 18:13:04,535 : INFO : EventManager : Event: ======'lock_lit_2_lock_lit_profile_unlit_hit'====== Args={'profile': 'lock_lit_profile', 'state': 'unlit', 'advancing': True}
2023-01-01 18:13:04,535 : INFO : EventManager : Event: ======'lock_lit_2_unlit_hit'====== Args={'profile': 'lock_lit_profile', 'state': 'unlit', 'advancing': True}
2023-01-01 18:13:04,535 : INFO : EventManager : Event: ======'lock_lits_hit'====== Args={}
2023-01-01 18:13:04,535 : INFO : EventManager : Event: ======'lock_lits_unlit_hit'====== Args={}
2023-01-01 18:13:04,536 : INFO : EventManager : Event: ======'logicblock_capture_counter_updated'====== Args={'value': 5, 'enabled': True}
2023-01-01 18:13:04,536 : INFO : EventManager : Event: ======'advance_capturing'====== Args={'count': 5, 'remaining': -5}
2023-01-01 18:13:04,563 : INFO : ball_device.bd_plunger : Got eject confirm
2023-01-01 18:13:04,563 : INFO : ball_device.bd_plunger : Eject successful
2023-01-01 18:13:04,563 : INFO : EventManager : Event: ======'balldevice_bd_plunger_ball_eject_success'====== Args={'balls': 1, 'target': <playfield.playfield>}
2023-01-01 18:13:04,563 : INFO : EventManager : Event: ======'ball_save_main_ball_save_timer_start'====== Args={}
2023-01-01 18:13:04,564 : INFO : EventManager : Event: ======'balldevice_playfield_ball_enter'====== Args={'new_balls': 1, 'unclaimed_balls': 1, 'device': <playfield.playfield>}
2023-01-01 18:13:04,564 : INFO : EventManager : Event: ======'playfield_ball_count_change'====== Args={'balls': 1, 'change': 1}
2023-01-01 18:13:04,565 : INFO : EventManager : Event: ======'balldevice_bd_plunger_ball_count_changed'====== Args={'balls': 0}
2023-01-01 18:13:04,565 : INFO : ball_device.bd_plunger : State: idle
2023-01-01 18:13:04,568 : INFO : EventManager : Event: ======'slide_capturing_slide_created'====== Args={'_from_bcp': True}
2023-01-01 18:13:04,648 : INFO : SwitchController : <<<<<<< 's_right_ramp_made' inactive >>>>>>>
2023-01-01 18:13:05,447 : INFO : SwitchController : <<<<<<< 's_left_ramp_made' active >>>>>>>
2023-01-01 18:13:05,447 : INFO : EventManager : Event: ======'s_left_ramp_made_active'====== Args={}
2023-01-01 18:13:05,447 : INFO : EventManager : Event: ======'sw_capture'====== Args={}
2023-01-01 18:13:05,448 : INFO : EventManager : Event: ======'machine_var_audits_switches_s_left_ramp_made'====== Args={'value': 1994, 'prev_value': 1993, 'change': 1}
2023-01-01 18:13:05,449 : INFO : EventManager : Event: ======'player_shot_lock_lit_1'====== Args={'value': 1, 'prev_value': 0, 'change': 1, 'player_num': 1}
2023-01-01 18:13:05,450 : INFO : EventManager : Event: ======'machine_var_audits_shots_lock_lit_1'====== Args={'value': 1589, 'prev_value': 1588, 'change': 1}
2023-01-01 18:13:05,450 : INFO : EventManager : Event: ======'lock_lit_1_hit'====== Args={'profile': 'lock_lit_profile', 'state': 'unlit', 'advancing': True}
2023-01-01 18:13:05,451 : INFO : EventManager : Event: ======'lock_lit_1_lock_lit_profile_hit'====== Args={'profile': 'lock_lit_profile', 'state': 'unlit', 'advancing': True}
2023-01-01 18:13:05,451 : INFO : EventManager : Event: ======'lock_lit_1_lock_lit_profile_unlit_hit'====== Args={'profile': 'lock_lit_profile', 'state': 'unlit', 'advancing': True}
2023-01-01 18:13:05,451 : INFO : EventManager : Event: ======'lock_lit_1_unlit_hit'====== Args={'profile': 'lock_lit_profile', 'state': 'unlit', 'advancing': True}
2023-01-01 18:13:05,451 : INFO : EventManager : Event: ======'lock_lits_complete'====== Args={'state': 'lit'}
2023-01-01 18:13:05,452 : INFO : EventManager : Event: ======'lock_lits_lit_complete'====== Args={}
2023-01-01 18:13:05,452 : INFO : EventManager : Event: ======'lock_lits_hit'====== Args={}
2023-01-01 18:13:05,452 : INFO : EventManager : Event: ======'lock_lits_unlit_hit'====== Args={}
2023-01-01 18:13:05,452 : INFO : state_machine.hc_multiball : Transitioning from lock_lit_state to lock_state
2023-01-01 18:13:05,452 : INFO : EventManager : Event: ======'lock_lit_stopped'====== Args={}
2023-01-01 18:13:05,453 : INFO : EventManager : Event: ======'lock_started'====== Args={}
2023-01-01 18:13:05,454 : INFO : EventManager : Event: ======'player_shot_lock_lit_1_enabled'====== Args={'value': False, 'prev_value': True, 'change': -1, 'player_num': 1}
2023-01-01 18:13:05,454 : INFO : EventManager : Event: ======'player_shot_lock_lit_2_enabled'====== Args={'value': False, 'prev_value': True, 'change': -1, 'player_num': 1}
2023-01-01 18:13:05,455 : INFO : EventManager : Event: ======'logicblock_capture_counter_updated'====== Args={'value': 4, 'enabled': True}
2023-01-01 18:13:05,455 : INFO : EventManager : Event: ======'advance_capturing'====== Args={'count': 4, 'remaining': -4}
2023-01-01 18:13:05,469 : INFO : EventManager : Event: ======'slide_capturing_slide_removed'====== Args={'_from_bcp': True}
2023-01-01 18:13:05,469 : INFO : EventManager : Event: ======'slide_capturing_slide_created'====== Args={'_from_bcp': True}
2023-01-01 18:13:05,569 : INFO : SwitchController : <<<<<<< 's_left_ramp_made' inactive >>>>>>>
2023-01-01 18:13:06,465 : INFO : EventManager : Event: ======'slide_capturing_slide_removed'====== Args={'_from_bcp': True}
2023-01-01 18:13:07,447 : INFO : SwitchController : <<<<<<< 's_lock_3' active >>>>>>>
2023-01-01 18:13:07,447 : INFO : EventManager : Event: ======'machine_var_audits_switches_s_lock_3'====== Args={'value': 519, 'prev_value': 518, 'change': 1}
2023-01-01 18:13:07,949 : INFO : EventManager : Event: ======'balldevice_bd_hc_lock_ball_count_changed'====== Args={'balls': 1}
2023-01-01 18:13:07,949 : INFO : ball_device.bd_hc_lock : Received unexpected ball
2023-01-01 18:13:07,949 : INFO : EventManager : Event: ======'balldevice_captured_from_playfield'====== Args={'balls': 1}
2023-01-01 18:13:07,949 : INFO : EventManager : Event: ======'sw_playfield_active'====== Args={'balls': 1}
2023-01-01 18:13:07,950 : INFO : EventManager : Event: ======'playfield_ball_count_change'====== Args={'balls': 0, 'change': -1}
2023-01-01 18:13:07,950 : INFO : EventManager : Event: ======'balldevice_bd_hc_lock_ball_enter'====== Args={'new_balls': 1, 'unclaimed_balls': 1, 'new_available_balls': 1, 'device': <ball_device.bd_hc_lock>}
2023-01-01 18:13:07,951 : INFO : EventManager : Event: ======'player_high_caliber_locked_balls'====== Args={'value': 1, 'prev_value': 0, 'change': 1, 'player_num': 1}
2023-01-01 18:13:07,951 : INFO : ball_device.bd_plunger : Adding 1 ball(s) to the eject_queue with target <playfield.playfield>.
2023-01-01 18:13:07,951 : INFO : EventManager : Event: ======'balldevice_balls_available'====== Args={}
2023-01-01 18:13:07,952 : INFO : EventManager : Event: ======'balldevice_balls_available'====== Args={}
2023-01-01 18:13:07,952 : INFO : EventManager : Event: ======'balldevice_bd_hc_lock_ball_entered'====== Args={'new_balls': 1, 'device': <ball_device.bd_hc_lock>}
2023-01-01 18:13:07,952 : INFO : EventManager : Event: ======'multiball_lock_high_caliber_locked_ball'====== Args={'total_balls_locked': 1}
2023-01-01 18:13:07,953 : INFO : EventManager : Event: ======'enable_lock_lit_state'====== Args={'priority': 0}
2023-01-01 18:13:07,953 : INFO : state_machine.hc_multiball : Transitioning from lock_state to lock_lit_state
2023-01-01 18:13:07,953 : INFO : EventManager : Event: ======'lock_stopped'====== Args={}
2023-01-01 18:13:07,954 : INFO : EventManager : Event: ======'lock_lit_started'====== Args={}
2023-01-01 18:13:07,955 : INFO : EventManager : Event: ======'player_shot_lock_lit_1'====== Args={'value': 0, 'prev_value': 1, 'change': -1, 'player_num': 1}
2023-01-01 18:13:07,955 : INFO : EventManager : Event: ======'player_shot_lock_lit_1_enabled'====== Args={'value': True, 'prev_value': False, 'change': 1, 'player_num': 1}
2023-01-01 18:13:07,956 : INFO : EventManager : Event: ======'player_shot_lock_lit_2'====== Args={'value': 0, 'prev_value': 1, 'change': -1, 'player_num': 1}
2023-01-01 18:13:07,956 : INFO : EventManager : Event: ======'player_shot_lock_lit_2_enabled'====== Args={'value': True, 'prev_value': False, 'change': 1, 'player_num': 1}
2023-01-01 18:13:07,957 : INFO : ball_device.bd_trough : State: waiting_for_target_ready
2023-01-01 18:13:07,958 : INFO : EventManager : Event: ======'balldevice_bd_trough_ball_eject_attempt'====== Args={'balls': 1, 'target': <ball_device.bd_plunger>, 'source': <ball_device.bd_trough>, 'mechanical_eject': False, 'num_attempts': 0}
2023-01-01 18:13:07,958 : INFO : ball_device.bd_plunger : State: waiting_for_ball
2023-01-01 18:13:07,958 : INFO : ball_device.bd_trough : State: ejecting
2023-01-01 18:13:07,958 : INFO : ball_device.bd_trough : Ejecting ball to <ball_device.bd_plunger>
2023-01-01 18:13:07,958 : INFO : EventManager : Event: ======'balldevice_bd_trough_ejecting_ball'====== Args={'balls': 1, 'target': <ball_device.bd_plunger>, 'source': <ball_device.bd_trough>, 'mechanical_eject': False, 'num_attempts': 0}
2023-01-01 18:13:07,959 : INFO : ball_device.bd_trough : Wait for ball to leave device
2023-01-01 18:13:07,959 : INFO : coil.c_trough_eject : Pulsing Driver for 20ms (1.0 pulse_power)
2023-01-01 18:13:07,959 : INFO : SwitchController : <<<<<<< 's_trough2' inactive >>>>>>>
2023-01-01 18:13:07,985 : INFO : ball_device.bd_trough : State: ball_left
2023-01-01 18:13:07,985 : INFO : ball_device.bd_trough : Ball left
2023-01-01 18:13:07,986 : INFO : ball_device.bd_trough : Wait for confirm with timeout 10.0
2023-01-01 18:13:08,064 : INFO : SwitchController : <<<<<<< 's_plunger' active >>>>>>>
2023-01-01 18:13:08,064 : INFO : EventManager : Event: ======'machine_var_audits_switches_s_plunger'====== Args={'value': 4062, 'prev_value': 4061, 'change': 1}
2023-01-01 18:13:08,365 : INFO : ball_device.bd_plunger : Received ball from <ball_device.bd_trough>
2023-01-01 18:13:08,365 : INFO : EventManager : Event: ======'balldevice_bd_plunger_ball_enter'====== Args={'new_balls': 1, 'unclaimed_balls': 0, 'new_available_balls': 0, 'device': <ball_device.bd_plunger>}
2023-01-01 18:13:08,366 : INFO : EventManager : Event: ======'balldevice_bd_plunger_ball_entered'====== Args={'new_balls': 0, 'device': <ball_device.bd_plunger>}
2023-01-01 18:13:08,366 : INFO : EventManager : Event: ======'balldevice_bd_plunger_ball_count_changed'====== Args={'balls': 1}
2023-01-01 18:13:08,366 : INFO : ball_device.bd_trough : Got eject confirm
2023-01-01 18:13:08,366 : INFO : ball_device.bd_trough : Eject successful
2023-01-01 18:13:08,366 : INFO : EventManager : Event: ======'balldevice_bd_trough_ball_eject_success'====== Args={'balls': 1, 'target': <ball_device.bd_plunger>}
2023-01-01 18:13:08,367 : INFO : EventManager : Event: ======'balldevice_bd_trough_ball_count_changed'====== Args={'balls': 3}
2023-01-01 18:13:08,367 : INFO : ball_device.bd_trough : State: idle
2023-01-01 18:13:08,368 : INFO : ball_device.bd_plunger : State: waiting_for_target_ready
2023-01-01 18:13:08,368 : INFO : EventManager : Event: ======'balldevice_bd_plunger_ball_eject_attempt'====== Args={'balls': 1, 'target': <playfield.playfield>, 'source': <ball_device.bd_plunger>, 'mechanical_eject': False, 'num_attempts': 0}
2023-01-01 18:13:08,368 : INFO : ball_device.bd_plunger : State: ejecting
2023-01-01 18:13:08,368 : INFO : ball_device.bd_plunger : Ejecting ball to <playfield.playfield>
2023-01-01 18:13:08,368 : INFO : EventManager : Event: ======'balldevice_bd_plunger_ejecting_ball'====== Args={'balls': 1, 'target': <playfield.playfield>, 'source': <ball_device.bd_plunger>, 'mechanical_eject': False, 'num_attempts': 0}
2023-01-01 18:13:08,369 : INFO : ball_device.bd_plunger : Wait for ball to leave device
2023-01-01 18:13:08,369 : INFO : coil.c_plunger : Pulsing Driver for 10ms (1.0 pulse_power)
2023-01-01 18:13:08,369 : INFO : SwitchController : <<<<<<< 's_plunger' inactive >>>>>>>
2023-01-01 18:13:08,381 : INFO : ball_device.bd_plunger : State: ball_left
2023-01-01 18:13:08,381 : INFO : ball_device.bd_plunger : Ball left
2023-01-01 18:13:08,381 : INFO : ball_device.bd_plunger : Wait for confirm with timeout 3.0
2023-01-01 18:13:10,593 : INFO : SwitchController : <<<<<<< 's_right_ramp_made' active >>>>>>>
2023-01-01 18:13:10,593 : INFO : EventManager : Event: ======'s_right_ramp_made_active'====== Args={}
2023-01-01 18:13:10,593 : INFO : EventManager : Event: ======'sw_capture'====== Args={}
2023-01-01 18:13:10,594 : INFO : EventManager : Event: ======'machine_var_audits_switches_s_right_ramp_made'====== Args={'value': 1702, 'prev_value': 1701, 'change': 1}
2023-01-01 18:13:10,605 : INFO : EventManager : Event: ======'playfield_active'====== Args={}
2023-01-01 18:13:10,606 : INFO : EventManager : Event: ======'player_shot_lock_lit_2'====== Args={'value': 1, 'prev_value': 0, 'change': 1, 'player_num': 1}
2023-01-01 18:13:10,606 : INFO : EventManager : Event: ======'machine_var_audits_shots_lock_lit_2'====== Args={'value': 1504, 'prev_value': 1503, 'change': 1}
2023-01-01 18:13:10,607 : INFO : EventManager : Event: ======'lock_lit_2_hit'====== Args={'profile': 'lock_lit_profile', 'state': 'unlit', 'advancing': True}
2023-01-01 18:13:10,607 : INFO : EventManager : Event: ======'lock_lit_2_lock_lit_profile_hit'====== Args={'profile': 'lock_lit_profile', 'state': 'unlit', 'advancing': True}
2023-01-01 18:13:10,607 : INFO : EventManager : Event: ======'lock_lit_2_lock_lit_profile_unlit_hit'====== Args={'profile': 'lock_lit_profile', 'state': 'unlit', 'advancing': True}
2023-01-01 18:13:10,607 : INFO : EventManager : Event: ======'lock_lit_2_unlit_hit'====== Args={'profile': 'lock_lit_profile', 'state': 'unlit', 'advancing': True}
2023-01-01 18:13:10,607 : INFO : EventManager : Event: ======'lock_lits_hit'====== Args={}
2023-01-01 18:13:10,607 : INFO : EventManager : Event: ======'lock_lits_unlit_hit'====== Args={}
2023-01-01 18:13:10,607 : INFO : EventManager : Event: ======'logicblock_capture_counter_updated'====== Args={'value': 3, 'enabled': True}
2023-01-01 18:13:10,607 : INFO : EventManager : Event: ======'advance_capturing'====== Args={'count': 3, 'remaining': -3}
2023-01-01 18:13:10,622 : INFO : ball_device.bd_plunger : Got eject confirm
2023-01-01 18:13:10,622 : INFO : ball_device.bd_plunger : Eject successful
2023-01-01 18:13:10,622 : INFO : EventManager : Event: ======'balldevice_bd_plunger_ball_eject_success'====== Args={'balls': 1, 'target': <playfield.playfield>}
2023-01-01 18:13:10,622 : INFO : EventManager : Event: ======'balldevice_playfield_ball_enter'====== Args={'new_balls': 1, 'unclaimed_balls': 1, 'device': <playfield.playfield>}
2023-01-01 18:13:10,623 : INFO : EventManager : Event: ======'playfield_ball_count_change'====== Args={'balls': 1, 'change': 1}
2023-01-01 18:13:10,623 : INFO : EventManager : Event: ======'balldevice_bd_plunger_ball_count_changed'====== Args={'balls': 0}
2023-01-01 18:13:10,623 : INFO : ball_device.bd_plunger : State: idle
2023-01-01 18:13:10,652 : INFO : EventManager : Event: ======'slide_capturing_slide_removed'====== Args={'_from_bcp': True}
2023-01-01 18:13:10,654 : INFO : EventManager : Event: ======'slide_capturing_slide_created'====== Args={'_from_bcp': True}
2023-01-01 18:13:10,724 : INFO : SwitchController : <<<<<<< 's_right_ramp_made' inactive >>>>>>>
2023-01-01 18:13:11,550 : INFO : EventManager : Event: ======'ball_save_main_ball_save_hurry_up'====== Args={}
2023-01-01 18:13:11,572 : INFO : SwitchController : <<<<<<< 's_left_ramp_made' active >>>>>>>
2023-01-01 18:13:11,573 : INFO : EventManager : Event: ======'s_left_ramp_made_active'====== Args={}
2023-01-01 18:13:11,573 : INFO : EventManager : Event: ======'sw_capture'====== Args={}
2023-01-01 18:13:11,573 : INFO : EventManager : Event: ======'machine_var_audits_switches_s_left_ramp_made'====== Args={'value': 1995, 'prev_value': 1994, 'change': 1}
2023-01-01 18:13:11,574 : INFO : EventManager : Event: ======'player_shot_lock_lit_1'====== Args={'value': 1, 'prev_value': 0, 'change': 1, 'player_num': 1}
2023-01-01 18:13:11,574 : INFO : EventManager : Event: ======'machine_var_audits_shots_lock_lit_1'====== Args={'value': 1590, 'prev_value': 1589, 'change': 1}
2023-01-01 18:13:11,574 : INFO : EventManager : Event: ======'lock_lit_1_hit'====== Args={'profile': 'lock_lit_profile', 'state': 'unlit', 'advancing': True}
2023-01-01 18:13:11,575 : INFO : EventManager : Event: ======'lock_lit_1_lock_lit_profile_hit'====== Args={'profile': 'lock_lit_profile', 'state': 'unlit', 'advancing': True}
2023-01-01 18:13:11,575 : INFO : EventManager : Event: ======'lock_lit_1_lock_lit_profile_unlit_hit'====== Args={'profile': 'lock_lit_profile', 'state': 'unlit', 'advancing': True}
2023-01-01 18:13:11,575 : INFO : EventManager : Event: ======'lock_lit_1_unlit_hit'====== Args={'profile': 'lock_lit_profile', 'state': 'unlit', 'advancing': True}
2023-01-01 18:13:11,575 : INFO : EventManager : Event: ======'lock_lits_complete'====== Args={'state': 'lit'}
2023-01-01 18:13:11,575 : INFO : EventManager : Event: ======'lock_lits_lit_complete'====== Args={}
2023-01-01 18:13:11,575 : INFO : EventManager : Event: ======'lock_lits_hit'====== Args={}
2023-01-01 18:13:11,575 : INFO : EventManager : Event: ======'lock_lits_unlit_hit'====== Args={}
2023-01-01 18:13:11,575 : INFO : state_machine.hc_multiball : Transitioning from lock_lit_state to lock_state
2023-01-01 18:13:11,575 : INFO : EventManager : Event: ======'lock_lit_stopped'====== Args={}
2023-01-01 18:13:11,576 : INFO : EventManager : Event: ======'lock_started'====== Args={}
2023-01-01 18:13:11,576 : INFO : EventManager : Event: ======'player_shot_lock_lit_1_enabled'====== Args={'value': False, 'prev_value': True, 'change': -1, 'player_num': 1}
2023-01-01 18:13:11,576 : INFO : EventManager : Event: ======'player_shot_lock_lit_2_enabled'====== Args={'value': False, 'prev_value': True, 'change': -1, 'player_num': 1}
2023-01-01 18:13:11,577 : INFO : EventManager : Event: ======'logicblock_capture_counter_updated'====== Args={'value': 2, 'enabled': True}
2023-01-01 18:13:11,577 : INFO : EventManager : Event: ======'advance_capturing'====== Args={'count': 2, 'remaining': -2}
2023-01-01 18:13:11,678 : INFO : SwitchController : <<<<<<< 's_left_ramp_made' inactive >>>>>>>
2023-01-01 18:13:11,716 : INFO : EventManager : Event: ======'slide_capturing_slide_removed'====== Args={'_from_bcp': True}
2023-01-01 18:13:11,748 : INFO : EventManager : Event: ======'slide_capturing_slide_created'====== Args={'_from_bcp': True}
2023-01-01 18:13:12,715 : INFO : EventManager : Event: ======'slide_capturing_slide_removed'====== Args={'_from_bcp': True}
2023-01-01 18:13:12,767 : INFO : SwitchController : <<<<<<< 's_lock_2' active >>>>>>>
2023-01-01 18:13:12,767 : INFO : EventManager : Event: ======'machine_var_audits_switches_s_lock_2'====== Args={'value': 436, 'prev_value': 435, 'change': 1}
2023-01-01 18:13:13,265 : INFO : EventManager : Event: ======'balldevice_bd_hc_lock_ball_count_changed'====== Args={'balls': 2}
2023-01-01 18:13:13,265 : INFO : ball_device.bd_hc_lock : Received unexpected ball
2023-01-01 18:13:13,265 : INFO : EventManager : Event: ======'balldevice_captured_from_playfield'====== Args={'balls': 1}
2023-01-01 18:13:13,266 : INFO : EventManager : Event: ======'sw_playfield_active'====== Args={'balls': 1}
2023-01-01 18:13:13,266 : INFO : EventManager : Event: ======'playfield_ball_count_change'====== Args={'balls': 0, 'change': -1}
2023-01-01 18:13:13,267 : INFO : EventManager : Event: ======'balldevice_bd_hc_lock_ball_enter'====== Args={'new_balls': 1, 'unclaimed_balls': 1, 'new_available_balls': 1, 'device': <ball_device.bd_hc_lock>}
2023-01-01 18:13:13,267 : INFO : EventManager : Event: ======'player_high_caliber_locked_balls'====== Args={'value': 2, 'prev_value': 1, 'change': 1, 'player_num': 1}
2023-01-01 18:13:13,267 : INFO : ball_device.bd_plunger : Adding 1 ball(s) to the eject_queue with target <playfield.playfield>.
2023-01-01 18:13:13,268 : INFO : EventManager : Event: ======'balldevice_balls_available'====== Args={}
2023-01-01 18:13:13,268 : INFO : EventManager : Event: ======'balldevice_balls_available'====== Args={}
2023-01-01 18:13:13,268 : INFO : EventManager : Event: ======'balldevice_bd_hc_lock_ball_entered'====== Args={'new_balls': 1, 'device': <ball_device.bd_hc_lock>}
2023-01-01 18:13:13,269 : INFO : EventManager : Event: ======'multiball_lock_high_caliber_locked_ball'====== Args={'total_balls_locked': 2}
2023-01-01 18:13:13,269 : INFO : EventManager : Event: ======'enable_lock_lit_state'====== Args={'priority': 0}
2023-01-01 18:13:13,269 : INFO : state_machine.hc_multiball : Transitioning from lock_state to lock_lit_state
2023-01-01 18:13:13,270 : INFO : EventManager : Event: ======'lock_stopped'====== Args={}
2023-01-01 18:13:13,270 : INFO : EventManager : Event: ======'lock_lit_started'====== Args={}
2023-01-01 18:13:13,271 : INFO : EventManager : Event: ======'player_shot_lock_lit_1'====== Args={'value': 0, 'prev_value': 1, 'change': -1, 'player_num': 1}
2023-01-01 18:13:13,272 : INFO : EventManager : Event: ======'player_shot_lock_lit_1_enabled'====== Args={'value': True, 'prev_value': False, 'change': 1, 'player_num': 1}
2023-01-01 18:13:13,272 : INFO : EventManager : Event: ======'player_shot_lock_lit_2'====== Args={'value': 0, 'prev_value': 1, 'change': -1, 'player_num': 1}
2023-01-01 18:13:13,273 : INFO : EventManager : Event: ======'player_shot_lock_lit_2_enabled'====== Args={'value': True, 'prev_value': False, 'change': 1, 'player_num': 1}
2023-01-01 18:13:13,274 : INFO : ball_device.bd_trough : State: waiting_for_target_ready
2023-01-01 18:13:13,274 : INFO : EventManager : Event: ======'balldevice_bd_trough_ball_eject_attempt'====== Args={'balls': 1, 'target': <ball_device.bd_plunger>, 'source': <ball_device.bd_trough>, 'mechanical_eject': False, 'num_attempts': 0}
2023-01-01 18:13:13,274 : INFO : ball_device.bd_plunger : State: waiting_for_ball
2023-01-01 18:13:13,274 : INFO : ball_device.bd_trough : State: ejecting
2023-01-01 18:13:13,275 : INFO : ball_device.bd_trough : Ejecting ball to <ball_device.bd_plunger>
2023-01-01 18:13:13,275 : INFO : EventManager : Event: ======'balldevice_bd_trough_ejecting_ball'====== Args={'balls': 1, 'target': <ball_device.bd_plunger>, 'source': <ball_device.bd_trough>, 'mechanical_eject': False, 'num_attempts': 0}
2023-01-01 18:13:13,275 : INFO : ball_device.bd_trough : Wait for ball to leave device
2023-01-01 18:13:13,275 : INFO : coil.c_trough_eject : Pulsing Driver for 20ms (1.0 pulse_power)
2023-01-01 18:13:13,275 : INFO : SwitchController : <<<<<<< 's_trough3' inactive >>>>>>>
2023-01-01 18:13:13,302 : INFO : ball_device.bd_trough : State: ball_left
2023-01-01 18:13:13,302 : INFO : ball_device.bd_trough : Ball left
2023-01-01 18:13:13,302 : INFO : ball_device.bd_trough : Wait for confirm with timeout 10.0
2023-01-01 18:13:13,378 : INFO : SwitchController : <<<<<<< 's_plunger' active >>>>>>>
2023-01-01 18:13:13,379 : INFO : EventManager : Event: ======'machine_var_audits_switches_s_plunger'====== Args={'value': 4063, 'prev_value': 4062, 'change': 1}
2023-01-01 18:13:13,685 : INFO : ball_device.bd_plunger : Received ball from <ball_device.bd_trough>
2023-01-01 18:13:13,685 : INFO : EventManager : Event: ======'balldevice_bd_plunger_ball_enter'====== Args={'new_balls': 1, 'unclaimed_balls': 0, 'new_available_balls': 0, 'device': <ball_device.bd_plunger>}
2023-01-01 18:13:13,686 : INFO : EventManager : Event: ======'balldevice_bd_plunger_ball_entered'====== Args={'new_balls': 0, 'device': <ball_device.bd_plunger>}
2023-01-01 18:13:13,686 : INFO : EventManager : Event: ======'balldevice_bd_plunger_ball_count_changed'====== Args={'balls': 1}
2023-01-01 18:13:13,687 : INFO : ball_device.bd_trough : Got eject confirm
2023-01-01 18:13:13,687 : INFO : ball_device.bd_trough : Eject successful
2023-01-01 18:13:13,687 : INFO : EventManager : Event: ======'balldevice_bd_trough_ball_eject_success'====== Args={'balls': 1, 'target': <ball_device.bd_plunger>}
2023-01-01 18:13:13,687 : INFO : EventManager : Event: ======'balldevice_bd_trough_ball_count_changed'====== Args={'balls': 2}
2023-01-01 18:13:13,687 : INFO : ball_device.bd_trough : State: idle
2023-01-01 18:13:13,688 : INFO : ball_device.bd_plunger : State: waiting_for_target_ready
2023-01-01 18:13:13,688 : INFO : EventManager : Event: ======'balldevice_bd_plunger_ball_eject_attempt'====== Args={'balls': 1, 'target': <playfield.playfield>, 'source': <ball_device.bd_plunger>, 'mechanical_eject': False, 'num_attempts': 0}
2023-01-01 18:13:13,688 : INFO : ball_device.bd_plunger : State: ejecting
2023-01-01 18:13:13,688 : INFO : ball_device.bd_plunger : Ejecting ball to <playfield.playfield>
2023-01-01 18:13:13,688 : INFO : EventManager : Event: ======'balldevice_bd_plunger_ejecting_ball'====== Args={'balls': 1, 'target': <playfield.playfield>, 'source': <ball_device.bd_plunger>, 'mechanical_eject': False, 'num_attempts': 0}
2023-01-01 18:13:13,689 : INFO : ball_device.bd_plunger : Wait for ball to leave device
2023-01-01 18:13:13,689 : INFO : coil.c_plunger : Pulsing Driver for 10ms (1.0 pulse_power)
2023-01-01 18:13:13,689 : INFO : SwitchController : <<<<<<< 's_plunger' inactive >>>>>>>
2023-01-01 18:13:13,702 : INFO : ball_device.bd_plunger : State: ball_left
2023-01-01 18:13:13,702 : INFO : ball_device.bd_plunger : Ball left
2023-01-01 18:13:13,702 : INFO : ball_device.bd_plunger : Wait for confirm with timeout 3.0
2023-01-01 18:13:14,448 : INFO : SwitchController : <<<<<<< 's_right_ramp_made' active >>>>>>>
2023-01-01 18:13:14,448 : INFO : EventManager : Event: ======'s_right_ramp_made_active'====== Args={}
2023-01-01 18:13:14,448 : INFO : EventManager : Event: ======'sw_capture'====== Args={}
2023-01-01 18:13:14,448 : INFO : EventManager : Event: ======'machine_var_audits_switches_s_right_ramp_made'====== Args={'value': 1703, 'prev_value': 1702, 'change': 1}
2023-01-01 18:13:14,449 : INFO : EventManager : Event: ======'playfield_active'====== Args={}
2023-01-01 18:13:14,450 : INFO : EventManager : Event: ======'player_shot_lock_lit_2'====== Args={'value': 1, 'prev_value': 0, 'change': 1, 'player_num': 1}
2023-01-01 18:13:14,450 : INFO : EventManager : Event: ======'machine_var_audits_shots_lock_lit_2'====== Args={'value': 1505, 'prev_value': 1504, 'change': 1}
2023-01-01 18:13:14,451 : INFO : EventManager : Event: ======'lock_lit_2_hit'====== Args={'profile': 'lock_lit_profile', 'state': 'unlit', 'advancing': True}
2023-01-01 18:13:14,451 : INFO : EventManager : Event: ======'lock_lit_2_lock_lit_profile_hit'====== Args={'profile': 'lock_lit_profile', 'state': 'unlit', 'advancing': True}
2023-01-01 18:13:14,451 : INFO : EventManager : Event: ======'lock_lit_2_lock_lit_profile_unlit_hit'====== Args={'profile': 'lock_lit_profile', 'state': 'unlit', 'advancing': True}
2023-01-01 18:13:14,451 : INFO : EventManager : Event: ======'lock_lit_2_unlit_hit'====== Args={'profile': 'lock_lit_profile', 'state': 'unlit', 'advancing': True}
2023-01-01 18:13:14,452 : INFO : EventManager : Event: ======'lock_lits_hit'====== Args={}
2023-01-01 18:13:14,452 : INFO : EventManager : Event: ======'lock_lits_unlit_hit'====== Args={}
2023-01-01 18:13:14,452 : INFO : EventManager : Event: ======'logicblock_capture_counter_updated'====== Args={'value': 1, 'enabled': True}
2023-01-01 18:13:14,452 : INFO : EventManager : Event: ======'advance_capturing'====== Args={'count': 1, 'remaining': -1}
2023-01-01 18:13:14,465 : INFO : ball_device.bd_plunger : Got eject confirm
2023-01-01 18:13:14,465 : INFO : ball_device.bd_plunger : Eject successful
2023-01-01 18:13:14,465 : INFO : EventManager : Event: ======'balldevice_bd_plunger_ball_eject_success'====== Args={'balls': 1, 'target': <playfield.playfield>}
2023-01-01 18:13:14,466 : INFO : EventManager : Event: ======'balldevice_playfield_ball_enter'====== Args={'new_balls': 1, 'unclaimed_balls': 1, 'device': <playfield.playfield>}
2023-01-01 18:13:14,466 : INFO : EventManager : Event: ======'playfield_ball_count_change'====== Args={'balls': 1, 'change': 1}
2023-01-01 18:13:14,466 : INFO : EventManager : Event: ======'balldevice_bd_plunger_ball_count_changed'====== Args={'balls': 0}
2023-01-01 18:13:14,467 : INFO : ball_device.bd_plunger : State: idle
2023-01-01 18:13:14,467 : INFO : EventManager : Event: ======'slide_capturing_slide_removed'====== Args={'_from_bcp': True}
2023-01-01 18:13:14,467 : INFO : EventManager : Event: ======'slide_capturing_slide_created'====== Args={'_from_bcp': True}
2023-01-01 18:13:14,538 : INFO : SwitchController : <<<<<<< 's_right_ramp_made' inactive >>>>>>>
2023-01-01 18:13:14,573 : INFO : EventManager : Event: ======'ball_save_main_ball_save_grace_period'====== Args={}
2023-01-01 18:13:15,467 : INFO : EventManager : Event: ======'slide_capturing_slide_removed'====== Args={'_from_bcp': True}
2023-01-01 18:13:15,580 : INFO : SwitchController : <<<<<<< 's_left_ramp_made' active >>>>>>>
2023-01-01 18:13:15,580 : INFO : EventManager : Event: ======'s_left_ramp_made_active'====== Args={}
2023-01-01 18:13:15,581 : INFO : EventManager : Event: ======'sw_capture'====== Args={}
2023-01-01 18:13:15,581 : INFO : EventManager : Event: ======'machine_var_audits_switches_s_left_ramp_made'====== Args={'value': 1996, 'prev_value': 1995, 'change': 1}
2023-01-01 18:13:15,582 : INFO : EventManager : Event: ======'player_shot_lock_lit_1'====== Args={'value': 1, 'prev_value': 0, 'change': 1, 'player_num': 1}
2023-01-01 18:13:15,583 : INFO : EventManager : Event: ======'machine_var_audits_shots_lock_lit_1'====== Args={'value': 1591, 'prev_value': 1590, 'change': 1}
2023-01-01 18:13:15,584 : INFO : EventManager : Event: ======'lock_lit_1_hit'====== Args={'profile': 'lock_lit_profile', 'state': 'unlit', 'advancing': True}
2023-01-01 18:13:15,584 : INFO : EventManager : Event: ======'lock_lit_1_lock_lit_profile_hit'====== Args={'profile': 'lock_lit_profile', 'state': 'unlit', 'advancing': True}
2023-01-01 18:13:15,584 : INFO : EventManager : Event: ======'lock_lit_1_lock_lit_profile_unlit_hit'====== Args={'profile': 'lock_lit_profile', 'state': 'unlit', 'advancing': True}
2023-01-01 18:13:15,584 : INFO : EventManager : Event: ======'lock_lit_1_unlit_hit'====== Args={'profile': 'lock_lit_profile', 'state': 'unlit', 'advancing': True}
2023-01-01 18:13:15,584 : INFO : EventManager : Event: ======'lock_lits_complete'====== Args={'state': 'lit'}
2023-01-01 18:13:15,585 : INFO : EventManager : Event: ======'lock_lits_lit_complete'====== Args={}
2023-01-01 18:13:15,585 : INFO : EventManager : Event: ======'lock_lits_hit'====== Args={}
2023-01-01 18:13:15,585 : INFO : EventManager : Event: ======'lock_lits_unlit_hit'====== Args={}
2023-01-01 18:13:15,585 : INFO : state_machine.hc_multiball : Transitioning from lock_lit_state to lock_state
2023-01-01 18:13:15,585 : INFO : EventManager : Event: ======'lock_lit_stopped'====== Args={}
2023-01-01 18:13:15,586 : INFO : EventManager : Event: ======'lock_started'====== Args={}
2023-01-01 18:13:15,586 : INFO : EventManager : Event: ======'player_shot_lock_lit_1_enabled'====== Args={'value': False, 'prev_value': True, 'change': -1, 'player_num': 1}
2023-01-01 18:13:15,587 : INFO : EventManager : Event: ======'player_shot_lock_lit_2_enabled'====== Args={'value': False, 'prev_value': True, 'change': -1, 'player_num': 1}
2023-01-01 18:13:15,588 : INFO : EventManager : Event: ======'logicblock_capture_counter_updated'====== Args={'value': 0, 'enabled': True}
2023-01-01 18:13:15,588 : INFO : EventManager : Event: ======'advance_capturing'====== Args={'count': 0, 'remaining': 0}
2023-01-01 18:13:15,588 : INFO : EventManager : Event: ======'activate_capture'====== Args={}
2023-01-01 18:13:15,589 : INFO : EventManager : Event: ======'logicblock_capture_counter_updated'====== Args={'value': 6, 'enabled': True}
2023-01-01 18:13:15,589 : INFO : state_machine.global_state : Transitioning from main to capture
2023-01-01 18:13:15,589 : INFO : EventManager : Event: ======'main_state_stopped'====== Args={}
2023-01-01 18:13:15,589 : INFO : EventManager : Event: ======'capture_state'====== Args={}
2023-01-01 18:13:15,590 : INFO : EventManager : Event: ======'mode_main_play_will_stop'====== Args={}
2023-01-01 18:13:15,590 : INFO : EventManager : Event: ======'mode_main_play_stopping'====== Args={}
2023-01-01 18:13:15,590 : INFO : EventManager : Event: ======'mode_capture_will_stop'====== Args={}
2023-01-01 18:13:15,590 : INFO : EventManager : Event: ======'mode_capture_stopping'====== Args={}
2023-01-01 18:13:15,591 : INFO : EventManager : Event: ======'mode_drednaught_will_stop'====== Args={}
2023-01-01 18:13:15,591 : INFO : EventManager : Event: ======'mode_drednaught_stopping'====== Args={}
2023-01-01 18:13:15,591 : INFO : EventManager : Event: ======'stop_mode_select'====== Args={'priority': 0}
2023-01-01 18:13:15,591 : INFO : EventManager : Event: ======'turn_off_mode_lit_light'====== Args={'priority': 0}
2023-01-01 18:13:15,592 : INFO : EventManager : Event: ======'achievement_mode_1_changed_state'====== Args={'restore': False, 'state': 'disabled', 'selected': False}
2023-01-01 18:13:15,592 : INFO : EventManager : Event: ======'achievement_mode_1_state_disabled'====== Args={'restore': False, 'state': 'disabled', 'selected': False}
2023-01-01 18:13:15,592 : INFO : EventManager : Event: ======'achievement_mode_2_changed_state'====== Args={'restore': False, 'state': 'disabled', 'selected': False}
2023-01-01 18:13:15,592 : INFO : EventManager : Event: ======'achievement_mode_2_state_disabled'====== Args={'restore': False, 'state': 'disabled', 'selected': False}
2023-01-01 18:13:15,593 : INFO : EventManager : Event: ======'achievement_mode_3_changed_state'====== Args={'restore': False, 'state': 'disabled', 'selected': False}
2023-01-01 18:13:15,593 : INFO : EventManager : Event: ======'achievement_mode_3_state_disabled'====== Args={'restore': False, 'state': 'disabled', 'selected': False}
2023-01-01 18:13:15,593 : INFO : EventManager : Event: ======'achievement_mode_4_changed_state'====== Args={'restore': False, 'state': 'disabled', 'selected': False}
2023-01-01 18:13:15,593 : INFO : EventManager : Event: ======'achievement_mode_4_state_disabled'====== Args={'restore': False, 'state': 'disabled', 'selected': False}
2023-01-01 18:13:15,594 : INFO : EventManager : Event: ======'achievement_mode_5_changed_state'====== Args={'restore': False, 'state': 'disabled', 'selected': False}
2023-01-01 18:13:15,594 : INFO : EventManager : Event: ======'achievement_mode_5_state_disabled'====== Args={'restore': False, 'state': 'disabled', 'selected': False}
2023-01-01 18:13:15,594 : INFO : EventManager : Event: ======'achievement_mode_6_changed_state'====== Args={'restore': False, 'state': 'disabled', 'selected': False}
2023-01-01 18:13:15,594 : INFO : EventManager : Event: ======'achievement_mode_6_state_disabled'====== Args={'restore': False, 'state': 'disabled', 'selected': False}
2023-01-01 18:13:15,594 : INFO : EventManager : Event: ======'achievement_mode_7_changed_state'====== Args={'restore': False, 'state': 'disabled', 'selected': False}
2023-01-01 18:13:15,595 : INFO : EventManager : Event: ======'achievement_mode_7_state_disabled'====== Args={'restore': False, 'state': 'disabled', 'selected': False}
2023-01-01 18:13:15,595 : INFO : EventManager : Event: ======'achievement_mode_8_changed_state'====== Args={'restore': False, 'state': 'disabled', 'selected': False}
2023-01-01 18:13:15,595 : INFO : EventManager : Event: ======'achievement_mode_8_state_disabled'====== Args={'restore': False, 'state': 'disabled', 'selected': False}
2023-01-01 18:13:15,595 : INFO : EventManager : Event: ======'achievement_mode_9_changed_state'====== Args={'restore': False, 'state': 'disabled', 'selected': False}
2023-01-01 18:13:15,596 : INFO : EventManager : Event: ======'achievement_mode_9_state_disabled'====== Args={'restore': False, 'state': 'disabled', 'selected': False}
2023-01-01 18:13:15,596 : INFO : EventManager : Event: ======'achievement_mode_10_changed_state'====== Args={'restore': False, 'state': 'disabled', 'selected': False}
2023-01-01 18:13:15,596 : INFO : EventManager : Event: ======'achievement_mode_10_state_disabled'====== Args={'restore': False, 'state': 'disabled', 'selected': False}
2023-01-01 18:13:15,597 : INFO : EventManager : Event: ======'mode_capture_hurryup_will_start'====== Args={}
2023-01-01 18:13:15,600 : INFO : EventManager : Event: ======'mode_capture_hurryup_starting'====== Args={}
2023-01-01 18:13:15,600 : INFO : Mode.capture_hurryup : Started. Priority: 100
2023-01-01 18:13:15,600 : INFO : EventManager : Event: ======'modes_active_modes_changed'====== Args={}
2023-01-01 18:13:15,600 : INFO : EventManager : Event: ======'mode_capture_hurryup_started'====== Args={}
2023-01-01 18:13:15,601 : INFO : EventManager : Event: ======'player_capture_timer_number'====== Args={'value': 5, 'prev_value': 0, 'change': 5, 'player_num': 1}
2023-01-01 18:13:15,601 : INFO : Mode.drednaught : Stopped.
2023-01-01 18:13:15,601 : INFO : EventManager : Event: ======'modes_active_modes_changed'====== Args={}
2023-01-01 18:13:15,601 : INFO : EventManager : Event: ======'mode_drednaught_stopped'====== Args={}
2023-01-01 18:13:15,602 : INFO : EventManager : Event: ======'clear'====== Args={'key': 'drednaught'}
2023-01-01 18:13:15,602 : INFO : Mode.capture : Stopped.
2023-01-01 18:13:15,602 : INFO : EventManager : Event: ======'modes_active_modes_changed'====== Args={}
2023-01-01 18:13:15,603 : INFO : EventManager : Event: ======'mode_capture_stopped'====== Args={}
2023-01-01 18:13:15,603 : INFO : EventManager : Event: ======'clear'====== Args={'key': 'capture'}
2023-01-01 18:13:15,617 : INFO : Mode.main_play : Stopped.
2023-01-01 18:13:15,617 : INFO : EventManager : Event: ======'modes_active_modes_changed'====== Args={}
2023-01-01 18:13:15,618 : INFO : EventManager : Event: ======'mode_main_play_stopped'====== Args={}
2023-01-01 18:13:15,618 : INFO : EventManager : Event: ======'clear'====== Args={'key': 'main_play'}
2023-01-01 18:13:15,654 : INFO : EventManager : Event: ======'slide_capturing_slide_removed'====== Args={'_from_bcp': True}
2023-01-01 18:13:15,655 : INFO : EventManager : Event: ======'slide_capturing_slide_created'====== Args={'_from_bcp': True}
2023-01-01 18:13:15,655 : INFO : EventManager : Event: ======'slide_capturing_slide_removed'====== Args={'_from_bcp': True}
2023-01-01 18:13:15,662 : INFO : EventManager : Event: ======'slide_capturing_slide_6_created'====== Args={'_from_bcp': True}
2023-01-01 18:13:15,710 : INFO : SwitchController : <<<<<<< 's_left_ramp_made' inactive >>>>>>>
2023-01-01 18:13:17,435 : INFO : SwitchController : <<<<<<< 's_lock_1' active >>>>>>>
2023-01-01 18:13:17,436 : INFO : EventManager : Event: ======'sw_switch_hit'====== Args={}
2023-01-01 18:13:17,436 : INFO : EventManager : Event: ======'machine_var_audits_switches_s_lock_1'====== Args={'value': 424, 'prev_value': 423, 'change': 1}
2023-01-01 18:13:17,445 : INFO : EventManager : Event: ======'player_capture_hurryup_capture_timer_tick'====== Args={'value': 5, 'prev_value': 0, 'change': 5, 'player_num': 1}
2023-01-01 18:13:17,446 : INFO : Timer.capture_timer : Starting Timer.
2023-01-01 18:13:17,446 : INFO : EventManager : Event: ======'timer_capture_timer_started'====== Args={'ticks': 5, 'ticks_remaining': 5}
2023-01-01 18:13:17,446 : INFO : EventManager : Event: ======'timer_capture_timer_tick'====== Args={'ticks': 5, 'ticks_remaining': 5}
2023-01-01 18:13:17,567 : INFO : EventManager : Event: ======'ball_save_main_ball_save_disabled'====== Args={}
2023-01-01 18:13:17,943 : INFO : EventManager : Event: ======'balldevice_bd_hc_lock_ball_count_changed'====== Args={'balls': 3}
2023-01-01 18:13:17,943 : INFO : ball_device.bd_hc_lock : Received unexpected ball
2023-01-01 18:13:17,944 : INFO : EventManager : Event: ======'balldevice_captured_from_playfield'====== Args={'balls': 1}
2023-01-01 18:13:17,944 : INFO : EventManager : Event: ======'sw_playfield_active'====== Args={'balls': 1}
2023-01-01 18:13:17,944 : INFO : EventManager : Event: ======'playfield_ball_count_change'====== Args={'balls': 0, 'change': -1}
2023-01-01 18:13:17,945 : INFO : EventManager : Event: ======'balldevice_bd_hc_lock_ball_enter'====== Args={'new_balls': 1, 'unclaimed_balls': 1, 'new_available_balls': 1, 'device': <ball_device.bd_hc_lock>}
2023-01-01 18:13:17,945 : INFO : EventManager : Event: ======'player_high_caliber_locked_balls'====== Args={'value': 3, 'prev_value': 2, 'change': 1, 'player_num': 1}
2023-01-01 18:13:17,945 : INFO : EventManager : Event: ======'balldevice_balls_available'====== Args={}
2023-01-01 18:13:17,946 : INFO : EventManager : Event: ======'balldevice_bd_hc_lock_ball_entered'====== Args={'new_balls': 1, 'device': <ball_device.bd_hc_lock>}
2023-01-01 18:13:17,946 : INFO : EventManager : Event: ======'multiball_lock_high_caliber_locked_ball'====== Args={'total_balls_locked': 3}
2023-01-01 18:13:17,946 : INFO : EventManager : Event: ======'multiball_lock_high_caliber_full'====== Args={'balls': 3}
2023-01-01 18:13:17,946 : INFO : EventManager : Event: ======'start_hc_multiball'====== Args={'priority': 0}
2023-01-01 18:13:17,947 : INFO : EventManager : Event: ======'player_hctotal'====== Args={'value': 0, 'prev_value': 0, 'change': 0, 'player_num': 1}
2023-01-01 18:13:17,947 : INFO : EventManager : Event: ======'balls_in_play'====== Args={'balls': 3}
2023-01-01 18:13:17,948 : INFO : ball_device.bd_hc_lock : Adding 3 ball(s) to the eject_queue with target <playfield.playfield>.
2023-01-01 18:13:17,948 : INFO : EventManager : Event: ======'balldevice_balls_available'====== Args={}
2023-01-01 18:13:17,948 : INFO : EventManager : Event: ======'balldevice_balls_available'====== Args={}
2023-01-01 18:13:17,949 : INFO : EventManager : Event: ======'balldevice_balls_available'====== Args={}
2023-01-01 18:13:17,950 : INFO : EventManager : Event: ======'multiball_high_caliber_multiball_shoot_again_ended'====== Args={}
2023-01-01 18:13:17,950 : INFO : EventManager : Event: ======'multiball_high_caliber_multiball_started'====== Args={'balls': 3}
2023-01-01 18:13:17,950 : INFO : EventManager : Event: ======'player_shot_lock_lit_1'====== Args={'value': 0, 'prev_value': 1, 'change': -1, 'player_num': 1}
2023-01-01 18:13:17,951 : INFO : EventManager : Event: ======'player_shot_lock_lit_1_enabled'====== Args={'value': True, 'prev_value': False, 'change': 1, 'player_num': 1}
2023-01-01 18:13:17,951 : INFO : EventManager : Event: ======'player_shot_lock_lit_2'====== Args={'value': 0, 'prev_value': 1, 'change': -1, 'player_num': 1}
2023-01-01 18:13:17,952 : INFO : EventManager : Event: ======'player_shot_lock_lit_2_enabled'====== Args={'value': True, 'prev_value': False, 'change': 1, 'player_num': 1}
2023-01-01 18:13:17,952 : INFO : state_machine.hc_multiball : Transitioning from lock_state to jackpot
2023-01-01 18:13:17,952 : INFO : EventManager : Event: ======'lock_stopped'====== Args={}
2023-01-01 18:13:17,953 : INFO : EventManager : Event: ======'jackpot_start'====== Args={}
2023-01-01 18:13:17,954 : INFO : EventManager : Event: ======'activate_multiball'====== Args={'priority': 0}
2023-01-01 18:13:17,955 : INFO : EventManager : Event: ======'mode_hc_multiball_will_start'====== Args={}
2023-01-01 18:13:17,969 : INFO : EventManager : Event: ======'player_shot_jackpot_1_enabled'====== Args={'value': True, 'prev_value': 0, 'change': 1, 'player_num': 1}
2023-01-01 18:13:17,969 : INFO : EventManager : Event: ======'player_shot_jackpot_2_enabled'====== Args={'value': True, 'prev_value': 0, 'change': 1, 'player_num': 1}
2023-01-01 18:13:17,970 : INFO : EventManager : Event: ======'player_shot_jackpot_3_enabled'====== Args={'value': True, 'prev_value': 0, 'change': 1, 'player_num': 1}
2023-01-01 18:13:17,971 : INFO : EventManager : Event: ======'player_shot_jackpot_4_enabled'====== Args={'value': True, 'prev_value': 0, 'change': 1, 'player_num': 1}
2023-01-01 18:13:17,971 : INFO : EventManager : Event: ======'player_shot_jackpot_5_enabled'====== Args={'value': True, 'prev_value': 0, 'change': 1, 'player_num': 1}
2023-01-01 18:13:17,972 : INFO : EventManager : Event: ======'player_shot_jackpot_6_enabled'====== Args={'value': True, 'prev_value': 0, 'change': 1, 'player_num': 1}
2023-01-01 18:13:17,972 : INFO : EventManager : Event: ======'jackpots_complete'====== Args={'state': 'unlit'}
2023-01-01 18:13:17,972 : INFO : EventManager : Event: ======'jackpots_unlit_complete'====== Args={}
2023-01-01 18:13:17,979 : INFO : EventManager : Event: ======'mode_hc_multiball_starting'====== Args={}
2023-01-01 18:13:17,979 : INFO : EventManager : Event: ======'player_high_caliber_locked_balls'====== Args={'value': 0, 'prev_value': 3, 'change': -3, 'player_num': 1}
2023-01-01 18:13:17,980 : INFO : EventManager : Event: ======'player_addaball_lit'====== Args={'value': 1, 'prev_value': 0, 'change': 1, 'player_num': 1}
2023-01-01 18:13:17,980 : INFO : EventManager : Event: ======'ball_save_multiball_ball_save_enabled'====== Args={}
2023-01-01 18:13:17,981 : INFO : state_machine.global_multiball : Transitioning from inactive to active
2023-01-01 18:13:17,981 : INFO : EventManager : Event: ======'multiball_active'====== Args={}
2023-01-01 18:13:17,982 : INFO : EventManager : Event: ======'ball_save_multiball_ball_save_timer_start'====== Args={}
2023-01-01 18:13:17,982 : INFO : EventManager : Event: ======'mode_hc_lock_lit_will_stop'====== Args={}
2023-01-01 18:13:17,982 : INFO : EventManager : Event: ======'mode_hc_lock_lit_stopping'====== Args={}
2023-01-01 18:13:17,983 : INFO : EventManager : Event: ======'logicblock_battle_counter_updated'====== Args={'value': 5, 'enabled': False}
2023-01-01 18:13:17,983 : INFO : Mode.hc_lock_lit : Stopped.
2023-01-01 18:13:17,983 : INFO : EventManager : Event: ======'modes_active_modes_changed'====== Args={}
2023-01-01 18:13:17,983 : INFO : EventManager : Event: ======'mode_hc_lock_lit_stopped'====== Args={}
2023-01-01 18:13:17,984 : INFO : EventManager : Event: ======'clear'====== Args={'key': 'hc_lock_lit'}
2023-01-01 18:13:17,985 : INFO : EventManager : Event: ======'logicblock_hc_secondary_updated'====== Args={'value': 0, 'enabled': True}
2023-01-01 18:13:17,986 : INFO : EventManager : Event: ======'logicblock_hc_secondary_updated'====== Args={'value': 0, 'enabled': True}
2023-01-01 18:13:17,986 : INFO : Mode.hc_multiball : Started. Priority: 300
2023-01-01 18:13:17,986 : INFO : EventManager : Event: ======'modes_active_modes_changed'====== Args={}
2023-01-01 18:13:17,986 : INFO : EventManager : Event: ======'mode_hc_multiball_started'====== Args={}
2023-01-01 18:13:18,017 : INFO : EventManager : Event: ======'slide_high_caliber_slide_created'====== Args={'_from_bcp': True}
2023-01-01 18:13:18,018 : INFO : ball_device.bd_hc_lock : State: waiting_for_target_ready
2023-01-01 18:13:18,018 : INFO : EventManager : Event: ======'balldevice_bd_hc_lock_ball_eject_attempt'====== Args={'balls': 1, 'target': <playfield.playfield>, 'source': <ball_device.bd_hc_lock>, 'mechanical_eject': False, 'num_attempts': 0}
2023-01-01 18:13:18,019 : INFO : ball_device.bd_hc_lock : State: ejecting
2023-01-01 18:13:18,019 : INFO : ball_device.bd_hc_lock : Ejecting ball to <playfield.playfield>
2023-01-01 18:13:18,019 : INFO : EventManager : Event: ======'balldevice_bd_hc_lock_ejecting_ball'====== Args={'balls': 1, 'target': <playfield.playfield>, 'source': <ball_device.bd_hc_lock>, 'mechanical_eject': False, 'num_attempts': 0}
2023-01-01 18:13:18,019 : INFO : EventManager : Event: ======'slide_high_caliber_slide_active'====== Args={'_from_bcp': True}
2023-01-01 18:13:18,020 : INFO : ball_device.bd_hc_lock : Wait for ball to leave device
2023-01-01 18:13:18,020 : INFO : coil.c_lock_eject : Pulsing Driver for 10ms (1.0 pulse_power)
2023-01-01 18:13:18,021 : INFO : SwitchController : <<<<<<< 's_lock_1' inactive >>>>>>>
2023-01-01 18:13:18,033 : INFO : ball_device.bd_hc_lock : State: ball_left
2023-01-01 18:13:18,033 : INFO : ball_device.bd_hc_lock : Ball left
2023-01-01 18:13:18,033 : INFO : ball_device.bd_hc_lock : Wait for confirm with timeout 3.0
2023-01-01 18:13:18,437 : INFO : EventManager : Event: ======'player_capture_hurryup_capture_timer_tick'====== Args={'value': 4, 'prev_value': 5, 'change': -1, 'player_num': 1}
2023-01-01 18:13:18,438 : INFO : EventManager : Event: ======'timer_capture_timer_tick'====== Args={'ticks': 4, 'ticks_remaining': 4}
2023-01-01 18:13:18,439 : INFO : EventManager : Event: ======'player_capture_timer_number'====== Args={'value': 4, 'prev_value': 5, 'change': -1, 'player_num': 1}
2023-01-01 18:13:19,432 : INFO : EventManager : Event: ======'player_capture_hurryup_capture_timer_tick'====== Args={'value': 3, 'prev_value': 4, 'change': -1, 'player_num': 1}
2023-01-01 18:13:19,432 : INFO : EventManager : Event: ======'timer_capture_timer_tick'====== Args={'ticks': 3, 'ticks_remaining': 3}
2023-01-01 18:13:19,433 : INFO : EventManager : Event: ======'player_capture_timer_number'====== Args={'value': 3, 'prev_value': 4, 'change': -1, 'player_num': 1}
2023-01-01 18:13:20,428 : INFO : EventManager : Event: ======'player_capture_hurryup_capture_timer_tick'====== Args={'value': 2, 'prev_value': 3, 'change': -1, 'player_num': 1}
2023-01-01 18:13:20,428 : INFO : EventManager : Event: ======'timer_capture_timer_tick'====== Args={'ticks': 2, 'ticks_remaining': 2}
2023-01-01 18:13:20,429 : INFO : EventManager : Event: ======'player_capture_timer_number'====== Args={'value': 2, 'prev_value': 3, 'change': -1, 'player_num': 1}
2023-01-01 18:13:21,035 : INFO : ball_device.bd_hc_lock : State: failed_confirm
2023-01-01 18:13:21,036 : INFO : ball_device.bd_hc_lock : Got timeout (3.0s) before confirm from <playfield.playfield>
2023-01-01 18:13:21,134 : INFO : ball_device.bd_hc_lock : Confirming eject because target is playfield and ball did not return.
2023-01-01 18:13:21,134 : INFO : ball_device.bd_hc_lock : Eject successful
2023-01-01 18:13:21,134 : INFO : EventManager : Event: ======'balldevice_bd_hc_lock_ball_eject_success'====== Args={'balls': 1, 'target': <playfield.playfield>}
2023-01-01 18:13:21,135 : INFO : EventManager : Event: ======'balldevice_playfield_ball_enter'====== Args={'new_balls': 1, 'unclaimed_balls': 1, 'device': <playfield.playfield>}
2023-01-01 18:13:21,135 : INFO : EventManager : Event: ======'playfield_ball_count_change'====== Args={'balls': 1, 'change': 1}
2023-01-01 18:13:21,150 : INFO : EventManager : Event: ======'balldevice_bd_hc_lock_ball_count_changed'====== Args={'balls': 2}
2023-01-01 18:13:21,150 : INFO : ball_device.bd_hc_lock : State: idle
2023-01-01 18:13:21,152 : INFO : ball_device.bd_hc_lock : State: waiting_for_target_ready
2023-01-01 18:13:21,152 : INFO : EventManager : Event: ======'balldevice_bd_hc_lock_ball_eject_attempt'====== Args={'balls': 1, 'target': <playfield.playfield>, 'source': <ball_device.bd_hc_lock>, 'mechanical_eject': False, 'num_attempts': 0}
2023-01-01 18:13:21,152 : INFO : ball_device.bd_hc_lock : State: ejecting
2023-01-01 18:13:21,153 : INFO : ball_device.bd_hc_lock : Ejecting ball to <playfield.playfield>
2023-01-01 18:13:21,153 : INFO : EventManager : Event: ======'balldevice_bd_hc_lock_ejecting_ball'====== Args={'balls': 1, 'target': <playfield.playfield>, 'source': <ball_device.bd_hc_lock>, 'mechanical_eject': False, 'num_attempts': 0}
2023-01-01 18:13:21,153 : INFO : ball_device.bd_hc_lock : Wait for ball to leave device
2023-01-01 18:13:21,153 : INFO : coil.c_lock_eject : Pulsing Driver for 10ms (1.0 pulse_power)
2023-01-01 18:13:21,154 : INFO : SwitchController : <<<<<<< 's_lock_2' inactive >>>>>>>
2023-01-01 18:13:21,166 : INFO : ball_device.bd_hc_lock : State: ball_left
2023-01-01 18:13:21,166 : INFO : ball_device.bd_hc_lock : Ball left
2023-01-01 18:13:21,166 : INFO : ball_device.bd_hc_lock : Wait for confirm with timeout 3.0
2023-01-01 18:13:21,434 : INFO : EventManager : Event: ======'player_capture_hurryup_capture_timer_tick'====== Args={'value': 1, 'prev_value': 2, 'change': -1, 'player_num': 1}
2023-01-01 18:13:21,435 : INFO : EventManager : Event: ======'timer_capture_timer_tick'====== Args={'ticks': 1, 'ticks_remaining': 1}
2023-01-01 18:13:21,435 : INFO : EventManager : Event: ======'player_capture_timer_number'====== Args={'value': 1, 'prev_value': 2, 'change': -1, 'player_num': 1}
2023-01-01 18:13:22,443 : INFO : EventManager : Event: ======'player_capture_hurryup_capture_timer_tick'====== Args={'value': 0, 'prev_value': 1, 'change': -1, 'player_num': 1}
2023-01-01 18:13:22,448 : INFO : Timer.capture_timer : Timer Complete
2023-01-01 18:13:22,448 : INFO : Timer.capture_timer : Stopping Timer
2023-01-01 18:13:22,448 : INFO : EventManager : Event: ======'timer_capture_timer_stopped'====== Args={'ticks': 0, 'ticks_remaining': 1}
2023-01-01 18:13:22,448 : INFO : EventManager : Event: ======'timer_capture_timer_complete'====== Args={'ticks': 0, 'ticks_remaining': 1}
2023-01-01 18:13:22,449 : INFO : EventManager : Event: ======'player_capture_timer_number'====== Args={'value': 0, 'prev_value': 1, 'change': -1, 'player_num': 1}
2023-01-01 18:13:24,176 : INFO : ball_device.bd_hc_lock : State: failed_confirm
2023-01-01 18:13:24,177 : INFO : ball_device.bd_hc_lock : Got timeout (3.0s) before confirm from <playfield.playfield>
2023-01-01 18:13:24,290 : INFO : ball_device.bd_hc_lock : Confirming eject because target is playfield and ball did not return.
2023-01-01 18:13:24,290 : INFO : ball_device.bd_hc_lock : Eject successful
2023-01-01 18:13:24,290 : INFO : EventManager : Event: ======'balldevice_bd_hc_lock_ball_eject_success'====== Args={'balls': 1, 'target': <playfield.playfield>}
2023-01-01 18:13:24,291 : INFO : EventManager : Event: ======'balldevice_playfield_ball_enter'====== Args={'new_balls': 1, 'unclaimed_balls': 1, 'device': <playfield.playfield>}
2023-01-01 18:13:24,291 : INFO : EventManager : Event: ======'playfield_ball_count_change'====== Args={'balls': 2, 'change': 1}
2023-01-01 18:13:24,292 : INFO : EventManager : Event: ======'balldevice_bd_hc_lock_ball_count_changed'====== Args={'balls': 1}
2023-01-01 18:13:24,292 : INFO : ball_device.bd_hc_lock : State: idle
2023-01-01 18:13:24,292 : INFO : ball_device.bd_hc_lock : State: waiting_for_target_ready
2023-01-01 18:13:24,293 : INFO : EventManager : Event: ======'balldevice_bd_hc_lock_ball_eject_attempt'====== Args={'balls': 1, 'target': <playfield.playfield>, 'source': <ball_device.bd_hc_lock>, 'mechanical_eject': False, 'num_attempts': 0}
2023-01-01 18:13:24,293 : INFO : ball_device.bd_hc_lock : State: ejecting
2023-01-01 18:13:24,293 : INFO : ball_device.bd_hc_lock : Ejecting ball to <playfield.playfield>
2023-01-01 18:13:24,293 : INFO : EventManager : Event: ======'balldevice_bd_hc_lock_ejecting_ball'====== Args={'balls': 1, 'target': <playfield.playfield>, 'source': <ball_device.bd_hc_lock>, 'mechanical_eject': False, 'num_attempts': 0}
2023-01-01 18:13:24,294 : INFO : ball_device.bd_hc_lock : Wait for ball to leave device
2023-01-01 18:13:24,294 : INFO : coil.c_lock_eject : Pulsing Driver for 10ms (1.0 pulse_power)
2023-01-01 18:13:24,294 : INFO : SwitchController : <<<<<<< 's_lock_3' inactive >>>>>>>
2023-01-01 18:13:24,307 : INFO : ball_device.bd_hc_lock : State: ball_left
2023-01-01 18:13:24,307 : INFO : ball_device.bd_hc_lock : Ball left
2023-01-01 18:13:24,307 : INFO : ball_device.bd_hc_lock : Wait for confirm with timeout 3.0
2023-01-01 18:13:24,977 : INFO : EventManager : Event: ======'ball_save_multiball_ball_save_hurry_up'====== Args={}
2023-01-01 18:13:27,306 : INFO : ball_device.bd_hc_lock : State: failed_confirm
2023-01-01 18:13:27,306 : INFO : ball_device.bd_hc_lock : Got timeout (3.0s) before confirm from <playfield.playfield>
2023-01-01 18:13:27,402 : INFO : ball_device.bd_hc_lock : Confirming eject because target is playfield and ball did not return.
2023-01-01 18:13:27,402 : INFO : ball_device.bd_hc_lock : Eject successful
2023-01-01 18:13:27,403 : INFO : EventManager : Event: ======'balldevice_bd_hc_lock_ball_eject_success'====== Args={'balls': 1, 'target': <playfield.playfield>}
2023-01-01 18:13:27,403 : INFO : EventManager : Event: ======'balldevice_playfield_ball_enter'====== Args={'new_balls': 1, 'unclaimed_balls': 1, 'device': <playfield.playfield>}
2023-01-01 18:13:27,403 : INFO : EventManager : Event: ======'playfield_ball_count_change'====== Args={'balls': 3, 'change': 1}
2023-01-01 18:13:27,404 : INFO : EventManager : Event: ======'balldevice_bd_hc_lock_ball_count_changed'====== Args={'balls': 0}
2023-01-01 18:13:27,404 : INFO : ball_device.bd_hc_lock : State: idle
2023-01-01 18:13:27,960 : INFO : EventManager : Event: ======'ball_save_multiball_ball_save_grace_period'====== Args={}
2023-01-01 18:13:30,969 : INFO : EventManager : Event: ======'ball_save_multiball_ball_save_disabled'====== Args={}
2023-01-01 18:14:04,698 : INFO : SwitchController : <<<<<<< 's_ricochet_2' active >>>>>>>
2023-01-01 18:14:04,699 : INFO : EventManager : Event: ======'s_ricochet_2_active'====== Args={}
2023-01-01 18:14:04,699 : INFO : EventManager : Event: ======'sw_switch_hit'====== Args={}
2023-01-01 18:14:04,699 : INFO : EventManager : Event: ======'sw_take_hc_dmg'====== Args={}
2023-01-01 18:14:04,699 : INFO : EventManager : Event: ======'machine_var_audits_switches_s_ricochet_2'====== Args={'value': 692, 'prev_value': 691, 'change': 1}
2023-01-01 18:14:04,709 : INFO : EventManager : Event: ======'player_shot_ricochet_2'====== Args={'value': 1, 'prev_value': 0, 'change': 1, 'player_num': 1}
2023-01-01 18:14:04,724 : INFO : EventManager : Event: ======'machine_var_audits_shots_ricochet_2'====== Args={'value': 685, 'prev_value': 684, 'change': 1}
2023-01-01 18:14:04,725 : INFO : EventManager : Event: ======'ricochet_2_hit'====== Args={'profile': 'default', 'state': 'unlit', 'advancing': True}
2023-01-01 18:14:04,725 : INFO : EventManager : Event: ======'ricochet_2_default_hit'====== Args={'profile': 'default', 'state': 'unlit', 'advancing': True}
2023-01-01 18:14:04,725 : INFO : EventManager : Event: ======'ricochet_2_default_unlit_hit'====== Args={'profile': 'default', 'state': 'unlit', 'advancing': True}
2023-01-01 18:14:04,726 : INFO : EventManager : Event: ======'ricochet_2_unlit_hit'====== Args={'profile': 'default', 'state': 'unlit', 'advancing': True}
2023-01-01 18:14:04,726 : INFO : EventManager : Event: ======'ricochet_targets_hit'====== Args={}
2023-01-01 18:14:04,726 : INFO : EventManager : Event: ======'ricochet_targets_unlit_hit'====== Args={}
2023-01-01 18:14:04,726 : INFO : EventManager : Event: ======'logicblock_hc_secondary_updated'====== Args={'value': 1, 'enabled': True}
2023-01-01 18:14:04,726 : INFO : EventManager : Event: ======'counter_hc_secondary_hit'====== Args={'count': 1, 'remaining': 2}
2023-01-01 18:14:04,727 : INFO : EventManager : Event: ======'logicblock_hc_secondary_hit'====== Args={'count': 1, 'remaining': 2}
2023-01-01 18:14:04,727 : INFO : EventManager : Event: ======'player_capture_hurryup_capture_timer_tick'====== Args={'value': 5, 'prev_value': 0, 'change': 5, 'player_num': 1}
2023-01-01 18:14:04,727 : INFO : Timer.capture_timer : Starting Timer.
2023-01-01 18:14:04,727 : INFO : EventManager : Event: ======'timer_capture_timer_started'====== Args={'ticks': 5, 'ticks_remaining': 5}
2023-01-01 18:14:04,728 : INFO : EventManager : Event: ======'timer_capture_timer_tick'====== Args={'ticks': 5, 'ticks_remaining': 5}
2023-01-01 18:14:04,728 : INFO : EventManager : Event: ======'player_capture_timer_number'====== Args={'value': 5, 'prev_value': 0, 'change': 5, 'player_num': 1}
2023-01-01 18:14:04,728 : INFO : EventManager : Event: ======'muzzle_flash'====== Args={'priority': 0}
2023-01-01 18:14:04,729 : INFO : EventManager : Event: ======'take_heavy_dmg'====== Args={}
2023-01-01 18:14:04,729 : INFO : EventManager : Event: ======'spot_muzzle_flash_4'====== Args={}
2023-01-01 18:14:04,729 : INFO : EventManager : Event: ======'award_muzzle_flash_4'====== Args={'priority': 0}
2023-01-01 18:14:04,762 : INFO : SwitchController : <<<<<<< 's_ricochet_2' inactive >>>>>>>
2023-01-01 18:14:05,720 : INFO : EventManager : Event: ======'player_capture_hurryup_capture_timer_tick'====== Args={'value': 4, 'prev_value': 5, 'change': -1, 'player_num': 1}
2023-01-01 18:14:05,720 : INFO : EventManager : Event: ======'timer_capture_timer_tick'====== Args={'ticks': 4, 'ticks_remaining': 4}
2023-01-01 18:14:05,721 : INFO : EventManager : Event: ======'player_capture_timer_number'====== Args={'value': 4, 'prev_value': 5, 'change': -1, 'player_num': 1}
2023-01-01 18:14:06,720 : INFO : EventManager : Event: ======'player_capture_hurryup_capture_timer_tick'====== Args={'value': 3, 'prev_value': 4, 'change': -1, 'player_num': 1}
2023-01-01 18:14:06,720 : INFO : EventManager : Event: ======'timer_capture_timer_tick'====== Args={'ticks': 3, 'ticks_remaining': 3}
2023-01-01 18:14:06,721 : INFO : EventManager : Event: ======'player_capture_timer_number'====== Args={'value': 3, 'prev_value': 4, 'change': -1, 'player_num': 1}
2023-01-01 18:14:07,720 : INFO : EventManager : Event: ======'player_capture_hurryup_capture_timer_tick'====== Args={'value': 2, 'prev_value': 3, 'change': -1, 'player_num': 1}
2023-01-01 18:14:07,720 : INFO : EventManager : Event: ======'timer_capture_timer_tick'====== Args={'ticks': 2, 'ticks_remaining': 2}
2023-01-01 18:14:07,721 : INFO : EventManager : Event: ======'player_capture_timer_number'====== Args={'value': 2, 'prev_value': 3, 'change': -1, 'player_num': 1}
2023-01-01 18:14:08,728 : INFO : EventManager : Event: ======'player_capture_hurryup_capture_timer_tick'====== Args={'value': 1, 'prev_value': 2, 'change': -1, 'player_num': 1}
2023-01-01 18:14:08,728 : INFO : EventManager : Event: ======'timer_capture_timer_tick'====== Args={'ticks': 1, 'ticks_remaining': 1}
2023-01-01 18:14:08,729 : INFO : EventManager : Event: ======'player_capture_timer_number'====== Args={'value': 1, 'prev_value': 2, 'change': -1, 'player_num': 1}
2023-01-01 18:14:09,710 : INFO : EventManager : Event: ======'player_capture_hurryup_capture_timer_tick'====== Args={'value': 0, 'prev_value': 1, 'change': -1, 'player_num': 1}
2023-01-01 18:14:09,710 : INFO : Timer.capture_timer : Timer Complete
2023-01-01 18:14:09,710 : INFO : Timer.capture_timer : Stopping Timer
2023-01-01 18:14:09,710 : INFO : EventManager : Event: ======'timer_capture_timer_stopped'====== Args={'ticks': 0, 'ticks_remaining': 1}
2023-01-01 18:14:09,724 : INFO : EventManager : Event: ======'timer_capture_timer_complete'====== Args={'ticks': 0, 'ticks_remaining': 1}
2023-01-01 18:14:09,725 : INFO : EventManager : Event: ======'player_capture_timer_number'====== Args={'value': 0, 'prev_value': 1, 'change': -1, 'player_num': 1}
2023-01-01 18:14:10,725 : INFO : SwitchController : <<<<<<< 's_ricochet_1' active >>>>>>>
2023-01-01 18:14:10,725 : INFO : EventManager : Event: ======'s_ricochet_1_active'====== Args={}
2023-01-01 18:14:10,725 : INFO : EventManager : Event: ======'sw_switch_hit'====== Args={}
2023-01-01 18:14:10,726 : INFO : EventManager : Event: ======'sw_take_hc_dmg'====== Args={}
2023-01-01 18:14:10,726 : INFO : EventManager : Event: ======'machine_var_audits_switches_s_ricochet_1'====== Args={'value': 197, 'prev_value': 196, 'change': 1}
2023-01-01 18:14:10,748 : INFO : EventManager : Event: ======'player_shot_ricochet_1'====== Args={'value': 1, 'prev_value': 0, 'change': 1, 'player_num': 1}
2023-01-01 18:14:10,750 : INFO : EventManager : Event: ======'machine_var_audits_shots_ricochet_1'====== Args={'value': 173, 'prev_value': 172, 'change': 1}
2023-01-01 18:14:10,751 : INFO : EventManager : Event: ======'ricochet_1_hit'====== Args={'profile': 'default', 'state': 'unlit', 'advancing': True}
2023-01-01 18:14:10,752 : INFO : EventManager : Event: ======'ricochet_1_default_hit'====== Args={'profile': 'default', 'state': 'unlit', 'advancing': True}
2023-01-01 18:14:10,752 : INFO : EventManager : Event: ======'ricochet_1_default_unlit_hit'====== Args={'profile': 'default', 'state': 'unlit', 'advancing': True}
2023-01-01 18:14:10,752 : INFO : EventManager : Event: ======'ricochet_1_unlit_hit'====== Args={'profile': 'default', 'state': 'unlit', 'advancing': True}
2023-01-01 18:14:10,752 : INFO : EventManager : Event: ======'ricochet_targets_hit'====== Args={}
2023-01-01 18:14:10,753 : INFO : EventManager : Event: ======'ricochet_targets_unlit_hit'====== Args={}
2023-01-01 18:14:10,753 : INFO : EventManager : Event: ======'logicblock_hc_secondary_updated'====== Args={'value': 2, 'enabled': True}
2023-01-01 18:14:10,753 : INFO : EventManager : Event: ======'counter_hc_secondary_hit'====== Args={'count': 2, 'remaining': 1}
2023-01-01 18:14:10,753 : INFO : EventManager : Event: ======'logicblock_hc_secondary_hit'====== Args={'count': 2, 'remaining': 1}
2023-01-01 18:14:10,754 : INFO : EventManager : Event: ======'player_capture_hurryup_capture_timer_tick'====== Args={'value': 5, 'prev_value': 0, 'change': 5, 'player_num': 1}
2023-01-01 18:14:10,754 : INFO : Timer.capture_timer : Starting Timer.
2023-01-01 18:14:10,754 : INFO : EventManager : Event: ======'timer_capture_timer_started'====== Args={'ticks': 5, 'ticks_remaining': 5}
2023-01-01 18:14:10,755 : INFO : EventManager : Event: ======'timer_capture_timer_tick'====== Args={'ticks': 5, 'ticks_remaining': 5}
2023-01-01 18:14:10,755 : INFO : EventManager : Event: ======'player_capture_timer_number'====== Args={'value': 5, 'prev_value': 0, 'change': 5, 'player_num': 1}
2023-01-01 18:14:10,755 : INFO : EventManager : Event: ======'muzzle_flash'====== Args={'priority': 0}
2023-01-01 18:14:10,756 : INFO : EventManager : Event: ======'take_crit_dmg'====== Args={}
2023-01-01 18:14:10,756 : INFO : EventManager : Event: ======'spot_muzzle_flash_1'====== Args={}
2023-01-01 18:14:10,756 : INFO : EventManager : Event: ======'award_muzzle_flash_1'====== Args={'priority': 0}
2023-01-01 18:14:10,864 : INFO : SwitchController : <<<<<<< 's_ricochet_1' inactive >>>>>>>
2023-01-01 18:14:11,776 : INFO : EventManager : Event: ======'player_capture_hurryup_capture_timer_tick'====== Args={'value': 4, 'prev_value': 5, 'change': -1, 'player_num': 1}
2023-01-01 18:14:11,777 : INFO : EventManager : Event: ======'timer_capture_timer_tick'====== Args={'ticks': 4, 'ticks_remaining': 4}
2023-01-01 18:14:11,778 : INFO : EventManager : Event: ======'player_capture_timer_number'====== Args={'value': 4, 'prev_value': 5, 'change': -1, 'player_num': 1}
2023-01-01 18:14:12,770 : INFO : EventManager : Event: ======'player_capture_hurryup_capture_timer_tick'====== Args={'value': 3, 'prev_value': 4, 'change': -1, 'player_num': 1}
2023-01-01 18:14:12,771 : INFO : EventManager : Event: ======'timer_capture_timer_tick'====== Args={'ticks': 3, 'ticks_remaining': 3}
2023-01-01 18:14:12,772 : INFO : EventManager : Event: ======'player_capture_timer_number'====== Args={'value': 3, 'prev_value': 4, 'change': -1, 'player_num': 1}
2023-01-01 18:14:13,763 : INFO : EventManager : Event: ======'player_capture_hurryup_capture_timer_tick'====== Args={'value': 2, 'prev_value': 3, 'change': -1, 'player_num': 1}
2023-01-01 18:14:13,777 : INFO : EventManager : Event: ======'timer_capture_timer_tick'====== Args={'ticks': 2, 'ticks_remaining': 2}
2023-01-01 18:14:13,778 : INFO : EventManager : Event: ======'player_capture_timer_number'====== Args={'value': 2, 'prev_value': 3, 'change': -1, 'player_num': 1}
2023-01-01 18:14:14,458 : INFO : SwitchController : <<<<<<< 's_bumper_3' active >>>>>>>
2023-01-01 18:14:14,459 : INFO : EventManager : Event: ======'sw_bumper_hit'====== Args={}
2023-01-01 18:14:14,459 : INFO : EventManager : Event: ======'sw_switch_hit'====== Args={}
2023-01-01 18:14:14,459 : INFO : EventManager : Event: ======'machine_var_audits_switches_s_bumper_3'====== Args={'value': 650, 'prev_value': 649, 'change': 1}
2023-01-01 18:14:14,469 : INFO : EventManager : Event: ======'mode_timer_pause_event'====== Args={'priority': 0}
2023-01-01 18:14:14,470 : INFO : EventManager : Event: ======'logicblock_hc_secondary_updated'====== Args={'value': 3, 'enabled': True}
2023-01-01 18:14:14,470 : INFO : EventManager : Event: ======'counter_hc_secondary_hit'====== Args={'count': 3, 'remaining': 0}
2023-01-01 18:14:14,470 : INFO : EventManager : Event: ======'logicblock_hc_secondary_hit'====== Args={'count': 3, 'remaining': 0}
2023-01-01 18:14:14,470 : INFO : EventManager : Event: ======'logicblock_hc_secondary_complete'====== Args={}
2023-01-01 18:14:14,471 : INFO : EventManager : Event: ======'logicblock_hc_secondary_updated'====== Args={'value': 0, 'enabled': True}
2023-01-01 18:14:14,471 : INFO : EventManager : Event: ======'player_capture_hurryup_capture_timer_tick'====== Args={'value': 5, 'prev_value': 2, 'change': 3, 'player_num': 1}
2023-01-01 18:14:14,472 : INFO : EventManager : Event: ======'hc_sc_12'====== Args={}
2023-01-01 18:14:14,472 : INFO : EventManager : Event: ======'player_capture_timer_number'====== Args={'value': 5, 'prev_value': 2, 'change': 3, 'player_num': 1}
2023-01-01 18:14:14,512 : INFO : SwitchController : <<<<<<< 's_bumper_3' inactive >>>>>>>
2023-01-01 18:14:14,593 : INFO : SwitchController : <<<<<<< 's_bumper_3' active >>>>>>>
2023-01-01 18:14:14,594 : INFO : EventManager : Event: ======'sw_bumper_hit'====== Args={}
2023-01-01 18:14:14,594 : INFO : EventManager : Event: ======'sw_switch_hit'====== Args={}
2023-01-01 18:14:14,594 : INFO : EventManager : Event: ======'machine_var_audits_switches_s_bumper_3'====== Args={'value': 651, 'prev_value': 650, 'change': 1}
2023-01-01 18:14:14,595 : INFO : EventManager : Event: ======'mode_timer_pause_event'====== Args={'priority': 0}
2023-01-01 18:14:14,595 : INFO : EventManager : Event: ======'logicblock_hc_secondary_updated'====== Args={'value': 1, 'enabled': True}
2023-01-01 18:14:14,595 : INFO : EventManager : Event: ======'counter_hc_secondary_hit'====== Args={'count': 1, 'remaining': 2}
2023-01-01 18:14:14,596 : INFO : EventManager : Event: ======'logicblock_hc_secondary_hit'====== Args={'count': 1, 'remaining': 2}
2023-01-01 18:14:14,685 : INFO : SwitchController : <<<<<<< 's_bumper_3' inactive >>>>>>>
2023-01-01 18:14:14,774 : INFO : SwitchController : <<<<<<< 's_bumper_3' active >>>>>>>
2023-01-01 18:14:14,774 : INFO : EventManager : Event: ======'sw_bumper_hit'====== Args={}
2023-01-01 18:14:14,775 : INFO : EventManager : Event: ======'sw_switch_hit'====== Args={}
2023-01-01 18:14:14,789 : INFO : EventManager : Event: ======'machine_var_audits_switches_s_bumper_3'====== Args={'value': 652, 'prev_value': 651, 'change': 1}
2023-01-01 18:14:14,790 : INFO : EventManager : Event: ======'mode_timer_pause_event'====== Args={'priority': 0}
2023-01-01 18:14:14,790 : INFO : EventManager : Event: ======'logicblock_hc_secondary_updated'====== Args={'value': 2, 'enabled': True}
2023-01-01 18:14:14,790 : INFO : EventManager : Event: ======'counter_hc_secondary_hit'====== Args={'count': 2, 'remaining': 1}
2023-01-01 18:14:14,790 : INFO : EventManager : Event: ======'logicblock_hc_secondary_hit'====== Args={'count': 2, 'remaining': 1}
2023-01-01 18:14:14,886 : INFO : SwitchController : <<<<<<< 's_bumper_3' inactive >>>>>>>
2023-01-01 18:14:14,963 : INFO : SwitchController : <<<<<<< 's_bumper_3' active >>>>>>>
2023-01-01 18:14:14,963 : INFO : EventManager : Event: ======'sw_bumper_hit'====== Args={}
2023-01-01 18:14:14,963 : INFO : EventManager : Event: ======'sw_switch_hit'====== Args={}
2023-01-01 18:14:14,964 : INFO : EventManager : Event: ======'machine_var_audits_switches_s_bumper_3'====== Args={'value': 653, 'prev_value': 652, 'change': 1}
2023-01-01 18:14:14,980 : INFO : EventManager : Event: ======'mode_timer_pause_event'====== Args={'priority': 0}
2023-01-01 18:14:14,980 : INFO : EventManager : Event: ======'logicblock_hc_secondary_updated'====== Args={'value': 3, 'enabled': True}
2023-01-01 18:14:14,980 : INFO : EventManager : Event: ======'counter_hc_secondary_hit'====== Args={'count': 3, 'remaining': 0}
2023-01-01 18:14:14,980 : INFO : EventManager : Event: ======'logicblock_hc_secondary_hit'====== Args={'count': 3, 'remaining': 0}
2023-01-01 18:14:14,981 : INFO : EventManager : Event: ======'logicblock_hc_secondary_complete'====== Args={}
2023-01-01 18:14:14,981 : INFO : EventManager : Event: ======'logicblock_hc_secondary_updated'====== Args={'value': 0, 'enabled': True}
2023-01-01 18:14:14,981 : INFO : EventManager : Event: ======'hc_sc_3'====== Args={}
2023-01-01 18:14:15,073 : INFO : SwitchController : <<<<<<< 's_bumper_3' inactive >>>>>>>
2023-01-01 18:14:15,133 : INFO : SwitchController : <<<<<<< 's_bumper_3' active >>>>>>>
2023-01-01 18:14:15,133 : INFO : EventManager : Event: ======'sw_bumper_hit'====== Args={}
2023-01-01 18:14:15,133 : INFO : EventManager : Event: ======'sw_switch_hit'====== Args={}
2023-01-01 18:14:15,133 : INFO : EventManager : Event: ======'machine_var_audits_switches_s_bumper_3'====== Args={'value': 654, 'prev_value': 653, 'change': 1}
2023-01-01 18:14:15,134 : INFO : EventManager : Event: ======'mode_timer_pause_event'====== Args={'priority': 0}
2023-01-01 18:14:15,134 : INFO : EventManager : Event: ======'logicblock_hc_secondary_updated'====== Args={'value': 1, 'enabled': True}
2023-01-01 18:14:15,135 : INFO : EventManager : Event: ======'counter_hc_secondary_hit'====== Args={'count': 1, 'remaining': 2}
2023-01-01 18:14:15,135 : INFO : EventManager : Event: ======'logicblock_hc_secondary_hit'====== Args={'count': 1, 'remaining': 2}
2023-01-01 18:14:15,247 : INFO : SwitchController : <<<<<<< 's_bumper_3' inactive >>>>>>>
2023-01-01 18:14:15,342 : INFO : SwitchController : <<<<<<< 's_bumper_3' active >>>>>>>
2023-01-01 18:14:15,342 : INFO : EventManager : Event: ======'sw_bumper_hit'====== Args={}
2023-01-01 18:14:15,342 : INFO : EventManager : Event: ======'sw_switch_hit'====== Args={}
2023-01-01 18:14:15,343 : INFO : EventManager : Event: ======'machine_var_audits_switches_s_bumper_3'====== Args={'value': 655, 'prev_value': 654, 'change': 1}
2023-01-01 18:14:15,344 : INFO : EventManager : Event: ======'mode_timer_pause_event'====== Args={'priority': 0}
2023-01-01 18:14:15,344 : INFO : EventManager : Event: ======'logicblock_hc_secondary_updated'====== Args={'value': 2, 'enabled': True}
2023-01-01 18:14:15,344 : INFO : EventManager : Event: ======'counter_hc_secondary_hit'====== Args={'count': 2, 'remaining': 1}
2023-01-01 18:14:15,344 : INFO : EventManager : Event: ======'logicblock_hc_secondary_hit'====== Args={'count': 2, 'remaining': 1}
2023-01-01 18:14:15,451 : INFO : SwitchController : <<<<<<< 's_bumper_3' inactive >>>>>>>
2023-01-01 18:14:15,546 : INFO : SwitchController : <<<<<<< 's_bumper_3' active >>>>>>>
2023-01-01 18:14:15,546 : INFO : EventManager : Event: ======'sw_bumper_hit'====== Args={}
2023-01-01 18:14:15,546 : INFO : EventManager : Event: ======'sw_switch_hit'====== Args={}
2023-01-01 18:14:15,546 : INFO : EventManager : Event: ======'machine_var_audits_switches_s_bumper_3'====== Args={'value': 656, 'prev_value': 655, 'change': 1}
2023-01-01 18:14:15,547 : INFO : EventManager : Event: ======'mode_timer_pause_event'====== Args={'priority': 0}
2023-01-01 18:14:15,547 : INFO : EventManager : Event: ======'logicblock_hc_secondary_updated'====== Args={'value': 3, 'enabled': True}
2023-01-01 18:14:15,547 : INFO : EventManager : Event: ======'counter_hc_secondary_hit'====== Args={'count': 3, 'remaining': 0}
2023-01-01 18:14:15,548 : INFO : EventManager : Event: ======'logicblock_hc_secondary_hit'====== Args={'count': 3, 'remaining': 0}
2023-01-01 18:14:15,548 : INFO : EventManager : Event: ======'logicblock_hc_secondary_complete'====== Args={}
2023-01-01 18:14:15,548 : INFO : EventManager : Event: ======'logicblock_hc_secondary_updated'====== Args={'value': 0, 'enabled': True}
2023-01-01 18:14:15,549 : INFO : EventManager : Event: ======'hc_sc_7'====== Args={}
2023-01-01 18:14:15,644 : INFO : SwitchController : <<<<<<< 's_bumper_3' inactive >>>>>>>
2023-01-01 18:14:15,746 : INFO : SwitchController : <<<<<<< 's_bumper_3' active >>>>>>>
2023-01-01 18:14:15,746 : INFO : EventManager : Event: ======'sw_bumper_hit'====== Args={}
2023-01-01 18:14:15,746 : INFO : EventManager : Event: ======'sw_switch_hit'====== Args={}
2023-01-01 18:14:15,746 : INFO : EventManager : Event: ======'machine_var_audits_switches_s_bumper_3'====== Args={'value': 657, 'prev_value': 656, 'change': 1}
2023-01-01 18:14:15,747 : INFO : EventManager : Event: ======'mode_timer_pause_event'====== Args={'priority': 0}
2023-01-01 18:14:15,748 : INFO : EventManager : Event: ======'logicblock_hc_secondary_updated'====== Args={'value': 1, 'enabled': True}
2023-01-01 18:14:15,748 : INFO : EventManager : Event: ======'counter_hc_secondary_hit'====== Args={'count': 1, 'remaining': 2}
2023-01-01 18:14:15,748 : INFO : EventManager : Event: ======'logicblock_hc_secondary_hit'====== Args={'count': 1, 'remaining': 2}
2023-01-01 18:14:15,854 : INFO : SwitchController : <<<<<<< 's_bumper_3' inactive >>>>>>>
2023-01-01 18:14:15,972 : INFO : SwitchController : <<<<<<< 's_bumper_3' active >>>>>>>
2023-01-01 18:14:15,973 : INFO : EventManager : Event: ======'sw_bumper_hit'====== Args={}
2023-01-01 18:14:15,973 : INFO : EventManager : Event: ======'sw_switch_hit'====== Args={}
2023-01-01 18:14:15,973 : INFO : EventManager : Event: ======'machine_var_audits_switches_s_bumper_3'====== Args={'value': 658, 'prev_value': 657, 'change': 1}
2023-01-01 18:14:15,974 : INFO : EventManager : Event: ======'mode_timer_pause_event'====== Args={'priority': 0}
2023-01-01 18:14:15,975 : INFO : EventManager : Event: ======'logicblock_hc_secondary_updated'====== Args={'value': 2, 'enabled': True}
2023-01-01 18:14:15,975 : INFO : EventManager : Event: ======'counter_hc_secondary_hit'====== Args={'count': 2, 'remaining': 1}
2023-01-01 18:14:15,975 : INFO : EventManager : Event: ======'logicblock_hc_secondary_hit'====== Args={'count': 2, 'remaining': 1}
2023-01-01 18:14:16,066 : INFO : SwitchController : <<<<<<< 's_bumper_3' inactive >>>>>>>
2023-01-01 18:14:16,178 : INFO : SwitchController : <<<<<<< 's_bumper_3' active >>>>>>>
2023-01-01 18:14:16,178 : INFO : EventManager : Event: ======'sw_bumper_hit'====== Args={}
2023-01-01 18:14:16,179 : INFO : EventManager : Event: ======'sw_switch_hit'====== Args={}
2023-01-01 18:14:16,179 : INFO : EventManager : Event: ======'machine_var_audits_switches_s_bumper_3'====== Args={'value': 659, 'prev_value': 658, 'change': 1}
2023-01-01 18:14:16,180 : INFO : EventManager : Event: ======'mode_timer_pause_event'====== Args={'priority': 0}
2023-01-01 18:14:16,180 : INFO : EventManager : Event: ======'logicblock_hc_secondary_updated'====== Args={'value': 3, 'enabled': True}
2023-01-01 18:14:16,180 : INFO : EventManager : Event: ======'counter_hc_secondary_hit'====== Args={'count': 3, 'remaining': 0}
2023-01-01 18:14:16,181 : INFO : EventManager : Event: ======'logicblock_hc_secondary_hit'====== Args={'count': 3, 'remaining': 0}
2023-01-01 18:14:16,181 : INFO : EventManager : Event: ======'logicblock_hc_secondary_complete'====== Args={}
2023-01-01 18:14:16,181 : INFO : EventManager : Event: ======'logicblock_hc_secondary_updated'====== Args={'value': 0, 'enabled': True}
2023-01-01 18:14:16,181 : INFO : EventManager : Event: ======'hc_sc_8'====== Args={}
2023-01-01 18:14:16,297 : INFO : SwitchController : <<<<<<< 's_bumper_3' inactive >>>>>>>
2023-01-01 18:14:16,408 : INFO : SwitchController : <<<<<<< 's_bumper_3' active >>>>>>>
2023-01-01 18:14:16,408 : INFO : EventManager : Event: ======'sw_bumper_hit'====== Args={}
2023-01-01 18:14:16,409 : INFO : EventManager : Event: ======'sw_switch_hit'====== Args={}
2023-01-01 18:14:16,409 : INFO : EventManager : Event: ======'machine_var_audits_switches_s_bumper_3'====== Args={'value': 660, 'prev_value': 659, 'change': 1}
2023-01-01 18:14:16,410 : INFO : EventManager : Event: ======'mode_timer_pause_event'====== Args={'priority': 0}
2023-01-01 18:14:16,410 : INFO : EventManager : Event: ======'logicblock_hc_secondary_updated'====== Args={'value': 1, 'enabled': True}
2023-01-01 18:14:16,410 : INFO : EventManager : Event: ======'counter_hc_secondary_hit'====== Args={'count': 1, 'remaining': 2}
2023-01-01 18:14:16,410 : INFO : EventManager : Event: ======'logicblock_hc_secondary_hit'====== Args={'count': 1, 'remaining': 2}
2023-01-01 18:14:16,529 : INFO : SwitchController : <<<<<<< 's_bumper_3' inactive >>>>>>>
2023-01-01 18:14:16,656 : INFO : SwitchController : <<<<<<< 's_bumper_3' active >>>>>>>
2023-01-01 18:14:16,656 : INFO : EventManager : Event: ======'sw_bumper_hit'====== Args={}
2023-01-01 18:14:16,656 : INFO : EventManager : Event: ======'sw_switch_hit'====== Args={}
2023-01-01 18:14:16,656 : INFO : EventManager : Event: ======'machine_var_audits_switches_s_bumper_3'====== Args={'value': 661, 'prev_value': 660, 'change': 1}
2023-01-01 18:14:16,658 : INFO : EventManager : Event: ======'mode_timer_pause_event'====== Args={'priority': 0}
2023-01-01 18:14:16,658 : INFO : EventManager : Event: ======'logicblock_hc_secondary_updated'====== Args={'value': 2, 'enabled': True}
2023-01-01 18:14:16,658 : INFO : EventManager : Event: ======'counter_hc_secondary_hit'====== Args={'count': 2, 'remaining': 1}
2023-01-01 18:14:16,658 : INFO : EventManager : Event: ======'logicblock_hc_secondary_hit'====== Args={'count': 2, 'remaining': 1}
2023-01-01 18:14:16,769 : INFO : SwitchController : <<<<<<< 's_bumper_3' inactive >>>>>>>
2023-01-01 18:14:16,917 : INFO : SwitchController : <<<<<<< 's_bumper_3' active >>>>>>>
2023-01-01 18:14:16,917 : INFO : EventManager : Event: ======'sw_bumper_hit'====== Args={}
2023-01-01 18:14:16,918 : INFO : EventManager : Event: ======'sw_switch_hit'====== Args={}
2023-01-01 18:14:16,918 : INFO : EventManager : Event: ======'machine_var_audits_switches_s_bumper_3'====== Args={'value': 662, 'prev_value': 661, 'change': 1}
2023-01-01 18:14:16,919 : INFO : EventManager : Event: ======'mode_timer_pause_event'====== Args={'priority': 0}
2023-01-01 18:14:16,919 : INFO : EventManager : Event: ======'logicblock_hc_secondary_updated'====== Args={'value': 3, 'enabled': True}
2023-01-01 18:14:16,920 : INFO : EventManager : Event: ======'counter_hc_secondary_hit'====== Args={'count': 3, 'remaining': 0}
2023-01-01 18:14:16,920 : INFO : EventManager : Event: ======'logicblock_hc_secondary_hit'====== Args={'count': 3, 'remaining': 0}
2023-01-01 18:14:16,920 : INFO : EventManager : Event: ======'logicblock_hc_secondary_complete'====== Args={}
2023-01-01 18:14:16,921 : INFO : EventManager : Event: ======'logicblock_hc_secondary_updated'====== Args={'value': 0, 'enabled': True}
2023-01-01 18:14:16,921 : INFO : EventManager : Event: ======'hc_sc_5'====== Args={}
2023-01-01 18:14:17,042 : INFO : SwitchController : <<<<<<< 's_bumper_3' inactive >>>>>>>
2023-01-01 18:14:17,173 : INFO : SwitchController : <<<<<<< 's_bumper_3' active >>>>>>>
2023-01-01 18:14:17,173 : INFO : EventManager : Event: ======'sw_bumper_hit'====== Args={}
2023-01-01 18:14:17,173 : INFO : EventManager : Event: ======'sw_switch_hit'====== Args={}
2023-01-01 18:14:17,173 : INFO : EventManager : Event: ======'machine_var_audits_switches_s_bumper_3'====== Args={'value': 663, 'prev_value': 662, 'change': 1}
2023-01-01 18:14:17,174 : INFO : EventManager : Event: ======'mode_timer_pause_event'====== Args={'priority': 0}
2023-01-01 18:14:17,175 : INFO : EventManager : Event: ======'logicblock_hc_secondary_updated'====== Args={'value': 1, 'enabled': True}
2023-01-01 18:14:17,175 : INFO : EventManager : Event: ======'counter_hc_secondary_hit'====== Args={'count': 1, 'remaining': 2}
2023-01-01 18:14:17,175 : INFO : EventManager : Event: ======'logicblock_hc_secondary_hit'====== Args={'count': 1, 'remaining': 2}
2023-01-01 18:14:17,278 : INFO : SwitchController : <<<<<<< 's_bumper_3' inactive >>>>>>>
2023-01-01 18:14:17,361 : INFO : SwitchController : <<<<<<< 's_bumper_3' active >>>>>>>
2023-01-01 18:14:17,361 : INFO : EventManager : Event: ======'sw_bumper_hit'====== Args={}
2023-01-01 18:14:17,361 : INFO : EventManager : Event: ======'sw_switch_hit'====== Args={}
2023-01-01 18:14:17,361 : INFO : EventManager : Event: ======'machine_var_audits_switches_s_bumper_3'====== Args={'value': 664, 'prev_value': 663, 'change': 1}
2023-01-01 18:14:17,363 : INFO : EventManager : Event: ======'mode_timer_pause_event'====== Args={'priority': 0}
2023-01-01 18:14:17,363 : INFO : EventManager : Event: ======'logicblock_hc_secondary_updated'====== Args={'value': 2, 'enabled': True}
2023-01-01 18:14:17,363 : INFO : EventManager : Event: ======'counter_hc_secondary_hit'====== Args={'count': 2, 'remaining': 1}
2023-01-01 18:14:17,363 : INFO : EventManager : Event: ======'logicblock_hc_secondary_hit'====== Args={'count': 2, 'remaining': 1}
2023-01-01 18:14:17,469 : INFO : SwitchController : <<<<<<< 's_bumper_3' inactive >>>>>>>
2023-01-01 18:14:17,510 : INFO : SwitchController : <<<<<<< 's_bumper_3' active >>>>>>>
2023-01-01 18:14:17,510 : INFO : EventManager : Event: ======'sw_bumper_hit'====== Args={}
2023-01-01 18:14:17,510 : INFO : EventManager : Event: ======'sw_switch_hit'====== Args={}
2023-01-01 18:14:17,510 : INFO : EventManager : Event: ======'machine_var_audits_switches_s_bumper_3'====== Args={'value': 665, 'prev_value': 664, 'change': 1}
2023-01-01 18:14:17,511 : INFO : EventManager : Event: ======'mode_timer_pause_event'====== Args={'priority': 0}
2023-01-01 18:14:17,511 : INFO : EventManager : Event: ======'logicblock_hc_secondary_updated'====== Args={'value': 3, 'enabled': True}
2023-01-01 18:14:17,512 : INFO : EventManager : Event: ======'counter_hc_secondary_hit'====== Args={'count': 3, 'remaining': 0}
2023-01-01 18:14:17,512 : INFO : EventManager : Event: ======'logicblock_hc_secondary_hit'====== Args={'count': 3, 'remaining': 0}
2023-01-01 18:14:17,512 : INFO : EventManager : Event: ======'logicblock_hc_secondary_complete'====== Args={}
2023-01-01 18:14:17,513 : INFO : EventManager : Event: ======'logicblock_hc_secondary_updated'====== Args={'value': 0, 'enabled': True}
2023-01-01 18:14:17,513 : INFO : EventManager : Event: ======'hc_sc_4'====== Args={}
2023-01-01 18:14:17,622 : INFO : SwitchController : <<<<<<< 's_bumper_3' inactive >>>>>>>
2023-01-01 18:14:17,721 : INFO : SwitchController : <<<<<<< 's_bumper_3' active >>>>>>>
2023-01-01 18:14:17,721 : INFO : EventManager : Event: ======'sw_bumper_hit'====== Args={}
2023-01-01 18:14:17,721 : INFO : EventManager : Event: ======'sw_switch_hit'====== Args={}
2023-01-01 18:14:17,721 : INFO : EventManager : Event: ======'machine_var_audits_switches_s_bumper_3'====== Args={'value': 666, 'prev_value': 665, 'change': 1}
2023-01-01 18:14:17,722 : INFO : EventManager : Event: ======'mode_timer_pause_event'====== Args={'priority': 0}
2023-01-01 18:14:17,722 : INFO : EventManager : Event: ======'logicblock_hc_secondary_updated'====== Args={'value': 1, 'enabled': True}
2023-01-01 18:14:17,723 : INFO : EventManager : Event: ======'counter_hc_secondary_hit'====== Args={'count': 1, 'remaining': 2}
2023-01-01 18:14:17,723 : INFO : EventManager : Event: ======'logicblock_hc_secondary_hit'====== Args={'count': 1, 'remaining': 2}
2023-01-01 18:14:17,821 : INFO : SwitchController : <<<<<<< 's_bumper_3' inactive >>>>>>>
2023-01-01 18:14:17,901 : INFO : SwitchController : <<<<<<< 's_bumper_3' active >>>>>>>
2023-01-01 18:14:17,901 : INFO : EventManager : Event: ======'sw_bumper_hit'====== Args={}
2023-01-01 18:14:17,902 : INFO : EventManager : Event: ======'sw_switch_hit'====== Args={}
2023-01-01 18:14:17,902 : INFO : EventManager : Event: ======'machine_var_audits_switches_s_bumper_3'====== Args={'value': 667, 'prev_value': 666, 'change': 1}
2023-01-01 18:14:17,903 : INFO : EventManager : Event: ======'mode_timer_pause_event'====== Args={'priority': 0}
2023-01-01 18:14:17,903 : INFO : EventManager : Event: ======'logicblock_hc_secondary_updated'====== Args={'value': 2, 'enabled': True}
2023-01-01 18:14:17,904 : INFO : EventManager : Event: ======'counter_hc_secondary_hit'====== Args={'count': 2, 'remaining': 1}
2023-01-01 18:14:17,904 : INFO : EventManager : Event: ======'logicblock_hc_secondary_hit'====== Args={'count': 2, 'remaining': 1}
2023-01-01 18:14:18,000 : INFO : SwitchController : <<<<<<< 's_bumper_3' inactive >>>>>>>
2023-01-01 18:14:18,904 : INFO : EventManager : Event: ======'player_capture_hurryup_capture_timer_tick'====== Args={'value': 4, 'prev_value': 5, 'change': -1, 'player_num': 1}
2023-01-01 18:14:18,904 : INFO : EventManager : Event: ======'timer_capture_timer_tick'====== Args={'ticks': 4, 'ticks_remaining': 4}
2023-01-01 18:14:18,905 : INFO : EventManager : Event: ======'player_capture_timer_number'====== Args={'value': 4, 'prev_value': 5, 'change': -1, 'player_num': 1}
2023-01-01 18:14:19,910 : INFO : EventManager : Event: ======'player_capture_hurryup_capture_timer_tick'====== Args={'value': 3, 'prev_value': 4, 'change': -1, 'player_num': 1}
2023-01-01 18:14:19,911 : INFO : EventManager : Event: ======'timer_capture_timer_tick'====== Args={'ticks': 3, 'ticks_remaining': 3}
2023-01-01 18:14:19,911 : INFO : EventManager : Event: ======'player_capture_timer_number'====== Args={'value': 3, 'prev_value': 4, 'change': -1, 'player_num': 1}
2023-01-01 18:14:20,896 : INFO : EventManager : Event: ======'player_capture_hurryup_capture_timer_tick'====== Args={'value': 2, 'prev_value': 3, 'change': -1, 'player_num': 1}
2023-01-01 18:14:20,896 : INFO : EventManager : Event: ======'timer_capture_timer_tick'====== Args={'ticks': 2, 'ticks_remaining': 2}
2023-01-01 18:14:20,897 : INFO : EventManager : Event: ======'player_capture_timer_number'====== Args={'value': 2, 'prev_value': 3, 'change': -1, 'player_num': 1}
2023-01-01 18:14:21,879 : INFO : EventManager : Event: ======'player_capture_hurryup_capture_timer_tick'====== Args={'value': 1, 'prev_value': 2, 'change': -1, 'player_num': 1}
2023-01-01 18:14:21,879 : INFO : EventManager : Event: ======'timer_capture_timer_tick'====== Args={'ticks': 1, 'ticks_remaining': 1}
2023-01-01 18:14:21,880 : INFO : EventManager : Event: ======'player_capture_timer_number'====== Args={'value': 1, 'prev_value': 2, 'change': -1, 'player_num': 1}
2023-01-01 18:14:22,908 : INFO : EventManager : Event: ======'player_capture_hurryup_capture_timer_tick'====== Args={'value': 0, 'prev_value': 1, 'change': -1, 'player_num': 1}
2023-01-01 18:14:22,909 : INFO : Timer.capture_timer : Timer Complete
2023-01-01 18:14:22,909 : INFO : Timer.capture_timer : Stopping Timer
2023-01-01 18:14:22,909 : INFO : EventManager : Event: ======'timer_capture_timer_stopped'====== Args={'ticks': 0, 'ticks_remaining': 1}
2023-01-01 18:14:22,909 : INFO : EventManager : Event: ======'timer_capture_timer_complete'====== Args={'ticks': 0, 'ticks_remaining': 1}
2023-01-01 18:14:22,910 : INFO : EventManager : Event: ======'player_capture_timer_number'====== Args={'value': 0, 'prev_value': 1, 'change': -1, 'player_num': 1}
2023-01-01 18:14:32,966 : INFO : SwitchController : <<<<<<< 's_side_ramp_made' active >>>>>>>
2023-01-01 18:14:32,966 : INFO : EventManager : Event: ======'s_side_ramp_made_active'====== Args={}
2023-01-01 18:14:32,966 : INFO : EventManager : Event: ======'sw_switch_hit'====== Args={}
2023-01-01 18:14:32,966 : INFO : EventManager : Event: ======'machine_var_audits_switches_s_side_ramp_made'====== Args={'value': 1120, 'prev_value': 1119, 'change': 1}
2023-01-01 18:14:32,977 : INFO : EventManager : Event: ======'spot_triple_jackpot'====== Args={'priority': 0}
2023-01-01 18:14:32,978 : INFO : EventManager : Event: ======'award_triple_jackpot'====== Args={'priority': 0}
2023-01-01 18:14:32,978 : INFO : EventManager : Event: ======'spot_multiple_jackpot_sfx'====== Args={'priority': 0}
2023-01-01 18:14:32,978 : INFO : EventManager : Event: ======'spot_triple_jackpot_2_scan'====== Args={}
2023-01-01 18:14:32,979 : INFO : EventManager : Event: ======'spot_multiple_jackpot_sfx_1'====== Args={}
2023-01-01 18:14:32,979 : INFO : EventManager : Event: ======'spot_triple_jackpot_2'====== Args={'priority': 0}
2023-01-01 18:14:32,979 : INFO : EventManager : Event: ======'overridejackpot'====== Args={'priority': 0}
2023-01-01 18:14:32,980 : INFO : EventManager : Event: ======'player_shot_jackpot_2'====== Args={'value': 1, 'prev_value': 0, 'change': 1, 'player_num': 1}
2023-01-01 18:14:32,981 : INFO : EventManager : Event: ======'player_score'====== Args={'value': 60000000, 'prev_value': 0, 'change': 60000000, 'player_num': 1}
2023-01-01 18:14:32,981 : INFO : EventManager : Event: ======'player_hctotal'====== Args={'value': 60000000, 'prev_value': 0, 'change': 60000000, 'player_num': 1}
2023-01-01 18:14:32,982 : INFO : EventManager : Event: ======'logicblock_hc_secondary_updated'====== Args={'value': 3, 'enabled': True}
2023-01-01 18:14:32,982 : INFO : EventManager : Event: ======'counter_hc_secondary_hit'====== Args={'count': 3, 'remaining': 0}
2023-01-01 18:14:32,982 : INFO : EventManager : Event: ======'logicblock_hc_secondary_hit'====== Args={'count': 3, 'remaining': 0}
2023-01-01 18:14:32,982 : INFO : EventManager : Event: ======'logicblock_hc_secondary_complete'====== Args={}
2023-01-01 18:14:32,982 : INFO : EventManager : Event: ======'logicblock_hc_secondary_updated'====== Args={'value': 0, 'enabled': True}
2023-01-01 18:14:32,982 : INFO : EventManager : Event: ======'player_capture_hurryup_capture_timer_tick'====== Args={'value': 5, 'prev_value': 0, 'change': 5, 'player_num': 1}
2023-01-01 18:14:32,983 : INFO : Timer.capture_timer : Starting Timer.
2023-01-01 18:14:32,983 : INFO : EventManager : Event: ======'timer_capture_timer_started'====== Args={'ticks': 5, 'ticks_remaining': 5}
2023-01-01 18:14:32,983 : INFO : EventManager : Event: ======'timer_capture_timer_tick'====== Args={'ticks': 5, 'ticks_remaining': 5}
2023-01-01 18:14:32,983 : INFO : EventManager : Event: ======'hc_sc_1'====== Args={}
2023-01-01 18:14:32,984 : INFO : EventManager : Event: ======'player_capture_timer_number'====== Args={'value': 5, 'prev_value': 0, 'change': 5, 'player_num': 1}
2023-01-01 18:14:33,074 : INFO : SwitchController : <<<<<<< 's_side_ramp_made' inactive >>>>>>>
2023-01-01 18:14:33,966 : INFO : EventManager : Event: ======'player_capture_hurryup_capture_timer_tick'====== Args={'value': 4, 'prev_value': 5, 'change': -1, 'player_num': 1}
2023-01-01 18:14:33,967 : INFO : EventManager : Event: ======'timer_capture_timer_tick'====== Args={'ticks': 4, 'ticks_remaining': 4}
2023-01-01 18:14:33,967 : INFO : EventManager : Event: ======'remove_hc_2'====== Args={'priority': 0}
2023-01-01 18:14:33,969 : INFO : EventManager : Event: ======'player_capture_timer_number'====== Args={'value': 4, 'prev_value': 5, 'change': -1, 'player_num': 1}
2023-01-01 18:14:34,974 : INFO : EventManager : Event: ======'player_capture_hurryup_capture_timer_tick'====== Args={'value': 3, 'prev_value': 4, 'change': -1, 'player_num': 1}
2023-01-01 18:14:34,975 : INFO : EventManager : Event: ======'timer_capture_timer_tick'====== Args={'ticks': 3, 'ticks_remaining': 3}
2023-01-01 18:14:34,976 : INFO : EventManager : Event: ======'player_capture_timer_number'====== Args={'value': 3, 'prev_value': 4, 'change': -1, 'player_num': 1}
2023-01-01 18:14:35,170 : INFO : EventManager : Event: ======'jackpot_2_text_removed'====== Args={'priority': 0}
2023-01-01 18:14:35,171 : INFO : EventManager : Event: ======'jackpot_text_remove'====== Args={'priority': 0}
2023-01-01 18:14:35,808 : INFO : SwitchController : <<<<<<< 's_side_ramp_made' active >>>>>>>
2023-01-01 18:14:35,808 : INFO : EventManager : Event: ======'s_side_ramp_made_active'====== Args={}
2023-01-01 18:14:35,808 : INFO : EventManager : Event: ======'sw_switch_hit'====== Args={}
2023-01-01 18:14:35,808 : INFO : EventManager : Event: ======'machine_var_audits_switches_s_side_ramp_made'====== Args={'value': 1121, 'prev_value': 1120, 'change': 1}
2023-01-01 18:14:35,818 : INFO : EventManager : Event: ======'spot_triple_jackpot'====== Args={'priority': 0}
2023-01-01 18:14:35,819 : INFO : EventManager : Event: ======'award_triple_jackpot'====== Args={'priority': 0}
2023-01-01 18:14:35,819 : INFO : EventManager : Event: ======'spot_multiple_jackpot_sfx'====== Args={'priority': 0}
2023-01-01 18:14:35,819 : INFO : EventManager : Event: ======'spot_triple_jackpot_4_scan'====== Args={}
2023-01-01 18:14:35,820 : INFO : EventManager : Event: ======'spot_multiple_jackpot_sfx_3'====== Args={}
2023-01-01 18:14:35,821 : INFO : EventManager : Event: ======'spot_triple_jackpot_4'====== Args={'priority': 0}
2023-01-01 18:14:35,821 : INFO : EventManager : Event: ======'overridejackpot'====== Args={'priority': 0}
2023-01-01 18:14:35,821 : INFO : EventManager : Event: ======'player_shot_jackpot_4'====== Args={'value': 1, 'prev_value': 0, 'change': 1, 'player_num': 1}
2023-01-01 18:14:35,822 : INFO : EventManager : Event: ======'player_score'====== Args={'value': 120000000, 'prev_value': 60000000, 'change': 60000000, 'player_num': 1}
2023-01-01 18:14:35,822 : INFO : EventManager : Event: ======'player_hctotal'====== Args={'value': 120000000, 'prev_value': 60000000, 'change': 60000000, 'player_num': 1}
2023-01-01 18:14:35,824 : INFO : EventManager : Event: ======'logicblock_hc_secondary_updated'====== Args={'value': 1, 'enabled': True}
2023-01-01 18:14:35,824 : INFO : EventManager : Event: ======'counter_hc_secondary_hit'====== Args={'count': 1, 'remaining': 2}
2023-01-01 18:14:35,825 : INFO : EventManager : Event: ======'logicblock_hc_secondary_hit'====== Args={'count': 1, 'remaining': 2}
2023-01-01 18:14:35,825 : INFO : EventManager : Event: ======'player_capture_hurryup_capture_timer_tick'====== Args={'value': 5, 'prev_value': 3, 'change': 2, 'player_num': 1}
2023-01-01 18:14:35,825 : INFO : EventManager : Event: ======'player_capture_timer_number'====== Args={'value': 5, 'prev_value': 3, 'change': 2, 'player_num': 1}
2023-01-01 18:14:35,927 : INFO : SwitchController : <<<<<<< 's_side_ramp_made' inactive >>>>>>>
2023-01-01 18:14:36,826 : INFO : EventManager : Event: ======'remove_hc_4'====== Args={'priority': 0}
2023-01-01 18:14:36,827 : INFO : EventManager : Event: ======'player_capture_hurryup_capture_timer_tick'====== Args={'value': 4, 'prev_value': 5, 'change': -1, 'player_num': 1}
2023-01-01 18:14:36,828 : INFO : EventManager : Event: ======'timer_capture_timer_tick'====== Args={'ticks': 4, 'ticks_remaining': 4}
2023-01-01 18:14:36,828 : INFO : EventManager : Event: ======'player_capture_timer_number'====== Args={'value': 4, 'prev_value': 5, 'change': -1, 'player_num': 1}
2023-01-01 18:14:37,804 : INFO : EventManager : Event: ======'player_capture_hurryup_capture_timer_tick'====== Args={'value': 3, 'prev_value': 4, 'change': -1, 'player_num': 1}
2023-01-01 18:14:37,805 : INFO : EventManager : Event: ======'timer_capture_timer_tick'====== Args={'ticks': 3, 'ticks_remaining': 3}
2023-01-01 18:14:37,806 : INFO : EventManager : Event: ======'player_capture_timer_number'====== Args={'value': 3, 'prev_value': 4, 'change': -1, 'player_num': 1}
2023-01-01 18:14:38,006 : INFO : EventManager : Event: ======'jackpot_4_text_removed'====== Args={'priority': 0}
2023-01-01 18:14:38,007 : INFO : EventManager : Event: ======'jackpot_text_remove'====== Args={'priority': 0}
2023-01-01 18:14:38,478 : INFO : SwitchController : <<<<<<< 's_side_ramp_made' active >>>>>>>
2023-01-01 18:14:38,478 : INFO : EventManager : Event: ======'s_side_ramp_made_active'====== Args={}
2023-01-01 18:14:38,478 : INFO : EventManager : Event: ======'sw_switch_hit'====== Args={}
2023-01-01 18:14:38,479 : INFO : EventManager : Event: ======'machine_var_audits_switches_s_side_ramp_made'====== Args={'value': 1122, 'prev_value': 1121, 'change': 1}
2023-01-01 18:14:38,501 : INFO : EventManager : Event: ======'spot_triple_jackpot'====== Args={'priority': 0}
2023-01-01 18:14:38,501 : INFO : EventManager : Event: ======'award_triple_jackpot'====== Args={'priority': 0}
2023-01-01 18:14:38,504 : INFO : EventManager : Event: ======'spot_multiple_jackpot_sfx'====== Args={'priority': 0}
2023-01-01 18:14:38,505 : INFO : EventManager : Event: ======'spot_triple_jackpot_5_scan'====== Args={}
2023-01-01 18:14:38,505 : INFO : EventManager : Event: ======'spot_multiple_jackpot_sfx_2'====== Args={}
2023-01-01 18:14:38,506 : INFO : EventManager : Event: ======'spot_triple_jackpot_5'====== Args={'priority': 0}
2023-01-01 18:14:38,506 : INFO : EventManager : Event: ======'overridejackpot'====== Args={'priority': 0}
2023-01-01 18:14:38,506 : INFO : EventManager : Event: ======'player_shot_jackpot_5'====== Args={'value': 1, 'prev_value': 0, 'change': 1, 'player_num': 1}
2023-01-01 18:14:38,507 : INFO : EventManager : Event: ======'player_score'====== Args={'value': 180000000, 'prev_value': 120000000, 'change': 60000000, 'player_num': 1}
2023-01-01 18:14:38,507 : INFO : EventManager : Event: ======'player_hctotal'====== Args={'value': 180000000, 'prev_value': 120000000, 'change': 60000000, 'player_num': 1}
2023-01-01 18:14:38,508 : INFO : EventManager : Event: ======'logicblock_hc_secondary_updated'====== Args={'value': 2, 'enabled': True}
2023-01-01 18:14:38,509 : INFO : EventManager : Event: ======'counter_hc_secondary_hit'====== Args={'count': 2, 'remaining': 1}
2023-01-01 18:14:38,509 : INFO : EventManager : Event: ======'logicblock_hc_secondary_hit'====== Args={'count': 2, 'remaining': 1}
2023-01-01 18:14:38,509 : INFO : EventManager : Event: ======'player_capture_hurryup_capture_timer_tick'====== Args={'value': 5, 'prev_value': 3, 'change': 2, 'player_num': 1}
2023-01-01 18:14:38,509 : INFO : EventManager : Event: ======'player_capture_timer_number'====== Args={'value': 5, 'prev_value': 3, 'change': 2, 'player_num': 1}
2023-01-01 18:14:38,555 : INFO : SwitchController : <<<<<<< 's_side_ramp_made' inactive >>>>>>>
2023-01-01 18:14:39,516 : INFO : EventManager : Event: ======'remove_hc_5'====== Args={'priority': 0}
2023-01-01 18:14:39,516 : INFO : EventManager : Event: ======'player_capture_hurryup_capture_timer_tick'====== Args={'value': 4, 'prev_value': 5, 'change': -1, 'player_num': 1}
2023-01-01 18:14:39,517 : INFO : EventManager : Event: ======'timer_capture_timer_tick'====== Args={'ticks': 4, 'ticks_remaining': 4}
2023-01-01 18:14:39,517 : INFO : EventManager : Event: ======'player_capture_timer_number'====== Args={'value': 4, 'prev_value': 5, 'change': -1, 'player_num': 1}
2023-01-01 18:14:40,514 : INFO : EventManager : Event: ======'player_capture_hurryup_capture_timer_tick'====== Args={'value': 3, 'prev_value': 4, 'change': -1, 'player_num': 1}
2023-01-01 18:14:40,514 : INFO : EventManager : Event: ======'timer_capture_timer_tick'====== Args={'ticks': 3, 'ticks_remaining': 3}
2023-01-01 18:14:40,515 : INFO : EventManager : Event: ======'player_capture_timer_number'====== Args={'value': 3, 'prev_value': 4, 'change': -1, 'player_num': 1}
2023-01-01 18:14:40,719 : INFO : EventManager : Event: ======'jackpot_5_text_removed'====== Args={'priority': 0}
2023-01-01 18:14:40,719 : INFO : EventManager : Event: ======'jackpot_text_remove'====== Args={'priority': 0}
2023-01-01 18:14:41,523 : INFO : EventManager : Event: ======'player_capture_hurryup_capture_timer_tick'====== Args={'value': 2, 'prev_value': 3, 'change': -1, 'player_num': 1}
2023-01-01 18:14:41,523 : INFO : EventManager : Event: ======'timer_capture_timer_tick'====== Args={'ticks': 2, 'ticks_remaining': 2}
2023-01-01 18:14:41,524 : INFO : EventManager : Event: ======'player_capture_timer_number'====== Args={'value': 2, 'prev_value': 3, 'change': -1, 'player_num': 1}
2023-01-01 18:14:42,516 : INFO : EventManager : Event: ======'player_capture_hurryup_capture_timer_tick'====== Args={'value': 1, 'prev_value': 2, 'change': -1, 'player_num': 1}
2023-01-01 18:14:42,516 : INFO : EventManager : Event: ======'timer_capture_timer_tick'====== Args={'ticks': 1, 'ticks_remaining': 1}
2023-01-01 18:14:42,517 : INFO : EventManager : Event: ======'player_capture_timer_number'====== Args={'value': 1, 'prev_value': 2, 'change': -1, 'player_num': 1}
2023-01-01 18:14:43,507 : INFO : EventManager : Event: ======'player_capture_hurryup_capture_timer_tick'====== Args={'value': 0, 'prev_value': 1, 'change': -1, 'player_num': 1}
2023-01-01 18:14:43,508 : INFO : Timer.capture_timer : Timer Complete
2023-01-01 18:14:43,508 : INFO : Timer.capture_timer : Stopping Timer
2023-01-01 18:14:43,508 : INFO : EventManager : Event: ======'timer_capture_timer_stopped'====== Args={'ticks': 0, 'ticks_remaining': 1}
2023-01-01 18:14:43,508 : INFO : EventManager : Event: ======'timer_capture_timer_complete'====== Args={'ticks': 0, 'ticks_remaining': 1}
2023-01-01 18:14:43,509 : INFO : EventManager : Event: ======'player_capture_timer_number'====== Args={'value': 0, 'prev_value': 1, 'change': -1, 'player_num': 1}
2023-01-01 18:14:47,209 : INFO : SwitchController : <<<<<<< 's_side_ramp_made' active >>>>>>>
2023-01-01 18:14:47,209 : INFO : EventManager : Event: ======'s_side_ramp_made_active'====== Args={}
2023-01-01 18:14:47,210 : INFO : EventManager : Event: ======'sw_switch_hit'====== Args={}
2023-01-01 18:14:47,210 : INFO : EventManager : Event: ======'machine_var_audits_switches_s_side_ramp_made'====== Args={'value': 1123, 'prev_value': 1122, 'change': 1}
2023-01-01 18:14:47,234 : INFO : EventManager : Event: ======'spot_triple_jackpot'====== Args={'priority': 0}
2023-01-01 18:14:47,235 : INFO : EventManager : Event: ======'award_triple_jackpot'====== Args={'priority': 0}
2023-01-01 18:14:47,235 : INFO : EventManager : Event: ======'spot_multiple_jackpot_sfx'====== Args={'priority': 0}
2023-01-01 18:14:47,236 : INFO : EventManager : Event: ======'spot_triple_jackpot_3_scan'====== Args={}
2023-01-01 18:14:47,236 : INFO : EventManager : Event: ======'spot_multiple_jackpot_sfx_1'====== Args={}
2023-01-01 18:14:47,237 : INFO : EventManager : Event: ======'spot_triple_jackpot_3'====== Args={'priority': 0}
2023-01-01 18:14:47,237 : INFO : EventManager : Event: ======'overridejackpot'====== Args={'priority': 0}
2023-01-01 18:14:47,238 : INFO : EventManager : Event: ======'player_shot_jackpot_3'====== Args={'value': 1, 'prev_value': 0, 'change': 1, 'player_num': 1}
2023-01-01 18:14:47,239 : INFO : EventManager : Event: ======'player_score'====== Args={'value': 240000000, 'prev_value': 180000000, 'change': 60000000, 'player_num': 1}
2023-01-01 18:14:47,239 : INFO : EventManager : Event: ======'player_hctotal'====== Args={'value': 240000000, 'prev_value': 180000000, 'change': 60000000, 'player_num': 1}
2023-01-01 18:14:47,240 : INFO : EventManager : Event: ======'logicblock_hc_secondary_updated'====== Args={'value': 3, 'enabled': True}
2023-01-01 18:14:47,240 : INFO : EventManager : Event: ======'counter_hc_secondary_hit'====== Args={'count': 3, 'remaining': 0}
2023-01-01 18:14:47,240 : INFO : EventManager : Event: ======'logicblock_hc_secondary_hit'====== Args={'count': 3, 'remaining': 0}
2023-01-01 18:14:47,241 : INFO : EventManager : Event: ======'logicblock_hc_secondary_complete'====== Args={}
2023-01-01 18:14:47,241 : INFO : EventManager : Event: ======'logicblock_hc_secondary_updated'====== Args={'value': 0, 'enabled': True}
2023-01-01 18:14:47,241 : INFO : EventManager : Event: ======'player_capture_hurryup_capture_timer_tick'====== Args={'value': 5, 'prev_value': 0, 'change': 5, 'player_num': 1}
2023-01-01 18:14:47,242 : INFO : Timer.capture_timer : Starting Timer.
2023-01-01 18:14:47,242 : INFO : EventManager : Event: ======'timer_capture_timer_started'====== Args={'ticks': 5, 'ticks_remaining': 5}
2023-01-01 18:14:47,242 : INFO : EventManager : Event: ======'timer_capture_timer_tick'====== Args={'ticks': 5, 'ticks_remaining': 5}
2023-01-01 18:14:47,242 : INFO : EventManager : Event: ======'hc_sc_9'====== Args={}
2023-01-01 18:14:47,243 : INFO : EventManager : Event: ======'player_capture_timer_number'====== Args={'value': 5, 'prev_value': 0, 'change': 5, 'player_num': 1}
2023-01-01 18:14:47,332 : INFO : SwitchController : <<<<<<< 's_side_ramp_made' inactive >>>>>>>
2023-01-01 18:14:48,240 : INFO : EventManager : Event: ======'player_capture_hurryup_capture_timer_tick'====== Args={'value': 4, 'prev_value': 5, 'change': -1, 'player_num': 1}
2023-01-01 18:14:48,240 : INFO : EventManager : Event: ======'timer_capture_timer_tick'====== Args={'ticks': 4, 'ticks_remaining': 4}
2023-01-01 18:14:48,241 : INFO : EventManager : Event: ======'remove_hc_3'====== Args={'priority': 0}
2023-01-01 18:14:48,241 : INFO : EventManager : Event: ======'player_capture_timer_number'====== Args={'value': 4, 'prev_value': 5, 'change': -1, 'player_num': 1}
2023-01-01 18:14:49,239 : INFO : EventManager : Event: ======'player_capture_hurryup_capture_timer_tick'====== Args={'value': 3, 'prev_value': 4, 'change': -1, 'player_num': 1}
2023-01-01 18:14:49,239 : INFO : EventManager : Event: ======'timer_capture_timer_tick'====== Args={'ticks': 3, 'ticks_remaining': 3}
2023-01-01 18:14:49,240 : INFO : EventManager : Event: ======'player_capture_timer_number'====== Args={'value': 3, 'prev_value': 4, 'change': -1, 'player_num': 1}
2023-01-01 18:14:49,439 : INFO : EventManager : Event: ======'jackpot_3_text_removed'====== Args={'priority': 0}
2023-01-01 18:14:49,439 : INFO : EventManager : Event: ======'jackpot_text_remove'====== Args={'priority': 0}
2023-01-01 18:14:49,897 : INFO : SwitchController : <<<<<<< 's_side_ramp_made' active >>>>>>>
2023-01-01 18:14:49,897 : INFO : EventManager : Event: ======'s_side_ramp_made_active'====== Args={}
2023-01-01 18:14:49,897 : INFO : EventManager : Event: ======'sw_switch_hit'====== Args={}
2023-01-01 18:14:49,897 : INFO : EventManager : Event: ======'machine_var_audits_switches_s_side_ramp_made'====== Args={'value': 1124, 'prev_value': 1123, 'change': 1}
2023-01-01 18:14:49,907 : INFO : EventManager : Event: ======'spot_triple_jackpot'====== Args={'priority': 0}
2023-01-01 18:14:49,921 : INFO : EventManager : Event: ======'award_triple_jackpot'====== Args={'priority': 0}
2023-01-01 18:14:49,921 : INFO : EventManager : Event: ======'spot_multiple_jackpot_sfx'====== Args={'priority': 0}
2023-01-01 18:14:49,921 : INFO : EventManager : Event: ======'spot_triple_jackpot_1_scan'====== Args={}
2023-01-01 18:14:49,922 : INFO : EventManager : Event: ======'spot_multiple_jackpot_sfx_2'====== Args={}
2023-01-01 18:14:49,922 : INFO : EventManager : Event: ======'spot_triple_jackpot_1'====== Args={'priority': 0}
2023-01-01 18:14:49,923 : INFO : EventManager : Event: ======'overridejackpot'====== Args={'priority': 0}
2023-01-01 18:14:49,923 : INFO : EventManager : Event: ======'player_shot_jackpot_1'====== Args={'value': 1, 'prev_value': 0, 'change': 1, 'player_num': 1}
2023-01-01 18:14:49,924 : INFO : EventManager : Event: ======'player_score'====== Args={'value': 300000000, 'prev_value': 240000000, 'change': 60000000, 'player_num': 1}
2023-01-01 18:14:49,924 : INFO : EventManager : Event: ======'player_hctotal'====== Args={'value': 300000000, 'prev_value': 240000000, 'change': 60000000, 'player_num': 1}
2023-01-01 18:14:49,925 : INFO : EventManager : Event: ======'logicblock_hc_secondary_updated'====== Args={'value': 1, 'enabled': True}
2023-01-01 18:14:49,926 : INFO : EventManager : Event: ======'counter_hc_secondary_hit'====== Args={'count': 1, 'remaining': 2}
2023-01-01 18:14:49,926 : INFO : EventManager : Event: ======'logicblock_hc_secondary_hit'====== Args={'count': 1, 'remaining': 2}
2023-01-01 18:14:49,926 : INFO : EventManager : Event: ======'player_capture_hurryup_capture_timer_tick'====== Args={'value': 5, 'prev_value': 3, 'change': 2, 'player_num': 1}
2023-01-01 18:14:49,926 : INFO : EventManager : Event: ======'player_capture_timer_number'====== Args={'value': 5, 'prev_value': 3, 'change': 2, 'player_num': 1}
2023-01-01 18:14:50,008 : INFO : SwitchController : <<<<<<< 's_side_ramp_made' inactive >>>>>>>
2023-01-01 18:14:50,925 : INFO : EventManager : Event: ======'remove_hc_1'====== Args={'priority': 0}
2023-01-01 18:14:50,926 : INFO : EventManager : Event: ======'player_capture_hurryup_capture_timer_tick'====== Args={'value': 4, 'prev_value': 5, 'change': -1, 'player_num': 1}
2023-01-01 18:14:50,927 : INFO : EventManager : Event: ======'timer_capture_timer_tick'====== Args={'ticks': 4, 'ticks_remaining': 4}
2023-01-01 18:14:50,927 : INFO : EventManager : Event: ======'player_capture_timer_number'====== Args={'value': 4, 'prev_value': 5, 'change': -1, 'player_num': 1}
2023-01-01 18:14:51,950 : INFO : EventManager : Event: ======'player_capture_hurryup_capture_timer_tick'====== Args={'value': 3, 'prev_value': 4, 'change': -1, 'player_num': 1}
2023-01-01 18:14:51,951 : INFO : EventManager : Event: ======'timer_capture_timer_tick'====== Args={'ticks': 3, 'ticks_remaining': 3}
2023-01-01 18:14:51,951 : INFO : EventManager : Event: ======'player_capture_timer_number'====== Args={'value': 3, 'prev_value': 4, 'change': -1, 'player_num': 1}
2023-01-01 18:14:52,027 : INFO : SwitchController : <<<<<<< 's_side_ramp_made' active >>>>>>>
2023-01-01 18:14:52,027 : INFO : EventManager : Event: ======'s_side_ramp_made_active'====== Args={}
2023-01-01 18:14:52,027 : INFO : EventManager : Event: ======'sw_switch_hit'====== Args={}
2023-01-01 18:14:52,028 : INFO : EventManager : Event: ======'machine_var_audits_switches_s_side_ramp_made'====== Args={'value': 1125, 'prev_value': 1124, 'change': 1}
2023-01-01 18:14:52,038 : INFO : EventManager : Event: ======'spot_triple_jackpot'====== Args={'priority': 0}
2023-01-01 18:14:52,038 : INFO : EventManager : Event: ======'award_triple_jackpot'====== Args={'priority': 0}
2023-01-01 18:14:52,039 : INFO : EventManager : Event: ======'spot_multiple_jackpot_sfx'====== Args={'priority': 0}
2023-01-01 18:14:52,039 : INFO : EventManager : Event: ======'spot_triple_jackpot_6_scan'====== Args={}
2023-01-01 18:14:52,039 : INFO : EventManager : Event: ======'spot_multiple_jackpot_sfx_3'====== Args={}
2023-01-01 18:14:52,040 : INFO : EventManager : Event: ======'spot_triple_jackpot_6'====== Args={'priority': 0}
2023-01-01 18:14:52,040 : INFO : EventManager : Event: ======'overridejackpot'====== Args={'priority': 0}
2023-01-01 18:14:52,041 : INFO : EventManager : Event: ======'player_shot_jackpot_6'====== Args={'value': 1, 'prev_value': 0, 'change': 1, 'player_num': 1}
2023-01-01 18:14:52,042 : INFO : EventManager : Event: ======'jackpots_lit_complete'====== Args={'priority': 0}
2023-01-01 18:14:52,042 : INFO : state_machine.hc_multiball : Transitioning from jackpot to superjackpot
2023-01-01 18:14:52,042 : INFO : EventManager : Event: ======'jackpot_stopped'====== Args={}
2023-01-01 18:14:52,043 : INFO : EventManager : Event: ======'super_jackpot_start'====== Args={}
2023-01-01 18:14:52,043 : INFO : EventManager : Event: ======'mode_hc_multiball_super_will_start'====== Args={}
2023-01-01 18:14:52,049 : INFO : EventManager : Event: ======'mode_hc_multiball_super_starting'====== Args={}
2023-01-01 18:14:52,049 : INFO : EventManager : Event: ======'player_score'====== Args={'value': 360000000, 'prev_value': 300000000, 'change': 60000000, 'player_num': 1}
2023-01-01 18:14:52,049 : INFO : EventManager : Event: ======'player_hctotal'====== Args={'value': 360000000, 'prev_value': 300000000, 'change': 60000000, 'player_num': 1}
2023-01-01 18:14:52,050 : INFO : EventManager : Event: ======'logicblock_hc_secondary_updated'====== Args={'value': 2, 'enabled': True}
2023-01-01 18:14:52,051 : INFO : EventManager : Event: ======'counter_hc_secondary_hit'====== Args={'count': 2, 'remaining': 1}
2023-01-01 18:14:52,051 : INFO : EventManager : Event: ======'logicblock_hc_secondary_hit'====== Args={'count': 2, 'remaining': 1}
2023-01-01 18:14:52,051 : INFO : EventManager : Event: ======'player_capture_hurryup_capture_timer_tick'====== Args={'value': 5, 'prev_value': 3, 'change': 2, 'player_num': 1}
2023-01-01 18:14:52,052 : INFO : EventManager : Event: ======'player_capture_timer_number'====== Args={'value': 5, 'prev_value': 3, 'change': 2, 'player_num': 1}
2023-01-01 18:14:52,052 : INFO : Mode.hc_multiball_super : Started. Priority: 300
2023-01-01 18:14:52,052 : INFO : EventManager : Event: ======'modes_active_modes_changed'====== Args={}
2023-01-01 18:14:52,052 : INFO : EventManager : Event: ======'super_hold_enable'====== Args={}
2023-01-01 18:14:52,052 : INFO : EventManager : Event: ======'mode_hc_multiball_super_started'====== Args={}
2023-01-01 18:14:52,053 : INFO : EventManager : Event: ======'check_super_text_locked'====== Args={'priority': 0}
2023-01-01 18:14:52,054 : INFO : EventManager : Event: ======'player_super_time'====== Args={'value': 0, 'prev_value': 0, 'change': 0, 'player_num': 1}
2023-01-01 18:14:52,054 : INFO : EventManager : Event: ======'update_super_text_0_locked'====== Args={'priority': 0}
2023-01-01 18:14:52,054 : INFO : EventManager : Event: ======'check_super_text_offline'====== Args={'priority': 0}
2023-01-01 18:14:52,095 : INFO : EventManager : Event: ======'slide_hc_super_slide_created'====== Args={'_from_bcp': True}
2023-01-01 18:14:52,110 : INFO : EventManager : Event: ======'jackpot_1_text_removed'====== Args={'priority': 0}
2023-01-01 18:14:52,111 : INFO : EventManager : Event: ======'jackpot_text_remove'====== Args={'priority': 0}
2023-01-01 18:14:52,148 : INFO : SwitchController : <<<<<<< 's_side_ramp_made' inactive >>>>>>>
2023-01-01 18:14:53,064 : INFO : EventManager : Event: ======'remove_hc_6'====== Args={'priority': 0}
2023-01-01 18:14:53,065 : INFO : EventManager : Event: ======'player_capture_hurryup_capture_timer_tick'====== Args={'value': 4, 'prev_value': 5, 'change': -1, 'player_num': 1}
2023-01-01 18:14:53,065 : INFO : EventManager : Event: ======'timer_capture_timer_tick'====== Args={'ticks': 4, 'ticks_remaining': 4}
2023-01-01 18:14:53,066 : INFO : EventManager : Event: ======'player_capture_timer_number'====== Args={'value': 4, 'prev_value': 5, 'change': -1, 'player_num': 1}
2023-01-01 18:14:54,062 : INFO : EventManager : Event: ======'player_capture_hurryup_capture_timer_tick'====== Args={'value': 3, 'prev_value': 4, 'change': -1, 'player_num': 1}
2023-01-01 18:14:54,062 : INFO : EventManager : Event: ======'timer_capture_timer_tick'====== Args={'ticks': 3, 'ticks_remaining': 3}
2023-01-01 18:14:54,063 : INFO : EventManager : Event: ======'player_capture_timer_number'====== Args={'value': 3, 'prev_value': 4, 'change': -1, 'player_num': 1}
2023-01-01 18:14:54,224 : INFO : EventManager : Event: ======'activate_jackpot_to_super'====== Args={'priority': 0}
2023-01-01 18:14:54,224 : INFO : EventManager : Event: ======'jackpot_6_text_removed'====== Args={'priority': 0}
2023-01-01 18:14:54,225 : INFO : EventManager : Event: ======'activate_super_transition_slide_1'====== Args={'priority': 0}
2023-01-01 18:14:54,226 : INFO : EventManager : Event: ======'jackpot_text_remove'====== Args={'priority': 0}
2023-01-01 18:14:54,253 : INFO : EventManager : Event: ======'slide_super_transition_slide_1_created'====== Args={'_from_bcp': True}
2023-01-01 18:14:54,262 : INFO : EventManager : Event: ======'slide_super_transition_slide_1_active'====== Args={'_from_bcp': True}
2023-01-01 18:14:55,059 : INFO : EventManager : Event: ======'player_capture_hurryup_capture_timer_tick'====== Args={'value': 2, 'prev_value': 3, 'change': -1, 'player_num': 1}
2023-01-01 18:14:55,059 : INFO : EventManager : Event: ======'timer_capture_timer_tick'====== Args={'ticks': 2, 'ticks_remaining': 2}
2023-01-01 18:14:55,060 : INFO : EventManager : Event: ======'player_capture_timer_number'====== Args={'value': 2, 'prev_value': 3, 'change': -1, 'player_num': 1}
2023-01-01 18:14:56,065 : INFO : EventManager : Event: ======'player_capture_hurryup_capture_timer_tick'====== Args={'value': 1, 'prev_value': 2, 'change': -1, 'player_num': 1}
2023-01-01 18:14:56,065 : INFO : EventManager : Event: ======'timer_capture_timer_tick'====== Args={'ticks': 1, 'ticks_remaining': 1}
2023-01-01 18:14:56,066 : INFO : EventManager : Event: ======'player_capture_timer_number'====== Args={'value': 1, 'prev_value': 2, 'change': -1, 'player_num': 1}
2023-01-01 18:14:56,207 : INFO : EventManager : Event: ======'activate_super_transition_slide_2'====== Args={'priority': 0}
2023-01-01 18:14:56,208 : INFO : EventManager : Event: ======'stop_jackpot'====== Args={'priority': 0}
2023-01-01 18:14:56,208 : INFO : EventManager : Event: ======'player_shot_jackpot_1'====== Args={'value': 0, 'prev_value': 1, 'change': -1, 'player_num': 1}
2023-01-01 18:14:56,209 : INFO : EventManager : Event: ======'player_shot_jackpot_2'====== Args={'value': 0, 'prev_value': 1, 'change': -1, 'player_num': 1}
2023-01-01 18:14:56,209 : INFO : EventManager : Event: ======'player_shot_jackpot_3'====== Args={'value': 0, 'prev_value': 1, 'change': -1, 'player_num': 1}
2023-01-01 18:14:56,210 : INFO : EventManager : Event: ======'player_shot_jackpot_4'====== Args={'value': 0, 'prev_value': 1, 'change': -1, 'player_num': 1}
2023-01-01 18:14:56,210 : INFO : EventManager : Event: ======'player_shot_jackpot_5'====== Args={'value': 0, 'prev_value': 1, 'change': -1, 'player_num': 1}
2023-01-01 18:14:56,211 : INFO : EventManager : Event: ======'player_shot_jackpot_6'====== Args={'value': 0, 'prev_value': 1, 'change': -1, 'player_num': 1}
2023-01-01 18:14:56,211 : INFO : EventManager : Event: ======'mode_hc_multiball_will_stop'====== Args={}
2023-01-01 18:14:56,212 : INFO : EventManager : Event: ======'mode_hc_multiball_stopping'====== Args={}
2023-01-01 18:14:56,212 : INFO : Mode.hc_multiball : Stopped.
2023-01-01 18:14:56,212 : INFO : EventManager : Event: ======'modes_active_modes_changed'====== Args={}
2023-01-01 18:14:56,213 : INFO : EventManager : Event: ======'mode_hc_multiball_stopped'====== Args={}
2023-01-01 18:14:56,213 : INFO : EventManager : Event: ======'clear'====== Args={'key': 'hc_multiball'}
2023-01-01 18:14:56,269 : INFO : EventManager : Event: ======'slide_high_caliber_slide_removed'====== Args={'_from_bcp': True}
2023-01-01 18:14:56,270 : INFO : EventManager : Event: ======'slide_super_transition_slide_2_created'====== Args={'_from_bcp': True}
2023-01-01 18:14:56,270 : INFO : EventManager : Event: ======'slide_super_transition_slide_2_active'====== Args={'_from_bcp': True}
2023-01-01 18:14:56,270 : INFO : EventManager : Event: ======'slide_super_transition_slide_1_removed'====== Args={'_from_bcp': True}
2023-01-01 18:14:57,059 : INFO : EventManager : Event: ======'player_capture_hurryup_capture_timer_tick'====== Args={'value': 0, 'prev_value': 1, 'change': -1, 'player_num': 1}
2023-01-01 18:14:57,060 : INFO : Timer.capture_timer : Timer Complete
2023-01-01 18:14:57,060 : INFO : Timer.capture_timer : Stopping Timer
2023-01-01 18:14:57,060 : INFO : EventManager : Event: ======'timer_capture_timer_stopped'====== Args={'ticks': 0, 'ticks_remaining': 1}
2023-01-01 18:14:57,060 : INFO : EventManager : Event: ======'timer_capture_timer_complete'====== Args={'ticks': 0, 'ticks_remaining': 1}
2023-01-01 18:14:57,061 : INFO : EventManager : Event: ======'player_capture_timer_number'====== Args={'value': 0, 'prev_value': 1, 'change': -1, 'player_num': 1}
2023-01-01 18:14:58,237 : INFO : EventManager : Event: ======'slide_super_transition_slide_2_removed'====== Args={'_from_bcp': True}
2023-01-01 18:14:58,237 : INFO : EventManager : Event: ======'slide_hc_super_slide_active'====== Args={'_from_bcp': True}
2023-01-01 18:14:58,238 : INFO : EventManager : Event: ======'restart_super_time'====== Args={'priority': 0}
2023-01-01 18:14:58,238 : INFO : EventManager : Event: ======'player_hc_multiball_super_super_countdown_tick'====== Args={'value': 20, 'prev_value': 0, 'change': 20, 'player_num': 1}
2023-01-01 18:14:58,239 : INFO : Timer.super_countdown : Starting Timer.
2023-01-01 18:14:58,239 : INFO : EventManager : Event: ======'timer_super_countdown_started'====== Args={'ticks': 20, 'ticks_remaining': 20}
2023-01-01 18:14:58,239 : INFO : EventManager : Event: ======'timer_super_countdown_tick'====== Args={'ticks': 20, 'ticks_remaining': 20}
2023-01-01 18:14:58,239 : INFO : EventManager : Event: ======'player_super_time'====== Args={'value': 20, 'prev_value': 0, 'change': 20, 'player_num': 1}
2023-01-01 18:14:59,261 : INFO : EventManager : Event: ======'player_hc_multiball_super_super_countdown_tick'====== Args={'value': 19, 'prev_value': 20, 'change': -1, 'player_num': 1}
2023-01-01 18:14:59,262 : INFO : EventManager : Event: ======'timer_super_countdown_tick'====== Args={'ticks': 19, 'ticks_remaining': 19}
2023-01-01 18:14:59,262 : INFO : EventManager : Event: ======'player_super_time'====== Args={'value': 19, 'prev_value': 20, 'change': -1, 'player_num': 1}
2023-01-01 18:15:00,254 : INFO : EventManager : Event: ======'player_hc_multiball_super_super_countdown_tick'====== Args={'value': 18, 'prev_value': 19, 'change': -1, 'player_num': 1}
2023-01-01 18:15:00,254 : INFO : EventManager : Event: ======'timer_super_countdown_tick'====== Args={'ticks': 18, 'ticks_remaining': 18}
2023-01-01 18:15:00,255 : INFO : EventManager : Event: ======'player_super_time'====== Args={'value': 18, 'prev_value': 19, 'change': -1, 'player_num': 1}
2023-01-01 18:15:00,864 : INFO : SwitchController : <<<<<<< 's_lock_3' active >>>>>>>
2023-01-01 18:15:00,864 : INFO : EventManager : Event: ======'sw_switch_hit'====== Args={}
2023-01-01 18:15:00,865 : INFO : EventManager : Event: ======'machine_var_audits_switches_s_lock_3'====== Args={'value': 520, 'prev_value': 519, 'change': 1}
2023-01-01 18:15:00,866 : INFO : EventManager : Event: ======'player_capture_hurryup_capture_timer_tick'====== Args={'value': 5, 'prev_value': 0, 'change': 5, 'player_num': 1}
2023-01-01 18:15:00,875 : INFO : Timer.capture_timer : Starting Timer.
2023-01-01 18:15:00,876 : INFO : EventManager : Event: ======'timer_capture_timer_started'====== Args={'ticks': 5, 'ticks_remaining': 5}
2023-01-01 18:15:00,876 : INFO : EventManager : Event: ======'timer_capture_timer_tick'====== Args={'ticks': 5, 'ticks_remaining': 5}
2023-01-01 18:15:00,876 : INFO : EventManager : Event: ======'player_capture_timer_number'====== Args={'value': 5, 'prev_value': 0, 'change': 5, 'player_num': 1}
2023-01-01 18:15:01,255 : INFO : EventManager : Event: ======'player_hc_multiball_super_super_countdown_tick'====== Args={'value': 17, 'prev_value': 18, 'change': -1, 'player_num': 1}
2023-01-01 18:15:01,255 : INFO : EventManager : Event: ======'timer_super_countdown_tick'====== Args={'ticks': 17, 'ticks_remaining': 17}
2023-01-01 18:15:01,256 : INFO : EventManager : Event: ======'player_super_time'====== Args={'value': 17, 'prev_value': 18, 'change': -1, 'player_num': 1}
2023-01-01 18:15:01,369 : INFO : EventManager : Event: ======'balldevice_bd_hc_lock_ball_count_changed'====== Args={'balls': 1}
2023-01-01 18:15:01,370 : INFO : ball_device.bd_hc_lock : Received unexpected ball
2023-01-01 18:15:01,370 : INFO : EventManager : Event: ======'balldevice_captured_from_playfield'====== Args={'balls': 1}
2023-01-01 18:15:01,370 : INFO : EventManager : Event: ======'sw_playfield_active'====== Args={'balls': 1}
2023-01-01 18:15:01,371 : INFO : EventManager : Event: ======'playfield_ball_count_change'====== Args={'balls': 2, 'change': -1}
2023-01-01 18:15:01,372 : INFO : EventManager : Event: ======'balldevice_bd_hc_lock_ball_enter'====== Args={'new_balls': 1, 'unclaimed_balls': 1, 'new_available_balls': 1, 'device': <ball_device.bd_hc_lock>}
2023-01-01 18:15:01,372 : INFO : EventManager : Event: ======'ball_hold_super_hold_held_ball'====== Args={'balls_held': 1, 'total_balls_held': 1}
2023-01-01 18:15:01,372 : INFO : EventManager : Event: ======'player_super_lock'====== Args={'value': 1, 'prev_value': 0, 'change': 1, 'player_num': 1}
2023-01-01 18:15:01,373 : INFO : EventManager : Event: ======'scan_super'====== Args={'priority': 0}
2023-01-01 18:15:01,373 : INFO : EventManager : Event: ======'restart_super_time'====== Args={'priority': 0}
2023-01-01 18:15:01,373 : INFO : EventManager : Event: ======'super_lock_1'====== Args={'priority': 0}
2023-01-01 18:15:01,374 : INFO : EventManager : Event: ======'check_super_text_locked'====== Args={'priority': 0}
2023-01-01 18:15:01,374 : INFO : EventManager : Event: ======'update_super_text_1_locked'====== Args={'priority': 0}
2023-01-01 18:15:01,374 : INFO : EventManager : Event: ======'check_super_text_offline'====== Args={'priority': 0}
2023-01-01 18:15:01,375 : INFO : EventManager : Event: ======'player_hc_multiball_super_super_countdown_tick'====== Args={'value': 20, 'prev_value': 17, 'change': 3, 'player_num': 1}
2023-01-01 18:15:01,375 : INFO : EventManager : Event: ======'player_super_time'====== Args={'value': 20, 'prev_value': 17, 'change': 3, 'player_num': 1}
2023-01-01 18:15:01,376 : INFO : EventManager : Event: ======'balldevice_balls_available'====== Args={}
2023-01-01 18:15:01,376 : INFO : EventManager : Event: ======'balldevice_bd_hc_lock_ball_entered'====== Args={'new_balls': 1, 'device': <ball_device.bd_hc_lock>}
2023-01-01 18:15:01,883 : INFO : EventManager : Event: ======'player_capture_hurryup_capture_timer_tick'====== Args={'value': 4, 'prev_value': 5, 'change': -1, 'player_num': 1}
2023-01-01 18:15:01,884 : INFO : EventManager : Event: ======'timer_capture_timer_tick'====== Args={'ticks': 4, 'ticks_remaining': 4}
2023-01-01 18:15:01,884 : INFO : EventManager : Event: ======'player_capture_timer_number'====== Args={'value': 4, 'prev_value': 5, 'change': -1, 'player_num': 1}
2023-01-01 18:15:02,395 : INFO : EventManager : Event: ======'player_hc_multiball_super_super_countdown_tick'====== Args={'value': 19, 'prev_value': 20, 'change': -1, 'player_num': 1}
2023-01-01 18:15:02,396 : INFO : EventManager : Event: ======'timer_super_countdown_tick'====== Args={'ticks': 19, 'ticks_remaining': 19}
2023-01-01 18:15:02,396 : INFO : EventManager : Event: ======'player_super_time'====== Args={'value': 19, 'prev_value': 20, 'change': -1, 'player_num': 1}
2023-01-01 18:15:02,878 : INFO : EventManager : Event: ======'player_capture_hurryup_capture_timer_tick'====== Args={'value': 3, 'prev_value': 4, 'change': -1, 'player_num': 1}
2023-01-01 18:15:02,878 : INFO : EventManager : Event: ======'timer_capture_timer_tick'====== Args={'ticks': 3, 'ticks_remaining': 3}
2023-01-01 18:15:02,879 : INFO : EventManager : Event: ======'player_capture_timer_number'====== Args={'value': 3, 'prev_value': 4, 'change': -1, 'player_num': 1}
2023-01-01 18:15:03,364 : INFO : EventManager : Event: ======'player_hc_multiball_super_super_countdown_tick'====== Args={'value': 18, 'prev_value': 19, 'change': -1, 'player_num': 1}
2023-01-01 18:15:03,365 : INFO : EventManager : Event: ======'timer_super_countdown_tick'====== Args={'ticks': 18, 'ticks_remaining': 18}
2023-01-01 18:15:03,366 : INFO : EventManager : Event: ======'player_super_time'====== Args={'value': 18, 'prev_value': 19, 'change': -1, 'player_num': 1}
2023-01-01 18:15:03,868 : INFO : EventManager : Event: ======'player_capture_hurryup_capture_timer_tick'====== Args={'value': 2, 'prev_value': 3, 'change': -1, 'player_num': 1}
2023-01-01 18:15:03,868 : INFO : EventManager : Event: ======'timer_capture_timer_tick'====== Args={'ticks': 2, 'ticks_remaining': 2}
2023-01-01 18:15:03,869 : INFO : EventManager : Event: ======'player_capture_timer_number'====== Args={'value': 2, 'prev_value': 3, 'change': -1, 'player_num': 1}
2023-01-01 18:15:04,372 : INFO : EventManager : Event: ======'player_hc_multiball_super_super_countdown_tick'====== Args={'value': 17, 'prev_value': 18, 'change': -1, 'player_num': 1}
2023-01-01 18:15:04,372 : INFO : EventManager : Event: ======'timer_super_countdown_tick'====== Args={'ticks': 17, 'ticks_remaining': 17}
2023-01-01 18:15:04,373 : INFO : EventManager : Event: ======'player_super_time'====== Args={'value': 17, 'prev_value': 18, 'change': -1, 'player_num': 1}
2023-01-01 18:15:04,720 : INFO : SwitchController : <<<<<<< 's_lock_2' active >>>>>>>
2023-01-01 18:15:04,720 : INFO : EventManager : Event: ======'sw_switch_hit'====== Args={}
2023-01-01 18:15:04,720 : INFO : EventManager : Event: ======'machine_var_audits_switches_s_lock_2'====== Args={'value': 437, 'prev_value': 436, 'change': 1}
2023-01-01 18:15:04,731 : INFO : EventManager : Event: ======'player_capture_hurryup_capture_timer_tick'====== Args={'value': 5, 'prev_value': 2, 'change': 3, 'player_num': 1}
2023-01-01 18:15:04,732 : INFO : EventManager : Event: ======'player_capture_timer_number'====== Args={'value': 5, 'prev_value': 2, 'change': 3, 'player_num': 1}
2023-01-01 18:15:05,211 : INFO : EventManager : Event: ======'balldevice_bd_hc_lock_ball_count_changed'====== Args={'balls': 2}
2023-01-01 18:15:05,211 : INFO : ball_device.bd_hc_lock : Received unexpected ball
2023-01-01 18:15:05,211 : INFO : EventManager : Event: ======'balldevice_captured_from_playfield'====== Args={'balls': 1}
2023-01-01 18:15:05,212 : INFO : EventManager : Event: ======'sw_playfield_active'====== Args={'balls': 1}
2023-01-01 18:15:05,212 : INFO : EventManager : Event: ======'playfield_ball_count_change'====== Args={'balls': 1, 'change': -1}
2023-01-01 18:15:05,213 : INFO : EventManager : Event: ======'balldevice_bd_hc_lock_ball_enter'====== Args={'new_balls': 1, 'unclaimed_balls': 1, 'new_available_balls': 1, 'device': <ball_device.bd_hc_lock>}
2023-01-01 18:15:05,228 : INFO : EventManager : Event: ======'ball_hold_super_hold_held_ball'====== Args={'balls_held': 1, 'total_balls_held': 2}
2023-01-01 18:15:05,228 : INFO : EventManager : Event: ======'player_super_lock'====== Args={'value': 2, 'prev_value': 1, 'change': 1, 'player_num': 1}
2023-01-01 18:15:05,229 : INFO : EventManager : Event: ======'scan_super'====== Args={'priority': 0}
2023-01-01 18:15:05,229 : INFO : EventManager : Event: ======'restart_super_time'====== Args={'priority': 0}
2023-01-01 18:15:05,230 : INFO : EventManager : Event: ======'super_lock_2'====== Args={'priority': 0}
2023-01-01 18:15:05,230 : INFO : EventManager : Event: ======'check_super_text_locked'====== Args={'priority': 0}
2023-01-01 18:15:05,231 : INFO : EventManager : Event: ======'update_super_text_2_locked'====== Args={'priority': 0}
2023-01-01 18:15:05,231 : INFO : EventManager : Event: ======'check_super_text_offline'====== Args={'priority': 0}
2023-01-01 18:15:05,232 : INFO : EventManager : Event: ======'player_hc_multiball_super_super_countdown_tick'====== Args={'value': 20, 'prev_value': 17, 'change': 3, 'player_num': 1}
2023-01-01 18:15:05,232 : INFO : EventManager : Event: ======'player_super_time'====== Args={'value': 20, 'prev_value': 17, 'change': 3, 'player_num': 1}
2023-01-01 18:15:05,233 : INFO : EventManager : Event: ======'balldevice_balls_available'====== Args={}
2023-01-01 18:15:05,233 : INFO : EventManager : Event: ======'balldevice_bd_hc_lock_ball_entered'====== Args={'new_balls': 1, 'device': <ball_device.bd_hc_lock>}
2023-01-01 18:15:05,709 : INFO : EventManager : Event: ======'player_capture_hurryup_capture_timer_tick'====== Args={'value': 4, 'prev_value': 5, 'change': -1, 'player_num': 1}
2023-01-01 18:15:05,709 : INFO : EventManager : Event: ======'timer_capture_timer_tick'====== Args={'ticks': 4, 'ticks_remaining': 4}
2023-01-01 18:15:05,710 : INFO : EventManager : Event: ======'player_capture_timer_number'====== Args={'value': 4, 'prev_value': 5, 'change': -1, 'player_num': 1}
2023-01-01 18:15:06,208 : INFO : EventManager : Event: ======'player_hc_multiball_super_super_countdown_tick'====== Args={'value': 19, 'prev_value': 20, 'change': -1, 'player_num': 1}
2023-01-01 18:15:06,209 : INFO : EventManager : Event: ======'timer_super_countdown_tick'====== Args={'ticks': 19, 'ticks_remaining': 19}
2023-01-01 18:15:06,210 : INFO : EventManager : Event: ======'player_super_time'====== Args={'value': 19, 'prev_value': 20, 'change': -1, 'player_num': 1}
2023-01-01 18:15:06,708 : INFO : EventManager : Event: ======'player_capture_hurryup_capture_timer_tick'====== Args={'value': 3, 'prev_value': 4, 'change': -1, 'player_num': 1}
2023-01-01 18:15:06,708 : INFO : EventManager : Event: ======'timer_capture_timer_tick'====== Args={'ticks': 3, 'ticks_remaining': 3}
2023-01-01 18:15:06,709 : INFO : EventManager : Event: ======'player_capture_timer_number'====== Args={'value': 3, 'prev_value': 4, 'change': -1, 'player_num': 1}
2023-01-01 18:15:07,208 : INFO : EventManager : Event: ======'player_hc_multiball_super_super_countdown_tick'====== Args={'value': 18, 'prev_value': 19, 'change': -1, 'player_num': 1}
2023-01-01 18:15:07,208 : INFO : EventManager : Event: ======'timer_super_countdown_tick'====== Args={'ticks': 18, 'ticks_remaining': 18}
2023-01-01 18:15:07,209 : INFO : EventManager : Event: ======'player_super_time'====== Args={'value': 18, 'prev_value': 19, 'change': -1, 'player_num': 1}
2023-01-01 18:15:07,708 : INFO : EventManager : Event: ======'player_capture_hurryup_capture_timer_tick'====== Args={'value': 2, 'prev_value': 3, 'change': -1, 'player_num': 1}
2023-01-01 18:15:07,709 : INFO : EventManager : Event: ======'timer_capture_timer_tick'====== Args={'ticks': 2, 'ticks_remaining': 2}
2023-01-01 18:15:07,710 : INFO : EventManager : Event: ======'player_capture_timer_number'====== Args={'value': 2, 'prev_value': 3, 'change': -1, 'player_num': 1}
2023-01-01 18:15:08,210 : INFO : EventManager : Event: ======'player_hc_multiball_super_super_countdown_tick'====== Args={'value': 17, 'prev_value': 18, 'change': -1, 'player_num': 1}
2023-01-01 18:15:08,211 : INFO : EventManager : Event: ======'timer_super_countdown_tick'====== Args={'ticks': 17, 'ticks_remaining': 17}
2023-01-01 18:15:08,211 : INFO : EventManager : Event: ======'player_super_time'====== Args={'value': 17, 'prev_value': 18, 'change': -1, 'player_num': 1}
2023-01-01 18:15:08,714 : INFO : EventManager : Event: ======'player_capture_hurryup_capture_timer_tick'====== Args={'value': 1, 'prev_value': 2, 'change': -1, 'player_num': 1}
2023-01-01 18:15:08,714 : INFO : EventManager : Event: ======'timer_capture_timer_tick'====== Args={'ticks': 1, 'ticks_remaining': 1}
2023-01-01 18:15:08,715 : INFO : EventManager : Event: ======'player_capture_timer_number'====== Args={'value': 1, 'prev_value': 2, 'change': -1, 'player_num': 1}
2023-01-01 18:15:09,217 : INFO : EventManager : Event: ======'player_hc_multiball_super_super_countdown_tick'====== Args={'value': 16, 'prev_value': 17, 'change': -1, 'player_num': 1}
2023-01-01 18:15:09,217 : INFO : EventManager : Event: ======'timer_super_countdown_tick'====== Args={'ticks': 16, 'ticks_remaining': 16}
2023-01-01 18:15:09,218 : INFO : EventManager : Event: ======'player_super_time'====== Args={'value': 16, 'prev_value': 17, 'change': -1, 'player_num': 1}
2023-01-01 18:15:09,720 : INFO : EventManager : Event: ======'player_capture_hurryup_capture_timer_tick'====== Args={'value': 0, 'prev_value': 1, 'change': -1, 'player_num': 1}
2023-01-01 18:15:09,721 : INFO : Timer.capture_timer : Timer Complete
2023-01-01 18:15:09,721 : INFO : Timer.capture_timer : Stopping Timer
2023-01-01 18:15:09,721 : INFO : EventManager : Event: ======'timer_capture_timer_stopped'====== Args={'ticks': 0, 'ticks_remaining': 1}
2023-01-01 18:15:09,721 : INFO : EventManager : Event: ======'timer_capture_timer_complete'====== Args={'ticks': 0, 'ticks_remaining': 1}
2023-01-01 18:15:09,722 : INFO : EventManager : Event: ======'player_capture_timer_number'====== Args={'value': 0, 'prev_value': 1, 'change': -1, 'player_num': 1}
2023-01-01 18:15:09,836 : INFO : SwitchController : <<<<<<< 's_lock_1' active >>>>>>>
2023-01-01 18:15:09,836 : INFO : EventManager : Event: ======'sw_switch_hit'====== Args={}
2023-01-01 18:15:09,836 : INFO : EventManager : Event: ======'machine_var_audits_switches_s_lock_1'====== Args={'value': 425, 'prev_value': 424, 'change': 1}
2023-01-01 18:15:09,837 : INFO : EventManager : Event: ======'player_capture_hurryup_capture_timer_tick'====== Args={'value': 5, 'prev_value': 0, 'change': 5, 'player_num': 1}
2023-01-01 18:15:09,847 : INFO : Timer.capture_timer : Starting Timer.
2023-01-01 18:15:09,847 : INFO : EventManager : Event: ======'timer_capture_timer_started'====== Args={'ticks': 5, 'ticks_remaining': 5}
2023-01-01 18:15:09,847 : INFO : EventManager : Event: ======'timer_capture_timer_tick'====== Args={'ticks': 5, 'ticks_remaining': 5}
2023-01-01 18:15:09,848 : INFO : EventManager : Event: ======'player_capture_timer_number'====== Args={'value': 5, 'prev_value': 0, 'change': 5, 'player_num': 1}
2023-01-01 18:15:10,208 : INFO : EventManager : Event: ======'player_hc_multiball_super_super_countdown_tick'====== Args={'value': 15, 'prev_value': 16, 'change': -1, 'player_num': 1}
2023-01-01 18:15:10,223 : INFO : EventManager : Event: ======'timer_super_countdown_tick'====== Args={'ticks': 15, 'ticks_remaining': 15}
2023-01-01 18:15:10,224 : INFO : EventManager : Event: ======'player_super_time'====== Args={'value': 15, 'prev_value': 16, 'change': -1, 'player_num': 1}
2023-01-01 18:15:10,339 : INFO : EventManager : Event: ======'balldevice_bd_hc_lock_ball_count_changed'====== Args={'balls': 3}
2023-01-01 18:15:10,339 : INFO : ball_device.bd_hc_lock : Received unexpected ball
2023-01-01 18:15:10,339 : INFO : EventManager : Event: ======'balldevice_captured_from_playfield'====== Args={'balls': 1}
2023-01-01 18:15:10,340 : INFO : EventManager : Event: ======'sw_playfield_active'====== Args={'balls': 1}
2023-01-01 18:15:10,340 : INFO : EventManager : Event: ======'playfield_ball_count_change'====== Args={'balls': 0, 'change': -1}
2023-01-01 18:15:10,341 : INFO : EventManager : Event: ======'balldevice_bd_hc_lock_ball_enter'====== Args={'new_balls': 1, 'unclaimed_balls': 1, 'new_available_balls': 1, 'device': <ball_device.bd_hc_lock>}
2023-01-01 18:15:10,341 : INFO : EventManager : Event: ======'ball_hold_super_hold_held_ball'====== Args={'balls_held': 1, 'total_balls_held': 3}
2023-01-01 18:15:10,342 : INFO : EventManager : Event: ======'ball_hold_super_hold_full'====== Args={'balls': 3}
2023-01-01 18:15:10,342 : INFO : EventManager : Event: ======'player_super_lock'====== Args={'value': 3, 'prev_value': 2, 'change': 1, 'player_num': 1}
2023-01-01 18:15:10,342 : INFO : EventManager : Event: ======'scan_super'====== Args={'priority': 0}
2023-01-01 18:15:10,343 : INFO : EventManager : Event: ======'restart_super_time'====== Args={'priority': 0}
2023-01-01 18:15:10,343 : INFO : EventManager : Event: ======'super_lock_3'====== Args={'priority': 0}
2023-01-01 18:15:10,344 : INFO : EventManager : Event: ======'check_super_text_locked'====== Args={'priority': 0}
2023-01-01 18:15:10,344 : INFO : EventManager : Event: ======'award_super_jackpot'====== Args={'priority': 0}
2023-01-01 18:15:10,345 : INFO : EventManager : Event: ======'update_super_text_3_locked'====== Args={'priority': 0}
2023-01-01 18:15:10,345 : INFO : EventManager : Event: ======'check_super_text_offline'====== Args={'priority': 0}
2023-01-01 18:15:10,346 : INFO : ball_device.bd_hc_lock : Adding 1 ball(s) to the eject_queue with target <playfield.playfield>.
2023-01-01 18:15:10,346 : INFO : EventManager : Event: ======'balldevice_balls_available'====== Args={}
2023-01-01 18:15:10,346 : INFO : ball_device.bd_hc_lock : Adding 1 ball(s) to the eject_queue with target <playfield.playfield>.
2023-01-01 18:15:10,347 : INFO : EventManager : Event: ======'balldevice_balls_available'====== Args={}
2023-01-01 18:15:10,347 : INFO : ball_device.bd_hc_lock : Adding 1 ball(s) to the eject_queue with target <playfield.playfield>.
2023-01-01 18:15:10,347 : INFO : EventManager : Event: ======'ball_hold_super_hold_balls_released'====== Args={'balls_released': 3}
2023-01-01 18:15:10,347 : INFO : EventManager : Event: ======'stop_super_time'====== Args={'priority': 0}
2023-01-01 18:15:10,348 : INFO : EventManager : Event: ======'award_triple_super_jackpot'====== Args={'priority': 0}
2023-01-01 18:15:10,348 : INFO : EventManager : Event: ======'player_score'====== Args={'value': 460000000, 'prev_value': 360000000, 'change': 100000000, 'player_num': 1}
2023-01-01 18:15:10,349 : INFO : EventManager : Event: ======'player_hctotal'====== Args={'value': 460000000, 'prev_value': 360000000, 'change': 100000000, 'player_num': 1}
2023-01-01 18:15:10,349 : INFO : Timer.super_countdown : Stopping Timer
2023-01-01 18:15:10,349 : INFO : EventManager : Event: ======'timer_super_countdown_stopped'====== Args={'ticks': 15, 'ticks_remaining': 15}
2023-01-01 18:15:10,350 : INFO : EventManager : Event: ======'player_score'====== Args={'value': 760000000, 'prev_value': 460000000, 'change': 300000000, 'player_num': 1}
2023-01-01 18:15:10,350 : INFO : EventManager : Event: ======'player_hctotal'====== Args={'value': 760000000, 'prev_value': 460000000, 'change': 300000000, 'player_num': 1}
2023-01-01 18:15:10,351 : INFO : EventManager : Event: ======'player_hc_multiball_super_super_countdown_tick'====== Args={'value': 20, 'prev_value': 15, 'change': 5, 'player_num': 1}
2023-01-01 18:15:10,352 : INFO : Timer.super_countdown : Starting Timer.
2023-01-01 18:15:10,352 : INFO : EventManager : Event: ======'timer_super_countdown_started'====== Args={'ticks': 20, 'ticks_remaining': 20}
2023-01-01 18:15:10,352 : INFO : EventManager : Event: ======'timer_super_countdown_tick'====== Args={'ticks': 20, 'ticks_remaining': 20}
2023-01-01 18:15:10,352 : INFO : EventManager : Event: ======'player_super_time'====== Args={'value': 20, 'prev_value': 15, 'change': 5, 'player_num': 1}
2023-01-01 18:15:10,353 : INFO : EventManager : Event: ======'balldevice_balls_available'====== Args={}
2023-01-01 18:15:10,353 : INFO : EventManager : Event: ======'balldevice_balls_available'====== Args={}
2023-01-01 18:15:10,353 : INFO : EventManager : Event: ======'balldevice_bd_hc_lock_ball_entered'====== Args={'new_balls': 1, 'device': <ball_device.bd_hc_lock>}
2023-01-01 18:15:10,381 : INFO : ball_device.bd_hc_lock : State: waiting_for_target_ready
2023-01-01 18:15:10,381 : INFO : EventManager : Event: ======'balldevice_bd_hc_lock_ball_eject_attempt'====== Args={'balls': 1, 'target': <playfield.playfield>, 'source': <ball_device.bd_hc_lock>, 'mechanical_eject': False, 'num_attempts': 0}
2023-01-01 18:15:10,381 : INFO : ball_device.bd_hc_lock : State: ejecting
2023-01-01 18:15:10,382 : INFO : ball_device.bd_hc_lock : Ejecting ball to <playfield.playfield>
2023-01-01 18:15:10,382 : INFO : EventManager : Event: ======'balldevice_bd_hc_lock_ejecting_ball'====== Args={'balls': 1, 'target': <playfield.playfield>, 'source': <ball_device.bd_hc_lock>, 'mechanical_eject': False, 'num_attempts': 0}
2023-01-01 18:15:10,382 : INFO : ball_device.bd_hc_lock : Wait for ball to leave device
2023-01-01 18:15:10,383 : INFO : coil.c_lock_eject : Pulsing Driver for 10ms (1.0 pulse_power)
2023-01-01 18:15:10,383 : INFO : SwitchController : <<<<<<< 's_lock_1' inactive >>>>>>>
2023-01-01 18:15:10,396 : INFO : ball_device.bd_hc_lock : State: ball_left
2023-01-01 18:15:10,396 : INFO : ball_device.bd_hc_lock : Ball left
2023-01-01 18:15:10,396 : INFO : ball_device.bd_hc_lock : Wait for confirm with timeout 3.0
2023-01-01 18:15:10,843 : INFO : EventManager : Event: ======'player_capture_hurryup_capture_timer_tick'====== Args={'value': 4, 'prev_value': 5, 'change': -1, 'player_num': 1}
2023-01-01 18:15:10,843 : INFO : EventManager : Event: ======'timer_capture_timer_tick'====== Args={'ticks': 4, 'ticks_remaining': 4}
2023-01-01 18:15:10,843 : INFO : EventManager : Event: ======'start_super_muzzle_3'====== Args={'priority': 0}
2023-01-01 18:15:10,844 : INFO : EventManager : Event: ======'player_capture_timer_number'====== Args={'value': 4, 'prev_value': 5, 'change': -1, 'player_num': 1}
2023-01-01 18:15:11,240 : INFO : EventManager : Event: ======'fade_out_super_screen'====== Args={'priority': 0}
2023-01-01 18:15:11,240 : INFO : EventManager : Event: ======'fade_in_super_3'====== Args={'priority': 0}
2023-01-01 18:15:11,342 : INFO : EventManager : Event: ======'player_hc_multiball_super_super_countdown_tick'====== Args={'value': 19, 'prev_value': 20, 'change': -1, 'player_num': 1}
2023-01-01 18:15:11,349 : INFO : EventManager : Event: ======'timer_super_countdown_tick'====== Args={'ticks': 19, 'ticks_remaining': 19}
2023-01-01 18:15:11,359 : INFO : EventManager : Event: ======'player_super_time'====== Args={'value': 19, 'prev_value': 20, 'change': -1, 'player_num': 1}
2023-01-01 18:15:11,834 : INFO : EventManager : Event: ======'player_capture_hurryup_capture_timer_tick'====== Args={'value': 3, 'prev_value': 4, 'change': -1, 'player_num': 1}
2023-01-01 18:15:11,834 : INFO : EventManager : Event: ======'timer_capture_timer_tick'====== Args={'ticks': 3, 'ticks_remaining': 3}
2023-01-01 18:15:11,834 : INFO : EventManager : Event: ======'remove_super_screen'====== Args={'priority': 0}
2023-01-01 18:15:11,835 : INFO : EventManager : Event: ======'player_capture_timer_number'====== Args={'value': 3, 'prev_value': 4, 'change': -1, 'player_num': 1}
2023-01-01 18:15:12,338 : INFO : EventManager : Event: ======'player_hc_multiball_super_super_countdown_tick'====== Args={'value': 18, 'prev_value': 19, 'change': -1, 'player_num': 1}
2023-01-01 18:15:12,338 : INFO : EventManager : Event: ======'timer_super_countdown_tick'====== Args={'ticks': 18, 'ticks_remaining': 18}
2023-01-01 18:15:12,339 : INFO : EventManager : Event: ======'player_super_time'====== Args={'value': 18, 'prev_value': 19, 'change': -1, 'player_num': 1}
2023-01-01 18:15:12,832 : INFO : EventManager : Event: ======'player_capture_hurryup_capture_timer_tick'====== Args={'value': 2, 'prev_value': 3, 'change': -1, 'player_num': 1}
2023-01-01 18:15:12,832 : INFO : EventManager : Event: ======'timer_capture_timer_tick'====== Args={'ticks': 2, 'ticks_remaining': 2}
2023-01-01 18:15:12,833 : INFO : EventManager : Event: ======'remove_super_muzzle_3'====== Args={'priority': 0}
2023-01-01 18:15:12,833 : INFO : EventManager : Event: ======'player_capture_timer_number'====== Args={'value': 2, 'prev_value': 3, 'change': -1, 'player_num': 1}
2023-01-01 18:15:13,332 : INFO : EventManager : Event: ======'player_hc_multiball_super_super_countdown_tick'====== Args={'value': 17, 'prev_value': 18, 'change': -1, 'player_num': 1}
2023-01-01 18:15:13,332 : INFO : EventManager : Event: ======'timer_super_countdown_tick'====== Args={'ticks': 17, 'ticks_remaining': 17}
2023-01-01 18:15:13,333 : INFO : EventManager : Event: ======'player_super_time'====== Args={'value': 17, 'prev_value': 18, 'change': -1, 'player_num': 1}
2023-01-01 18:15:13,409 : INFO : ball_device.bd_hc_lock : State: failed_confirm
2023-01-01 18:15:13,409 : INFO : ball_device.bd_hc_lock : Got timeout (3.0s) before confirm from <playfield.playfield>
2023-01-01 18:15:13,514 : INFO : ball_device.bd_hc_lock : Confirming eject because target is playfield and ball did not return.
2023-01-01 18:15:13,514 : INFO : ball_device.bd_hc_lock : Eject successful
2023-01-01 18:15:13,514 : INFO : EventManager : Event: ======'balldevice_bd_hc_lock_ball_eject_success'====== Args={'balls': 1, 'target': <playfield.playfield>}
2023-01-01 18:15:13,515 : INFO : EventManager : Event: ======'balldevice_playfield_ball_enter'====== Args={'new_balls': 1, 'unclaimed_balls': 1, 'device': <playfield.playfield>}
2023-01-01 18:15:13,515 : INFO : EventManager : Event: ======'playfield_ball_count_change'====== Args={'balls': 1, 'change': 1}
2023-01-01 18:15:13,516 : INFO : EventManager : Event: ======'balldevice_bd_hc_lock_ball_count_changed'====== Args={'balls': 2}
2023-01-01 18:15:13,516 : INFO : ball_device.bd_hc_lock : State: idle
2023-01-01 18:15:13,517 : INFO : ball_device.bd_hc_lock : State: waiting_for_target_ready
2023-01-01 18:15:13,517 : INFO : EventManager : Event: ======'balldevice_bd_hc_lock_ball_eject_attempt'====== Args={'balls': 1, 'target': <playfield.playfield>, 'source': <ball_device.bd_hc_lock>, 'mechanical_eject': False, 'num_attempts': 0}
2023-01-01 18:15:13,517 : INFO : ball_device.bd_hc_lock : State: ejecting
2023-01-01 18:15:13,518 : INFO : ball_device.bd_hc_lock : Ejecting ball to <playfield.playfield>
2023-01-01 18:15:13,518 : INFO : EventManager : Event: ======'balldevice_bd_hc_lock_ejecting_ball'====== Args={'balls': 1, 'target': <playfield.playfield>, 'source': <ball_device.bd_hc_lock>, 'mechanical_eject': False, 'num_attempts': 0}
2023-01-01 18:15:13,518 : INFO : ball_device.bd_hc_lock : Wait for ball to leave device
2023-01-01 18:15:13,518 : INFO : coil.c_lock_eject : Pulsing Driver for 10ms (1.0 pulse_power)
2023-01-01 18:15:13,519 : INFO : SwitchController : <<<<<<< 's_lock_2' inactive >>>>>>>
2023-01-01 18:15:13,531 : INFO : ball_device.bd_hc_lock : State: ball_left
2023-01-01 18:15:13,532 : INFO : ball_device.bd_hc_lock : Ball left
2023-01-01 18:15:13,532 : INFO : ball_device.bd_hc_lock : Wait for confirm with timeout 3.0
2023-01-01 18:15:13,841 : INFO : EventManager : Event: ======'player_capture_hurryup_capture_timer_tick'====== Args={'value': 1, 'prev_value': 2, 'change': -1, 'player_num': 1}
2023-01-01 18:15:13,841 : INFO : EventManager : Event: ======'timer_capture_timer_tick'====== Args={'ticks': 1, 'ticks_remaining': 1}
2023-01-01 18:15:13,842 : INFO : EventManager : Event: ======'remove_super_text_3'====== Args={'priority': 0}
2023-01-01 18:15:13,842 : INFO : EventManager : Event: ======'exit_super_phase'====== Args={'priority': 0}
2023-01-01 18:15:13,856 : INFO : EventManager : Event: ======'player_capture_timer_number'====== Args={'value': 1, 'prev_value': 2, 'change': -1, 'player_num': 1}
2023-01-01 18:15:13,857 : INFO : EventManager : Event: ======'player_super_lock'====== Args={'value': 0, 'prev_value': 3, 'change': -3, 'player_num': 1}
2023-01-01 18:15:13,857 : INFO : EventManager : Event: ======'exit_super_phase_to_jackpot'====== Args={'priority': 0}
2023-01-01 18:15:13,857 : INFO : EventManager : Event: ======'scan_super'====== Args={'priority': 0}
2023-01-01 18:15:13,858 : INFO : EventManager : Event: ======'restart_super_time'====== Args={'priority': 0}
2023-01-01 18:15:13,858 : INFO : EventManager : Event: ======'check_super_text_locked'====== Args={'priority': 0}
2023-01-01 18:15:13,858 : INFO : EventManager : Event: ======'update_super_text_0_locked'====== Args={'priority': 0}
2023-01-01 18:15:13,859 : INFO : EventManager : Event: ======'check_super_text_offline'====== Args={'priority': 0}
2023-01-01 18:15:13,859 : INFO : EventManager : Event: ======'player_hc_multiball_super_super_countdown_tick'====== Args={'value': 20, 'prev_value': 17, 'change': 3, 'player_num': 1}
2023-01-01 18:15:13,859 : INFO : EventManager : Event: ======'player_super_time'====== Args={'value': 20, 'prev_value': 17, 'change': 3, 'player_num': 1}
2023-01-01 18:15:13,860 : INFO : state_machine.hc_multiball : Transitioning from superjackpot to jackpot
2023-01-01 18:15:13,860 : INFO : EventManager : Event: ======'super_jackpot_stopped'====== Args={}
2023-01-01 18:15:13,860 : INFO : EventManager : Event: ======'jackpot_start'====== Args={}
2023-01-01 18:15:13,861 : INFO : EventManager : Event: ======'mode_hc_multiball_super_will_stop'====== Args={}
2023-01-01 18:15:13,861 : INFO : EventManager : Event: ======'mode_hc_multiball_super_stopping'====== Args={}
2023-01-01 18:15:13,862 : INFO : EventManager : Event: ======'mode_hc_multiball_will_start'====== Args={}
2023-01-01 18:15:13,863 : INFO : EventManager : Event: ======'jackpots_complete'====== Args={'state': 'unlit'}
2023-01-01 18:15:13,863 : INFO : EventManager : Event: ======'jackpots_unlit_complete'====== Args={}
2023-01-01 18:15:13,869 : INFO : EventManager : Event: ======'mode_hc_multiball_starting'====== Args={}
2023-01-01 18:15:13,870 : INFO : Mode.hc_multiball_super : Stopped.
2023-01-01 18:15:13,870 : INFO : EventManager : Event: ======'modes_active_modes_changed'====== Args={}
2023-01-01 18:15:13,870 : INFO : EventManager : Event: ======'super_hold_disable'====== Args={}
2023-01-01 18:15:13,871 : INFO : EventManager : Event: ======'mode_hc_multiball_super_stopped'====== Args={}
2023-01-01 18:15:13,871 : INFO : EventManager : Event: ======'clear'====== Args={'key': 'hc_multiball_super'}
2023-01-01 18:15:13,871 : INFO : Timer.super_overtime : Stopping Timer
2023-01-01 18:15:13,871 : INFO : EventManager : Event: ======'timer_super_overtime_stopped'====== Args={'ticks': 3, 'ticks_remaining': 0}
2023-01-01 18:15:13,872 : INFO : Timer.super_countdown : Stopping Timer
2023-01-01 18:15:13,872 : INFO : EventManager : Event: ======'timer_super_countdown_stopped'====== Args={'ticks': 20, 'ticks_remaining': 20}
2023-01-01 18:15:13,873 : INFO : EventManager : Event: ======'logicblock_hc_secondary_updated'====== Args={'value': 0, 'enabled': True}
2023-01-01 18:15:13,873 : INFO : EventManager : Event: ======'logicblock_hc_secondary_updated'====== Args={'value': 0, 'enabled': True}
2023-01-01 18:15:13,873 : INFO : Mode.hc_multiball : Started. Priority: 300
2023-01-01 18:15:13,873 : INFO : EventManager : Event: ======'modes_active_modes_changed'====== Args={}
2023-01-01 18:15:13,874 : INFO : EventManager : Event: ======'mode_hc_multiball_started'====== Args={}
2023-01-01 18:15:13,901 : INFO : EventManager : Event: ======'slide_hc_super_slide_removed'====== Args={'_from_bcp': True}
2023-01-01 18:15:13,902 : INFO : EventManager : Event: ======'slide_prelaunch_slide_active'====== Args={'_from_bcp': True}
2023-01-01 18:15:13,904 : INFO : EventManager : Event: ======'slide_high_caliber_slide_created'====== Args={'_from_bcp': True}
2023-01-01 18:15:13,913 : INFO : EventManager : Event: ======'slide_high_caliber_slide_active'====== Args={'_from_bcp': True}
2023-01-01 18:15:14,869 : INFO : EventManager : Event: ======'player_capture_hurryup_capture_timer_tick'====== Args={'value': 0, 'prev_value': 1, 'change': -1, 'player_num': 1}
2023-01-01 18:15:14,870 : INFO : Timer.capture_timer : Timer Complete
2023-01-01 18:15:14,870 : INFO : Timer.capture_timer : Stopping Timer
2023-01-01 18:15:14,870 : INFO : EventManager : Event: ======'timer_capture_timer_stopped'====== Args={'ticks': 0, 'ticks_remaining': 1}
2023-01-01 18:15:14,870 : INFO : EventManager : Event: ======'timer_capture_timer_complete'====== Args={'ticks': 0, 'ticks_remaining': 1}
2023-01-01 18:15:14,871 : INFO : EventManager : Event: ======'player_capture_timer_number'====== Args={'value': 0, 'prev_value': 1, 'change': -1, 'player_num': 1}
2023-01-01 18:15:16,507 : INFO : ball_device.bd_hc_lock : State: failed_confirm
2023-01-01 18:15:16,507 : INFO : ball_device.bd_hc_lock : Got timeout (3.0s) before confirm from <playfield.playfield>
2023-01-01 18:15:16,621 : INFO : ball_device.bd_hc_lock : Confirming eject because target is playfield and ball did not return.
2023-01-01 18:15:16,621 : INFO : ball_device.bd_hc_lock : Eject successful
2023-01-01 18:15:16,621 : INFO : EventManager : Event: ======'balldevice_bd_hc_lock_ball_eject_success'====== Args={'balls': 1, 'target': <playfield.playfield>}
2023-01-01 18:15:16,621 : INFO : EventManager : Event: ======'balldevice_playfield_ball_enter'====== Args={'new_balls': 1, 'unclaimed_balls': 1, 'device': <playfield.playfield>}
2023-01-01 18:15:16,622 : INFO : EventManager : Event: ======'playfield_ball_count_change'====== Args={'balls': 2, 'change': 1}
2023-01-01 18:15:16,622 : INFO : EventManager : Event: ======'balldevice_bd_hc_lock_ball_count_changed'====== Args={'balls': 1}
2023-01-01 18:15:16,622 : INFO : ball_device.bd_hc_lock : State: idle
2023-01-01 18:15:16,622 : INFO : ball_device.bd_hc_lock : State: waiting_for_target_ready
2023-01-01 18:15:16,622 : INFO : EventManager : Event: ======'balldevice_bd_hc_lock_ball_eject_attempt'====== Args={'balls': 1, 'target': <playfield.playfield>, 'source': <ball_device.bd_hc_lock>, 'mechanical_eject': False, 'num_attempts': 0}
2023-01-01 18:15:16,623 : INFO : ball_device.bd_hc_lock : State: ejecting
2023-01-01 18:15:16,623 : INFO : ball_device.bd_hc_lock : Ejecting ball to <playfield.playfield>
2023-01-01 18:15:16,623 : INFO : EventManager : Event: ======'balldevice_bd_hc_lock_ejecting_ball'====== Args={'balls': 1, 'target': <playfield.playfield>, 'source': <ball_device.bd_hc_lock>, 'mechanical_eject': False, 'num_attempts': 0}
2023-01-01 18:15:16,624 : INFO : ball_device.bd_hc_lock : Wait for ball to leave device
2023-01-01 18:15:16,624 : INFO : coil.c_lock_eject : Pulsing Driver for 10ms (1.0 pulse_power)
2023-01-01 18:15:16,624 : INFO : SwitchController : <<<<<<< 's_lock_3' inactive >>>>>>>
2023-01-01 18:15:16,637 : INFO : ball_device.bd_hc_lock : State: ball_left
2023-01-01 18:15:16,637 : INFO : ball_device.bd_hc_lock : Ball left
2023-01-01 18:15:16,637 : INFO : ball_device.bd_hc_lock : Wait for confirm with timeout 3.0
2023-01-01 18:15:18,958 : INFO : Machine : Shutting down...
2023-01-01 18:15:18,958 : INFO : EventManager : Event: ======'shutdown'====== Args={}
2023-01-01 18:15:18,960 : INFO : root : MPF run loop ended.
