2023-01-16 17:37:37,932 : kivy : Factory: 184 symbols loaded
2023-01-16 17:37:38,041 : kivy : ImageLoaderFFPy: Using ffpyplayer 4.3.1
2023-01-16 17:37:38,042 : kivy : Image: Providers: img_tex, img_dds, img_sdl2, img_pil, img_ffpyplayer, img_gif 
2023-01-16 17:37:38,086 : kivy : VideoGstplayer: Using Gstreamer 1.16.0.0
2023-01-16 17:37:38,086 : kivy : Video: Provider: gstplayer
2023-01-16 17:37:38,149 : kivy : Loading MPF-MC controller
2023-01-16 17:37:38,152 : YamlMultifileConfigLoader : Machine config file #1: config
2023-01-16 17:37:38,152 : ConfigProcessor : Config file in cache changed: E:\MPF\wows\wows\config\config
2023-01-16 17:37:38,152 : ConfigProcessor : Loading config from file c:\users\dell\appdata\local\programs\python\python36\lib\site-packages\mpfmc\mcconfig.yaml.
2023-01-16 17:37:38,189 : ConfigProcessor : Loading config: c:\users\dell\appdata\local\programs\python\python36\lib\site-packages\mpfmc\mcconfig.yaml
2023-01-16 17:37:38,189 : ConfigProcessor : Loading config from file E:\MPF\wows\wows\config\config.
2023-01-16 17:37:38,191 : ConfigProcessor : Loading config: E:\MPF\wows\wows\config\config
2023-01-16 17:37:38,202 : ConfigProcessor : Loading config: E:\MPF\wows\wows\config\primary/config_else_virtual.yaml
2023-01-16 17:37:38,282 : ConfigProcessor : Loading config: E:\MPF\wows\wows\config\primary/config_hardware.yaml
2023-01-16 17:37:38,286 : ConfigProcessor : Loading config: E:\MPF\wows\wows\config\primary/config_keys.yaml
2023-01-16 17:37:38,339 : ConfigProcessor : Loading config: E:\MPF\wows\wows\config\primary/config_logic.yaml
2023-01-16 17:37:38,344 : ConfigProcessor : Loading config: E:\MPF\wows\wows\config\primary/config_modes.yaml
2023-01-16 17:37:38,352 : ConfigProcessor : Loading config: E:\MPF\wows\wows\config\primary/config_operator_settings.yaml
2023-01-16 17:37:38,371 : ConfigProcessor : Loading config: E:\MPF\wows\wows\config\primary/config_sound_music.yaml
2023-01-16 17:37:38,433 : ConfigProcessor : Loading config: E:\MPF\wows\wows\config\primary/config_values.yaml
2023-01-16 17:37:38,443 : ConfigProcessor : Loading config: E:\MPF\wows\wows\config\primary/config_virtual_hardware.yaml
2023-01-16 17:37:38,900 : ConfigProcessor : Loading config: E:\MPF\wows\wows\config\support/config_support_mode_end.yaml
2023-01-16 17:37:38,928 : ConfigProcessor : Loading config: E:\MPF\wows\wows\config\support/config_support_hc.yaml
2023-01-16 17:37:38,935 : ConfigProcessor : Loading config: E:\MPF\wows\wows\config\support/config_support_capture.yaml
2023-01-16 17:37:38,950 : ConfigProcessor : Loading config: E:\MPF\wows\wows\config\support/config_support_commander.yaml
2023-01-16 17:37:38,997 : ConfigProcessor : Loading config: E:\MPF\wows\wows\config\support/config_support_dmg_con.yaml
2023-01-16 17:37:39,052 : ConfigProcessor : Loading config: E:\MPF\wows\wows\config\support/config_support_status_report.yaml
2023-01-16 17:37:39,070 : ConfigProcessor : Config file cache created: C:\Users\dell\AppData\Local\Temp\6d82fd4a30091e02690fac5de20c7449.mpf_cache
2023-01-16 17:37:39,070 : ConfigProcessor : Loading config from cache: C:\Users\dell\AppData\Local\Temp\59a64183768b31a5bf2b8a1c5fa05afc.mpf_cache
2023-01-16 17:37:39,071 : ConfigProcessor : Loading config from cache: C:\Users\dell\AppData\Local\Temp\e4aaedaa0a5d6d283bdf8896bd678b71.mpf_cache
2023-01-16 17:37:39,071 : ConfigProcessor : Loading config from cache: C:\Users\dell\AppData\Local\Temp\59a64183768b31a5bf2b8a1c5fa05afc.mpf_cache
2023-01-16 17:37:39,072 : ConfigProcessor : Loading config from cache: C:\Users\dell\AppData\Local\Temp\d05889abdb32f5a85db64ac2e197f4ff.mpf_cache
2023-01-16 17:37:39,073 : ConfigProcessor : Loading config from cache: C:\Users\dell\AppData\Local\Temp\434c2e3a52e1507818428e1c584a9ae0.mpf_cache
2023-01-16 17:37:39,073 : ConfigProcessor : Loading config from cache: C:\Users\dell\AppData\Local\Temp\c96ee90647ae5b034e2dd42c348c42ad.mpf_cache
2023-01-16 17:37:39,073 : ConfigProcessor : Loading config from cache: C:\Users\dell\AppData\Local\Temp\ca0415bb38fd20ce1ae72b2592ece46e.mpf_cache
2023-01-16 17:37:39,074 : ConfigProcessor : Loading config from cache: C:\Users\dell\AppData\Local\Temp\72e9fea1cb562e40024eb5e8538ccaf2.mpf_cache
2023-01-16 17:37:39,074 : ConfigProcessor : Loading config from cache: C:\Users\dell\AppData\Local\Temp\c22c03646c3330fed25ec0d2c1900176.mpf_cache
2023-01-16 17:37:39,075 : ConfigProcessor : Loading config from cache: C:\Users\dell\AppData\Local\Temp\4f40b51a2a6ab6b3327b174347355c6f.mpf_cache
2023-01-16 17:37:39,075 : ConfigProcessor : Loading config from cache: C:\Users\dell\AppData\Local\Temp\39fabcdae38f081491893b3f9bf3922e.mpf_cache
2023-01-16 17:37:39,076 : ConfigProcessor : Loading config from cache: C:\Users\dell\AppData\Local\Temp\f18cd76783971ff471759940af4bc5eb.mpf_cache
2023-01-16 17:37:39,076 : ConfigProcessor : Loading config from cache: C:\Users\dell\AppData\Local\Temp\943ecf72a5798e3efec3d4f70c6ce1d2.mpf_cache
2023-01-16 17:37:39,077 : ConfigProcessor : Loading config from cache: C:\Users\dell\AppData\Local\Temp\04d9c03061fa17a1f6b23081f79db9ab.mpf_cache
2023-01-16 17:37:39,077 : ConfigProcessor : Loading config from cache: C:\Users\dell\AppData\Local\Temp\1ff29be1d22fb14fe5fd1c82a6918df4.mpf_cache
2023-01-16 17:37:39,077 : ConfigProcessor : Loading config from cache: C:\Users\dell\AppData\Local\Temp\f0ffd5ecaddfe34035bf3b1779215a88.mpf_cache
2023-01-16 17:37:39,078 : ConfigProcessor : Loading config from cache: C:\Users\dell\AppData\Local\Temp\b0de444617e3bf30a07f755a6d4831cc.mpf_cache
2023-01-16 17:37:39,078 : ConfigProcessor : Loading config from cache: C:\Users\dell\AppData\Local\Temp\200a9b2dddbe7706ffb4c4426b6d54a8.mpf_cache
2023-01-16 17:37:39,078 : ConfigProcessor : Loading config from cache: C:\Users\dell\AppData\Local\Temp\5ab98d4be1e8de85bea62364890eb2e9.mpf_cache
2023-01-16 17:37:39,079 : ConfigProcessor : Loading config from cache: C:\Users\dell\AppData\Local\Temp\4303dca7489148da2d256fc831cf8c96.mpf_cache
2023-01-16 17:37:39,079 : ConfigProcessor : Loading config from cache: C:\Users\dell\AppData\Local\Temp\e8fceecd8f65a6a7269e98c7961bbf6a.mpf_cache
2023-01-16 17:37:39,080 : ConfigProcessor : Loading config from cache: C:\Users\dell\AppData\Local\Temp\c84d6d08bf6f923cbcccfeeea02d2c8a.mpf_cache
2023-01-16 17:37:39,080 : ConfigProcessor : Loading config from cache: C:\Users\dell\AppData\Local\Temp\159a0b7ffc6de2ed1a8cdcd57b7df3c0.mpf_cache
2023-01-16 17:37:39,080 : ConfigProcessor : Loading config from cache: C:\Users\dell\AppData\Local\Temp\dd71d04ba3f4dce8325f2504de3de352.mpf_cache
2023-01-16 17:37:39,081 : ConfigProcessor : Loading config from cache: C:\Users\dell\AppData\Local\Temp\47da5935da57327449007069e0d0551c.mpf_cache
2023-01-16 17:37:39,081 : ConfigProcessor : Loading config from cache: C:\Users\dell\AppData\Local\Temp\b1234e2c44a33609dc2af4760c4a3f89.mpf_cache
2023-01-16 17:37:39,082 : ConfigProcessor : Loading config from cache: C:\Users\dell\AppData\Local\Temp\7ab9985e2a62b75a325504808417b1e7.mpf_cache
2023-01-16 17:37:39,082 : ConfigProcessor : Loading config from cache: C:\Users\dell\AppData\Local\Temp\466eddfec572894d9eb472ce07aa5fba.mpf_cache
2023-01-16 17:37:39,083 : ConfigProcessor : Loading config from cache: C:\Users\dell\AppData\Local\Temp\93429a2a8e0859f6546b68f40c2a4656.mpf_cache
2023-01-16 17:37:39,083 : ConfigProcessor : Loading config from cache: C:\Users\dell\AppData\Local\Temp\95ae88fb094583fa2b4097c6df179650.mpf_cache
2023-01-16 17:37:39,083 : ConfigProcessor : Loading config from cache: C:\Users\dell\AppData\Local\Temp\de2d3fc178b15ce3807fa4ab35b9c965.mpf_cache
2023-01-16 17:37:39,084 : ConfigProcessor : Loading config from cache: C:\Users\dell\AppData\Local\Temp\0c80ca2179989d09b86c78c19ec87d9b.mpf_cache
2023-01-16 17:37:39,084 : ConfigProcessor : Loading config from cache: C:\Users\dell\AppData\Local\Temp\95e265efe14e4eb05d8d5c5689c9ae6b.mpf_cache
2023-01-16 17:37:39,085 : ConfigProcessor : Loading config from cache: C:\Users\dell\AppData\Local\Temp\ba047bbdc168fca96d58d351c4240916.mpf_cache
2023-01-16 17:37:39,085 : ConfigProcessor : Loading config from cache: C:\Users\dell\AppData\Local\Temp\7c1900736275ba8a713cfe77e991e929.mpf_cache
2023-01-16 17:37:39,085 : ConfigProcessor : Loading config from cache: C:\Users\dell\AppData\Local\Temp\db3d1ab92e5d5c563b40d82372434517.mpf_cache
2023-01-16 17:37:39,086 : ConfigProcessor : Loading config from cache: C:\Users\dell\AppData\Local\Temp\78980531363184480bbd7075661ced33.mpf_cache
2023-01-16 17:37:39,086 : ConfigProcessor : Loading config from cache: C:\Users\dell\AppData\Local\Temp\efcf079e5af2b94e88dae4e07273acc8.mpf_cache
2023-01-16 17:37:39,087 : ConfigProcessor : Loading config from cache: C:\Users\dell\AppData\Local\Temp\44231afd4be159e8c99041e8eb88670e.mpf_cache
2023-01-16 17:37:39,087 : ConfigProcessor : Loading config from cache: C:\Users\dell\AppData\Local\Temp\2b5357265150b67996b1d26df60329cf.mpf_cache
2023-01-16 17:37:39,088 : mpfmc : Mission Pinball Framework Media Controller v0.54.2
2023-01-16 17:37:39,088 : mpfmc : Mission Pinball Framework Game Engine v0.54.6
2023-01-16 17:37:39,088 : mpfmc : Machine path: E:\MPF\wows\wows
2023-01-16 17:37:39,088 : mpfmc : Starting clock at 60.0Hz
2023-01-16 17:37:39,100 : kivy : Text: Provider: sdl2
2023-01-16 17:37:39,132 : kivy : Window: Provider: sdl2
2023-01-16 17:37:39,428 : kivy : GL: Using the "OpenGL" graphics system
2023-01-16 17:37:39,449 : kivy : GL: GLEW initialization succeeded
2023-01-16 17:37:39,449 : kivy : GL: Backend used <glew>
2023-01-16 17:37:39,449 : kivy : GL: OpenGL version <b'4.6.0 NVIDIA 516.59'>
2023-01-16 17:37:39,449 : kivy : GL: OpenGL vendor <b'NVIDIA Corporation'>
2023-01-16 17:37:39,449 : kivy : GL: OpenGL renderer <b'NVIDIA GeForce GTX 1060 6GB/PCIe/SSE2'>
2023-01-16 17:37:39,449 : kivy : GL: OpenGL parsed version: 4, 6
2023-01-16 17:37:39,449 : kivy : GL: Shading version <b'4.60 NVIDIA'>
2023-01-16 17:37:39,449 : kivy : GL: Texture max size <32768>
2023-01-16 17:37:39,450 : kivy : GL: Texture max units <32>
2023-01-16 17:37:39,466 : kivy : Window: auto add sdl2 input provider
2023-01-16 17:37:39,466 : kivy : Window: virtual keyboard not allowed, single mode, not docked
2023-01-16 17:37:39,887 : AudioInterface : Initialized
2023-01-16 17:37:39,903 : kivy : Base: Start application main loop
2023-01-16 17:37:39,904 : EventManager : Event: ======'display_dmd_initialized'====== Args={}
2023-01-16 17:37:40,293 : mpfmc : Display: Setting 'dmd' as default display
2023-01-16 17:37:40,298 : kivy : GL: NPOT texture support is available
2023-01-16 17:37:40,307 : EventManager : Event: ======'displays_initialized'====== Args={}
2023-01-16 17:37:40,308 : EventManager : Event: ======'slide_dmd_blank_created'====== Args={}
2023-01-16 17:37:40,308 : EventManager : Event: ======'display_dmd_ready'====== Args={}
2023-01-16 17:37:40,315 : EventManager : Event: ======'init_phase_1'====== Args={}
2023-01-16 17:37:40,348 : EventManager : Event: ======'mc_ready'====== Args={}
2023-01-16 17:37:40,348 : EventManager : Event: ======'init_phase_2'====== Args={}
2023-01-16 17:37:40,444 : EventManager : Event: ======'init_phase_3'====== Args={}
2023-01-16 17:37:40,445 : AssetManager : Registering Asset: A, File: A.png, Default Group: default, Final Config: {'load': 'preload', 'file': 'E:\\MPF\\wows\\wows\\images\\A.png'}
2023-01-16 17:37:40,445 : AssetManager : Registering Asset: aa_1, File: aa_1.gif, Default Group: default, Final Config: {'load': 'preload', 'file': 'E:\\MPF\\wows\\wows\\images\\aa_1.gif'}
2023-01-16 17:37:40,445 : AssetManager : Registering Asset: aa_2, File: aa_2.gif, Default Group: default, Final Config: {'load': 'preload', 'file': 'E:\\MPF\\wows\\wows\\images\\aa_2.gif'}
2023-01-16 17:37:40,445 : AssetManager : Registering Asset: aa_3, File: aa_3.gif, Default Group: default, Final Config: {'load': 'preload', 'file': 'E:\\MPF\\wows\\wows\\images\\aa_3.gif'}
2023-01-16 17:37:40,445 : AssetManager : Registering Asset: aa_4, File: aa_4.gif, Default Group: default, Final Config: {'load': 'preload', 'file': 'E:\\MPF\\wows\\wows\\images\\aa_4.gif'}
2023-01-16 17:37:40,445 : AssetManager : Registering Asset: aircraft_carrier, File: aircraft_carrier.png, Default Group: default, Final Config: {'load': 'preload', 'file': 'E:\\MPF\\wows\\wows\\images\\aircraft_carrier.png'}
2023-01-16 17:37:40,445 : AssetManager : Registering Asset: aircraft_carrier_aa_shell_1, File: aircraft_carrier_aa_shell_1.gif, Default Group: default, Final Config: {'load': 'preload', 'file': 'E:\\MPF\\wows\\wows\\images\\aircraft_carrier_aa_shell_1.gif'}
2023-01-16 17:37:40,445 : AssetManager : Registering Asset: aircraft_carrier_aa_shell_2, File: aircraft_carrier_aa_shell_2.gif, Default Group: default, Final Config: {'load': 'preload', 'file': 'E:\\MPF\\wows\\wows\\images\\aircraft_carrier_aa_shell_2.gif'}
2023-01-16 17:37:40,445 : AssetManager : Registering Asset: aircraft_carrier_aa_shell_3, File: aircraft_carrier_aa_shell_3.gif, Default Group: default, Final Config: {'load': 'preload', 'file': 'E:\\MPF\\wows\\wows\\images\\aircraft_carrier_aa_shell_3.gif'}
2023-01-16 17:37:40,445 : AssetManager : Registering Asset: aircraft_carrier_aa_shell_4, File: aircraft_carrier_aa_shell_4.gif, Default Group: default, Final Config: {'load': 'preload', 'file': 'E:\\MPF\\wows\\wows\\images\\aircraft_carrier_aa_shell_4.gif'}
2023-01-16 17:37:40,445 : AssetManager : Registering Asset: aircraft_carrier_background, File: aircraft_carrier_background.png, Default Group: default, Final Config: {'load': 'preload', 'file': 'E:\\MPF\\wows\\wows\\images\\aircraft_carrier_background.png'}
2023-01-16 17:37:40,446 : AssetManager : Registering Asset: aircraft_carrier_center_down, File: aircraft_carrier_center_down.gif, Default Group: default, Final Config: {'load': 'preload', 'file': 'E:\\MPF\\wows\\wows\\images\\aircraft_carrier_center_down.gif'}
2023-01-16 17:37:40,446 : AssetManager : Registering Asset: aircraft_carrier_center_up, File: aircraft_carrier_center_up.gif, Default Group: default, Final Config: {'load': 'preload', 'file': 'E:\\MPF\\wows\\wows\\images\\aircraft_carrier_center_up.gif'}
2023-01-16 17:37:40,446 : AssetManager : Registering Asset: aircraft_carrier_crash, File: aircraft_carrier_crash.gif, Default Group: default, Final Config: {'load': 'preload', 'file': 'E:\\MPF\\wows\\wows\\images\\aircraft_carrier_crash.gif'}
2023-01-16 17:37:40,446 : AssetManager : Registering Asset: aircraft_carrier_down, File: aircraft_carrier_down.gif, Default Group: default, Final Config: {'load': 'preload', 'file': 'E:\\MPF\\wows\\wows\\images\\aircraft_carrier_down.gif'}
2023-01-16 17:37:40,446 : AssetManager : Registering Asset: aircraft_carrier_explosion, File: aircraft_carrier_explosion.gif, Default Group: default, Final Config: {'load': 'preload', 'file': 'E:\\MPF\\wows\\wows\\images\\aircraft_carrier_explosion.gif'}
2023-01-16 17:37:40,446 : AssetManager : Registering Asset: aircraft_carrier_island_1, File: aircraft_carrier_island_1.png, Default Group: default, Final Config: {'load': 'preload', 'file': 'E:\\MPF\\wows\\wows\\images\\aircraft_carrier_island_1.png'}
2023-01-16 17:37:40,446 : AssetManager : Registering Asset: aircraft_carrier_island_2, File: aircraft_carrier_island_2.png, Default Group: default, Final Config: {'load': 'preload', 'file': 'E:\\MPF\\wows\\wows\\images\\aircraft_carrier_island_2.png'}
2023-01-16 17:37:40,446 : AssetManager : Registering Asset: aircraft_carrier_island_3, File: aircraft_carrier_island_3.png, Default Group: default, Final Config: {'load': 'preload', 'file': 'E:\\MPF\\wows\\wows\\images\\aircraft_carrier_island_3.png'}
2023-01-16 17:37:40,446 : AssetManager : Registering Asset: aircraft_carrier_island_4, File: aircraft_carrier_island_4.png, Default Group: default, Final Config: {'load': 'preload', 'file': 'E:\\MPF\\wows\\wows\\images\\aircraft_carrier_island_4.png'}
2023-01-16 17:37:40,446 : AssetManager : Registering Asset: aircraft_carrier_plane, File: aircraft_carrier_plane.png, Default Group: default, Final Config: {'load': 'preload', 'file': 'E:\\MPF\\wows\\wows\\images\\aircraft_carrier_plane.png'}
2023-01-16 17:37:40,446 : AssetManager : Registering Asset: aircraft_carrier_plane_explosion, File: aircraft_carrier_plane_explosion.gif, Default Group: default, Final Config: {'load': 'preload', 'file': 'E:\\MPF\\wows\\wows\\images\\aircraft_carrier_plane_explosion.gif'}
2023-01-16 17:37:40,446 : AssetManager : Registering Asset: aircraft_carrier_ship, File: aircraft_carrier_ship.png, Default Group: default, Final Config: {'load': 'preload', 'file': 'E:\\MPF\\wows\\wows\\images\\aircraft_carrier_ship.png'}
2023-01-16 17:37:40,446 : AssetManager : Registering Asset: aircraft_carrier_splash, File: aircraft_carrier_splash.gif, Default Group: default, Final Config: {'load': 'preload', 'file': 'E:\\MPF\\wows\\wows\\images\\aircraft_carrier_splash.gif'}
2023-01-16 17:37:40,446 : AssetManager : Registering Asset: aircraft_carrier_torpedo, File: aircraft_carrier_torpedo.gif, Default Group: default, Final Config: {'load': 'preload', 'file': 'E:\\MPF\\wows\\wows\\images\\aircraft_carrier_torpedo.gif'}
2023-01-16 17:37:40,446 : AssetManager : Registering Asset: aircraft_carrier_up, File: aircraft_carrier_up.gif, Default Group: default, Final Config: {'load': 'preload', 'file': 'E:\\MPF\\wows\\wows\\images\\aircraft_carrier_up.gif'}
2023-01-16 17:37:40,446 : AssetManager : Registering Asset: B, File: B.png, Default Group: default, Final Config: {'load': 'preload', 'file': 'E:\\MPF\\wows\\wows\\images\\B.png'}
2023-01-16 17:37:40,447 : AssetManager : Registering Asset: battle_aircraft_carrier, File: battle_aircraft_carrier.png, Default Group: default, Final Config: {'load': 'preload', 'file': 'E:\\MPF\\wows\\wows\\images\\battle_aircraft_carrier.png'}
2023-01-16 17:37:40,447 : AssetManager : Registering Asset: battle_battleship, File: battle_battleship.png, Default Group: default, Final Config: {'load': 'preload', 'file': 'E:\\MPF\\wows\\wows\\images\\battle_battleship.png'}
2023-01-16 17:37:40,447 : AssetManager : Registering Asset: battle_cruiser, File: battle_cruiser.png, Default Group: default, Final Config: {'load': 'preload', 'file': 'E:\\MPF\\wows\\wows\\images\\battle_cruiser.png'}
2023-01-16 17:37:40,447 : AssetManager : Registering Asset: battle_destroyer, File: battle_destroyer.png, Default Group: default, Final Config: {'load': 'preload', 'file': 'E:\\MPF\\wows\\wows\\images\\battle_destroyer.png'}
2023-01-16 17:37:40,447 : AssetManager : Registering Asset: belso_agyu, File: belso_agyu.gif, Default Group: default, Final Config: {'load': 'preload', 'file': 'E:\\MPF\\wows\\wows\\images\\belso_agyu.gif'}
2023-01-16 17:37:40,447 : AssetManager : Registering Asset: belso_agyu_2, File: belso_agyu_2.gif, Default Group: default, Final Config: {'load': 'preload', 'file': 'E:\\MPF\\wows\\wows\\images\\belso_agyu_2.gif'}
2023-01-16 17:37:40,447 : AssetManager : Registering Asset: belso_agyu_marad, File: belso_agyu_marad.png, Default Group: default, Final Config: {'load': 'preload', 'file': 'E:\\MPF\\wows\\wows\\images\\belso_agyu_marad.png'}
2023-01-16 17:37:40,447 : AssetManager : Registering Asset: belso_agyu_marad_2, File: belso_agyu_marad_2.png, Default Group: default, Final Config: {'load': 'preload', 'file': 'E:\\MPF\\wows\\wows\\images\\belso_agyu_marad_2.png'}
2023-01-16 17:37:40,447 : AssetManager : Registering Asset: belso_felepitmeny, File: belso_felepitmeny.gif, Default Group: default, Final Config: {'load': 'preload', 'file': 'E:\\MPF\\wows\\wows\\images\\belso_felepitmeny.gif'}
2023-01-16 17:37:40,447 : AssetManager : Registering Asset: belso_felepitmeny_2, File: belso_felepitmeny_2.gif, Default Group: default, Final Config: {'load': 'preload', 'file': 'E:\\MPF\\wows\\wows\\images\\belso_felepitmeny_2.gif'}
2023-01-16 17:37:40,447 : AssetManager : Registering Asset: belso_hajotest, File: belso_hajotest.png, Default Group: default, Final Config: {'load': 'preload', 'file': 'E:\\MPF\\wows\\wows\\images\\belso_hajotest.png'}
2023-01-16 17:37:40,447 : AssetManager : Registering Asset: belso_izzo, File: belso_izzo.gif, Default Group: default, Final Config: {'load': 'preload', 'file': 'E:\\MPF\\wows\\wows\\images\\belso_izzo.gif'}
2023-01-16 17:37:40,447 : AssetManager : Registering Asset: belso_izzo_2, File: belso_izzo_2.gif, Default Group: default, Final Config: {'load': 'preload', 'file': 'E:\\MPF\\wows\\wows\\images\\belso_izzo_2.gif'}
2023-01-16 17:37:40,447 : AssetManager : Registering Asset: belso_muzzle_flash, File: belso_muzzle_flash.gif, Default Group: default, Final Config: {'load': 'preload', 'file': 'E:\\MPF\\wows\\wows\\images\\belso_muzzle_flash.gif'}
2023-01-16 17:37:40,447 : AssetManager : Registering Asset: C, File: C.png, Default Group: default, Final Config: {'load': 'preload', 'file': 'E:\\MPF\\wows\\wows\\images\\C.png'}
2023-01-16 17:37:40,447 : AssetManager : Registering Asset: captured, File: captured.gif, Default Group: default, Final Config: {'load': 'preload', 'file': 'E:\\MPF\\wows\\wows\\images\\captured.gif'}
2023-01-16 17:37:40,447 : AssetManager : Registering Asset: captured_base, File: captured_base.gif, Default Group: default, Final Config: {'load': 'preload', 'file': 'E:\\MPF\\wows\\wows\\images\\captured_base.gif'}
2023-01-16 17:37:40,448 : AssetManager : Registering Asset: captured_base_still, File: captured_base_still.png, Default Group: default, Final Config: {'load': 'preload', 'file': 'E:\\MPF\\wows\\wows\\images\\captured_base_still.png'}
2023-01-16 17:37:40,448 : AssetManager : Registering Asset: captured_still, File: captured_still.png, Default Group: default, Final Config: {'load': 'preload', 'file': 'E:\\MPF\\wows\\wows\\images\\captured_still.png'}
2023-01-16 17:37:40,448 : AssetManager : Registering Asset: capture_1, File: capture_1.gif, Default Group: default, Final Config: {'load': 'preload', 'file': 'E:\\MPF\\wows\\wows\\images\\capture_1.gif'}
2023-01-16 17:37:40,448 : AssetManager : Registering Asset: capture_2, File: capture_2.gif, Default Group: default, Final Config: {'load': 'preload', 'file': 'E:\\MPF\\wows\\wows\\images\\capture_2.gif'}
2023-01-16 17:37:40,448 : AssetManager : Registering Asset: capture_3, File: capture_3.gif, Default Group: default, Final Config: {'load': 'preload', 'file': 'E:\\MPF\\wows\\wows\\images\\capture_3.gif'}
2023-01-16 17:37:40,448 : AssetManager : Registering Asset: capture_4, File: capture_4.gif, Default Group: default, Final Config: {'load': 'preload', 'file': 'E:\\MPF\\wows\\wows\\images\\capture_4.gif'}
2023-01-16 17:37:40,448 : AssetManager : Registering Asset: capture_5, File: capture_5.gif, Default Group: default, Final Config: {'load': 'preload', 'file': 'E:\\MPF\\wows\\wows\\images\\capture_5.gif'}
2023-01-16 17:37:40,448 : AssetManager : Registering Asset: capture_6, File: capture_6.gif, Default Group: default, Final Config: {'load': 'preload', 'file': 'E:\\MPF\\wows\\wows\\images\\capture_6.gif'}
2023-01-16 17:37:40,448 : AssetManager : Registering Asset: capture_bracket, File: capture_bracket.png, Default Group: default, Final Config: {'load': 'preload', 'file': 'E:\\MPF\\wows\\wows\\images\\capture_bracket.png'}
2023-01-16 17:37:40,448 : AssetManager : Registering Asset: capturing_1_still, File: capturing_1_still.png, Default Group: default, Final Config: {'load': 'preload', 'file': 'E:\\MPF\\wows\\wows\\images\\capturing_1_still.png'}
2023-01-16 17:37:40,448 : AssetManager : Registering Asset: capturing_2_still, File: capturing_2_still.png, Default Group: default, Final Config: {'load': 'preload', 'file': 'E:\\MPF\\wows\\wows\\images\\capturing_2_still.png'}
2023-01-16 17:37:40,448 : AssetManager : Registering Asset: capturing_3_still, File: capturing_3_still.png, Default Group: default, Final Config: {'load': 'preload', 'file': 'E:\\MPF\\wows\\wows\\images\\capturing_3_still.png'}
2023-01-16 17:37:40,448 : AssetManager : Registering Asset: capturing_4_still, File: capturing_4_still.png, Default Group: default, Final Config: {'load': 'preload', 'file': 'E:\\MPF\\wows\\wows\\images\\capturing_4_still.png'}
2023-01-16 17:37:40,448 : AssetManager : Registering Asset: capturing_5_still, File: capturing_5_still.png, Default Group: default, Final Config: {'load': 'preload', 'file': 'E:\\MPF\\wows\\wows\\images\\capturing_5_still.png'}
2023-01-16 17:37:40,448 : AssetManager : Registering Asset: capturing_6_still, File: capturing_6_still.png, Default Group: default, Final Config: {'load': 'preload', 'file': 'E:\\MPF\\wows\\wows\\images\\capturing_6_still.png'}
2023-01-16 17:37:40,448 : AssetManager : Registering Asset: capturing_base_1_still, File: capturing_base_1_still.png, Default Group: default, Final Config: {'load': 'preload', 'file': 'E:\\MPF\\wows\\wows\\images\\capturing_base_1_still.png'}
2023-01-16 17:37:40,449 : AssetManager : Registering Asset: capturing_base_2_still, File: capturing_base_2_still.png, Default Group: default, Final Config: {'load': 'preload', 'file': 'E:\\MPF\\wows\\wows\\images\\capturing_base_2_still.png'}
2023-01-16 17:37:40,449 : AssetManager : Registering Asset: capturing_base_3_still, File: capturing_base_3_still.png, Default Group: default, Final Config: {'load': 'preload', 'file': 'E:\\MPF\\wows\\wows\\images\\capturing_base_3_still.png'}
2023-01-16 17:37:40,449 : AssetManager : Registering Asset: capturing_base_4_still, File: capturing_base_4_still.png, Default Group: default, Final Config: {'load': 'preload', 'file': 'E:\\MPF\\wows\\wows\\images\\capturing_base_4_still.png'}
2023-01-16 17:37:40,449 : AssetManager : Registering Asset: capturing_base_5_still, File: capturing_base_5_still.png, Default Group: default, Final Config: {'load': 'preload', 'file': 'E:\\MPF\\wows\\wows\\images\\capturing_base_5_still.png'}
2023-01-16 17:37:40,449 : AssetManager : Registering Asset: capturing_base_6_still, File: capturing_base_6_still.png, Default Group: default, Final Config: {'load': 'preload', 'file': 'E:\\MPF\\wows\\wows\\images\\capturing_base_6_still.png'}
2023-01-16 17:37:40,449 : AssetManager : Registering Asset: ca_blue, File: ca_blue.png, Default Group: default, Final Config: {'load': 'preload', 'file': 'E:\\MPF\\wows\\wows\\images\\ca_blue.png'}
2023-01-16 17:37:40,449 : AssetManager : Registering Asset: ca_green, File: ca_green.png, Default Group: default, Final Config: {'load': 'preload', 'file': 'E:\\MPF\\wows\\wows\\images\\ca_green.png'}
2023-01-16 17:37:40,449 : AssetManager : Registering Asset: ca_red, File: ca_red.png, Default Group: default, Final Config: {'load': 'preload', 'file': 'E:\\MPF\\wows\\wows\\images\\ca_red.png'}
2023-01-16 17:37:40,449 : AssetManager : Registering Asset: ca_yellow, File: ca_yellow.png, Default Group: default, Final Config: {'load': 'preload', 'file': 'E:\\MPF\\wows\\wows\\images\\ca_yellow.png'}
2023-01-16 17:37:40,449 : AssetManager : Registering Asset: cm_1_1, File: cm_1_1.png, Default Group: default, Final Config: {'load': 'preload', 'file': 'E:\\MPF\\wows\\wows\\images\\cm_1_1.png'}
2023-01-16 17:37:40,449 : AssetManager : Registering Asset: cm_1_2, File: cm_1_2.png, Default Group: default, Final Config: {'load': 'preload', 'file': 'E:\\MPF\\wows\\wows\\images\\cm_1_2.png'}
2023-01-16 17:37:40,449 : AssetManager : Registering Asset: cm_1_3, File: cm_1_3.png, Default Group: default, Final Config: {'load': 'preload', 'file': 'E:\\MPF\\wows\\wows\\images\\cm_1_3.png'}
2023-01-16 17:37:40,449 : AssetManager : Registering Asset: cm_1_4, File: cm_1_4.png, Default Group: default, Final Config: {'load': 'preload', 'file': 'E:\\MPF\\wows\\wows\\images\\cm_1_4.png'}
2023-01-16 17:37:40,449 : AssetManager : Registering Asset: cm_2_1, File: cm_2_1.png, Default Group: default, Final Config: {'load': 'preload', 'file': 'E:\\MPF\\wows\\wows\\images\\cm_2_1.png'}
2023-01-16 17:37:40,449 : AssetManager : Registering Asset: cm_2_2, File: cm_2_2.png, Default Group: default, Final Config: {'load': 'preload', 'file': 'E:\\MPF\\wows\\wows\\images\\cm_2_2.png'}
2023-01-16 17:37:40,450 : AssetManager : Registering Asset: cm_2_3, File: cm_2_3.png, Default Group: default, Final Config: {'load': 'preload', 'file': 'E:\\MPF\\wows\\wows\\images\\cm_2_3.png'}
2023-01-16 17:37:40,450 : AssetManager : Registering Asset: cm_2_4, File: cm_2_4.png, Default Group: default, Final Config: {'load': 'preload', 'file': 'E:\\MPF\\wows\\wows\\images\\cm_2_4.png'}
2023-01-16 17:37:40,450 : AssetManager : Registering Asset: cm_3_1, File: cm_3_1.png, Default Group: default, Final Config: {'load': 'preload', 'file': 'E:\\MPF\\wows\\wows\\images\\cm_3_1.png'}
2023-01-16 17:37:40,450 : AssetManager : Registering Asset: cm_3_2, File: cm_3_2.png, Default Group: default, Final Config: {'load': 'preload', 'file': 'E:\\MPF\\wows\\wows\\images\\cm_3_2.png'}
2023-01-16 17:37:40,450 : AssetManager : Registering Asset: cm_3_3, File: cm_3_3.png, Default Group: default, Final Config: {'load': 'preload', 'file': 'E:\\MPF\\wows\\wows\\images\\cm_3_3.png'}
2023-01-16 17:37:40,450 : AssetManager : Registering Asset: cm_3_4, File: cm_3_4.png, Default Group: default, Final Config: {'load': 'preload', 'file': 'E:\\MPF\\wows\\wows\\images\\cm_3_4.png'}
2023-01-16 17:37:40,450 : AssetManager : Registering Asset: cm_4_1, File: cm_4_1.png, Default Group: default, Final Config: {'load': 'preload', 'file': 'E:\\MPF\\wows\\wows\\images\\cm_4_1.png'}
2023-01-16 17:37:40,450 : AssetManager : Registering Asset: cm_4_2, File: cm_4_2.png, Default Group: default, Final Config: {'load': 'preload', 'file': 'E:\\MPF\\wows\\wows\\images\\cm_4_2.png'}
2023-01-16 17:37:40,450 : AssetManager : Registering Asset: cm_4_3, File: cm_4_3.png, Default Group: default, Final Config: {'load': 'preload', 'file': 'E:\\MPF\\wows\\wows\\images\\cm_4_3.png'}
2023-01-16 17:37:40,450 : AssetManager : Registering Asset: cm_4_4, File: cm_4_4.png, Default Group: default, Final Config: {'load': 'preload', 'file': 'E:\\MPF\\wows\\wows\\images\\cm_4_4.png'}
2023-01-16 17:37:40,450 : AssetManager : Registering Asset: commanders, File: commanders.png, Default Group: default, Final Config: {'load': 'preload', 'file': 'E:\\MPF\\wows\\wows\\images\\commanders.png'}
2023-01-16 17:37:40,450 : AssetManager : Registering Asset: commanders_2, File: commanders_2.png, Default Group: default, Final Config: {'load': 'preload', 'file': 'E:\\MPF\\wows\\wows\\images\\commanders_2.png'}
2023-01-16 17:37:40,451 : AssetManager : Registering Asset: commander_skill_1, File: commander_skill_1.png, Default Group: default, Final Config: {'load': 'preload', 'file': 'E:\\MPF\\wows\\wows\\images\\commander_skill_1.png'}
2023-01-16 17:37:40,451 : AssetManager : Registering Asset: commander_skill_2, File: commander_skill_2.png, Default Group: default, Final Config: {'load': 'preload', 'file': 'E:\\MPF\\wows\\wows\\images\\commander_skill_2.png'}
2023-01-16 17:37:40,451 : AssetManager : Registering Asset: commander_skill_3, File: commander_skill_3.png, Default Group: default, Final Config: {'load': 'preload', 'file': 'E:\\MPF\\wows\\wows\\images\\commander_skill_3.png'}
2023-01-16 17:37:40,451 : AssetManager : Registering Asset: commander_skill_4, File: commander_skill_4.png, Default Group: default, Final Config: {'load': 'preload', 'file': 'E:\\MPF\\wows\\wows\\images\\commander_skill_4.png'}
2023-01-16 17:37:40,451 : AssetManager : Registering Asset: conqueror, File: conqueror.png, Default Group: default, Final Config: {'load': 'preload', 'file': 'E:\\MPF\\wows\\wows\\images\\conqueror.png'}
2023-01-16 17:37:40,451 : AssetManager : Registering Asset: consumable_bomb_background, File: consumable_bomb_background.png, Default Group: default, Final Config: {'load': 'preload', 'file': 'E:\\MPF\\wows\\wows\\images\\consumable_bomb_background.png'}
2023-01-16 17:37:40,451 : AssetManager : Registering Asset: consumable_bomb_container, File: consumable_bomb_container.png, Default Group: default, Final Config: {'load': 'preload', 'file': 'E:\\MPF\\wows\\wows\\images\\consumable_bomb_container.png'}
2023-01-16 17:37:40,451 : AssetManager : Registering Asset: consumable_bomb_mover, File: consumable_bomb_mover.png, Default Group: default, Final Config: {'load': 'preload', 'file': 'E:\\MPF\\wows\\wows\\images\\consumable_bomb_mover.png'}
2023-01-16 17:37:40,451 : AssetManager : Registering Asset: cons_1_1, File: cons_1_1.gif, Default Group: default, Final Config: {'load': 'preload', 'file': 'E:\\MPF\\wows\\wows\\images\\cons_1_1.gif'}
2023-01-16 17:37:40,451 : AssetManager : Registering Asset: cons_1_1_background, File: cons_1_1_background.png, Default Group: default, Final Config: {'load': 'preload', 'file': 'E:\\MPF\\wows\\wows\\images\\cons_1_1_background.png'}
2023-01-16 17:37:40,451 : AssetManager : Registering Asset: cons_1_2, File: cons_1_2.gif, Default Group: default, Final Config: {'load': 'preload', 'file': 'E:\\MPF\\wows\\wows\\images\\cons_1_2.gif'}
2023-01-16 17:37:40,451 : AssetManager : Registering Asset: cons_1_3, File: cons_1_3.gif, Default Group: default, Final Config: {'load': 'preload', 'file': 'E:\\MPF\\wows\\wows\\images\\cons_1_3.gif'}
2023-01-16 17:37:40,451 : AssetManager : Registering Asset: cons_1_4, File: cons_1_4.gif, Default Group: default, Final Config: {'load': 'preload', 'file': 'E:\\MPF\\wows\\wows\\images\\cons_1_4.gif'}
2023-01-16 17:37:40,451 : AssetManager : Registering Asset: cons_1_background, File: cons_1_background.png, Default Group: default, Final Config: {'load': 'preload', 'file': 'E:\\MPF\\wows\\wows\\images\\cons_1_background.png'}
2023-01-16 17:37:40,451 : AssetManager : Registering Asset: cons_1_test, File: cons_1_test.png, Default Group: default, Final Config: {'load': 'preload', 'file': 'E:\\MPF\\wows\\wows\\images\\cons_1_test.png'}
2023-01-16 17:37:40,452 : AssetManager : Registering Asset: cons_3, File: cons_3.gif, Default Group: default, Final Config: {'load': 'preload', 'file': 'E:\\MPF\\wows\\wows\\images\\cons_3.gif'}
2023-01-16 17:37:40,452 : AssetManager : Registering Asset: cons_7, File: cons_7.png, Default Group: default, Final Config: {'load': 'preload', 'file': 'E:\\MPF\\wows\\wows\\images\\cons_7.png'}
2023-01-16 17:37:40,452 : AssetManager : Registering Asset: cons_7_background, File: cons_7_background.png, Default Group: default, Final Config: {'load': 'preload', 'file': 'E:\\MPF\\wows\\wows\\images\\cons_7_background.png'}
2023-01-16 17:37:40,452 : AssetManager : Registering Asset: cons_7_end, File: cons_7_end.gif, Default Group: default, Final Config: {'load': 'preload', 'file': 'E:\\MPF\\wows\\wows\\images\\cons_7_end.gif'}
2023-01-16 17:37:40,452 : AssetManager : Registering Asset: cons_7_foreground, File: cons_7_foreground.png, Default Group: default, Final Config: {'load': 'preload', 'file': 'E:\\MPF\\wows\\wows\\images\\cons_7_foreground.png'}
2023-01-16 17:37:40,452 : AssetManager : Registering Asset: cons_7_torp, File: cons_7_torp.png, Default Group: default, Final Config: {'load': 'preload', 'file': 'E:\\MPF\\wows\\wows\\images\\cons_7_torp.png'}
2023-01-16 17:37:40,452 : AssetManager : Registering Asset: cons_wizard_background, File: cons_wizard_background.png, Default Group: default, Final Config: {'load': 'preload', 'file': 'E:\\MPF\\wows\\wows\\images\\cons_wizard_background.png'}
2023-01-16 17:37:40,452 : AssetManager : Registering Asset: container_ball, File: container_ball.gif, Default Group: default, Final Config: {'load': 'preload', 'file': 'E:\\MPF\\wows\\wows\\images\\container_ball.gif'}
2023-01-16 17:37:40,452 : AssetManager : Registering Asset: container_ball_text, File: container_ball_text.jpg, Default Group: default, Final Config: {'load': 'preload', 'file': 'E:\\MPF\\wows\\wows\\images\\container_ball_text.jpg'}
2023-01-16 17:37:40,452 : AssetManager : Registering Asset: container_dmg, File: container_dmg.gif, Default Group: default, Final Config: {'load': 'preload', 'file': 'E:\\MPF\\wows\\wows\\images\\container_dmg.gif'}
2023-01-16 17:37:40,452 : AssetManager : Registering Asset: container_dmg_text, File: container_dmg_text.jpg, Default Group: default, Final Config: {'load': 'preload', 'file': 'E:\\MPF\\wows\\wows\\images\\container_dmg_text.jpg'}
2023-01-16 17:37:40,452 : AssetManager : Registering Asset: container_jet, File: container_jet.gif, Default Group: default, Final Config: {'load': 'preload', 'file': 'E:\\MPF\\wows\\wows\\images\\container_jet.gif'}
2023-01-16 17:37:40,452 : AssetManager : Registering Asset: container_jet_text, File: container_jet_text.jpg, Default Group: default, Final Config: {'load': 'preload', 'file': 'E:\\MPF\\wows\\wows\\images\\container_jet_text.jpg'}
2023-01-16 17:37:40,452 : AssetManager : Registering Asset: container_time, File: container_time.gif, Default Group: default, Final Config: {'load': 'preload', 'file': 'E:\\MPF\\wows\\wows\\images\\container_time.gif'}
2023-01-16 17:37:40,453 : AssetManager : Registering Asset: container_time_text, File: container_time_text.jpg, Default Group: default, Final Config: {'load': 'preload', 'file': 'E:\\MPF\\wows\\wows\\images\\container_time_text.jpg'}
2023-01-16 17:37:40,453 : AssetManager : Registering Asset: container_x, File: container_x.gif, Default Group: default, Final Config: {'load': 'preload', 'file': 'E:\\MPF\\wows\\wows\\images\\container_x.gif'}
2023-01-16 17:37:40,453 : AssetManager : Registering Asset: container_xp, File: container_xp.gif, Default Group: default, Final Config: {'load': 'preload', 'file': 'E:\\MPF\\wows\\wows\\images\\container_xp.gif'}
2023-01-16 17:37:40,453 : AssetManager : Registering Asset: container_xp_text, File: container_xp_text.jpg, Default Group: default, Final Config: {'load': 'preload', 'file': 'E:\\MPF\\wows\\wows\\images\\container_xp_text.jpg'}
2023-01-16 17:37:40,453 : AssetManager : Registering Asset: container_x_text, File: container_x_text.jpg, Default Group: default, Final Config: {'load': 'preload', 'file': 'E:\\MPF\\wows\\wows\\images\\container_x_text.jpg'}
2023-01-16 17:37:40,453 : AssetManager : Registering Asset: c_black, File: c_black.png, Default Group: default, Final Config: {'load': 'preload', 'file': 'E:\\MPF\\wows\\wows\\images\\c_black.png'}
2023-01-16 17:37:40,453 : AssetManager : Registering Asset: c_blue, File: c_blue.png, Default Group: default, Final Config: {'load': 'preload', 'file': 'E:\\MPF\\wows\\wows\\images\\c_blue.png'}
2023-01-16 17:37:40,453 : AssetManager : Registering Asset: c_green, File: c_green.png, Default Group: default, Final Config: {'load': 'preload', 'file': 'E:\\MPF\\wows\\wows\\images\\c_green.png'}
2023-01-16 17:37:40,453 : AssetManager : Registering Asset: C_Prog100, File: C_Prog100.jpg, Default Group: default, Final Config: {'load': 'preload', 'file': 'E:\\MPF\\wows\\wows\\images\\C_Prog100.jpg'}
2023-01-16 17:37:40,453 : AssetManager : Registering Asset: c_red, File: c_red.png, Default Group: default, Final Config: {'load': 'preload', 'file': 'E:\\MPF\\wows\\wows\\images\\c_red.png'}
2023-01-16 17:37:40,453 : AssetManager : Registering Asset: c_white, File: c_white.png, Default Group: default, Final Config: {'load': 'preload', 'file': 'E:\\MPF\\wows\\wows\\images\\c_white.png'}
2023-01-16 17:37:40,453 : AssetManager : Registering Asset: c_yellow, File: c_yellow.png, Default Group: default, Final Config: {'load': 'preload', 'file': 'E:\\MPF\\wows\\wows\\images\\c_yellow.png'}
2023-01-16 17:37:40,453 : AssetManager : Registering Asset: D, File: D.png, Default Group: default, Final Config: {'load': 'preload', 'file': 'E:\\MPF\\wows\\wows\\images\\D.png'}
2023-01-16 17:37:40,453 : AssetManager : Registering Asset: daring, File: daring.png, Default Group: default, Final Config: {'load': 'preload', 'file': 'E:\\MPF\\wows\\wows\\images\\daring.png'}
2023-01-16 17:37:40,453 : AssetManager : Registering Asset: def_aa_icon, File: def_aa_icon.png, Default Group: default, Final Config: {'load': 'preload', 'file': 'E:\\MPF\\wows\\wows\\images\\def_aa_icon.png'}
2023-01-16 17:37:40,454 : AssetManager : Registering Asset: des moines, File: des moines.png, Default Group: default, Final Config: {'load': 'preload', 'file': 'E:\\MPF\\wows\\wows\\images\\des moines.png'}
2023-01-16 17:37:40,454 : AssetManager : Registering Asset: dmg_con_party_icon, File: dmg_con_party_icon.png, Default Group: default, Final Config: {'load': 'preload', 'file': 'E:\\MPF\\wows\\wows\\images\\dmg_con_party_icon.png'}
2023-01-16 17:37:40,454 : AssetManager : Registering Asset: DOUBLE JACKPOT, File: DOUBLE JACKPOT.png, Default Group: default, Final Config: {'load': 'preload', 'file': 'E:\\MPF\\wows\\wows\\images\\DOUBLE JACKPOT.png'}
2023-01-16 17:37:40,454 : AssetManager : Registering Asset: E, File: E.png, Default Group: default, Final Config: {'load': 'preload', 'file': 'E:\\MPF\\wows\\wows\\images\\E.png'}
2023-01-16 17:37:40,454 : AssetManager : Registering Asset: engine_icon, File: engine_icon.png, Default Group: default, Final Config: {'load': 'preload', 'file': 'E:\\MPF\\wows\\wows\\images\\engine_icon.png'}
2023-01-16 17:37:40,454 : AssetManager : Registering Asset: explosion, File: explosion.gif, Default Group: default, Final Config: {'load': 'preload', 'file': 'E:\\MPF\\wows\\wows\\images\\explosion.gif'}
2023-01-16 17:37:40,454 : AssetManager : Registering Asset: explosion_2, File: explosion_2.gif, Default Group: default, Final Config: {'load': 'preload', 'file': 'E:\\MPF\\wows\\wows\\images\\explosion_2.gif'}
2023-01-16 17:37:40,454 : AssetManager : Registering Asset: fighter_icon, File: fighter_icon.png, Default Group: default, Final Config: {'load': 'preload', 'file': 'E:\\MPF\\wows\\wows\\images\\fighter_icon.png'}
2023-01-16 17:37:40,454 : AssetManager : Registering Asset: fire, File: fire.gif, Default Group: default, Final Config: {'load': 'preload', 'file': 'E:\\MPF\\wows\\wows\\images\\fire.gif'}
2023-01-16 17:37:40,454 : AssetManager : Registering Asset: fire_2, File: fire_2.gif, Default Group: default, Final Config: {'load': 'preload', 'file': 'E:\\MPF\\wows\\wows\\images\\fire_2.gif'}
2023-01-16 17:37:40,454 : AssetManager : Registering Asset: fire_start, File: fire_start.gif, Default Group: default, Final Config: {'load': 'preload', 'file': 'E:\\MPF\\wows\\wows\\images\\fire_start.gif'}
2023-01-16 17:37:40,455 : AssetManager : Registering Asset: fire_start_2, File: fire_start_2.gif, Default Group: default, Final Config: {'load': 'preload', 'file': 'E:\\MPF\\wows\\wows\\images\\fire_start_2.gif'}
2023-01-16 17:37:40,455 : AssetManager : Registering Asset: flag, File: flag.png, Default Group: default, Final Config: {'load': 'preload', 'file': 'E:\\MPF\\wows\\wows\\images\\flag.png'}
2023-01-16 17:37:40,455 : AssetManager : Registering Asset: flood, File: flood.png, Default Group: default, Final Config: {'load': 'preload', 'file': 'E:\\MPF\\wows\\wows\\images\\flood.png'}
2023-01-16 17:37:40,455 : AssetManager : Registering Asset: frozen, File: frozen.png, Default Group: default, Final Config: {'load': 'preload', 'file': 'E:\\MPF\\wows\\wows\\images\\frozen.png'}
2023-01-16 17:37:40,455 : AssetManager : Registering Asset: frozen_0, File: frozen_0.png, Default Group: default, Final Config: {'load': 'preload', 'file': 'E:\\MPF\\wows\\wows\\images\\frozen_0.png'}
2023-01-16 17:37:40,455 : AssetManager : Registering Asset: frozen_1, File: frozen_1.png, Default Group: default, Final Config: {'load': 'preload', 'file': 'E:\\MPF\\wows\\wows\\images\\frozen_1.png'}
2023-01-16 17:37:40,455 : AssetManager : Registering Asset: frozen_10, File: frozen_10.png, Default Group: default, Final Config: {'load': 'preload', 'file': 'E:\\MPF\\wows\\wows\\images\\frozen_10.png'}
2023-01-16 17:37:40,455 : AssetManager : Registering Asset: frozen_11, File: frozen_11.png, Default Group: default, Final Config: {'load': 'preload', 'file': 'E:\\MPF\\wows\\wows\\images\\frozen_11.png'}
2023-01-16 17:37:40,455 : AssetManager : Registering Asset: frozen_12, File: frozen_12.png, Default Group: default, Final Config: {'load': 'preload', 'file': 'E:\\MPF\\wows\\wows\\images\\frozen_12.png'}
2023-01-16 17:37:40,455 : AssetManager : Registering Asset: frozen_13, File: frozen_13.png, Default Group: default, Final Config: {'load': 'preload', 'file': 'E:\\MPF\\wows\\wows\\images\\frozen_13.png'}
2023-01-16 17:37:40,455 : AssetManager : Registering Asset: frozen_14, File: frozen_14.png, Default Group: default, Final Config: {'load': 'preload', 'file': 'E:\\MPF\\wows\\wows\\images\\frozen_14.png'}
2023-01-16 17:37:40,455 : AssetManager : Registering Asset: frozen_15, File: frozen_15.png, Default Group: default, Final Config: {'load': 'preload', 'file': 'E:\\MPF\\wows\\wows\\images\\frozen_15.png'}
2023-01-16 17:37:40,456 : AssetManager : Registering Asset: frozen_2, File: frozen_2.png, Default Group: default, Final Config: {'load': 'preload', 'file': 'E:\\MPF\\wows\\wows\\images\\frozen_2.png'}
2023-01-16 17:37:40,456 : AssetManager : Registering Asset: frozen_3, File: frozen_3.png, Default Group: default, Final Config: {'load': 'preload', 'file': 'E:\\MPF\\wows\\wows\\images\\frozen_3.png'}
2023-01-16 17:37:40,456 : AssetManager : Registering Asset: frozen_4, File: frozen_4.png, Default Group: default, Final Config: {'load': 'preload', 'file': 'E:\\MPF\\wows\\wows\\images\\frozen_4.png'}
2023-01-16 17:37:40,456 : AssetManager : Registering Asset: frozen_5, File: frozen_5.png, Default Group: default, Final Config: {'load': 'preload', 'file': 'E:\\MPF\\wows\\wows\\images\\frozen_5.png'}
2023-01-16 17:37:40,456 : AssetManager : Registering Asset: frozen_6, File: frozen_6.png, Default Group: default, Final Config: {'load': 'preload', 'file': 'E:\\MPF\\wows\\wows\\images\\frozen_6.png'}
2023-01-16 17:37:40,456 : AssetManager : Registering Asset: frozen_7, File: frozen_7.png, Default Group: default, Final Config: {'load': 'preload', 'file': 'E:\\MPF\\wows\\wows\\images\\frozen_7.png'}
2023-01-16 17:37:40,456 : AssetManager : Registering Asset: frozen_8, File: frozen_8.png, Default Group: default, Final Config: {'load': 'preload', 'file': 'E:\\MPF\\wows\\wows\\images\\frozen_8.png'}
2023-01-16 17:37:40,456 : AssetManager : Registering Asset: frozen_9, File: frozen_9.png, Default Group: default, Final Config: {'load': 'preload', 'file': 'E:\\MPF\\wows\\wows\\images\\frozen_9.png'}
2023-01-16 17:37:40,456 : AssetManager : Registering Asset: grosser kurfurst, File: grosser kurfurst.png, Default Group: default, Final Config: {'load': 'preload', 'file': 'E:\\MPF\\wows\\wows\\images\\grosser kurfurst.png'}
2023-01-16 17:37:40,456 : AssetManager : Registering Asset: gun_face, File: gun_face.png, Default Group: default, Final Config: {'load': 'preload', 'file': 'E:\\MPF\\wows\\wows\\images\\gun_face.png'}
2023-01-16 17:37:40,456 : AssetManager : Registering Asset: gun_side_1, File: gun_side_1.png, Default Group: default, Final Config: {'load': 'preload', 'file': 'E:\\MPF\\wows\\wows\\images\\gun_side_1.png'}
2023-01-16 17:37:40,456 : AssetManager : Registering Asset: gun_side_2, File: gun_side_2.png, Default Group: default, Final Config: {'load': 'preload', 'file': 'E:\\MPF\\wows\\wows\\images\\gun_side_2.png'}
2023-01-16 17:37:40,456 : AssetManager : Registering Asset: haragumo, File: haragumo.png, Default Group: default, Final Config: {'load': 'preload', 'file': 'E:\\MPF\\wows\\wows\\images\\haragumo.png'}
2023-01-16 17:37:40,457 : AssetManager : Registering Asset: hc_1, File: hc_1.png, Default Group: default, Final Config: {'load': 'preload', 'file': 'E:\\MPF\\wows\\wows\\images\\hc_1.png'}
2023-01-16 17:37:40,457 : AssetManager : Registering Asset: hc_2, File: hc_2.png, Default Group: default, Final Config: {'load': 'preload', 'file': 'E:\\MPF\\wows\\wows\\images\\hc_2.png'}
2023-01-16 17:37:40,457 : AssetManager : Registering Asset: hc_3, File: hc_3.png, Default Group: default, Final Config: {'load': 'preload', 'file': 'E:\\MPF\\wows\\wows\\images\\hc_3.png'}
2023-01-16 17:37:40,457 : AssetManager : Registering Asset: hc_4, File: hc_4.png, Default Group: default, Final Config: {'load': 'preload', 'file': 'E:\\MPF\\wows\\wows\\images\\hc_4.png'}
2023-01-16 17:37:40,457 : AssetManager : Registering Asset: hc_5, File: hc_5.png, Default Group: default, Final Config: {'load': 'preload', 'file': 'E:\\MPF\\wows\\wows\\images\\hc_5.png'}
2023-01-16 17:37:40,457 : AssetManager : Registering Asset: hc_6, File: hc_6.png, Default Group: default, Final Config: {'load': 'preload', 'file': 'E:\\MPF\\wows\\wows\\images\\hc_6.png'}
2023-01-16 17:37:40,457 : AssetManager : Registering Asset: hc_background, File: hc_background.jpg, Default Group: default, Final Config: {'load': 'preload', 'file': 'E:\\MPF\\wows\\wows\\images\\hc_background.jpg'}
2023-01-16 17:37:40,457 : AssetManager : Registering Asset: hc_start, File: hc_start.gif, Default Group: default, Final Config: {'load': 'preload', 'file': 'E:\\MPF\\wows\\wows\\images\\hc_start.gif'}
2023-01-16 17:37:40,457 : AssetManager : Registering Asset: hc_start_end, File: hc_start_end.jpg, Default Group: default, Final Config: {'load': 'preload', 'file': 'E:\\MPF\\wows\\wows\\images\\hc_start_end.jpg'}
2023-01-16 17:37:40,457 : AssetManager : Registering Asset: hc_super_background, File: hc_super_background.png, Default Group: default, Final Config: {'load': 'preload', 'file': 'E:\\MPF\\wows\\wows\\images\\hc_super_background.png'}
2023-01-16 17:37:40,457 : AssetManager : Registering Asset: hc_super_gun_1, File: hc_super_gun_1.gif, Default Group: default, Final Config: {'load': 'preload', 'file': 'E:\\MPF\\wows\\wows\\images\\hc_super_gun_1.gif'}
2023-01-16 17:37:40,457 : AssetManager : Registering Asset: hc_super_gun_1_2, File: hc_super_gun_1_2.gif, Default Group: default, Final Config: {'load': 'preload', 'file': 'E:\\MPF\\wows\\wows\\images\\hc_super_gun_1_2.gif'}
2023-01-16 17:37:40,458 : AssetManager : Registering Asset: hc_super_gun_2, File: hc_super_gun_2.gif, Default Group: default, Final Config: {'load': 'preload', 'file': 'E:\\MPF\\wows\\wows\\images\\hc_super_gun_2.gif'}
2023-01-16 17:37:40,458 : AssetManager : Registering Asset: hydro_icon, File: hydro_icon.png, Default Group: default, Final Config: {'load': 'preload', 'file': 'E:\\MPF\\wows\\wows\\images\\hydro_icon.png'}
2023-01-16 17:37:40,458 : AssetManager : Registering Asset: JACKPOT, File: JACKPOT.png, Default Group: default, Final Config: {'load': 'preload', 'file': 'E:\\MPF\\wows\\wows\\images\\JACKPOT.png'}
2023-01-16 17:37:40,458 : AssetManager : Registering Asset: kozep_agyu, File: kozep_agyu.gif, Default Group: default, Final Config: {'load': 'preload', 'file': 'E:\\MPF\\wows\\wows\\images\\kozep_agyu.gif'}
2023-01-16 17:37:40,458 : AssetManager : Registering Asset: kozep_agyu_2, File: kozep_agyu_2.gif, Default Group: default, Final Config: {'load': 'preload', 'file': 'E:\\MPF\\wows\\wows\\images\\kozep_agyu_2.gif'}
2023-01-16 17:37:40,458 : AssetManager : Registering Asset: kozep_agyu_marad, File: kozep_agyu_marad.png, Default Group: default, Final Config: {'load': 'preload', 'file': 'E:\\MPF\\wows\\wows\\images\\kozep_agyu_marad.png'}
2023-01-16 17:37:40,458 : AssetManager : Registering Asset: kozep_agyu_marad_2, File: kozep_agyu_marad_2.png, Default Group: default, Final Config: {'load': 'preload', 'file': 'E:\\MPF\\wows\\wows\\images\\kozep_agyu_marad_2.png'}
2023-01-16 17:37:40,458 : AssetManager : Registering Asset: kozep_felepitmeny, File: kozep_felepitmeny.gif, Default Group: default, Final Config: {'load': 'preload', 'file': 'E:\\MPF\\wows\\wows\\images\\kozep_felepitmeny.gif'}
2023-01-16 17:37:40,458 : AssetManager : Registering Asset: kozep_felepitmeny_2, File: kozep_felepitmeny_2.gif, Default Group: default, Final Config: {'load': 'preload', 'file': 'E:\\MPF\\wows\\wows\\images\\kozep_felepitmeny_2.gif'}
2023-01-16 17:37:40,458 : AssetManager : Registering Asset: kozep_hajotest, File: kozep_hajotest.png, Default Group: default, Final Config: {'load': 'preload', 'file': 'E:\\MPF\\wows\\wows\\images\\kozep_hajotest.png'}
2023-01-16 17:37:40,458 : AssetManager : Registering Asset: kozep_hajotest_2, File: kozep_hajotest_2.png, Default Group: default, Final Config: {'load': 'preload', 'file': 'E:\\MPF\\wows\\wows\\images\\kozep_hajotest_2.png'}
2023-01-16 17:37:40,458 : AssetManager : Registering Asset: kozep_izzo, File: kozep_izzo.gif, Default Group: default, Final Config: {'load': 'preload', 'file': 'E:\\MPF\\wows\\wows\\images\\kozep_izzo.gif'}
2023-01-16 17:37:40,459 : AssetManager : Registering Asset: kozep_izzo_2, File: kozep_izzo_2.gif, Default Group: default, Final Config: {'load': 'preload', 'file': 'E:\\MPF\\wows\\wows\\images\\kozep_izzo_2.gif'}
2023-01-16 17:37:40,459 : AssetManager : Registering Asset: kozep_muzzle_flash, File: kozep_muzzle_flash.gif, Default Group: default, Final Config: {'load': 'preload', 'file': 'E:\\MPF\\wows\\wows\\images\\kozep_muzzle_flash.gif'}
2023-01-16 17:37:40,459 : AssetManager : Registering Asset: kozep_muzzle_flash_2, File: kozep_muzzle_flash_2.gif, Default Group: default, Final Config: {'load': 'preload', 'file': 'E:\\MPF\\wows\\wows\\images\\kozep_muzzle_flash_2.gif'}
2023-01-16 17:37:40,459 : AssetManager : Registering Asset: kulso_agyu, File: kulso_agyu.gif, Default Group: default, Final Config: {'load': 'preload', 'file': 'E:\\MPF\\wows\\wows\\images\\kulso_agyu.gif'}
2023-01-16 17:37:40,459 : AssetManager : Registering Asset: kulso_agyu_2, File: kulso_agyu_2.gif, Default Group: default, Final Config: {'load': 'preload', 'file': 'E:\\MPF\\wows\\wows\\images\\kulso_agyu_2.gif'}
2023-01-16 17:37:40,459 : AssetManager : Registering Asset: kulso_agyu_marad, File: kulso_agyu_marad.png, Default Group: default, Final Config: {'load': 'preload', 'file': 'E:\\MPF\\wows\\wows\\images\\kulso_agyu_marad.png'}
2023-01-16 17:37:40,459 : AssetManager : Registering Asset: kulso_agyu_marad_2, File: kulso_agyu_marad_2.png, Default Group: default, Final Config: {'load': 'preload', 'file': 'E:\\MPF\\wows\\wows\\images\\kulso_agyu_marad_2.png'}
2023-01-16 17:37:40,459 : AssetManager : Registering Asset: kulso_felepitmeny, File: kulso_felepitmeny.gif, Default Group: default, Final Config: {'load': 'preload', 'file': 'E:\\MPF\\wows\\wows\\images\\kulso_felepitmeny.gif'}
2023-01-16 17:37:40,459 : AssetManager : Registering Asset: kulso_felepitmeny_2, File: kulso_felepitmeny_2.gif, Default Group: default, Final Config: {'load': 'preload', 'file': 'E:\\MPF\\wows\\wows\\images\\kulso_felepitmeny_2.gif'}
2023-01-16 17:37:40,459 : AssetManager : Registering Asset: kulso_hajotest, File: kulso_hajotest.png, Default Group: default, Final Config: {'load': 'preload', 'file': 'E:\\MPF\\wows\\wows\\images\\kulso_hajotest.png'}
2023-01-16 17:37:40,459 : AssetManager : Registering Asset: kulso_hajotest_2, File: kulso_hajotest_2.png, Default Group: default, Final Config: {'load': 'preload', 'file': 'E:\\MPF\\wows\\wows\\images\\kulso_hajotest_2.png'}
2023-01-16 17:37:40,460 : AssetManager : Registering Asset: kulso_hatso_agyu, File: kulso_hatso_agyu.png, Default Group: default, Final Config: {'load': 'preload', 'file': 'E:\\MPF\\wows\\wows\\images\\kulso_hatso_agyu.png'}
2023-01-16 17:37:40,460 : AssetManager : Registering Asset: kulso_hatso_agyu_2, File: kulso_hatso_agyu_2.png, Default Group: default, Final Config: {'load': 'preload', 'file': 'E:\\MPF\\wows\\wows\\images\\kulso_hatso_agyu_2.png'}
2023-01-16 17:37:40,460 : AssetManager : Registering Asset: kulso_izzo, File: kulso_izzo.gif, Default Group: default, Final Config: {'load': 'preload', 'file': 'E:\\MPF\\wows\\wows\\images\\kulso_izzo.gif'}
2023-01-16 17:37:40,460 : AssetManager : Registering Asset: kulso_izzo_2, File: kulso_izzo_2.gif, Default Group: default, Final Config: {'load': 'preload', 'file': 'E:\\MPF\\wows\\wows\\images\\kulso_izzo_2.gif'}
2023-01-16 17:37:40,460 : AssetManager : Registering Asset: kulso_muzzle_flash, File: kulso_muzzle_flash.gif, Default Group: default, Final Config: {'load': 'preload', 'file': 'E:\\MPF\\wows\\wows\\images\\kulso_muzzle_flash.gif'}
2023-01-16 17:37:40,460 : AssetManager : Registering Asset: kulso_muzzle_flash_2, File: kulso_muzzle_flash_2.gif, Default Group: default, Final Config: {'load': 'preload', 'file': 'E:\\MPF\\wows\\wows\\images\\kulso_muzzle_flash_2.gif'}
2023-01-16 17:37:40,460 : AssetManager : Registering Asset: main_icon, File: main_icon.png, Default Group: default, Final Config: {'load': 'preload', 'file': 'E:\\MPF\\wows\\wows\\images\\main_icon.png'}
2023-01-16 17:37:40,460 : AssetManager : Registering Asset: match, File: match.png, Default Group: default, Final Config: {'load': 'preload', 'file': 'E:\\MPF\\wows\\wows\\images\\match.png'}
2023-01-16 17:37:40,460 : AssetManager : Registering Asset: match_explosion, File: match_explosion.gif, Default Group: default, Final Config: {'load': 'preload', 'file': 'E:\\MPF\\wows\\wows\\images\\match_explosion.gif'}
2023-01-16 17:37:40,460 : AssetManager : Registering Asset: match_ship, File: match_ship.png, Default Group: default, Final Config: {'load': 'preload', 'file': 'E:\\MPF\\wows\\wows\\images\\match_ship.png'}
2023-01-16 17:37:40,460 : AssetManager : Registering Asset: medals, File: medals.png, Default Group: default, Final Config: {'load': 'preload', 'file': 'E:\\MPF\\wows\\wows\\images\\medals.png'}
2023-01-16 17:37:40,461 : AssetManager : Registering Asset: medals_back, File: medals_back.png, Default Group: default, Final Config: {'load': 'preload', 'file': 'E:\\MPF\\wows\\wows\\images\\medals_back.png'}
2023-01-16 17:37:40,461 : AssetManager : Registering Asset: mode_10_completed, File: mode_10_completed.gif, Default Group: default, Final Config: {'load': 'preload', 'file': 'E:\\MPF\\wows\\wows\\images\\mode_10_completed.gif'}
2023-01-16 17:37:40,461 : AssetManager : Registering Asset: mode_10_desc, File: mode_10_desc.gif, Default Group: default, Final Config: {'load': 'preload', 'file': 'E:\\MPF\\wows\\wows\\images\\mode_10_desc.gif'}
2023-01-16 17:37:40,461 : AssetManager : Registering Asset: mode_10_desc_rev, File: mode_10_desc_rev.gif, Default Group: default, Final Config: {'load': 'preload', 'file': 'E:\\MPF\\wows\\wows\\images\\mode_10_desc_rev.gif'}
2023-01-16 17:37:40,461 : AssetManager : Registering Asset: mode_10_desc_still, File: mode_10_desc_still.png, Default Group: default, Final Config: {'load': 'preload', 'file': 'E:\\MPF\\wows\\wows\\images\\mode_10_desc_still.png'}
2023-01-16 17:37:40,461 : AssetManager : Registering Asset: mode_10_progress, File: mode_10_progress.gif, Default Group: default, Final Config: {'load': 'preload', 'file': 'E:\\MPF\\wows\\wows\\images\\mode_10_progress.gif'}
2023-01-16 17:37:40,461 : AssetManager : Registering Asset: mode_10_start, File: mode_10_start.gif, Default Group: default, Final Config: {'load': 'preload', 'file': 'E:\\MPF\\wows\\wows\\images\\mode_10_start.gif'}
2023-01-16 17:37:40,461 : AssetManager : Registering Asset: mode_10_start_text, File: mode_10_start_text.png, Default Group: default, Final Config: {'load': 'preload', 'file': 'E:\\MPF\\wows\\wows\\images\\mode_10_start_text.png'}
2023-01-16 17:37:40,461 : AssetManager : Registering Asset: mode_1_completed, File: mode_1_completed.gif, Default Group: default, Final Config: {'load': 'preload', 'file': 'E:\\MPF\\wows\\wows\\images\\mode_1_completed.gif'}
2023-01-16 17:37:40,461 : AssetManager : Registering Asset: mode_1_desc, File: mode_1_desc.gif, Default Group: default, Final Config: {'load': 'preload', 'file': 'E:\\MPF\\wows\\wows\\images\\mode_1_desc.gif'}
2023-01-16 17:37:40,461 : AssetManager : Registering Asset: mode_1_desc_rev, File: mode_1_desc_rev.gif, Default Group: default, Final Config: {'load': 'preload', 'file': 'E:\\MPF\\wows\\wows\\images\\mode_1_desc_rev.gif'}
2023-01-16 17:37:40,462 : AssetManager : Registering Asset: mode_1_desc_still, File: mode_1_desc_still.png, Default Group: default, Final Config: {'load': 'preload', 'file': 'E:\\MPF\\wows\\wows\\images\\mode_1_desc_still.png'}
2023-01-16 17:37:40,462 : AssetManager : Registering Asset: mode_1_progress, File: mode_1_progress.gif, Default Group: default, Final Config: {'load': 'preload', 'file': 'E:\\MPF\\wows\\wows\\images\\mode_1_progress.gif'}
2023-01-16 17:37:40,462 : AssetManager : Registering Asset: mode_1_start, File: mode_1_start.gif, Default Group: default, Final Config: {'load': 'preload', 'file': 'E:\\MPF\\wows\\wows\\images\\mode_1_start.gif'}
2023-01-16 17:37:40,462 : AssetManager : Registering Asset: mode_1_start_text, File: mode_1_start_text.png, Default Group: default, Final Config: {'load': 'preload', 'file': 'E:\\MPF\\wows\\wows\\images\\mode_1_start_text.png'}
2023-01-16 17:37:40,462 : AssetManager : Registering Asset: mode_2_completed, File: mode_2_completed.gif, Default Group: default, Final Config: {'load': 'preload', 'file': 'E:\\MPF\\wows\\wows\\images\\mode_2_completed.gif'}
2023-01-16 17:37:40,462 : AssetManager : Registering Asset: mode_2_desc_rev, File: mode_2_desc_rev.gif, Default Group: default, Final Config: {'load': 'preload', 'file': 'E:\\MPF\\wows\\wows\\images\\mode_2_desc_rev.gif'}
2023-01-16 17:37:40,462 : AssetManager : Registering Asset: mode_2_desc_still, File: mode_2_desc_still.png, Default Group: default, Final Config: {'load': 'preload', 'file': 'E:\\MPF\\wows\\wows\\images\\mode_2_desc_still.png'}
2023-01-16 17:37:40,462 : AssetManager : Registering Asset: mode_2_progress, File: mode_2_progress.gif, Default Group: default, Final Config: {'load': 'preload', 'file': 'E:\\MPF\\wows\\wows\\images\\mode_2_progress.gif'}
2023-01-16 17:37:40,462 : AssetManager : Registering Asset: mode_2_start, File: mode_2_start.gif, Default Group: default, Final Config: {'load': 'preload', 'file': 'E:\\MPF\\wows\\wows\\images\\mode_2_start.gif'}
2023-01-16 17:37:40,462 : AssetManager : Registering Asset: mode_2_start_text, File: mode_2_start_text.png, Default Group: default, Final Config: {'load': 'preload', 'file': 'E:\\MPF\\wows\\wows\\images\\mode_2_start_text.png'}
2023-01-16 17:37:40,462 : AssetManager : Registering Asset: mode_3_completed, File: mode_3_completed.gif, Default Group: default, Final Config: {'load': 'preload', 'file': 'E:\\MPF\\wows\\wows\\images\\mode_3_completed.gif'}
2023-01-16 17:37:40,463 : AssetManager : Registering Asset: mode_3_desc_rev, File: mode_3_desc_rev.gif, Default Group: default, Final Config: {'load': 'preload', 'file': 'E:\\MPF\\wows\\wows\\images\\mode_3_desc_rev.gif'}
2023-01-16 17:37:40,463 : AssetManager : Registering Asset: mode_3_desc_still, File: mode_3_desc_still.png, Default Group: default, Final Config: {'load': 'preload', 'file': 'E:\\MPF\\wows\\wows\\images\\mode_3_desc_still.png'}
2023-01-16 17:37:40,463 : AssetManager : Registering Asset: mode_3_progress, File: mode_3_progress.gif, Default Group: default, Final Config: {'load': 'preload', 'file': 'E:\\MPF\\wows\\wows\\images\\mode_3_progress.gif'}
2023-01-16 17:37:40,463 : AssetManager : Registering Asset: mode_3_start, File: mode_3_start.gif, Default Group: default, Final Config: {'load': 'preload', 'file': 'E:\\MPF\\wows\\wows\\images\\mode_3_start.gif'}
2023-01-16 17:37:40,463 : AssetManager : Registering Asset: mode_3_start_text, File: mode_3_start_text.png, Default Group: default, Final Config: {'load': 'preload', 'file': 'E:\\MPF\\wows\\wows\\images\\mode_3_start_text.png'}
2023-01-16 17:37:40,463 : AssetManager : Registering Asset: mode_4_completed, File: mode_4_completed.gif, Default Group: default, Final Config: {'load': 'preload', 'file': 'E:\\MPF\\wows\\wows\\images\\mode_4_completed.gif'}
2023-01-16 17:37:40,463 : AssetManager : Registering Asset: mode_4_desc_rev, File: mode_4_desc_rev.gif, Default Group: default, Final Config: {'load': 'preload', 'file': 'E:\\MPF\\wows\\wows\\images\\mode_4_desc_rev.gif'}
2023-01-16 17:37:40,463 : AssetManager : Registering Asset: mode_4_desc_still, File: mode_4_desc_still.png, Default Group: default, Final Config: {'load': 'preload', 'file': 'E:\\MPF\\wows\\wows\\images\\mode_4_desc_still.png'}
2023-01-16 17:37:40,463 : AssetManager : Registering Asset: mode_4_progress, File: mode_4_progress.gif, Default Group: default, Final Config: {'load': 'preload', 'file': 'E:\\MPF\\wows\\wows\\images\\mode_4_progress.gif'}
2023-01-16 17:37:40,463 : AssetManager : Registering Asset: mode_4_start, File: mode_4_start.gif, Default Group: default, Final Config: {'load': 'preload', 'file': 'E:\\MPF\\wows\\wows\\images\\mode_4_start.gif'}
2023-01-16 17:37:40,463 : AssetManager : Registering Asset: mode_4_start_text, File: mode_4_start_text.png, Default Group: default, Final Config: {'load': 'preload', 'file': 'E:\\MPF\\wows\\wows\\images\\mode_4_start_text.png'}
2023-01-16 17:37:40,464 : AssetManager : Registering Asset: mode_5_completed, File: mode_5_completed.gif, Default Group: default, Final Config: {'load': 'preload', 'file': 'E:\\MPF\\wows\\wows\\images\\mode_5_completed.gif'}
2023-01-16 17:37:40,464 : AssetManager : Registering Asset: mode_5_desc_rev, File: mode_5_desc_rev.gif, Default Group: default, Final Config: {'load': 'preload', 'file': 'E:\\MPF\\wows\\wows\\images\\mode_5_desc_rev.gif'}
2023-01-16 17:37:40,464 : AssetManager : Registering Asset: mode_5_desc_still, File: mode_5_desc_still.png, Default Group: default, Final Config: {'load': 'preload', 'file': 'E:\\MPF\\wows\\wows\\images\\mode_5_desc_still.png'}
2023-01-16 17:37:40,464 : AssetManager : Registering Asset: mode_5_progress, File: mode_5_progress.gif, Default Group: default, Final Config: {'load': 'preload', 'file': 'E:\\MPF\\wows\\wows\\images\\mode_5_progress.gif'}
2023-01-16 17:37:40,464 : AssetManager : Registering Asset: mode_5_start, File: mode_5_start.gif, Default Group: default, Final Config: {'load': 'preload', 'file': 'E:\\MPF\\wows\\wows\\images\\mode_5_start.gif'}
2023-01-16 17:37:40,464 : AssetManager : Registering Asset: mode_5_start_text, File: mode_5_start_text.png, Default Group: default, Final Config: {'load': 'preload', 'file': 'E:\\MPF\\wows\\wows\\images\\mode_5_start_text.png'}
2023-01-16 17:37:40,464 : AssetManager : Registering Asset: mode_6_completed, File: mode_6_completed.gif, Default Group: default, Final Config: {'load': 'preload', 'file': 'E:\\MPF\\wows\\wows\\images\\mode_6_completed.gif'}
2023-01-16 17:37:40,464 : AssetManager : Registering Asset: mode_6_desc_rev, File: mode_6_desc_rev.gif, Default Group: default, Final Config: {'load': 'preload', 'file': 'E:\\MPF\\wows\\wows\\images\\mode_6_desc_rev.gif'}
2023-01-16 17:37:40,464 : AssetManager : Registering Asset: mode_6_desc_still, File: mode_6_desc_still.png, Default Group: default, Final Config: {'load': 'preload', 'file': 'E:\\MPF\\wows\\wows\\images\\mode_6_desc_still.png'}
2023-01-16 17:37:40,464 : AssetManager : Registering Asset: mode_6_progress, File: mode_6_progress.gif, Default Group: default, Final Config: {'load': 'preload', 'file': 'E:\\MPF\\wows\\wows\\images\\mode_6_progress.gif'}
2023-01-16 17:37:40,464 : AssetManager : Registering Asset: mode_6_start, File: mode_6_start.gif, Default Group: default, Final Config: {'load': 'preload', 'file': 'E:\\MPF\\wows\\wows\\images\\mode_6_start.gif'}
2023-01-16 17:37:40,465 : AssetManager : Registering Asset: mode_6_start_text, File: mode_6_start_text.png, Default Group: default, Final Config: {'load': 'preload', 'file': 'E:\\MPF\\wows\\wows\\images\\mode_6_start_text.png'}
2023-01-16 17:37:40,465 : AssetManager : Registering Asset: mode_7_completed, File: mode_7_completed.gif, Default Group: default, Final Config: {'load': 'preload', 'file': 'E:\\MPF\\wows\\wows\\images\\mode_7_completed.gif'}
2023-01-16 17:37:40,465 : AssetManager : Registering Asset: mode_7_desc_rev, File: mode_7_desc_rev.gif, Default Group: default, Final Config: {'load': 'preload', 'file': 'E:\\MPF\\wows\\wows\\images\\mode_7_desc_rev.gif'}
2023-01-16 17:37:40,465 : AssetManager : Registering Asset: mode_7_desc_still, File: mode_7_desc_still.png, Default Group: default, Final Config: {'load': 'preload', 'file': 'E:\\MPF\\wows\\wows\\images\\mode_7_desc_still.png'}
2023-01-16 17:37:40,465 : AssetManager : Registering Asset: mode_7_progress, File: mode_7_progress.gif, Default Group: default, Final Config: {'load': 'preload', 'file': 'E:\\MPF\\wows\\wows\\images\\mode_7_progress.gif'}
2023-01-16 17:37:40,465 : AssetManager : Registering Asset: mode_7_start, File: mode_7_start.gif, Default Group: default, Final Config: {'load': 'preload', 'file': 'E:\\MPF\\wows\\wows\\images\\mode_7_start.gif'}
2023-01-16 17:37:40,465 : AssetManager : Registering Asset: mode_7_start_text, File: mode_7_start_text.png, Default Group: default, Final Config: {'load': 'preload', 'file': 'E:\\MPF\\wows\\wows\\images\\mode_7_start_text.png'}
2023-01-16 17:37:40,465 : AssetManager : Registering Asset: mode_8_completed, File: mode_8_completed.gif, Default Group: default, Final Config: {'load': 'preload', 'file': 'E:\\MPF\\wows\\wows\\images\\mode_8_completed.gif'}
2023-01-16 17:37:40,465 : AssetManager : Registering Asset: mode_8_desc_rev, File: mode_8_desc_rev.gif, Default Group: default, Final Config: {'load': 'preload', 'file': 'E:\\MPF\\wows\\wows\\images\\mode_8_desc_rev.gif'}
2023-01-16 17:37:40,465 : AssetManager : Registering Asset: mode_8_desc_still, File: mode_8_desc_still.png, Default Group: default, Final Config: {'load': 'preload', 'file': 'E:\\MPF\\wows\\wows\\images\\mode_8_desc_still.png'}
2023-01-16 17:37:40,465 : AssetManager : Registering Asset: mode_8_progress, File: mode_8_progress.gif, Default Group: default, Final Config: {'load': 'preload', 'file': 'E:\\MPF\\wows\\wows\\images\\mode_8_progress.gif'}
2023-01-16 17:37:40,466 : AssetManager : Registering Asset: mode_8_start, File: mode_8_start.gif, Default Group: default, Final Config: {'load': 'preload', 'file': 'E:\\MPF\\wows\\wows\\images\\mode_8_start.gif'}
2023-01-16 17:37:40,466 : AssetManager : Registering Asset: mode_8_start_text, File: mode_8_start_text.png, Default Group: default, Final Config: {'load': 'preload', 'file': 'E:\\MPF\\wows\\wows\\images\\mode_8_start_text.png'}
2023-01-16 17:37:40,466 : AssetManager : Registering Asset: mode_9_completed, File: mode_9_completed.gif, Default Group: default, Final Config: {'load': 'preload', 'file': 'E:\\MPF\\wows\\wows\\images\\mode_9_completed.gif'}
2023-01-16 17:37:40,466 : AssetManager : Registering Asset: mode_9_desc_rev, File: mode_9_desc_rev.gif, Default Group: default, Final Config: {'load': 'preload', 'file': 'E:\\MPF\\wows\\wows\\images\\mode_9_desc_rev.gif'}
2023-01-16 17:37:40,466 : AssetManager : Registering Asset: mode_9_desc_still, File: mode_9_desc_still.png, Default Group: default, Final Config: {'load': 'preload', 'file': 'E:\\MPF\\wows\\wows\\images\\mode_9_desc_still.png'}
2023-01-16 17:37:40,466 : AssetManager : Registering Asset: mode_9_progress, File: mode_9_progress.gif, Default Group: default, Final Config: {'load': 'preload', 'file': 'E:\\MPF\\wows\\wows\\images\\mode_9_progress.gif'}
2023-01-16 17:37:40,466 : AssetManager : Registering Asset: mode_9_start, File: mode_9_start.gif, Default Group: default, Final Config: {'load': 'preload', 'file': 'E:\\MPF\\wows\\wows\\images\\mode_9_start.gif'}
2023-01-16 17:37:40,466 : AssetManager : Registering Asset: mode_9_start_text, File: mode_9_start_text.png, Default Group: default, Final Config: {'load': 'preload', 'file': 'E:\\MPF\\wows\\wows\\images\\mode_9_start_text.png'}
2023-01-16 17:37:40,466 : AssetManager : Registering Asset: module_engine, File: module_engine.png, Default Group: default, Final Config: {'load': 'preload', 'file': 'E:\\MPF\\wows\\wows\\images\\module_engine.png'}
2023-01-16 17:37:40,466 : AssetManager : Registering Asset: module_fire, File: module_fire.png, Default Group: default, Final Config: {'load': 'preload', 'file': 'E:\\MPF\\wows\\wows\\images\\module_fire.png'}
2023-01-16 17:37:40,466 : AssetManager : Registering Asset: module_main_battery, File: module_main_battery.png, Default Group: default, Final Config: {'load': 'preload', 'file': 'E:\\MPF\\wows\\wows\\images\\module_main_battery.png'}
2023-01-16 17:37:40,467 : AssetManager : Registering Asset: module_steering_gear, File: module_steering_gear.png, Default Group: default, Final Config: {'load': 'preload', 'file': 'E:\\MPF\\wows\\wows\\images\\module_steering_gear.png'}
2023-01-16 17:37:40,467 : AssetManager : Registering Asset: module_torpedo, File: module_torpedo.png, Default Group: default, Final Config: {'load': 'preload', 'file': 'E:\\MPF\\wows\\wows\\images\\module_torpedo.png'}
2023-01-16 17:37:40,467 : AssetManager : Registering Asset: m_conf, File: m_conf.png, Default Group: default, Final Config: {'load': 'preload', 'file': 'E:\\MPF\\wows\\wows\\images\\m_conf.png'}
2023-01-16 17:37:40,467 : AssetManager : Registering Asset: m_dread, File: m_dread.png, Default Group: default, Final Config: {'load': 'preload', 'file': 'E:\\MPF\\wows\\wows\\images\\m_dread.png'}
2023-01-16 17:37:40,467 : AssetManager : Registering Asset: m_hc, File: m_hc.png, Default Group: default, Final Config: {'load': 'preload', 'file': 'E:\\MPF\\wows\\wows\\images\\m_hc.png'}
2023-01-16 17:37:40,467 : AssetManager : Registering Asset: m_krakken, File: m_krakken.png, Default Group: default, Final Config: {'load': 'preload', 'file': 'E:\\MPF\\wows\\wows\\images\\m_krakken.png'}
2023-01-16 17:37:40,467 : AssetManager : Registering Asset: m_witherer, File: m_witherer.png, Default Group: default, Final Config: {'load': 'preload', 'file': 'E:\\MPF\\wows\\wows\\images\\m_witherer.png'}
2023-01-16 17:37:40,467 : AssetManager : Registering Asset: obtained, File: obtained.png, Default Group: default, Final Config: {'load': 'preload', 'file': 'E:\\MPF\\wows\\wows\\images\\obtained.png'}
2023-01-16 17:37:40,467 : AssetManager : Registering Asset: penetration, File: penetration.gif, Default Group: default, Final Config: {'load': 'preload', 'file': 'E:\\MPF\\wows\\wows\\images\\penetration.gif'}
2023-01-16 17:37:40,467 : AssetManager : Registering Asset: penetration_fast, File: penetration_fast.gif, Default Group: default, Final Config: {'load': 'preload', 'file': 'E:\\MPF\\wows\\wows\\images\\penetration_fast.gif'}
2023-01-16 17:37:40,467 : AssetManager : Registering Asset: penetration_still, File: penetration_still.png, Default Group: default, Final Config: {'load': 'preload', 'file': 'E:\\MPF\\wows\\wows\\images\\penetration_still.png'}
2023-01-16 17:37:40,467 : AssetManager : Registering Asset: radar_icon, File: radar_icon.png, Default Group: default, Final Config: {'load': 'preload', 'file': 'E:\\MPF\\wows\\wows\\images\\radar_icon.png'}
2023-01-16 17:37:40,468 : AssetManager : Registering Asset: repair_party_icon, File: repair_party_icon.png, Default Group: default, Final Config: {'load': 'preload', 'file': 'E:\\MPF\\wows\\wows\\images\\repair_party_icon.png'}
2023-01-16 17:37:40,468 : AssetManager : Registering Asset: sec_ap_1_shell, File: sec_ap_1_shell.gif, Default Group: default, Final Config: {'load': 'preload', 'file': 'E:\\MPF\\wows\\wows\\images\\sec_ap_1_shell.gif'}
2023-01-16 17:37:40,468 : AssetManager : Registering Asset: sec_ap_1_shell_2, File: sec_ap_1_shell_2.gif, Default Group: default, Final Config: {'load': 'preload', 'file': 'E:\\MPF\\wows\\wows\\images\\sec_ap_1_shell_2.gif'}
2023-01-16 17:37:40,468 : AssetManager : Registering Asset: sec_ap_2_shell, File: sec_ap_2_shell.gif, Default Group: default, Final Config: {'load': 'preload', 'file': 'E:\\MPF\\wows\\wows\\images\\sec_ap_2_shell.gif'}
2023-01-16 17:37:40,468 : AssetManager : Registering Asset: sec_ap_2_shell_2, File: sec_ap_2_shell_2.gif, Default Group: default, Final Config: {'load': 'preload', 'file': 'E:\\MPF\\wows\\wows\\images\\sec_ap_2_shell_2.gif'}
2023-01-16 17:37:40,468 : AssetManager : Registering Asset: sec_he_1_shell, File: sec_he_1_shell.gif, Default Group: default, Final Config: {'load': 'preload', 'file': 'E:\\MPF\\wows\\wows\\images\\sec_he_1_shell.gif'}
2023-01-16 17:37:40,468 : AssetManager : Registering Asset: sec_he_1_shell_2, File: sec_he_1_shell_2.gif, Default Group: default, Final Config: {'load': 'preload', 'file': 'E:\\MPF\\wows\\wows\\images\\sec_he_1_shell_2.gif'}
2023-01-16 17:37:40,468 : AssetManager : Registering Asset: sec_he_2_shell, File: sec_he_2_shell.gif, Default Group: default, Final Config: {'load': 'preload', 'file': 'E:\\MPF\\wows\\wows\\images\\sec_he_2_shell.gif'}
2023-01-16 17:37:40,468 : AssetManager : Registering Asset: sec_he_2_shell_2, File: sec_he_2_shell_2.gif, Default Group: default, Final Config: {'load': 'preload', 'file': 'E:\\MPF\\wows\\wows\\images\\sec_he_2_shell_2.gif'}
2023-01-16 17:37:40,468 : AssetManager : Registering Asset: shell, File: shell.gif, Default Group: default, Final Config: {'load': 'preload', 'file': 'E:\\MPF\\wows\\wows\\images\\shell.gif'}
2023-01-16 17:37:40,468 : AssetManager : Registering Asset: shell_2, File: shell_2.gif, Default Group: default, Final Config: {'load': 'preload', 'file': 'E:\\MPF\\wows\\wows\\images\\shell_2.gif'}
2023-01-16 17:37:40,468 : AssetManager : Registering Asset: shell_double, File: shell_double.gif, Default Group: default, Final Config: {'load': 'preload', 'file': 'E:\\MPF\\wows\\wows\\images\\shell_double.gif'}
2023-01-16 17:37:40,469 : AssetManager : Registering Asset: shell_double_2, File: shell_double_2.gif, Default Group: default, Final Config: {'load': 'preload', 'file': 'E:\\MPF\\wows\\wows\\images\\shell_double_2.gif'}
2023-01-16 17:37:40,469 : AssetManager : Registering Asset: shell_triple, File: shell_triple.gif, Default Group: default, Final Config: {'load': 'preload', 'file': 'E:\\MPF\\wows\\wows\\images\\shell_triple.gif'}
2023-01-16 17:37:40,469 : AssetManager : Registering Asset: shell_triple_2, File: shell_triple_2.gif, Default Group: default, Final Config: {'load': 'preload', 'file': 'E:\\MPF\\wows\\wows\\images\\shell_triple_2.gif'}
2023-01-16 17:37:40,469 : AssetManager : Registering Asset: shimakaze, File: shimakaze.png, Default Group: default, Final Config: {'load': 'preload', 'file': 'E:\\MPF\\wows\\wows\\images\\shimakaze.png'}
2023-01-16 17:37:40,469 : AssetManager : Registering Asset: shimakaze2, File: shimakaze2.jpg, Default Group: default, Final Config: {'load': 'preload', 'file': 'E:\\MPF\\wows\\wows\\images\\shimakaze2.jpg'}
2023-01-16 17:37:40,469 : AssetManager : Registering Asset: skillshot_1, File: skillshot_1.png, Default Group: default, Final Config: {'load': 'preload', 'file': 'E:\\MPF\\wows\\wows\\images\\skillshot_1.png'}
2023-01-16 17:37:40,469 : AssetManager : Registering Asset: skillshot_2, File: skillshot_2.png, Default Group: default, Final Config: {'load': 'preload', 'file': 'E:\\MPF\\wows\\wows\\images\\skillshot_2.png'}
2023-01-16 17:37:40,469 : AssetManager : Registering Asset: skillshot_3, File: skillshot_3.png, Default Group: default, Final Config: {'load': 'preload', 'file': 'E:\\MPF\\wows\\wows\\images\\skillshot_3.png'}
2023-01-16 17:37:40,470 : AssetManager : Registering Asset: skillshot_4, File: skillshot_4.png, Default Group: default, Final Config: {'load': 'preload', 'file': 'E:\\MPF\\wows\\wows\\images\\skillshot_4.png'}
2023-01-16 17:37:40,470 : AssetManager : Registering Asset: skillshot_5, File: skillshot_5.png, Default Group: default, Final Config: {'load': 'preload', 'file': 'E:\\MPF\\wows\\wows\\images\\skillshot_5.png'}
2023-01-16 17:37:40,470 : AssetManager : Registering Asset: skillshot_locked, File: skillshot_locked.png, Default Group: default, Final Config: {'load': 'preload', 'file': 'E:\\MPF\\wows\\wows\\images\\skillshot_locked.png'}
2023-01-16 17:37:40,470 : AssetManager : Registering Asset: small_explosion, File: small_explosion.gif, Default Group: default, Final Config: {'load': 'preload', 'file': 'E:\\MPF\\wows\\wows\\images\\small_explosion.gif'}
2023-01-16 17:37:40,470 : AssetManager : Registering Asset: small_explosion_2, File: small_explosion_2.gif, Default Group: default, Final Config: {'load': 'preload', 'file': 'E:\\MPF\\wows\\wows\\images\\small_explosion_2.gif'}
2023-01-16 17:37:40,470 : AssetManager : Registering Asset: smokde_icon, File: smokde_icon.png, Default Group: default, Final Config: {'load': 'preload', 'file': 'E:\\MPF\\wows\\wows\\images\\smokde_icon.png'}
2023-01-16 17:37:40,470 : AssetManager : Registering Asset: stalingrad, File: stalingrad.png, Default Group: default, Final Config: {'load': 'preload', 'file': 'E:\\MPF\\wows\\wows\\images\\stalingrad.png'}
2023-01-16 17:37:40,470 : AssetManager : Registering Asset: stalingrad2, File: stalingrad2.jpg, Default Group: default, Final Config: {'load': 'preload', 'file': 'E:\\MPF\\wows\\wows\\images\\stalingrad2.jpg'}
2023-01-16 17:37:40,470 : AssetManager : Registering Asset: super, File: super.gif, Default Group: default, Final Config: {'load': 'preload', 'file': 'E:\\MPF\\wows\\wows\\images\\super.gif'}
2023-01-16 17:37:40,470 : AssetManager : Registering Asset: super_1_muzzle, File: super_1_muzzle.gif, Default Group: default, Final Config: {'load': 'preload', 'file': 'E:\\MPF\\wows\\wows\\images\\super_1_muzzle.gif'}
2023-01-16 17:37:40,471 : AssetManager : Registering Asset: super_2, File: super_2.gif, Default Group: default, Final Config: {'load': 'preload', 'file': 'E:\\MPF\\wows\\wows\\images\\super_2.gif'}
2023-01-16 17:37:40,471 : AssetManager : Registering Asset: super_2_muzzle, File: super_2_muzzle.gif, Default Group: default, Final Config: {'load': 'preload', 'file': 'E:\\MPF\\wows\\wows\\images\\super_2_muzzle.gif'}
2023-01-16 17:37:40,471 : AssetManager : Registering Asset: super_3_muzzle, File: super_3_muzzle.gif, Default Group: default, Final Config: {'load': 'preload', 'file': 'E:\\MPF\\wows\\wows\\images\\super_3_muzzle.gif'}
2023-01-16 17:37:40,471 : AssetManager : Registering Asset: take_dmg_explosion, File: take_dmg_explosion.gif, Default Group: default, Final Config: {'load': 'preload', 'file': 'E:\\MPF\\wows\\wows\\images\\take_dmg_explosion.gif'}
2023-01-16 17:37:40,471 : AssetManager : Registering Asset: take_dmg_ship, File: take_dmg_ship.png, Default Group: default, Final Config: {'load': 'preload', 'file': 'E:\\MPF\\wows\\wows\\images\\take_dmg_ship.png'}
2023-01-16 17:37:40,471 : AssetManager : Registering Asset: torpedo_icon, File: torpedo_icon.png, Default Group: default, Final Config: {'load': 'preload', 'file': 'E:\\MPF\\wows\\wows\\images\\torpedo_icon.png'}
2023-01-16 17:37:40,471 : AssetManager : Registering Asset: TRIPLE JACKPOT, File: TRIPLE JACKPOT.png, Default Group: default, Final Config: {'load': 'preload', 'file': 'E:\\MPF\\wows\\wows\\images\\TRIPLE JACKPOT.png'}
2023-01-16 17:37:40,471 : AssetManager : Registering Asset: venezia, File: venezia.png, Default Group: default, Final Config: {'load': 'preload', 'file': 'E:\\MPF\\wows\\wows\\images\\venezia.png'}
2023-01-16 17:37:40,471 : AssetManager : Registering Asset: wargaming_logo, File: wargaming_logo.png, Default Group: default, Final Config: {'load': 'preload', 'file': 'E:\\MPF\\wows\\wows\\images\\wargaming_logo.png'}
2023-01-16 17:37:40,471 : AssetManager : Registering Asset: wows_logo, File: wows_logo.png, Default Group: default, Final Config: {'load': 'preload', 'file': 'E:\\MPF\\wows\\wows\\images\\wows_logo.png'}
2023-01-16 17:37:40,472 : AssetManager : Registering Asset: yamato, File: yamato.png, Default Group: default, Final Config: {'load': 'preload', 'file': 'E:\\MPF\\wows\\wows\\images\\yamato.png'}
2023-01-16 17:37:40,480 : AssetManager : Registering Asset: battle, File: battle.wav, Default Group: music, Final Config: {'load': 'on_demand', 'track': 'music', 'file': 'E:\\MPF\\wows\\wows\\sounds\\music\\battle.wav'}
2023-01-16 17:37:40,481 : AssetManager : Registering Asset: defeat, File: defeat.wav, Default Group: music, Final Config: {'load': 'on_demand', 'track': 'music', 'file': 'E:\\MPF\\wows\\wows\\sounds\\music\\defeat.wav'}
2023-01-16 17:37:40,481 : AssetManager : Registering Asset: critical_dmg, File: critical_dmg.wav, Default Group: sfx, Final Config: {'load': 'on_demand', 'track': 'critical_dmg_track', 'simultaneous_limit': 1, 'ducking': {'target': 'music, voice, sfx', 'delay': 0, 'attack': '0.6 sec', 'attenuation': '-13db', 'release_point': '3 sec', 'release': '1 sec'}, 'file': 'E:\\MPF\\wows\\wows\\sounds\\sfx\\critical_dmg.wav'}
2023-01-16 17:37:40,481 : AssetManager : Registering Asset: enemy_shoot_19, File: enemy_shoot_19.wav, Default Group: sfx, Final Config: {'load': 'on_demand', 'track': 'sfx', 'simultaneous_limit': 1, 'volume': 0.9, 'file': 'E:\\MPF\\wows\\wows\\sounds\\sfx\\enemy_shoot_19.wav'}
2023-01-16 17:37:40,481 : AssetManager : Registering Asset: enemy_shoot_2, File: enemy_shoot_2.wav, Default Group: sfx, Final Config: {'load': 'on_demand', 'track': 'sfx', 'simultaneous_limit': 1, 'file': 'E:\\MPF\\wows\\wows\\sounds\\sfx\\enemy_shoot_2.wav'}
2023-01-16 17:37:40,481 : AssetManager : Registering Asset: enemy_shoot_22, File: enemy_shoot_22.wav, Default Group: sfx, Final Config: {'load': 'on_demand', 'track': 'sfx', 'simultaneous_limit': 1, 'file': 'E:\\MPF\\wows\\wows\\sounds\\sfx\\enemy_shoot_22.wav'}
2023-01-16 17:37:40,481 : AssetManager : Registering Asset: enemy_shoot_3, File: enemy_shoot_3.wav, Default Group: sfx, Final Config: {'load': 'on_demand', 'track': 'sfx', 'simultaneous_limit': 1, 'file': 'E:\\MPF\\wows\\wows\\sounds\\sfx\\enemy_shoot_3.wav'}
2023-01-16 17:37:40,481 : AssetManager : Registering Asset: enemy_shoot_4, File: enemy_shoot_4.wav, Default Group: sfx, Final Config: {'load': 'on_demand', 'track': 'sfx', 'simultaneous_limit': 1, 'file': 'E:\\MPF\\wows\\wows\\sounds\\sfx\\enemy_shoot_4.wav'}
2023-01-16 17:37:40,481 : AssetManager : Registering Asset: enemy_shoot_5, File: enemy_shoot_5.wav, Default Group: sfx, Final Config: {'load': 'on_demand', 'track': 'sfx', 'simultaneous_limit': 1, 'file': 'E:\\MPF\\wows\\wows\\sounds\\sfx\\enemy_shoot_5.wav'}
2023-01-16 17:37:40,481 : AssetManager : Registering Asset: far_explosion_1, File: far_explosion_1.wav, Default Group: sfx, Final Config: {'load': 'on_demand', 'track': 'sfx', 'simultaneous_limit': 1, 'volume': 0.9, 'file': 'E:\\MPF\\wows\\wows\\sounds\\sfx\\far_explosion_1.wav'}
2023-01-16 17:37:40,481 : AssetManager : Registering Asset: far_explosion_2, File: far_explosion_2.wav, Default Group: sfx, Final Config: {'load': 'on_demand', 'track': 'sfx', 'simultaneous_limit': 1, 'volume': 0.9, 'file': 'E:\\MPF\\wows\\wows\\sounds\\sfx\\far_explosion_2.wav'}
2023-01-16 17:37:40,481 : AssetManager : Registering Asset: far_explosion_3, File: far_explosion_3.wav, Default Group: sfx, Final Config: {'load': 'on_demand', 'track': 'sfx', 'simultaneous_limit': 1, 'volume': 0.9, 'file': 'E:\\MPF\\wows\\wows\\sounds\\sfx\\far_explosion_3.wav'}
2023-01-16 17:37:40,481 : AssetManager : Registering Asset: heavy_dmg, File: heavy_dmg.wav, Default Group: sfx, Final Config: {'load': 'on_demand', 'track': 'sfx', 'simultaneous_limit': 1, 'volume': 0.6, 'file': 'E:\\MPF\\wows\\wows\\sounds\\sfx\\heavy_dmg.wav'}
2023-01-16 17:37:40,482 : AssetManager : Registering Asset: ricochet_loud_7, File: ricochet_loud_7.wav, Default Group: sfx, Final Config: {'load': 'on_demand', 'track': 'sfx', 'simultaneous_limit': 1, 'volume': 0.9, 'file': 'E:\\MPF\\wows\\wows\\sounds\\sfx\\ricochet_loud_7.wav'}
2023-01-16 17:37:40,482 : AssetManager : Registering Asset: shell_arrive_2, File: shell_arrive_2.wav, Default Group: sfx, Final Config: {'load': 'on_demand', 'track': 'sfx', 'file': 'E:\\MPF\\wows\\wows\\sounds\\sfx\\shell_arrive_2.wav'}
2023-01-16 17:37:40,482 : AssetManager : Registering Asset: shell_arrive_5, File: shell_arrive_5.wav, Default Group: sfx, Final Config: {'load': 'on_demand', 'track': 'sfx', 'simultaneous_limit': 1, 'file': 'E:\\MPF\\wows\\wows\\sounds\\sfx\\shell_arrive_5.wav'}
2023-01-16 17:37:40,482 : AssetManager : Registering Asset: shell_arrive_8, File: shell_arrive_8.wav, Default Group: sfx, Final Config: {'load': 'on_demand', 'track': 'sfx', 'simultaneous_limit': 1, 'volume': 0.7, 'file': 'E:\\MPF\\wows\\wows\\sounds\\sfx\\shell_arrive_8.wav'}
2023-01-16 17:37:40,482 : AssetManager : Registering Asset: shell_exit_1, File: shell_exit_1.wav, Default Group: sfx, Final Config: {'load': 'on_demand', 'track': 'sfx', 'simultaneous_limit': 1, 'file': 'E:\\MPF\\wows\\wows\\sounds\\sfx\\shell_exit_1.wav'}
2023-01-16 17:37:40,482 : AssetManager : Registering Asset: shell_exit_3, File: shell_exit_3.wav, Default Group: sfx, Final Config: {'load': 'on_demand', 'track': 'sfx', 'simultaneous_limit': 1, 'file': 'E:\\MPF\\wows\\wows\\sounds\\sfx\\shell_exit_3.wav'}
2023-01-16 17:37:40,482 : AssetManager : Registering Asset: shoot_1, File: shoot_1.wav, Default Group: sfx, Final Config: {'load': 'on_demand', 'track': 'sfx', 'simultaneous_limit': 1, 'file': 'E:\\MPF\\wows\\wows\\sounds\\sfx\\shoot_1.wav'}
2023-01-16 17:37:40,482 : AssetManager : Registering Asset: shoot_16, File: shoot_16.wav, Default Group: sfx, Final Config: {'load': 'on_demand', 'track': 'sfx', 'simultaneous_limit': 1, 'file': 'E:\\MPF\\wows\\wows\\sounds\\sfx\\shoot_16.wav'}
2023-01-16 17:37:40,482 : AssetManager : Registering Asset: shoot_17, File: shoot_17.wav, Default Group: sfx, Final Config: {'load': 'on_demand', 'track': 'sfx', 'simultaneous_limit': 1, 'file': 'E:\\MPF\\wows\\wows\\sounds\\sfx\\shoot_17.wav'}
2023-01-16 17:37:40,482 : AssetManager : Registering Asset: shoot_18, File: shoot_18.wav, Default Group: sfx, Final Config: {'load': 'on_demand', 'track': 'sfx', 'simultaneous_limit': 1, 'file': 'E:\\MPF\\wows\\wows\\sounds\\sfx\\shoot_18.wav'}
2023-01-16 17:37:40,482 : AssetManager : Registering Asset: shoot_19, File: shoot_19.wav, Default Group: sfx, Final Config: {'load': 'on_demand', 'track': 'sfx', 'simultaneous_limit': 1, 'file': 'E:\\MPF\\wows\\wows\\sounds\\sfx\\shoot_19.wav'}
2023-01-16 17:37:40,482 : AssetManager : Registering Asset: shoot_6, File: shoot_6.wav, Default Group: sfx, Final Config: {'load': 'on_demand', 'track': 'sfx', 'simultaneous_limit': 1, 'file': 'E:\\MPF\\wows\\wows\\sounds\\sfx\\shoot_6.wav'}
2023-01-16 17:37:40,485 : AssetManager : Registering Asset: mode_5_shot_made, File: mode_5_shot_made.gif, Default Group: default, Final Config: {'load': 'preload', 'file': 'E:\\MPF\\wows\\wows\\modes\\mode_5\\images\\mode_5_shot_made.gif'}
2023-01-16 17:37:40,486 : AssetManager : Registering Asset: mode_1_shot_made, File: mode_1_shot_made.gif, Default Group: default, Final Config: {'load': 'preload', 'file': 'E:\\MPF\\wows\\wows\\modes\\mode_1\\images\\mode_1_shot_made.gif'}
2023-01-16 17:37:40,486 : AssetManager : Registering Asset: mode_6_shot_made, File: mode_6_shot_made.gif, Default Group: default, Final Config: {'load': 'preload', 'file': 'E:\\MPF\\wows\\wows\\modes\\mode_6\\images\\mode_6_shot_made.gif'}
2023-01-16 17:37:40,486 : AssetManager : Registering Asset: mode_9_shot_made, File: mode_9_shot_made.gif, Default Group: default, Final Config: {'load': 'preload', 'file': 'E:\\MPF\\wows\\wows\\modes\\mode_9\\images\\mode_9_shot_made.gif'}
2023-01-16 17:37:40,487 : AssetManager : Registering Asset: mode_4_shot_made, File: mode_4_shot_made.gif, Default Group: default, Final Config: {'load': 'preload', 'file': 'E:\\MPF\\wows\\wows\\modes\\mode_4\\images\\mode_4_shot_made.gif'}
2023-01-16 17:37:40,487 : AssetManager : Registering Asset: mode_7_shot_made, File: mode_7_shot_made.gif, Default Group: default, Final Config: {'load': 'preload', 'file': 'E:\\MPF\\wows\\wows\\modes\\mode_7\\images\\mode_7_shot_made.gif'}
2023-01-16 17:37:40,488 : AssetManager : Registering Asset: mode_3_shot_made, File: mode_3_shot_made.gif, Default Group: default, Final Config: {'load': 'preload', 'file': 'E:\\MPF\\wows\\wows\\modes\\mode_3\\images\\mode_3_shot_made.gif'}
2023-01-16 17:37:40,490 : AssetManager : Registering Asset: back_arrow_7x7, File: back_arrow_7x7.png, Default Group: default, Final Config: {'load': 'preload', 'file': 'c:\\users\\dell\\appdata\\local\\programs\\python\\python36\\lib\\site-packages\\mpf\\modes\\high_score\\images\\back_arrow_7x7.png'}
2023-01-16 17:37:40,491 : AssetManager : Registering Asset: back_arrow_7x7_selected, File: back_arrow_7x7_selected.png, Default Group: default, Final Config: {'load': 'preload', 'file': 'c:\\users\\dell\\appdata\\local\\programs\\python\\python36\\lib\\site-packages\\mpf\\modes\\high_score\\images\\back_arrow_7x7_selected.png'}
2023-01-16 17:37:40,491 : AssetManager : Registering Asset: end_11x7, File: end_11x7.png, Default Group: default, Final Config: {'load': 'preload', 'file': 'c:\\users\\dell\\appdata\\local\\programs\\python\\python36\\lib\\site-packages\\mpf\\modes\\high_score\\images\\end_11x7.png'}
2023-01-16 17:37:40,491 : AssetManager : Registering Asset: end_11x7_selected, File: end_11x7_selected.png, Default Group: default, Final Config: {'load': 'preload', 'file': 'c:\\users\\dell\\appdata\\local\\programs\\python\\python36\\lib\\site-packages\\mpf\\modes\\high_score\\images\\end_11x7_selected.png'}
2023-01-16 17:37:40,492 : AssetManager : Registering Asset: mode_8_shot_made, File: mode_8_shot_made.gif, Default Group: default, Final Config: {'load': 'preload', 'file': 'E:\\MPF\\wows\\wows\\modes\\mode_8\\images\\mode_8_shot_made.gif'}
2023-01-16 17:37:40,494 : EventManager : Event: ======'init_phase_4'====== Args={}
2023-01-16 17:37:40,494 : EventManager : Event: ======'init_phase_5'====== Args={}
2023-01-16 17:37:40,585 : EventManager : Event: ======'loading_assets'====== Args={'total': 344, 'loaded': 1, 'remaining': 343, 'percent': 0}
2023-01-16 17:37:40,586 : AssetManager : Loading assets: 1/344 (0%)
2023-01-16 17:37:40,802 : EventManager : Event: ======'loading_assets'====== Args={'total': 344, 'loaded': 156, 'remaining': 188, 'percent': 45}
2023-01-16 17:37:40,802 : AssetManager : Loading assets: 156/344 (45%)
2023-01-16 17:37:41,004 : EventManager : Event: ======'loading_assets'====== Args={'total': 344, 'loaded': 205, 'remaining': 139, 'percent': 60}
2023-01-16 17:37:41,004 : AssetManager : Loading assets: 205/344 (60%)
2023-01-16 17:37:41,186 : EventManager : Event: ======'loading_assets'====== Args={'total': 344, 'loaded': 344, 'remaining': 0, 'percent': 100}
2023-01-16 17:37:41,186 : AssetManager : Asset loading took: 1.2977755069732666
2023-01-16 17:37:41,186 : EventManager : Event: ======'asset_loading_complete'====== Args={}
2023-01-16 17:37:41,186 : AssetManager : Loading assets: 344/344 (100%)
2023-01-16 17:37:41,186 : EventManager : Event: ======'init_done'====== Args={}
2023-01-16 17:37:41,186 : MPF-MC BCP Server : Starting up on localhost port 5050
2023-01-16 17:37:41,189 : MPF-MC BCP Server : Waiting for a connection...
2023-01-16 17:37:41,268 : EventManager : Event: ======'client_disconnected'====== Args={'host': '127.0.0.1', 'port': 5050}
2023-01-16 17:37:42,112 : MPF-MC BCP Server : Received connection from: 127.0.0.1:62433
2023-01-16 17:37:42,118 : EventManager : Event: ======'client_connected'====== Args={'host': '127.0.0.1', 'port': 62433}
2023-01-16 17:37:42,119 : mpfmc : Initializing DMD
2023-01-16 17:37:42,133 : mpfmc : Setting DMD to 30fps
2023-01-16 17:37:42,137 : EventManager : Event: ======'machine_var_credits_string'====== Args={'value': 'FREE PLAY', 'prev_value': None, 'change': True}
2023-01-16 17:37:42,137 : EventManager : Event: ======'machine_var_player1_score'====== Args={'value': 0, 'prev_value': None, 'change': True}
2023-01-16 17:37:42,137 : EventManager : Event: ======'machine_var_mv_dmg_con_time'====== Args={'value': 9, 'prev_value': None, 'change': True}
2023-01-16 17:37:42,137 : EventManager : Event: ======'machine_var_mv_bomb_1_cost'====== Args={'value': 1, 'prev_value': None, 'change': True}
2023-01-16 17:37:42,137 : EventManager : Event: ======'machine_var_mv_bomb_2_cost'====== Args={'value': 1, 'prev_value': None, 'change': True}
2023-01-16 17:37:42,137 : EventManager : Event: ======'machine_var_mv_bomb_3_cost'====== Args={'value': 1, 'prev_value': None, 'change': True}
2023-01-16 17:37:42,137 : EventManager : Event: ======'machine_var_mv_bomb_4_cost'====== Args={'value': 1, 'prev_value': None, 'change': True}
2023-01-16 17:37:42,137 : EventManager : Event: ======'machine_var_mv_bomb_5_cost'====== Args={'value': 1, 'prev_value': None, 'change': True}
2023-01-16 17:37:42,137 : EventManager : Event: ======'machine_var_mv_bomb_6_cost'====== Args={'value': 1, 'prev_value': None, 'change': True}
2023-01-16 17:37:42,137 : EventManager : Event: ======'machine_var_mv_bomb_7_and_9_cost'====== Args={'value': 1, 'prev_value': None, 'change': True}
2023-01-16 17:37:42,137 : EventManager : Event: ======'machine_var_mv_bomb_8_cost'====== Args={'value': 1, 'prev_value': None, 'change': True}
2023-01-16 17:37:42,137 : EventManager : Event: ======'machine_var_mv_bomb_10_cost'====== Args={'value': 1, 'prev_value': None, 'change': True}
2023-01-16 17:37:42,137 : EventManager : Event: ======'machine_var_mv_bomb_mode_cost'====== Args={'value': 1, 'prev_value': None, 'change': True}
2023-01-16 17:37:42,137 : EventManager : Event: ======'machine_var_mpf_version'====== Args={'value': 'MPF v0.54.6', 'prev_value': None, 'change': True}
2023-01-16 17:37:42,137 : EventManager : Event: ======'machine_var_mpf_extended_version'====== Args={'value': 'MPF v0.54.6, Config version:5, Show version: 5, BCP version:1.1', 'prev_value': None, 'change': True}
2023-01-16 17:37:42,137 : EventManager : Event: ======'machine_var_python_version'====== Args={'value': '3.6.4', 'prev_value': None, 'change': True}
2023-01-16 17:37:42,137 : EventManager : Event: ======'machine_var_platform'====== Args={'value': 'Windows-10-10.0.19041-SP0', 'prev_value': None, 'change': True}
2023-01-16 17:37:42,139 : EventManager : Event: ======'machine_var_platform_system'====== Args={'value': 'Windows', 'prev_value': None, 'change': True}
2023-01-16 17:37:42,139 : EventManager : Event: ======'machine_var_platform_release'====== Args={'value': '10', 'prev_value': None, 'change': True}
2023-01-16 17:37:42,139 : EventManager : Event: ======'machine_var_platform_version'====== Args={'value': '10.0.19041', 'prev_value': None, 'change': True}
2023-01-16 17:37:42,139 : EventManager : Event: ======'machine_var_platform_machine'====== Args={'value': 'AMD64', 'prev_value': None, 'change': True}
2023-01-16 17:37:42,139 : EventManager : Event: ======'machine_var_score1_label'====== Args={'value': 'GRAND ADMIRAL', 'prev_value': None, 'change': True}
2023-01-16 17:37:42,139 : EventManager : Event: ======'machine_var_score1_name'====== Args={'value': 'SBA', 'prev_value': None, 'change': True}
2023-01-16 17:37:42,139 : EventManager : Event: ======'machine_var_score1_value'====== Args={'value': 1000000000, 'prev_value': None, 'change': True}
2023-01-16 17:37:42,139 : EventManager : Event: ======'machine_var_score2_label'====== Args={'value': 'ADMIRAL 1', 'prev_value': None, 'change': True}
2023-01-16 17:37:42,139 : EventManager : Event: ======'machine_var_score2_name'====== Args={'value': 'OCP', 'prev_value': None, 'change': True}
2023-01-16 17:37:42,139 : EventManager : Event: ======'machine_var_score2_value'====== Args={'value': 900000000, 'prev_value': None, 'change': True}
2023-01-16 17:37:42,139 : EventManager : Event: ======'machine_var_score3_label'====== Args={'value': 'ADMIRAL 2', 'prev_value': None, 'change': True}
2023-01-16 17:37:42,139 : EventManager : Event: ======'machine_var_score3_name'====== Args={'value': 'AND', 'prev_value': None, 'change': True}
2023-01-16 17:37:42,139 : EventManager : Event: ======'machine_var_score3_value'====== Args={'value': 800000000, 'prev_value': None, 'change': True}
2023-01-16 17:37:42,139 : EventManager : Event: ======'machine_var_score4_label'====== Args={'value': 'ADMIRAL 3', 'prev_value': None, 'change': True}
2023-01-16 17:37:42,139 : EventManager : Event: ======'machine_var_score4_name'====== Args={'value': 'W G', 'prev_value': None, 'change': True}
2023-01-16 17:37:42,139 : EventManager : Event: ======'machine_var_score4_value'====== Args={'value': 700000000, 'prev_value': None, 'change': True}
2023-01-16 17:37:42,140 : EventManager : Event: ======'machine_var_score5_label'====== Args={'value': 'ADMIRAL 4', 'prev_value': None, 'change': True}
2023-01-16 17:37:42,140 : EventManager : Event: ======'machine_var_score5_name'====== Args={'value': 'WOW', 'prev_value': None, 'change': True}
2023-01-16 17:37:42,140 : EventManager : Event: ======'machine_var_score5_value'====== Args={'value': 600000000, 'prev_value': None, 'change': True}
2023-01-16 17:37:42,140 : EventManager : Event: ======'machine_var_mc_version'====== Args={'value': 'MPF-MC v0.54.2', 'prev_value': None, 'change': True}
2023-01-16 17:37:42,140 : EventManager : Event: ======'machine_var_mc_extended_version'====== Args={'value': 'MPF-MC v0.54.2 (config_version=5, BCP v1.1, Requires MPF v0.54.0)', 'prev_value': None, 'change': True}
2023-01-16 17:37:42,140 : EventManager : Event: ======'machine_var_master_volume'====== Args={'value': 1.0, 'prev_value': None, 'change': True}
2023-01-16 17:37:42,284 : EventManager : Event: ======'machine_var_audits_events_game_ended'====== Args={'value': 1, 'prev_value': None, 'change': True}
2023-01-16 17:37:42,284 : EventManager : Event: ======'machine_var_audits_events_game_started'====== Args={'value': 653, 'prev_value': None, 'change': True}
2023-01-16 17:37:42,284 : EventManager : Event: ======'machine_var_audits_player_score'====== Args={'value': {'average': 0.0, 'top': [0], 'total': 1}, 'prev_value': None, 'change': True}
2023-01-16 17:37:42,285 : EventManager : Event: ======'machine_var_audits_shots_battle_shot'====== Args={'value': 66, 'prev_value': None, 'change': True}
2023-01-16 17:37:42,301 : EventManager : Event: ======'machine_var_audits_shots_confederate_1'====== Args={'value': 13, 'prev_value': None, 'change': True}
2023-01-16 17:37:42,301 : EventManager : Event: ======'machine_var_audits_shots_confederate_2'====== Args={'value': 235, 'prev_value': None, 'change': True}
2023-01-16 17:37:42,301 : EventManager : Event: ======'machine_var_audits_shots_confederate_3'====== Args={'value': 91, 'prev_value': None, 'change': True}
2023-01-16 17:37:42,301 : EventManager : Event: ======'machine_var_audits_shots_confederate_4'====== Args={'value': 29, 'prev_value': None, 'change': True}
2023-01-16 17:37:42,301 : EventManager : Event: ======'machine_var_audits_shots_confederate_5'====== Args={'value': 10, 'prev_value': None, 'change': True}
2023-01-16 17:37:42,301 : EventManager : Event: ======'machine_var_audits_shots_confederate_6'====== Args={'value': 399, 'prev_value': None, 'change': True}
2023-01-16 17:37:42,301 : EventManager : Event: ======'machine_var_audits_shots_detonation'====== Args={'value': 42, 'prev_value': None, 'change': True}
2023-01-16 17:37:42,301 : EventManager : Event: ======'machine_var_audits_shots_detonation_lit'====== Args={'value': 172, 'prev_value': None, 'change': True}
2023-01-16 17:37:42,301 : EventManager : Event: ======'machine_var_audits_shots_dmg_con_1'====== Args={'value': 96, 'prev_value': None, 'change': True}
2023-01-16 17:37:42,302 : EventManager : Event: ======'machine_var_audits_shots_dmg_con_2'====== Args={'value': 122, 'prev_value': None, 'change': True}
2023-01-16 17:37:42,302 : EventManager : Event: ======'machine_var_audits_shots_dmg_con_3'====== Args={'value': 84, 'prev_value': None, 'change': True}
2023-01-16 17:37:42,302 : EventManager : Event: ======'machine_var_audits_shots_dmg_con_4'====== Args={'value': 101, 'prev_value': None, 'change': True}
2023-01-16 17:37:42,302 : EventManager : Event: ======'machine_var_audits_shots_dmg_con_5'====== Args={'value': 78, 'prev_value': None, 'change': True}
2023-01-16 17:37:42,302 : EventManager : Event: ======'machine_var_audits_shots_dmg_con_6'====== Args={'value': 99, 'prev_value': None, 'change': True}
2023-01-16 17:37:42,302 : EventManager : Event: ======'machine_var_audits_shots_dmg_con_add_time_1'====== Args={'value': 32, 'prev_value': None, 'change': True}
2023-01-16 17:37:42,302 : EventManager : Event: ======'machine_var_audits_shots_dmg_con_add_time_2'====== Args={'value': 43, 'prev_value': None, 'change': True}
2023-01-16 17:37:42,302 : EventManager : Event: ======'machine_var_audits_shots_dmg_con_add_time_3'====== Args={'value': 24, 'prev_value': None, 'change': True}
2023-01-16 17:37:42,302 : EventManager : Event: ======'machine_var_audits_shots_dmg_con_add_time_4'====== Args={'value': 21, 'prev_value': None, 'change': True}
2023-01-16 17:37:42,302 : EventManager : Event: ======'machine_var_audits_shots_jackpot_1'====== Args={'value': 79, 'prev_value': None, 'change': True}
2023-01-16 17:37:42,302 : EventManager : Event: ======'machine_var_audits_shots_jackpot_2'====== Args={'value': 106, 'prev_value': None, 'change': True}
2023-01-16 17:37:42,302 : EventManager : Event: ======'machine_var_audits_shots_jackpot_3'====== Args={'value': 91, 'prev_value': None, 'change': True}
2023-01-16 17:37:42,302 : EventManager : Event: ======'machine_var_audits_shots_jackpot_4'====== Args={'value': 41, 'prev_value': None, 'change': True}
2023-01-16 17:37:42,303 : EventManager : Event: ======'machine_var_audits_shots_jackpot_5'====== Args={'value': 42, 'prev_value': None, 'change': True}
2023-01-16 17:37:42,303 : EventManager : Event: ======'machine_var_audits_shots_jackpot_6'====== Args={'value': 51, 'prev_value': None, 'change': True}
2023-01-16 17:37:42,303 : EventManager : Event: ======'machine_var_audits_shots_lane_A'====== Args={'value': 125, 'prev_value': None, 'change': True}
2023-01-16 17:37:42,303 : EventManager : Event: ======'machine_var_audits_shots_lane_B'====== Args={'value': 146, 'prev_value': None, 'change': True}
2023-01-16 17:37:42,303 : EventManager : Event: ======'machine_var_audits_shots_lane_C'====== Args={'value': 348, 'prev_value': None, 'change': True}
2023-01-16 17:37:42,303 : EventManager : Event: ======'machine_var_audits_shots_lane_D'====== Args={'value': 361, 'prev_value': None, 'change': True}
2023-01-16 17:37:42,303 : EventManager : Event: ======'machine_var_audits_shots_lane_E'====== Args={'value': 139, 'prev_value': None, 'change': True}
2023-01-16 17:37:42,303 : EventManager : Event: ======'machine_var_audits_shots_lock_lit_1'====== Args={'value': 1591, 'prev_value': None, 'change': True}
2023-01-16 17:37:42,303 : EventManager : Event: ======'machine_var_audits_shots_lock_lit_2'====== Args={'value': 1505, 'prev_value': None, 'change': True}
2023-01-16 17:37:42,303 : EventManager : Event: ======'machine_var_audits_shots_ricochet_1'====== Args={'value': 173, 'prev_value': None, 'change': True}
2023-01-16 17:37:42,303 : EventManager : Event: ======'machine_var_audits_shots_ricochet_2'====== Args={'value': 685, 'prev_value': None, 'change': True}
2023-01-16 17:37:42,303 : EventManager : Event: ======'machine_var_audits_shots_ricochet_3'====== Args={'value': 91, 'prev_value': None, 'change': True}
2023-01-16 17:37:42,303 : EventManager : Event: ======'machine_var_audits_shots_ricochet_4'====== Args={'value': 49, 'prev_value': None, 'change': True}
2023-01-16 17:37:42,304 : EventManager : Event: ======'machine_var_audits_shots_ricochet_5'====== Args={'value': 3, 'prev_value': None, 'change': True}
2023-01-16 17:37:42,304 : EventManager : Event: ======'machine_var_audits_switches_s_action_button'====== Args={'value': 45, 'prev_value': None, 'change': True}
2023-01-16 17:37:42,304 : EventManager : Event: ======'machine_var_audits_switches_s_bumper_1'====== Args={'value': 735, 'prev_value': None, 'change': True}
2023-01-16 17:37:42,304 : EventManager : Event: ======'machine_var_audits_switches_s_bumper_2'====== Args={'value': 223, 'prev_value': None, 'change': True}
2023-01-16 17:37:42,304 : EventManager : Event: ======'machine_var_audits_switches_s_bumper_3'====== Args={'value': 667, 'prev_value': None, 'change': True}
2023-01-16 17:37:42,304 : EventManager : Event: ======'machine_var_audits_switches_s_center_ramp'====== Args={'value': 114, 'prev_value': None, 'change': True}
2023-01-16 17:37:42,304 : EventManager : Event: ======'machine_var_audits_switches_s_citadel'====== Args={'value': 75, 'prev_value': None, 'change': True}
2023-01-16 17:37:42,304 : EventManager : Event: ======'machine_var_audits_switches_s_citadel_lock'====== Args={'value': 255, 'prev_value': None, 'change': True}
2023-01-16 17:37:42,304 : EventManager : Event: ======'machine_var_audits_switches_s_conning_tower'====== Args={'value': 4, 'prev_value': None, 'change': True}
2023-01-16 17:37:42,304 : EventManager : Event: ======'machine_var_audits_switches_s_detonation'====== Args={'value': 172, 'prev_value': None, 'change': True}
2023-01-16 17:37:42,304 : EventManager : Event: ======'machine_var_audits_switches_s_detonation_lit'====== Args={'value': 24, 'prev_value': None, 'change': True}
2023-01-16 17:37:42,304 : EventManager : Event: ======'machine_var_audits_switches_s_dmg_1'====== Args={'value': 2704, 'prev_value': None, 'change': True}
2023-01-16 17:37:42,304 : EventManager : Event: ======'machine_var_audits_switches_s_dmg_2'====== Args={'value': 65, 'prev_value': None, 'change': True}
2023-01-16 17:37:42,305 : EventManager : Event: ======'machine_var_audits_switches_s_dmg_3'====== Args={'value': 20, 'prev_value': None, 'change': True}
2023-01-16 17:37:42,305 : EventManager : Event: ======'machine_var_audits_switches_s_dmg_4'====== Args={'value': 27, 'prev_value': None, 'change': True}
2023-01-16 17:37:42,305 : EventManager : Event: ======'machine_var_audits_switches_s_dmg_5'====== Args={'value': 26, 'prev_value': None, 'change': True}
2023-01-16 17:37:42,305 : EventManager : Event: ======'machine_var_audits_switches_s_dmg_6'====== Args={'value': 139, 'prev_value': None, 'change': True}
2023-01-16 17:37:42,305 : EventManager : Event: ======'machine_var_audits_switches_s_dmg_7'====== Args={'value': 293, 'prev_value': None, 'change': True}
2023-01-16 17:37:42,305 : EventManager : Event: ======'machine_var_audits_switches_s_drop_target'====== Args={'value': 2094, 'prev_value': None, 'change': True}
2023-01-16 17:37:42,305 : EventManager : Event: ======'machine_var_audits_switches_s_jet_hole'====== Args={'value': 0, 'prev_value': None, 'change': True}
2023-01-16 17:37:42,305 : EventManager : Event: ======'machine_var_audits_switches_s_jet_lane'====== Args={'value': 1, 'prev_value': None, 'change': True}
2023-01-16 17:37:42,305 : EventManager : Event: ======'machine_var_audits_switches_s_kickback'====== Args={'value': 0, 'prev_value': None, 'change': True}
2023-01-16 17:37:42,305 : EventManager : Event: ======'machine_var_audits_switches_s_kickback_target_1'====== Args={'value': 0, 'prev_value': None, 'change': True}
2023-01-16 17:37:42,305 : EventManager : Event: ======'machine_var_audits_switches_s_kickback_target_2'====== Args={'value': 0, 'prev_value': None, 'change': True}
2023-01-16 17:37:42,305 : EventManager : Event: ======'machine_var_audits_switches_s_kickback_target_3'====== Args={'value': 6, 'prev_value': None, 'change': True}
2023-01-16 17:37:42,305 : EventManager : Event: ======'machine_var_audits_switches_s_kickback_terget_1'====== Args={'value': 0, 'prev_value': None, 'change': True}
2023-01-16 17:37:42,305 : EventManager : Event: ======'machine_var_audits_switches_s_left_flipper'====== Args={'value': 1467, 'prev_value': None, 'change': True}
2023-01-16 17:37:42,306 : EventManager : Event: ======'machine_var_audits_switches_s_left_hole'====== Args={'value': 0, 'prev_value': None, 'change': True}
2023-01-16 17:37:42,334 : EventManager : Event: ======'machine_var_audits_switches_s_left_inlane'====== Args={'value': 349, 'prev_value': None, 'change': True}
2023-01-16 17:37:42,334 : EventManager : Event: ======'machine_var_audits_switches_s_left_loop_made'====== Args={'value': 244, 'prev_value': None, 'change': True}
2023-01-16 17:37:42,334 : EventManager : Event: ======'machine_var_audits_switches_s_left_loop_pre'====== Args={'value': 201, 'prev_value': None, 'change': True}
2023-01-16 17:37:42,334 : EventManager : Event: ======'machine_var_audits_switches_s_left_mid_inlane'====== Args={'value': 146, 'prev_value': None, 'change': True}
2023-01-16 17:37:42,335 : EventManager : Event: ======'machine_var_audits_switches_s_left_outlane'====== Args={'value': 125, 'prev_value': None, 'change': True}
2023-01-16 17:37:42,335 : EventManager : Event: ======'machine_var_audits_switches_s_left_ramp_made'====== Args={'value': 1996, 'prev_value': None, 'change': True}
2023-01-16 17:37:42,335 : EventManager : Event: ======'machine_var_audits_switches_s_left_ramp_pre'====== Args={'value': 273, 'prev_value': None, 'change': True}
2023-01-16 17:37:42,335 : EventManager : Event: ======'machine_var_audits_switches_s_left_slingshot'====== Args={'value': 33, 'prev_value': None, 'change': True}
2023-01-16 17:37:42,335 : EventManager : Event: ======'machine_var_audits_switches_s_lock_1'====== Args={'value': 425, 'prev_value': None, 'change': True}
2023-01-16 17:37:42,335 : EventManager : Event: ======'machine_var_audits_switches_s_lock_2'====== Args={'value': 437, 'prev_value': None, 'change': True}
2023-01-16 17:37:42,335 : EventManager : Event: ======'machine_var_audits_switches_s_lock_3'====== Args={'value': 520, 'prev_value': None, 'change': True}
2023-01-16 17:37:42,335 : EventManager : Event: ======'machine_var_audits_switches_s_magnet_switch'====== Args={'value': 0, 'prev_value': None, 'change': True}
2023-01-16 17:37:42,335 : EventManager : Event: ======'machine_var_audits_switches_s_main_hole'====== Args={'value': 1061, 'prev_value': None, 'change': True}
2023-01-16 17:37:42,335 : EventManager : Event: ======'machine_var_audits_switches_s_pen_1'====== Args={'value': 819, 'prev_value': None, 'change': True}
2023-01-16 17:37:42,335 : EventManager : Event: ======'machine_var_audits_switches_s_pen_2'====== Args={'value': 96, 'prev_value': None, 'change': True}
2023-01-16 17:37:42,335 : EventManager : Event: ======'machine_var_audits_switches_s_pen_3'====== Args={'value': 322, 'prev_value': None, 'change': True}
2023-01-16 17:37:42,335 : EventManager : Event: ======'machine_var_audits_switches_s_pen_4'====== Args={'value': 5, 'prev_value': None, 'change': True}
2023-01-16 17:37:42,335 : EventManager : Event: ======'machine_var_audits_switches_s_pen_5'====== Args={'value': 2, 'prev_value': None, 'change': True}
2023-01-16 17:37:42,336 : EventManager : Event: ======'machine_var_audits_switches_s_pen_6'====== Args={'value': 8, 'prev_value': None, 'change': True}
2023-01-16 17:37:42,336 : EventManager : Event: ======'machine_var_audits_switches_s_plunger'====== Args={'value': 4083, 'prev_value': None, 'change': True}
2023-01-16 17:37:42,336 : EventManager : Event: ======'machine_var_audits_switches_s_plunger_button'====== Args={'value': 4, 'prev_value': None, 'change': True}
2023-01-16 17:37:42,336 : EventManager : Event: ======'machine_var_audits_switches_s_ricochet_1'====== Args={'value': 197, 'prev_value': None, 'change': True}
2023-01-16 17:37:42,336 : EventManager : Event: ======'machine_var_audits_switches_s_ricochet_2'====== Args={'value': 692, 'prev_value': None, 'change': True}
2023-01-16 17:37:42,336 : EventManager : Event: ======'machine_var_audits_switches_s_ricochet_3'====== Args={'value': 93, 'prev_value': None, 'change': True}
2023-01-16 17:37:42,336 : EventManager : Event: ======'machine_var_audits_switches_s_ricochet_4'====== Args={'value': 54, 'prev_value': None, 'change': True}
2023-01-16 17:37:42,336 : EventManager : Event: ======'machine_var_audits_switches_s_ricochet_5'====== Args={'value': 8, 'prev_value': None, 'change': True}
2023-01-16 17:37:42,336 : EventManager : Event: ======'machine_var_audits_switches_s_right_flipper'====== Args={'value': 4222, 'prev_value': None, 'change': True}
2023-01-16 17:37:42,336 : EventManager : Event: ======'machine_var_audits_switches_s_right_hole'====== Args={'value': 26, 'prev_value': None, 'change': True}
2023-01-16 17:37:42,336 : EventManager : Event: ======'machine_var_audits_switches_s_right_inlane'====== Args={'value': 363, 'prev_value': None, 'change': True}
2023-01-16 17:37:42,336 : EventManager : Event: ======'machine_var_audits_switches_s_right_loop_made'====== Args={'value': 83, 'prev_value': None, 'change': True}
2023-01-16 17:37:42,336 : EventManager : Event: ======'machine_var_audits_switches_s_right_loop_pre'====== Args={'value': 71, 'prev_value': None, 'change': True}
2023-01-16 17:37:42,336 : EventManager : Event: ======'machine_var_audits_switches_s_right_outlane'====== Args={'value': 141, 'prev_value': None, 'change': True}
2023-01-16 17:37:42,337 : EventManager : Event: ======'machine_var_audits_switches_s_right_ramp_made'====== Args={'value': 1703, 'prev_value': None, 'change': True}
2023-01-16 17:37:42,337 : EventManager : Event: ======'machine_var_audits_switches_s_right_ramp_pre'====== Args={'value': 83, 'prev_value': None, 'change': True}
2023-01-16 17:37:42,337 : EventManager : Event: ======'machine_var_audits_switches_s_right_slingshot'====== Args={'value': 132, 'prev_value': None, 'change': True}
2023-01-16 17:37:42,337 : EventManager : Event: ======'machine_var_audits_switches_s_right_small_ramp'====== Args={'value': 0, 'prev_value': None, 'change': True}
2023-01-16 17:37:42,337 : EventManager : Event: ======'machine_var_audits_switches_s_right_tunnel'====== Args={'value': 0, 'prev_value': None, 'change': True}
2023-01-16 17:37:42,337 : EventManager : Event: ======'machine_var_audits_switches_s_saucer'====== Args={'value': 0, 'prev_value': None, 'change': True}
2023-01-16 17:37:42,337 : EventManager : Event: ======'machine_var_audits_switches_s_side_hole'====== Args={'value': 316, 'prev_value': None, 'change': True}
2023-01-16 17:37:42,337 : EventManager : Event: ======'machine_var_audits_switches_s_side_ramp_made'====== Args={'value': 1125, 'prev_value': None, 'change': True}
2023-01-16 17:37:42,351 : EventManager : Event: ======'machine_var_audits_switches_s_side_ramp_pre'====== Args={'value': 113, 'prev_value': None, 'change': True}
2023-01-16 17:37:42,351 : EventManager : Event: ======'machine_var_audits_switches_s_spinner'====== Args={'value': 0, 'prev_value': None, 'change': True}
2023-01-16 17:37:42,351 : EventManager : Event: ======'machine_var_audits_switches_s_start'====== Args={'value': 150, 'prev_value': None, 'change': True}
2023-01-16 17:37:42,351 : EventManager : Event: ======'machine_var_audits_switches_s_torpedo'====== Args={'value': 739, 'prev_value': None, 'change': True}
2023-01-16 17:37:42,351 : EventManager : Event: ======'machine_var_audits_switches_s_torpedo_lane'====== Args={'value': 2, 'prev_value': None, 'change': True}
2023-01-16 17:37:42,351 : EventManager : Event: ======'machine_var_audits_switches_s_torpedo_pre'====== Args={'value': 0, 'prev_value': None, 'change': True}
2023-01-16 17:37:42,351 : EventManager : Event: ======'machine_var_audits_switches_s_trough1'====== Args={'value': 658, 'prev_value': None, 'change': True}
2023-01-16 17:37:42,351 : EventManager : Event: ======'machine_var_audits_switches_s_trough2'====== Args={'value': 105, 'prev_value': None, 'change': True}
2023-01-16 17:37:42,351 : EventManager : Event: ======'machine_var_audits_switches_s_trough3'====== Args={'value': 82, 'prev_value': None, 'change': True}
2023-01-16 17:37:42,351 : EventManager : Event: ======'machine_var_audits_switches_s_trough4'====== Args={'value': 34, 'prev_value': None, 'change': True}
2023-01-16 17:37:42,351 : EventManager : Event: ======'machine_var_audits_switches_s_trough5'====== Args={'value': 2, 'prev_value': None, 'change': True}
2023-01-16 17:37:42,352 : EventManager : Event: ======'machine_var_audits_switches_s_trough6'====== Args={'value': 1, 'prev_value': None, 'change': True}
2023-01-16 17:37:42,352 : EventManager : Event: ======'machine_var_audits_switches_s_trough_jam'====== Args={'value': 0, 'prev_value': None, 'change': True}
2023-01-16 17:37:42,384 : EventManager : Event: ======'mc_reset_phase_1'====== Args={}
2023-01-16 17:37:42,384 : EventManager : Event: ======'mc_reset_phase_2'====== Args={}
2023-01-16 17:37:42,384 : EventManager : Event: ======'mc_reset_phase_3'====== Args={}
2023-01-16 17:37:42,384 : EventManager : Event: ======'mc_reset_complete'====== Args={}
2023-01-16 17:37:42,401 : EventManager : Event: ======'slides_play'====== Args={'settings': {'attract_game_over_slide': {'widgets': [{'type': 'text', 'text': 'GAME OVER', 'style': ['big'], 'font_size': 15, 'y': 'center+0.5', '_default_settings': ['type', 'text', 'style', 'font_size', 'y'], 'x': None, 'anchor_x': 'center', 'anchor_y': 'center', 'round_anchor_x': None, 'round_anchor_y': None, 'opacity': 1.0, 'z': 0, 'reset_animations_events': {}, 'color': [1.0, 1.0, 1.0, 1.0], 'adjust_top': 0, 'adjust_bottom': 0, 'adjust_left': 0, 'adjust_right': 0, 'expire': None, 'key': None, 'widget': None, 'events_when_added': [], 'events_when_removed': [], 'bitmap_font': False, 'font_kerning': True, 'bold': False, 'italic': False, 'number_grouping': False, 'min_digits': 0, 'halign': 'center', 'valign': 'middle', 'rotation': 0, 'scale': 1.0, 'casing': None, 'animations': None}], 'target': None, 'background_color': [0.0, 0.0, 0.0, 1.0], 'priority': None, 'show': True, 'force': False, 'expire': None, 'slide': None, 'tokens': {}, 'action': 'play'}}, 'context': 'show_1', 'calling_context': 0, 'priority': 10, 'show_tokens': {}, 'start_time': 145564.0}
2023-01-16 17:37:42,401 : mpfmc : SlidePlayer: Play called with settings={'attract_game_over_slide': {'widgets': [{'type': 'text', 'text': 'GAME OVER', 'style': ['big'], 'font_size': 15, 'y': 'center+0.5', '_default_settings': ['type', 'text', 'style', 'font_size', 'y'], 'x': None, 'anchor_x': 'center', 'anchor_y': 'center', 'round_anchor_x': None, 'round_anchor_y': None, 'opacity': 1.0, 'z': 0, 'reset_animations_events': {}, 'color': [1.0, 1.0, 1.0, 1.0], 'adjust_top': 0, 'adjust_bottom': 0, 'adjust_left': 0, 'adjust_right': 0, 'expire': None, 'key': None, 'widget': None, 'events_when_added': [], 'events_when_removed': [], 'bitmap_font': False, 'font_kerning': True, 'bold': False, 'italic': False, 'number_grouping': False, 'min_digits': 0, 'halign': 'center', 'valign': 'middle', 'rotation': 0, 'scale': 1.0, 'casing': None, 'animations': None}], 'target': None, 'background_color': [0.0, 0.0, 0.0, 1.0], 'priority': None, 'show': True, 'force': False, 'expire': None, 'slide': None, 'tokens': {}, 'action': 'play'}}
2023-01-16 17:37:42,407 : EventManager : Event: ======'slide_attract_game_over_slide_created'====== Args={}
2023-01-16 17:37:42,410 : EventManager : Event: ======'slide_attract_game_over_slide_active'====== Args={}
2023-01-16 17:37:44,034 : EventManager : Event: ======'game_started'====== Args={}
2023-01-16 17:37:44,035 : EventManager : Event: ======'slides_clear'====== Args={'context': 'show_1'}
2023-01-16 17:37:44,036 : EventManager : Unordered handler for class McConfigPlayer.widgets on event slide_base_slide_created with priority 0. Handlers: [RegisteredHandler(callback=<bound method McWidgetPlayer._add_widget_to_slide_when_active of McConfigPlayer.widgets>, priority=0, kwargs={'slide_name': 'base_slide', 'widget': 'base_score_widget', 's': {'slide': 'base_slide', 'key': 'game-base_score_widget', 'target': None}, 'play_kwargs': {}}, key=UUID('1eb9113a-28b4-46b4-8046-df2e7501e45a'), condition=None, blocking_facility=None), RegisteredHandler(callback=<bound method McWidgetPlayer._add_widget_to_slide_when_active of McConfigPlayer.widgets>, priority=0, kwargs={'slide_name': 'base_slide', 'widget': 'base_level_widget', 's': {'slide': 'base_slide', 'key': 'game-base_level_widget', 'target': None}, 'play_kwargs': {}}, key=UUID('17e5890c-04d5-4649-b313-7b001e83c925'), condition=None, blocking_facility=None)]. The order of those handlers is not defined and they will be executed in random order. This might lead to race conditions and potential bugs.
2023-01-16 17:37:44,036 : EventManager : Unordered handler for class McConfigPlayer.widgets on event slide_base_slide_created with priority 0. Handlers: [RegisteredHandler(callback=<bound method McWidgetPlayer._add_widget_to_slide_when_active of McConfigPlayer.widgets>, priority=0, kwargs={'slide_name': 'base_slide', 'widget': 'base_score_widget', 's': {'slide': 'base_slide', 'key': 'game-base_score_widget', 'target': None}, 'play_kwargs': {}}, key=UUID('1eb9113a-28b4-46b4-8046-df2e7501e45a'), condition=None, blocking_facility=None), RegisteredHandler(callback=<bound method McWidgetPlayer._add_widget_to_slide_when_active of McConfigPlayer.widgets>, priority=0, kwargs={'slide_name': 'base_slide', 'widget': 'base_level_widget', 's': {'slide': 'base_slide', 'key': 'game-base_level_widget', 'target': None}, 'play_kwargs': {}}, key=UUID('17e5890c-04d5-4649-b313-7b001e83c925'), condition=None, blocking_facility=None), RegisteredHandler(callback=<bound method McWidgetPlayer._add_widget_to_slide_when_active of McConfigPlayer.widgets>, priority=0, kwargs={'slide_name': 'base_slide', 'widget': 'base_ball_widget', 's': {'slide': 'base_slide', 'key': 'game-base_ball_widget', 'target': None}, 'play_kwargs': {}}, key=UUID('175c54e7-25a0-4ea4-a1e1-822cbff3d6d3'), condition=None, blocking_facility=None)]. The order of those handlers is not defined and they will be executed in random order. This might lead to race conditions and potential bugs.
2023-01-16 17:37:44,036 : EventManager : Unordered handler for class McConfigPlayer.widgets on event slide_base_slide_created with priority 0. Handlers: [RegisteredHandler(callback=<bound method McWidgetPlayer._add_widget_to_slide_when_active of McConfigPlayer.widgets>, priority=0, kwargs={'slide_name': 'base_slide', 'widget': 'base_score_widget', 's': {'slide': 'base_slide', 'key': 'game-base_score_widget', 'target': None}, 'play_kwargs': {}}, key=UUID('1eb9113a-28b4-46b4-8046-df2e7501e45a'), condition=None, blocking_facility=None), RegisteredHandler(callback=<bound method McWidgetPlayer._add_widget_to_slide_when_active of McConfigPlayer.widgets>, priority=0, kwargs={'slide_name': 'base_slide', 'widget': 'base_level_widget', 's': {'slide': 'base_slide', 'key': 'game-base_level_widget', 'target': None}, 'play_kwargs': {}}, key=UUID('17e5890c-04d5-4649-b313-7b001e83c925'), condition=None, blocking_facility=None), RegisteredHandler(callback=<bound method McWidgetPlayer._add_widget_to_slide_when_active of McConfigPlayer.widgets>, priority=0, kwargs={'slide_name': 'base_slide', 'widget': 'base_ball_widget', 's': {'slide': 'base_slide', 'key': 'game-base_ball_widget', 'target': None}, 'play_kwargs': {}}, key=UUID('175c54e7-25a0-4ea4-a1e1-822cbff3d6d3'), condition=None, blocking_facility=None)]. The order of those handlers is not defined and they will be executed in random order. This might lead to race conditions and potential bugs.
2023-01-16 17:37:44,036 : kivy : Base: Leaving application in progress...
2023-01-16 17:37:44,036 : kivy : Exception while processing RegisteredHandler(callback=<bound method ConfigPlayer.config_play_callback of McConfigPlayer.widgets>, priority=0, kwargs={'calling_context': 'game_started', 'mode': None, 'settings': {'sr_base_score_widget': {'slide': 'status_report_scores', 'priority': 0, 'action': 'add', 'key': None, 'target': None}, 'sr_base_level_widget': {'slide': 'status_report_scores', 'priority': 0, 'action': 'add', 'key': None, 'target': None}, 'sr_base_ball_widget': {'slide': 'status_report_scores', 'priority': 0, 'action': 'add', 'key': None, 'target': None}}}, key=UUID('b1786b4e-b76b-4e53-b283-0d6e8f038ae0'), condition=None, blocking_facility=None) for event game_started. "Widget Player Error: Slide name 'status_report_scores' is not valid slide. Widget config that caused this: {'slide': 'status_report_scores', 'key': '_global-sr_base_score_widget', 'target': None}"
Traceback (most recent call last):
  File "c:\users\dell\appdata\local\programs\python\python36\lib\site-packages\mpfmc\config_players\widget_player.py", line 35, in _get_slide
    slide = self.machine.active_slides[slide_name]
KeyError: 'status_report_scores'

During handling of the above exception, another exception occurred:

Traceback (most recent call last):
  File "c:\users\dell\appdata\local\programs\python\python36\lib\site-packages\mpf\core\events.py", line 683, in _run_handlers
    result = handler.callback(**merged_kwargs)
  File "c:\users\dell\appdata\local\programs\python\python36\lib\site-packages\mpf\core\config_player.py", line 323, in config_play_callback
    **kwargs)
  File "c:\users\dell\appdata\local\programs\python\python36\lib\site-packages\mpfmc\config_players\widget_player.py", line 157, in play
    self._action_add(s, instance_dict, widget, context, kwargs)
  File "c:\users\dell\appdata\local\programs\python\python36\lib\site-packages\mpfmc\config_players\widget_player.py", line 92, in _action_add
    slide = self._get_slide(s)
  File "c:\users\dell\appdata\local\programs\python\python36\lib\site-packages\mpfmc\config_players\widget_player.py", line 42, in _get_slide
    "{}".format(slide_name, s))
KeyError: "Widget Player Error: Slide name 'status_report_scores' is not valid slide. Widget config that caused this: {'slide': 'status_report_scores', 'key': '_global-sr_base_score_widget', 'target': None}"

The above exception was the direct cause of the following exception:

Traceback (most recent call last):
  File "c:\users\dell\appdata\local\programs\python\python36\lib\site-packages\mpfmc\commands\mc.py", line 224, in __init__
    thread_stopper=thread_stopper).run()
  File "c:\users\dell\appdata\local\programs\python\python36\lib\site-packages\kivy\app.py", line 855, in run
    runTouchApp()
  File "c:\users\dell\appdata\local\programs\python\python36\lib\site-packages\kivy\base.py", line 504, in runTouchApp
    EventLoop.window.mainloop()
  File "c:\users\dell\appdata\local\programs\python\python36\lib\site-packages\kivy\core\window\window_sdl2.py", line 747, in mainloop
    self._mainloop()
  File "c:\users\dell\appdata\local\programs\python\python36\lib\site-packages\kivy\core\window\window_sdl2.py", line 479, in _mainloop
    EventLoop.idle()
  File "c:\users\dell\appdata\local\programs\python\python36\lib\site-packages\kivy\base.py", line 339, in idle
    Clock.tick()
  File "c:\users\dell\appdata\local\programs\python\python36\lib\site-packages\kivy\clock.py", line 591, in tick
    self._process_events()
  File "kivy\_clock.pyx", line 384, in kivy._clock.CyClockBase._process_events
  File "kivy\_clock.pyx", line 414, in kivy._clock.CyClockBase._process_events
  File "kivy\_clock.pyx", line 412, in kivy._clock.CyClockBase._process_events
  File "kivy\_clock.pyx", line 167, in kivy._clock.ClockEvent.tick
  File "c:\users\dell\appdata\local\programs\python\python36\lib\site-packages\mpfmc\core\mc.py", line 571, in tick
    self.events.process_event_queue()
  File "c:\users\dell\appdata\local\programs\python\python36\lib\site-packages\mpf\core\events.py", line 770, in process_event_queue
    **event[3])
  File "c:\users\dell\appdata\local\programs\python\python36\lib\site-packages\mpf\core\events.py", line 729, in _process_event
    result = self._run_handlers(event, ev_type, kwargs)
  File "c:\users\dell\appdata\local\programs\python\python36\lib\site-packages\mpf\core\events.py", line 685, in _run_handlers
    raise Exception("Exception while processing {} for event {}. {}".format(handler, event, e)) from e
Exception: Exception while processing RegisteredHandler(callback=<bound method ConfigPlayer.config_play_callback of McConfigPlayer.widgets>, priority=0, kwargs={'calling_context': 'game_started', 'mode': None, 'settings': {'sr_base_score_widget': {'slide': 'status_report_scores', 'priority': 0, 'action': 'add', 'key': None, 'target': None}, 'sr_base_level_widget': {'slide': 'status_report_scores', 'priority': 0, 'action': 'add', 'key': None, 'target': None}, 'sr_base_ball_widget': {'slide': 'status_report_scores', 'priority': 0, 'action': 'add', 'key': None, 'target': None}}}, key=UUID('b1786b4e-b76b-4e53-b283-0d6e8f038ae0'), condition=None, blocking_facility=None) for event game_started. "Widget Player Error: Slide name 'status_report_scores' is not valid slide. Widget config that caused this: {'slide': 'status_report_scores', 'key': '_global-sr_base_score_widget', 'target': None}"
2023-01-16 17:37:44,039 : kivy : Stopping child threads... (3 remaining)
2023-01-16 17:37:44,048 : mpfmc : Stopping...
2023-01-16 17:37:44,048 : EventManager : Event: ======'shutdown'====== Args={}
2023-01-16 17:37:44,188 : mpfmc : Loop rate 49.48 Hz
2023-01-16 17:37:45,004 : MPF-MC BCP Server : Stopping BCP sending thread
2023-01-16 17:37:45,093 : kivy : All child threads stopped.
