2023-01-15 18:44:53,334 : kivy : Factory: 184 symbols loaded
2023-01-15 18:44:53,440 : kivy : ImageLoaderFFPy: Using ffpyplayer 4.3.1
2023-01-15 18:44:53,441 : kivy : Image: Providers: img_tex, img_dds, img_sdl2, img_pil, img_ffpyplayer, img_gif 
2023-01-15 18:44:53,485 : kivy : VideoGstplayer: Using Gstreamer 1.16.0.0
2023-01-15 18:44:53,485 : kivy : Video: Provider: gstplayer
2023-01-15 18:44:53,545 : kivy : Loading MPF-MC controller
2023-01-15 18:44:53,547 : YamlMultifileConfigLoader : Machine config file #1: config
2023-01-15 18:44:53,548 : ConfigProcessor : Config file in cache changed: E:\MPF\wows\wows\config\config
2023-01-15 18:44:53,548 : ConfigProcessor : Loading config from file c:\users\dell\appdata\local\programs\python\python36\lib\site-packages\mpfmc\mcconfig.yaml.
2023-01-15 18:44:53,581 : ConfigProcessor : Loading config: c:\users\dell\appdata\local\programs\python\python36\lib\site-packages\mpfmc\mcconfig.yaml
2023-01-15 18:44:53,582 : ConfigProcessor : Loading config from file E:\MPF\wows\wows\config\config.
2023-01-15 18:44:53,583 : ConfigProcessor : Loading config: E:\MPF\wows\wows\config\config
2023-01-15 18:44:53,592 : ConfigProcessor : Loading config: E:\MPF\wows\wows\config\primary/config_else_virtual.yaml
2023-01-15 18:44:53,661 : ConfigProcessor : Loading config: E:\MPF\wows\wows\config\primary/config_hardware.yaml
2023-01-15 18:44:53,666 : ConfigProcessor : Loading config: E:\MPF\wows\wows\config\primary/config_keys.yaml
2023-01-15 18:44:53,713 : ConfigProcessor : Loading config: E:\MPF\wows\wows\config\primary/config_logic.yaml
2023-01-15 18:44:53,718 : ConfigProcessor : Loading config: E:\MPF\wows\wows\config\primary/config_modes.yaml
2023-01-15 18:44:53,724 : ConfigProcessor : Loading config: E:\MPF\wows\wows\config\primary/config_operator_settings.yaml
2023-01-15 18:44:53,741 : ConfigProcessor : Loading config: E:\MPF\wows\wows\config\primary/config_sound_music.yaml
2023-01-15 18:44:53,796 : ConfigProcessor : Loading config: E:\MPF\wows\wows\config\primary/config_values.yaml
2023-01-15 18:44:53,804 : ConfigProcessor : Loading config: E:\MPF\wows\wows\config\primary/config_virtual_hardware.yaml
2023-01-15 18:44:54,190 : ConfigProcessor : Loading config: E:\MPF\wows\wows\config\support/config_support_mode_end.yaml
2023-01-15 18:44:54,218 : ConfigProcessor : Loading config: E:\MPF\wows\wows\config\support/config_support_hc.yaml
2023-01-15 18:44:54,225 : ConfigProcessor : Loading config: E:\MPF\wows\wows\config\support/config_support_capture.yaml
2023-01-15 18:44:54,242 : ConfigProcessor : Loading config: E:\MPF\wows\wows\config\support/config_support_commander.yaml
2023-01-15 18:44:54,288 : ConfigProcessor : Loading config: E:\MPF\wows\wows\config\support/config_support_dmg_con.yaml
2023-01-15 18:44:54,305 : ConfigProcessor : Config file cache created: C:\Users\dell\AppData\Local\Temp\6d82fd4a30091e02690fac5de20c7449.mpf_cache
2023-01-15 18:44:54,305 : ConfigProcessor : Loading config from cache: C:\Users\dell\AppData\Local\Temp\59a64183768b31a5bf2b8a1c5fa05afc.mpf_cache
2023-01-15 18:44:54,306 : ConfigProcessor : Loading config from cache: C:\Users\dell\AppData\Local\Temp\e4aaedaa0a5d6d283bdf8896bd678b71.mpf_cache
2023-01-15 18:44:54,306 : ConfigProcessor : Loading config from cache: C:\Users\dell\AppData\Local\Temp\59a64183768b31a5bf2b8a1c5fa05afc.mpf_cache
2023-01-15 18:44:54,307 : ConfigProcessor : Loading config from cache: C:\Users\dell\AppData\Local\Temp\d05889abdb32f5a85db64ac2e197f4ff.mpf_cache
2023-01-15 18:44:54,307 : ConfigProcessor : Loading config from cache: C:\Users\dell\AppData\Local\Temp\434c2e3a52e1507818428e1c584a9ae0.mpf_cache
2023-01-15 18:44:54,307 : ConfigProcessor : Loading config from cache: C:\Users\dell\AppData\Local\Temp\c96ee90647ae5b034e2dd42c348c42ad.mpf_cache
2023-01-15 18:44:54,308 : ConfigProcessor : Loading config from cache: C:\Users\dell\AppData\Local\Temp\ca0415bb38fd20ce1ae72b2592ece46e.mpf_cache
2023-01-15 18:44:54,308 : ConfigProcessor : Loading config from cache: C:\Users\dell\AppData\Local\Temp\72e9fea1cb562e40024eb5e8538ccaf2.mpf_cache
2023-01-15 18:44:54,309 : ConfigProcessor : Loading config from cache: C:\Users\dell\AppData\Local\Temp\c22c03646c3330fed25ec0d2c1900176.mpf_cache
2023-01-15 18:44:54,309 : ConfigProcessor : Loading config from cache: C:\Users\dell\AppData\Local\Temp\4f40b51a2a6ab6b3327b174347355c6f.mpf_cache
2023-01-15 18:44:54,310 : ConfigProcessor : Loading config from cache: C:\Users\dell\AppData\Local\Temp\39fabcdae38f081491893b3f9bf3922e.mpf_cache
2023-01-15 18:44:54,310 : ConfigProcessor : Loading config from cache: C:\Users\dell\AppData\Local\Temp\f18cd76783971ff471759940af4bc5eb.mpf_cache
2023-01-15 18:44:54,310 : ConfigProcessor : Loading config from cache: C:\Users\dell\AppData\Local\Temp\943ecf72a5798e3efec3d4f70c6ce1d2.mpf_cache
2023-01-15 18:44:54,311 : ConfigProcessor : Loading config from cache: C:\Users\dell\AppData\Local\Temp\04d9c03061fa17a1f6b23081f79db9ab.mpf_cache
2023-01-15 18:44:54,312 : ConfigProcessor : Loading config from cache: C:\Users\dell\AppData\Local\Temp\1ff29be1d22fb14fe5fd1c82a6918df4.mpf_cache
2023-01-15 18:44:54,312 : ConfigProcessor : Loading config from cache: C:\Users\dell\AppData\Local\Temp\f0ffd5ecaddfe34035bf3b1779215a88.mpf_cache
2023-01-15 18:44:54,312 : ConfigProcessor : Loading config from cache: C:\Users\dell\AppData\Local\Temp\b0de444617e3bf30a07f755a6d4831cc.mpf_cache
2023-01-15 18:44:54,313 : ConfigProcessor : Loading config from cache: C:\Users\dell\AppData\Local\Temp\200a9b2dddbe7706ffb4c4426b6d54a8.mpf_cache
2023-01-15 18:44:54,313 : ConfigProcessor : Loading config from cache: C:\Users\dell\AppData\Local\Temp\5ab98d4be1e8de85bea62364890eb2e9.mpf_cache
2023-01-15 18:44:54,313 : ConfigProcessor : Loading config from cache: C:\Users\dell\AppData\Local\Temp\4303dca7489148da2d256fc831cf8c96.mpf_cache
2023-01-15 18:44:54,314 : ConfigProcessor : Loading config from cache: C:\Users\dell\AppData\Local\Temp\e8fceecd8f65a6a7269e98c7961bbf6a.mpf_cache
2023-01-15 18:44:54,314 : ConfigProcessor : Loading config from cache: C:\Users\dell\AppData\Local\Temp\c84d6d08bf6f923cbcccfeeea02d2c8a.mpf_cache
2023-01-15 18:44:54,314 : ConfigProcessor : Loading config from cache: C:\Users\dell\AppData\Local\Temp\159a0b7ffc6de2ed1a8cdcd57b7df3c0.mpf_cache
2023-01-15 18:44:54,315 : ConfigProcessor : Loading config from cache: C:\Users\dell\AppData\Local\Temp\dd71d04ba3f4dce8325f2504de3de352.mpf_cache
2023-01-15 18:44:54,315 : ConfigProcessor : Loading config from cache: C:\Users\dell\AppData\Local\Temp\47da5935da57327449007069e0d0551c.mpf_cache
2023-01-15 18:44:54,316 : ConfigProcessor : Loading config from cache: C:\Users\dell\AppData\Local\Temp\b1234e2c44a33609dc2af4760c4a3f89.mpf_cache
2023-01-15 18:44:54,316 : ConfigProcessor : Loading config from cache: C:\Users\dell\AppData\Local\Temp\7ab9985e2a62b75a325504808417b1e7.mpf_cache
2023-01-15 18:44:54,317 : ConfigProcessor : Loading config from cache: C:\Users\dell\AppData\Local\Temp\466eddfec572894d9eb472ce07aa5fba.mpf_cache
2023-01-15 18:44:54,317 : ConfigProcessor : Loading config from cache: C:\Users\dell\AppData\Local\Temp\93429a2a8e0859f6546b68f40c2a4656.mpf_cache
2023-01-15 18:44:54,318 : ConfigProcessor : Loading config from cache: C:\Users\dell\AppData\Local\Temp\95ae88fb094583fa2b4097c6df179650.mpf_cache
2023-01-15 18:44:54,318 : ConfigProcessor : Loading config from cache: C:\Users\dell\AppData\Local\Temp\de2d3fc178b15ce3807fa4ab35b9c965.mpf_cache
2023-01-15 18:44:54,319 : ConfigProcessor : Loading config from cache: C:\Users\dell\AppData\Local\Temp\0c80ca2179989d09b86c78c19ec87d9b.mpf_cache
2023-01-15 18:44:54,319 : ConfigProcessor : Loading config from cache: C:\Users\dell\AppData\Local\Temp\95e265efe14e4eb05d8d5c5689c9ae6b.mpf_cache
2023-01-15 18:44:54,320 : ConfigProcessor : Loading config from cache: C:\Users\dell\AppData\Local\Temp\ba047bbdc168fca96d58d351c4240916.mpf_cache
2023-01-15 18:44:54,320 : ConfigProcessor : Loading config from cache: C:\Users\dell\AppData\Local\Temp\7c1900736275ba8a713cfe77e991e929.mpf_cache
2023-01-15 18:44:54,320 : ConfigProcessor : Loading config from cache: C:\Users\dell\AppData\Local\Temp\db3d1ab92e5d5c563b40d82372434517.mpf_cache
2023-01-15 18:44:54,321 : ConfigProcessor : Loading config from cache: C:\Users\dell\AppData\Local\Temp\78980531363184480bbd7075661ced33.mpf_cache
2023-01-15 18:44:54,321 : ConfigProcessor : Loading config from cache: C:\Users\dell\AppData\Local\Temp\efcf079e5af2b94e88dae4e07273acc8.mpf_cache
2023-01-15 18:44:54,321 : ConfigProcessor : Loading config from cache: C:\Users\dell\AppData\Local\Temp\44231afd4be159e8c99041e8eb88670e.mpf_cache
2023-01-15 18:44:54,322 : ConfigProcessor : Loading config from cache: C:\Users\dell\AppData\Local\Temp\2b5357265150b67996b1d26df60329cf.mpf_cache
2023-01-15 18:44:54,322 : mpfmc : Mission Pinball Framework Media Controller v0.54.2
2023-01-15 18:44:54,322 : mpfmc : Mission Pinball Framework Game Engine v0.54.6
2023-01-15 18:44:54,323 : mpfmc : Machine path: E:\MPF\wows\wows
2023-01-15 18:44:54,323 : mpfmc : Starting clock at 60.0Hz
2023-01-15 18:44:54,336 : kivy : Text: Provider: sdl2
2023-01-15 18:44:54,371 : kivy : Window: Provider: sdl2
2023-01-15 18:44:54,570 : kivy : GL: Using the "OpenGL" graphics system
2023-01-15 18:44:54,576 : kivy : GL: GLEW initialization succeeded
2023-01-15 18:44:54,576 : kivy : GL: Backend used <glew>
2023-01-15 18:44:54,576 : kivy : GL: OpenGL version <b'4.6.0 NVIDIA 516.59'>
2023-01-15 18:44:54,577 : kivy : GL: OpenGL vendor <b'NVIDIA Corporation'>
2023-01-15 18:44:54,577 : kivy : GL: OpenGL renderer <b'NVIDIA GeForce GTX 1060 6GB/PCIe/SSE2'>
2023-01-15 18:44:54,577 : kivy : GL: OpenGL parsed version: 4, 6
2023-01-15 18:44:54,577 : kivy : GL: Shading version <b'4.60 NVIDIA'>
2023-01-15 18:44:54,577 : kivy : GL: Texture max size <32768>
2023-01-15 18:44:54,577 : kivy : GL: Texture max units <32>
2023-01-15 18:44:54,594 : kivy : Window: auto add sdl2 input provider
2023-01-15 18:44:54,594 : kivy : Window: virtual keyboard not allowed, single mode, not docked
2023-01-15 18:44:54,839 : AudioInterface : Initialized
2023-01-15 18:44:54,841 : kivy : Base: Start application main loop
2023-01-15 18:44:54,842 : EventManager : Event: ======'display_dmd_initialized'====== Args={}
2023-01-15 18:44:54,897 : mpfmc : Display: Setting 'dmd' as default display
2023-01-15 18:44:54,902 : kivy : GL: NPOT texture support is available
2023-01-15 18:44:54,913 : EventManager : Event: ======'displays_initialized'====== Args={}
2023-01-15 18:44:54,914 : EventManager : Event: ======'slide_dmd_blank_created'====== Args={}
2023-01-15 18:44:54,914 : EventManager : Event: ======'display_dmd_ready'====== Args={}
2023-01-15 18:44:54,923 : EventManager : Event: ======'init_phase_1'====== Args={}
2023-01-15 18:44:54,953 : EventManager : Event: ======'mc_ready'====== Args={}
2023-01-15 18:44:54,953 : EventManager : Event: ======'init_phase_2'====== Args={}
2023-01-15 18:44:55,047 : EventManager : Event: ======'init_phase_3'====== Args={}
2023-01-15 18:44:55,047 : AssetManager : Registering Asset: A, File: A.png, Default Group: default, Final Config: {'load': 'preload', 'file': 'E:\\MPF\\wows\\wows\\images\\A.png'}
2023-01-15 18:44:55,048 : AssetManager : Registering Asset: aa_1, File: aa_1.gif, Default Group: default, Final Config: {'load': 'preload', 'file': 'E:\\MPF\\wows\\wows\\images\\aa_1.gif'}
2023-01-15 18:44:55,048 : AssetManager : Registering Asset: aa_2, File: aa_2.gif, Default Group: default, Final Config: {'load': 'preload', 'file': 'E:\\MPF\\wows\\wows\\images\\aa_2.gif'}
2023-01-15 18:44:55,048 : AssetManager : Registering Asset: aa_3, File: aa_3.gif, Default Group: default, Final Config: {'load': 'preload', 'file': 'E:\\MPF\\wows\\wows\\images\\aa_3.gif'}
2023-01-15 18:44:55,048 : AssetManager : Registering Asset: aa_4, File: aa_4.gif, Default Group: default, Final Config: {'load': 'preload', 'file': 'E:\\MPF\\wows\\wows\\images\\aa_4.gif'}
2023-01-15 18:44:55,048 : AssetManager : Registering Asset: aircraft_carrier, File: aircraft_carrier.png, Default Group: default, Final Config: {'load': 'preload', 'file': 'E:\\MPF\\wows\\wows\\images\\aircraft_carrier.png'}
2023-01-15 18:44:55,048 : AssetManager : Registering Asset: aircraft_carrier_aa_shell_1, File: aircraft_carrier_aa_shell_1.gif, Default Group: default, Final Config: {'load': 'preload', 'file': 'E:\\MPF\\wows\\wows\\images\\aircraft_carrier_aa_shell_1.gif'}
2023-01-15 18:44:55,048 : AssetManager : Registering Asset: aircraft_carrier_aa_shell_2, File: aircraft_carrier_aa_shell_2.gif, Default Group: default, Final Config: {'load': 'preload', 'file': 'E:\\MPF\\wows\\wows\\images\\aircraft_carrier_aa_shell_2.gif'}
2023-01-15 18:44:55,048 : AssetManager : Registering Asset: aircraft_carrier_aa_shell_3, File: aircraft_carrier_aa_shell_3.gif, Default Group: default, Final Config: {'load': 'preload', 'file': 'E:\\MPF\\wows\\wows\\images\\aircraft_carrier_aa_shell_3.gif'}
2023-01-15 18:44:55,048 : AssetManager : Registering Asset: aircraft_carrier_aa_shell_4, File: aircraft_carrier_aa_shell_4.gif, Default Group: default, Final Config: {'load': 'preload', 'file': 'E:\\MPF\\wows\\wows\\images\\aircraft_carrier_aa_shell_4.gif'}
2023-01-15 18:44:55,048 : AssetManager : Registering Asset: aircraft_carrier_background, File: aircraft_carrier_background.png, Default Group: default, Final Config: {'load': 'preload', 'file': 'E:\\MPF\\wows\\wows\\images\\aircraft_carrier_background.png'}
2023-01-15 18:44:55,048 : AssetManager : Registering Asset: aircraft_carrier_center_down, File: aircraft_carrier_center_down.gif, Default Group: default, Final Config: {'load': 'preload', 'file': 'E:\\MPF\\wows\\wows\\images\\aircraft_carrier_center_down.gif'}
2023-01-15 18:44:55,048 : AssetManager : Registering Asset: aircraft_carrier_center_up, File: aircraft_carrier_center_up.gif, Default Group: default, Final Config: {'load': 'preload', 'file': 'E:\\MPF\\wows\\wows\\images\\aircraft_carrier_center_up.gif'}
2023-01-15 18:44:55,048 : AssetManager : Registering Asset: aircraft_carrier_crash, File: aircraft_carrier_crash.gif, Default Group: default, Final Config: {'load': 'preload', 'file': 'E:\\MPF\\wows\\wows\\images\\aircraft_carrier_crash.gif'}
2023-01-15 18:44:55,048 : AssetManager : Registering Asset: aircraft_carrier_down, File: aircraft_carrier_down.gif, Default Group: default, Final Config: {'load': 'preload', 'file': 'E:\\MPF\\wows\\wows\\images\\aircraft_carrier_down.gif'}
2023-01-15 18:44:55,049 : AssetManager : Registering Asset: aircraft_carrier_explosion, File: aircraft_carrier_explosion.gif, Default Group: default, Final Config: {'load': 'preload', 'file': 'E:\\MPF\\wows\\wows\\images\\aircraft_carrier_explosion.gif'}
2023-01-15 18:44:55,049 : AssetManager : Registering Asset: aircraft_carrier_island_1, File: aircraft_carrier_island_1.png, Default Group: default, Final Config: {'load': 'preload', 'file': 'E:\\MPF\\wows\\wows\\images\\aircraft_carrier_island_1.png'}
2023-01-15 18:44:55,049 : AssetManager : Registering Asset: aircraft_carrier_island_2, File: aircraft_carrier_island_2.png, Default Group: default, Final Config: {'load': 'preload', 'file': 'E:\\MPF\\wows\\wows\\images\\aircraft_carrier_island_2.png'}
2023-01-15 18:44:55,049 : AssetManager : Registering Asset: aircraft_carrier_island_3, File: aircraft_carrier_island_3.png, Default Group: default, Final Config: {'load': 'preload', 'file': 'E:\\MPF\\wows\\wows\\images\\aircraft_carrier_island_3.png'}
2023-01-15 18:44:55,049 : AssetManager : Registering Asset: aircraft_carrier_island_4, File: aircraft_carrier_island_4.png, Default Group: default, Final Config: {'load': 'preload', 'file': 'E:\\MPF\\wows\\wows\\images\\aircraft_carrier_island_4.png'}
2023-01-15 18:44:55,049 : AssetManager : Registering Asset: aircraft_carrier_plane, File: aircraft_carrier_plane.png, Default Group: default, Final Config: {'load': 'preload', 'file': 'E:\\MPF\\wows\\wows\\images\\aircraft_carrier_plane.png'}
2023-01-15 18:44:55,049 : AssetManager : Registering Asset: aircraft_carrier_plane_explosion, File: aircraft_carrier_plane_explosion.gif, Default Group: default, Final Config: {'load': 'preload', 'file': 'E:\\MPF\\wows\\wows\\images\\aircraft_carrier_plane_explosion.gif'}
2023-01-15 18:44:55,049 : AssetManager : Registering Asset: aircraft_carrier_ship, File: aircraft_carrier_ship.png, Default Group: default, Final Config: {'load': 'preload', 'file': 'E:\\MPF\\wows\\wows\\images\\aircraft_carrier_ship.png'}
2023-01-15 18:44:55,049 : AssetManager : Registering Asset: aircraft_carrier_splash, File: aircraft_carrier_splash.gif, Default Group: default, Final Config: {'load': 'preload', 'file': 'E:\\MPF\\wows\\wows\\images\\aircraft_carrier_splash.gif'}
2023-01-15 18:44:55,049 : AssetManager : Registering Asset: aircraft_carrier_torpedo, File: aircraft_carrier_torpedo.gif, Default Group: default, Final Config: {'load': 'preload', 'file': 'E:\\MPF\\wows\\wows\\images\\aircraft_carrier_torpedo.gif'}
2023-01-15 18:44:55,049 : AssetManager : Registering Asset: aircraft_carrier_up, File: aircraft_carrier_up.gif, Default Group: default, Final Config: {'load': 'preload', 'file': 'E:\\MPF\\wows\\wows\\images\\aircraft_carrier_up.gif'}
2023-01-15 18:44:55,049 : AssetManager : Registering Asset: B, File: B.png, Default Group: default, Final Config: {'load': 'preload', 'file': 'E:\\MPF\\wows\\wows\\images\\B.png'}
2023-01-15 18:44:55,049 : AssetManager : Registering Asset: battle_aircraft_carrier, File: battle_aircraft_carrier.png, Default Group: default, Final Config: {'load': 'preload', 'file': 'E:\\MPF\\wows\\wows\\images\\battle_aircraft_carrier.png'}
2023-01-15 18:44:55,049 : AssetManager : Registering Asset: battle_battleship, File: battle_battleship.png, Default Group: default, Final Config: {'load': 'preload', 'file': 'E:\\MPF\\wows\\wows\\images\\battle_battleship.png'}
2023-01-15 18:44:55,049 : AssetManager : Registering Asset: battle_cruiser, File: battle_cruiser.png, Default Group: default, Final Config: {'load': 'preload', 'file': 'E:\\MPF\\wows\\wows\\images\\battle_cruiser.png'}
2023-01-15 18:44:55,049 : AssetManager : Registering Asset: battle_destroyer, File: battle_destroyer.png, Default Group: default, Final Config: {'load': 'preload', 'file': 'E:\\MPF\\wows\\wows\\images\\battle_destroyer.png'}
2023-01-15 18:44:55,049 : AssetManager : Registering Asset: belso_agyu, File: belso_agyu.gif, Default Group: default, Final Config: {'load': 'preload', 'file': 'E:\\MPF\\wows\\wows\\images\\belso_agyu.gif'}
2023-01-15 18:44:55,050 : AssetManager : Registering Asset: belso_agyu_2, File: belso_agyu_2.gif, Default Group: default, Final Config: {'load': 'preload', 'file': 'E:\\MPF\\wows\\wows\\images\\belso_agyu_2.gif'}
2023-01-15 18:44:55,050 : AssetManager : Registering Asset: belso_agyu_marad, File: belso_agyu_marad.png, Default Group: default, Final Config: {'load': 'preload', 'file': 'E:\\MPF\\wows\\wows\\images\\belso_agyu_marad.png'}
2023-01-15 18:44:55,050 : AssetManager : Registering Asset: belso_agyu_marad_2, File: belso_agyu_marad_2.png, Default Group: default, Final Config: {'load': 'preload', 'file': 'E:\\MPF\\wows\\wows\\images\\belso_agyu_marad_2.png'}
2023-01-15 18:44:55,050 : AssetManager : Registering Asset: belso_felepitmeny, File: belso_felepitmeny.gif, Default Group: default, Final Config: {'load': 'preload', 'file': 'E:\\MPF\\wows\\wows\\images\\belso_felepitmeny.gif'}
2023-01-15 18:44:55,050 : AssetManager : Registering Asset: belso_felepitmeny_2, File: belso_felepitmeny_2.gif, Default Group: default, Final Config: {'load': 'preload', 'file': 'E:\\MPF\\wows\\wows\\images\\belso_felepitmeny_2.gif'}
2023-01-15 18:44:55,050 : AssetManager : Registering Asset: belso_hajotest, File: belso_hajotest.png, Default Group: default, Final Config: {'load': 'preload', 'file': 'E:\\MPF\\wows\\wows\\images\\belso_hajotest.png'}
2023-01-15 18:44:55,050 : AssetManager : Registering Asset: belso_izzo, File: belso_izzo.gif, Default Group: default, Final Config: {'load': 'preload', 'file': 'E:\\MPF\\wows\\wows\\images\\belso_izzo.gif'}
2023-01-15 18:44:55,050 : AssetManager : Registering Asset: belso_izzo_2, File: belso_izzo_2.gif, Default Group: default, Final Config: {'load': 'preload', 'file': 'E:\\MPF\\wows\\wows\\images\\belso_izzo_2.gif'}
2023-01-15 18:44:55,050 : AssetManager : Registering Asset: belso_muzzle_flash, File: belso_muzzle_flash.gif, Default Group: default, Final Config: {'load': 'preload', 'file': 'E:\\MPF\\wows\\wows\\images\\belso_muzzle_flash.gif'}
2023-01-15 18:44:55,050 : AssetManager : Registering Asset: C, File: C.png, Default Group: default, Final Config: {'load': 'preload', 'file': 'E:\\MPF\\wows\\wows\\images\\C.png'}
2023-01-15 18:44:55,050 : AssetManager : Registering Asset: captured, File: captured.gif, Default Group: default, Final Config: {'load': 'preload', 'file': 'E:\\MPF\\wows\\wows\\images\\captured.gif'}
2023-01-15 18:44:55,050 : AssetManager : Registering Asset: captured_base, File: captured_base.gif, Default Group: default, Final Config: {'load': 'preload', 'file': 'E:\\MPF\\wows\\wows\\images\\captured_base.gif'}
2023-01-15 18:44:55,050 : AssetManager : Registering Asset: captured_base_still, File: captured_base_still.png, Default Group: default, Final Config: {'load': 'preload', 'file': 'E:\\MPF\\wows\\wows\\images\\captured_base_still.png'}
2023-01-15 18:44:55,050 : AssetManager : Registering Asset: captured_still, File: captured_still.png, Default Group: default, Final Config: {'load': 'preload', 'file': 'E:\\MPF\\wows\\wows\\images\\captured_still.png'}
2023-01-15 18:44:55,050 : AssetManager : Registering Asset: capture_1, File: capture_1.gif, Default Group: default, Final Config: {'load': 'preload', 'file': 'E:\\MPF\\wows\\wows\\images\\capture_1.gif'}
2023-01-15 18:44:55,050 : AssetManager : Registering Asset: capture_2, File: capture_2.gif, Default Group: default, Final Config: {'load': 'preload', 'file': 'E:\\MPF\\wows\\wows\\images\\capture_2.gif'}
2023-01-15 18:44:55,051 : AssetManager : Registering Asset: capture_3, File: capture_3.gif, Default Group: default, Final Config: {'load': 'preload', 'file': 'E:\\MPF\\wows\\wows\\images\\capture_3.gif'}
2023-01-15 18:44:55,051 : AssetManager : Registering Asset: capture_4, File: capture_4.gif, Default Group: default, Final Config: {'load': 'preload', 'file': 'E:\\MPF\\wows\\wows\\images\\capture_4.gif'}
2023-01-15 18:44:55,051 : AssetManager : Registering Asset: capture_5, File: capture_5.gif, Default Group: default, Final Config: {'load': 'preload', 'file': 'E:\\MPF\\wows\\wows\\images\\capture_5.gif'}
2023-01-15 18:44:55,051 : AssetManager : Registering Asset: capture_6, File: capture_6.gif, Default Group: default, Final Config: {'load': 'preload', 'file': 'E:\\MPF\\wows\\wows\\images\\capture_6.gif'}
2023-01-15 18:44:55,051 : AssetManager : Registering Asset: capture_bracket, File: capture_bracket.png, Default Group: default, Final Config: {'load': 'preload', 'file': 'E:\\MPF\\wows\\wows\\images\\capture_bracket.png'}
2023-01-15 18:44:55,051 : AssetManager : Registering Asset: capturing_1_still, File: capturing_1_still.png, Default Group: default, Final Config: {'load': 'preload', 'file': 'E:\\MPF\\wows\\wows\\images\\capturing_1_still.png'}
2023-01-15 18:44:55,051 : AssetManager : Registering Asset: capturing_2_still, File: capturing_2_still.png, Default Group: default, Final Config: {'load': 'preload', 'file': 'E:\\MPF\\wows\\wows\\images\\capturing_2_still.png'}
2023-01-15 18:44:55,051 : AssetManager : Registering Asset: capturing_3_still, File: capturing_3_still.png, Default Group: default, Final Config: {'load': 'preload', 'file': 'E:\\MPF\\wows\\wows\\images\\capturing_3_still.png'}
2023-01-15 18:44:55,051 : AssetManager : Registering Asset: capturing_4_still, File: capturing_4_still.png, Default Group: default, Final Config: {'load': 'preload', 'file': 'E:\\MPF\\wows\\wows\\images\\capturing_4_still.png'}
2023-01-15 18:44:55,051 : AssetManager : Registering Asset: capturing_5_still, File: capturing_5_still.png, Default Group: default, Final Config: {'load': 'preload', 'file': 'E:\\MPF\\wows\\wows\\images\\capturing_5_still.png'}
2023-01-15 18:44:55,051 : AssetManager : Registering Asset: capturing_6_still, File: capturing_6_still.png, Default Group: default, Final Config: {'load': 'preload', 'file': 'E:\\MPF\\wows\\wows\\images\\capturing_6_still.png'}
2023-01-15 18:44:55,051 : AssetManager : Registering Asset: capturing_base_1_still, File: capturing_base_1_still.png, Default Group: default, Final Config: {'load': 'preload', 'file': 'E:\\MPF\\wows\\wows\\images\\capturing_base_1_still.png'}
2023-01-15 18:44:55,051 : AssetManager : Registering Asset: capturing_base_2_still, File: capturing_base_2_still.png, Default Group: default, Final Config: {'load': 'preload', 'file': 'E:\\MPF\\wows\\wows\\images\\capturing_base_2_still.png'}
2023-01-15 18:44:55,051 : AssetManager : Registering Asset: capturing_base_3_still, File: capturing_base_3_still.png, Default Group: default, Final Config: {'load': 'preload', 'file': 'E:\\MPF\\wows\\wows\\images\\capturing_base_3_still.png'}
2023-01-15 18:44:55,051 : AssetManager : Registering Asset: capturing_base_4_still, File: capturing_base_4_still.png, Default Group: default, Final Config: {'load': 'preload', 'file': 'E:\\MPF\\wows\\wows\\images\\capturing_base_4_still.png'}
2023-01-15 18:44:55,051 : AssetManager : Registering Asset: capturing_base_5_still, File: capturing_base_5_still.png, Default Group: default, Final Config: {'load': 'preload', 'file': 'E:\\MPF\\wows\\wows\\images\\capturing_base_5_still.png'}
2023-01-15 18:44:55,052 : AssetManager : Registering Asset: capturing_base_6_still, File: capturing_base_6_still.png, Default Group: default, Final Config: {'load': 'preload', 'file': 'E:\\MPF\\wows\\wows\\images\\capturing_base_6_still.png'}
2023-01-15 18:44:55,052 : AssetManager : Registering Asset: ca_blue, File: ca_blue.png, Default Group: default, Final Config: {'load': 'preload', 'file': 'E:\\MPF\\wows\\wows\\images\\ca_blue.png'}
2023-01-15 18:44:55,052 : AssetManager : Registering Asset: ca_green, File: ca_green.png, Default Group: default, Final Config: {'load': 'preload', 'file': 'E:\\MPF\\wows\\wows\\images\\ca_green.png'}
2023-01-15 18:44:55,052 : AssetManager : Registering Asset: ca_red, File: ca_red.png, Default Group: default, Final Config: {'load': 'preload', 'file': 'E:\\MPF\\wows\\wows\\images\\ca_red.png'}
2023-01-15 18:44:55,052 : AssetManager : Registering Asset: ca_yellow, File: ca_yellow.png, Default Group: default, Final Config: {'load': 'preload', 'file': 'E:\\MPF\\wows\\wows\\images\\ca_yellow.png'}
2023-01-15 18:44:55,052 : AssetManager : Registering Asset: cm_1_1, File: cm_1_1.png, Default Group: default, Final Config: {'load': 'preload', 'file': 'E:\\MPF\\wows\\wows\\images\\cm_1_1.png'}
2023-01-15 18:44:55,052 : AssetManager : Registering Asset: cm_1_2, File: cm_1_2.png, Default Group: default, Final Config: {'load': 'preload', 'file': 'E:\\MPF\\wows\\wows\\images\\cm_1_2.png'}
2023-01-15 18:44:55,052 : AssetManager : Registering Asset: cm_1_3, File: cm_1_3.png, Default Group: default, Final Config: {'load': 'preload', 'file': 'E:\\MPF\\wows\\wows\\images\\cm_1_3.png'}
2023-01-15 18:44:55,052 : AssetManager : Registering Asset: cm_1_4, File: cm_1_4.png, Default Group: default, Final Config: {'load': 'preload', 'file': 'E:\\MPF\\wows\\wows\\images\\cm_1_4.png'}
2023-01-15 18:44:55,052 : AssetManager : Registering Asset: cm_2_1, File: cm_2_1.png, Default Group: default, Final Config: {'load': 'preload', 'file': 'E:\\MPF\\wows\\wows\\images\\cm_2_1.png'}
2023-01-15 18:44:55,052 : AssetManager : Registering Asset: cm_2_2, File: cm_2_2.png, Default Group: default, Final Config: {'load': 'preload', 'file': 'E:\\MPF\\wows\\wows\\images\\cm_2_2.png'}
2023-01-15 18:44:55,052 : AssetManager : Registering Asset: cm_2_3, File: cm_2_3.png, Default Group: default, Final Config: {'load': 'preload', 'file': 'E:\\MPF\\wows\\wows\\images\\cm_2_3.png'}
2023-01-15 18:44:55,052 : AssetManager : Registering Asset: cm_2_4, File: cm_2_4.png, Default Group: default, Final Config: {'load': 'preload', 'file': 'E:\\MPF\\wows\\wows\\images\\cm_2_4.png'}
2023-01-15 18:44:55,052 : AssetManager : Registering Asset: cm_3_1, File: cm_3_1.png, Default Group: default, Final Config: {'load': 'preload', 'file': 'E:\\MPF\\wows\\wows\\images\\cm_3_1.png'}
2023-01-15 18:44:55,052 : AssetManager : Registering Asset: cm_3_2, File: cm_3_2.png, Default Group: default, Final Config: {'load': 'preload', 'file': 'E:\\MPF\\wows\\wows\\images\\cm_3_2.png'}
2023-01-15 18:44:55,052 : AssetManager : Registering Asset: cm_3_3, File: cm_3_3.png, Default Group: default, Final Config: {'load': 'preload', 'file': 'E:\\MPF\\wows\\wows\\images\\cm_3_3.png'}
2023-01-15 18:44:55,053 : AssetManager : Registering Asset: cm_3_4, File: cm_3_4.png, Default Group: default, Final Config: {'load': 'preload', 'file': 'E:\\MPF\\wows\\wows\\images\\cm_3_4.png'}
2023-01-15 18:44:55,053 : AssetManager : Registering Asset: cm_4_1, File: cm_4_1.png, Default Group: default, Final Config: {'load': 'preload', 'file': 'E:\\MPF\\wows\\wows\\images\\cm_4_1.png'}
2023-01-15 18:44:55,053 : AssetManager : Registering Asset: cm_4_2, File: cm_4_2.png, Default Group: default, Final Config: {'load': 'preload', 'file': 'E:\\MPF\\wows\\wows\\images\\cm_4_2.png'}
2023-01-15 18:44:55,053 : AssetManager : Registering Asset: cm_4_3, File: cm_4_3.png, Default Group: default, Final Config: {'load': 'preload', 'file': 'E:\\MPF\\wows\\wows\\images\\cm_4_3.png'}
2023-01-15 18:44:55,053 : AssetManager : Registering Asset: cm_4_4, File: cm_4_4.png, Default Group: default, Final Config: {'load': 'preload', 'file': 'E:\\MPF\\wows\\wows\\images\\cm_4_4.png'}
2023-01-15 18:44:55,053 : AssetManager : Registering Asset: commanders, File: commanders.png, Default Group: default, Final Config: {'load': 'preload', 'file': 'E:\\MPF\\wows\\wows\\images\\commanders.png'}
2023-01-15 18:44:55,053 : AssetManager : Registering Asset: commanders_2, File: commanders_2.png, Default Group: default, Final Config: {'load': 'preload', 'file': 'E:\\MPF\\wows\\wows\\images\\commanders_2.png'}
2023-01-15 18:44:55,053 : AssetManager : Registering Asset: commander_skill_1, File: commander_skill_1.png, Default Group: default, Final Config: {'load': 'preload', 'file': 'E:\\MPF\\wows\\wows\\images\\commander_skill_1.png'}
2023-01-15 18:44:55,053 : AssetManager : Registering Asset: commander_skill_2, File: commander_skill_2.png, Default Group: default, Final Config: {'load': 'preload', 'file': 'E:\\MPF\\wows\\wows\\images\\commander_skill_2.png'}
2023-01-15 18:44:55,053 : AssetManager : Registering Asset: commander_skill_3, File: commander_skill_3.png, Default Group: default, Final Config: {'load': 'preload', 'file': 'E:\\MPF\\wows\\wows\\images\\commander_skill_3.png'}
2023-01-15 18:44:55,053 : AssetManager : Registering Asset: commander_skill_4, File: commander_skill_4.png, Default Group: default, Final Config: {'load': 'preload', 'file': 'E:\\MPF\\wows\\wows\\images\\commander_skill_4.png'}
2023-01-15 18:44:55,053 : AssetManager : Registering Asset: conqueror, File: conqueror.png, Default Group: default, Final Config: {'load': 'preload', 'file': 'E:\\MPF\\wows\\wows\\images\\conqueror.png'}
2023-01-15 18:44:55,053 : AssetManager : Registering Asset: consumable_bomb_background, File: consumable_bomb_background.png, Default Group: default, Final Config: {'load': 'preload', 'file': 'E:\\MPF\\wows\\wows\\images\\consumable_bomb_background.png'}
2023-01-15 18:44:55,053 : AssetManager : Registering Asset: consumable_bomb_container, File: consumable_bomb_container.png, Default Group: default, Final Config: {'load': 'preload', 'file': 'E:\\MPF\\wows\\wows\\images\\consumable_bomb_container.png'}
2023-01-15 18:44:55,053 : AssetManager : Registering Asset: consumable_bomb_mover, File: consumable_bomb_mover.png, Default Group: default, Final Config: {'load': 'preload', 'file': 'E:\\MPF\\wows\\wows\\images\\consumable_bomb_mover.png'}
2023-01-15 18:44:55,054 : AssetManager : Registering Asset: cons_1_1, File: cons_1_1.gif, Default Group: default, Final Config: {'load': 'preload', 'file': 'E:\\MPF\\wows\\wows\\images\\cons_1_1.gif'}
2023-01-15 18:44:55,054 : AssetManager : Registering Asset: cons_1_1_background, File: cons_1_1_background.png, Default Group: default, Final Config: {'load': 'preload', 'file': 'E:\\MPF\\wows\\wows\\images\\cons_1_1_background.png'}
2023-01-15 18:44:55,054 : AssetManager : Registering Asset: cons_1_2, File: cons_1_2.gif, Default Group: default, Final Config: {'load': 'preload', 'file': 'E:\\MPF\\wows\\wows\\images\\cons_1_2.gif'}
2023-01-15 18:44:55,054 : AssetManager : Registering Asset: cons_1_3, File: cons_1_3.gif, Default Group: default, Final Config: {'load': 'preload', 'file': 'E:\\MPF\\wows\\wows\\images\\cons_1_3.gif'}
2023-01-15 18:44:55,054 : AssetManager : Registering Asset: cons_1_4, File: cons_1_4.gif, Default Group: default, Final Config: {'load': 'preload', 'file': 'E:\\MPF\\wows\\wows\\images\\cons_1_4.gif'}
2023-01-15 18:44:55,054 : AssetManager : Registering Asset: cons_1_background, File: cons_1_background.png, Default Group: default, Final Config: {'load': 'preload', 'file': 'E:\\MPF\\wows\\wows\\images\\cons_1_background.png'}
2023-01-15 18:44:55,054 : AssetManager : Registering Asset: cons_1_test, File: cons_1_test.png, Default Group: default, Final Config: {'load': 'preload', 'file': 'E:\\MPF\\wows\\wows\\images\\cons_1_test.png'}
2023-01-15 18:44:55,054 : AssetManager : Registering Asset: cons_3, File: cons_3.gif, Default Group: default, Final Config: {'load': 'preload', 'file': 'E:\\MPF\\wows\\wows\\images\\cons_3.gif'}
2023-01-15 18:44:55,054 : AssetManager : Registering Asset: cons_7, File: cons_7.png, Default Group: default, Final Config: {'load': 'preload', 'file': 'E:\\MPF\\wows\\wows\\images\\cons_7.png'}
2023-01-15 18:44:55,054 : AssetManager : Registering Asset: cons_7_background, File: cons_7_background.png, Default Group: default, Final Config: {'load': 'preload', 'file': 'E:\\MPF\\wows\\wows\\images\\cons_7_background.png'}
2023-01-15 18:44:55,054 : AssetManager : Registering Asset: cons_7_end, File: cons_7_end.gif, Default Group: default, Final Config: {'load': 'preload', 'file': 'E:\\MPF\\wows\\wows\\images\\cons_7_end.gif'}
2023-01-15 18:44:55,054 : AssetManager : Registering Asset: cons_7_foreground, File: cons_7_foreground.png, Default Group: default, Final Config: {'load': 'preload', 'file': 'E:\\MPF\\wows\\wows\\images\\cons_7_foreground.png'}
2023-01-15 18:44:55,054 : AssetManager : Registering Asset: cons_7_torp, File: cons_7_torp.png, Default Group: default, Final Config: {'load': 'preload', 'file': 'E:\\MPF\\wows\\wows\\images\\cons_7_torp.png'}
2023-01-15 18:44:55,054 : AssetManager : Registering Asset: cons_wizard_background, File: cons_wizard_background.png, Default Group: default, Final Config: {'load': 'preload', 'file': 'E:\\MPF\\wows\\wows\\images\\cons_wizard_background.png'}
2023-01-15 18:44:55,054 : AssetManager : Registering Asset: container_ball, File: container_ball.gif, Default Group: default, Final Config: {'load': 'preload', 'file': 'E:\\MPF\\wows\\wows\\images\\container_ball.gif'}
2023-01-15 18:44:55,054 : AssetManager : Registering Asset: container_ball_text, File: container_ball_text.jpg, Default Group: default, Final Config: {'load': 'preload', 'file': 'E:\\MPF\\wows\\wows\\images\\container_ball_text.jpg'}
2023-01-15 18:44:55,055 : AssetManager : Registering Asset: container_dmg, File: container_dmg.gif, Default Group: default, Final Config: {'load': 'preload', 'file': 'E:\\MPF\\wows\\wows\\images\\container_dmg.gif'}
2023-01-15 18:44:55,055 : AssetManager : Registering Asset: container_dmg_text, File: container_dmg_text.jpg, Default Group: default, Final Config: {'load': 'preload', 'file': 'E:\\MPF\\wows\\wows\\images\\container_dmg_text.jpg'}
2023-01-15 18:44:55,055 : AssetManager : Registering Asset: container_jet, File: container_jet.gif, Default Group: default, Final Config: {'load': 'preload', 'file': 'E:\\MPF\\wows\\wows\\images\\container_jet.gif'}
2023-01-15 18:44:55,055 : AssetManager : Registering Asset: container_jet_text, File: container_jet_text.jpg, Default Group: default, Final Config: {'load': 'preload', 'file': 'E:\\MPF\\wows\\wows\\images\\container_jet_text.jpg'}
2023-01-15 18:44:55,055 : AssetManager : Registering Asset: container_time, File: container_time.gif, Default Group: default, Final Config: {'load': 'preload', 'file': 'E:\\MPF\\wows\\wows\\images\\container_time.gif'}
2023-01-15 18:44:55,055 : AssetManager : Registering Asset: container_time_text, File: container_time_text.jpg, Default Group: default, Final Config: {'load': 'preload', 'file': 'E:\\MPF\\wows\\wows\\images\\container_time_text.jpg'}
2023-01-15 18:44:55,055 : AssetManager : Registering Asset: container_x, File: container_x.gif, Default Group: default, Final Config: {'load': 'preload', 'file': 'E:\\MPF\\wows\\wows\\images\\container_x.gif'}
2023-01-15 18:44:55,055 : AssetManager : Registering Asset: container_xp, File: container_xp.gif, Default Group: default, Final Config: {'load': 'preload', 'file': 'E:\\MPF\\wows\\wows\\images\\container_xp.gif'}
2023-01-15 18:44:55,055 : AssetManager : Registering Asset: container_xp_text, File: container_xp_text.jpg, Default Group: default, Final Config: {'load': 'preload', 'file': 'E:\\MPF\\wows\\wows\\images\\container_xp_text.jpg'}
2023-01-15 18:44:55,055 : AssetManager : Registering Asset: container_x_text, File: container_x_text.jpg, Default Group: default, Final Config: {'load': 'preload', 'file': 'E:\\MPF\\wows\\wows\\images\\container_x_text.jpg'}
2023-01-15 18:44:55,055 : AssetManager : Registering Asset: c_black, File: c_black.png, Default Group: default, Final Config: {'load': 'preload', 'file': 'E:\\MPF\\wows\\wows\\images\\c_black.png'}
2023-01-15 18:44:55,055 : AssetManager : Registering Asset: c_blue, File: c_blue.png, Default Group: default, Final Config: {'load': 'preload', 'file': 'E:\\MPF\\wows\\wows\\images\\c_blue.png'}
2023-01-15 18:44:55,055 : AssetManager : Registering Asset: c_green, File: c_green.png, Default Group: default, Final Config: {'load': 'preload', 'file': 'E:\\MPF\\wows\\wows\\images\\c_green.png'}
2023-01-15 18:44:55,055 : AssetManager : Registering Asset: C_Prog100, File: C_Prog100.jpg, Default Group: default, Final Config: {'load': 'preload', 'file': 'E:\\MPF\\wows\\wows\\images\\C_Prog100.jpg'}
2023-01-15 18:44:55,056 : AssetManager : Registering Asset: c_red, File: c_red.png, Default Group: default, Final Config: {'load': 'preload', 'file': 'E:\\MPF\\wows\\wows\\images\\c_red.png'}
2023-01-15 18:44:55,056 : AssetManager : Registering Asset: c_white, File: c_white.png, Default Group: default, Final Config: {'load': 'preload', 'file': 'E:\\MPF\\wows\\wows\\images\\c_white.png'}
2023-01-15 18:44:55,056 : AssetManager : Registering Asset: c_yellow, File: c_yellow.png, Default Group: default, Final Config: {'load': 'preload', 'file': 'E:\\MPF\\wows\\wows\\images\\c_yellow.png'}
2023-01-15 18:44:55,056 : AssetManager : Registering Asset: D, File: D.png, Default Group: default, Final Config: {'load': 'preload', 'file': 'E:\\MPF\\wows\\wows\\images\\D.png'}
2023-01-15 18:44:55,056 : AssetManager : Registering Asset: daring, File: daring.png, Default Group: default, Final Config: {'load': 'preload', 'file': 'E:\\MPF\\wows\\wows\\images\\daring.png'}
2023-01-15 18:44:55,056 : AssetManager : Registering Asset: def_aa_icon, File: def_aa_icon.png, Default Group: default, Final Config: {'load': 'preload', 'file': 'E:\\MPF\\wows\\wows\\images\\def_aa_icon.png'}
2023-01-15 18:44:55,056 : AssetManager : Registering Asset: des moines, File: des moines.png, Default Group: default, Final Config: {'load': 'preload', 'file': 'E:\\MPF\\wows\\wows\\images\\des moines.png'}
2023-01-15 18:44:55,056 : AssetManager : Registering Asset: dmg_con_party_icon, File: dmg_con_party_icon.png, Default Group: default, Final Config: {'load': 'preload', 'file': 'E:\\MPF\\wows\\wows\\images\\dmg_con_party_icon.png'}
2023-01-15 18:44:55,056 : AssetManager : Registering Asset: DOUBLE JACKPOT, File: DOUBLE JACKPOT.png, Default Group: default, Final Config: {'load': 'preload', 'file': 'E:\\MPF\\wows\\wows\\images\\DOUBLE JACKPOT.png'}
2023-01-15 18:44:55,056 : AssetManager : Registering Asset: E, File: E.png, Default Group: default, Final Config: {'load': 'preload', 'file': 'E:\\MPF\\wows\\wows\\images\\E.png'}
2023-01-15 18:44:55,056 : AssetManager : Registering Asset: engine_icon, File: engine_icon.png, Default Group: default, Final Config: {'load': 'preload', 'file': 'E:\\MPF\\wows\\wows\\images\\engine_icon.png'}
2023-01-15 18:44:55,056 : AssetManager : Registering Asset: explosion, File: explosion.gif, Default Group: default, Final Config: {'load': 'preload', 'file': 'E:\\MPF\\wows\\wows\\images\\explosion.gif'}
2023-01-15 18:44:55,056 : AssetManager : Registering Asset: explosion_2, File: explosion_2.gif, Default Group: default, Final Config: {'load': 'preload', 'file': 'E:\\MPF\\wows\\wows\\images\\explosion_2.gif'}
2023-01-15 18:44:55,056 : AssetManager : Registering Asset: fighter_icon, File: fighter_icon.png, Default Group: default, Final Config: {'load': 'preload', 'file': 'E:\\MPF\\wows\\wows\\images\\fighter_icon.png'}
2023-01-15 18:44:55,056 : AssetManager : Registering Asset: fire, File: fire.gif, Default Group: default, Final Config: {'load': 'preload', 'file': 'E:\\MPF\\wows\\wows\\images\\fire.gif'}
2023-01-15 18:44:55,057 : AssetManager : Registering Asset: fire_2, File: fire_2.gif, Default Group: default, Final Config: {'load': 'preload', 'file': 'E:\\MPF\\wows\\wows\\images\\fire_2.gif'}
2023-01-15 18:44:55,057 : AssetManager : Registering Asset: fire_start, File: fire_start.gif, Default Group: default, Final Config: {'load': 'preload', 'file': 'E:\\MPF\\wows\\wows\\images\\fire_start.gif'}
2023-01-15 18:44:55,057 : AssetManager : Registering Asset: fire_start_2, File: fire_start_2.gif, Default Group: default, Final Config: {'load': 'preload', 'file': 'E:\\MPF\\wows\\wows\\images\\fire_start_2.gif'}
2023-01-15 18:44:55,057 : AssetManager : Registering Asset: flag, File: flag.png, Default Group: default, Final Config: {'load': 'preload', 'file': 'E:\\MPF\\wows\\wows\\images\\flag.png'}
2023-01-15 18:44:55,057 : AssetManager : Registering Asset: flood, File: flood.png, Default Group: default, Final Config: {'load': 'preload', 'file': 'E:\\MPF\\wows\\wows\\images\\flood.png'}
2023-01-15 18:44:55,057 : AssetManager : Registering Asset: frozen, File: frozen.png, Default Group: default, Final Config: {'load': 'preload', 'file': 'E:\\MPF\\wows\\wows\\images\\frozen.png'}
2023-01-15 18:44:55,057 : AssetManager : Registering Asset: frozen_0, File: frozen_0.png, Default Group: default, Final Config: {'load': 'preload', 'file': 'E:\\MPF\\wows\\wows\\images\\frozen_0.png'}
2023-01-15 18:44:55,057 : AssetManager : Registering Asset: frozen_1, File: frozen_1.png, Default Group: default, Final Config: {'load': 'preload', 'file': 'E:\\MPF\\wows\\wows\\images\\frozen_1.png'}
2023-01-15 18:44:55,057 : AssetManager : Registering Asset: frozen_10, File: frozen_10.png, Default Group: default, Final Config: {'load': 'preload', 'file': 'E:\\MPF\\wows\\wows\\images\\frozen_10.png'}
2023-01-15 18:44:55,057 : AssetManager : Registering Asset: frozen_11, File: frozen_11.png, Default Group: default, Final Config: {'load': 'preload', 'file': 'E:\\MPF\\wows\\wows\\images\\frozen_11.png'}
2023-01-15 18:44:55,057 : AssetManager : Registering Asset: frozen_12, File: frozen_12.png, Default Group: default, Final Config: {'load': 'preload', 'file': 'E:\\MPF\\wows\\wows\\images\\frozen_12.png'}
2023-01-15 18:44:55,057 : AssetManager : Registering Asset: frozen_13, File: frozen_13.png, Default Group: default, Final Config: {'load': 'preload', 'file': 'E:\\MPF\\wows\\wows\\images\\frozen_13.png'}
2023-01-15 18:44:55,057 : AssetManager : Registering Asset: frozen_14, File: frozen_14.png, Default Group: default, Final Config: {'load': 'preload', 'file': 'E:\\MPF\\wows\\wows\\images\\frozen_14.png'}
2023-01-15 18:44:55,057 : AssetManager : Registering Asset: frozen_15, File: frozen_15.png, Default Group: default, Final Config: {'load': 'preload', 'file': 'E:\\MPF\\wows\\wows\\images\\frozen_15.png'}
2023-01-15 18:44:55,058 : AssetManager : Registering Asset: frozen_2, File: frozen_2.png, Default Group: default, Final Config: {'load': 'preload', 'file': 'E:\\MPF\\wows\\wows\\images\\frozen_2.png'}
2023-01-15 18:44:55,058 : AssetManager : Registering Asset: frozen_3, File: frozen_3.png, Default Group: default, Final Config: {'load': 'preload', 'file': 'E:\\MPF\\wows\\wows\\images\\frozen_3.png'}
2023-01-15 18:44:55,058 : AssetManager : Registering Asset: frozen_4, File: frozen_4.png, Default Group: default, Final Config: {'load': 'preload', 'file': 'E:\\MPF\\wows\\wows\\images\\frozen_4.png'}
2023-01-15 18:44:55,058 : AssetManager : Registering Asset: frozen_5, File: frozen_5.png, Default Group: default, Final Config: {'load': 'preload', 'file': 'E:\\MPF\\wows\\wows\\images\\frozen_5.png'}
2023-01-15 18:44:55,058 : AssetManager : Registering Asset: frozen_6, File: frozen_6.png, Default Group: default, Final Config: {'load': 'preload', 'file': 'E:\\MPF\\wows\\wows\\images\\frozen_6.png'}
2023-01-15 18:44:55,058 : AssetManager : Registering Asset: frozen_7, File: frozen_7.png, Default Group: default, Final Config: {'load': 'preload', 'file': 'E:\\MPF\\wows\\wows\\images\\frozen_7.png'}
2023-01-15 18:44:55,058 : AssetManager : Registering Asset: frozen_8, File: frozen_8.png, Default Group: default, Final Config: {'load': 'preload', 'file': 'E:\\MPF\\wows\\wows\\images\\frozen_8.png'}
2023-01-15 18:44:55,058 : AssetManager : Registering Asset: frozen_9, File: frozen_9.png, Default Group: default, Final Config: {'load': 'preload', 'file': 'E:\\MPF\\wows\\wows\\images\\frozen_9.png'}
2023-01-15 18:44:55,058 : AssetManager : Registering Asset: grosser kurfurst, File: grosser kurfurst.png, Default Group: default, Final Config: {'load': 'preload', 'file': 'E:\\MPF\\wows\\wows\\images\\grosser kurfurst.png'}
2023-01-15 18:44:55,058 : AssetManager : Registering Asset: gun_face, File: gun_face.png, Default Group: default, Final Config: {'load': 'preload', 'file': 'E:\\MPF\\wows\\wows\\images\\gun_face.png'}
2023-01-15 18:44:55,058 : AssetManager : Registering Asset: gun_side_1, File: gun_side_1.png, Default Group: default, Final Config: {'load': 'preload', 'file': 'E:\\MPF\\wows\\wows\\images\\gun_side_1.png'}
2023-01-15 18:44:55,058 : AssetManager : Registering Asset: gun_side_2, File: gun_side_2.png, Default Group: default, Final Config: {'load': 'preload', 'file': 'E:\\MPF\\wows\\wows\\images\\gun_side_2.png'}
2023-01-15 18:44:55,058 : AssetManager : Registering Asset: haragumo, File: haragumo.png, Default Group: default, Final Config: {'load': 'preload', 'file': 'E:\\MPF\\wows\\wows\\images\\haragumo.png'}
2023-01-15 18:44:55,058 : AssetManager : Registering Asset: hc_1, File: hc_1.png, Default Group: default, Final Config: {'load': 'preload', 'file': 'E:\\MPF\\wows\\wows\\images\\hc_1.png'}
2023-01-15 18:44:55,059 : AssetManager : Registering Asset: hc_2, File: hc_2.png, Default Group: default, Final Config: {'load': 'preload', 'file': 'E:\\MPF\\wows\\wows\\images\\hc_2.png'}
2023-01-15 18:44:55,059 : AssetManager : Registering Asset: hc_3, File: hc_3.png, Default Group: default, Final Config: {'load': 'preload', 'file': 'E:\\MPF\\wows\\wows\\images\\hc_3.png'}
2023-01-15 18:44:55,059 : AssetManager : Registering Asset: hc_4, File: hc_4.png, Default Group: default, Final Config: {'load': 'preload', 'file': 'E:\\MPF\\wows\\wows\\images\\hc_4.png'}
2023-01-15 18:44:55,059 : AssetManager : Registering Asset: hc_5, File: hc_5.png, Default Group: default, Final Config: {'load': 'preload', 'file': 'E:\\MPF\\wows\\wows\\images\\hc_5.png'}
2023-01-15 18:44:55,059 : AssetManager : Registering Asset: hc_6, File: hc_6.png, Default Group: default, Final Config: {'load': 'preload', 'file': 'E:\\MPF\\wows\\wows\\images\\hc_6.png'}
2023-01-15 18:44:55,059 : AssetManager : Registering Asset: hc_background, File: hc_background.jpg, Default Group: default, Final Config: {'load': 'preload', 'file': 'E:\\MPF\\wows\\wows\\images\\hc_background.jpg'}
2023-01-15 18:44:55,059 : AssetManager : Registering Asset: hc_start, File: hc_start.gif, Default Group: default, Final Config: {'load': 'preload', 'file': 'E:\\MPF\\wows\\wows\\images\\hc_start.gif'}
2023-01-15 18:44:55,059 : AssetManager : Registering Asset: hc_start_end, File: hc_start_end.jpg, Default Group: default, Final Config: {'load': 'preload', 'file': 'E:\\MPF\\wows\\wows\\images\\hc_start_end.jpg'}
2023-01-15 18:44:55,059 : AssetManager : Registering Asset: hc_super_background, File: hc_super_background.png, Default Group: default, Final Config: {'load': 'preload', 'file': 'E:\\MPF\\wows\\wows\\images\\hc_super_background.png'}
2023-01-15 18:44:55,059 : AssetManager : Registering Asset: hc_super_gun_1, File: hc_super_gun_1.gif, Default Group: default, Final Config: {'load': 'preload', 'file': 'E:\\MPF\\wows\\wows\\images\\hc_super_gun_1.gif'}
2023-01-15 18:44:55,060 : AssetManager : Registering Asset: hc_super_gun_1_2, File: hc_super_gun_1_2.gif, Default Group: default, Final Config: {'load': 'preload', 'file': 'E:\\MPF\\wows\\wows\\images\\hc_super_gun_1_2.gif'}
2023-01-15 18:44:55,060 : AssetManager : Registering Asset: hc_super_gun_2, File: hc_super_gun_2.gif, Default Group: default, Final Config: {'load': 'preload', 'file': 'E:\\MPF\\wows\\wows\\images\\hc_super_gun_2.gif'}
2023-01-15 18:44:55,060 : AssetManager : Registering Asset: hydro_icon, File: hydro_icon.png, Default Group: default, Final Config: {'load': 'preload', 'file': 'E:\\MPF\\wows\\wows\\images\\hydro_icon.png'}
2023-01-15 18:44:55,060 : AssetManager : Registering Asset: JACKPOT, File: JACKPOT.png, Default Group: default, Final Config: {'load': 'preload', 'file': 'E:\\MPF\\wows\\wows\\images\\JACKPOT.png'}
2023-01-15 18:44:55,060 : AssetManager : Registering Asset: kozep_agyu, File: kozep_agyu.gif, Default Group: default, Final Config: {'load': 'preload', 'file': 'E:\\MPF\\wows\\wows\\images\\kozep_agyu.gif'}
2023-01-15 18:44:55,060 : AssetManager : Registering Asset: kozep_agyu_2, File: kozep_agyu_2.gif, Default Group: default, Final Config: {'load': 'preload', 'file': 'E:\\MPF\\wows\\wows\\images\\kozep_agyu_2.gif'}
2023-01-15 18:44:55,060 : AssetManager : Registering Asset: kozep_agyu_marad, File: kozep_agyu_marad.png, Default Group: default, Final Config: {'load': 'preload', 'file': 'E:\\MPF\\wows\\wows\\images\\kozep_agyu_marad.png'}
2023-01-15 18:44:55,060 : AssetManager : Registering Asset: kozep_agyu_marad_2, File: kozep_agyu_marad_2.png, Default Group: default, Final Config: {'load': 'preload', 'file': 'E:\\MPF\\wows\\wows\\images\\kozep_agyu_marad_2.png'}
2023-01-15 18:44:55,060 : AssetManager : Registering Asset: kozep_felepitmeny, File: kozep_felepitmeny.gif, Default Group: default, Final Config: {'load': 'preload', 'file': 'E:\\MPF\\wows\\wows\\images\\kozep_felepitmeny.gif'}
2023-01-15 18:44:55,060 : AssetManager : Registering Asset: kozep_felepitmeny_2, File: kozep_felepitmeny_2.gif, Default Group: default, Final Config: {'load': 'preload', 'file': 'E:\\MPF\\wows\\wows\\images\\kozep_felepitmeny_2.gif'}
2023-01-15 18:44:55,060 : AssetManager : Registering Asset: kozep_hajotest, File: kozep_hajotest.png, Default Group: default, Final Config: {'load': 'preload', 'file': 'E:\\MPF\\wows\\wows\\images\\kozep_hajotest.png'}
2023-01-15 18:44:55,060 : AssetManager : Registering Asset: kozep_hajotest_2, File: kozep_hajotest_2.png, Default Group: default, Final Config: {'load': 'preload', 'file': 'E:\\MPF\\wows\\wows\\images\\kozep_hajotest_2.png'}
2023-01-15 18:44:55,060 : AssetManager : Registering Asset: kozep_izzo, File: kozep_izzo.gif, Default Group: default, Final Config: {'load': 'preload', 'file': 'E:\\MPF\\wows\\wows\\images\\kozep_izzo.gif'}
2023-01-15 18:44:55,060 : AssetManager : Registering Asset: kozep_izzo_2, File: kozep_izzo_2.gif, Default Group: default, Final Config: {'load': 'preload', 'file': 'E:\\MPF\\wows\\wows\\images\\kozep_izzo_2.gif'}
2023-01-15 18:44:55,061 : AssetManager : Registering Asset: kozep_muzzle_flash, File: kozep_muzzle_flash.gif, Default Group: default, Final Config: {'load': 'preload', 'file': 'E:\\MPF\\wows\\wows\\images\\kozep_muzzle_flash.gif'}
2023-01-15 18:44:55,061 : AssetManager : Registering Asset: kozep_muzzle_flash_2, File: kozep_muzzle_flash_2.gif, Default Group: default, Final Config: {'load': 'preload', 'file': 'E:\\MPF\\wows\\wows\\images\\kozep_muzzle_flash_2.gif'}
2023-01-15 18:44:55,061 : AssetManager : Registering Asset: kulso_agyu, File: kulso_agyu.gif, Default Group: default, Final Config: {'load': 'preload', 'file': 'E:\\MPF\\wows\\wows\\images\\kulso_agyu.gif'}
2023-01-15 18:44:55,061 : AssetManager : Registering Asset: kulso_agyu_2, File: kulso_agyu_2.gif, Default Group: default, Final Config: {'load': 'preload', 'file': 'E:\\MPF\\wows\\wows\\images\\kulso_agyu_2.gif'}
2023-01-15 18:44:55,061 : AssetManager : Registering Asset: kulso_agyu_marad, File: kulso_agyu_marad.png, Default Group: default, Final Config: {'load': 'preload', 'file': 'E:\\MPF\\wows\\wows\\images\\kulso_agyu_marad.png'}
2023-01-15 18:44:55,061 : AssetManager : Registering Asset: kulso_agyu_marad_2, File: kulso_agyu_marad_2.png, Default Group: default, Final Config: {'load': 'preload', 'file': 'E:\\MPF\\wows\\wows\\images\\kulso_agyu_marad_2.png'}
2023-01-15 18:44:55,061 : AssetManager : Registering Asset: kulso_felepitmeny, File: kulso_felepitmeny.gif, Default Group: default, Final Config: {'load': 'preload', 'file': 'E:\\MPF\\wows\\wows\\images\\kulso_felepitmeny.gif'}
2023-01-15 18:44:55,061 : AssetManager : Registering Asset: kulso_felepitmeny_2, File: kulso_felepitmeny_2.gif, Default Group: default, Final Config: {'load': 'preload', 'file': 'E:\\MPF\\wows\\wows\\images\\kulso_felepitmeny_2.gif'}
2023-01-15 18:44:55,061 : AssetManager : Registering Asset: kulso_hajotest, File: kulso_hajotest.png, Default Group: default, Final Config: {'load': 'preload', 'file': 'E:\\MPF\\wows\\wows\\images\\kulso_hajotest.png'}
2023-01-15 18:44:55,061 : AssetManager : Registering Asset: kulso_hajotest_2, File: kulso_hajotest_2.png, Default Group: default, Final Config: {'load': 'preload', 'file': 'E:\\MPF\\wows\\wows\\images\\kulso_hajotest_2.png'}
2023-01-15 18:44:55,061 : AssetManager : Registering Asset: kulso_hatso_agyu, File: kulso_hatso_agyu.png, Default Group: default, Final Config: {'load': 'preload', 'file': 'E:\\MPF\\wows\\wows\\images\\kulso_hatso_agyu.png'}
2023-01-15 18:44:55,061 : AssetManager : Registering Asset: kulso_hatso_agyu_2, File: kulso_hatso_agyu_2.png, Default Group: default, Final Config: {'load': 'preload', 'file': 'E:\\MPF\\wows\\wows\\images\\kulso_hatso_agyu_2.png'}
2023-01-15 18:44:55,061 : AssetManager : Registering Asset: kulso_izzo, File: kulso_izzo.gif, Default Group: default, Final Config: {'load': 'preload', 'file': 'E:\\MPF\\wows\\wows\\images\\kulso_izzo.gif'}
2023-01-15 18:44:55,062 : AssetManager : Registering Asset: kulso_izzo_2, File: kulso_izzo_2.gif, Default Group: default, Final Config: {'load': 'preload', 'file': 'E:\\MPF\\wows\\wows\\images\\kulso_izzo_2.gif'}
2023-01-15 18:44:55,062 : AssetManager : Registering Asset: kulso_muzzle_flash, File: kulso_muzzle_flash.gif, Default Group: default, Final Config: {'load': 'preload', 'file': 'E:\\MPF\\wows\\wows\\images\\kulso_muzzle_flash.gif'}
2023-01-15 18:44:55,062 : AssetManager : Registering Asset: kulso_muzzle_flash_2, File: kulso_muzzle_flash_2.gif, Default Group: default, Final Config: {'load': 'preload', 'file': 'E:\\MPF\\wows\\wows\\images\\kulso_muzzle_flash_2.gif'}
2023-01-15 18:44:55,062 : AssetManager : Registering Asset: main_icon, File: main_icon.png, Default Group: default, Final Config: {'load': 'preload', 'file': 'E:\\MPF\\wows\\wows\\images\\main_icon.png'}
2023-01-15 18:44:55,062 : AssetManager : Registering Asset: match, File: match.png, Default Group: default, Final Config: {'load': 'preload', 'file': 'E:\\MPF\\wows\\wows\\images\\match.png'}
2023-01-15 18:44:55,062 : AssetManager : Registering Asset: match_explosion, File: match_explosion.gif, Default Group: default, Final Config: {'load': 'preload', 'file': 'E:\\MPF\\wows\\wows\\images\\match_explosion.gif'}
2023-01-15 18:44:55,062 : AssetManager : Registering Asset: match_ship, File: match_ship.png, Default Group: default, Final Config: {'load': 'preload', 'file': 'E:\\MPF\\wows\\wows\\images\\match_ship.png'}
2023-01-15 18:44:55,062 : AssetManager : Registering Asset: medals, File: medals.png, Default Group: default, Final Config: {'load': 'preload', 'file': 'E:\\MPF\\wows\\wows\\images\\medals.png'}
2023-01-15 18:44:55,062 : AssetManager : Registering Asset: medals_back, File: medals_back.png, Default Group: default, Final Config: {'load': 'preload', 'file': 'E:\\MPF\\wows\\wows\\images\\medals_back.png'}
2023-01-15 18:44:55,062 : AssetManager : Registering Asset: mode_10_completed, File: mode_10_completed.gif, Default Group: default, Final Config: {'load': 'preload', 'file': 'E:\\MPF\\wows\\wows\\images\\mode_10_completed.gif'}
2023-01-15 18:44:55,062 : AssetManager : Registering Asset: mode_10_desc, File: mode_10_desc.gif, Default Group: default, Final Config: {'load': 'preload', 'file': 'E:\\MPF\\wows\\wows\\images\\mode_10_desc.gif'}
2023-01-15 18:44:55,062 : AssetManager : Registering Asset: mode_10_desc_rev, File: mode_10_desc_rev.gif, Default Group: default, Final Config: {'load': 'preload', 'file': 'E:\\MPF\\wows\\wows\\images\\mode_10_desc_rev.gif'}
2023-01-15 18:44:55,062 : AssetManager : Registering Asset: mode_10_desc_still, File: mode_10_desc_still.png, Default Group: default, Final Config: {'load': 'preload', 'file': 'E:\\MPF\\wows\\wows\\images\\mode_10_desc_still.png'}
2023-01-15 18:44:55,063 : AssetManager : Registering Asset: mode_10_progress, File: mode_10_progress.gif, Default Group: default, Final Config: {'load': 'preload', 'file': 'E:\\MPF\\wows\\wows\\images\\mode_10_progress.gif'}
2023-01-15 18:44:55,063 : AssetManager : Registering Asset: mode_10_start, File: mode_10_start.gif, Default Group: default, Final Config: {'load': 'preload', 'file': 'E:\\MPF\\wows\\wows\\images\\mode_10_start.gif'}
2023-01-15 18:44:55,063 : AssetManager : Registering Asset: mode_10_start_text, File: mode_10_start_text.png, Default Group: default, Final Config: {'load': 'preload', 'file': 'E:\\MPF\\wows\\wows\\images\\mode_10_start_text.png'}
2023-01-15 18:44:55,063 : AssetManager : Registering Asset: mode_1_completed, File: mode_1_completed.gif, Default Group: default, Final Config: {'load': 'preload', 'file': 'E:\\MPF\\wows\\wows\\images\\mode_1_completed.gif'}
2023-01-15 18:44:55,063 : AssetManager : Registering Asset: mode_1_desc, File: mode_1_desc.gif, Default Group: default, Final Config: {'load': 'preload', 'file': 'E:\\MPF\\wows\\wows\\images\\mode_1_desc.gif'}
2023-01-15 18:44:55,063 : AssetManager : Registering Asset: mode_1_desc_rev, File: mode_1_desc_rev.gif, Default Group: default, Final Config: {'load': 'preload', 'file': 'E:\\MPF\\wows\\wows\\images\\mode_1_desc_rev.gif'}
2023-01-15 18:44:55,063 : AssetManager : Registering Asset: mode_1_desc_still, File: mode_1_desc_still.png, Default Group: default, Final Config: {'load': 'preload', 'file': 'E:\\MPF\\wows\\wows\\images\\mode_1_desc_still.png'}
2023-01-15 18:44:55,063 : AssetManager : Registering Asset: mode_1_progress, File: mode_1_progress.gif, Default Group: default, Final Config: {'load': 'preload', 'file': 'E:\\MPF\\wows\\wows\\images\\mode_1_progress.gif'}
2023-01-15 18:44:55,063 : AssetManager : Registering Asset: mode_1_start, File: mode_1_start.gif, Default Group: default, Final Config: {'load': 'preload', 'file': 'E:\\MPF\\wows\\wows\\images\\mode_1_start.gif'}
2023-01-15 18:44:55,063 : AssetManager : Registering Asset: mode_1_start_text, File: mode_1_start_text.png, Default Group: default, Final Config: {'load': 'preload', 'file': 'E:\\MPF\\wows\\wows\\images\\mode_1_start_text.png'}
2023-01-15 18:44:55,064 : AssetManager : Registering Asset: mode_2_completed, File: mode_2_completed.gif, Default Group: default, Final Config: {'load': 'preload', 'file': 'E:\\MPF\\wows\\wows\\images\\mode_2_completed.gif'}
2023-01-15 18:44:55,064 : AssetManager : Registering Asset: mode_2_desc_rev, File: mode_2_desc_rev.gif, Default Group: default, Final Config: {'load': 'preload', 'file': 'E:\\MPF\\wows\\wows\\images\\mode_2_desc_rev.gif'}
2023-01-15 18:44:55,064 : AssetManager : Registering Asset: mode_2_desc_still, File: mode_2_desc_still.png, Default Group: default, Final Config: {'load': 'preload', 'file': 'E:\\MPF\\wows\\wows\\images\\mode_2_desc_still.png'}
2023-01-15 18:44:55,064 : AssetManager : Registering Asset: mode_2_progress, File: mode_2_progress.gif, Default Group: default, Final Config: {'load': 'preload', 'file': 'E:\\MPF\\wows\\wows\\images\\mode_2_progress.gif'}
2023-01-15 18:44:55,064 : AssetManager : Registering Asset: mode_2_start, File: mode_2_start.gif, Default Group: default, Final Config: {'load': 'preload', 'file': 'E:\\MPF\\wows\\wows\\images\\mode_2_start.gif'}
2023-01-15 18:44:55,064 : AssetManager : Registering Asset: mode_2_start_text, File: mode_2_start_text.png, Default Group: default, Final Config: {'load': 'preload', 'file': 'E:\\MPF\\wows\\wows\\images\\mode_2_start_text.png'}
2023-01-15 18:44:55,064 : AssetManager : Registering Asset: mode_3_completed, File: mode_3_completed.gif, Default Group: default, Final Config: {'load': 'preload', 'file': 'E:\\MPF\\wows\\wows\\images\\mode_3_completed.gif'}
2023-01-15 18:44:55,064 : AssetManager : Registering Asset: mode_3_desc_rev, File: mode_3_desc_rev.gif, Default Group: default, Final Config: {'load': 'preload', 'file': 'E:\\MPF\\wows\\wows\\images\\mode_3_desc_rev.gif'}
2023-01-15 18:44:55,064 : AssetManager : Registering Asset: mode_3_desc_still, File: mode_3_desc_still.png, Default Group: default, Final Config: {'load': 'preload', 'file': 'E:\\MPF\\wows\\wows\\images\\mode_3_desc_still.png'}
2023-01-15 18:44:55,064 : AssetManager : Registering Asset: mode_3_progress, File: mode_3_progress.gif, Default Group: default, Final Config: {'load': 'preload', 'file': 'E:\\MPF\\wows\\wows\\images\\mode_3_progress.gif'}
2023-01-15 18:44:55,064 : AssetManager : Registering Asset: mode_3_start, File: mode_3_start.gif, Default Group: default, Final Config: {'load': 'preload', 'file': 'E:\\MPF\\wows\\wows\\images\\mode_3_start.gif'}
2023-01-15 18:44:55,064 : AssetManager : Registering Asset: mode_3_start_text, File: mode_3_start_text.png, Default Group: default, Final Config: {'load': 'preload', 'file': 'E:\\MPF\\wows\\wows\\images\\mode_3_start_text.png'}
2023-01-15 18:44:55,064 : AssetManager : Registering Asset: mode_4_completed, File: mode_4_completed.gif, Default Group: default, Final Config: {'load': 'preload', 'file': 'E:\\MPF\\wows\\wows\\images\\mode_4_completed.gif'}
2023-01-15 18:44:55,065 : AssetManager : Registering Asset: mode_4_desc_rev, File: mode_4_desc_rev.gif, Default Group: default, Final Config: {'load': 'preload', 'file': 'E:\\MPF\\wows\\wows\\images\\mode_4_desc_rev.gif'}
2023-01-15 18:44:55,065 : AssetManager : Registering Asset: mode_4_desc_still, File: mode_4_desc_still.png, Default Group: default, Final Config: {'load': 'preload', 'file': 'E:\\MPF\\wows\\wows\\images\\mode_4_desc_still.png'}
2023-01-15 18:44:55,065 : AssetManager : Registering Asset: mode_4_progress, File: mode_4_progress.gif, Default Group: default, Final Config: {'load': 'preload', 'file': 'E:\\MPF\\wows\\wows\\images\\mode_4_progress.gif'}
2023-01-15 18:44:55,065 : AssetManager : Registering Asset: mode_4_start, File: mode_4_start.gif, Default Group: default, Final Config: {'load': 'preload', 'file': 'E:\\MPF\\wows\\wows\\images\\mode_4_start.gif'}
2023-01-15 18:44:55,065 : AssetManager : Registering Asset: mode_4_start_text, File: mode_4_start_text.png, Default Group: default, Final Config: {'load': 'preload', 'file': 'E:\\MPF\\wows\\wows\\images\\mode_4_start_text.png'}
2023-01-15 18:44:55,065 : AssetManager : Registering Asset: mode_5_completed, File: mode_5_completed.gif, Default Group: default, Final Config: {'load': 'preload', 'file': 'E:\\MPF\\wows\\wows\\images\\mode_5_completed.gif'}
2023-01-15 18:44:55,065 : AssetManager : Registering Asset: mode_5_desc_rev, File: mode_5_desc_rev.gif, Default Group: default, Final Config: {'load': 'preload', 'file': 'E:\\MPF\\wows\\wows\\images\\mode_5_desc_rev.gif'}
2023-01-15 18:44:55,065 : AssetManager : Registering Asset: mode_5_desc_still, File: mode_5_desc_still.png, Default Group: default, Final Config: {'load': 'preload', 'file': 'E:\\MPF\\wows\\wows\\images\\mode_5_desc_still.png'}
2023-01-15 18:44:55,065 : AssetManager : Registering Asset: mode_5_progress, File: mode_5_progress.gif, Default Group: default, Final Config: {'load': 'preload', 'file': 'E:\\MPF\\wows\\wows\\images\\mode_5_progress.gif'}
2023-01-15 18:44:55,065 : AssetManager : Registering Asset: mode_5_start, File: mode_5_start.gif, Default Group: default, Final Config: {'load': 'preload', 'file': 'E:\\MPF\\wows\\wows\\images\\mode_5_start.gif'}
2023-01-15 18:44:55,065 : AssetManager : Registering Asset: mode_5_start_text, File: mode_5_start_text.png, Default Group: default, Final Config: {'load': 'preload', 'file': 'E:\\MPF\\wows\\wows\\images\\mode_5_start_text.png'}
2023-01-15 18:44:55,065 : AssetManager : Registering Asset: mode_6_completed, File: mode_6_completed.gif, Default Group: default, Final Config: {'load': 'preload', 'file': 'E:\\MPF\\wows\\wows\\images\\mode_6_completed.gif'}
2023-01-15 18:44:55,065 : AssetManager : Registering Asset: mode_6_desc_rev, File: mode_6_desc_rev.gif, Default Group: default, Final Config: {'load': 'preload', 'file': 'E:\\MPF\\wows\\wows\\images\\mode_6_desc_rev.gif'}
2023-01-15 18:44:55,066 : AssetManager : Registering Asset: mode_6_desc_still, File: mode_6_desc_still.png, Default Group: default, Final Config: {'load': 'preload', 'file': 'E:\\MPF\\wows\\wows\\images\\mode_6_desc_still.png'}
2023-01-15 18:44:55,066 : AssetManager : Registering Asset: mode_6_progress, File: mode_6_progress.gif, Default Group: default, Final Config: {'load': 'preload', 'file': 'E:\\MPF\\wows\\wows\\images\\mode_6_progress.gif'}
2023-01-15 18:44:55,066 : AssetManager : Registering Asset: mode_6_start, File: mode_6_start.gif, Default Group: default, Final Config: {'load': 'preload', 'file': 'E:\\MPF\\wows\\wows\\images\\mode_6_start.gif'}
2023-01-15 18:44:55,066 : AssetManager : Registering Asset: mode_6_start_text, File: mode_6_start_text.png, Default Group: default, Final Config: {'load': 'preload', 'file': 'E:\\MPF\\wows\\wows\\images\\mode_6_start_text.png'}
2023-01-15 18:44:55,066 : AssetManager : Registering Asset: mode_7_completed, File: mode_7_completed.gif, Default Group: default, Final Config: {'load': 'preload', 'file': 'E:\\MPF\\wows\\wows\\images\\mode_7_completed.gif'}
2023-01-15 18:44:55,066 : AssetManager : Registering Asset: mode_7_desc_rev, File: mode_7_desc_rev.gif, Default Group: default, Final Config: {'load': 'preload', 'file': 'E:\\MPF\\wows\\wows\\images\\mode_7_desc_rev.gif'}
2023-01-15 18:44:55,066 : AssetManager : Registering Asset: mode_7_desc_still, File: mode_7_desc_still.png, Default Group: default, Final Config: {'load': 'preload', 'file': 'E:\\MPF\\wows\\wows\\images\\mode_7_desc_still.png'}
2023-01-15 18:44:55,066 : AssetManager : Registering Asset: mode_7_progress, File: mode_7_progress.gif, Default Group: default, Final Config: {'load': 'preload', 'file': 'E:\\MPF\\wows\\wows\\images\\mode_7_progress.gif'}
2023-01-15 18:44:55,066 : AssetManager : Registering Asset: mode_7_start, File: mode_7_start.gif, Default Group: default, Final Config: {'load': 'preload', 'file': 'E:\\MPF\\wows\\wows\\images\\mode_7_start.gif'}
2023-01-15 18:44:55,066 : AssetManager : Registering Asset: mode_7_start_text, File: mode_7_start_text.png, Default Group: default, Final Config: {'load': 'preload', 'file': 'E:\\MPF\\wows\\wows\\images\\mode_7_start_text.png'}
2023-01-15 18:44:55,066 : AssetManager : Registering Asset: mode_8_completed, File: mode_8_completed.gif, Default Group: default, Final Config: {'load': 'preload', 'file': 'E:\\MPF\\wows\\wows\\images\\mode_8_completed.gif'}
2023-01-15 18:44:55,066 : AssetManager : Registering Asset: mode_8_desc_rev, File: mode_8_desc_rev.gif, Default Group: default, Final Config: {'load': 'preload', 'file': 'E:\\MPF\\wows\\wows\\images\\mode_8_desc_rev.gif'}
2023-01-15 18:44:55,066 : AssetManager : Registering Asset: mode_8_desc_still, File: mode_8_desc_still.png, Default Group: default, Final Config: {'load': 'preload', 'file': 'E:\\MPF\\wows\\wows\\images\\mode_8_desc_still.png'}
2023-01-15 18:44:55,067 : AssetManager : Registering Asset: mode_8_progress, File: mode_8_progress.gif, Default Group: default, Final Config: {'load': 'preload', 'file': 'E:\\MPF\\wows\\wows\\images\\mode_8_progress.gif'}
2023-01-15 18:44:55,067 : AssetManager : Registering Asset: mode_8_start, File: mode_8_start.gif, Default Group: default, Final Config: {'load': 'preload', 'file': 'E:\\MPF\\wows\\wows\\images\\mode_8_start.gif'}
2023-01-15 18:44:55,067 : AssetManager : Registering Asset: mode_8_start_text, File: mode_8_start_text.png, Default Group: default, Final Config: {'load': 'preload', 'file': 'E:\\MPF\\wows\\wows\\images\\mode_8_start_text.png'}
2023-01-15 18:44:55,067 : AssetManager : Registering Asset: mode_9_completed, File: mode_9_completed.gif, Default Group: default, Final Config: {'load': 'preload', 'file': 'E:\\MPF\\wows\\wows\\images\\mode_9_completed.gif'}
2023-01-15 18:44:55,067 : AssetManager : Registering Asset: mode_9_desc_rev, File: mode_9_desc_rev.gif, Default Group: default, Final Config: {'load': 'preload', 'file': 'E:\\MPF\\wows\\wows\\images\\mode_9_desc_rev.gif'}
2023-01-15 18:44:55,067 : AssetManager : Registering Asset: mode_9_desc_still, File: mode_9_desc_still.png, Default Group: default, Final Config: {'load': 'preload', 'file': 'E:\\MPF\\wows\\wows\\images\\mode_9_desc_still.png'}
2023-01-15 18:44:55,067 : AssetManager : Registering Asset: mode_9_progress, File: mode_9_progress.gif, Default Group: default, Final Config: {'load': 'preload', 'file': 'E:\\MPF\\wows\\wows\\images\\mode_9_progress.gif'}
2023-01-15 18:44:55,067 : AssetManager : Registering Asset: mode_9_start, File: mode_9_start.gif, Default Group: default, Final Config: {'load': 'preload', 'file': 'E:\\MPF\\wows\\wows\\images\\mode_9_start.gif'}
2023-01-15 18:44:55,067 : AssetManager : Registering Asset: mode_9_start_text, File: mode_9_start_text.png, Default Group: default, Final Config: {'load': 'preload', 'file': 'E:\\MPF\\wows\\wows\\images\\mode_9_start_text.png'}
2023-01-15 18:44:55,067 : AssetManager : Registering Asset: module_engine, File: module_engine.png, Default Group: default, Final Config: {'load': 'preload', 'file': 'E:\\MPF\\wows\\wows\\images\\module_engine.png'}
2023-01-15 18:44:55,067 : AssetManager : Registering Asset: module_fire, File: module_fire.png, Default Group: default, Final Config: {'load': 'preload', 'file': 'E:\\MPF\\wows\\wows\\images\\module_fire.png'}
2023-01-15 18:44:55,067 : AssetManager : Registering Asset: module_main_battery, File: module_main_battery.png, Default Group: default, Final Config: {'load': 'preload', 'file': 'E:\\MPF\\wows\\wows\\images\\module_main_battery.png'}
2023-01-15 18:44:55,068 : AssetManager : Registering Asset: module_steering_gear, File: module_steering_gear.png, Default Group: default, Final Config: {'load': 'preload', 'file': 'E:\\MPF\\wows\\wows\\images\\module_steering_gear.png'}
2023-01-15 18:44:55,068 : AssetManager : Registering Asset: module_torpedo, File: module_torpedo.png, Default Group: default, Final Config: {'load': 'preload', 'file': 'E:\\MPF\\wows\\wows\\images\\module_torpedo.png'}
2023-01-15 18:44:55,068 : AssetManager : Registering Asset: m_conf, File: m_conf.png, Default Group: default, Final Config: {'load': 'preload', 'file': 'E:\\MPF\\wows\\wows\\images\\m_conf.png'}
2023-01-15 18:44:55,068 : AssetManager : Registering Asset: m_dread, File: m_dread.png, Default Group: default, Final Config: {'load': 'preload', 'file': 'E:\\MPF\\wows\\wows\\images\\m_dread.png'}
2023-01-15 18:44:55,068 : AssetManager : Registering Asset: m_hc, File: m_hc.png, Default Group: default, Final Config: {'load': 'preload', 'file': 'E:\\MPF\\wows\\wows\\images\\m_hc.png'}
2023-01-15 18:44:55,068 : AssetManager : Registering Asset: m_krakken, File: m_krakken.png, Default Group: default, Final Config: {'load': 'preload', 'file': 'E:\\MPF\\wows\\wows\\images\\m_krakken.png'}
2023-01-15 18:44:55,068 : AssetManager : Registering Asset: m_witherer, File: m_witherer.png, Default Group: default, Final Config: {'load': 'preload', 'file': 'E:\\MPF\\wows\\wows\\images\\m_witherer.png'}
2023-01-15 18:44:55,068 : AssetManager : Registering Asset: obtained, File: obtained.png, Default Group: default, Final Config: {'load': 'preload', 'file': 'E:\\MPF\\wows\\wows\\images\\obtained.png'}
2023-01-15 18:44:55,068 : AssetManager : Registering Asset: penetration, File: penetration.gif, Default Group: default, Final Config: {'load': 'preload', 'file': 'E:\\MPF\\wows\\wows\\images\\penetration.gif'}
2023-01-15 18:44:55,068 : AssetManager : Registering Asset: penetration_fast, File: penetration_fast.gif, Default Group: default, Final Config: {'load': 'preload', 'file': 'E:\\MPF\\wows\\wows\\images\\penetration_fast.gif'}
2023-01-15 18:44:55,068 : AssetManager : Registering Asset: penetration_still, File: penetration_still.png, Default Group: default, Final Config: {'load': 'preload', 'file': 'E:\\MPF\\wows\\wows\\images\\penetration_still.png'}
2023-01-15 18:44:55,069 : AssetManager : Registering Asset: radar_icon, File: radar_icon.png, Default Group: default, Final Config: {'load': 'preload', 'file': 'E:\\MPF\\wows\\wows\\images\\radar_icon.png'}
2023-01-15 18:44:55,069 : AssetManager : Registering Asset: repair_party_icon, File: repair_party_icon.png, Default Group: default, Final Config: {'load': 'preload', 'file': 'E:\\MPF\\wows\\wows\\images\\repair_party_icon.png'}
2023-01-15 18:44:55,069 : AssetManager : Registering Asset: sec_ap_1_shell, File: sec_ap_1_shell.gif, Default Group: default, Final Config: {'load': 'preload', 'file': 'E:\\MPF\\wows\\wows\\images\\sec_ap_1_shell.gif'}
2023-01-15 18:44:55,069 : AssetManager : Registering Asset: sec_ap_1_shell_2, File: sec_ap_1_shell_2.gif, Default Group: default, Final Config: {'load': 'preload', 'file': 'E:\\MPF\\wows\\wows\\images\\sec_ap_1_shell_2.gif'}
2023-01-15 18:44:55,069 : AssetManager : Registering Asset: sec_ap_2_shell, File: sec_ap_2_shell.gif, Default Group: default, Final Config: {'load': 'preload', 'file': 'E:\\MPF\\wows\\wows\\images\\sec_ap_2_shell.gif'}
2023-01-15 18:44:55,069 : AssetManager : Registering Asset: sec_ap_2_shell_2, File: sec_ap_2_shell_2.gif, Default Group: default, Final Config: {'load': 'preload', 'file': 'E:\\MPF\\wows\\wows\\images\\sec_ap_2_shell_2.gif'}
2023-01-15 18:44:55,069 : AssetManager : Registering Asset: sec_he_1_shell, File: sec_he_1_shell.gif, Default Group: default, Final Config: {'load': 'preload', 'file': 'E:\\MPF\\wows\\wows\\images\\sec_he_1_shell.gif'}
2023-01-15 18:44:55,069 : AssetManager : Registering Asset: sec_he_1_shell_2, File: sec_he_1_shell_2.gif, Default Group: default, Final Config: {'load': 'preload', 'file': 'E:\\MPF\\wows\\wows\\images\\sec_he_1_shell_2.gif'}
2023-01-15 18:44:55,069 : AssetManager : Registering Asset: sec_he_2_shell, File: sec_he_2_shell.gif, Default Group: default, Final Config: {'load': 'preload', 'file': 'E:\\MPF\\wows\\wows\\images\\sec_he_2_shell.gif'}
2023-01-15 18:44:55,069 : AssetManager : Registering Asset: sec_he_2_shell_2, File: sec_he_2_shell_2.gif, Default Group: default, Final Config: {'load': 'preload', 'file': 'E:\\MPF\\wows\\wows\\images\\sec_he_2_shell_2.gif'}
2023-01-15 18:44:55,069 : AssetManager : Registering Asset: shell, File: shell.gif, Default Group: default, Final Config: {'load': 'preload', 'file': 'E:\\MPF\\wows\\wows\\images\\shell.gif'}
2023-01-15 18:44:55,069 : AssetManager : Registering Asset: shell_2, File: shell_2.gif, Default Group: default, Final Config: {'load': 'preload', 'file': 'E:\\MPF\\wows\\wows\\images\\shell_2.gif'}
2023-01-15 18:44:55,070 : AssetManager : Registering Asset: shell_double, File: shell_double.gif, Default Group: default, Final Config: {'load': 'preload', 'file': 'E:\\MPF\\wows\\wows\\images\\shell_double.gif'}
2023-01-15 18:44:55,070 : AssetManager : Registering Asset: shell_double_2, File: shell_double_2.gif, Default Group: default, Final Config: {'load': 'preload', 'file': 'E:\\MPF\\wows\\wows\\images\\shell_double_2.gif'}
2023-01-15 18:44:55,070 : AssetManager : Registering Asset: shell_triple, File: shell_triple.gif, Default Group: default, Final Config: {'load': 'preload', 'file': 'E:\\MPF\\wows\\wows\\images\\shell_triple.gif'}
2023-01-15 18:44:55,070 : AssetManager : Registering Asset: shell_triple_2, File: shell_triple_2.gif, Default Group: default, Final Config: {'load': 'preload', 'file': 'E:\\MPF\\wows\\wows\\images\\shell_triple_2.gif'}
2023-01-15 18:44:55,070 : AssetManager : Registering Asset: shimakaze, File: shimakaze.png, Default Group: default, Final Config: {'load': 'preload', 'file': 'E:\\MPF\\wows\\wows\\images\\shimakaze.png'}
2023-01-15 18:44:55,070 : AssetManager : Registering Asset: shimakaze2, File: shimakaze2.jpg, Default Group: default, Final Config: {'load': 'preload', 'file': 'E:\\MPF\\wows\\wows\\images\\shimakaze2.jpg'}
2023-01-15 18:44:55,070 : AssetManager : Registering Asset: skillshot_1, File: skillshot_1.png, Default Group: default, Final Config: {'load': 'preload', 'file': 'E:\\MPF\\wows\\wows\\images\\skillshot_1.png'}
2023-01-15 18:44:55,070 : AssetManager : Registering Asset: skillshot_2, File: skillshot_2.png, Default Group: default, Final Config: {'load': 'preload', 'file': 'E:\\MPF\\wows\\wows\\images\\skillshot_2.png'}
2023-01-15 18:44:55,070 : AssetManager : Registering Asset: skillshot_3, File: skillshot_3.png, Default Group: default, Final Config: {'load': 'preload', 'file': 'E:\\MPF\\wows\\wows\\images\\skillshot_3.png'}
2023-01-15 18:44:55,070 : AssetManager : Registering Asset: skillshot_4, File: skillshot_4.png, Default Group: default, Final Config: {'load': 'preload', 'file': 'E:\\MPF\\wows\\wows\\images\\skillshot_4.png'}
2023-01-15 18:44:55,070 : AssetManager : Registering Asset: skillshot_5, File: skillshot_5.png, Default Group: default, Final Config: {'load': 'preload', 'file': 'E:\\MPF\\wows\\wows\\images\\skillshot_5.png'}
2023-01-15 18:44:55,070 : AssetManager : Registering Asset: skillshot_locked, File: skillshot_locked.png, Default Group: default, Final Config: {'load': 'preload', 'file': 'E:\\MPF\\wows\\wows\\images\\skillshot_locked.png'}
2023-01-15 18:44:55,071 : AssetManager : Registering Asset: small_explosion, File: small_explosion.gif, Default Group: default, Final Config: {'load': 'preload', 'file': 'E:\\MPF\\wows\\wows\\images\\small_explosion.gif'}
2023-01-15 18:44:55,071 : AssetManager : Registering Asset: small_explosion_2, File: small_explosion_2.gif, Default Group: default, Final Config: {'load': 'preload', 'file': 'E:\\MPF\\wows\\wows\\images\\small_explosion_2.gif'}
2023-01-15 18:44:55,071 : AssetManager : Registering Asset: smokde_icon, File: smokde_icon.png, Default Group: default, Final Config: {'load': 'preload', 'file': 'E:\\MPF\\wows\\wows\\images\\smokde_icon.png'}
2023-01-15 18:44:55,071 : AssetManager : Registering Asset: stalingrad, File: stalingrad.png, Default Group: default, Final Config: {'load': 'preload', 'file': 'E:\\MPF\\wows\\wows\\images\\stalingrad.png'}
2023-01-15 18:44:55,071 : AssetManager : Registering Asset: stalingrad2, File: stalingrad2.jpg, Default Group: default, Final Config: {'load': 'preload', 'file': 'E:\\MPF\\wows\\wows\\images\\stalingrad2.jpg'}
2023-01-15 18:44:55,071 : AssetManager : Registering Asset: super, File: super.gif, Default Group: default, Final Config: {'load': 'preload', 'file': 'E:\\MPF\\wows\\wows\\images\\super.gif'}
2023-01-15 18:44:55,071 : AssetManager : Registering Asset: super_1_muzzle, File: super_1_muzzle.gif, Default Group: default, Final Config: {'load': 'preload', 'file': 'E:\\MPF\\wows\\wows\\images\\super_1_muzzle.gif'}
2023-01-15 18:44:55,071 : AssetManager : Registering Asset: super_2, File: super_2.gif, Default Group: default, Final Config: {'load': 'preload', 'file': 'E:\\MPF\\wows\\wows\\images\\super_2.gif'}
2023-01-15 18:44:55,071 : AssetManager : Registering Asset: super_2_muzzle, File: super_2_muzzle.gif, Default Group: default, Final Config: {'load': 'preload', 'file': 'E:\\MPF\\wows\\wows\\images\\super_2_muzzle.gif'}
2023-01-15 18:44:55,071 : AssetManager : Registering Asset: super_3_muzzle, File: super_3_muzzle.gif, Default Group: default, Final Config: {'load': 'preload', 'file': 'E:\\MPF\\wows\\wows\\images\\super_3_muzzle.gif'}
2023-01-15 18:44:55,071 : AssetManager : Registering Asset: take_dmg_explosion, File: take_dmg_explosion.gif, Default Group: default, Final Config: {'load': 'preload', 'file': 'E:\\MPF\\wows\\wows\\images\\take_dmg_explosion.gif'}
2023-01-15 18:44:55,072 : AssetManager : Registering Asset: take_dmg_ship, File: take_dmg_ship.png, Default Group: default, Final Config: {'load': 'preload', 'file': 'E:\\MPF\\wows\\wows\\images\\take_dmg_ship.png'}
2023-01-15 18:44:55,072 : AssetManager : Registering Asset: torpedo_icon, File: torpedo_icon.png, Default Group: default, Final Config: {'load': 'preload', 'file': 'E:\\MPF\\wows\\wows\\images\\torpedo_icon.png'}
2023-01-15 18:44:55,072 : AssetManager : Registering Asset: TRIPLE JACKPOT, File: TRIPLE JACKPOT.png, Default Group: default, Final Config: {'load': 'preload', 'file': 'E:\\MPF\\wows\\wows\\images\\TRIPLE JACKPOT.png'}
2023-01-15 18:44:55,072 : AssetManager : Registering Asset: venezia, File: venezia.png, Default Group: default, Final Config: {'load': 'preload', 'file': 'E:\\MPF\\wows\\wows\\images\\venezia.png'}
2023-01-15 18:44:55,072 : AssetManager : Registering Asset: wargaming_logo, File: wargaming_logo.png, Default Group: default, Final Config: {'load': 'preload', 'file': 'E:\\MPF\\wows\\wows\\images\\wargaming_logo.png'}
2023-01-15 18:44:55,072 : AssetManager : Registering Asset: wows_logo, File: wows_logo.png, Default Group: default, Final Config: {'load': 'preload', 'file': 'E:\\MPF\\wows\\wows\\images\\wows_logo.png'}
2023-01-15 18:44:55,072 : AssetManager : Registering Asset: yamato, File: yamato.png, Default Group: default, Final Config: {'load': 'preload', 'file': 'E:\\MPF\\wows\\wows\\images\\yamato.png'}
2023-01-15 18:44:55,081 : AssetManager : Registering Asset: battle, File: battle.wav, Default Group: music, Final Config: {'load': 'on_demand', 'track': 'music', 'file': 'E:\\MPF\\wows\\wows\\sounds\\music\\battle.wav'}
2023-01-15 18:44:55,081 : AssetManager : Registering Asset: defeat, File: defeat.wav, Default Group: music, Final Config: {'load': 'on_demand', 'track': 'music', 'file': 'E:\\MPF\\wows\\wows\\sounds\\music\\defeat.wav'}
2023-01-15 18:44:55,081 : AssetManager : Registering Asset: critical_dmg, File: critical_dmg.wav, Default Group: sfx, Final Config: {'load': 'on_demand', 'track': 'critical_dmg_track', 'simultaneous_limit': 1, 'ducking': {'target': 'music, voice, sfx', 'delay': 0, 'attack': '0.6 sec', 'attenuation': '-13db', 'release_point': '3 sec', 'release': '1 sec'}, 'file': 'E:\\MPF\\wows\\wows\\sounds\\sfx\\critical_dmg.wav'}
2023-01-15 18:44:55,081 : AssetManager : Registering Asset: enemy_shoot_19, File: enemy_shoot_19.wav, Default Group: sfx, Final Config: {'load': 'on_demand', 'track': 'sfx', 'simultaneous_limit': 1, 'volume': 0.9, 'file': 'E:\\MPF\\wows\\wows\\sounds\\sfx\\enemy_shoot_19.wav'}
2023-01-15 18:44:55,081 : AssetManager : Registering Asset: enemy_shoot_2, File: enemy_shoot_2.wav, Default Group: sfx, Final Config: {'load': 'on_demand', 'track': 'sfx', 'simultaneous_limit': 1, 'file': 'E:\\MPF\\wows\\wows\\sounds\\sfx\\enemy_shoot_2.wav'}
2023-01-15 18:44:55,081 : AssetManager : Registering Asset: enemy_shoot_22, File: enemy_shoot_22.wav, Default Group: sfx, Final Config: {'load': 'on_demand', 'track': 'sfx', 'simultaneous_limit': 1, 'file': 'E:\\MPF\\wows\\wows\\sounds\\sfx\\enemy_shoot_22.wav'}
2023-01-15 18:44:55,081 : AssetManager : Registering Asset: enemy_shoot_3, File: enemy_shoot_3.wav, Default Group: sfx, Final Config: {'load': 'on_demand', 'track': 'sfx', 'simultaneous_limit': 1, 'file': 'E:\\MPF\\wows\\wows\\sounds\\sfx\\enemy_shoot_3.wav'}
2023-01-15 18:44:55,082 : AssetManager : Registering Asset: enemy_shoot_4, File: enemy_shoot_4.wav, Default Group: sfx, Final Config: {'load': 'on_demand', 'track': 'sfx', 'simultaneous_limit': 1, 'file': 'E:\\MPF\\wows\\wows\\sounds\\sfx\\enemy_shoot_4.wav'}
2023-01-15 18:44:55,082 : AssetManager : Registering Asset: enemy_shoot_5, File: enemy_shoot_5.wav, Default Group: sfx, Final Config: {'load': 'on_demand', 'track': 'sfx', 'simultaneous_limit': 1, 'file': 'E:\\MPF\\wows\\wows\\sounds\\sfx\\enemy_shoot_5.wav'}
2023-01-15 18:44:55,082 : AssetManager : Registering Asset: far_explosion_1, File: far_explosion_1.wav, Default Group: sfx, Final Config: {'load': 'on_demand', 'track': 'sfx', 'simultaneous_limit': 1, 'volume': 0.9, 'file': 'E:\\MPF\\wows\\wows\\sounds\\sfx\\far_explosion_1.wav'}
2023-01-15 18:44:55,082 : AssetManager : Registering Asset: far_explosion_2, File: far_explosion_2.wav, Default Group: sfx, Final Config: {'load': 'on_demand', 'track': 'sfx', 'simultaneous_limit': 1, 'volume': 0.9, 'file': 'E:\\MPF\\wows\\wows\\sounds\\sfx\\far_explosion_2.wav'}
2023-01-15 18:44:55,082 : AssetManager : Registering Asset: far_explosion_3, File: far_explosion_3.wav, Default Group: sfx, Final Config: {'load': 'on_demand', 'track': 'sfx', 'simultaneous_limit': 1, 'volume': 0.9, 'file': 'E:\\MPF\\wows\\wows\\sounds\\sfx\\far_explosion_3.wav'}
2023-01-15 18:44:55,082 : AssetManager : Registering Asset: heavy_dmg, File: heavy_dmg.wav, Default Group: sfx, Final Config: {'load': 'on_demand', 'track': 'sfx', 'simultaneous_limit': 1, 'volume': 0.6, 'file': 'E:\\MPF\\wows\\wows\\sounds\\sfx\\heavy_dmg.wav'}
2023-01-15 18:44:55,082 : AssetManager : Registering Asset: ricochet_loud_7, File: ricochet_loud_7.wav, Default Group: sfx, Final Config: {'load': 'on_demand', 'track': 'sfx', 'simultaneous_limit': 1, 'volume': 0.9, 'file': 'E:\\MPF\\wows\\wows\\sounds\\sfx\\ricochet_loud_7.wav'}
2023-01-15 18:44:55,082 : AssetManager : Registering Asset: shell_arrive_2, File: shell_arrive_2.wav, Default Group: sfx, Final Config: {'load': 'on_demand', 'track': 'sfx', 'file': 'E:\\MPF\\wows\\wows\\sounds\\sfx\\shell_arrive_2.wav'}
2023-01-15 18:44:55,082 : AssetManager : Registering Asset: shell_arrive_5, File: shell_arrive_5.wav, Default Group: sfx, Final Config: {'load': 'on_demand', 'track': 'sfx', 'simultaneous_limit': 1, 'file': 'E:\\MPF\\wows\\wows\\sounds\\sfx\\shell_arrive_5.wav'}
2023-01-15 18:44:55,082 : AssetManager : Registering Asset: shell_arrive_8, File: shell_arrive_8.wav, Default Group: sfx, Final Config: {'load': 'on_demand', 'track': 'sfx', 'simultaneous_limit': 1, 'volume': 0.7, 'file': 'E:\\MPF\\wows\\wows\\sounds\\sfx\\shell_arrive_8.wav'}
2023-01-15 18:44:55,082 : AssetManager : Registering Asset: shell_exit_1, File: shell_exit_1.wav, Default Group: sfx, Final Config: {'load': 'on_demand', 'track': 'sfx', 'simultaneous_limit': 1, 'file': 'E:\\MPF\\wows\\wows\\sounds\\sfx\\shell_exit_1.wav'}
2023-01-15 18:44:55,082 : AssetManager : Registering Asset: shell_exit_3, File: shell_exit_3.wav, Default Group: sfx, Final Config: {'load': 'on_demand', 'track': 'sfx', 'simultaneous_limit': 1, 'file': 'E:\\MPF\\wows\\wows\\sounds\\sfx\\shell_exit_3.wav'}
2023-01-15 18:44:55,082 : AssetManager : Registering Asset: shoot_1, File: shoot_1.wav, Default Group: sfx, Final Config: {'load': 'on_demand', 'track': 'sfx', 'simultaneous_limit': 1, 'file': 'E:\\MPF\\wows\\wows\\sounds\\sfx\\shoot_1.wav'}
2023-01-15 18:44:55,082 : AssetManager : Registering Asset: shoot_16, File: shoot_16.wav, Default Group: sfx, Final Config: {'load': 'on_demand', 'track': 'sfx', 'simultaneous_limit': 1, 'file': 'E:\\MPF\\wows\\wows\\sounds\\sfx\\shoot_16.wav'}
2023-01-15 18:44:55,082 : AssetManager : Registering Asset: shoot_17, File: shoot_17.wav, Default Group: sfx, Final Config: {'load': 'on_demand', 'track': 'sfx', 'simultaneous_limit': 1, 'file': 'E:\\MPF\\wows\\wows\\sounds\\sfx\\shoot_17.wav'}
2023-01-15 18:44:55,082 : AssetManager : Registering Asset: shoot_18, File: shoot_18.wav, Default Group: sfx, Final Config: {'load': 'on_demand', 'track': 'sfx', 'simultaneous_limit': 1, 'file': 'E:\\MPF\\wows\\wows\\sounds\\sfx\\shoot_18.wav'}
2023-01-15 18:44:55,083 : AssetManager : Registering Asset: shoot_19, File: shoot_19.wav, Default Group: sfx, Final Config: {'load': 'on_demand', 'track': 'sfx', 'simultaneous_limit': 1, 'file': 'E:\\MPF\\wows\\wows\\sounds\\sfx\\shoot_19.wav'}
2023-01-15 18:44:55,083 : AssetManager : Registering Asset: shoot_6, File: shoot_6.wav, Default Group: sfx, Final Config: {'load': 'on_demand', 'track': 'sfx', 'simultaneous_limit': 1, 'file': 'E:\\MPF\\wows\\wows\\sounds\\sfx\\shoot_6.wav'}
2023-01-15 18:44:55,084 : AssetManager : Registering Asset: mode_5_shot_made, File: mode_5_shot_made.gif, Default Group: default, Final Config: {'load': 'preload', 'file': 'E:\\MPF\\wows\\wows\\modes\\mode_5\\images\\mode_5_shot_made.gif'}
2023-01-15 18:44:55,086 : AssetManager : Registering Asset: back_arrow_7x7, File: back_arrow_7x7.png, Default Group: default, Final Config: {'load': 'preload', 'file': 'c:\\users\\dell\\appdata\\local\\programs\\python\\python36\\lib\\site-packages\\mpf\\modes\\high_score\\images\\back_arrow_7x7.png'}
2023-01-15 18:44:55,086 : AssetManager : Registering Asset: back_arrow_7x7_selected, File: back_arrow_7x7_selected.png, Default Group: default, Final Config: {'load': 'preload', 'file': 'c:\\users\\dell\\appdata\\local\\programs\\python\\python36\\lib\\site-packages\\mpf\\modes\\high_score\\images\\back_arrow_7x7_selected.png'}
2023-01-15 18:44:55,086 : AssetManager : Registering Asset: end_11x7, File: end_11x7.png, Default Group: default, Final Config: {'load': 'preload', 'file': 'c:\\users\\dell\\appdata\\local\\programs\\python\\python36\\lib\\site-packages\\mpf\\modes\\high_score\\images\\end_11x7.png'}
2023-01-15 18:44:55,086 : AssetManager : Registering Asset: end_11x7_selected, File: end_11x7_selected.png, Default Group: default, Final Config: {'load': 'preload', 'file': 'c:\\users\\dell\\appdata\\local\\programs\\python\\python36\\lib\\site-packages\\mpf\\modes\\high_score\\images\\end_11x7_selected.png'}
2023-01-15 18:44:55,087 : AssetManager : Registering Asset: mode_8_shot_made, File: mode_8_shot_made.gif, Default Group: default, Final Config: {'load': 'preload', 'file': 'E:\\MPF\\wows\\wows\\modes\\mode_8\\images\\mode_8_shot_made.gif'}
2023-01-15 18:44:55,087 : AssetManager : Registering Asset: mode_6_shot_made, File: mode_6_shot_made.gif, Default Group: default, Final Config: {'load': 'preload', 'file': 'E:\\MPF\\wows\\wows\\modes\\mode_6\\images\\mode_6_shot_made.gif'}
2023-01-15 18:44:55,087 : AssetManager : Registering Asset: mode_7_shot_made, File: mode_7_shot_made.gif, Default Group: default, Final Config: {'load': 'preload', 'file': 'E:\\MPF\\wows\\wows\\modes\\mode_7\\images\\mode_7_shot_made.gif'}
2023-01-15 18:44:55,088 : AssetManager : Registering Asset: mode_9_shot_made, File: mode_9_shot_made.gif, Default Group: default, Final Config: {'load': 'preload', 'file': 'E:\\MPF\\wows\\wows\\modes\\mode_9\\images\\mode_9_shot_made.gif'}
2023-01-15 18:44:55,088 : AssetManager : Registering Asset: mode_1_shot_made, File: mode_1_shot_made.gif, Default Group: default, Final Config: {'load': 'preload', 'file': 'E:\\MPF\\wows\\wows\\modes\\mode_1\\images\\mode_1_shot_made.gif'}
2023-01-15 18:44:55,090 : AssetManager : Registering Asset: mode_4_shot_made, File: mode_4_shot_made.gif, Default Group: default, Final Config: {'load': 'preload', 'file': 'E:\\MPF\\wows\\wows\\modes\\mode_4\\images\\mode_4_shot_made.gif'}
2023-01-15 18:44:55,091 : AssetManager : Registering Asset: mode_3_shot_made, File: mode_3_shot_made.gif, Default Group: default, Final Config: {'load': 'preload', 'file': 'E:\\MPF\\wows\\wows\\modes\\mode_3\\images\\mode_3_shot_made.gif'}
2023-01-15 18:44:55,092 : EventManager : Event: ======'init_phase_4'====== Args={}
2023-01-15 18:44:55,092 : EventManager : Event: ======'init_phase_5'====== Args={}
2023-01-15 18:44:55,197 : EventManager : Event: ======'loading_assets'====== Args={'total': 344, 'loaded': 1, 'remaining': 343, 'percent': 0}
2023-01-15 18:44:55,197 : AssetManager : Loading assets: 1/344 (0%)
2023-01-15 18:44:55,416 : EventManager : Event: ======'loading_assets'====== Args={'total': 344, 'loaded': 157, 'remaining': 187, 'percent': 46}
2023-01-15 18:44:55,416 : AssetManager : Loading assets: 157/344 (46%)
2023-01-15 18:44:55,632 : EventManager : Event: ======'loading_assets'====== Args={'total': 344, 'loaded': 206, 'remaining': 138, 'percent': 60}
2023-01-15 18:44:55,632 : AssetManager : Loading assets: 206/344 (60%)
2023-01-15 18:44:55,798 : EventManager : Event: ======'loading_assets'====== Args={'total': 344, 'loaded': 344, 'remaining': 0, 'percent': 100}
2023-01-15 18:44:55,798 : AssetManager : Asset loading took: 0.9579453468322754
2023-01-15 18:44:55,798 : EventManager : Event: ======'asset_loading_complete'====== Args={}
2023-01-15 18:44:55,799 : AssetManager : Loading assets: 344/344 (100%)
2023-01-15 18:44:55,799 : EventManager : Event: ======'init_done'====== Args={}
2023-01-15 18:44:55,799 : MPF-MC BCP Server : Starting up on localhost port 5050
2023-01-15 18:44:55,802 : MPF-MC BCP Server : Waiting for a connection...
2023-01-15 18:44:55,813 : EventManager : Event: ======'client_disconnected'====== Args={'host': '127.0.0.1', 'port': 5050}
2023-01-15 18:44:56,305 : MPF-MC BCP Server : Received connection from: 127.0.0.1:58605
2023-01-15 18:44:56,312 : EventManager : Event: ======'client_connected'====== Args={'host': '127.0.0.1', 'port': 58605}
2023-01-15 18:44:56,313 : mpfmc : Initializing DMD
2023-01-15 18:44:56,324 : mpfmc : Setting DMD to 30fps
2023-01-15 18:44:56,329 : EventManager : Event: ======'machine_var_credits_string'====== Args={'value': 'FREE PLAY', 'prev_value': None, 'change': True}
2023-01-15 18:44:56,329 : EventManager : Event: ======'machine_var_player1_score'====== Args={'value': 0, 'prev_value': None, 'change': True}
2023-01-15 18:44:56,329 : EventManager : Event: ======'machine_var_mv_dmg_con_time'====== Args={'value': 9, 'prev_value': None, 'change': True}
2023-01-15 18:44:56,330 : EventManager : Event: ======'machine_var_mv_bomb_1_cost'====== Args={'value': 1, 'prev_value': None, 'change': True}
2023-01-15 18:44:56,330 : EventManager : Event: ======'machine_var_mv_bomb_2_cost'====== Args={'value': 1, 'prev_value': None, 'change': True}
2023-01-15 18:44:56,330 : EventManager : Event: ======'machine_var_mv_bomb_3_cost'====== Args={'value': 1, 'prev_value': None, 'change': True}
2023-01-15 18:44:56,330 : EventManager : Event: ======'machine_var_mv_bomb_4_cost'====== Args={'value': 1, 'prev_value': None, 'change': True}
2023-01-15 18:44:56,330 : EventManager : Event: ======'machine_var_mv_bomb_5_cost'====== Args={'value': 1, 'prev_value': None, 'change': True}
2023-01-15 18:44:56,330 : EventManager : Event: ======'machine_var_mv_bomb_6_cost'====== Args={'value': 1, 'prev_value': None, 'change': True}
2023-01-15 18:44:56,330 : EventManager : Event: ======'machine_var_mv_bomb_7_and_9_cost'====== Args={'value': 1, 'prev_value': None, 'change': True}
2023-01-15 18:44:56,330 : EventManager : Event: ======'machine_var_mv_bomb_8_cost'====== Args={'value': 1, 'prev_value': None, 'change': True}
2023-01-15 18:44:56,330 : EventManager : Event: ======'machine_var_mv_bomb_10_cost'====== Args={'value': 1, 'prev_value': None, 'change': True}
2023-01-15 18:44:56,330 : EventManager : Event: ======'machine_var_mv_bomb_mode_cost'====== Args={'value': 1, 'prev_value': None, 'change': True}
2023-01-15 18:44:56,330 : EventManager : Event: ======'machine_var_mpf_version'====== Args={'value': 'MPF v0.54.6', 'prev_value': None, 'change': True}
2023-01-15 18:44:56,330 : EventManager : Event: ======'machine_var_mpf_extended_version'====== Args={'value': 'MPF v0.54.6, Config version:5, Show version: 5, BCP version:1.1', 'prev_value': None, 'change': True}
2023-01-15 18:44:56,330 : EventManager : Event: ======'machine_var_python_version'====== Args={'value': '3.6.4', 'prev_value': None, 'change': True}
2023-01-15 18:44:56,330 : EventManager : Event: ======'machine_var_platform'====== Args={'value': 'Windows-10-10.0.19041-SP0', 'prev_value': None, 'change': True}
2023-01-15 18:44:56,330 : EventManager : Event: ======'machine_var_platform_system'====== Args={'value': 'Windows', 'prev_value': None, 'change': True}
2023-01-15 18:44:56,331 : EventManager : Event: ======'machine_var_platform_release'====== Args={'value': '10', 'prev_value': None, 'change': True}
2023-01-15 18:44:56,331 : EventManager : Event: ======'machine_var_platform_version'====== Args={'value': '10.0.19041', 'prev_value': None, 'change': True}
2023-01-15 18:44:56,331 : EventManager : Event: ======'machine_var_platform_machine'====== Args={'value': 'AMD64', 'prev_value': None, 'change': True}
2023-01-15 18:44:56,331 : EventManager : Event: ======'machine_var_score1_label'====== Args={'value': 'GRAND ADMIRAL', 'prev_value': None, 'change': True}
2023-01-15 18:44:56,331 : EventManager : Event: ======'machine_var_score1_name'====== Args={'value': 'SBA', 'prev_value': None, 'change': True}
2023-01-15 18:44:56,331 : EventManager : Event: ======'machine_var_score1_value'====== Args={'value': 1000000000, 'prev_value': None, 'change': True}
2023-01-15 18:44:56,331 : EventManager : Event: ======'machine_var_score2_label'====== Args={'value': 'ADMIRAL 1', 'prev_value': None, 'change': True}
2023-01-15 18:44:56,331 : EventManager : Event: ======'machine_var_score2_name'====== Args={'value': 'OCP', 'prev_value': None, 'change': True}
2023-01-15 18:44:56,331 : EventManager : Event: ======'machine_var_score2_value'====== Args={'value': 900000000, 'prev_value': None, 'change': True}
2023-01-15 18:44:56,331 : EventManager : Event: ======'machine_var_score3_label'====== Args={'value': 'ADMIRAL 2', 'prev_value': None, 'change': True}
2023-01-15 18:44:56,331 : EventManager : Event: ======'machine_var_score3_name'====== Args={'value': 'AND', 'prev_value': None, 'change': True}
2023-01-15 18:44:56,331 : EventManager : Event: ======'machine_var_score3_value'====== Args={'value': 800000000, 'prev_value': None, 'change': True}
2023-01-15 18:44:56,331 : EventManager : Event: ======'machine_var_score4_label'====== Args={'value': 'ADMIRAL 3', 'prev_value': None, 'change': True}
2023-01-15 18:44:56,331 : EventManager : Event: ======'machine_var_score4_name'====== Args={'value': 'W G', 'prev_value': None, 'change': True}
2023-01-15 18:44:56,331 : EventManager : Event: ======'machine_var_score4_value'====== Args={'value': 700000000, 'prev_value': None, 'change': True}
2023-01-15 18:44:56,331 : EventManager : Event: ======'machine_var_score5_label'====== Args={'value': 'ADMIRAL 4', 'prev_value': None, 'change': True}
2023-01-15 18:44:56,331 : EventManager : Event: ======'machine_var_score5_name'====== Args={'value': 'WOW', 'prev_value': None, 'change': True}
2023-01-15 18:44:56,331 : EventManager : Event: ======'machine_var_score5_value'====== Args={'value': 600000000, 'prev_value': None, 'change': True}
2023-01-15 18:44:56,332 : EventManager : Event: ======'machine_var_mc_version'====== Args={'value': 'MPF-MC v0.54.2', 'prev_value': None, 'change': True}
2023-01-15 18:44:56,332 : EventManager : Event: ======'machine_var_mc_extended_version'====== Args={'value': 'MPF-MC v0.54.2 (config_version=5, BCP v1.1, Requires MPF v0.54.0)', 'prev_value': None, 'change': True}
2023-01-15 18:44:56,346 : EventManager : Event: ======'machine_var_master_volume'====== Args={'value': 1.0, 'prev_value': None, 'change': True}
2023-01-15 18:44:56,480 : EventManager : Event: ======'machine_var_audits_events_game_ended'====== Args={'value': 1, 'prev_value': None, 'change': True}
2023-01-15 18:44:56,480 : EventManager : Event: ======'machine_var_audits_events_game_started'====== Args={'value': 653, 'prev_value': None, 'change': True}
2023-01-15 18:44:56,480 : EventManager : Event: ======'machine_var_audits_player_score'====== Args={'value': {'average': 0.0, 'top': [0], 'total': 1}, 'prev_value': None, 'change': True}
2023-01-15 18:44:56,480 : EventManager : Event: ======'machine_var_audits_shots_battle_shot'====== Args={'value': 66, 'prev_value': None, 'change': True}
2023-01-15 18:44:56,480 : EventManager : Event: ======'machine_var_audits_shots_confederate_1'====== Args={'value': 13, 'prev_value': None, 'change': True}
2023-01-15 18:44:56,480 : EventManager : Event: ======'machine_var_audits_shots_confederate_2'====== Args={'value': 235, 'prev_value': None, 'change': True}
2023-01-15 18:44:56,480 : EventManager : Event: ======'machine_var_audits_shots_confederate_3'====== Args={'value': 91, 'prev_value': None, 'change': True}
2023-01-15 18:44:56,480 : EventManager : Event: ======'machine_var_audits_shots_confederate_4'====== Args={'value': 29, 'prev_value': None, 'change': True}
2023-01-15 18:44:56,481 : EventManager : Event: ======'machine_var_audits_shots_confederate_5'====== Args={'value': 10, 'prev_value': None, 'change': True}
2023-01-15 18:44:56,481 : EventManager : Event: ======'machine_var_audits_shots_confederate_6'====== Args={'value': 399, 'prev_value': None, 'change': True}
2023-01-15 18:44:56,481 : EventManager : Event: ======'machine_var_audits_shots_detonation'====== Args={'value': 42, 'prev_value': None, 'change': True}
2023-01-15 18:44:56,481 : EventManager : Event: ======'machine_var_audits_shots_detonation_lit'====== Args={'value': 172, 'prev_value': None, 'change': True}
2023-01-15 18:44:56,481 : EventManager : Event: ======'machine_var_audits_shots_dmg_con_1'====== Args={'value': 96, 'prev_value': None, 'change': True}
2023-01-15 18:44:56,481 : EventManager : Event: ======'machine_var_audits_shots_dmg_con_2'====== Args={'value': 122, 'prev_value': None, 'change': True}
2023-01-15 18:44:56,496 : EventManager : Event: ======'machine_var_audits_shots_dmg_con_3'====== Args={'value': 84, 'prev_value': None, 'change': True}
2023-01-15 18:44:56,496 : EventManager : Event: ======'machine_var_audits_shots_dmg_con_4'====== Args={'value': 101, 'prev_value': None, 'change': True}
2023-01-15 18:44:56,496 : EventManager : Event: ======'machine_var_audits_shots_dmg_con_5'====== Args={'value': 78, 'prev_value': None, 'change': True}
2023-01-15 18:44:56,496 : EventManager : Event: ======'machine_var_audits_shots_dmg_con_6'====== Args={'value': 99, 'prev_value': None, 'change': True}
2023-01-15 18:44:56,496 : EventManager : Event: ======'machine_var_audits_shots_dmg_con_add_time_1'====== Args={'value': 32, 'prev_value': None, 'change': True}
2023-01-15 18:44:56,496 : EventManager : Event: ======'machine_var_audits_shots_dmg_con_add_time_2'====== Args={'value': 43, 'prev_value': None, 'change': True}
2023-01-15 18:44:56,497 : EventManager : Event: ======'machine_var_audits_shots_dmg_con_add_time_3'====== Args={'value': 24, 'prev_value': None, 'change': True}
2023-01-15 18:44:56,497 : EventManager : Event: ======'machine_var_audits_shots_dmg_con_add_time_4'====== Args={'value': 21, 'prev_value': None, 'change': True}
2023-01-15 18:44:56,497 : EventManager : Event: ======'machine_var_audits_shots_jackpot_1'====== Args={'value': 79, 'prev_value': None, 'change': True}
2023-01-15 18:44:56,497 : EventManager : Event: ======'machine_var_audits_shots_jackpot_2'====== Args={'value': 106, 'prev_value': None, 'change': True}
2023-01-15 18:44:56,497 : EventManager : Event: ======'machine_var_audits_shots_jackpot_3'====== Args={'value': 91, 'prev_value': None, 'change': True}
2023-01-15 18:44:56,497 : EventManager : Event: ======'machine_var_audits_shots_jackpot_4'====== Args={'value': 41, 'prev_value': None, 'change': True}
2023-01-15 18:44:56,497 : EventManager : Event: ======'machine_var_audits_shots_jackpot_5'====== Args={'value': 42, 'prev_value': None, 'change': True}
2023-01-15 18:44:56,497 : EventManager : Event: ======'machine_var_audits_shots_jackpot_6'====== Args={'value': 51, 'prev_value': None, 'change': True}
2023-01-15 18:44:56,497 : EventManager : Event: ======'machine_var_audits_shots_lane_A'====== Args={'value': 125, 'prev_value': None, 'change': True}
2023-01-15 18:44:56,497 : EventManager : Event: ======'machine_var_audits_shots_lane_B'====== Args={'value': 146, 'prev_value': None, 'change': True}
2023-01-15 18:44:56,497 : EventManager : Event: ======'machine_var_audits_shots_lane_C'====== Args={'value': 348, 'prev_value': None, 'change': True}
2023-01-15 18:44:56,498 : EventManager : Event: ======'machine_var_audits_shots_lane_D'====== Args={'value': 361, 'prev_value': None, 'change': True}
2023-01-15 18:44:56,498 : EventManager : Event: ======'machine_var_audits_shots_lane_E'====== Args={'value': 139, 'prev_value': None, 'change': True}
2023-01-15 18:44:56,498 : EventManager : Event: ======'machine_var_audits_shots_lock_lit_1'====== Args={'value': 1591, 'prev_value': None, 'change': True}
2023-01-15 18:44:56,498 : EventManager : Event: ======'machine_var_audits_shots_lock_lit_2'====== Args={'value': 1505, 'prev_value': None, 'change': True}
2023-01-15 18:44:56,498 : EventManager : Event: ======'machine_var_audits_shots_ricochet_1'====== Args={'value': 173, 'prev_value': None, 'change': True}
2023-01-15 18:44:56,498 : EventManager : Event: ======'machine_var_audits_shots_ricochet_2'====== Args={'value': 685, 'prev_value': None, 'change': True}
2023-01-15 18:44:56,498 : EventManager : Event: ======'machine_var_audits_shots_ricochet_3'====== Args={'value': 91, 'prev_value': None, 'change': True}
2023-01-15 18:44:56,498 : EventManager : Event: ======'machine_var_audits_shots_ricochet_4'====== Args={'value': 49, 'prev_value': None, 'change': True}
2023-01-15 18:44:56,498 : EventManager : Event: ======'machine_var_audits_shots_ricochet_5'====== Args={'value': 3, 'prev_value': None, 'change': True}
2023-01-15 18:44:56,498 : EventManager : Event: ======'machine_var_audits_switches_s_action_button'====== Args={'value': 45, 'prev_value': None, 'change': True}
2023-01-15 18:44:56,498 : EventManager : Event: ======'machine_var_audits_switches_s_bumper_1'====== Args={'value': 735, 'prev_value': None, 'change': True}
2023-01-15 18:44:56,498 : EventManager : Event: ======'machine_var_audits_switches_s_bumper_2'====== Args={'value': 223, 'prev_value': None, 'change': True}
2023-01-15 18:44:56,498 : EventManager : Event: ======'machine_var_audits_switches_s_bumper_3'====== Args={'value': 667, 'prev_value': None, 'change': True}
2023-01-15 18:44:56,498 : EventManager : Event: ======'machine_var_audits_switches_s_center_ramp'====== Args={'value': 114, 'prev_value': None, 'change': True}
2023-01-15 18:44:56,498 : EventManager : Event: ======'machine_var_audits_switches_s_citadel'====== Args={'value': 75, 'prev_value': None, 'change': True}
2023-01-15 18:44:56,498 : EventManager : Event: ======'machine_var_audits_switches_s_citadel_lock'====== Args={'value': 255, 'prev_value': None, 'change': True}
2023-01-15 18:44:56,498 : EventManager : Event: ======'machine_var_audits_switches_s_conning_tower'====== Args={'value': 4, 'prev_value': None, 'change': True}
2023-01-15 18:44:56,499 : EventManager : Event: ======'machine_var_audits_switches_s_detonation'====== Args={'value': 172, 'prev_value': None, 'change': True}
2023-01-15 18:44:56,499 : EventManager : Event: ======'machine_var_audits_switches_s_detonation_lit'====== Args={'value': 24, 'prev_value': None, 'change': True}
2023-01-15 18:44:56,499 : EventManager : Event: ======'machine_var_audits_switches_s_dmg_1'====== Args={'value': 2703, 'prev_value': None, 'change': True}
2023-01-15 18:44:56,499 : EventManager : Event: ======'machine_var_audits_switches_s_dmg_2'====== Args={'value': 64, 'prev_value': None, 'change': True}
2023-01-15 18:44:56,499 : EventManager : Event: ======'machine_var_audits_switches_s_dmg_3'====== Args={'value': 20, 'prev_value': None, 'change': True}
2023-01-15 18:44:56,499 : EventManager : Event: ======'machine_var_audits_switches_s_dmg_4'====== Args={'value': 27, 'prev_value': None, 'change': True}
2023-01-15 18:44:56,499 : EventManager : Event: ======'machine_var_audits_switches_s_dmg_5'====== Args={'value': 22, 'prev_value': None, 'change': True}
2023-01-15 18:44:56,499 : EventManager : Event: ======'machine_var_audits_switches_s_dmg_6'====== Args={'value': 139, 'prev_value': None, 'change': True}
2023-01-15 18:44:56,499 : EventManager : Event: ======'machine_var_audits_switches_s_dmg_7'====== Args={'value': 293, 'prev_value': None, 'change': True}
2023-01-15 18:44:56,499 : EventManager : Event: ======'machine_var_audits_switches_s_drop_target'====== Args={'value': 2094, 'prev_value': None, 'change': True}
2023-01-15 18:44:56,499 : EventManager : Event: ======'machine_var_audits_switches_s_jet_hole'====== Args={'value': 0, 'prev_value': None, 'change': True}
2023-01-15 18:44:56,499 : EventManager : Event: ======'machine_var_audits_switches_s_jet_lane'====== Args={'value': 1, 'prev_value': None, 'change': True}
2023-01-15 18:44:56,499 : EventManager : Event: ======'machine_var_audits_switches_s_kickback'====== Args={'value': 0, 'prev_value': None, 'change': True}
2023-01-15 18:44:56,499 : EventManager : Event: ======'machine_var_audits_switches_s_kickback_target_1'====== Args={'value': 0, 'prev_value': None, 'change': True}
2023-01-15 18:44:56,512 : EventManager : Event: ======'machine_var_audits_switches_s_kickback_target_2'====== Args={'value': 0, 'prev_value': None, 'change': True}
2023-01-15 18:44:56,513 : EventManager : Event: ======'machine_var_audits_switches_s_kickback_target_3'====== Args={'value': 4, 'prev_value': None, 'change': True}
2023-01-15 18:44:56,513 : EventManager : Event: ======'machine_var_audits_switches_s_kickback_terget_1'====== Args={'value': 0, 'prev_value': None, 'change': True}
2023-01-15 18:44:56,529 : EventManager : Event: ======'machine_var_audits_switches_s_left_flipper'====== Args={'value': 1437, 'prev_value': None, 'change': True}
2023-01-15 18:44:56,529 : EventManager : Event: ======'machine_var_audits_switches_s_left_hole'====== Args={'value': 0, 'prev_value': None, 'change': True}
2023-01-15 18:44:56,530 : EventManager : Event: ======'machine_var_audits_switches_s_left_inlane'====== Args={'value': 349, 'prev_value': None, 'change': True}
2023-01-15 18:44:56,530 : EventManager : Event: ======'machine_var_audits_switches_s_left_loop_made'====== Args={'value': 244, 'prev_value': None, 'change': True}
2023-01-15 18:44:56,530 : EventManager : Event: ======'machine_var_audits_switches_s_left_loop_pre'====== Args={'value': 201, 'prev_value': None, 'change': True}
2023-01-15 18:44:56,530 : EventManager : Event: ======'machine_var_audits_switches_s_left_mid_inlane'====== Args={'value': 146, 'prev_value': None, 'change': True}
2023-01-15 18:44:56,530 : EventManager : Event: ======'machine_var_audits_switches_s_left_outlane'====== Args={'value': 125, 'prev_value': None, 'change': True}
2023-01-15 18:44:56,530 : EventManager : Event: ======'machine_var_audits_switches_s_left_ramp_made'====== Args={'value': 1996, 'prev_value': None, 'change': True}
2023-01-15 18:44:56,530 : EventManager : Event: ======'machine_var_audits_switches_s_left_ramp_pre'====== Args={'value': 273, 'prev_value': None, 'change': True}
2023-01-15 18:44:56,530 : EventManager : Event: ======'machine_var_audits_switches_s_left_slingshot'====== Args={'value': 33, 'prev_value': None, 'change': True}
2023-01-15 18:44:56,530 : EventManager : Event: ======'machine_var_audits_switches_s_lock_1'====== Args={'value': 425, 'prev_value': None, 'change': True}
2023-01-15 18:44:56,530 : EventManager : Event: ======'machine_var_audits_switches_s_lock_2'====== Args={'value': 437, 'prev_value': None, 'change': True}
2023-01-15 18:44:56,530 : EventManager : Event: ======'machine_var_audits_switches_s_lock_3'====== Args={'value': 520, 'prev_value': None, 'change': True}
2023-01-15 18:44:56,530 : EventManager : Event: ======'machine_var_audits_switches_s_magnet_switch'====== Args={'value': 0, 'prev_value': None, 'change': True}
2023-01-15 18:44:56,531 : EventManager : Event: ======'machine_var_audits_switches_s_main_hole'====== Args={'value': 1061, 'prev_value': None, 'change': True}
2023-01-15 18:44:56,531 : EventManager : Event: ======'machine_var_audits_switches_s_pen_1'====== Args={'value': 819, 'prev_value': None, 'change': True}
2023-01-15 18:44:56,531 : EventManager : Event: ======'machine_var_audits_switches_s_pen_2'====== Args={'value': 96, 'prev_value': None, 'change': True}
2023-01-15 18:44:56,531 : EventManager : Event: ======'machine_var_audits_switches_s_pen_3'====== Args={'value': 322, 'prev_value': None, 'change': True}
2023-01-15 18:44:56,531 : EventManager : Event: ======'machine_var_audits_switches_s_pen_4'====== Args={'value': 5, 'prev_value': None, 'change': True}
2023-01-15 18:44:56,531 : EventManager : Event: ======'machine_var_audits_switches_s_pen_5'====== Args={'value': 2, 'prev_value': None, 'change': True}
2023-01-15 18:44:56,531 : EventManager : Event: ======'machine_var_audits_switches_s_pen_6'====== Args={'value': 8, 'prev_value': None, 'change': True}
2023-01-15 18:44:56,531 : EventManager : Event: ======'machine_var_audits_switches_s_plunger'====== Args={'value': 4072, 'prev_value': None, 'change': True}
2023-01-15 18:44:56,531 : EventManager : Event: ======'machine_var_audits_switches_s_plunger_button'====== Args={'value': 4, 'prev_value': None, 'change': True}
2023-01-15 18:44:56,531 : EventManager : Event: ======'machine_var_audits_switches_s_ricochet_1'====== Args={'value': 197, 'prev_value': None, 'change': True}
2023-01-15 18:44:56,531 : EventManager : Event: ======'machine_var_audits_switches_s_ricochet_2'====== Args={'value': 692, 'prev_value': None, 'change': True}
2023-01-15 18:44:56,531 : EventManager : Event: ======'machine_var_audits_switches_s_ricochet_3'====== Args={'value': 93, 'prev_value': None, 'change': True}
2023-01-15 18:44:56,532 : EventManager : Event: ======'machine_var_audits_switches_s_ricochet_4'====== Args={'value': 54, 'prev_value': None, 'change': True}
2023-01-15 18:44:56,532 : EventManager : Event: ======'machine_var_audits_switches_s_ricochet_5'====== Args={'value': 8, 'prev_value': None, 'change': True}
2023-01-15 18:44:56,532 : EventManager : Event: ======'machine_var_audits_switches_s_right_flipper'====== Args={'value': 4194, 'prev_value': None, 'change': True}
2023-01-15 18:44:56,532 : EventManager : Event: ======'machine_var_audits_switches_s_right_hole'====== Args={'value': 26, 'prev_value': None, 'change': True}
2023-01-15 18:44:56,532 : EventManager : Event: ======'machine_var_audits_switches_s_right_inlane'====== Args={'value': 363, 'prev_value': None, 'change': True}
2023-01-15 18:44:56,532 : EventManager : Event: ======'machine_var_audits_switches_s_right_loop_made'====== Args={'value': 83, 'prev_value': None, 'change': True}
2023-01-15 18:44:56,532 : EventManager : Event: ======'machine_var_audits_switches_s_right_loop_pre'====== Args={'value': 70, 'prev_value': None, 'change': True}
2023-01-15 18:44:56,532 : EventManager : Event: ======'machine_var_audits_switches_s_right_outlane'====== Args={'value': 141, 'prev_value': None, 'change': True}
2023-01-15 18:44:56,532 : EventManager : Event: ======'machine_var_audits_switches_s_right_ramp_made'====== Args={'value': 1703, 'prev_value': None, 'change': True}
2023-01-15 18:44:56,532 : EventManager : Event: ======'machine_var_audits_switches_s_right_ramp_pre'====== Args={'value': 83, 'prev_value': None, 'change': True}
2023-01-15 18:44:56,532 : EventManager : Event: ======'machine_var_audits_switches_s_right_slingshot'====== Args={'value': 132, 'prev_value': None, 'change': True}
2023-01-15 18:44:56,532 : EventManager : Event: ======'machine_var_audits_switches_s_right_small_ramp'====== Args={'value': 0, 'prev_value': None, 'change': True}
2023-01-15 18:44:56,532 : EventManager : Event: ======'machine_var_audits_switches_s_right_tunnel'====== Args={'value': 0, 'prev_value': None, 'change': True}
2023-01-15 18:44:56,532 : EventManager : Event: ======'machine_var_audits_switches_s_saucer'====== Args={'value': 0, 'prev_value': None, 'change': True}
2023-01-15 18:44:56,533 : EventManager : Event: ======'machine_var_audits_switches_s_side_hole'====== Args={'value': 316, 'prev_value': None, 'change': True}
2023-01-15 18:44:56,533 : EventManager : Event: ======'machine_var_audits_switches_s_side_ramp_made'====== Args={'value': 1125, 'prev_value': None, 'change': True}
2023-01-15 18:44:56,546 : EventManager : Event: ======'machine_var_audits_switches_s_side_ramp_pre'====== Args={'value': 113, 'prev_value': None, 'change': True}
2023-01-15 18:44:56,546 : EventManager : Event: ======'machine_var_audits_switches_s_spinner'====== Args={'value': 0, 'prev_value': None, 'change': True}
2023-01-15 18:44:56,546 : EventManager : Event: ======'machine_var_audits_switches_s_start'====== Args={'value': 141, 'prev_value': None, 'change': True}
2023-01-15 18:44:56,546 : EventManager : Event: ======'machine_var_audits_switches_s_torpedo'====== Args={'value': 739, 'prev_value': None, 'change': True}
2023-01-15 18:44:56,546 : EventManager : Event: ======'machine_var_audits_switches_s_torpedo_lane'====== Args={'value': 2, 'prev_value': None, 'change': True}
2023-01-15 18:44:56,546 : EventManager : Event: ======'machine_var_audits_switches_s_torpedo_pre'====== Args={'value': 0, 'prev_value': None, 'change': True}
2023-01-15 18:44:56,546 : EventManager : Event: ======'machine_var_audits_switches_s_trough1'====== Args={'value': 654, 'prev_value': None, 'change': True}
2023-01-15 18:44:56,546 : EventManager : Event: ======'machine_var_audits_switches_s_trough2'====== Args={'value': 105, 'prev_value': None, 'change': True}
2023-01-15 18:44:56,547 : EventManager : Event: ======'machine_var_audits_switches_s_trough3'====== Args={'value': 82, 'prev_value': None, 'change': True}
2023-01-15 18:44:56,547 : EventManager : Event: ======'machine_var_audits_switches_s_trough4'====== Args={'value': 34, 'prev_value': None, 'change': True}
2023-01-15 18:44:56,547 : EventManager : Event: ======'machine_var_audits_switches_s_trough5'====== Args={'value': 2, 'prev_value': None, 'change': True}
2023-01-15 18:44:56,547 : EventManager : Event: ======'machine_var_audits_switches_s_trough6'====== Args={'value': 1, 'prev_value': None, 'change': True}
2023-01-15 18:44:56,547 : EventManager : Event: ======'machine_var_audits_switches_s_trough_jam'====== Args={'value': 0, 'prev_value': None, 'change': True}
2023-01-15 18:44:56,579 : EventManager : Event: ======'mc_reset_phase_1'====== Args={}
2023-01-15 18:44:56,580 : EventManager : Event: ======'mc_reset_phase_2'====== Args={}
2023-01-15 18:44:56,580 : EventManager : Event: ======'mc_reset_phase_3'====== Args={}
2023-01-15 18:44:56,580 : EventManager : Event: ======'mc_reset_complete'====== Args={}
2023-01-15 18:44:56,597 : EventManager : Event: ======'slides_play'====== Args={'settings': {'attract_game_over_slide': {'widgets': [{'type': 'text', 'text': 'GAME OVER', 'style': ['big'], 'font_size': 15, 'y': 'center+0.5', '_default_settings': ['type', 'text', 'style', 'font_size', 'y'], 'x': None, 'anchor_x': 'center', 'anchor_y': 'center', 'round_anchor_x': None, 'round_anchor_y': None, 'opacity': 1.0, 'z': 0, 'reset_animations_events': {}, 'color': [1.0, 1.0, 1.0, 1.0], 'adjust_top': 0, 'adjust_bottom': 0, 'adjust_left': 0, 'adjust_right': 0, 'expire': None, 'key': None, 'widget': None, 'events_when_added': [], 'events_when_removed': [], 'bitmap_font': False, 'font_kerning': True, 'bold': False, 'italic': False, 'number_grouping': False, 'min_digits': 0, 'halign': 'center', 'valign': 'middle', 'rotation': 0, 'scale': 1.0, 'casing': None, 'animations': None}], 'target': None, 'background_color': [0.0, 0.0, 0.0, 1.0], 'priority': None, 'show': True, 'force': False, 'expire': None, 'slide': None, 'tokens': {}, 'action': 'play'}}, 'context': 'show_1', 'calling_context': 0, 'priority': 10, 'show_tokens': {}, 'start_time': 63199.906}
2023-01-15 18:44:56,597 : mpfmc : SlidePlayer: Play called with settings={'attract_game_over_slide': {'widgets': [{'type': 'text', 'text': 'GAME OVER', 'style': ['big'], 'font_size': 15, 'y': 'center+0.5', '_default_settings': ['type', 'text', 'style', 'font_size', 'y'], 'x': None, 'anchor_x': 'center', 'anchor_y': 'center', 'round_anchor_x': None, 'round_anchor_y': None, 'opacity': 1.0, 'z': 0, 'reset_animations_events': {}, 'color': [1.0, 1.0, 1.0, 1.0], 'adjust_top': 0, 'adjust_bottom': 0, 'adjust_left': 0, 'adjust_right': 0, 'expire': None, 'key': None, 'widget': None, 'events_when_added': [], 'events_when_removed': [], 'bitmap_font': False, 'font_kerning': True, 'bold': False, 'italic': False, 'number_grouping': False, 'min_digits': 0, 'halign': 'center', 'valign': 'middle', 'rotation': 0, 'scale': 1.0, 'casing': None, 'animations': None}], 'target': None, 'background_color': [0.0, 0.0, 0.0, 1.0], 'priority': None, 'show': True, 'force': False, 'expire': None, 'slide': None, 'tokens': {}, 'action': 'play'}}
2023-01-15 18:44:56,602 : EventManager : Event: ======'slide_attract_game_over_slide_created'====== Args={}
2023-01-15 18:44:56,605 : EventManager : Event: ======'slide_attract_game_over_slide_active'====== Args={}
2023-01-15 18:44:58,580 : EventManager : Event: ======'slides_play'====== Args={'settings': {'end_mode_8_compIG': {'widgets': [{'type': 'text', 'text': 'ABCDEFGHIJKLM', 'x': '0', 'anchor_y': 'top', 'anchor_x': 'left', 'y': 'top', 'style': ['medium'], 'round_anchor_x': 'left', 'round_anchor_y': 'top', '_default_settings': ['type', 'text', 'x', 'anchor_y', 'anchor_x', 'y', 'style', 'round_anchor_x', 'round_anchor_y'], 'opacity': 1.0, 'z': 0, 'reset_animations_events': {}, 'color': [1.0, 1.0, 1.0, 1.0], 'adjust_top': 0, 'adjust_bottom': 0, 'adjust_left': 0, 'adjust_right': 0, 'expire': None, 'key': None, 'widget': None, 'events_when_added': [], 'events_when_removed': [], 'font_size': 15, 'bitmap_font': False, 'font_kerning': True, 'bold': False, 'italic': False, 'number_grouping': False, 'min_digits': 0, 'halign': 'center', 'valign': 'middle', 'rotation': 0, 'scale': 1.0, 'casing': None, 'animations': None}, {'type': 'text', 'text': 'NOPQRSTUVWXYZ', 'x': '0', 'anchor_y': 'top', 'anchor_x': 'left', 'y': 'top-11', 'style': ['medium'], 'round_anchor_x': 'left', 'round_anchor_y': 'top', '_default_settings': ['type', 'text', 'x', 'anchor_y', 'anchor_x', 'y', 'style', 'round_anchor_x', 'round_anchor_y'], 'opacity': 1.0, 'z': 0, 'reset_animations_events': {}, 'color': [1.0, 1.0, 1.0, 1.0], 'adjust_top': 0, 'adjust_bottom': 0, 'adjust_left': 0, 'adjust_right': 0, 'expire': None, 'key': None, 'widget': None, 'events_when_added': [], 'events_when_removed': [], 'font_size': 15, 'bitmap_font': False, 'font_kerning': True, 'bold': False, 'italic': False, 'number_grouping': False, 'min_digits': 0, 'halign': 'center', 'valign': 'middle', 'rotation': 0, 'scale': 1.0, 'casing': None, 'animations': None}, {'type': 'text', 'text': '0123456789.A', 'x': '0', 'anchor_y': 'top', 'anchor_x': 'left', 'y': 'top-22', 'style': ['medium'], 'round_anchor_x': 'left', 'round_anchor_y': 'top', '_default_settings': ['type', 'text', 'x', 'anchor_y', 'anchor_x', 'y', 'style', 'round_anchor_x', 'round_anchor_y'], 'opacity': 1.0, 'z': 0, 'reset_animations_events': {}, 'color': [1.0, 1.0, 1.0, 1.0], 'adjust_top': 0, 'adjust_bottom': 0, 'adjust_left': 0, 'adjust_right': 0, 'expire': None, 'key': None, 'widget': None, 'events_when_added': [], 'events_when_removed': [], 'font_size': 15, 'bitmap_font': False, 'font_kerning': True, 'bold': False, 'italic': False, 'number_grouping': False, 'min_digits': 0, 'halign': 'center', 'valign': 'middle', 'rotation': 0, 'scale': 1.0, 'casing': None, 'animations': None}], 'target': None, 'background_color': [0.0, 0.0, 0.0, 1.0], 'priority': None, 'show': True, 'force': False, 'expire': None, 'slide': None, 'tokens': {}, 'action': 'play'}}, 'context': 'show_1', 'calling_context': 1, 'priority': 10, 'show_tokens': {}, 'start_time': 63201.906}
2023-01-15 18:44:58,580 : mpfmc : SlidePlayer: Play called with settings={'end_mode_8_compIG': {'widgets': [{'type': 'text', 'text': 'ABCDEFGHIJKLM', 'x': '0', 'anchor_y': 'top', 'anchor_x': 'left', 'y': 'top', 'style': ['medium'], 'round_anchor_x': 'left', 'round_anchor_y': 'top', '_default_settings': ['type', 'text', 'x', 'anchor_y', 'anchor_x', 'y', 'style', 'round_anchor_x', 'round_anchor_y'], 'opacity': 1.0, 'z': 0, 'reset_animations_events': {}, 'color': [1.0, 1.0, 1.0, 1.0], 'adjust_top': 0, 'adjust_bottom': 0, 'adjust_left': 0, 'adjust_right': 0, 'expire': None, 'key': None, 'widget': None, 'events_when_added': [], 'events_when_removed': [], 'font_size': 15, 'bitmap_font': False, 'font_kerning': True, 'bold': False, 'italic': False, 'number_grouping': False, 'min_digits': 0, 'halign': 'center', 'valign': 'middle', 'rotation': 0, 'scale': 1.0, 'casing': None, 'animations': None}, {'type': 'text', 'text': 'NOPQRSTUVWXYZ', 'x': '0', 'anchor_y': 'top', 'anchor_x': 'left', 'y': 'top-11', 'style': ['medium'], 'round_anchor_x': 'left', 'round_anchor_y': 'top', '_default_settings': ['type', 'text', 'x', 'anchor_y', 'anchor_x', 'y', 'style', 'round_anchor_x', 'round_anchor_y'], 'opacity': 1.0, 'z': 0, 'reset_animations_events': {}, 'color': [1.0, 1.0, 1.0, 1.0], 'adjust_top': 0, 'adjust_bottom': 0, 'adjust_left': 0, 'adjust_right': 0, 'expire': None, 'key': None, 'widget': None, 'events_when_added': [], 'events_when_removed': [], 'font_size': 15, 'bitmap_font': False, 'font_kerning': True, 'bold': False, 'italic': False, 'number_grouping': False, 'min_digits': 0, 'halign': 'center', 'valign': 'middle', 'rotation': 0, 'scale': 1.0, 'casing': None, 'animations': None}, {'type': 'text', 'text': '0123456789.A', 'x': '0', 'anchor_y': 'top', 'anchor_x': 'left', 'y': 'top-22', 'style': ['medium'], 'round_anchor_x': 'left', 'round_anchor_y': 'top', '_default_settings': ['type', 'text', 'x', 'anchor_y', 'anchor_x', 'y', 'style', 'round_anchor_x', 'round_anchor_y'], 'opacity': 1.0, 'z': 0, 'reset_animations_events': {}, 'color': [1.0, 1.0, 1.0, 1.0], 'adjust_top': 0, 'adjust_bottom': 0, 'adjust_left': 0, 'adjust_right': 0, 'expire': None, 'key': None, 'widget': None, 'events_when_added': [], 'events_when_removed': [], 'font_size': 15, 'bitmap_font': False, 'font_kerning': True, 'bold': False, 'italic': False, 'number_grouping': False, 'min_digits': 0, 'halign': 'center', 'valign': 'middle', 'rotation': 0, 'scale': 1.0, 'casing': None, 'animations': None}], 'target': None, 'background_color': [0.0, 0.0, 0.0, 1.0], 'priority': None, 'show': True, 'force': False, 'expire': None, 'slide': None, 'tokens': {}, 'action': 'play'}}
2023-01-15 18:44:58,587 : EventManager : Event: ======'slide_end_mode_8_compIG_created'====== Args={}
2023-01-15 18:44:58,592 : EventManager : Event: ======'slide_end_mode_8_compIG_active'====== Args={}
2023-01-15 18:44:59,047 : EventManager : Event: ======'game_started'====== Args={}
2023-01-15 18:44:59,064 : EventManager : Event: ======'slides_clear'====== Args={'context': 'show_1'}
2023-01-15 18:44:59,065 : EventManager : Event: ======'slide_attract_game_over_slide_removed'====== Args={}
2023-01-15 18:44:59,066 : EventManager : Event: ======'slide_end_mode_8_compIG_removed'====== Args={}
2023-01-15 18:44:59,067 : EventManager : Event: ======'slide_dmd_blank_active'====== Args={}
2023-01-15 18:44:59,096 : EventManager : Event: ======'player_added'====== Args={'player': <Player 1>, 'num': 1}
2023-01-15 18:44:59,096 : EventManager : Event: ======'player_index'====== Args={'value': 0, 'prev_value': 0, 'change': 0, 'player_num': 1}
2023-01-15 18:44:59,097 : EventManager : Event: ======'player_number'====== Args={'value': 1, 'prev_value': 1, 'change': 0, 'player_num': 1}
2023-01-15 18:44:59,097 : EventManager : Event: ======'player_score'====== Args={'value': 0, 'prev_value': 0, 'change': 0, 'player_num': 1}
2023-01-15 18:44:59,097 : EventManager : Event: ======'player_ReceivedDMG'====== Args={'value': 0, 'prev_value': 0, 'change': 0, 'player_num': 1}
2023-01-15 18:44:59,097 : EventManager : Event: ======'player_DMGValue'====== Args={'value': 10000000, 'prev_value': 0, 'change': 10000000, 'player_num': 1}
2023-01-15 18:44:59,098 : EventManager : Event: ======'player_JetValue'====== Args={'value': 5000000, 'prev_value': 0, 'change': 5000000, 'player_num': 1}
2023-01-15 18:44:59,098 : EventManager : Event: ======'player_BonusX'====== Args={'value': 0, 'prev_value': 0, 'change': 0, 'player_num': 1}
2023-01-15 18:44:59,098 : EventManager : Event: ======'player_m1shotmade'====== Args={'value': 0, 'prev_value': 0, 'change': 0, 'player_num': 1}
2023-01-15 18:44:59,098 : EventManager : Event: ======'player_m2shotmade'====== Args={'value': 0, 'prev_value': 0, 'change': 0, 'player_num': 1}
2023-01-15 18:44:59,098 : EventManager : Event: ======'player_m3shotmade'====== Args={'value': 0, 'prev_value': 0, 'change': 0, 'player_num': 1}
2023-01-15 18:44:59,098 : EventManager : Event: ======'player_m4shotmade'====== Args={'value': 0, 'prev_value': 0, 'change': 0, 'player_num': 1}
2023-01-15 18:44:59,098 : EventManager : Event: ======'player_m5shotmade'====== Args={'value': 0, 'prev_value': 0, 'change': 0, 'player_num': 1}
2023-01-15 18:44:59,099 : EventManager : Event: ======'player_m6shotmade'====== Args={'value': 0, 'prev_value': 0, 'change': 0, 'player_num': 1}
2023-01-15 18:44:59,099 : EventManager : Event: ======'player_m7shotmade'====== Args={'value': 0, 'prev_value': 0, 'change': 0, 'player_num': 1}
2023-01-15 18:44:59,099 : EventManager : Event: ======'player_m8shotmade'====== Args={'value': 0, 'prev_value': 0, 'change': 0, 'player_num': 1}
2023-01-15 18:44:59,099 : EventManager : Event: ======'player_m9shotmade'====== Args={'value': 0, 'prev_value': 0, 'change': 0, 'player_num': 1}
2023-01-15 18:44:59,099 : EventManager : Event: ======'player_m1_active'====== Args={'value': 0, 'prev_value': 0, 'change': 0, 'player_num': 1}
2023-01-15 18:44:59,099 : EventManager : Event: ======'player_m2_active'====== Args={'value': 0, 'prev_value': 0, 'change': 0, 'player_num': 1}
2023-01-15 18:44:59,099 : EventManager : Event: ======'player_m3_active'====== Args={'value': 0, 'prev_value': 0, 'change': 0, 'player_num': 1}
2023-01-15 18:44:59,100 : EventManager : Event: ======'player_m4_active'====== Args={'value': 0, 'prev_value': 0, 'change': 0, 'player_num': 1}
2023-01-15 18:44:59,100 : EventManager : Event: ======'player_m5_active'====== Args={'value': 0, 'prev_value': 0, 'change': 0, 'player_num': 1}
2023-01-15 18:44:59,100 : EventManager : Event: ======'player_m6_active'====== Args={'value': 0, 'prev_value': 0, 'change': 0, 'player_num': 1}
2023-01-15 18:44:59,100 : EventManager : Event: ======'player_m7_active'====== Args={'value': 0, 'prev_value': 0, 'change': 0, 'player_num': 1}
2023-01-15 18:44:59,100 : EventManager : Event: ======'player_m8_active'====== Args={'value': 0, 'prev_value': 0, 'change': 0, 'player_num': 1}
2023-01-15 18:44:59,100 : EventManager : Event: ======'player_m9_active'====== Args={'value': 0, 'prev_value': 0, 'change': 0, 'player_num': 1}
2023-01-15 18:44:59,100 : EventManager : Event: ======'player_m1shotremaining'====== Args={'value': 4, 'prev_value': 0, 'change': 4, 'player_num': 1}
2023-01-15 18:44:59,100 : EventManager : Event: ======'player_m2shotremaining'====== Args={'value': 20, 'prev_value': 0, 'change': 20, 'player_num': 1}
2023-01-15 18:44:59,101 : EventManager : Event: ======'player_m3shotremaining'====== Args={'value': 4, 'prev_value': 0, 'change': 4, 'player_num': 1}
2023-01-15 18:44:59,101 : EventManager : Event: ======'player_m4shotremaining'====== Args={'value': 4, 'prev_value': 0, 'change': 4, 'player_num': 1}
2023-01-15 18:44:59,101 : EventManager : Event: ======'player_m5shotremaining'====== Args={'value': 4, 'prev_value': 0, 'change': 4, 'player_num': 1}
2023-01-15 18:44:59,101 : EventManager : Event: ======'player_m6shotremaining'====== Args={'value': 4, 'prev_value': 0, 'change': 4, 'player_num': 1}
2023-01-15 18:44:59,102 : EventManager : Event: ======'player_m7shotremaining'====== Args={'value': 4, 'prev_value': 0, 'change': 4, 'player_num': 1}
2023-01-15 18:44:59,102 : EventManager : Event: ======'player_m8shotremaining'====== Args={'value': 4, 'prev_value': 0, 'change': 4, 'player_num': 1}
2023-01-15 18:44:59,102 : EventManager : Event: ======'player_m9shotremaining'====== Args={'value': 4, 'prev_value': 0, 'change': 4, 'player_num': 1}
2023-01-15 18:44:59,102 : EventManager : Event: ======'player_m1entrynumber_m'====== Args={'value': 1, 'prev_value': 0, 'change': 1, 'player_num': 1}
2023-01-15 18:44:59,102 : EventManager : Event: ======'player_m2entrynumber_m'====== Args={'value': 1, 'prev_value': 0, 'change': 1, 'player_num': 1}
2023-01-15 18:44:59,102 : EventManager : Event: ======'player_m3entrynumber_m'====== Args={'value': 1, 'prev_value': 0, 'change': 1, 'player_num': 1}
2023-01-15 18:44:59,102 : EventManager : Event: ======'player_m4entrynumber_m'====== Args={'value': 1, 'prev_value': 0, 'change': 1, 'player_num': 1}
2023-01-15 18:44:59,102 : EventManager : Event: ======'player_m5entrynumber_m'====== Args={'value': 1, 'prev_value': 0, 'change': 1, 'player_num': 1}
2023-01-15 18:44:59,103 : EventManager : Event: ======'player_m6entrynumber_m'====== Args={'value': 1, 'prev_value': 0, 'change': 1, 'player_num': 1}
2023-01-15 18:44:59,103 : EventManager : Event: ======'player_m7entrynumber_m'====== Args={'value': 1, 'prev_value': 0, 'change': 1, 'player_num': 1}
2023-01-15 18:44:59,103 : EventManager : Event: ======'player_m8entrynumber_m'====== Args={'value': 1, 'prev_value': 0, 'change': 1, 'player_num': 1}
2023-01-15 18:44:59,103 : EventManager : Event: ======'player_m9entrynumber_m'====== Args={'value': 1, 'prev_value': 0, 'change': 1, 'player_num': 1}
2023-01-15 18:44:59,103 : EventManager : Event: ======'player_m1entrynumber'====== Args={'value': 0, 'prev_value': 0, 'change': 0, 'player_num': 1}
2023-01-15 18:44:59,103 : EventManager : Event: ======'player_m2entrynumber'====== Args={'value': 0, 'prev_value': 0, 'change': 0, 'player_num': 1}
2023-01-15 18:44:59,103 : EventManager : Event: ======'player_m3entrynumber'====== Args={'value': 0, 'prev_value': 0, 'change': 0, 'player_num': 1}
2023-01-15 18:44:59,103 : EventManager : Event: ======'player_m4entrynumber'====== Args={'value': 0, 'prev_value': 0, 'change': 0, 'player_num': 1}
2023-01-15 18:44:59,103 : EventManager : Event: ======'player_m5entrynumber'====== Args={'value': 0, 'prev_value': 0, 'change': 0, 'player_num': 1}
2023-01-15 18:44:59,104 : EventManager : Event: ======'player_m6entrynumber'====== Args={'value': 0, 'prev_value': 0, 'change': 0, 'player_num': 1}
2023-01-15 18:44:59,104 : EventManager : Event: ======'player_m7entrynumber'====== Args={'value': 0, 'prev_value': 0, 'change': 0, 'player_num': 1}
2023-01-15 18:44:59,104 : EventManager : Event: ======'player_m8entrynumber'====== Args={'value': 0, 'prev_value': 0, 'change': 0, 'player_num': 1}
2023-01-15 18:44:59,104 : EventManager : Event: ======'player_m9entrynumber'====== Args={'value': 0, 'prev_value': 0, 'change': 0, 'player_num': 1}
2023-01-15 18:44:59,104 : EventManager : Event: ======'player_m10_finished'====== Args={'value': 0, 'prev_value': 0, 'change': 0, 'player_num': 1}
2023-01-15 18:44:59,104 : EventManager : Event: ======'player_mode_shot_enabled'====== Args={'value': 0, 'prev_value': 0, 'change': 0, 'player_num': 1}
2023-01-15 18:44:59,104 : EventManager : Event: ======'player_mode_shot_made'====== Args={'value': 0, 'prev_value': 0, 'change': 0, 'player_num': 1}
2023-01-15 18:44:59,104 : EventManager : Event: ======'player_completed_modes'====== Args={'value': 0, 'prev_value': 0, 'change': 0, 'player_num': 1}
2023-01-15 18:44:59,104 : EventManager : Event: ======'player_dmg_con_last_jackpot'====== Args={'value': 10000000, 'prev_value': 0, 'change': 10000000, 'player_num': 1}
2023-01-15 18:44:59,104 : EventManager : Event: ======'player_aa_fire_timer_active'====== Args={'value': 0, 'prev_value': 0, 'change': 0, 'player_num': 1}
2023-01-15 18:44:59,105 : EventManager : Event: ======'player_lock_lit_1_state'====== Args={'value': 0, 'prev_value': 0, 'change': 0, 'player_num': 1}
2023-01-15 18:44:59,105 : EventManager : Event: ======'player_lock_lit_2_state'====== Args={'value': 0, 'prev_value': 0, 'change': 0, 'player_num': 1}
2023-01-15 18:44:59,105 : EventManager : Event: ======'player_freeze_started'====== Args={'value': 0, 'prev_value': 0, 'change': 0, 'player_num': 1}
2023-01-15 18:44:59,105 : EventManager : Event: ======'player_timer_height'====== Args={'value': 0.0, 'prev_value': 0, 'change': 0.0, 'player_num': 1}
2023-01-15 18:44:59,105 : EventManager : Event: ======'player_citadel_number'====== Args={'value': 0, 'prev_value': 0, 'change': 0, 'player_num': 1}
2023-01-15 18:44:59,105 : EventManager : Event: ======'player_torpedo_number'====== Args={'value': 0, 'prev_value': 0, 'change': 0, 'player_num': 1}
2023-01-15 18:44:59,105 : EventManager : Event: ======'player_citadel_load_number'====== Args={'value': 3, 'prev_value': 0, 'change': 3, 'player_num': 1}
2023-01-15 18:44:59,105 : EventManager : Event: ======'player_torpedo_load_number'====== Args={'value': 3, 'prev_value': 0, 'change': 3, 'player_num': 1}
2023-01-15 18:44:59,105 : EventManager : Event: ======'player_citadel_ready'====== Args={'value': 0, 'prev_value': 0, 'change': 0, 'player_num': 1}
2023-01-15 18:44:59,113 : EventManager : Event: ======'player_torpedo_ready'====== Args={'value': 0, 'prev_value': 0, 'change': 0, 'player_num': 1}
2023-01-15 18:44:59,113 : EventManager : Event: ======'player_torpedo_dmg'====== Args={'value': 10.0, 'prev_value': 0, 'change': 10.0, 'player_num': 1}
2023-01-15 18:44:59,113 : EventManager : Event: ======'player_citadel_dmg'====== Args={'value': 10.0, 'prev_value': 0, 'change': 10.0, 'player_num': 1}
2023-01-15 18:44:59,113 : EventManager : Event: ======'player_fire_dmg'====== Args={'value': 10.0, 'prev_value': 0, 'change': 10.0, 'player_num': 1}
2023-01-15 18:44:59,114 : EventManager : Event: ======'player_penetration_dmg'====== Args={'value': 10.0, 'prev_value': 0, 'change': 10.0, 'player_num': 1}
2023-01-15 18:44:59,114 : EventManager : Event: ======'player_modeshotremaining'====== Args={'value': -1, 'prev_value': 0, 'change': -1, 'player_num': 1}
2023-01-15 18:44:59,114 : EventManager : Event: ======'player_super_lock'====== Args={'value': 0, 'prev_value': 0, 'change': 0, 'player_num': 1}
2023-01-15 18:44:59,114 : EventManager : Event: ======'player_container_lit'====== Args={'value': 0, 'prev_value': 0, 'change': 0, 'player_num': 1}
2023-01-15 18:44:59,114 : EventManager : Event: ======'player_addaball_lit'====== Args={'value': 0, 'prev_value': 0, 'change': 0, 'player_num': 1}
2023-01-15 18:44:59,114 : EventManager : Event: ======'player_more_time_lit'====== Args={'value': 0, 'prev_value': 0, 'change': 0, 'player_num': 1}
2023-01-15 18:44:59,115 : EventManager : Event: ======'player_ship'====== Args={'value': 'None', 'prev_value': 0, 'change': True, 'player_num': 1}
2023-01-15 18:44:59,115 : EventManager : Event: ======'player_language'====== Args={'value': 'None', 'prev_value': 0, 'change': True, 'player_num': 1}
2023-01-15 18:44:59,115 : EventManager : Event: ======'player_battle_bumper'====== Args={'value': 'fire', 'prev_value': 0, 'change': True, 'player_num': 1}
2023-01-15 18:44:59,115 : EventManager : Event: ======'player_fire_1_active'====== Args={'value': 0, 'prev_value': 0, 'change': 0, 'player_num': 1}
2023-01-15 18:44:59,115 : EventManager : Event: ======'player_fire_2_active'====== Args={'value': 0, 'prev_value': 0, 'change': 0, 'player_num': 1}
2023-01-15 18:44:59,115 : EventManager : Event: ======'player_fire_3_active'====== Args={'value': 0, 'prev_value': 0, 'change': 0, 'player_num': 1}
2023-01-15 18:44:59,115 : EventManager : Event: ======'player_m1_shot_need'====== Args={'value': 0, 'prev_value': 0, 'change': 0, 'player_num': 1}
2023-01-15 18:44:59,115 : EventManager : Event: ======'player_m2_shot_need'====== Args={'value': 0, 'prev_value': 0, 'change': 0, 'player_num': 1}
2023-01-15 18:44:59,116 : EventManager : Event: ======'player_m3_shot_need'====== Args={'value': 0, 'prev_value': 0, 'change': 0, 'player_num': 1}
2023-01-15 18:44:59,116 : EventManager : Event: ======'player_m4_shot_need'====== Args={'value': 0, 'prev_value': 0, 'change': 0, 'player_num': 1}
2023-01-15 18:44:59,116 : EventManager : Event: ======'player_m5_shot_need'====== Args={'value': 0, 'prev_value': 0, 'change': 0, 'player_num': 1}
2023-01-15 18:44:59,116 : EventManager : Event: ======'player_m6_shot_need'====== Args={'value': 0, 'prev_value': 0, 'change': 0, 'player_num': 1}
2023-01-15 18:44:59,117 : EventManager : Event: ======'player_m7_shot_need'====== Args={'value': 0, 'prev_value': 0, 'change': 0, 'player_num': 1}
2023-01-15 18:44:59,117 : EventManager : Event: ======'player_m8_shot_need'====== Args={'value': 0, 'prev_value': 0, 'change': 0, 'player_num': 1}
2023-01-15 18:44:59,117 : EventManager : Event: ======'player_m9_shot_need'====== Args={'value': 0, 'prev_value': 0, 'change': 0, 'player_num': 1}
2023-01-15 18:44:59,117 : EventManager : Event: ======'player_m10_shot_need'====== Args={'value': 0, 'prev_value': 0, 'change': 0, 'player_num': 1}
2023-01-15 18:44:59,117 : EventManager : Event: ======'player_m9_phase_1_active'====== Args={'value': 0, 'prev_value': 0, 'change': 0, 'player_num': 1}
2023-01-15 18:44:59,118 : EventManager : Event: ======'player_m9_phase_2_active'====== Args={'value': 0, 'prev_value': 0, 'change': 0, 'player_num': 1}
2023-01-15 18:44:59,118 : EventManager : Event: ======'player_bomb_number'====== Args={'value': 0, 'prev_value': 0, 'change': 0, 'player_num': 1}
2023-01-15 18:44:59,118 : EventManager : Event: ======'player_t_1_1_commander'====== Args={'value': 0, 'prev_value': 0, 'change': 0, 'player_num': 1}
2023-01-15 18:44:59,118 : EventManager : Event: ======'player_t_1_2_commander'====== Args={'value': 0, 'prev_value': 0, 'change': 0, 'player_num': 1}
2023-01-15 18:44:59,118 : EventManager : Event: ======'player_t_1_3_commander'====== Args={'value': 0, 'prev_value': 0, 'change': 0, 'player_num': 1}
2023-01-15 18:44:59,118 : EventManager : Event: ======'player_t_1_4_commander'====== Args={'value': 0, 'prev_value': 0, 'change': 0, 'player_num': 1}
2023-01-15 18:44:59,118 : EventManager : Event: ======'player_t_2_1_commander'====== Args={'value': 0, 'prev_value': 0, 'change': 0, 'player_num': 1}
2023-01-15 18:44:59,119 : EventManager : Event: ======'player_t_2_2_commander'====== Args={'value': 0, 'prev_value': 0, 'change': 0, 'player_num': 1}
2023-01-15 18:44:59,119 : EventManager : Event: ======'player_t_2_3_commander'====== Args={'value': 0, 'prev_value': 0, 'change': 0, 'player_num': 1}
2023-01-15 18:44:59,119 : EventManager : Event: ======'player_t_2_4_commander'====== Args={'value': 0, 'prev_value': 0, 'change': 0, 'player_num': 1}
2023-01-15 18:44:59,119 : EventManager : Event: ======'player_t_3_1_commander'====== Args={'value': 0, 'prev_value': 0, 'change': 0, 'player_num': 1}
2023-01-15 18:44:59,119 : EventManager : Event: ======'player_t_3_2_commander'====== Args={'value': 0, 'prev_value': 0, 'change': 0, 'player_num': 1}
2023-01-15 18:44:59,119 : EventManager : Event: ======'player_t_3_3_commander'====== Args={'value': 0, 'prev_value': 0, 'change': 0, 'player_num': 1}
2023-01-15 18:44:59,119 : EventManager : Event: ======'player_t_3_4_commander'====== Args={'value': 0, 'prev_value': 0, 'change': 0, 'player_num': 1}
2023-01-15 18:44:59,119 : EventManager : Event: ======'player_t_4_1_commander'====== Args={'value': 0, 'prev_value': 0, 'change': 0, 'player_num': 1}
2023-01-15 18:44:59,120 : EventManager : Event: ======'player_t_4_2_commander'====== Args={'value': 0, 'prev_value': 0, 'change': 0, 'player_num': 1}
2023-01-15 18:44:59,120 : EventManager : Event: ======'player_t_4_3_commander'====== Args={'value': 0, 'prev_value': 0, 'change': 0, 'player_num': 1}
2023-01-15 18:44:59,120 : EventManager : Event: ======'player_t_4_4_commander'====== Args={'value': 0, 'prev_value': 0, 'change': 0, 'player_num': 1}
2023-01-15 18:44:59,120 : EventManager : Event: ======'player_current_commander'====== Args={'value': 1, 'prev_value': 0, 'change': 1, 'player_num': 1}
2023-01-15 18:44:59,120 : EventManager : Event: ======'player_current_skill_points'====== Args={'value': 0, 'prev_value': 0, 'change': 0, 'player_num': 1}
2023-01-15 18:44:59,120 : EventManager : Event: ======'player_current_skill_level'====== Args={'value': 0, 'prev_value': 0, 'change': 0, 'player_num': 1}
2023-01-15 18:44:59,120 : EventManager : Event: ======'player_skill_lit'====== Args={'value': 0, 'prev_value': 0, 'change': 0, 'player_num': 1}
2023-01-15 18:44:59,121 : EventManager : Event: ======'player_bomb_1_active'====== Args={'value': 0, 'prev_value': 0, 'change': 0, 'player_num': 1}
2023-01-15 18:44:59,121 : EventManager : Event: ======'player_bomb_2_active'====== Args={'value': 0, 'prev_value': 0, 'change': 0, 'player_num': 1}
2023-01-15 18:44:59,121 : EventManager : Event: ======'player_bomb_3_active'====== Args={'value': 0, 'prev_value': 0, 'change': 0, 'player_num': 1}
2023-01-15 18:44:59,121 : EventManager : Event: ======'player_bomb_4_active'====== Args={'value': 0, 'prev_value': 0, 'change': 0, 'player_num': 1}
2023-01-15 18:44:59,121 : EventManager : Event: ======'player_bomb_5_active'====== Args={'value': 0, 'prev_value': 0, 'change': 0, 'player_num': 1}
2023-01-15 18:44:59,121 : EventManager : Event: ======'player_bomb_6_active'====== Args={'value': 0, 'prev_value': 0, 'change': 0, 'player_num': 1}
2023-01-15 18:44:59,121 : EventManager : Event: ======'player_bomb_7_active'====== Args={'value': 0, 'prev_value': 0, 'change': 0, 'player_num': 1}
2023-01-15 18:44:59,121 : EventManager : Event: ======'player_bomb_8_active'====== Args={'value': 0, 'prev_value': 0, 'change': 0, 'player_num': 1}
2023-01-15 18:44:59,122 : EventManager : Event: ======'player_bomb_9_active'====== Args={'value': 0, 'prev_value': 0, 'change': 0, 'player_num': 1}
2023-01-15 18:44:59,122 : EventManager : Event: ======'player_bomb_10_active'====== Args={'value': 0, 'prev_value': 0, 'change': 0, 'player_num': 1}
2023-01-15 18:44:59,122 : EventManager : Event: ======'player_bomb_11_active'====== Args={'value': 0, 'prev_value': 0, 'change': 0, 'player_num': 1}
2023-01-15 18:44:59,130 : EventManager : Event: ======'player_bomb_animation_queue'====== Args={'value': 0, 'prev_value': 0, 'change': 0, 'player_num': 1}
2023-01-15 18:44:59,130 : EventManager : Event: ======'player_bomb_animation_in_progress'====== Args={'value': 0, 'prev_value': 0, 'change': 0, 'player_num': 1}
2023-01-15 18:44:59,130 : EventManager : Event: ======'player_bomb_animation_completed'====== Args={'value': 0, 'prev_value': 0, 'change': 0, 'player_num': 1}
2023-01-15 18:44:59,130 : EventManager : Event: ======'player_bomb_animation_no_more'====== Args={'value': 0, 'prev_value': 0, 'change': 0, 'player_num': 1}
2023-01-15 18:44:59,130 : EventManager : Event: ======'player_aircraft_carrier_in_engage'====== Args={'value': 0, 'prev_value': 0, 'change': 0, 'player_num': 1}
2023-01-15 18:44:59,130 : EventManager : Event: ======'player_aircraft_carrier_torpedo_dropped'====== Args={'value': 0, 'prev_value': 0, 'change': 0, 'player_num': 1}
2023-01-15 18:44:59,130 : EventManager : Event: ======'player_spinner_value'====== Args={'value': 0, 'prev_value': 0, 'change': 0, 'player_num': 1}
2023-01-15 18:44:59,130 : EventManager : Event: ======'widgets_play'====== Args={'settings': {'base_score_widget': {'slide': 'base_slide', 'priority': 0, 'action': 'add', 'key': None, 'target': None}, 'base_level_widget': {'slide': 'base_slide', 'priority': 0, 'action': 'add', 'key': None, 'target': None}, 'base_ball_widget': {'slide': 'base_slide', 'priority': 0, 'action': 'add', 'key': None, 'target': None}}, 'context': 'game', 'calling_context': 'game_started', 'priority': 20}
2023-01-15 18:44:59,131 : EventManager : Unordered handler for class McConfigPlayer.widgets on event slide_base_slide_created with priority 0. Handlers: [RegisteredHandler(callback=<bound method McWidgetPlayer._add_widget_to_slide_when_active of McConfigPlayer.widgets>, priority=0, kwargs={'slide_name': 'base_slide', 'widget': 'base_score_widget', 's': {'slide': 'base_slide', 'key': 'game-base_score_widget', 'target': None}, 'play_kwargs': {}}, key=UUID('643e00d2-9222-498f-9829-579cbe7c1176'), condition=None, blocking_facility=None), RegisteredHandler(callback=<bound method McWidgetPlayer._add_widget_to_slide_when_active of McConfigPlayer.widgets>, priority=0, kwargs={'slide_name': 'base_slide', 'widget': 'base_level_widget', 's': {'slide': 'base_slide', 'key': 'game-base_level_widget', 'target': None}, 'play_kwargs': {}}, key=UUID('a532b5b5-0fea-46cf-813c-97a24f77a843'), condition=None, blocking_facility=None)]. The order of those handlers is not defined and they will be executed in random order. This might lead to race conditions and potential bugs.
2023-01-15 18:44:59,131 : EventManager : Unordered handler for class McConfigPlayer.widgets on event slide_base_slide_created with priority 0. Handlers: [RegisteredHandler(callback=<bound method McWidgetPlayer._add_widget_to_slide_when_active of McConfigPlayer.widgets>, priority=0, kwargs={'slide_name': 'base_slide', 'widget': 'base_score_widget', 's': {'slide': 'base_slide', 'key': 'game-base_score_widget', 'target': None}, 'play_kwargs': {}}, key=UUID('643e00d2-9222-498f-9829-579cbe7c1176'), condition=None, blocking_facility=None), RegisteredHandler(callback=<bound method McWidgetPlayer._add_widget_to_slide_when_active of McConfigPlayer.widgets>, priority=0, kwargs={'slide_name': 'base_slide', 'widget': 'base_level_widget', 's': {'slide': 'base_slide', 'key': 'game-base_level_widget', 'target': None}, 'play_kwargs': {}}, key=UUID('a532b5b5-0fea-46cf-813c-97a24f77a843'), condition=None, blocking_facility=None), RegisteredHandler(callback=<bound method McWidgetPlayer._add_widget_to_slide_when_active of McConfigPlayer.widgets>, priority=0, kwargs={'slide_name': 'base_slide', 'widget': 'base_ball_widget', 's': {'slide': 'base_slide', 'key': 'game-base_ball_widget', 'target': None}, 'play_kwargs': {}}, key=UUID('9c03ee0c-fbe9-4ccb-b7b9-eb77ef8f2fc9'), condition=None, blocking_facility=None)]. The order of those handlers is not defined and they will be executed in random order. This might lead to race conditions and potential bugs.
2023-01-15 18:44:59,131 : EventManager : Unordered handler for class McConfigPlayer.widgets on event slide_base_slide_created with priority 0. Handlers: [RegisteredHandler(callback=<bound method McWidgetPlayer._add_widget_to_slide_when_active of McConfigPlayer.widgets>, priority=0, kwargs={'slide_name': 'base_slide', 'widget': 'base_score_widget', 's': {'slide': 'base_slide', 'key': 'game-base_score_widget', 'target': None}, 'play_kwargs': {}}, key=UUID('643e00d2-9222-498f-9829-579cbe7c1176'), condition=None, blocking_facility=None), RegisteredHandler(callback=<bound method McWidgetPlayer._add_widget_to_slide_when_active of McConfigPlayer.widgets>, priority=0, kwargs={'slide_name': 'base_slide', 'widget': 'base_level_widget', 's': {'slide': 'base_slide', 'key': 'game-base_level_widget', 'target': None}, 'play_kwargs': {}}, key=UUID('a532b5b5-0fea-46cf-813c-97a24f77a843'), condition=None, blocking_facility=None), RegisteredHandler(callback=<bound method McWidgetPlayer._add_widget_to_slide_when_active of McConfigPlayer.widgets>, priority=0, kwargs={'slide_name': 'base_slide', 'widget': 'base_ball_widget', 's': {'slide': 'base_slide', 'key': 'game-base_ball_widget', 'target': None}, 'play_kwargs': {}}, key=UUID('9c03ee0c-fbe9-4ccb-b7b9-eb77ef8f2fc9'), condition=None, blocking_facility=None)]. The order of those handlers is not defined and they will be executed in random order. This might lead to race conditions and potential bugs.
2023-01-15 18:44:59,179 : EventManager : Event: ======'player_ball'====== Args={'value': 1, 'prev_value': 0, 'change': 1, 'player_num': 1}
2023-01-15 18:44:59,180 : EventManager : Event: ======'widgets_play'====== Args={'settings': {'mp_score_widget_player_1': {'action': 'remove', 'priority': 0, 'slide': None, 'key': None, 'target': None}, 'mp_name_widget_player_1': {'slide': 'multiplayer_slide', 'priority': 0, 'action': 'add', 'key': None, 'target': None}}, 'context': 'game', 'calling_context': 'player_turn_started{number==1}', 'priority': 20, 'player': '<Player 1>', 'number': 1}
2023-01-15 18:44:59,180 : EventManager : Event: ======'player_turn_start'====== Args={'number': 1, 'player': <Player 1>}
2023-01-15 18:44:59,331 : EventManager : Event: ======'player_shot_lock_lit_1_enabled'====== Args={'value': True, 'prev_value': 0, 'change': 1, 'player_num': 1}
2023-01-15 18:44:59,331 : EventManager : Event: ======'player_shot_lock_lit_2_enabled'====== Args={'value': True, 'prev_value': 0, 'change': 1, 'player_num': 1}
2023-01-15 18:44:59,347 : EventManager : Event: ======'player_shot_detonation_lit_enabled'====== Args={'value': True, 'prev_value': 0, 'change': 1, 'player_num': 1}
2023-01-15 18:44:59,347 : EventManager : Event: ======'player_shot_detonation_enabled'====== Args={'value': False, 'prev_value': 0, 'change': 0, 'player_num': 1}
2023-01-15 18:44:59,348 : EventManager : Event: ======'player_shot_ricochet_1_enabled'====== Args={'value': True, 'prev_value': 0, 'change': 1, 'player_num': 1}
2023-01-15 18:44:59,348 : EventManager : Event: ======'player_shot_ricochet_2_enabled'====== Args={'value': True, 'prev_value': 0, 'change': 1, 'player_num': 1}
2023-01-15 18:44:59,348 : EventManager : Event: ======'player_shot_ricochet_3_enabled'====== Args={'value': True, 'prev_value': 0, 'change': 1, 'player_num': 1}
2023-01-15 18:44:59,348 : EventManager : Event: ======'player_shot_ricochet_4_enabled'====== Args={'value': True, 'prev_value': 0, 'change': 1, 'player_num': 1}
2023-01-15 18:44:59,364 : EventManager : Event: ======'player_shot_lane_A_enabled'====== Args={'value': True, 'prev_value': 0, 'change': 1, 'player_num': 1}
2023-01-15 18:44:59,364 : EventManager : Event: ======'player_shot_lane_B_enabled'====== Args={'value': True, 'prev_value': 0, 'change': 1, 'player_num': 1}
2023-01-15 18:44:59,364 : EventManager : Event: ======'player_shot_lane_C_enabled'====== Args={'value': True, 'prev_value': 0, 'change': 1, 'player_num': 1}
2023-01-15 18:44:59,364 : EventManager : Event: ======'player_shot_lane_D_enabled'====== Args={'value': True, 'prev_value': 0, 'change': 1, 'player_num': 1}
2023-01-15 18:44:59,365 : EventManager : Event: ======'player_shot_lane_E_enabled'====== Args={'value': True, 'prev_value': 0, 'change': 1, 'player_num': 1}
2023-01-15 18:44:59,365 : EventManager : Event: ======'player_DMGValue'====== Args={'value': 120000000, 'prev_value': 10000000, 'change': 110000000, 'player_num': 1}
2023-01-15 18:44:59,365 : EventManager : Event: ======'player_JetValue'====== Args={'value': 500000, 'prev_value': 5000000, 'change': -4500000, 'player_num': 1}
2023-01-15 18:44:59,365 : EventManager : Event: ======'player_BonusX'====== Args={'value': 1, 'prev_value': 0, 'change': 1, 'player_num': 1}
2023-01-15 18:44:59,366 : EventManager : Event: ======'player_shot_lock_lit_1_enabled'====== Args={'value': False, 'prev_value': True, 'change': -1, 'player_num': 1}
2023-01-15 18:44:59,366 : EventManager : Event: ======'player_shot_lock_lit_2_enabled'====== Args={'value': False, 'prev_value': True, 'change': -1, 'player_num': 1}
2023-01-15 18:44:59,366 : EventManager : Event: ======'player_shot_lock_lit_1_enabled'====== Args={'value': True, 'prev_value': False, 'change': 1, 'player_num': 1}
2023-01-15 18:44:59,366 : EventManager : Event: ======'player_shot_lock_lit_2_enabled'====== Args={'value': True, 'prev_value': False, 'change': 1, 'player_num': 1}
2023-01-15 18:44:59,366 : EventManager : Event: ======'player_take_dmg_score'====== Args={'value': 18000000, 'prev_value': 0, 'change': 18000000, 'player_num': 1}
2023-01-15 18:44:59,366 : EventManager : Event: ======'player_ReceivedDMGshow'====== Args={'value': 0, 'prev_value': 0, 'change': 0, 'player_num': 1}
2023-01-15 18:44:59,380 : EventManager : Event: ======'slides_play'====== Args={'settings': {'prelaunch_slide': {'priority': 120, 'target': None, 'background_color': [0.0, 0.0, 0.0, 1.0], 'show': True, 'force': False, 'expire': None, 'slide': None, 'tokens': {}, 'action': 'play'}}, 'context': 'skill_shot', 'calling_context': 'mode_skill_shot_started', 'priority': 150, 'player': 1, 'ball': 1, 'balls_remaining': 2, 'is_extra_ball': False}
2023-01-15 18:44:59,381 : mpfmc : SlidePlayer: Play called with settings={'prelaunch_slide': {'priority': 120, 'target': None, 'background_color': [0.0, 0.0, 0.0, 1.0], 'show': True, 'force': False, 'expire': None, 'slide': None, 'tokens': {}, 'action': 'play'}}
2023-01-15 18:44:59,381 : EventManager : Event: ======'slide_prelaunch_slide_created'====== Args={}
2023-01-15 18:44:59,383 : EventManager : Event: ======'slide_prelaunch_slide_active'====== Args={}
2023-01-15 18:44:59,397 : EventManager : Event: ======'widgets_play'====== Args={'settings': {'skill_shot_select_widget_1': {'slide': 'prelaunch_slide', 'action': 'add', 'priority': 0, 'key': None, 'target': None}, 'skill_shot_select_widget_2': {'action': 'remove', 'priority': 0, 'slide': None, 'key': None, 'target': None}, 'skill_shot_select_widget_3': {'action': 'remove', 'priority': 0, 'slide': None, 'key': None, 'target': None}, 'skill_shot_select_widget_4': {'action': 'remove', 'priority': 0, 'slide': None, 'key': None, 'target': None}, 'skill_shot_select_widget_5': {'action': 'remove', 'priority': 0, 'slide': None, 'key': None, 'target': None}}, 'context': 'skill_shot', 'calling_context': 'skillshot_1_selected', 'priority': 150, 'restore': False, 'state': 'enabled', 'selected': True}
2023-01-15 18:44:59,398 : EventManager : Event: ======'player_bonusX_progress_number'====== Args={'value': 2, 'prev_value': 0, 'change': 2, 'player_num': 1}
2023-01-15 18:44:59,398 : EventManager : Event: ======'player_bomb_progress_number'====== Args={'value': 3, 'prev_value': 0, 'change': 3, 'player_num': 1}
2023-01-15 18:44:59,398 : EventManager : Event: ======'player_battle_lit_score'====== Args={'value': 5, 'prev_value': 0, 'change': 5, 'player_num': 1}
2023-01-15 18:44:59,401 : EventManager : Unordered handler for class McConfigPlayer.widgets on event slide_prelaunch_slide_created with priority 0. Handlers: [RegisteredHandler(callback=<bound method McWidgetPlayer._add_widget_to_slide_when_active of McConfigPlayer.widgets>, priority=0, kwargs={'slide_name': 'prelaunch_slide', 'widget': 'skillshot_up_selected_player_1_widget', 's': {'slide': 'prelaunch_slide', 'key': 'skill_shot-skillshot_up_selected_player_1_widget', 'target': None}, 'play_kwargs': {}}, key=UUID('cfffe2dd-6982-4dc4-a9c6-c9cbda457aaf'), condition=None, blocking_facility=None), RegisteredHandler(callback=<bound method McWidgetPlayer._add_widget_to_slide_when_active of McConfigPlayer.widgets>, priority=0, kwargs={'slide_name': 'prelaunch_slide', 'widget': 'skillshot_up_player_2_widget', 's': {'slide': 'prelaunch_slide', 'key': 'skill_shot-skillshot_up_player_2_widget', 'target': None}, 'play_kwargs': {}}, key=UUID('270c161f-105a-4dcd-a9c9-0b7618ea8f7b'), condition=None, blocking_facility=None)]. The order of those handlers is not defined and they will be executed in random order. This might lead to race conditions and potential bugs.
2023-01-15 18:44:59,403 : EventManager : Unordered handler for class McConfigPlayer.widgets on event slide_prelaunch_slide_created with priority 0. Handlers: [RegisteredHandler(callback=<bound method McWidgetPlayer._add_widget_to_slide_when_active of McConfigPlayer.widgets>, priority=0, kwargs={'slide_name': 'prelaunch_slide', 'widget': 'skillshot_up_selected_player_1_widget', 's': {'slide': 'prelaunch_slide', 'key': 'skill_shot-skillshot_up_selected_player_1_widget', 'target': None}, 'play_kwargs': {}}, key=UUID('cfffe2dd-6982-4dc4-a9c6-c9cbda457aaf'), condition=None, blocking_facility=None), RegisteredHandler(callback=<bound method McWidgetPlayer._add_widget_to_slide_when_active of McConfigPlayer.widgets>, priority=0, kwargs={'slide_name': 'prelaunch_slide', 'widget': 'skillshot_up_player_2_widget', 's': {'slide': 'prelaunch_slide', 'key': 'skill_shot-skillshot_up_player_2_widget', 'target': None}, 'play_kwargs': {}}, key=UUID('270c161f-105a-4dcd-a9c9-0b7618ea8f7b'), condition=None, blocking_facility=None), RegisteredHandler(callback=<bound method McWidgetPlayer._add_widget_to_slide_when_active of McConfigPlayer.widgets>, priority=0, kwargs={'slide_name': 'prelaunch_slide', 'widget': 'skillshot_up_player_3_widget', 's': {'slide': 'prelaunch_slide', 'key': 'skill_shot-skillshot_up_player_3_widget', 'target': None}, 'play_kwargs': {}}, key=UUID('e86a9394-c55e-4ab5-9d9d-a96187873e0c'), condition=None, blocking_facility=None)]. The order of those handlers is not defined and they will be executed in random order. This might lead to race conditions and potential bugs.
2023-01-15 18:44:59,403 : EventManager : Unordered handler for class McConfigPlayer.widgets on event slide_prelaunch_slide_created with priority 0. Handlers: [RegisteredHandler(callback=<bound method McWidgetPlayer._add_widget_to_slide_when_active of McConfigPlayer.widgets>, priority=0, kwargs={'slide_name': 'prelaunch_slide', 'widget': 'skillshot_up_selected_player_1_widget', 's': {'slide': 'prelaunch_slide', 'key': 'skill_shot-skillshot_up_selected_player_1_widget', 'target': None}, 'play_kwargs': {}}, key=UUID('cfffe2dd-6982-4dc4-a9c6-c9cbda457aaf'), condition=None, blocking_facility=None), RegisteredHandler(callback=<bound method McWidgetPlayer._add_widget_to_slide_when_active of McConfigPlayer.widgets>, priority=0, kwargs={'slide_name': 'prelaunch_slide', 'widget': 'skillshot_up_player_2_widget', 's': {'slide': 'prelaunch_slide', 'key': 'skill_shot-skillshot_up_player_2_widget', 'target': None}, 'play_kwargs': {}}, key=UUID('270c161f-105a-4dcd-a9c9-0b7618ea8f7b'), condition=None, blocking_facility=None), RegisteredHandler(callback=<bound method McWidgetPlayer._add_widget_to_slide_when_active of McConfigPlayer.widgets>, priority=0, kwargs={'slide_name': 'prelaunch_slide', 'widget': 'skillshot_up_player_3_widget', 's': {'slide': 'prelaunch_slide', 'key': 'skill_shot-skillshot_up_player_3_widget', 'target': None}, 'play_kwargs': {}}, key=UUID('e86a9394-c55e-4ab5-9d9d-a96187873e0c'), condition=None, blocking_facility=None)]. The order of those handlers is not defined and they will be executed in random order. This might lead to race conditions and potential bugs.
2023-01-15 18:44:59,404 : EventManager : Unordered handler for class McConfigPlayer.widgets on event slide_prelaunch_slide_created with priority 0. Handlers: [RegisteredHandler(callback=<bound method McWidgetPlayer._add_widget_to_slide_when_active of McConfigPlayer.widgets>, priority=0, kwargs={'slide_name': 'prelaunch_slide', 'widget': 'skillshot_up_selected_player_1_widget', 's': {'slide': 'prelaunch_slide', 'key': 'skill_shot-skillshot_up_selected_player_1_widget', 'target': None}, 'play_kwargs': {}}, key=UUID('cfffe2dd-6982-4dc4-a9c6-c9cbda457aaf'), condition=None, blocking_facility=None), RegisteredHandler(callback=<bound method McWidgetPlayer._add_widget_to_slide_when_active of McConfigPlayer.widgets>, priority=0, kwargs={'slide_name': 'prelaunch_slide', 'widget': 'skillshot_up_player_2_widget', 's': {'slide': 'prelaunch_slide', 'key': 'skill_shot-skillshot_up_player_2_widget', 'target': None}, 'play_kwargs': {}}, key=UUID('270c161f-105a-4dcd-a9c9-0b7618ea8f7b'), condition=None, blocking_facility=None), RegisteredHandler(callback=<bound method McWidgetPlayer._add_widget_to_slide_when_active of McConfigPlayer.widgets>, priority=0, kwargs={'slide_name': 'prelaunch_slide', 'widget': 'skillshot_up_player_3_widget', 's': {'slide': 'prelaunch_slide', 'key': 'skill_shot-skillshot_up_player_3_widget', 'target': None}, 'play_kwargs': {}}, key=UUID('e86a9394-c55e-4ab5-9d9d-a96187873e0c'), condition=None, blocking_facility=None), RegisteredHandler(callback=<bound method McWidgetPlayer._add_widget_to_slide_when_active of McConfigPlayer.widgets>, priority=0, kwargs={'slide_name': 'prelaunch_slide', 'widget': 'skillshot_up_player_4_widget', 's': {'slide': 'prelaunch_slide', 'key': 'skill_shot-skillshot_up_player_4_widget', 'target': None}, 'play_kwargs': {}}, key=UUID('8671c68d-e8df-45ad-85b1-fd3894931681'), condition=None, blocking_facility=None)]. The order of those handlers is not defined and they will be executed in random order. This might lead to race conditions and potential bugs.
2023-01-15 18:44:59,404 : EventManager : Unordered handler for class McConfigPlayer.widgets on event slide_prelaunch_slide_created with priority 0. Handlers: [RegisteredHandler(callback=<bound method McWidgetPlayer._add_widget_to_slide_when_active of McConfigPlayer.widgets>, priority=0, kwargs={'slide_name': 'prelaunch_slide', 'widget': 'skillshot_up_selected_player_1_widget', 's': {'slide': 'prelaunch_slide', 'key': 'skill_shot-skillshot_up_selected_player_1_widget', 'target': None}, 'play_kwargs': {}}, key=UUID('cfffe2dd-6982-4dc4-a9c6-c9cbda457aaf'), condition=None, blocking_facility=None), RegisteredHandler(callback=<bound method McWidgetPlayer._add_widget_to_slide_when_active of McConfigPlayer.widgets>, priority=0, kwargs={'slide_name': 'prelaunch_slide', 'widget': 'skillshot_up_player_2_widget', 's': {'slide': 'prelaunch_slide', 'key': 'skill_shot-skillshot_up_player_2_widget', 'target': None}, 'play_kwargs': {}}, key=UUID('270c161f-105a-4dcd-a9c9-0b7618ea8f7b'), condition=None, blocking_facility=None), RegisteredHandler(callback=<bound method McWidgetPlayer._add_widget_to_slide_when_active of McConfigPlayer.widgets>, priority=0, kwargs={'slide_name': 'prelaunch_slide', 'widget': 'skillshot_up_player_3_widget', 's': {'slide': 'prelaunch_slide', 'key': 'skill_shot-skillshot_up_player_3_widget', 'target': None}, 'play_kwargs': {}}, key=UUID('e86a9394-c55e-4ab5-9d9d-a96187873e0c'), condition=None, blocking_facility=None), RegisteredHandler(callback=<bound method McWidgetPlayer._add_widget_to_slide_when_active of McConfigPlayer.widgets>, priority=0, kwargs={'slide_name': 'prelaunch_slide', 'widget': 'skillshot_up_player_4_widget', 's': {'slide': 'prelaunch_slide', 'key': 'skill_shot-skillshot_up_player_4_widget', 'target': None}, 'play_kwargs': {}}, key=UUID('8671c68d-e8df-45ad-85b1-fd3894931681'), condition=None, blocking_facility=None)]. The order of those handlers is not defined and they will be executed in random order. This might lead to race conditions and potential bugs.
2023-01-15 18:44:59,404 : EventManager : Unordered handler for class McConfigPlayer.widgets on event slide_prelaunch_slide_created with priority 0. Handlers: [RegisteredHandler(callback=<bound method McWidgetPlayer._add_widget_to_slide_when_active of McConfigPlayer.widgets>, priority=0, kwargs={'slide_name': 'prelaunch_slide', 'widget': 'skillshot_up_selected_player_1_widget', 's': {'slide': 'prelaunch_slide', 'key': 'skill_shot-skillshot_up_selected_player_1_widget', 'target': None}, 'play_kwargs': {}}, key=UUID('cfffe2dd-6982-4dc4-a9c6-c9cbda457aaf'), condition=None, blocking_facility=None), RegisteredHandler(callback=<bound method McWidgetPlayer._add_widget_to_slide_when_active of McConfigPlayer.widgets>, priority=0, kwargs={'slide_name': 'prelaunch_slide', 'widget': 'skillshot_up_player_2_widget', 's': {'slide': 'prelaunch_slide', 'key': 'skill_shot-skillshot_up_player_2_widget', 'target': None}, 'play_kwargs': {}}, key=UUID('270c161f-105a-4dcd-a9c9-0b7618ea8f7b'), condition=None, blocking_facility=None), RegisteredHandler(callback=<bound method McWidgetPlayer._add_widget_to_slide_when_active of McConfigPlayer.widgets>, priority=0, kwargs={'slide_name': 'prelaunch_slide', 'widget': 'skillshot_up_player_3_widget', 's': {'slide': 'prelaunch_slide', 'key': 'skill_shot-skillshot_up_player_3_widget', 'target': None}, 'play_kwargs': {}}, key=UUID('e86a9394-c55e-4ab5-9d9d-a96187873e0c'), condition=None, blocking_facility=None), RegisteredHandler(callback=<bound method McWidgetPlayer._add_widget_to_slide_when_active of McConfigPlayer.widgets>, priority=0, kwargs={'slide_name': 'prelaunch_slide', 'widget': 'skillshot_up_player_4_widget', 's': {'slide': 'prelaunch_slide', 'key': 'skill_shot-skillshot_up_player_4_widget', 'target': None}, 'play_kwargs': {}}, key=UUID('8671c68d-e8df-45ad-85b1-fd3894931681'), condition=None, blocking_facility=None)]. The order of those handlers is not defined and they will be executed in random order. This might lead to race conditions and potential bugs.
2023-01-15 18:44:59,406 : EventManager : Unordered handler for class McConfigPlayer.widgets on event slide_prelaunch_slide_created with priority 0. Handlers: [RegisteredHandler(callback=<bound method McWidgetPlayer._add_widget_to_slide_when_active of McConfigPlayer.widgets>, priority=0, kwargs={'slide_name': 'prelaunch_slide', 'widget': 'skillshot_up_selected_player_1_widget', 's': {'slide': 'prelaunch_slide', 'key': 'skill_shot-skillshot_up_selected_player_1_widget', 'target': None}, 'play_kwargs': {}}, key=UUID('cfffe2dd-6982-4dc4-a9c6-c9cbda457aaf'), condition=None, blocking_facility=None), RegisteredHandler(callback=<bound method McWidgetPlayer._add_widget_to_slide_when_active of McConfigPlayer.widgets>, priority=0, kwargs={'slide_name': 'prelaunch_slide', 'widget': 'skillshot_up_player_2_widget', 's': {'slide': 'prelaunch_slide', 'key': 'skill_shot-skillshot_up_player_2_widget', 'target': None}, 'play_kwargs': {}}, key=UUID('270c161f-105a-4dcd-a9c9-0b7618ea8f7b'), condition=None, blocking_facility=None), RegisteredHandler(callback=<bound method McWidgetPlayer._add_widget_to_slide_when_active of McConfigPlayer.widgets>, priority=0, kwargs={'slide_name': 'prelaunch_slide', 'widget': 'skillshot_up_player_3_widget', 's': {'slide': 'prelaunch_slide', 'key': 'skill_shot-skillshot_up_player_3_widget', 'target': None}, 'play_kwargs': {}}, key=UUID('e86a9394-c55e-4ab5-9d9d-a96187873e0c'), condition=None, blocking_facility=None), RegisteredHandler(callback=<bound method McWidgetPlayer._add_widget_to_slide_when_active of McConfigPlayer.widgets>, priority=0, kwargs={'slide_name': 'prelaunch_slide', 'widget': 'skillshot_up_player_4_widget', 's': {'slide': 'prelaunch_slide', 'key': 'skill_shot-skillshot_up_player_4_widget', 'target': None}, 'play_kwargs': {}}, key=UUID('8671c68d-e8df-45ad-85b1-fd3894931681'), condition=None, blocking_facility=None), RegisteredHandler(callback=<bound method McWidgetPlayer._add_widget_to_slide_when_active of McConfigPlayer.widgets>, priority=0, kwargs={'slide_name': 'prelaunch_slide', 'widget': 'skill_shot_select_widget_1', 's': {'slide': 'prelaunch_slide', 'key': 'skill_shot-skill_shot_select_widget_1', 'target': None}, 'play_kwargs': {'restore': False, 'state': 'enabled', 'selected': True}}, key=UUID('b8bcf238-d7cd-4b1e-8b3e-fa8fb8062e38'), condition=None, blocking_facility=None)]. The order of those handlers is not defined and they will be executed in random order. This might lead to race conditions and potential bugs.
2023-01-15 18:44:59,406 : EventManager : Unordered handler for class McConfigPlayer.widgets on event slide_prelaunch_slide_created with priority 0. Handlers: [RegisteredHandler(callback=<bound method McWidgetPlayer._add_widget_to_slide_when_active of McConfigPlayer.widgets>, priority=0, kwargs={'slide_name': 'prelaunch_slide', 'widget': 'skillshot_up_selected_player_1_widget', 's': {'slide': 'prelaunch_slide', 'key': 'skill_shot-skillshot_up_selected_player_1_widget', 'target': None}, 'play_kwargs': {}}, key=UUID('cfffe2dd-6982-4dc4-a9c6-c9cbda457aaf'), condition=None, blocking_facility=None), RegisteredHandler(callback=<bound method McWidgetPlayer._add_widget_to_slide_when_active of McConfigPlayer.widgets>, priority=0, kwargs={'slide_name': 'prelaunch_slide', 'widget': 'skillshot_up_player_2_widget', 's': {'slide': 'prelaunch_slide', 'key': 'skill_shot-skillshot_up_player_2_widget', 'target': None}, 'play_kwargs': {}}, key=UUID('270c161f-105a-4dcd-a9c9-0b7618ea8f7b'), condition=None, blocking_facility=None), RegisteredHandler(callback=<bound method McWidgetPlayer._add_widget_to_slide_when_active of McConfigPlayer.widgets>, priority=0, kwargs={'slide_name': 'prelaunch_slide', 'widget': 'skillshot_up_player_3_widget', 's': {'slide': 'prelaunch_slide', 'key': 'skill_shot-skillshot_up_player_3_widget', 'target': None}, 'play_kwargs': {}}, key=UUID('e86a9394-c55e-4ab5-9d9d-a96187873e0c'), condition=None, blocking_facility=None), RegisteredHandler(callback=<bound method McWidgetPlayer._add_widget_to_slide_when_active of McConfigPlayer.widgets>, priority=0, kwargs={'slide_name': 'prelaunch_slide', 'widget': 'skillshot_up_player_4_widget', 's': {'slide': 'prelaunch_slide', 'key': 'skill_shot-skillshot_up_player_4_widget', 'target': None}, 'play_kwargs': {}}, key=UUID('8671c68d-e8df-45ad-85b1-fd3894931681'), condition=None, blocking_facility=None), RegisteredHandler(callback=<bound method McWidgetPlayer._add_widget_to_slide_when_active of McConfigPlayer.widgets>, priority=0, kwargs={'slide_name': 'prelaunch_slide', 'widget': 'skill_shot_select_widget_1', 's': {'slide': 'prelaunch_slide', 'key': 'skill_shot-skill_shot_select_widget_1', 'target': None}, 'play_kwargs': {'restore': False, 'state': 'enabled', 'selected': True}}, key=UUID('b8bcf238-d7cd-4b1e-8b3e-fa8fb8062e38'), condition=None, blocking_facility=None)]. The order of those handlers is not defined and they will be executed in random order. This might lead to race conditions and potential bugs.
2023-01-15 18:44:59,406 : EventManager : Unordered handler for class McConfigPlayer.widgets on event slide_prelaunch_slide_created with priority 0. Handlers: [RegisteredHandler(callback=<bound method McWidgetPlayer._add_widget_to_slide_when_active of McConfigPlayer.widgets>, priority=0, kwargs={'slide_name': 'prelaunch_slide', 'widget': 'skillshot_up_selected_player_1_widget', 's': {'slide': 'prelaunch_slide', 'key': 'skill_shot-skillshot_up_selected_player_1_widget', 'target': None}, 'play_kwargs': {}}, key=UUID('cfffe2dd-6982-4dc4-a9c6-c9cbda457aaf'), condition=None, blocking_facility=None), RegisteredHandler(callback=<bound method McWidgetPlayer._add_widget_to_slide_when_active of McConfigPlayer.widgets>, priority=0, kwargs={'slide_name': 'prelaunch_slide', 'widget': 'skillshot_up_player_2_widget', 's': {'slide': 'prelaunch_slide', 'key': 'skill_shot-skillshot_up_player_2_widget', 'target': None}, 'play_kwargs': {}}, key=UUID('270c161f-105a-4dcd-a9c9-0b7618ea8f7b'), condition=None, blocking_facility=None), RegisteredHandler(callback=<bound method McWidgetPlayer._add_widget_to_slide_when_active of McConfigPlayer.widgets>, priority=0, kwargs={'slide_name': 'prelaunch_slide', 'widget': 'skillshot_up_player_3_widget', 's': {'slide': 'prelaunch_slide', 'key': 'skill_shot-skillshot_up_player_3_widget', 'target': None}, 'play_kwargs': {}}, key=UUID('e86a9394-c55e-4ab5-9d9d-a96187873e0c'), condition=None, blocking_facility=None), RegisteredHandler(callback=<bound method McWidgetPlayer._add_widget_to_slide_when_active of McConfigPlayer.widgets>, priority=0, kwargs={'slide_name': 'prelaunch_slide', 'widget': 'skillshot_up_player_4_widget', 's': {'slide': 'prelaunch_slide', 'key': 'skill_shot-skillshot_up_player_4_widget', 'target': None}, 'play_kwargs': {}}, key=UUID('8671c68d-e8df-45ad-85b1-fd3894931681'), condition=None, blocking_facility=None), RegisteredHandler(callback=<bound method McWidgetPlayer._add_widget_to_slide_when_active of McConfigPlayer.widgets>, priority=0, kwargs={'slide_name': 'prelaunch_slide', 'widget': 'skill_shot_select_widget_1', 's': {'slide': 'prelaunch_slide', 'key': 'skill_shot-skill_shot_select_widget_1', 'target': None}, 'play_kwargs': {'restore': False, 'state': 'enabled', 'selected': True}}, key=UUID('b8bcf238-d7cd-4b1e-8b3e-fa8fb8062e38'), condition=None, blocking_facility=None)]. The order of those handlers is not defined and they will be executed in random order. This might lead to race conditions and potential bugs.
2023-01-15 18:44:59,406 : EventManager : Unordered handler for class McConfigPlayer.widgets on event slide_prelaunch_slide_created with priority 0. Handlers: [RegisteredHandler(callback=<bound method McWidgetPlayer._add_widget_to_slide_when_active of McConfigPlayer.widgets>, priority=0, kwargs={'slide_name': 'prelaunch_slide', 'widget': 'skillshot_up_selected_player_1_widget', 's': {'slide': 'prelaunch_slide', 'key': 'skill_shot-skillshot_up_selected_player_1_widget', 'target': None}, 'play_kwargs': {}}, key=UUID('cfffe2dd-6982-4dc4-a9c6-c9cbda457aaf'), condition=None, blocking_facility=None), RegisteredHandler(callback=<bound method McWidgetPlayer._add_widget_to_slide_when_active of McConfigPlayer.widgets>, priority=0, kwargs={'slide_name': 'prelaunch_slide', 'widget': 'skillshot_up_player_2_widget', 's': {'slide': 'prelaunch_slide', 'key': 'skill_shot-skillshot_up_player_2_widget', 'target': None}, 'play_kwargs': {}}, key=UUID('270c161f-105a-4dcd-a9c9-0b7618ea8f7b'), condition=None, blocking_facility=None), RegisteredHandler(callback=<bound method McWidgetPlayer._add_widget_to_slide_when_active of McConfigPlayer.widgets>, priority=0, kwargs={'slide_name': 'prelaunch_slide', 'widget': 'skillshot_up_player_3_widget', 's': {'slide': 'prelaunch_slide', 'key': 'skill_shot-skillshot_up_player_3_widget', 'target': None}, 'play_kwargs': {}}, key=UUID('e86a9394-c55e-4ab5-9d9d-a96187873e0c'), condition=None, blocking_facility=None), RegisteredHandler(callback=<bound method McWidgetPlayer._add_widget_to_slide_when_active of McConfigPlayer.widgets>, priority=0, kwargs={'slide_name': 'prelaunch_slide', 'widget': 'skillshot_up_player_4_widget', 's': {'slide': 'prelaunch_slide', 'key': 'skill_shot-skillshot_up_player_4_widget', 'target': None}, 'play_kwargs': {}}, key=UUID('8671c68d-e8df-45ad-85b1-fd3894931681'), condition=None, blocking_facility=None), RegisteredHandler(callback=<bound method McWidgetPlayer._add_widget_to_slide_when_active of McConfigPlayer.widgets>, priority=0, kwargs={'slide_name': 'prelaunch_slide', 'widget': 'skill_shot_select_widget_1', 's': {'slide': 'prelaunch_slide', 'key': 'skill_shot-skill_shot_select_widget_1', 'target': None}, 'play_kwargs': {'restore': False, 'state': 'enabled', 'selected': True}}, key=UUID('b8bcf238-d7cd-4b1e-8b3e-fa8fb8062e38'), condition=None, blocking_facility=None)]. The order of those handlers is not defined and they will be executed in random order. This might lead to race conditions and potential bugs.
2023-01-15 18:44:59,447 : EventManager : Event: ======'slides_play'====== Args={'settings': {'base_slide': {'target': None, 'background_color': [0.0, 0.0, 0.0, 1.0], 'priority': None, 'show': True, 'force': False, 'expire': None, 'slide': None, 'tokens': {}, 'action': 'play'}}, 'context': 'game', 'calling_context': 'single_player_ball_started', 'priority': 20}
2023-01-15 18:44:59,447 : mpfmc : SlidePlayer: Play called with settings={'base_slide': {'target': None, 'background_color': [0.0, 0.0, 0.0, 1.0], 'priority': None, 'show': True, 'force': False, 'expire': None, 'slide': None, 'tokens': {}, 'action': 'play'}}
2023-01-15 18:44:59,448 : EventManager : Event: ======'slide_base_slide_created'====== Args={}
2023-01-15 18:44:59,563 : EventManager : Event: ======'machine_var_audits_switches_s_plunger'====== Args={'value': 4073, 'prev_value': 4072, 'change': 1}
2023-01-15 18:45:00,413 : EventManager : Event: ======'machine_var_audits_switches_s_right_flipper'====== Args={'value': 4195, 'prev_value': 4194, 'change': 1}
2023-01-15 18:45:00,413 : EventManager : Event: ======'widgets_play'====== Args={'settings': {'skill_shot_select_widget_2': {'slide': 'prelaunch_slide', 'action': 'add', 'priority': 0, 'key': None, 'target': None}, 'skill_shot_select_widget_1': {'action': 'remove', 'priority': 0, 'slide': None, 'key': None, 'target': None}, 'skill_shot_select_widget_3': {'action': 'remove', 'priority': 0, 'slide': None, 'key': None, 'target': None}, 'skill_shot_select_widget_4': {'action': 'remove', 'priority': 0, 'slide': None, 'key': None, 'target': None}, 'skill_shot_select_widget_5': {'action': 'remove', 'priority': 0, 'slide': None, 'key': None, 'target': None}}, 'context': 'skill_shot', 'calling_context': 'skillshot_2_selected', 'priority': 150, 'restore': False, 'state': 'enabled', 'selected': True}
2023-01-15 18:45:00,414 : EventManager : Unordered handler for class McConfigPlayer.widgets on event slide_prelaunch_slide_created with priority 0. Handlers: [RegisteredHandler(callback=<bound method McWidgetPlayer._add_widget_to_slide_when_active of McConfigPlayer.widgets>, priority=0, kwargs={'slide_name': 'prelaunch_slide', 'widget': 'skillshot_up_selected_player_1_widget', 's': {'slide': 'prelaunch_slide', 'key': 'skill_shot-skillshot_up_selected_player_1_widget', 'target': None}, 'play_kwargs': {}}, key=UUID('cfffe2dd-6982-4dc4-a9c6-c9cbda457aaf'), condition=None, blocking_facility=None), RegisteredHandler(callback=<bound method McWidgetPlayer._add_widget_to_slide_when_active of McConfigPlayer.widgets>, priority=0, kwargs={'slide_name': 'prelaunch_slide', 'widget': 'skillshot_up_player_2_widget', 's': {'slide': 'prelaunch_slide', 'key': 'skill_shot-skillshot_up_player_2_widget', 'target': None}, 'play_kwargs': {}}, key=UUID('270c161f-105a-4dcd-a9c9-0b7618ea8f7b'), condition=None, blocking_facility=None), RegisteredHandler(callback=<bound method McWidgetPlayer._add_widget_to_slide_when_active of McConfigPlayer.widgets>, priority=0, kwargs={'slide_name': 'prelaunch_slide', 'widget': 'skillshot_up_player_3_widget', 's': {'slide': 'prelaunch_slide', 'key': 'skill_shot-skillshot_up_player_3_widget', 'target': None}, 'play_kwargs': {}}, key=UUID('e86a9394-c55e-4ab5-9d9d-a96187873e0c'), condition=None, blocking_facility=None), RegisteredHandler(callback=<bound method McWidgetPlayer._add_widget_to_slide_when_active of McConfigPlayer.widgets>, priority=0, kwargs={'slide_name': 'prelaunch_slide', 'widget': 'skillshot_up_player_4_widget', 's': {'slide': 'prelaunch_slide', 'key': 'skill_shot-skillshot_up_player_4_widget', 'target': None}, 'play_kwargs': {}}, key=UUID('8671c68d-e8df-45ad-85b1-fd3894931681'), condition=None, blocking_facility=None), RegisteredHandler(callback=<bound method McWidgetPlayer._add_widget_to_slide_when_active of McConfigPlayer.widgets>, priority=0, kwargs={'slide_name': 'prelaunch_slide', 'widget': 'skill_shot_select_widget_1', 's': {'slide': 'prelaunch_slide', 'key': 'skill_shot-skill_shot_select_widget_1', 'target': None}, 'play_kwargs': {'restore': False, 'state': 'enabled', 'selected': True}}, key=UUID('b8bcf238-d7cd-4b1e-8b3e-fa8fb8062e38'), condition=None, blocking_facility=None), RegisteredHandler(callback=<bound method McWidgetPlayer._add_widget_to_slide_when_active of McConfigPlayer.widgets>, priority=0, kwargs={'slide_name': 'prelaunch_slide', 'widget': 'skill_shot_select_widget_2', 's': {'slide': 'prelaunch_slide', 'key': 'skill_shot-skill_shot_select_widget_2', 'target': None}, 'play_kwargs': {'restore': False, 'state': 'enabled', 'selected': True}}, key=UUID('2ede7467-bdb7-4397-8635-730bbe30cb15'), condition=None, blocking_facility=None)]. The order of those handlers is not defined and they will be executed in random order. This might lead to race conditions and potential bugs.
2023-01-15 18:45:00,414 : EventManager : Unordered handler for class McConfigPlayer.widgets on event slide_prelaunch_slide_created with priority 0. Handlers: [RegisteredHandler(callback=<bound method McWidgetPlayer._add_widget_to_slide_when_active of McConfigPlayer.widgets>, priority=0, kwargs={'slide_name': 'prelaunch_slide', 'widget': 'skillshot_up_selected_player_1_widget', 's': {'slide': 'prelaunch_slide', 'key': 'skill_shot-skillshot_up_selected_player_1_widget', 'target': None}, 'play_kwargs': {}}, key=UUID('cfffe2dd-6982-4dc4-a9c6-c9cbda457aaf'), condition=None, blocking_facility=None), RegisteredHandler(callback=<bound method McWidgetPlayer._add_widget_to_slide_when_active of McConfigPlayer.widgets>, priority=0, kwargs={'slide_name': 'prelaunch_slide', 'widget': 'skillshot_up_player_2_widget', 's': {'slide': 'prelaunch_slide', 'key': 'skill_shot-skillshot_up_player_2_widget', 'target': None}, 'play_kwargs': {}}, key=UUID('270c161f-105a-4dcd-a9c9-0b7618ea8f7b'), condition=None, blocking_facility=None), RegisteredHandler(callback=<bound method McWidgetPlayer._add_widget_to_slide_when_active of McConfigPlayer.widgets>, priority=0, kwargs={'slide_name': 'prelaunch_slide', 'widget': 'skillshot_up_player_3_widget', 's': {'slide': 'prelaunch_slide', 'key': 'skill_shot-skillshot_up_player_3_widget', 'target': None}, 'play_kwargs': {}}, key=UUID('e86a9394-c55e-4ab5-9d9d-a96187873e0c'), condition=None, blocking_facility=None), RegisteredHandler(callback=<bound method McWidgetPlayer._add_widget_to_slide_when_active of McConfigPlayer.widgets>, priority=0, kwargs={'slide_name': 'prelaunch_slide', 'widget': 'skillshot_up_player_4_widget', 's': {'slide': 'prelaunch_slide', 'key': 'skill_shot-skillshot_up_player_4_widget', 'target': None}, 'play_kwargs': {}}, key=UUID('8671c68d-e8df-45ad-85b1-fd3894931681'), condition=None, blocking_facility=None), RegisteredHandler(callback=<bound method McWidgetPlayer._add_widget_to_slide_when_active of McConfigPlayer.widgets>, priority=0, kwargs={'slide_name': 'prelaunch_slide', 'widget': 'skill_shot_select_widget_1', 's': {'slide': 'prelaunch_slide', 'key': 'skill_shot-skill_shot_select_widget_1', 'target': None}, 'play_kwargs': {'restore': False, 'state': 'enabled', 'selected': True}}, key=UUID('b8bcf238-d7cd-4b1e-8b3e-fa8fb8062e38'), condition=None, blocking_facility=None), RegisteredHandler(callback=<bound method McWidgetPlayer._add_widget_to_slide_when_active of McConfigPlayer.widgets>, priority=0, kwargs={'slide_name': 'prelaunch_slide', 'widget': 'skill_shot_select_widget_2', 's': {'slide': 'prelaunch_slide', 'key': 'skill_shot-skill_shot_select_widget_2', 'target': None}, 'play_kwargs': {'restore': False, 'state': 'enabled', 'selected': True}}, key=UUID('2ede7467-bdb7-4397-8635-730bbe30cb15'), condition=None, blocking_facility=None)]. The order of those handlers is not defined and they will be executed in random order. This might lead to race conditions and potential bugs.
2023-01-15 18:45:00,414 : EventManager : Unordered handler for class McConfigPlayer.widgets on event slide_prelaunch_slide_created with priority 0. Handlers: [RegisteredHandler(callback=<bound method McWidgetPlayer._add_widget_to_slide_when_active of McConfigPlayer.widgets>, priority=0, kwargs={'slide_name': 'prelaunch_slide', 'widget': 'skillshot_up_selected_player_1_widget', 's': {'slide': 'prelaunch_slide', 'key': 'skill_shot-skillshot_up_selected_player_1_widget', 'target': None}, 'play_kwargs': {}}, key=UUID('cfffe2dd-6982-4dc4-a9c6-c9cbda457aaf'), condition=None, blocking_facility=None), RegisteredHandler(callback=<bound method McWidgetPlayer._add_widget_to_slide_when_active of McConfigPlayer.widgets>, priority=0, kwargs={'slide_name': 'prelaunch_slide', 'widget': 'skillshot_up_player_2_widget', 's': {'slide': 'prelaunch_slide', 'key': 'skill_shot-skillshot_up_player_2_widget', 'target': None}, 'play_kwargs': {}}, key=UUID('270c161f-105a-4dcd-a9c9-0b7618ea8f7b'), condition=None, blocking_facility=None), RegisteredHandler(callback=<bound method McWidgetPlayer._add_widget_to_slide_when_active of McConfigPlayer.widgets>, priority=0, kwargs={'slide_name': 'prelaunch_slide', 'widget': 'skillshot_up_player_3_widget', 's': {'slide': 'prelaunch_slide', 'key': 'skill_shot-skillshot_up_player_3_widget', 'target': None}, 'play_kwargs': {}}, key=UUID('e86a9394-c55e-4ab5-9d9d-a96187873e0c'), condition=None, blocking_facility=None), RegisteredHandler(callback=<bound method McWidgetPlayer._add_widget_to_slide_when_active of McConfigPlayer.widgets>, priority=0, kwargs={'slide_name': 'prelaunch_slide', 'widget': 'skillshot_up_player_4_widget', 's': {'slide': 'prelaunch_slide', 'key': 'skill_shot-skillshot_up_player_4_widget', 'target': None}, 'play_kwargs': {}}, key=UUID('8671c68d-e8df-45ad-85b1-fd3894931681'), condition=None, blocking_facility=None), RegisteredHandler(callback=<bound method McWidgetPlayer._add_widget_to_slide_when_active of McConfigPlayer.widgets>, priority=0, kwargs={'slide_name': 'prelaunch_slide', 'widget': 'skill_shot_select_widget_1', 's': {'slide': 'prelaunch_slide', 'key': 'skill_shot-skill_shot_select_widget_1', 'target': None}, 'play_kwargs': {'restore': False, 'state': 'enabled', 'selected': True}}, key=UUID('b8bcf238-d7cd-4b1e-8b3e-fa8fb8062e38'), condition=None, blocking_facility=None), RegisteredHandler(callback=<bound method McWidgetPlayer._add_widget_to_slide_when_active of McConfigPlayer.widgets>, priority=0, kwargs={'slide_name': 'prelaunch_slide', 'widget': 'skill_shot_select_widget_2', 's': {'slide': 'prelaunch_slide', 'key': 'skill_shot-skill_shot_select_widget_2', 'target': None}, 'play_kwargs': {'restore': False, 'state': 'enabled', 'selected': True}}, key=UUID('2ede7467-bdb7-4397-8635-730bbe30cb15'), condition=None, blocking_facility=None)]. The order of those handlers is not defined and they will be executed in random order. This might lead to race conditions and potential bugs.
2023-01-15 18:45:00,414 : EventManager : Unordered handler for class McConfigPlayer.widgets on event slide_prelaunch_slide_created with priority 0. Handlers: [RegisteredHandler(callback=<bound method McWidgetPlayer._add_widget_to_slide_when_active of McConfigPlayer.widgets>, priority=0, kwargs={'slide_name': 'prelaunch_slide', 'widget': 'skillshot_up_selected_player_1_widget', 's': {'slide': 'prelaunch_slide', 'key': 'skill_shot-skillshot_up_selected_player_1_widget', 'target': None}, 'play_kwargs': {}}, key=UUID('cfffe2dd-6982-4dc4-a9c6-c9cbda457aaf'), condition=None, blocking_facility=None), RegisteredHandler(callback=<bound method McWidgetPlayer._add_widget_to_slide_when_active of McConfigPlayer.widgets>, priority=0, kwargs={'slide_name': 'prelaunch_slide', 'widget': 'skillshot_up_player_2_widget', 's': {'slide': 'prelaunch_slide', 'key': 'skill_shot-skillshot_up_player_2_widget', 'target': None}, 'play_kwargs': {}}, key=UUID('270c161f-105a-4dcd-a9c9-0b7618ea8f7b'), condition=None, blocking_facility=None), RegisteredHandler(callback=<bound method McWidgetPlayer._add_widget_to_slide_when_active of McConfigPlayer.widgets>, priority=0, kwargs={'slide_name': 'prelaunch_slide', 'widget': 'skillshot_up_player_3_widget', 's': {'slide': 'prelaunch_slide', 'key': 'skill_shot-skillshot_up_player_3_widget', 'target': None}, 'play_kwargs': {}}, key=UUID('e86a9394-c55e-4ab5-9d9d-a96187873e0c'), condition=None, blocking_facility=None), RegisteredHandler(callback=<bound method McWidgetPlayer._add_widget_to_slide_when_active of McConfigPlayer.widgets>, priority=0, kwargs={'slide_name': 'prelaunch_slide', 'widget': 'skillshot_up_player_4_widget', 's': {'slide': 'prelaunch_slide', 'key': 'skill_shot-skillshot_up_player_4_widget', 'target': None}, 'play_kwargs': {}}, key=UUID('8671c68d-e8df-45ad-85b1-fd3894931681'), condition=None, blocking_facility=None), RegisteredHandler(callback=<bound method McWidgetPlayer._add_widget_to_slide_when_active of McConfigPlayer.widgets>, priority=0, kwargs={'slide_name': 'prelaunch_slide', 'widget': 'skill_shot_select_widget_1', 's': {'slide': 'prelaunch_slide', 'key': 'skill_shot-skill_shot_select_widget_1', 'target': None}, 'play_kwargs': {'restore': False, 'state': 'enabled', 'selected': True}}, key=UUID('b8bcf238-d7cd-4b1e-8b3e-fa8fb8062e38'), condition=None, blocking_facility=None), RegisteredHandler(callback=<bound method McWidgetPlayer._add_widget_to_slide_when_active of McConfigPlayer.widgets>, priority=0, kwargs={'slide_name': 'prelaunch_slide', 'widget': 'skill_shot_select_widget_2', 's': {'slide': 'prelaunch_slide', 'key': 'skill_shot-skill_shot_select_widget_2', 'target': None}, 'play_kwargs': {'restore': False, 'state': 'enabled', 'selected': True}}, key=UUID('2ede7467-bdb7-4397-8635-730bbe30cb15'), condition=None, blocking_facility=None)]. The order of those handlers is not defined and they will be executed in random order. This might lead to race conditions and potential bugs.
2023-01-15 18:45:00,414 : EventManager : Unordered handler for class McConfigPlayer.widgets on event slide_prelaunch_slide_created with priority 0. Handlers: [RegisteredHandler(callback=<bound method McWidgetPlayer._add_widget_to_slide_when_active of McConfigPlayer.widgets>, priority=0, kwargs={'slide_name': 'prelaunch_slide', 'widget': 'skillshot_up_selected_player_1_widget', 's': {'slide': 'prelaunch_slide', 'key': 'skill_shot-skillshot_up_selected_player_1_widget', 'target': None}, 'play_kwargs': {}}, key=UUID('cfffe2dd-6982-4dc4-a9c6-c9cbda457aaf'), condition=None, blocking_facility=None), RegisteredHandler(callback=<bound method McWidgetPlayer._add_widget_to_slide_when_active of McConfigPlayer.widgets>, priority=0, kwargs={'slide_name': 'prelaunch_slide', 'widget': 'skillshot_up_player_2_widget', 's': {'slide': 'prelaunch_slide', 'key': 'skill_shot-skillshot_up_player_2_widget', 'target': None}, 'play_kwargs': {}}, key=UUID('270c161f-105a-4dcd-a9c9-0b7618ea8f7b'), condition=None, blocking_facility=None), RegisteredHandler(callback=<bound method McWidgetPlayer._add_widget_to_slide_when_active of McConfigPlayer.widgets>, priority=0, kwargs={'slide_name': 'prelaunch_slide', 'widget': 'skillshot_up_player_3_widget', 's': {'slide': 'prelaunch_slide', 'key': 'skill_shot-skillshot_up_player_3_widget', 'target': None}, 'play_kwargs': {}}, key=UUID('e86a9394-c55e-4ab5-9d9d-a96187873e0c'), condition=None, blocking_facility=None), RegisteredHandler(callback=<bound method McWidgetPlayer._add_widget_to_slide_when_active of McConfigPlayer.widgets>, priority=0, kwargs={'slide_name': 'prelaunch_slide', 'widget': 'skillshot_up_player_4_widget', 's': {'slide': 'prelaunch_slide', 'key': 'skill_shot-skillshot_up_player_4_widget', 'target': None}, 'play_kwargs': {}}, key=UUID('8671c68d-e8df-45ad-85b1-fd3894931681'), condition=None, blocking_facility=None), RegisteredHandler(callback=<bound method McWidgetPlayer._add_widget_to_slide_when_active of McConfigPlayer.widgets>, priority=0, kwargs={'slide_name': 'prelaunch_slide', 'widget': 'skill_shot_select_widget_1', 's': {'slide': 'prelaunch_slide', 'key': 'skill_shot-skill_shot_select_widget_1', 'target': None}, 'play_kwargs': {'restore': False, 'state': 'enabled', 'selected': True}}, key=UUID('b8bcf238-d7cd-4b1e-8b3e-fa8fb8062e38'), condition=None, blocking_facility=None), RegisteredHandler(callback=<bound method McWidgetPlayer._add_widget_to_slide_when_active of McConfigPlayer.widgets>, priority=0, kwargs={'slide_name': 'prelaunch_slide', 'widget': 'skill_shot_select_widget_2', 's': {'slide': 'prelaunch_slide', 'key': 'skill_shot-skill_shot_select_widget_2', 'target': None}, 'play_kwargs': {'restore': False, 'state': 'enabled', 'selected': True}}, key=UUID('2ede7467-bdb7-4397-8635-730bbe30cb15'), condition=None, blocking_facility=None)]. The order of those handlers is not defined and they will be executed in random order. This might lead to race conditions and potential bugs.
2023-01-15 18:45:03,430 : EventManager : Event: ======'slides_play'====== Args={'settings': {'status_report_tilte': {'widgets': [{'type': 'text', 'text': 'STATUS REPORT', 'style': ['big'], 'font_size': 14, 'y': 'center', 'round_anchor_x': 'left', 'round_anchor_y': 'top', '_default_settings': ['type', 'text', 'style', 'font_size', 'y', 'round_anchor_x', 'round_anchor_y'], 'x': None, 'anchor_x': 'center', 'anchor_y': 'center', 'opacity': 1.0, 'z': 0, 'reset_animations_events': {}, 'color': [1.0, 1.0, 1.0, 1.0], 'adjust_top': 0, 'adjust_bottom': 0, 'adjust_left': 0, 'adjust_right': 0, 'expire': None, 'key': None, 'widget': None, 'events_when_added': [], 'events_when_removed': [], 'bitmap_font': False, 'font_kerning': True, 'bold': False, 'italic': False, 'number_grouping': False, 'min_digits': 0, 'halign': 'center', 'valign': 'middle', 'rotation': 0, 'scale': 1.0, 'casing': None, 'animations': None}], 'target': None, 'background_color': [0.0, 0.0, 0.0, 1.0], 'priority': None, 'show': True, 'force': False, 'expire': None, 'slide': None, 'tokens': {}, 'action': 'play'}}, 'context': 'show_19', 'calling_context': 0, 'priority': 1620, 'show_tokens': {}, 'start_time': 63206.734}
2023-01-15 18:45:03,430 : mpfmc : SlidePlayer: Play called with settings={'status_report_tilte': {'widgets': [{'type': 'text', 'text': 'STATUS REPORT', 'style': ['big'], 'font_size': 14, 'y': 'center', 'round_anchor_x': 'left', 'round_anchor_y': 'top', '_default_settings': ['type', 'text', 'style', 'font_size', 'y', 'round_anchor_x', 'round_anchor_y'], 'x': None, 'anchor_x': 'center', 'anchor_y': 'center', 'opacity': 1.0, 'z': 0, 'reset_animations_events': {}, 'color': [1.0, 1.0, 1.0, 1.0], 'adjust_top': 0, 'adjust_bottom': 0, 'adjust_left': 0, 'adjust_right': 0, 'expire': None, 'key': None, 'widget': None, 'events_when_added': [], 'events_when_removed': [], 'bitmap_font': False, 'font_kerning': True, 'bold': False, 'italic': False, 'number_grouping': False, 'min_digits': 0, 'halign': 'center', 'valign': 'middle', 'rotation': 0, 'scale': 1.0, 'casing': None, 'animations': None}], 'target': None, 'background_color': [0.0, 0.0, 0.0, 1.0], 'priority': None, 'show': True, 'force': False, 'expire': None, 'slide': None, 'tokens': {}, 'action': 'play'}}
2023-01-15 18:45:03,433 : EventManager : Event: ======'slide_status_report_tilte_created'====== Args={}
2023-01-15 18:45:03,435 : EventManager : Event: ======'slide_status_report_tilte_active'====== Args={}
2023-01-15 18:45:05,298 : EventManager : Event: ======'machine_var_audits_switches_s_left_flipper'====== Args={'value': 1438, 'prev_value': 1437, 'change': 1}
2023-01-15 18:45:05,330 : EventManager : Event: ======'widgets_play'====== Args={'settings': {'skill_shot_select_widget_3': {'slide': 'prelaunch_slide', 'action': 'add', 'priority': 0, 'key': None, 'target': None}, 'skill_shot_select_widget_1': {'action': 'remove', 'priority': 0, 'slide': None, 'key': None, 'target': None}, 'skill_shot_select_widget_2': {'action': 'remove', 'priority': 0, 'slide': None, 'key': None, 'target': None}, 'skill_shot_select_widget_4': {'action': 'remove', 'priority': 0, 'slide': None, 'key': None, 'target': None}, 'skill_shot_select_widget_5': {'action': 'remove', 'priority': 0, 'slide': None, 'key': None, 'target': None}}, 'context': 'skill_shot', 'calling_context': 'skillshot_3_selected', 'priority': 150, 'restore': False, 'state': 'enabled', 'selected': True}
2023-01-15 18:45:05,330 : EventManager : Unordered handler for class McConfigPlayer.widgets on event slide_prelaunch_slide_created with priority 0. Handlers: [RegisteredHandler(callback=<bound method McWidgetPlayer._add_widget_to_slide_when_active of McConfigPlayer.widgets>, priority=0, kwargs={'slide_name': 'prelaunch_slide', 'widget': 'skillshot_up_selected_player_1_widget', 's': {'slide': 'prelaunch_slide', 'key': 'skill_shot-skillshot_up_selected_player_1_widget', 'target': None}, 'play_kwargs': {}}, key=UUID('cfffe2dd-6982-4dc4-a9c6-c9cbda457aaf'), condition=None, blocking_facility=None), RegisteredHandler(callback=<bound method McWidgetPlayer._add_widget_to_slide_when_active of McConfigPlayer.widgets>, priority=0, kwargs={'slide_name': 'prelaunch_slide', 'widget': 'skillshot_up_player_2_widget', 's': {'slide': 'prelaunch_slide', 'key': 'skill_shot-skillshot_up_player_2_widget', 'target': None}, 'play_kwargs': {}}, key=UUID('270c161f-105a-4dcd-a9c9-0b7618ea8f7b'), condition=None, blocking_facility=None), RegisteredHandler(callback=<bound method McWidgetPlayer._add_widget_to_slide_when_active of McConfigPlayer.widgets>, priority=0, kwargs={'slide_name': 'prelaunch_slide', 'widget': 'skillshot_up_player_3_widget', 's': {'slide': 'prelaunch_slide', 'key': 'skill_shot-skillshot_up_player_3_widget', 'target': None}, 'play_kwargs': {}}, key=UUID('e86a9394-c55e-4ab5-9d9d-a96187873e0c'), condition=None, blocking_facility=None), RegisteredHandler(callback=<bound method McWidgetPlayer._add_widget_to_slide_when_active of McConfigPlayer.widgets>, priority=0, kwargs={'slide_name': 'prelaunch_slide', 'widget': 'skillshot_up_player_4_widget', 's': {'slide': 'prelaunch_slide', 'key': 'skill_shot-skillshot_up_player_4_widget', 'target': None}, 'play_kwargs': {}}, key=UUID('8671c68d-e8df-45ad-85b1-fd3894931681'), condition=None, blocking_facility=None), RegisteredHandler(callback=<bound method McWidgetPlayer._add_widget_to_slide_when_active of McConfigPlayer.widgets>, priority=0, kwargs={'slide_name': 'prelaunch_slide', 'widget': 'skill_shot_select_widget_2', 's': {'slide': 'prelaunch_slide', 'key': 'skill_shot-skill_shot_select_widget_2', 'target': None}, 'play_kwargs': {'restore': False, 'state': 'enabled', 'selected': True}}, key=UUID('2ede7467-bdb7-4397-8635-730bbe30cb15'), condition=None, blocking_facility=None), RegisteredHandler(callback=<bound method McWidgetPlayer._add_widget_to_slide_when_active of McConfigPlayer.widgets>, priority=0, kwargs={'slide_name': 'prelaunch_slide', 'widget': 'skill_shot_select_widget_3', 's': {'slide': 'prelaunch_slide', 'key': 'skill_shot-skill_shot_select_widget_3', 'target': None}, 'play_kwargs': {'restore': False, 'state': 'enabled', 'selected': True}}, key=UUID('6ffdb9e2-34f2-49cb-9f62-8270d909a1a0'), condition=None, blocking_facility=None)]. The order of those handlers is not defined and they will be executed in random order. This might lead to race conditions and potential bugs.
2023-01-15 18:45:05,331 : EventManager : Unordered handler for class McConfigPlayer.widgets on event slide_prelaunch_slide_created with priority 0. Handlers: [RegisteredHandler(callback=<bound method McWidgetPlayer._add_widget_to_slide_when_active of McConfigPlayer.widgets>, priority=0, kwargs={'slide_name': 'prelaunch_slide', 'widget': 'skillshot_up_selected_player_1_widget', 's': {'slide': 'prelaunch_slide', 'key': 'skill_shot-skillshot_up_selected_player_1_widget', 'target': None}, 'play_kwargs': {}}, key=UUID('cfffe2dd-6982-4dc4-a9c6-c9cbda457aaf'), condition=None, blocking_facility=None), RegisteredHandler(callback=<bound method McWidgetPlayer._add_widget_to_slide_when_active of McConfigPlayer.widgets>, priority=0, kwargs={'slide_name': 'prelaunch_slide', 'widget': 'skillshot_up_player_2_widget', 's': {'slide': 'prelaunch_slide', 'key': 'skill_shot-skillshot_up_player_2_widget', 'target': None}, 'play_kwargs': {}}, key=UUID('270c161f-105a-4dcd-a9c9-0b7618ea8f7b'), condition=None, blocking_facility=None), RegisteredHandler(callback=<bound method McWidgetPlayer._add_widget_to_slide_when_active of McConfigPlayer.widgets>, priority=0, kwargs={'slide_name': 'prelaunch_slide', 'widget': 'skillshot_up_player_3_widget', 's': {'slide': 'prelaunch_slide', 'key': 'skill_shot-skillshot_up_player_3_widget', 'target': None}, 'play_kwargs': {}}, key=UUID('e86a9394-c55e-4ab5-9d9d-a96187873e0c'), condition=None, blocking_facility=None), RegisteredHandler(callback=<bound method McWidgetPlayer._add_widget_to_slide_when_active of McConfigPlayer.widgets>, priority=0, kwargs={'slide_name': 'prelaunch_slide', 'widget': 'skillshot_up_player_4_widget', 's': {'slide': 'prelaunch_slide', 'key': 'skill_shot-skillshot_up_player_4_widget', 'target': None}, 'play_kwargs': {}}, key=UUID('8671c68d-e8df-45ad-85b1-fd3894931681'), condition=None, blocking_facility=None), RegisteredHandler(callback=<bound method McWidgetPlayer._add_widget_to_slide_when_active of McConfigPlayer.widgets>, priority=0, kwargs={'slide_name': 'prelaunch_slide', 'widget': 'skill_shot_select_widget_2', 's': {'slide': 'prelaunch_slide', 'key': 'skill_shot-skill_shot_select_widget_2', 'target': None}, 'play_kwargs': {'restore': False, 'state': 'enabled', 'selected': True}}, key=UUID('2ede7467-bdb7-4397-8635-730bbe30cb15'), condition=None, blocking_facility=None), RegisteredHandler(callback=<bound method McWidgetPlayer._add_widget_to_slide_when_active of McConfigPlayer.widgets>, priority=0, kwargs={'slide_name': 'prelaunch_slide', 'widget': 'skill_shot_select_widget_3', 's': {'slide': 'prelaunch_slide', 'key': 'skill_shot-skill_shot_select_widget_3', 'target': None}, 'play_kwargs': {'restore': False, 'state': 'enabled', 'selected': True}}, key=UUID('6ffdb9e2-34f2-49cb-9f62-8270d909a1a0'), condition=None, blocking_facility=None)]. The order of those handlers is not defined and they will be executed in random order. This might lead to race conditions and potential bugs.
2023-01-15 18:45:05,331 : EventManager : Unordered handler for class McConfigPlayer.widgets on event slide_prelaunch_slide_created with priority 0. Handlers: [RegisteredHandler(callback=<bound method McWidgetPlayer._add_widget_to_slide_when_active of McConfigPlayer.widgets>, priority=0, kwargs={'slide_name': 'prelaunch_slide', 'widget': 'skillshot_up_selected_player_1_widget', 's': {'slide': 'prelaunch_slide', 'key': 'skill_shot-skillshot_up_selected_player_1_widget', 'target': None}, 'play_kwargs': {}}, key=UUID('cfffe2dd-6982-4dc4-a9c6-c9cbda457aaf'), condition=None, blocking_facility=None), RegisteredHandler(callback=<bound method McWidgetPlayer._add_widget_to_slide_when_active of McConfigPlayer.widgets>, priority=0, kwargs={'slide_name': 'prelaunch_slide', 'widget': 'skillshot_up_player_2_widget', 's': {'slide': 'prelaunch_slide', 'key': 'skill_shot-skillshot_up_player_2_widget', 'target': None}, 'play_kwargs': {}}, key=UUID('270c161f-105a-4dcd-a9c9-0b7618ea8f7b'), condition=None, blocking_facility=None), RegisteredHandler(callback=<bound method McWidgetPlayer._add_widget_to_slide_when_active of McConfigPlayer.widgets>, priority=0, kwargs={'slide_name': 'prelaunch_slide', 'widget': 'skillshot_up_player_3_widget', 's': {'slide': 'prelaunch_slide', 'key': 'skill_shot-skillshot_up_player_3_widget', 'target': None}, 'play_kwargs': {}}, key=UUID('e86a9394-c55e-4ab5-9d9d-a96187873e0c'), condition=None, blocking_facility=None), RegisteredHandler(callback=<bound method McWidgetPlayer._add_widget_to_slide_when_active of McConfigPlayer.widgets>, priority=0, kwargs={'slide_name': 'prelaunch_slide', 'widget': 'skillshot_up_player_4_widget', 's': {'slide': 'prelaunch_slide', 'key': 'skill_shot-skillshot_up_player_4_widget', 'target': None}, 'play_kwargs': {}}, key=UUID('8671c68d-e8df-45ad-85b1-fd3894931681'), condition=None, blocking_facility=None), RegisteredHandler(callback=<bound method McWidgetPlayer._add_widget_to_slide_when_active of McConfigPlayer.widgets>, priority=0, kwargs={'slide_name': 'prelaunch_slide', 'widget': 'skill_shot_select_widget_2', 's': {'slide': 'prelaunch_slide', 'key': 'skill_shot-skill_shot_select_widget_2', 'target': None}, 'play_kwargs': {'restore': False, 'state': 'enabled', 'selected': True}}, key=UUID('2ede7467-bdb7-4397-8635-730bbe30cb15'), condition=None, blocking_facility=None), RegisteredHandler(callback=<bound method McWidgetPlayer._add_widget_to_slide_when_active of McConfigPlayer.widgets>, priority=0, kwargs={'slide_name': 'prelaunch_slide', 'widget': 'skill_shot_select_widget_3', 's': {'slide': 'prelaunch_slide', 'key': 'skill_shot-skill_shot_select_widget_3', 'target': None}, 'play_kwargs': {'restore': False, 'state': 'enabled', 'selected': True}}, key=UUID('6ffdb9e2-34f2-49cb-9f62-8270d909a1a0'), condition=None, blocking_facility=None)]. The order of those handlers is not defined and they will be executed in random order. This might lead to race conditions and potential bugs.
2023-01-15 18:45:05,331 : EventManager : Unordered handler for class McConfigPlayer.widgets on event slide_prelaunch_slide_created with priority 0. Handlers: [RegisteredHandler(callback=<bound method McWidgetPlayer._add_widget_to_slide_when_active of McConfigPlayer.widgets>, priority=0, kwargs={'slide_name': 'prelaunch_slide', 'widget': 'skillshot_up_selected_player_1_widget', 's': {'slide': 'prelaunch_slide', 'key': 'skill_shot-skillshot_up_selected_player_1_widget', 'target': None}, 'play_kwargs': {}}, key=UUID('cfffe2dd-6982-4dc4-a9c6-c9cbda457aaf'), condition=None, blocking_facility=None), RegisteredHandler(callback=<bound method McWidgetPlayer._add_widget_to_slide_when_active of McConfigPlayer.widgets>, priority=0, kwargs={'slide_name': 'prelaunch_slide', 'widget': 'skillshot_up_player_2_widget', 's': {'slide': 'prelaunch_slide', 'key': 'skill_shot-skillshot_up_player_2_widget', 'target': None}, 'play_kwargs': {}}, key=UUID('270c161f-105a-4dcd-a9c9-0b7618ea8f7b'), condition=None, blocking_facility=None), RegisteredHandler(callback=<bound method McWidgetPlayer._add_widget_to_slide_when_active of McConfigPlayer.widgets>, priority=0, kwargs={'slide_name': 'prelaunch_slide', 'widget': 'skillshot_up_player_3_widget', 's': {'slide': 'prelaunch_slide', 'key': 'skill_shot-skillshot_up_player_3_widget', 'target': None}, 'play_kwargs': {}}, key=UUID('e86a9394-c55e-4ab5-9d9d-a96187873e0c'), condition=None, blocking_facility=None), RegisteredHandler(callback=<bound method McWidgetPlayer._add_widget_to_slide_when_active of McConfigPlayer.widgets>, priority=0, kwargs={'slide_name': 'prelaunch_slide', 'widget': 'skillshot_up_player_4_widget', 's': {'slide': 'prelaunch_slide', 'key': 'skill_shot-skillshot_up_player_4_widget', 'target': None}, 'play_kwargs': {}}, key=UUID('8671c68d-e8df-45ad-85b1-fd3894931681'), condition=None, blocking_facility=None), RegisteredHandler(callback=<bound method McWidgetPlayer._add_widget_to_slide_when_active of McConfigPlayer.widgets>, priority=0, kwargs={'slide_name': 'prelaunch_slide', 'widget': 'skill_shot_select_widget_2', 's': {'slide': 'prelaunch_slide', 'key': 'skill_shot-skill_shot_select_widget_2', 'target': None}, 'play_kwargs': {'restore': False, 'state': 'enabled', 'selected': True}}, key=UUID('2ede7467-bdb7-4397-8635-730bbe30cb15'), condition=None, blocking_facility=None), RegisteredHandler(callback=<bound method McWidgetPlayer._add_widget_to_slide_when_active of McConfigPlayer.widgets>, priority=0, kwargs={'slide_name': 'prelaunch_slide', 'widget': 'skill_shot_select_widget_3', 's': {'slide': 'prelaunch_slide', 'key': 'skill_shot-skill_shot_select_widget_3', 'target': None}, 'play_kwargs': {'restore': False, 'state': 'enabled', 'selected': True}}, key=UUID('6ffdb9e2-34f2-49cb-9f62-8270d909a1a0'), condition=None, blocking_facility=None)]. The order of those handlers is not defined and they will be executed in random order. This might lead to race conditions and potential bugs.
2023-01-15 18:45:05,331 : EventManager : Unordered handler for class McConfigPlayer.widgets on event slide_prelaunch_slide_created with priority 0. Handlers: [RegisteredHandler(callback=<bound method McWidgetPlayer._add_widget_to_slide_when_active of McConfigPlayer.widgets>, priority=0, kwargs={'slide_name': 'prelaunch_slide', 'widget': 'skillshot_up_selected_player_1_widget', 's': {'slide': 'prelaunch_slide', 'key': 'skill_shot-skillshot_up_selected_player_1_widget', 'target': None}, 'play_kwargs': {}}, key=UUID('cfffe2dd-6982-4dc4-a9c6-c9cbda457aaf'), condition=None, blocking_facility=None), RegisteredHandler(callback=<bound method McWidgetPlayer._add_widget_to_slide_when_active of McConfigPlayer.widgets>, priority=0, kwargs={'slide_name': 'prelaunch_slide', 'widget': 'skillshot_up_player_2_widget', 's': {'slide': 'prelaunch_slide', 'key': 'skill_shot-skillshot_up_player_2_widget', 'target': None}, 'play_kwargs': {}}, key=UUID('270c161f-105a-4dcd-a9c9-0b7618ea8f7b'), condition=None, blocking_facility=None), RegisteredHandler(callback=<bound method McWidgetPlayer._add_widget_to_slide_when_active of McConfigPlayer.widgets>, priority=0, kwargs={'slide_name': 'prelaunch_slide', 'widget': 'skillshot_up_player_3_widget', 's': {'slide': 'prelaunch_slide', 'key': 'skill_shot-skillshot_up_player_3_widget', 'target': None}, 'play_kwargs': {}}, key=UUID('e86a9394-c55e-4ab5-9d9d-a96187873e0c'), condition=None, blocking_facility=None), RegisteredHandler(callback=<bound method McWidgetPlayer._add_widget_to_slide_when_active of McConfigPlayer.widgets>, priority=0, kwargs={'slide_name': 'prelaunch_slide', 'widget': 'skillshot_up_player_4_widget', 's': {'slide': 'prelaunch_slide', 'key': 'skill_shot-skillshot_up_player_4_widget', 'target': None}, 'play_kwargs': {}}, key=UUID('8671c68d-e8df-45ad-85b1-fd3894931681'), condition=None, blocking_facility=None), RegisteredHandler(callback=<bound method McWidgetPlayer._add_widget_to_slide_when_active of McConfigPlayer.widgets>, priority=0, kwargs={'slide_name': 'prelaunch_slide', 'widget': 'skill_shot_select_widget_2', 's': {'slide': 'prelaunch_slide', 'key': 'skill_shot-skill_shot_select_widget_2', 'target': None}, 'play_kwargs': {'restore': False, 'state': 'enabled', 'selected': True}}, key=UUID('2ede7467-bdb7-4397-8635-730bbe30cb15'), condition=None, blocking_facility=None), RegisteredHandler(callback=<bound method McWidgetPlayer._add_widget_to_slide_when_active of McConfigPlayer.widgets>, priority=0, kwargs={'slide_name': 'prelaunch_slide', 'widget': 'skill_shot_select_widget_3', 's': {'slide': 'prelaunch_slide', 'key': 'skill_shot-skill_shot_select_widget_3', 'target': None}, 'play_kwargs': {'restore': False, 'state': 'enabled', 'selected': True}}, key=UUID('6ffdb9e2-34f2-49cb-9f62-8270d909a1a0'), condition=None, blocking_facility=None)]. The order of those handlers is not defined and they will be executed in random order. This might lead to race conditions and potential bugs.
2023-01-15 18:45:05,415 : EventManager : Event: ======'slides_play'====== Args={'settings': {'status_report_tilte1': {'widgets': [{'type': 'text', 'text': 'STATUS REPORT', 'style': ['big'], 'font_size': 11, 'y': 'center', 'round_anchor_x': 'left', 'round_anchor_y': 'top', '_default_settings': ['type', 'text', 'style', 'font_size', 'y', 'round_anchor_x', 'round_anchor_y'], 'x': None, 'anchor_x': 'center', 'anchor_y': 'center', 'opacity': 1.0, 'z': 0, 'reset_animations_events': {}, 'color': [1.0, 1.0, 1.0, 1.0], 'adjust_top': 0, 'adjust_bottom': 0, 'adjust_left': 0, 'adjust_right': 0, 'expire': None, 'key': None, 'widget': None, 'events_when_added': [], 'events_when_removed': [], 'bitmap_font': False, 'font_kerning': True, 'bold': False, 'italic': False, 'number_grouping': False, 'min_digits': 0, 'halign': 'center', 'valign': 'middle', 'rotation': 0, 'scale': 1.0, 'casing': None, 'animations': None}], 'target': None, 'background_color': [0.0, 0.0, 0.0, 1.0], 'priority': None, 'show': True, 'force': False, 'expire': None, 'slide': None, 'tokens': {}, 'action': 'play'}}, 'context': 'show_19', 'calling_context': 1, 'priority': 1620, 'show_tokens': {}, 'start_time': 63208.734}
2023-01-15 18:45:05,415 : mpfmc : SlidePlayer: Play called with settings={'status_report_tilte1': {'widgets': [{'type': 'text', 'text': 'STATUS REPORT', 'style': ['big'], 'font_size': 11, 'y': 'center', 'round_anchor_x': 'left', 'round_anchor_y': 'top', '_default_settings': ['type', 'text', 'style', 'font_size', 'y', 'round_anchor_x', 'round_anchor_y'], 'x': None, 'anchor_x': 'center', 'anchor_y': 'center', 'opacity': 1.0, 'z': 0, 'reset_animations_events': {}, 'color': [1.0, 1.0, 1.0, 1.0], 'adjust_top': 0, 'adjust_bottom': 0, 'adjust_left': 0, 'adjust_right': 0, 'expire': None, 'key': None, 'widget': None, 'events_when_added': [], 'events_when_removed': [], 'bitmap_font': False, 'font_kerning': True, 'bold': False, 'italic': False, 'number_grouping': False, 'min_digits': 0, 'halign': 'center', 'valign': 'middle', 'rotation': 0, 'scale': 1.0, 'casing': None, 'animations': None}], 'target': None, 'background_color': [0.0, 0.0, 0.0, 1.0], 'priority': None, 'show': True, 'force': False, 'expire': None, 'slide': None, 'tokens': {}, 'action': 'play'}}
2023-01-15 18:45:05,423 : EventManager : Event: ======'slide_status_report_tilte1_created'====== Args={}
2023-01-15 18:45:05,428 : EventManager : Event: ======'slide_status_report_tilte1_active'====== Args={}
2023-01-15 18:45:06,081 : EventManager : Event: ======'machine_var_audits_switches_s_left_flipper'====== Args={'value': 1439, 'prev_value': 1438, 'change': 1}
2023-01-15 18:45:06,097 : EventManager : Event: ======'widgets_play'====== Args={'settings': {'skill_shot_select_widget_4': {'slide': 'prelaunch_slide', 'action': 'add', 'priority': 0, 'key': None, 'target': None}, 'skill_shot_select_widget_1': {'action': 'remove', 'priority': 0, 'slide': None, 'key': None, 'target': None}, 'skill_shot_select_widget_2': {'action': 'remove', 'priority': 0, 'slide': None, 'key': None, 'target': None}, 'skill_shot_select_widget_3': {'action': 'remove', 'priority': 0, 'slide': None, 'key': None, 'target': None}, 'skill_shot_select_widget_5': {'action': 'remove', 'priority': 0, 'slide': None, 'key': None, 'target': None}}, 'context': 'skill_shot', 'calling_context': 'skillshot_4_selected', 'priority': 150, 'restore': False, 'state': 'enabled', 'selected': True}
2023-01-15 18:45:06,098 : EventManager : Unordered handler for class McConfigPlayer.widgets on event slide_prelaunch_slide_created with priority 0. Handlers: [RegisteredHandler(callback=<bound method McWidgetPlayer._add_widget_to_slide_when_active of McConfigPlayer.widgets>, priority=0, kwargs={'slide_name': 'prelaunch_slide', 'widget': 'skillshot_up_selected_player_1_widget', 's': {'slide': 'prelaunch_slide', 'key': 'skill_shot-skillshot_up_selected_player_1_widget', 'target': None}, 'play_kwargs': {}}, key=UUID('cfffe2dd-6982-4dc4-a9c6-c9cbda457aaf'), condition=None, blocking_facility=None), RegisteredHandler(callback=<bound method McWidgetPlayer._add_widget_to_slide_when_active of McConfigPlayer.widgets>, priority=0, kwargs={'slide_name': 'prelaunch_slide', 'widget': 'skillshot_up_player_2_widget', 's': {'slide': 'prelaunch_slide', 'key': 'skill_shot-skillshot_up_player_2_widget', 'target': None}, 'play_kwargs': {}}, key=UUID('270c161f-105a-4dcd-a9c9-0b7618ea8f7b'), condition=None, blocking_facility=None), RegisteredHandler(callback=<bound method McWidgetPlayer._add_widget_to_slide_when_active of McConfigPlayer.widgets>, priority=0, kwargs={'slide_name': 'prelaunch_slide', 'widget': 'skillshot_up_player_3_widget', 's': {'slide': 'prelaunch_slide', 'key': 'skill_shot-skillshot_up_player_3_widget', 'target': None}, 'play_kwargs': {}}, key=UUID('e86a9394-c55e-4ab5-9d9d-a96187873e0c'), condition=None, blocking_facility=None), RegisteredHandler(callback=<bound method McWidgetPlayer._add_widget_to_slide_when_active of McConfigPlayer.widgets>, priority=0, kwargs={'slide_name': 'prelaunch_slide', 'widget': 'skillshot_up_player_4_widget', 's': {'slide': 'prelaunch_slide', 'key': 'skill_shot-skillshot_up_player_4_widget', 'target': None}, 'play_kwargs': {}}, key=UUID('8671c68d-e8df-45ad-85b1-fd3894931681'), condition=None, blocking_facility=None), RegisteredHandler(callback=<bound method McWidgetPlayer._add_widget_to_slide_when_active of McConfigPlayer.widgets>, priority=0, kwargs={'slide_name': 'prelaunch_slide', 'widget': 'skill_shot_select_widget_3', 's': {'slide': 'prelaunch_slide', 'key': 'skill_shot-skill_shot_select_widget_3', 'target': None}, 'play_kwargs': {'restore': False, 'state': 'enabled', 'selected': True}}, key=UUID('6ffdb9e2-34f2-49cb-9f62-8270d909a1a0'), condition=None, blocking_facility=None), RegisteredHandler(callback=<bound method McWidgetPlayer._add_widget_to_slide_when_active of McConfigPlayer.widgets>, priority=0, kwargs={'slide_name': 'prelaunch_slide', 'widget': 'skill_shot_select_widget_4', 's': {'slide': 'prelaunch_slide', 'key': 'skill_shot-skill_shot_select_widget_4', 'target': None}, 'play_kwargs': {'restore': False, 'state': 'enabled', 'selected': True}}, key=UUID('f2d54aae-daf9-407a-af5e-8c678baa10d3'), condition=None, blocking_facility=None)]. The order of those handlers is not defined and they will be executed in random order. This might lead to race conditions and potential bugs.
2023-01-15 18:45:06,098 : EventManager : Unordered handler for class McConfigPlayer.widgets on event slide_prelaunch_slide_created with priority 0. Handlers: [RegisteredHandler(callback=<bound method McWidgetPlayer._add_widget_to_slide_when_active of McConfigPlayer.widgets>, priority=0, kwargs={'slide_name': 'prelaunch_slide', 'widget': 'skillshot_up_selected_player_1_widget', 's': {'slide': 'prelaunch_slide', 'key': 'skill_shot-skillshot_up_selected_player_1_widget', 'target': None}, 'play_kwargs': {}}, key=UUID('cfffe2dd-6982-4dc4-a9c6-c9cbda457aaf'), condition=None, blocking_facility=None), RegisteredHandler(callback=<bound method McWidgetPlayer._add_widget_to_slide_when_active of McConfigPlayer.widgets>, priority=0, kwargs={'slide_name': 'prelaunch_slide', 'widget': 'skillshot_up_player_2_widget', 's': {'slide': 'prelaunch_slide', 'key': 'skill_shot-skillshot_up_player_2_widget', 'target': None}, 'play_kwargs': {}}, key=UUID('270c161f-105a-4dcd-a9c9-0b7618ea8f7b'), condition=None, blocking_facility=None), RegisteredHandler(callback=<bound method McWidgetPlayer._add_widget_to_slide_when_active of McConfigPlayer.widgets>, priority=0, kwargs={'slide_name': 'prelaunch_slide', 'widget': 'skillshot_up_player_3_widget', 's': {'slide': 'prelaunch_slide', 'key': 'skill_shot-skillshot_up_player_3_widget', 'target': None}, 'play_kwargs': {}}, key=UUID('e86a9394-c55e-4ab5-9d9d-a96187873e0c'), condition=None, blocking_facility=None), RegisteredHandler(callback=<bound method McWidgetPlayer._add_widget_to_slide_when_active of McConfigPlayer.widgets>, priority=0, kwargs={'slide_name': 'prelaunch_slide', 'widget': 'skillshot_up_player_4_widget', 's': {'slide': 'prelaunch_slide', 'key': 'skill_shot-skillshot_up_player_4_widget', 'target': None}, 'play_kwargs': {}}, key=UUID('8671c68d-e8df-45ad-85b1-fd3894931681'), condition=None, blocking_facility=None), RegisteredHandler(callback=<bound method McWidgetPlayer._add_widget_to_slide_when_active of McConfigPlayer.widgets>, priority=0, kwargs={'slide_name': 'prelaunch_slide', 'widget': 'skill_shot_select_widget_3', 's': {'slide': 'prelaunch_slide', 'key': 'skill_shot-skill_shot_select_widget_3', 'target': None}, 'play_kwargs': {'restore': False, 'state': 'enabled', 'selected': True}}, key=UUID('6ffdb9e2-34f2-49cb-9f62-8270d909a1a0'), condition=None, blocking_facility=None), RegisteredHandler(callback=<bound method McWidgetPlayer._add_widget_to_slide_when_active of McConfigPlayer.widgets>, priority=0, kwargs={'slide_name': 'prelaunch_slide', 'widget': 'skill_shot_select_widget_4', 's': {'slide': 'prelaunch_slide', 'key': 'skill_shot-skill_shot_select_widget_4', 'target': None}, 'play_kwargs': {'restore': False, 'state': 'enabled', 'selected': True}}, key=UUID('f2d54aae-daf9-407a-af5e-8c678baa10d3'), condition=None, blocking_facility=None)]. The order of those handlers is not defined and they will be executed in random order. This might lead to race conditions and potential bugs.
2023-01-15 18:45:06,098 : EventManager : Unordered handler for class McConfigPlayer.widgets on event slide_prelaunch_slide_created with priority 0. Handlers: [RegisteredHandler(callback=<bound method McWidgetPlayer._add_widget_to_slide_when_active of McConfigPlayer.widgets>, priority=0, kwargs={'slide_name': 'prelaunch_slide', 'widget': 'skillshot_up_selected_player_1_widget', 's': {'slide': 'prelaunch_slide', 'key': 'skill_shot-skillshot_up_selected_player_1_widget', 'target': None}, 'play_kwargs': {}}, key=UUID('cfffe2dd-6982-4dc4-a9c6-c9cbda457aaf'), condition=None, blocking_facility=None), RegisteredHandler(callback=<bound method McWidgetPlayer._add_widget_to_slide_when_active of McConfigPlayer.widgets>, priority=0, kwargs={'slide_name': 'prelaunch_slide', 'widget': 'skillshot_up_player_2_widget', 's': {'slide': 'prelaunch_slide', 'key': 'skill_shot-skillshot_up_player_2_widget', 'target': None}, 'play_kwargs': {}}, key=UUID('270c161f-105a-4dcd-a9c9-0b7618ea8f7b'), condition=None, blocking_facility=None), RegisteredHandler(callback=<bound method McWidgetPlayer._add_widget_to_slide_when_active of McConfigPlayer.widgets>, priority=0, kwargs={'slide_name': 'prelaunch_slide', 'widget': 'skillshot_up_player_3_widget', 's': {'slide': 'prelaunch_slide', 'key': 'skill_shot-skillshot_up_player_3_widget', 'target': None}, 'play_kwargs': {}}, key=UUID('e86a9394-c55e-4ab5-9d9d-a96187873e0c'), condition=None, blocking_facility=None), RegisteredHandler(callback=<bound method McWidgetPlayer._add_widget_to_slide_when_active of McConfigPlayer.widgets>, priority=0, kwargs={'slide_name': 'prelaunch_slide', 'widget': 'skillshot_up_player_4_widget', 's': {'slide': 'prelaunch_slide', 'key': 'skill_shot-skillshot_up_player_4_widget', 'target': None}, 'play_kwargs': {}}, key=UUID('8671c68d-e8df-45ad-85b1-fd3894931681'), condition=None, blocking_facility=None), RegisteredHandler(callback=<bound method McWidgetPlayer._add_widget_to_slide_when_active of McConfigPlayer.widgets>, priority=0, kwargs={'slide_name': 'prelaunch_slide', 'widget': 'skill_shot_select_widget_3', 's': {'slide': 'prelaunch_slide', 'key': 'skill_shot-skill_shot_select_widget_3', 'target': None}, 'play_kwargs': {'restore': False, 'state': 'enabled', 'selected': True}}, key=UUID('6ffdb9e2-34f2-49cb-9f62-8270d909a1a0'), condition=None, blocking_facility=None), RegisteredHandler(callback=<bound method McWidgetPlayer._add_widget_to_slide_when_active of McConfigPlayer.widgets>, priority=0, kwargs={'slide_name': 'prelaunch_slide', 'widget': 'skill_shot_select_widget_4', 's': {'slide': 'prelaunch_slide', 'key': 'skill_shot-skill_shot_select_widget_4', 'target': None}, 'play_kwargs': {'restore': False, 'state': 'enabled', 'selected': True}}, key=UUID('f2d54aae-daf9-407a-af5e-8c678baa10d3'), condition=None, blocking_facility=None)]. The order of those handlers is not defined and they will be executed in random order. This might lead to race conditions and potential bugs.
2023-01-15 18:45:06,098 : EventManager : Unordered handler for class McConfigPlayer.widgets on event slide_prelaunch_slide_created with priority 0. Handlers: [RegisteredHandler(callback=<bound method McWidgetPlayer._add_widget_to_slide_when_active of McConfigPlayer.widgets>, priority=0, kwargs={'slide_name': 'prelaunch_slide', 'widget': 'skillshot_up_selected_player_1_widget', 's': {'slide': 'prelaunch_slide', 'key': 'skill_shot-skillshot_up_selected_player_1_widget', 'target': None}, 'play_kwargs': {}}, key=UUID('cfffe2dd-6982-4dc4-a9c6-c9cbda457aaf'), condition=None, blocking_facility=None), RegisteredHandler(callback=<bound method McWidgetPlayer._add_widget_to_slide_when_active of McConfigPlayer.widgets>, priority=0, kwargs={'slide_name': 'prelaunch_slide', 'widget': 'skillshot_up_player_2_widget', 's': {'slide': 'prelaunch_slide', 'key': 'skill_shot-skillshot_up_player_2_widget', 'target': None}, 'play_kwargs': {}}, key=UUID('270c161f-105a-4dcd-a9c9-0b7618ea8f7b'), condition=None, blocking_facility=None), RegisteredHandler(callback=<bound method McWidgetPlayer._add_widget_to_slide_when_active of McConfigPlayer.widgets>, priority=0, kwargs={'slide_name': 'prelaunch_slide', 'widget': 'skillshot_up_player_3_widget', 's': {'slide': 'prelaunch_slide', 'key': 'skill_shot-skillshot_up_player_3_widget', 'target': None}, 'play_kwargs': {}}, key=UUID('e86a9394-c55e-4ab5-9d9d-a96187873e0c'), condition=None, blocking_facility=None), RegisteredHandler(callback=<bound method McWidgetPlayer._add_widget_to_slide_when_active of McConfigPlayer.widgets>, priority=0, kwargs={'slide_name': 'prelaunch_slide', 'widget': 'skillshot_up_player_4_widget', 's': {'slide': 'prelaunch_slide', 'key': 'skill_shot-skillshot_up_player_4_widget', 'target': None}, 'play_kwargs': {}}, key=UUID('8671c68d-e8df-45ad-85b1-fd3894931681'), condition=None, blocking_facility=None), RegisteredHandler(callback=<bound method McWidgetPlayer._add_widget_to_slide_when_active of McConfigPlayer.widgets>, priority=0, kwargs={'slide_name': 'prelaunch_slide', 'widget': 'skill_shot_select_widget_3', 's': {'slide': 'prelaunch_slide', 'key': 'skill_shot-skill_shot_select_widget_3', 'target': None}, 'play_kwargs': {'restore': False, 'state': 'enabled', 'selected': True}}, key=UUID('6ffdb9e2-34f2-49cb-9f62-8270d909a1a0'), condition=None, blocking_facility=None), RegisteredHandler(callback=<bound method McWidgetPlayer._add_widget_to_slide_when_active of McConfigPlayer.widgets>, priority=0, kwargs={'slide_name': 'prelaunch_slide', 'widget': 'skill_shot_select_widget_4', 's': {'slide': 'prelaunch_slide', 'key': 'skill_shot-skill_shot_select_widget_4', 'target': None}, 'play_kwargs': {'restore': False, 'state': 'enabled', 'selected': True}}, key=UUID('f2d54aae-daf9-407a-af5e-8c678baa10d3'), condition=None, blocking_facility=None)]. The order of those handlers is not defined and they will be executed in random order. This might lead to race conditions and potential bugs.
2023-01-15 18:45:06,099 : EventManager : Unordered handler for class McConfigPlayer.widgets on event slide_prelaunch_slide_created with priority 0. Handlers: [RegisteredHandler(callback=<bound method McWidgetPlayer._add_widget_to_slide_when_active of McConfigPlayer.widgets>, priority=0, kwargs={'slide_name': 'prelaunch_slide', 'widget': 'skillshot_up_selected_player_1_widget', 's': {'slide': 'prelaunch_slide', 'key': 'skill_shot-skillshot_up_selected_player_1_widget', 'target': None}, 'play_kwargs': {}}, key=UUID('cfffe2dd-6982-4dc4-a9c6-c9cbda457aaf'), condition=None, blocking_facility=None), RegisteredHandler(callback=<bound method McWidgetPlayer._add_widget_to_slide_when_active of McConfigPlayer.widgets>, priority=0, kwargs={'slide_name': 'prelaunch_slide', 'widget': 'skillshot_up_player_2_widget', 's': {'slide': 'prelaunch_slide', 'key': 'skill_shot-skillshot_up_player_2_widget', 'target': None}, 'play_kwargs': {}}, key=UUID('270c161f-105a-4dcd-a9c9-0b7618ea8f7b'), condition=None, blocking_facility=None), RegisteredHandler(callback=<bound method McWidgetPlayer._add_widget_to_slide_when_active of McConfigPlayer.widgets>, priority=0, kwargs={'slide_name': 'prelaunch_slide', 'widget': 'skillshot_up_player_3_widget', 's': {'slide': 'prelaunch_slide', 'key': 'skill_shot-skillshot_up_player_3_widget', 'target': None}, 'play_kwargs': {}}, key=UUID('e86a9394-c55e-4ab5-9d9d-a96187873e0c'), condition=None, blocking_facility=None), RegisteredHandler(callback=<bound method McWidgetPlayer._add_widget_to_slide_when_active of McConfigPlayer.widgets>, priority=0, kwargs={'slide_name': 'prelaunch_slide', 'widget': 'skillshot_up_player_4_widget', 's': {'slide': 'prelaunch_slide', 'key': 'skill_shot-skillshot_up_player_4_widget', 'target': None}, 'play_kwargs': {}}, key=UUID('8671c68d-e8df-45ad-85b1-fd3894931681'), condition=None, blocking_facility=None), RegisteredHandler(callback=<bound method McWidgetPlayer._add_widget_to_slide_when_active of McConfigPlayer.widgets>, priority=0, kwargs={'slide_name': 'prelaunch_slide', 'widget': 'skill_shot_select_widget_3', 's': {'slide': 'prelaunch_slide', 'key': 'skill_shot-skill_shot_select_widget_3', 'target': None}, 'play_kwargs': {'restore': False, 'state': 'enabled', 'selected': True}}, key=UUID('6ffdb9e2-34f2-49cb-9f62-8270d909a1a0'), condition=None, blocking_facility=None), RegisteredHandler(callback=<bound method McWidgetPlayer._add_widget_to_slide_when_active of McConfigPlayer.widgets>, priority=0, kwargs={'slide_name': 'prelaunch_slide', 'widget': 'skill_shot_select_widget_4', 's': {'slide': 'prelaunch_slide', 'key': 'skill_shot-skill_shot_select_widget_4', 'target': None}, 'play_kwargs': {'restore': False, 'state': 'enabled', 'selected': True}}, key=UUID('f2d54aae-daf9-407a-af5e-8c678baa10d3'), condition=None, blocking_facility=None)]. The order of those handlers is not defined and they will be executed in random order. This might lead to race conditions and potential bugs.
2023-01-15 18:45:07,247 : EventManager : Event: ======'machine_var_audits_switches_s_left_flipper'====== Args={'value': 1440, 'prev_value': 1439, 'change': 1}
2023-01-15 18:45:07,264 : EventManager : Event: ======'widgets_play'====== Args={'settings': {'skill_shot_select_widget_5': {'slide': 'prelaunch_slide', 'action': 'add', 'priority': 0, 'key': None, 'target': None}, 'skill_shot_select_widget_1': {'action': 'remove', 'priority': 0, 'slide': None, 'key': None, 'target': None}, 'skill_shot_select_widget_2': {'action': 'remove', 'priority': 0, 'slide': None, 'key': None, 'target': None}, 'skill_shot_select_widget_3': {'action': 'remove', 'priority': 0, 'slide': None, 'key': None, 'target': None}, 'skill_shot_select_widget_4': {'action': 'remove', 'priority': 0, 'slide': None, 'key': None, 'target': None}}, 'context': 'skill_shot', 'calling_context': 'skillshot_5_selected', 'priority': 150, 'restore': False, 'state': 'enabled', 'selected': True}
2023-01-15 18:45:07,265 : EventManager : Unordered handler for class McConfigPlayer.widgets on event slide_prelaunch_slide_created with priority 0. Handlers: [RegisteredHandler(callback=<bound method McWidgetPlayer._add_widget_to_slide_when_active of McConfigPlayer.widgets>, priority=0, kwargs={'slide_name': 'prelaunch_slide', 'widget': 'skillshot_up_selected_player_1_widget', 's': {'slide': 'prelaunch_slide', 'key': 'skill_shot-skillshot_up_selected_player_1_widget', 'target': None}, 'play_kwargs': {}}, key=UUID('cfffe2dd-6982-4dc4-a9c6-c9cbda457aaf'), condition=None, blocking_facility=None), RegisteredHandler(callback=<bound method McWidgetPlayer._add_widget_to_slide_when_active of McConfigPlayer.widgets>, priority=0, kwargs={'slide_name': 'prelaunch_slide', 'widget': 'skillshot_up_player_2_widget', 's': {'slide': 'prelaunch_slide', 'key': 'skill_shot-skillshot_up_player_2_widget', 'target': None}, 'play_kwargs': {}}, key=UUID('270c161f-105a-4dcd-a9c9-0b7618ea8f7b'), condition=None, blocking_facility=None), RegisteredHandler(callback=<bound method McWidgetPlayer._add_widget_to_slide_when_active of McConfigPlayer.widgets>, priority=0, kwargs={'slide_name': 'prelaunch_slide', 'widget': 'skillshot_up_player_3_widget', 's': {'slide': 'prelaunch_slide', 'key': 'skill_shot-skillshot_up_player_3_widget', 'target': None}, 'play_kwargs': {}}, key=UUID('e86a9394-c55e-4ab5-9d9d-a96187873e0c'), condition=None, blocking_facility=None), RegisteredHandler(callback=<bound method McWidgetPlayer._add_widget_to_slide_when_active of McConfigPlayer.widgets>, priority=0, kwargs={'slide_name': 'prelaunch_slide', 'widget': 'skillshot_up_player_4_widget', 's': {'slide': 'prelaunch_slide', 'key': 'skill_shot-skillshot_up_player_4_widget', 'target': None}, 'play_kwargs': {}}, key=UUID('8671c68d-e8df-45ad-85b1-fd3894931681'), condition=None, blocking_facility=None), RegisteredHandler(callback=<bound method McWidgetPlayer._add_widget_to_slide_when_active of McConfigPlayer.widgets>, priority=0, kwargs={'slide_name': 'prelaunch_slide', 'widget': 'skill_shot_select_widget_4', 's': {'slide': 'prelaunch_slide', 'key': 'skill_shot-skill_shot_select_widget_4', 'target': None}, 'play_kwargs': {'restore': False, 'state': 'enabled', 'selected': True}}, key=UUID('f2d54aae-daf9-407a-af5e-8c678baa10d3'), condition=None, blocking_facility=None), RegisteredHandler(callback=<bound method McWidgetPlayer._add_widget_to_slide_when_active of McConfigPlayer.widgets>, priority=0, kwargs={'slide_name': 'prelaunch_slide', 'widget': 'skill_shot_select_widget_5', 's': {'slide': 'prelaunch_slide', 'key': 'skill_shot-skill_shot_select_widget_5', 'target': None}, 'play_kwargs': {'restore': False, 'state': 'enabled', 'selected': True}}, key=UUID('ca5e1e65-e6bb-4a68-8cd3-a62fe0c439fb'), condition=None, blocking_facility=None)]. The order of those handlers is not defined and they will be executed in random order. This might lead to race conditions and potential bugs.
2023-01-15 18:45:07,265 : EventManager : Unordered handler for class McConfigPlayer.widgets on event slide_prelaunch_slide_created with priority 0. Handlers: [RegisteredHandler(callback=<bound method McWidgetPlayer._add_widget_to_slide_when_active of McConfigPlayer.widgets>, priority=0, kwargs={'slide_name': 'prelaunch_slide', 'widget': 'skillshot_up_selected_player_1_widget', 's': {'slide': 'prelaunch_slide', 'key': 'skill_shot-skillshot_up_selected_player_1_widget', 'target': None}, 'play_kwargs': {}}, key=UUID('cfffe2dd-6982-4dc4-a9c6-c9cbda457aaf'), condition=None, blocking_facility=None), RegisteredHandler(callback=<bound method McWidgetPlayer._add_widget_to_slide_when_active of McConfigPlayer.widgets>, priority=0, kwargs={'slide_name': 'prelaunch_slide', 'widget': 'skillshot_up_player_2_widget', 's': {'slide': 'prelaunch_slide', 'key': 'skill_shot-skillshot_up_player_2_widget', 'target': None}, 'play_kwargs': {}}, key=UUID('270c161f-105a-4dcd-a9c9-0b7618ea8f7b'), condition=None, blocking_facility=None), RegisteredHandler(callback=<bound method McWidgetPlayer._add_widget_to_slide_when_active of McConfigPlayer.widgets>, priority=0, kwargs={'slide_name': 'prelaunch_slide', 'widget': 'skillshot_up_player_3_widget', 's': {'slide': 'prelaunch_slide', 'key': 'skill_shot-skillshot_up_player_3_widget', 'target': None}, 'play_kwargs': {}}, key=UUID('e86a9394-c55e-4ab5-9d9d-a96187873e0c'), condition=None, blocking_facility=None), RegisteredHandler(callback=<bound method McWidgetPlayer._add_widget_to_slide_when_active of McConfigPlayer.widgets>, priority=0, kwargs={'slide_name': 'prelaunch_slide', 'widget': 'skillshot_up_player_4_widget', 's': {'slide': 'prelaunch_slide', 'key': 'skill_shot-skillshot_up_player_4_widget', 'target': None}, 'play_kwargs': {}}, key=UUID('8671c68d-e8df-45ad-85b1-fd3894931681'), condition=None, blocking_facility=None), RegisteredHandler(callback=<bound method McWidgetPlayer._add_widget_to_slide_when_active of McConfigPlayer.widgets>, priority=0, kwargs={'slide_name': 'prelaunch_slide', 'widget': 'skill_shot_select_widget_4', 's': {'slide': 'prelaunch_slide', 'key': 'skill_shot-skill_shot_select_widget_4', 'target': None}, 'play_kwargs': {'restore': False, 'state': 'enabled', 'selected': True}}, key=UUID('f2d54aae-daf9-407a-af5e-8c678baa10d3'), condition=None, blocking_facility=None), RegisteredHandler(callback=<bound method McWidgetPlayer._add_widget_to_slide_when_active of McConfigPlayer.widgets>, priority=0, kwargs={'slide_name': 'prelaunch_slide', 'widget': 'skill_shot_select_widget_5', 's': {'slide': 'prelaunch_slide', 'key': 'skill_shot-skill_shot_select_widget_5', 'target': None}, 'play_kwargs': {'restore': False, 'state': 'enabled', 'selected': True}}, key=UUID('ca5e1e65-e6bb-4a68-8cd3-a62fe0c439fb'), condition=None, blocking_facility=None)]. The order of those handlers is not defined and they will be executed in random order. This might lead to race conditions and potential bugs.
2023-01-15 18:45:07,265 : EventManager : Unordered handler for class McConfigPlayer.widgets on event slide_prelaunch_slide_created with priority 0. Handlers: [RegisteredHandler(callback=<bound method McWidgetPlayer._add_widget_to_slide_when_active of McConfigPlayer.widgets>, priority=0, kwargs={'slide_name': 'prelaunch_slide', 'widget': 'skillshot_up_selected_player_1_widget', 's': {'slide': 'prelaunch_slide', 'key': 'skill_shot-skillshot_up_selected_player_1_widget', 'target': None}, 'play_kwargs': {}}, key=UUID('cfffe2dd-6982-4dc4-a9c6-c9cbda457aaf'), condition=None, blocking_facility=None), RegisteredHandler(callback=<bound method McWidgetPlayer._add_widget_to_slide_when_active of McConfigPlayer.widgets>, priority=0, kwargs={'slide_name': 'prelaunch_slide', 'widget': 'skillshot_up_player_2_widget', 's': {'slide': 'prelaunch_slide', 'key': 'skill_shot-skillshot_up_player_2_widget', 'target': None}, 'play_kwargs': {}}, key=UUID('270c161f-105a-4dcd-a9c9-0b7618ea8f7b'), condition=None, blocking_facility=None), RegisteredHandler(callback=<bound method McWidgetPlayer._add_widget_to_slide_when_active of McConfigPlayer.widgets>, priority=0, kwargs={'slide_name': 'prelaunch_slide', 'widget': 'skillshot_up_player_3_widget', 's': {'slide': 'prelaunch_slide', 'key': 'skill_shot-skillshot_up_player_3_widget', 'target': None}, 'play_kwargs': {}}, key=UUID('e86a9394-c55e-4ab5-9d9d-a96187873e0c'), condition=None, blocking_facility=None), RegisteredHandler(callback=<bound method McWidgetPlayer._add_widget_to_slide_when_active of McConfigPlayer.widgets>, priority=0, kwargs={'slide_name': 'prelaunch_slide', 'widget': 'skillshot_up_player_4_widget', 's': {'slide': 'prelaunch_slide', 'key': 'skill_shot-skillshot_up_player_4_widget', 'target': None}, 'play_kwargs': {}}, key=UUID('8671c68d-e8df-45ad-85b1-fd3894931681'), condition=None, blocking_facility=None), RegisteredHandler(callback=<bound method McWidgetPlayer._add_widget_to_slide_when_active of McConfigPlayer.widgets>, priority=0, kwargs={'slide_name': 'prelaunch_slide', 'widget': 'skill_shot_select_widget_4', 's': {'slide': 'prelaunch_slide', 'key': 'skill_shot-skill_shot_select_widget_4', 'target': None}, 'play_kwargs': {'restore': False, 'state': 'enabled', 'selected': True}}, key=UUID('f2d54aae-daf9-407a-af5e-8c678baa10d3'), condition=None, blocking_facility=None), RegisteredHandler(callback=<bound method McWidgetPlayer._add_widget_to_slide_when_active of McConfigPlayer.widgets>, priority=0, kwargs={'slide_name': 'prelaunch_slide', 'widget': 'skill_shot_select_widget_5', 's': {'slide': 'prelaunch_slide', 'key': 'skill_shot-skill_shot_select_widget_5', 'target': None}, 'play_kwargs': {'restore': False, 'state': 'enabled', 'selected': True}}, key=UUID('ca5e1e65-e6bb-4a68-8cd3-a62fe0c439fb'), condition=None, blocking_facility=None)]. The order of those handlers is not defined and they will be executed in random order. This might lead to race conditions and potential bugs.
2023-01-15 18:45:07,265 : EventManager : Unordered handler for class McConfigPlayer.widgets on event slide_prelaunch_slide_created with priority 0. Handlers: [RegisteredHandler(callback=<bound method McWidgetPlayer._add_widget_to_slide_when_active of McConfigPlayer.widgets>, priority=0, kwargs={'slide_name': 'prelaunch_slide', 'widget': 'skillshot_up_selected_player_1_widget', 's': {'slide': 'prelaunch_slide', 'key': 'skill_shot-skillshot_up_selected_player_1_widget', 'target': None}, 'play_kwargs': {}}, key=UUID('cfffe2dd-6982-4dc4-a9c6-c9cbda457aaf'), condition=None, blocking_facility=None), RegisteredHandler(callback=<bound method McWidgetPlayer._add_widget_to_slide_when_active of McConfigPlayer.widgets>, priority=0, kwargs={'slide_name': 'prelaunch_slide', 'widget': 'skillshot_up_player_2_widget', 's': {'slide': 'prelaunch_slide', 'key': 'skill_shot-skillshot_up_player_2_widget', 'target': None}, 'play_kwargs': {}}, key=UUID('270c161f-105a-4dcd-a9c9-0b7618ea8f7b'), condition=None, blocking_facility=None), RegisteredHandler(callback=<bound method McWidgetPlayer._add_widget_to_slide_when_active of McConfigPlayer.widgets>, priority=0, kwargs={'slide_name': 'prelaunch_slide', 'widget': 'skillshot_up_player_3_widget', 's': {'slide': 'prelaunch_slide', 'key': 'skill_shot-skillshot_up_player_3_widget', 'target': None}, 'play_kwargs': {}}, key=UUID('e86a9394-c55e-4ab5-9d9d-a96187873e0c'), condition=None, blocking_facility=None), RegisteredHandler(callback=<bound method McWidgetPlayer._add_widget_to_slide_when_active of McConfigPlayer.widgets>, priority=0, kwargs={'slide_name': 'prelaunch_slide', 'widget': 'skillshot_up_player_4_widget', 's': {'slide': 'prelaunch_slide', 'key': 'skill_shot-skillshot_up_player_4_widget', 'target': None}, 'play_kwargs': {}}, key=UUID('8671c68d-e8df-45ad-85b1-fd3894931681'), condition=None, blocking_facility=None), RegisteredHandler(callback=<bound method McWidgetPlayer._add_widget_to_slide_when_active of McConfigPlayer.widgets>, priority=0, kwargs={'slide_name': 'prelaunch_slide', 'widget': 'skill_shot_select_widget_4', 's': {'slide': 'prelaunch_slide', 'key': 'skill_shot-skill_shot_select_widget_4', 'target': None}, 'play_kwargs': {'restore': False, 'state': 'enabled', 'selected': True}}, key=UUID('f2d54aae-daf9-407a-af5e-8c678baa10d3'), condition=None, blocking_facility=None), RegisteredHandler(callback=<bound method McWidgetPlayer._add_widget_to_slide_when_active of McConfigPlayer.widgets>, priority=0, kwargs={'slide_name': 'prelaunch_slide', 'widget': 'skill_shot_select_widget_5', 's': {'slide': 'prelaunch_slide', 'key': 'skill_shot-skill_shot_select_widget_5', 'target': None}, 'play_kwargs': {'restore': False, 'state': 'enabled', 'selected': True}}, key=UUID('ca5e1e65-e6bb-4a68-8cd3-a62fe0c439fb'), condition=None, blocking_facility=None)]. The order of those handlers is not defined and they will be executed in random order. This might lead to race conditions and potential bugs.
2023-01-15 18:45:07,265 : EventManager : Unordered handler for class McConfigPlayer.widgets on event slide_prelaunch_slide_created with priority 0. Handlers: [RegisteredHandler(callback=<bound method McWidgetPlayer._add_widget_to_slide_when_active of McConfigPlayer.widgets>, priority=0, kwargs={'slide_name': 'prelaunch_slide', 'widget': 'skillshot_up_selected_player_1_widget', 's': {'slide': 'prelaunch_slide', 'key': 'skill_shot-skillshot_up_selected_player_1_widget', 'target': None}, 'play_kwargs': {}}, key=UUID('cfffe2dd-6982-4dc4-a9c6-c9cbda457aaf'), condition=None, blocking_facility=None), RegisteredHandler(callback=<bound method McWidgetPlayer._add_widget_to_slide_when_active of McConfigPlayer.widgets>, priority=0, kwargs={'slide_name': 'prelaunch_slide', 'widget': 'skillshot_up_player_2_widget', 's': {'slide': 'prelaunch_slide', 'key': 'skill_shot-skillshot_up_player_2_widget', 'target': None}, 'play_kwargs': {}}, key=UUID('270c161f-105a-4dcd-a9c9-0b7618ea8f7b'), condition=None, blocking_facility=None), RegisteredHandler(callback=<bound method McWidgetPlayer._add_widget_to_slide_when_active of McConfigPlayer.widgets>, priority=0, kwargs={'slide_name': 'prelaunch_slide', 'widget': 'skillshot_up_player_3_widget', 's': {'slide': 'prelaunch_slide', 'key': 'skill_shot-skillshot_up_player_3_widget', 'target': None}, 'play_kwargs': {}}, key=UUID('e86a9394-c55e-4ab5-9d9d-a96187873e0c'), condition=None, blocking_facility=None), RegisteredHandler(callback=<bound method McWidgetPlayer._add_widget_to_slide_when_active of McConfigPlayer.widgets>, priority=0, kwargs={'slide_name': 'prelaunch_slide', 'widget': 'skillshot_up_player_4_widget', 's': {'slide': 'prelaunch_slide', 'key': 'skill_shot-skillshot_up_player_4_widget', 'target': None}, 'play_kwargs': {}}, key=UUID('8671c68d-e8df-45ad-85b1-fd3894931681'), condition=None, blocking_facility=None), RegisteredHandler(callback=<bound method McWidgetPlayer._add_widget_to_slide_when_active of McConfigPlayer.widgets>, priority=0, kwargs={'slide_name': 'prelaunch_slide', 'widget': 'skill_shot_select_widget_4', 's': {'slide': 'prelaunch_slide', 'key': 'skill_shot-skill_shot_select_widget_4', 'target': None}, 'play_kwargs': {'restore': False, 'state': 'enabled', 'selected': True}}, key=UUID('f2d54aae-daf9-407a-af5e-8c678baa10d3'), condition=None, blocking_facility=None), RegisteredHandler(callback=<bound method McWidgetPlayer._add_widget_to_slide_when_active of McConfigPlayer.widgets>, priority=0, kwargs={'slide_name': 'prelaunch_slide', 'widget': 'skill_shot_select_widget_5', 's': {'slide': 'prelaunch_slide', 'key': 'skill_shot-skill_shot_select_widget_5', 'target': None}, 'play_kwargs': {'restore': False, 'state': 'enabled', 'selected': True}}, key=UUID('ca5e1e65-e6bb-4a68-8cd3-a62fe0c439fb'), condition=None, blocking_facility=None)]. The order of those handlers is not defined and they will be executed in random order. This might lead to race conditions and potential bugs.
2023-01-15 18:45:07,414 : EventManager : Event: ======'slides_play'====== Args={'settings': {'status_report_tilte2': {'widgets': [{'type': 'text', 'text': 'STATUS REPORT', 'style': ['big'], 'font_size': 10, 'y': 'center', 'round_anchor_x': 'left', 'round_anchor_y': 'top', '_default_settings': ['type', 'text', 'style', 'font_size', 'y', 'round_anchor_x', 'round_anchor_y'], 'x': None, 'anchor_x': 'center', 'anchor_y': 'center', 'opacity': 1.0, 'z': 0, 'reset_animations_events': {}, 'color': [1.0, 1.0, 1.0, 1.0], 'adjust_top': 0, 'adjust_bottom': 0, 'adjust_left': 0, 'adjust_right': 0, 'expire': None, 'key': None, 'widget': None, 'events_when_added': [], 'events_when_removed': [], 'bitmap_font': False, 'font_kerning': True, 'bold': False, 'italic': False, 'number_grouping': False, 'min_digits': 0, 'halign': 'center', 'valign': 'middle', 'rotation': 0, 'scale': 1.0, 'casing': None, 'animations': None}], 'target': None, 'background_color': [0.0, 0.0, 0.0, 1.0], 'priority': None, 'show': True, 'force': False, 'expire': None, 'slide': None, 'tokens': {}, 'action': 'play'}}, 'context': 'show_19', 'calling_context': 2, 'priority': 1620, 'show_tokens': {}, 'start_time': 63210.734}
2023-01-15 18:45:07,414 : mpfmc : SlidePlayer: Play called with settings={'status_report_tilte2': {'widgets': [{'type': 'text', 'text': 'STATUS REPORT', 'style': ['big'], 'font_size': 10, 'y': 'center', 'round_anchor_x': 'left', 'round_anchor_y': 'top', '_default_settings': ['type', 'text', 'style', 'font_size', 'y', 'round_anchor_x', 'round_anchor_y'], 'x': None, 'anchor_x': 'center', 'anchor_y': 'center', 'opacity': 1.0, 'z': 0, 'reset_animations_events': {}, 'color': [1.0, 1.0, 1.0, 1.0], 'adjust_top': 0, 'adjust_bottom': 0, 'adjust_left': 0, 'adjust_right': 0, 'expire': None, 'key': None, 'widget': None, 'events_when_added': [], 'events_when_removed': [], 'bitmap_font': False, 'font_kerning': True, 'bold': False, 'italic': False, 'number_grouping': False, 'min_digits': 0, 'halign': 'center', 'valign': 'middle', 'rotation': 0, 'scale': 1.0, 'casing': None, 'animations': None}], 'target': None, 'background_color': [0.0, 0.0, 0.0, 1.0], 'priority': None, 'show': True, 'force': False, 'expire': None, 'slide': None, 'tokens': {}, 'action': 'play'}}
2023-01-15 18:45:07,418 : EventManager : Event: ======'slide_status_report_tilte2_created'====== Args={}
2023-01-15 18:45:07,421 : EventManager : Event: ======'slide_status_report_tilte2_active'====== Args={}
2023-01-15 18:45:08,414 : EventManager : Event: ======'slides_play'====== Args={'settings': {'status_report_tilte': {'widgets': [{'type': 'text', 'text': 'STATUS REPORT', 'style': ['big'], 'font_size': 14, 'y': 'center', 'round_anchor_x': 'left', 'round_anchor_y': 'top', '_default_settings': ['type', 'text', 'style', 'font_size', 'y', 'round_anchor_x', 'round_anchor_y'], 'x': None, 'anchor_x': 'center', 'anchor_y': 'center', 'opacity': 1.0, 'z': 0, 'reset_animations_events': {}, 'color': [1.0, 1.0, 1.0, 1.0], 'adjust_top': 0, 'adjust_bottom': 0, 'adjust_left': 0, 'adjust_right': 0, 'expire': None, 'key': None, 'widget': None, 'events_when_added': [], 'events_when_removed': [], 'bitmap_font': False, 'font_kerning': True, 'bold': False, 'italic': False, 'number_grouping': False, 'min_digits': 0, 'halign': 'center', 'valign': 'middle', 'rotation': 0, 'scale': 1.0, 'casing': None, 'animations': None}], 'target': None, 'background_color': [0.0, 0.0, 0.0, 1.0], 'priority': None, 'show': True, 'force': False, 'expire': None, 'slide': None, 'tokens': {}, 'action': 'play'}}, 'context': 'show_19', 'calling_context': 0, 'priority': 1620, 'show_tokens': {}, 'start_time': 63211.734}
2023-01-15 18:45:08,414 : mpfmc : SlidePlayer: Play called with settings={'status_report_tilte': {'widgets': [{'type': 'text', 'text': 'STATUS REPORT', 'style': ['big'], 'font_size': 14, 'y': 'center', 'round_anchor_x': 'left', 'round_anchor_y': 'top', '_default_settings': ['type', 'text', 'style', 'font_size', 'y', 'round_anchor_x', 'round_anchor_y'], 'x': None, 'anchor_x': 'center', 'anchor_y': 'center', 'opacity': 1.0, 'z': 0, 'reset_animations_events': {}, 'color': [1.0, 1.0, 1.0, 1.0], 'adjust_top': 0, 'adjust_bottom': 0, 'adjust_left': 0, 'adjust_right': 0, 'expire': None, 'key': None, 'widget': None, 'events_when_added': [], 'events_when_removed': [], 'bitmap_font': False, 'font_kerning': True, 'bold': False, 'italic': False, 'number_grouping': False, 'min_digits': 0, 'halign': 'center', 'valign': 'middle', 'rotation': 0, 'scale': 1.0, 'casing': None, 'animations': None}], 'target': None, 'background_color': [0.0, 0.0, 0.0, 1.0], 'priority': None, 'show': True, 'force': False, 'expire': None, 'slide': None, 'tokens': {}, 'action': 'play'}}
2023-01-15 18:45:08,415 : EventManager : Event: ======'slide_status_report_tilte_removed'====== Args={}
2023-01-15 18:45:08,418 : EventManager : Event: ======'slide_status_report_tilte_created'====== Args={}
2023-01-15 18:45:08,420 : EventManager : Event: ======'slide_status_report_tilte_active'====== Args={}
2023-01-15 18:45:09,281 : EventManager : Event: ======'machine_var_audits_switches_s_left_flipper'====== Args={'value': 1441, 'prev_value': 1440, 'change': 1}
2023-01-15 18:45:09,298 : EventManager : Event: ======'widgets_play'====== Args={'settings': {'skill_shot_select_widget_4': {'slide': 'prelaunch_slide', 'action': 'add', 'priority': 0, 'key': None, 'target': None}, 'skill_shot_select_widget_1': {'action': 'remove', 'priority': 0, 'slide': None, 'key': None, 'target': None}, 'skill_shot_select_widget_2': {'action': 'remove', 'priority': 0, 'slide': None, 'key': None, 'target': None}, 'skill_shot_select_widget_3': {'action': 'remove', 'priority': 0, 'slide': None, 'key': None, 'target': None}, 'skill_shot_select_widget_5': {'action': 'remove', 'priority': 0, 'slide': None, 'key': None, 'target': None}}, 'context': 'skill_shot', 'calling_context': 'skillshot_4_selected', 'priority': 150, 'restore': False, 'state': 'enabled', 'selected': True}
2023-01-15 18:45:09,298 : EventManager : Unordered handler for class McConfigPlayer.widgets on event slide_prelaunch_slide_created with priority 0. Handlers: [RegisteredHandler(callback=<bound method McWidgetPlayer._add_widget_to_slide_when_active of McConfigPlayer.widgets>, priority=0, kwargs={'slide_name': 'prelaunch_slide', 'widget': 'skillshot_up_selected_player_1_widget', 's': {'slide': 'prelaunch_slide', 'key': 'skill_shot-skillshot_up_selected_player_1_widget', 'target': None}, 'play_kwargs': {}}, key=UUID('cfffe2dd-6982-4dc4-a9c6-c9cbda457aaf'), condition=None, blocking_facility=None), RegisteredHandler(callback=<bound method McWidgetPlayer._add_widget_to_slide_when_active of McConfigPlayer.widgets>, priority=0, kwargs={'slide_name': 'prelaunch_slide', 'widget': 'skillshot_up_player_2_widget', 's': {'slide': 'prelaunch_slide', 'key': 'skill_shot-skillshot_up_player_2_widget', 'target': None}, 'play_kwargs': {}}, key=UUID('270c161f-105a-4dcd-a9c9-0b7618ea8f7b'), condition=None, blocking_facility=None), RegisteredHandler(callback=<bound method McWidgetPlayer._add_widget_to_slide_when_active of McConfigPlayer.widgets>, priority=0, kwargs={'slide_name': 'prelaunch_slide', 'widget': 'skillshot_up_player_3_widget', 's': {'slide': 'prelaunch_slide', 'key': 'skill_shot-skillshot_up_player_3_widget', 'target': None}, 'play_kwargs': {}}, key=UUID('e86a9394-c55e-4ab5-9d9d-a96187873e0c'), condition=None, blocking_facility=None), RegisteredHandler(callback=<bound method McWidgetPlayer._add_widget_to_slide_when_active of McConfigPlayer.widgets>, priority=0, kwargs={'slide_name': 'prelaunch_slide', 'widget': 'skillshot_up_player_4_widget', 's': {'slide': 'prelaunch_slide', 'key': 'skill_shot-skillshot_up_player_4_widget', 'target': None}, 'play_kwargs': {}}, key=UUID('8671c68d-e8df-45ad-85b1-fd3894931681'), condition=None, blocking_facility=None), RegisteredHandler(callback=<bound method McWidgetPlayer._add_widget_to_slide_when_active of McConfigPlayer.widgets>, priority=0, kwargs={'slide_name': 'prelaunch_slide', 'widget': 'skill_shot_select_widget_5', 's': {'slide': 'prelaunch_slide', 'key': 'skill_shot-skill_shot_select_widget_5', 'target': None}, 'play_kwargs': {'restore': False, 'state': 'enabled', 'selected': True}}, key=UUID('ca5e1e65-e6bb-4a68-8cd3-a62fe0c439fb'), condition=None, blocking_facility=None), RegisteredHandler(callback=<bound method McWidgetPlayer._add_widget_to_slide_when_active of McConfigPlayer.widgets>, priority=0, kwargs={'slide_name': 'prelaunch_slide', 'widget': 'skill_shot_select_widget_4', 's': {'slide': 'prelaunch_slide', 'key': 'skill_shot-skill_shot_select_widget_4', 'target': None}, 'play_kwargs': {'restore': False, 'state': 'enabled', 'selected': True}}, key=UUID('306617a7-8839-4ca5-8a13-e2c7b14e5c66'), condition=None, blocking_facility=None)]. The order of those handlers is not defined and they will be executed in random order. This might lead to race conditions and potential bugs.
2023-01-15 18:45:09,298 : EventManager : Unordered handler for class McConfigPlayer.widgets on event slide_prelaunch_slide_created with priority 0. Handlers: [RegisteredHandler(callback=<bound method McWidgetPlayer._add_widget_to_slide_when_active of McConfigPlayer.widgets>, priority=0, kwargs={'slide_name': 'prelaunch_slide', 'widget': 'skillshot_up_selected_player_1_widget', 's': {'slide': 'prelaunch_slide', 'key': 'skill_shot-skillshot_up_selected_player_1_widget', 'target': None}, 'play_kwargs': {}}, key=UUID('cfffe2dd-6982-4dc4-a9c6-c9cbda457aaf'), condition=None, blocking_facility=None), RegisteredHandler(callback=<bound method McWidgetPlayer._add_widget_to_slide_when_active of McConfigPlayer.widgets>, priority=0, kwargs={'slide_name': 'prelaunch_slide', 'widget': 'skillshot_up_player_2_widget', 's': {'slide': 'prelaunch_slide', 'key': 'skill_shot-skillshot_up_player_2_widget', 'target': None}, 'play_kwargs': {}}, key=UUID('270c161f-105a-4dcd-a9c9-0b7618ea8f7b'), condition=None, blocking_facility=None), RegisteredHandler(callback=<bound method McWidgetPlayer._add_widget_to_slide_when_active of McConfigPlayer.widgets>, priority=0, kwargs={'slide_name': 'prelaunch_slide', 'widget': 'skillshot_up_player_3_widget', 's': {'slide': 'prelaunch_slide', 'key': 'skill_shot-skillshot_up_player_3_widget', 'target': None}, 'play_kwargs': {}}, key=UUID('e86a9394-c55e-4ab5-9d9d-a96187873e0c'), condition=None, blocking_facility=None), RegisteredHandler(callback=<bound method McWidgetPlayer._add_widget_to_slide_when_active of McConfigPlayer.widgets>, priority=0, kwargs={'slide_name': 'prelaunch_slide', 'widget': 'skillshot_up_player_4_widget', 's': {'slide': 'prelaunch_slide', 'key': 'skill_shot-skillshot_up_player_4_widget', 'target': None}, 'play_kwargs': {}}, key=UUID('8671c68d-e8df-45ad-85b1-fd3894931681'), condition=None, blocking_facility=None), RegisteredHandler(callback=<bound method McWidgetPlayer._add_widget_to_slide_when_active of McConfigPlayer.widgets>, priority=0, kwargs={'slide_name': 'prelaunch_slide', 'widget': 'skill_shot_select_widget_5', 's': {'slide': 'prelaunch_slide', 'key': 'skill_shot-skill_shot_select_widget_5', 'target': None}, 'play_kwargs': {'restore': False, 'state': 'enabled', 'selected': True}}, key=UUID('ca5e1e65-e6bb-4a68-8cd3-a62fe0c439fb'), condition=None, blocking_facility=None), RegisteredHandler(callback=<bound method McWidgetPlayer._add_widget_to_slide_when_active of McConfigPlayer.widgets>, priority=0, kwargs={'slide_name': 'prelaunch_slide', 'widget': 'skill_shot_select_widget_4', 's': {'slide': 'prelaunch_slide', 'key': 'skill_shot-skill_shot_select_widget_4', 'target': None}, 'play_kwargs': {'restore': False, 'state': 'enabled', 'selected': True}}, key=UUID('306617a7-8839-4ca5-8a13-e2c7b14e5c66'), condition=None, blocking_facility=None)]. The order of those handlers is not defined and they will be executed in random order. This might lead to race conditions and potential bugs.
2023-01-15 18:45:09,298 : EventManager : Unordered handler for class McConfigPlayer.widgets on event slide_prelaunch_slide_created with priority 0. Handlers: [RegisteredHandler(callback=<bound method McWidgetPlayer._add_widget_to_slide_when_active of McConfigPlayer.widgets>, priority=0, kwargs={'slide_name': 'prelaunch_slide', 'widget': 'skillshot_up_selected_player_1_widget', 's': {'slide': 'prelaunch_slide', 'key': 'skill_shot-skillshot_up_selected_player_1_widget', 'target': None}, 'play_kwargs': {}}, key=UUID('cfffe2dd-6982-4dc4-a9c6-c9cbda457aaf'), condition=None, blocking_facility=None), RegisteredHandler(callback=<bound method McWidgetPlayer._add_widget_to_slide_when_active of McConfigPlayer.widgets>, priority=0, kwargs={'slide_name': 'prelaunch_slide', 'widget': 'skillshot_up_player_2_widget', 's': {'slide': 'prelaunch_slide', 'key': 'skill_shot-skillshot_up_player_2_widget', 'target': None}, 'play_kwargs': {}}, key=UUID('270c161f-105a-4dcd-a9c9-0b7618ea8f7b'), condition=None, blocking_facility=None), RegisteredHandler(callback=<bound method McWidgetPlayer._add_widget_to_slide_when_active of McConfigPlayer.widgets>, priority=0, kwargs={'slide_name': 'prelaunch_slide', 'widget': 'skillshot_up_player_3_widget', 's': {'slide': 'prelaunch_slide', 'key': 'skill_shot-skillshot_up_player_3_widget', 'target': None}, 'play_kwargs': {}}, key=UUID('e86a9394-c55e-4ab5-9d9d-a96187873e0c'), condition=None, blocking_facility=None), RegisteredHandler(callback=<bound method McWidgetPlayer._add_widget_to_slide_when_active of McConfigPlayer.widgets>, priority=0, kwargs={'slide_name': 'prelaunch_slide', 'widget': 'skillshot_up_player_4_widget', 's': {'slide': 'prelaunch_slide', 'key': 'skill_shot-skillshot_up_player_4_widget', 'target': None}, 'play_kwargs': {}}, key=UUID('8671c68d-e8df-45ad-85b1-fd3894931681'), condition=None, blocking_facility=None), RegisteredHandler(callback=<bound method McWidgetPlayer._add_widget_to_slide_when_active of McConfigPlayer.widgets>, priority=0, kwargs={'slide_name': 'prelaunch_slide', 'widget': 'skill_shot_select_widget_5', 's': {'slide': 'prelaunch_slide', 'key': 'skill_shot-skill_shot_select_widget_5', 'target': None}, 'play_kwargs': {'restore': False, 'state': 'enabled', 'selected': True}}, key=UUID('ca5e1e65-e6bb-4a68-8cd3-a62fe0c439fb'), condition=None, blocking_facility=None), RegisteredHandler(callback=<bound method McWidgetPlayer._add_widget_to_slide_when_active of McConfigPlayer.widgets>, priority=0, kwargs={'slide_name': 'prelaunch_slide', 'widget': 'skill_shot_select_widget_4', 's': {'slide': 'prelaunch_slide', 'key': 'skill_shot-skill_shot_select_widget_4', 'target': None}, 'play_kwargs': {'restore': False, 'state': 'enabled', 'selected': True}}, key=UUID('306617a7-8839-4ca5-8a13-e2c7b14e5c66'), condition=None, blocking_facility=None)]. The order of those handlers is not defined and they will be executed in random order. This might lead to race conditions and potential bugs.
2023-01-15 18:45:09,316 : EventManager : Unordered handler for class McConfigPlayer.widgets on event slide_prelaunch_slide_created with priority 0. Handlers: [RegisteredHandler(callback=<bound method McWidgetPlayer._add_widget_to_slide_when_active of McConfigPlayer.widgets>, priority=0, kwargs={'slide_name': 'prelaunch_slide', 'widget': 'skillshot_up_selected_player_1_widget', 's': {'slide': 'prelaunch_slide', 'key': 'skill_shot-skillshot_up_selected_player_1_widget', 'target': None}, 'play_kwargs': {}}, key=UUID('cfffe2dd-6982-4dc4-a9c6-c9cbda457aaf'), condition=None, blocking_facility=None), RegisteredHandler(callback=<bound method McWidgetPlayer._add_widget_to_slide_when_active of McConfigPlayer.widgets>, priority=0, kwargs={'slide_name': 'prelaunch_slide', 'widget': 'skillshot_up_player_2_widget', 's': {'slide': 'prelaunch_slide', 'key': 'skill_shot-skillshot_up_player_2_widget', 'target': None}, 'play_kwargs': {}}, key=UUID('270c161f-105a-4dcd-a9c9-0b7618ea8f7b'), condition=None, blocking_facility=None), RegisteredHandler(callback=<bound method McWidgetPlayer._add_widget_to_slide_when_active of McConfigPlayer.widgets>, priority=0, kwargs={'slide_name': 'prelaunch_slide', 'widget': 'skillshot_up_player_3_widget', 's': {'slide': 'prelaunch_slide', 'key': 'skill_shot-skillshot_up_player_3_widget', 'target': None}, 'play_kwargs': {}}, key=UUID('e86a9394-c55e-4ab5-9d9d-a96187873e0c'), condition=None, blocking_facility=None), RegisteredHandler(callback=<bound method McWidgetPlayer._add_widget_to_slide_when_active of McConfigPlayer.widgets>, priority=0, kwargs={'slide_name': 'prelaunch_slide', 'widget': 'skillshot_up_player_4_widget', 's': {'slide': 'prelaunch_slide', 'key': 'skill_shot-skillshot_up_player_4_widget', 'target': None}, 'play_kwargs': {}}, key=UUID('8671c68d-e8df-45ad-85b1-fd3894931681'), condition=None, blocking_facility=None), RegisteredHandler(callback=<bound method McWidgetPlayer._add_widget_to_slide_when_active of McConfigPlayer.widgets>, priority=0, kwargs={'slide_name': 'prelaunch_slide', 'widget': 'skill_shot_select_widget_5', 's': {'slide': 'prelaunch_slide', 'key': 'skill_shot-skill_shot_select_widget_5', 'target': None}, 'play_kwargs': {'restore': False, 'state': 'enabled', 'selected': True}}, key=UUID('ca5e1e65-e6bb-4a68-8cd3-a62fe0c439fb'), condition=None, blocking_facility=None), RegisteredHandler(callback=<bound method McWidgetPlayer._add_widget_to_slide_when_active of McConfigPlayer.widgets>, priority=0, kwargs={'slide_name': 'prelaunch_slide', 'widget': 'skill_shot_select_widget_4', 's': {'slide': 'prelaunch_slide', 'key': 'skill_shot-skill_shot_select_widget_4', 'target': None}, 'play_kwargs': {'restore': False, 'state': 'enabled', 'selected': True}}, key=UUID('306617a7-8839-4ca5-8a13-e2c7b14e5c66'), condition=None, blocking_facility=None)]. The order of those handlers is not defined and they will be executed in random order. This might lead to race conditions and potential bugs.
2023-01-15 18:45:09,317 : EventManager : Unordered handler for class McConfigPlayer.widgets on event slide_prelaunch_slide_created with priority 0. Handlers: [RegisteredHandler(callback=<bound method McWidgetPlayer._add_widget_to_slide_when_active of McConfigPlayer.widgets>, priority=0, kwargs={'slide_name': 'prelaunch_slide', 'widget': 'skillshot_up_selected_player_1_widget', 's': {'slide': 'prelaunch_slide', 'key': 'skill_shot-skillshot_up_selected_player_1_widget', 'target': None}, 'play_kwargs': {}}, key=UUID('cfffe2dd-6982-4dc4-a9c6-c9cbda457aaf'), condition=None, blocking_facility=None), RegisteredHandler(callback=<bound method McWidgetPlayer._add_widget_to_slide_when_active of McConfigPlayer.widgets>, priority=0, kwargs={'slide_name': 'prelaunch_slide', 'widget': 'skillshot_up_player_2_widget', 's': {'slide': 'prelaunch_slide', 'key': 'skill_shot-skillshot_up_player_2_widget', 'target': None}, 'play_kwargs': {}}, key=UUID('270c161f-105a-4dcd-a9c9-0b7618ea8f7b'), condition=None, blocking_facility=None), RegisteredHandler(callback=<bound method McWidgetPlayer._add_widget_to_slide_when_active of McConfigPlayer.widgets>, priority=0, kwargs={'slide_name': 'prelaunch_slide', 'widget': 'skillshot_up_player_3_widget', 's': {'slide': 'prelaunch_slide', 'key': 'skill_shot-skillshot_up_player_3_widget', 'target': None}, 'play_kwargs': {}}, key=UUID('e86a9394-c55e-4ab5-9d9d-a96187873e0c'), condition=None, blocking_facility=None), RegisteredHandler(callback=<bound method McWidgetPlayer._add_widget_to_slide_when_active of McConfigPlayer.widgets>, priority=0, kwargs={'slide_name': 'prelaunch_slide', 'widget': 'skillshot_up_player_4_widget', 's': {'slide': 'prelaunch_slide', 'key': 'skill_shot-skillshot_up_player_4_widget', 'target': None}, 'play_kwargs': {}}, key=UUID('8671c68d-e8df-45ad-85b1-fd3894931681'), condition=None, blocking_facility=None), RegisteredHandler(callback=<bound method McWidgetPlayer._add_widget_to_slide_when_active of McConfigPlayer.widgets>, priority=0, kwargs={'slide_name': 'prelaunch_slide', 'widget': 'skill_shot_select_widget_5', 's': {'slide': 'prelaunch_slide', 'key': 'skill_shot-skill_shot_select_widget_5', 'target': None}, 'play_kwargs': {'restore': False, 'state': 'enabled', 'selected': True}}, key=UUID('ca5e1e65-e6bb-4a68-8cd3-a62fe0c439fb'), condition=None, blocking_facility=None), RegisteredHandler(callback=<bound method McWidgetPlayer._add_widget_to_slide_when_active of McConfigPlayer.widgets>, priority=0, kwargs={'slide_name': 'prelaunch_slide', 'widget': 'skill_shot_select_widget_4', 's': {'slide': 'prelaunch_slide', 'key': 'skill_shot-skill_shot_select_widget_4', 'target': None}, 'play_kwargs': {'restore': False, 'state': 'enabled', 'selected': True}}, key=UUID('306617a7-8839-4ca5-8a13-e2c7b14e5c66'), condition=None, blocking_facility=None)]. The order of those handlers is not defined and they will be executed in random order. This might lead to race conditions and potential bugs.
2023-01-15 18:45:10,130 : EventManager : Event: ======'machine_var_audits_switches_s_left_flipper'====== Args={'value': 1442, 'prev_value': 1441, 'change': 1}
2023-01-15 18:45:10,131 : EventManager : Event: ======'widgets_play'====== Args={'settings': {'skill_shot_select_widget_3': {'slide': 'prelaunch_slide', 'action': 'add', 'priority': 0, 'key': None, 'target': None}, 'skill_shot_select_widget_1': {'action': 'remove', 'priority': 0, 'slide': None, 'key': None, 'target': None}, 'skill_shot_select_widget_2': {'action': 'remove', 'priority': 0, 'slide': None, 'key': None, 'target': None}, 'skill_shot_select_widget_4': {'action': 'remove', 'priority': 0, 'slide': None, 'key': None, 'target': None}, 'skill_shot_select_widget_5': {'action': 'remove', 'priority': 0, 'slide': None, 'key': None, 'target': None}}, 'context': 'skill_shot', 'calling_context': 'skillshot_3_selected', 'priority': 150, 'restore': False, 'state': 'enabled', 'selected': True}
2023-01-15 18:45:10,131 : EventManager : Unordered handler for class McConfigPlayer.widgets on event slide_prelaunch_slide_created with priority 0. Handlers: [RegisteredHandler(callback=<bound method McWidgetPlayer._add_widget_to_slide_when_active of McConfigPlayer.widgets>, priority=0, kwargs={'slide_name': 'prelaunch_slide', 'widget': 'skillshot_up_selected_player_1_widget', 's': {'slide': 'prelaunch_slide', 'key': 'skill_shot-skillshot_up_selected_player_1_widget', 'target': None}, 'play_kwargs': {}}, key=UUID('cfffe2dd-6982-4dc4-a9c6-c9cbda457aaf'), condition=None, blocking_facility=None), RegisteredHandler(callback=<bound method McWidgetPlayer._add_widget_to_slide_when_active of McConfigPlayer.widgets>, priority=0, kwargs={'slide_name': 'prelaunch_slide', 'widget': 'skillshot_up_player_2_widget', 's': {'slide': 'prelaunch_slide', 'key': 'skill_shot-skillshot_up_player_2_widget', 'target': None}, 'play_kwargs': {}}, key=UUID('270c161f-105a-4dcd-a9c9-0b7618ea8f7b'), condition=None, blocking_facility=None), RegisteredHandler(callback=<bound method McWidgetPlayer._add_widget_to_slide_when_active of McConfigPlayer.widgets>, priority=0, kwargs={'slide_name': 'prelaunch_slide', 'widget': 'skillshot_up_player_3_widget', 's': {'slide': 'prelaunch_slide', 'key': 'skill_shot-skillshot_up_player_3_widget', 'target': None}, 'play_kwargs': {}}, key=UUID('e86a9394-c55e-4ab5-9d9d-a96187873e0c'), condition=None, blocking_facility=None), RegisteredHandler(callback=<bound method McWidgetPlayer._add_widget_to_slide_when_active of McConfigPlayer.widgets>, priority=0, kwargs={'slide_name': 'prelaunch_slide', 'widget': 'skillshot_up_player_4_widget', 's': {'slide': 'prelaunch_slide', 'key': 'skill_shot-skillshot_up_player_4_widget', 'target': None}, 'play_kwargs': {}}, key=UUID('8671c68d-e8df-45ad-85b1-fd3894931681'), condition=None, blocking_facility=None), RegisteredHandler(callback=<bound method McWidgetPlayer._add_widget_to_slide_when_active of McConfigPlayer.widgets>, priority=0, kwargs={'slide_name': 'prelaunch_slide', 'widget': 'skill_shot_select_widget_4', 's': {'slide': 'prelaunch_slide', 'key': 'skill_shot-skill_shot_select_widget_4', 'target': None}, 'play_kwargs': {'restore': False, 'state': 'enabled', 'selected': True}}, key=UUID('306617a7-8839-4ca5-8a13-e2c7b14e5c66'), condition=None, blocking_facility=None), RegisteredHandler(callback=<bound method McWidgetPlayer._add_widget_to_slide_when_active of McConfigPlayer.widgets>, priority=0, kwargs={'slide_name': 'prelaunch_slide', 'widget': 'skill_shot_select_widget_3', 's': {'slide': 'prelaunch_slide', 'key': 'skill_shot-skill_shot_select_widget_3', 'target': None}, 'play_kwargs': {'restore': False, 'state': 'enabled', 'selected': True}}, key=UUID('97f8ca1c-fec3-4e7f-ab04-a8c190de4ae5'), condition=None, blocking_facility=None)]. The order of those handlers is not defined and they will be executed in random order. This might lead to race conditions and potential bugs.
2023-01-15 18:45:10,131 : EventManager : Unordered handler for class McConfigPlayer.widgets on event slide_prelaunch_slide_created with priority 0. Handlers: [RegisteredHandler(callback=<bound method McWidgetPlayer._add_widget_to_slide_when_active of McConfigPlayer.widgets>, priority=0, kwargs={'slide_name': 'prelaunch_slide', 'widget': 'skillshot_up_selected_player_1_widget', 's': {'slide': 'prelaunch_slide', 'key': 'skill_shot-skillshot_up_selected_player_1_widget', 'target': None}, 'play_kwargs': {}}, key=UUID('cfffe2dd-6982-4dc4-a9c6-c9cbda457aaf'), condition=None, blocking_facility=None), RegisteredHandler(callback=<bound method McWidgetPlayer._add_widget_to_slide_when_active of McConfigPlayer.widgets>, priority=0, kwargs={'slide_name': 'prelaunch_slide', 'widget': 'skillshot_up_player_2_widget', 's': {'slide': 'prelaunch_slide', 'key': 'skill_shot-skillshot_up_player_2_widget', 'target': None}, 'play_kwargs': {}}, key=UUID('270c161f-105a-4dcd-a9c9-0b7618ea8f7b'), condition=None, blocking_facility=None), RegisteredHandler(callback=<bound method McWidgetPlayer._add_widget_to_slide_when_active of McConfigPlayer.widgets>, priority=0, kwargs={'slide_name': 'prelaunch_slide', 'widget': 'skillshot_up_player_3_widget', 's': {'slide': 'prelaunch_slide', 'key': 'skill_shot-skillshot_up_player_3_widget', 'target': None}, 'play_kwargs': {}}, key=UUID('e86a9394-c55e-4ab5-9d9d-a96187873e0c'), condition=None, blocking_facility=None), RegisteredHandler(callback=<bound method McWidgetPlayer._add_widget_to_slide_when_active of McConfigPlayer.widgets>, priority=0, kwargs={'slide_name': 'prelaunch_slide', 'widget': 'skillshot_up_player_4_widget', 's': {'slide': 'prelaunch_slide', 'key': 'skill_shot-skillshot_up_player_4_widget', 'target': None}, 'play_kwargs': {}}, key=UUID('8671c68d-e8df-45ad-85b1-fd3894931681'), condition=None, blocking_facility=None), RegisteredHandler(callback=<bound method McWidgetPlayer._add_widget_to_slide_when_active of McConfigPlayer.widgets>, priority=0, kwargs={'slide_name': 'prelaunch_slide', 'widget': 'skill_shot_select_widget_4', 's': {'slide': 'prelaunch_slide', 'key': 'skill_shot-skill_shot_select_widget_4', 'target': None}, 'play_kwargs': {'restore': False, 'state': 'enabled', 'selected': True}}, key=UUID('306617a7-8839-4ca5-8a13-e2c7b14e5c66'), condition=None, blocking_facility=None), RegisteredHandler(callback=<bound method McWidgetPlayer._add_widget_to_slide_when_active of McConfigPlayer.widgets>, priority=0, kwargs={'slide_name': 'prelaunch_slide', 'widget': 'skill_shot_select_widget_3', 's': {'slide': 'prelaunch_slide', 'key': 'skill_shot-skill_shot_select_widget_3', 'target': None}, 'play_kwargs': {'restore': False, 'state': 'enabled', 'selected': True}}, key=UUID('97f8ca1c-fec3-4e7f-ab04-a8c190de4ae5'), condition=None, blocking_facility=None)]. The order of those handlers is not defined and they will be executed in random order. This might lead to race conditions and potential bugs.
2023-01-15 18:45:10,131 : EventManager : Unordered handler for class McConfigPlayer.widgets on event slide_prelaunch_slide_created with priority 0. Handlers: [RegisteredHandler(callback=<bound method McWidgetPlayer._add_widget_to_slide_when_active of McConfigPlayer.widgets>, priority=0, kwargs={'slide_name': 'prelaunch_slide', 'widget': 'skillshot_up_selected_player_1_widget', 's': {'slide': 'prelaunch_slide', 'key': 'skill_shot-skillshot_up_selected_player_1_widget', 'target': None}, 'play_kwargs': {}}, key=UUID('cfffe2dd-6982-4dc4-a9c6-c9cbda457aaf'), condition=None, blocking_facility=None), RegisteredHandler(callback=<bound method McWidgetPlayer._add_widget_to_slide_when_active of McConfigPlayer.widgets>, priority=0, kwargs={'slide_name': 'prelaunch_slide', 'widget': 'skillshot_up_player_2_widget', 's': {'slide': 'prelaunch_slide', 'key': 'skill_shot-skillshot_up_player_2_widget', 'target': None}, 'play_kwargs': {}}, key=UUID('270c161f-105a-4dcd-a9c9-0b7618ea8f7b'), condition=None, blocking_facility=None), RegisteredHandler(callback=<bound method McWidgetPlayer._add_widget_to_slide_when_active of McConfigPlayer.widgets>, priority=0, kwargs={'slide_name': 'prelaunch_slide', 'widget': 'skillshot_up_player_3_widget', 's': {'slide': 'prelaunch_slide', 'key': 'skill_shot-skillshot_up_player_3_widget', 'target': None}, 'play_kwargs': {}}, key=UUID('e86a9394-c55e-4ab5-9d9d-a96187873e0c'), condition=None, blocking_facility=None), RegisteredHandler(callback=<bound method McWidgetPlayer._add_widget_to_slide_when_active of McConfigPlayer.widgets>, priority=0, kwargs={'slide_name': 'prelaunch_slide', 'widget': 'skillshot_up_player_4_widget', 's': {'slide': 'prelaunch_slide', 'key': 'skill_shot-skillshot_up_player_4_widget', 'target': None}, 'play_kwargs': {}}, key=UUID('8671c68d-e8df-45ad-85b1-fd3894931681'), condition=None, blocking_facility=None), RegisteredHandler(callback=<bound method McWidgetPlayer._add_widget_to_slide_when_active of McConfigPlayer.widgets>, priority=0, kwargs={'slide_name': 'prelaunch_slide', 'widget': 'skill_shot_select_widget_4', 's': {'slide': 'prelaunch_slide', 'key': 'skill_shot-skill_shot_select_widget_4', 'target': None}, 'play_kwargs': {'restore': False, 'state': 'enabled', 'selected': True}}, key=UUID('306617a7-8839-4ca5-8a13-e2c7b14e5c66'), condition=None, blocking_facility=None), RegisteredHandler(callback=<bound method McWidgetPlayer._add_widget_to_slide_when_active of McConfigPlayer.widgets>, priority=0, kwargs={'slide_name': 'prelaunch_slide', 'widget': 'skill_shot_select_widget_3', 's': {'slide': 'prelaunch_slide', 'key': 'skill_shot-skill_shot_select_widget_3', 'target': None}, 'play_kwargs': {'restore': False, 'state': 'enabled', 'selected': True}}, key=UUID('97f8ca1c-fec3-4e7f-ab04-a8c190de4ae5'), condition=None, blocking_facility=None)]. The order of those handlers is not defined and they will be executed in random order. This might lead to race conditions and potential bugs.
2023-01-15 18:45:10,131 : EventManager : Unordered handler for class McConfigPlayer.widgets on event slide_prelaunch_slide_created with priority 0. Handlers: [RegisteredHandler(callback=<bound method McWidgetPlayer._add_widget_to_slide_when_active of McConfigPlayer.widgets>, priority=0, kwargs={'slide_name': 'prelaunch_slide', 'widget': 'skillshot_up_selected_player_1_widget', 's': {'slide': 'prelaunch_slide', 'key': 'skill_shot-skillshot_up_selected_player_1_widget', 'target': None}, 'play_kwargs': {}}, key=UUID('cfffe2dd-6982-4dc4-a9c6-c9cbda457aaf'), condition=None, blocking_facility=None), RegisteredHandler(callback=<bound method McWidgetPlayer._add_widget_to_slide_when_active of McConfigPlayer.widgets>, priority=0, kwargs={'slide_name': 'prelaunch_slide', 'widget': 'skillshot_up_player_2_widget', 's': {'slide': 'prelaunch_slide', 'key': 'skill_shot-skillshot_up_player_2_widget', 'target': None}, 'play_kwargs': {}}, key=UUID('270c161f-105a-4dcd-a9c9-0b7618ea8f7b'), condition=None, blocking_facility=None), RegisteredHandler(callback=<bound method McWidgetPlayer._add_widget_to_slide_when_active of McConfigPlayer.widgets>, priority=0, kwargs={'slide_name': 'prelaunch_slide', 'widget': 'skillshot_up_player_3_widget', 's': {'slide': 'prelaunch_slide', 'key': 'skill_shot-skillshot_up_player_3_widget', 'target': None}, 'play_kwargs': {}}, key=UUID('e86a9394-c55e-4ab5-9d9d-a96187873e0c'), condition=None, blocking_facility=None), RegisteredHandler(callback=<bound method McWidgetPlayer._add_widget_to_slide_when_active of McConfigPlayer.widgets>, priority=0, kwargs={'slide_name': 'prelaunch_slide', 'widget': 'skillshot_up_player_4_widget', 's': {'slide': 'prelaunch_slide', 'key': 'skill_shot-skillshot_up_player_4_widget', 'target': None}, 'play_kwargs': {}}, key=UUID('8671c68d-e8df-45ad-85b1-fd3894931681'), condition=None, blocking_facility=None), RegisteredHandler(callback=<bound method McWidgetPlayer._add_widget_to_slide_when_active of McConfigPlayer.widgets>, priority=0, kwargs={'slide_name': 'prelaunch_slide', 'widget': 'skill_shot_select_widget_4', 's': {'slide': 'prelaunch_slide', 'key': 'skill_shot-skill_shot_select_widget_4', 'target': None}, 'play_kwargs': {'restore': False, 'state': 'enabled', 'selected': True}}, key=UUID('306617a7-8839-4ca5-8a13-e2c7b14e5c66'), condition=None, blocking_facility=None), RegisteredHandler(callback=<bound method McWidgetPlayer._add_widget_to_slide_when_active of McConfigPlayer.widgets>, priority=0, kwargs={'slide_name': 'prelaunch_slide', 'widget': 'skill_shot_select_widget_3', 's': {'slide': 'prelaunch_slide', 'key': 'skill_shot-skill_shot_select_widget_3', 'target': None}, 'play_kwargs': {'restore': False, 'state': 'enabled', 'selected': True}}, key=UUID('97f8ca1c-fec3-4e7f-ab04-a8c190de4ae5'), condition=None, blocking_facility=None)]. The order of those handlers is not defined and they will be executed in random order. This might lead to race conditions and potential bugs.
2023-01-15 18:45:10,132 : EventManager : Unordered handler for class McConfigPlayer.widgets on event slide_prelaunch_slide_created with priority 0. Handlers: [RegisteredHandler(callback=<bound method McWidgetPlayer._add_widget_to_slide_when_active of McConfigPlayer.widgets>, priority=0, kwargs={'slide_name': 'prelaunch_slide', 'widget': 'skillshot_up_selected_player_1_widget', 's': {'slide': 'prelaunch_slide', 'key': 'skill_shot-skillshot_up_selected_player_1_widget', 'target': None}, 'play_kwargs': {}}, key=UUID('cfffe2dd-6982-4dc4-a9c6-c9cbda457aaf'), condition=None, blocking_facility=None), RegisteredHandler(callback=<bound method McWidgetPlayer._add_widget_to_slide_when_active of McConfigPlayer.widgets>, priority=0, kwargs={'slide_name': 'prelaunch_slide', 'widget': 'skillshot_up_player_2_widget', 's': {'slide': 'prelaunch_slide', 'key': 'skill_shot-skillshot_up_player_2_widget', 'target': None}, 'play_kwargs': {}}, key=UUID('270c161f-105a-4dcd-a9c9-0b7618ea8f7b'), condition=None, blocking_facility=None), RegisteredHandler(callback=<bound method McWidgetPlayer._add_widget_to_slide_when_active of McConfigPlayer.widgets>, priority=0, kwargs={'slide_name': 'prelaunch_slide', 'widget': 'skillshot_up_player_3_widget', 's': {'slide': 'prelaunch_slide', 'key': 'skill_shot-skillshot_up_player_3_widget', 'target': None}, 'play_kwargs': {}}, key=UUID('e86a9394-c55e-4ab5-9d9d-a96187873e0c'), condition=None, blocking_facility=None), RegisteredHandler(callback=<bound method McWidgetPlayer._add_widget_to_slide_when_active of McConfigPlayer.widgets>, priority=0, kwargs={'slide_name': 'prelaunch_slide', 'widget': 'skillshot_up_player_4_widget', 's': {'slide': 'prelaunch_slide', 'key': 'skill_shot-skillshot_up_player_4_widget', 'target': None}, 'play_kwargs': {}}, key=UUID('8671c68d-e8df-45ad-85b1-fd3894931681'), condition=None, blocking_facility=None), RegisteredHandler(callback=<bound method McWidgetPlayer._add_widget_to_slide_when_active of McConfigPlayer.widgets>, priority=0, kwargs={'slide_name': 'prelaunch_slide', 'widget': 'skill_shot_select_widget_4', 's': {'slide': 'prelaunch_slide', 'key': 'skill_shot-skill_shot_select_widget_4', 'target': None}, 'play_kwargs': {'restore': False, 'state': 'enabled', 'selected': True}}, key=UUID('306617a7-8839-4ca5-8a13-e2c7b14e5c66'), condition=None, blocking_facility=None), RegisteredHandler(callback=<bound method McWidgetPlayer._add_widget_to_slide_when_active of McConfigPlayer.widgets>, priority=0, kwargs={'slide_name': 'prelaunch_slide', 'widget': 'skill_shot_select_widget_3', 's': {'slide': 'prelaunch_slide', 'key': 'skill_shot-skill_shot_select_widget_3', 'target': None}, 'play_kwargs': {'restore': False, 'state': 'enabled', 'selected': True}}, key=UUID('97f8ca1c-fec3-4e7f-ab04-a8c190de4ae5'), condition=None, blocking_facility=None)]. The order of those handlers is not defined and they will be executed in random order. This might lead to race conditions and potential bugs.
2023-01-15 18:45:10,414 : EventManager : Event: ======'slides_play'====== Args={'settings': {'status_report_tilte1': {'widgets': [{'type': 'text', 'text': 'STATUS REPORT', 'style': ['big'], 'font_size': 11, 'y': 'center', 'round_anchor_x': 'left', 'round_anchor_y': 'top', '_default_settings': ['type', 'text', 'style', 'font_size', 'y', 'round_anchor_x', 'round_anchor_y'], 'x': None, 'anchor_x': 'center', 'anchor_y': 'center', 'opacity': 1.0, 'z': 0, 'reset_animations_events': {}, 'color': [1.0, 1.0, 1.0, 1.0], 'adjust_top': 0, 'adjust_bottom': 0, 'adjust_left': 0, 'adjust_right': 0, 'expire': None, 'key': None, 'widget': None, 'events_when_added': [], 'events_when_removed': [], 'bitmap_font': False, 'font_kerning': True, 'bold': False, 'italic': False, 'number_grouping': False, 'min_digits': 0, 'halign': 'center', 'valign': 'middle', 'rotation': 0, 'scale': 1.0, 'casing': None, 'animations': None}], 'target': None, 'background_color': [0.0, 0.0, 0.0, 1.0], 'priority': None, 'show': True, 'force': False, 'expire': None, 'slide': None, 'tokens': {}, 'action': 'play'}}, 'context': 'show_19', 'calling_context': 1, 'priority': 1620, 'show_tokens': {}, 'start_time': 63213.734}
2023-01-15 18:45:10,414 : mpfmc : SlidePlayer: Play called with settings={'status_report_tilte1': {'widgets': [{'type': 'text', 'text': 'STATUS REPORT', 'style': ['big'], 'font_size': 11, 'y': 'center', 'round_anchor_x': 'left', 'round_anchor_y': 'top', '_default_settings': ['type', 'text', 'style', 'font_size', 'y', 'round_anchor_x', 'round_anchor_y'], 'x': None, 'anchor_x': 'center', 'anchor_y': 'center', 'opacity': 1.0, 'z': 0, 'reset_animations_events': {}, 'color': [1.0, 1.0, 1.0, 1.0], 'adjust_top': 0, 'adjust_bottom': 0, 'adjust_left': 0, 'adjust_right': 0, 'expire': None, 'key': None, 'widget': None, 'events_when_added': [], 'events_when_removed': [], 'bitmap_font': False, 'font_kerning': True, 'bold': False, 'italic': False, 'number_grouping': False, 'min_digits': 0, 'halign': 'center', 'valign': 'middle', 'rotation': 0, 'scale': 1.0, 'casing': None, 'animations': None}], 'target': None, 'background_color': [0.0, 0.0, 0.0, 1.0], 'priority': None, 'show': True, 'force': False, 'expire': None, 'slide': None, 'tokens': {}, 'action': 'play'}}
2023-01-15 18:45:10,415 : EventManager : Event: ======'slide_status_report_tilte1_removed'====== Args={}
2023-01-15 18:45:10,418 : EventManager : Event: ======'slide_status_report_tilte1_created'====== Args={}
2023-01-15 18:45:10,420 : EventManager : Event: ======'slide_status_report_tilte1_active'====== Args={}
2023-01-15 18:45:11,397 : EventManager : Event: ======'machine_var_audits_switches_s_left_flipper'====== Args={'value': 1443, 'prev_value': 1442, 'change': 1}
2023-01-15 18:45:11,430 : EventManager : Event: ======'widgets_play'====== Args={'settings': {'skill_shot_select_widget_2': {'slide': 'prelaunch_slide', 'action': 'add', 'priority': 0, 'key': None, 'target': None}, 'skill_shot_select_widget_1': {'action': 'remove', 'priority': 0, 'slide': None, 'key': None, 'target': None}, 'skill_shot_select_widget_3': {'action': 'remove', 'priority': 0, 'slide': None, 'key': None, 'target': None}, 'skill_shot_select_widget_4': {'action': 'remove', 'priority': 0, 'slide': None, 'key': None, 'target': None}, 'skill_shot_select_widget_5': {'action': 'remove', 'priority': 0, 'slide': None, 'key': None, 'target': None}}, 'context': 'skill_shot', 'calling_context': 'skillshot_2_selected', 'priority': 150, 'restore': False, 'state': 'enabled', 'selected': True}
2023-01-15 18:45:11,431 : EventManager : Unordered handler for class McConfigPlayer.widgets on event slide_prelaunch_slide_created with priority 0. Handlers: [RegisteredHandler(callback=<bound method McWidgetPlayer._add_widget_to_slide_when_active of McConfigPlayer.widgets>, priority=0, kwargs={'slide_name': 'prelaunch_slide', 'widget': 'skillshot_up_selected_player_1_widget', 's': {'slide': 'prelaunch_slide', 'key': 'skill_shot-skillshot_up_selected_player_1_widget', 'target': None}, 'play_kwargs': {}}, key=UUID('cfffe2dd-6982-4dc4-a9c6-c9cbda457aaf'), condition=None, blocking_facility=None), RegisteredHandler(callback=<bound method McWidgetPlayer._add_widget_to_slide_when_active of McConfigPlayer.widgets>, priority=0, kwargs={'slide_name': 'prelaunch_slide', 'widget': 'skillshot_up_player_2_widget', 's': {'slide': 'prelaunch_slide', 'key': 'skill_shot-skillshot_up_player_2_widget', 'target': None}, 'play_kwargs': {}}, key=UUID('270c161f-105a-4dcd-a9c9-0b7618ea8f7b'), condition=None, blocking_facility=None), RegisteredHandler(callback=<bound method McWidgetPlayer._add_widget_to_slide_when_active of McConfigPlayer.widgets>, priority=0, kwargs={'slide_name': 'prelaunch_slide', 'widget': 'skillshot_up_player_3_widget', 's': {'slide': 'prelaunch_slide', 'key': 'skill_shot-skillshot_up_player_3_widget', 'target': None}, 'play_kwargs': {}}, key=UUID('e86a9394-c55e-4ab5-9d9d-a96187873e0c'), condition=None, blocking_facility=None), RegisteredHandler(callback=<bound method McWidgetPlayer._add_widget_to_slide_when_active of McConfigPlayer.widgets>, priority=0, kwargs={'slide_name': 'prelaunch_slide', 'widget': 'skillshot_up_player_4_widget', 's': {'slide': 'prelaunch_slide', 'key': 'skill_shot-skillshot_up_player_4_widget', 'target': None}, 'play_kwargs': {}}, key=UUID('8671c68d-e8df-45ad-85b1-fd3894931681'), condition=None, blocking_facility=None), RegisteredHandler(callback=<bound method McWidgetPlayer._add_widget_to_slide_when_active of McConfigPlayer.widgets>, priority=0, kwargs={'slide_name': 'prelaunch_slide', 'widget': 'skill_shot_select_widget_3', 's': {'slide': 'prelaunch_slide', 'key': 'skill_shot-skill_shot_select_widget_3', 'target': None}, 'play_kwargs': {'restore': False, 'state': 'enabled', 'selected': True}}, key=UUID('97f8ca1c-fec3-4e7f-ab04-a8c190de4ae5'), condition=None, blocking_facility=None), RegisteredHandler(callback=<bound method McWidgetPlayer._add_widget_to_slide_when_active of McConfigPlayer.widgets>, priority=0, kwargs={'slide_name': 'prelaunch_slide', 'widget': 'skill_shot_select_widget_2', 's': {'slide': 'prelaunch_slide', 'key': 'skill_shot-skill_shot_select_widget_2', 'target': None}, 'play_kwargs': {'restore': False, 'state': 'enabled', 'selected': True}}, key=UUID('76d0cc5c-697a-4211-bbff-55f73dfcc16e'), condition=None, blocking_facility=None)]. The order of those handlers is not defined and they will be executed in random order. This might lead to race conditions and potential bugs.
2023-01-15 18:45:11,431 : EventManager : Unordered handler for class McConfigPlayer.widgets on event slide_prelaunch_slide_created with priority 0. Handlers: [RegisteredHandler(callback=<bound method McWidgetPlayer._add_widget_to_slide_when_active of McConfigPlayer.widgets>, priority=0, kwargs={'slide_name': 'prelaunch_slide', 'widget': 'skillshot_up_selected_player_1_widget', 's': {'slide': 'prelaunch_slide', 'key': 'skill_shot-skillshot_up_selected_player_1_widget', 'target': None}, 'play_kwargs': {}}, key=UUID('cfffe2dd-6982-4dc4-a9c6-c9cbda457aaf'), condition=None, blocking_facility=None), RegisteredHandler(callback=<bound method McWidgetPlayer._add_widget_to_slide_when_active of McConfigPlayer.widgets>, priority=0, kwargs={'slide_name': 'prelaunch_slide', 'widget': 'skillshot_up_player_2_widget', 's': {'slide': 'prelaunch_slide', 'key': 'skill_shot-skillshot_up_player_2_widget', 'target': None}, 'play_kwargs': {}}, key=UUID('270c161f-105a-4dcd-a9c9-0b7618ea8f7b'), condition=None, blocking_facility=None), RegisteredHandler(callback=<bound method McWidgetPlayer._add_widget_to_slide_when_active of McConfigPlayer.widgets>, priority=0, kwargs={'slide_name': 'prelaunch_slide', 'widget': 'skillshot_up_player_3_widget', 's': {'slide': 'prelaunch_slide', 'key': 'skill_shot-skillshot_up_player_3_widget', 'target': None}, 'play_kwargs': {}}, key=UUID('e86a9394-c55e-4ab5-9d9d-a96187873e0c'), condition=None, blocking_facility=None), RegisteredHandler(callback=<bound method McWidgetPlayer._add_widget_to_slide_when_active of McConfigPlayer.widgets>, priority=0, kwargs={'slide_name': 'prelaunch_slide', 'widget': 'skillshot_up_player_4_widget', 's': {'slide': 'prelaunch_slide', 'key': 'skill_shot-skillshot_up_player_4_widget', 'target': None}, 'play_kwargs': {}}, key=UUID('8671c68d-e8df-45ad-85b1-fd3894931681'), condition=None, blocking_facility=None), RegisteredHandler(callback=<bound method McWidgetPlayer._add_widget_to_slide_when_active of McConfigPlayer.widgets>, priority=0, kwargs={'slide_name': 'prelaunch_slide', 'widget': 'skill_shot_select_widget_3', 's': {'slide': 'prelaunch_slide', 'key': 'skill_shot-skill_shot_select_widget_3', 'target': None}, 'play_kwargs': {'restore': False, 'state': 'enabled', 'selected': True}}, key=UUID('97f8ca1c-fec3-4e7f-ab04-a8c190de4ae5'), condition=None, blocking_facility=None), RegisteredHandler(callback=<bound method McWidgetPlayer._add_widget_to_slide_when_active of McConfigPlayer.widgets>, priority=0, kwargs={'slide_name': 'prelaunch_slide', 'widget': 'skill_shot_select_widget_2', 's': {'slide': 'prelaunch_slide', 'key': 'skill_shot-skill_shot_select_widget_2', 'target': None}, 'play_kwargs': {'restore': False, 'state': 'enabled', 'selected': True}}, key=UUID('76d0cc5c-697a-4211-bbff-55f73dfcc16e'), condition=None, blocking_facility=None)]. The order of those handlers is not defined and they will be executed in random order. This might lead to race conditions and potential bugs.
2023-01-15 18:45:11,431 : EventManager : Unordered handler for class McConfigPlayer.widgets on event slide_prelaunch_slide_created with priority 0. Handlers: [RegisteredHandler(callback=<bound method McWidgetPlayer._add_widget_to_slide_when_active of McConfigPlayer.widgets>, priority=0, kwargs={'slide_name': 'prelaunch_slide', 'widget': 'skillshot_up_selected_player_1_widget', 's': {'slide': 'prelaunch_slide', 'key': 'skill_shot-skillshot_up_selected_player_1_widget', 'target': None}, 'play_kwargs': {}}, key=UUID('cfffe2dd-6982-4dc4-a9c6-c9cbda457aaf'), condition=None, blocking_facility=None), RegisteredHandler(callback=<bound method McWidgetPlayer._add_widget_to_slide_when_active of McConfigPlayer.widgets>, priority=0, kwargs={'slide_name': 'prelaunch_slide', 'widget': 'skillshot_up_player_2_widget', 's': {'slide': 'prelaunch_slide', 'key': 'skill_shot-skillshot_up_player_2_widget', 'target': None}, 'play_kwargs': {}}, key=UUID('270c161f-105a-4dcd-a9c9-0b7618ea8f7b'), condition=None, blocking_facility=None), RegisteredHandler(callback=<bound method McWidgetPlayer._add_widget_to_slide_when_active of McConfigPlayer.widgets>, priority=0, kwargs={'slide_name': 'prelaunch_slide', 'widget': 'skillshot_up_player_3_widget', 's': {'slide': 'prelaunch_slide', 'key': 'skill_shot-skillshot_up_player_3_widget', 'target': None}, 'play_kwargs': {}}, key=UUID('e86a9394-c55e-4ab5-9d9d-a96187873e0c'), condition=None, blocking_facility=None), RegisteredHandler(callback=<bound method McWidgetPlayer._add_widget_to_slide_when_active of McConfigPlayer.widgets>, priority=0, kwargs={'slide_name': 'prelaunch_slide', 'widget': 'skillshot_up_player_4_widget', 's': {'slide': 'prelaunch_slide', 'key': 'skill_shot-skillshot_up_player_4_widget', 'target': None}, 'play_kwargs': {}}, key=UUID('8671c68d-e8df-45ad-85b1-fd3894931681'), condition=None, blocking_facility=None), RegisteredHandler(callback=<bound method McWidgetPlayer._add_widget_to_slide_when_active of McConfigPlayer.widgets>, priority=0, kwargs={'slide_name': 'prelaunch_slide', 'widget': 'skill_shot_select_widget_3', 's': {'slide': 'prelaunch_slide', 'key': 'skill_shot-skill_shot_select_widget_3', 'target': None}, 'play_kwargs': {'restore': False, 'state': 'enabled', 'selected': True}}, key=UUID('97f8ca1c-fec3-4e7f-ab04-a8c190de4ae5'), condition=None, blocking_facility=None), RegisteredHandler(callback=<bound method McWidgetPlayer._add_widget_to_slide_when_active of McConfigPlayer.widgets>, priority=0, kwargs={'slide_name': 'prelaunch_slide', 'widget': 'skill_shot_select_widget_2', 's': {'slide': 'prelaunch_slide', 'key': 'skill_shot-skill_shot_select_widget_2', 'target': None}, 'play_kwargs': {'restore': False, 'state': 'enabled', 'selected': True}}, key=UUID('76d0cc5c-697a-4211-bbff-55f73dfcc16e'), condition=None, blocking_facility=None)]. The order of those handlers is not defined and they will be executed in random order. This might lead to race conditions and potential bugs.
2023-01-15 18:45:11,431 : EventManager : Unordered handler for class McConfigPlayer.widgets on event slide_prelaunch_slide_created with priority 0. Handlers: [RegisteredHandler(callback=<bound method McWidgetPlayer._add_widget_to_slide_when_active of McConfigPlayer.widgets>, priority=0, kwargs={'slide_name': 'prelaunch_slide', 'widget': 'skillshot_up_selected_player_1_widget', 's': {'slide': 'prelaunch_slide', 'key': 'skill_shot-skillshot_up_selected_player_1_widget', 'target': None}, 'play_kwargs': {}}, key=UUID('cfffe2dd-6982-4dc4-a9c6-c9cbda457aaf'), condition=None, blocking_facility=None), RegisteredHandler(callback=<bound method McWidgetPlayer._add_widget_to_slide_when_active of McConfigPlayer.widgets>, priority=0, kwargs={'slide_name': 'prelaunch_slide', 'widget': 'skillshot_up_player_2_widget', 's': {'slide': 'prelaunch_slide', 'key': 'skill_shot-skillshot_up_player_2_widget', 'target': None}, 'play_kwargs': {}}, key=UUID('270c161f-105a-4dcd-a9c9-0b7618ea8f7b'), condition=None, blocking_facility=None), RegisteredHandler(callback=<bound method McWidgetPlayer._add_widget_to_slide_when_active of McConfigPlayer.widgets>, priority=0, kwargs={'slide_name': 'prelaunch_slide', 'widget': 'skillshot_up_player_3_widget', 's': {'slide': 'prelaunch_slide', 'key': 'skill_shot-skillshot_up_player_3_widget', 'target': None}, 'play_kwargs': {}}, key=UUID('e86a9394-c55e-4ab5-9d9d-a96187873e0c'), condition=None, blocking_facility=None), RegisteredHandler(callback=<bound method McWidgetPlayer._add_widget_to_slide_when_active of McConfigPlayer.widgets>, priority=0, kwargs={'slide_name': 'prelaunch_slide', 'widget': 'skillshot_up_player_4_widget', 's': {'slide': 'prelaunch_slide', 'key': 'skill_shot-skillshot_up_player_4_widget', 'target': None}, 'play_kwargs': {}}, key=UUID('8671c68d-e8df-45ad-85b1-fd3894931681'), condition=None, blocking_facility=None), RegisteredHandler(callback=<bound method McWidgetPlayer._add_widget_to_slide_when_active of McConfigPlayer.widgets>, priority=0, kwargs={'slide_name': 'prelaunch_slide', 'widget': 'skill_shot_select_widget_3', 's': {'slide': 'prelaunch_slide', 'key': 'skill_shot-skill_shot_select_widget_3', 'target': None}, 'play_kwargs': {'restore': False, 'state': 'enabled', 'selected': True}}, key=UUID('97f8ca1c-fec3-4e7f-ab04-a8c190de4ae5'), condition=None, blocking_facility=None), RegisteredHandler(callback=<bound method McWidgetPlayer._add_widget_to_slide_when_active of McConfigPlayer.widgets>, priority=0, kwargs={'slide_name': 'prelaunch_slide', 'widget': 'skill_shot_select_widget_2', 's': {'slide': 'prelaunch_slide', 'key': 'skill_shot-skill_shot_select_widget_2', 'target': None}, 'play_kwargs': {'restore': False, 'state': 'enabled', 'selected': True}}, key=UUID('76d0cc5c-697a-4211-bbff-55f73dfcc16e'), condition=None, blocking_facility=None)]. The order of those handlers is not defined and they will be executed in random order. This might lead to race conditions and potential bugs.
2023-01-15 18:45:11,432 : EventManager : Unordered handler for class McConfigPlayer.widgets on event slide_prelaunch_slide_created with priority 0. Handlers: [RegisteredHandler(callback=<bound method McWidgetPlayer._add_widget_to_slide_when_active of McConfigPlayer.widgets>, priority=0, kwargs={'slide_name': 'prelaunch_slide', 'widget': 'skillshot_up_selected_player_1_widget', 's': {'slide': 'prelaunch_slide', 'key': 'skill_shot-skillshot_up_selected_player_1_widget', 'target': None}, 'play_kwargs': {}}, key=UUID('cfffe2dd-6982-4dc4-a9c6-c9cbda457aaf'), condition=None, blocking_facility=None), RegisteredHandler(callback=<bound method McWidgetPlayer._add_widget_to_slide_when_active of McConfigPlayer.widgets>, priority=0, kwargs={'slide_name': 'prelaunch_slide', 'widget': 'skillshot_up_player_2_widget', 's': {'slide': 'prelaunch_slide', 'key': 'skill_shot-skillshot_up_player_2_widget', 'target': None}, 'play_kwargs': {}}, key=UUID('270c161f-105a-4dcd-a9c9-0b7618ea8f7b'), condition=None, blocking_facility=None), RegisteredHandler(callback=<bound method McWidgetPlayer._add_widget_to_slide_when_active of McConfigPlayer.widgets>, priority=0, kwargs={'slide_name': 'prelaunch_slide', 'widget': 'skillshot_up_player_3_widget', 's': {'slide': 'prelaunch_slide', 'key': 'skill_shot-skillshot_up_player_3_widget', 'target': None}, 'play_kwargs': {}}, key=UUID('e86a9394-c55e-4ab5-9d9d-a96187873e0c'), condition=None, blocking_facility=None), RegisteredHandler(callback=<bound method McWidgetPlayer._add_widget_to_slide_when_active of McConfigPlayer.widgets>, priority=0, kwargs={'slide_name': 'prelaunch_slide', 'widget': 'skillshot_up_player_4_widget', 's': {'slide': 'prelaunch_slide', 'key': 'skill_shot-skillshot_up_player_4_widget', 'target': None}, 'play_kwargs': {}}, key=UUID('8671c68d-e8df-45ad-85b1-fd3894931681'), condition=None, blocking_facility=None), RegisteredHandler(callback=<bound method McWidgetPlayer._add_widget_to_slide_when_active of McConfigPlayer.widgets>, priority=0, kwargs={'slide_name': 'prelaunch_slide', 'widget': 'skill_shot_select_widget_3', 's': {'slide': 'prelaunch_slide', 'key': 'skill_shot-skill_shot_select_widget_3', 'target': None}, 'play_kwargs': {'restore': False, 'state': 'enabled', 'selected': True}}, key=UUID('97f8ca1c-fec3-4e7f-ab04-a8c190de4ae5'), condition=None, blocking_facility=None), RegisteredHandler(callback=<bound method McWidgetPlayer._add_widget_to_slide_when_active of McConfigPlayer.widgets>, priority=0, kwargs={'slide_name': 'prelaunch_slide', 'widget': 'skill_shot_select_widget_2', 's': {'slide': 'prelaunch_slide', 'key': 'skill_shot-skill_shot_select_widget_2', 'target': None}, 'play_kwargs': {'restore': False, 'state': 'enabled', 'selected': True}}, key=UUID('76d0cc5c-697a-4211-bbff-55f73dfcc16e'), condition=None, blocking_facility=None)]. The order of those handlers is not defined and they will be executed in random order. This might lead to race conditions and potential bugs.
2023-01-15 18:45:12,415 : EventManager : Event: ======'slides_play'====== Args={'settings': {'status_report_tilte2': {'widgets': [{'type': 'text', 'text': 'STATUS REPORT', 'style': ['big'], 'font_size': 10, 'y': 'center', 'round_anchor_x': 'left', 'round_anchor_y': 'top', '_default_settings': ['type', 'text', 'style', 'font_size', 'y', 'round_anchor_x', 'round_anchor_y'], 'x': None, 'anchor_x': 'center', 'anchor_y': 'center', 'opacity': 1.0, 'z': 0, 'reset_animations_events': {}, 'color': [1.0, 1.0, 1.0, 1.0], 'adjust_top': 0, 'adjust_bottom': 0, 'adjust_left': 0, 'adjust_right': 0, 'expire': None, 'key': None, 'widget': None, 'events_when_added': [], 'events_when_removed': [], 'bitmap_font': False, 'font_kerning': True, 'bold': False, 'italic': False, 'number_grouping': False, 'min_digits': 0, 'halign': 'center', 'valign': 'middle', 'rotation': 0, 'scale': 1.0, 'casing': None, 'animations': None}], 'target': None, 'background_color': [0.0, 0.0, 0.0, 1.0], 'priority': None, 'show': True, 'force': False, 'expire': None, 'slide': None, 'tokens': {}, 'action': 'play'}}, 'context': 'show_19', 'calling_context': 2, 'priority': 1620, 'show_tokens': {}, 'start_time': 63215.734}
2023-01-15 18:45:12,415 : mpfmc : SlidePlayer: Play called with settings={'status_report_tilte2': {'widgets': [{'type': 'text', 'text': 'STATUS REPORT', 'style': ['big'], 'font_size': 10, 'y': 'center', 'round_anchor_x': 'left', 'round_anchor_y': 'top', '_default_settings': ['type', 'text', 'style', 'font_size', 'y', 'round_anchor_x', 'round_anchor_y'], 'x': None, 'anchor_x': 'center', 'anchor_y': 'center', 'opacity': 1.0, 'z': 0, 'reset_animations_events': {}, 'color': [1.0, 1.0, 1.0, 1.0], 'adjust_top': 0, 'adjust_bottom': 0, 'adjust_left': 0, 'adjust_right': 0, 'expire': None, 'key': None, 'widget': None, 'events_when_added': [], 'events_when_removed': [], 'bitmap_font': False, 'font_kerning': True, 'bold': False, 'italic': False, 'number_grouping': False, 'min_digits': 0, 'halign': 'center', 'valign': 'middle', 'rotation': 0, 'scale': 1.0, 'casing': None, 'animations': None}], 'target': None, 'background_color': [0.0, 0.0, 0.0, 1.0], 'priority': None, 'show': True, 'force': False, 'expire': None, 'slide': None, 'tokens': {}, 'action': 'play'}}
2023-01-15 18:45:12,416 : EventManager : Event: ======'slide_status_report_tilte2_removed'====== Args={}
2023-01-15 18:45:12,418 : EventManager : Event: ======'slide_status_report_tilte2_created'====== Args={}
2023-01-15 18:45:12,421 : EventManager : Event: ======'slide_status_report_tilte2_active'====== Args={}
2023-01-15 18:45:13,414 : EventManager : Event: ======'slides_play'====== Args={'settings': {'status_report_tilte': {'widgets': [{'type': 'text', 'text': 'STATUS REPORT', 'style': ['big'], 'font_size': 14, 'y': 'center', 'round_anchor_x': 'left', 'round_anchor_y': 'top', '_default_settings': ['type', 'text', 'style', 'font_size', 'y', 'round_anchor_x', 'round_anchor_y'], 'x': None, 'anchor_x': 'center', 'anchor_y': 'center', 'opacity': 1.0, 'z': 0, 'reset_animations_events': {}, 'color': [1.0, 1.0, 1.0, 1.0], 'adjust_top': 0, 'adjust_bottom': 0, 'adjust_left': 0, 'adjust_right': 0, 'expire': None, 'key': None, 'widget': None, 'events_when_added': [], 'events_when_removed': [], 'bitmap_font': False, 'font_kerning': True, 'bold': False, 'italic': False, 'number_grouping': False, 'min_digits': 0, 'halign': 'center', 'valign': 'middle', 'rotation': 0, 'scale': 1.0, 'casing': None, 'animations': None}], 'target': None, 'background_color': [0.0, 0.0, 0.0, 1.0], 'priority': None, 'show': True, 'force': False, 'expire': None, 'slide': None, 'tokens': {}, 'action': 'play'}}, 'context': 'show_19', 'calling_context': 0, 'priority': 1620, 'show_tokens': {}, 'start_time': 63216.734}
2023-01-15 18:45:13,414 : mpfmc : SlidePlayer: Play called with settings={'status_report_tilte': {'widgets': [{'type': 'text', 'text': 'STATUS REPORT', 'style': ['big'], 'font_size': 14, 'y': 'center', 'round_anchor_x': 'left', 'round_anchor_y': 'top', '_default_settings': ['type', 'text', 'style', 'font_size', 'y', 'round_anchor_x', 'round_anchor_y'], 'x': None, 'anchor_x': 'center', 'anchor_y': 'center', 'opacity': 1.0, 'z': 0, 'reset_animations_events': {}, 'color': [1.0, 1.0, 1.0, 1.0], 'adjust_top': 0, 'adjust_bottom': 0, 'adjust_left': 0, 'adjust_right': 0, 'expire': None, 'key': None, 'widget': None, 'events_when_added': [], 'events_when_removed': [], 'bitmap_font': False, 'font_kerning': True, 'bold': False, 'italic': False, 'number_grouping': False, 'min_digits': 0, 'halign': 'center', 'valign': 'middle', 'rotation': 0, 'scale': 1.0, 'casing': None, 'animations': None}], 'target': None, 'background_color': [0.0, 0.0, 0.0, 1.0], 'priority': None, 'show': True, 'force': False, 'expire': None, 'slide': None, 'tokens': {}, 'action': 'play'}}
2023-01-15 18:45:13,415 : EventManager : Event: ======'slide_status_report_tilte_removed'====== Args={}
2023-01-15 18:45:13,419 : EventManager : Event: ======'slide_status_report_tilte_created'====== Args={}
2023-01-15 18:45:13,422 : EventManager : Event: ======'slide_status_report_tilte_active'====== Args={}
2023-01-15 18:45:14,198 : EventManager : Event: ======'machine_var_audits_switches_s_left_flipper'====== Args={'value': 1444, 'prev_value': 1443, 'change': 1}
2023-01-15 18:45:14,230 : EventManager : Event: ======'widgets_play'====== Args={'settings': {'skill_shot_select_widget_1': {'slide': 'prelaunch_slide', 'action': 'add', 'priority': 0, 'key': None, 'target': None}, 'skill_shot_select_widget_2': {'action': 'remove', 'priority': 0, 'slide': None, 'key': None, 'target': None}, 'skill_shot_select_widget_3': {'action': 'remove', 'priority': 0, 'slide': None, 'key': None, 'target': None}, 'skill_shot_select_widget_4': {'action': 'remove', 'priority': 0, 'slide': None, 'key': None, 'target': None}, 'skill_shot_select_widget_5': {'action': 'remove', 'priority': 0, 'slide': None, 'key': None, 'target': None}}, 'context': 'skill_shot', 'calling_context': 'skillshot_1_selected', 'priority': 150, 'restore': False, 'state': 'enabled', 'selected': True}
2023-01-15 18:45:14,231 : EventManager : Unordered handler for class McConfigPlayer.widgets on event slide_prelaunch_slide_created with priority 0. Handlers: [RegisteredHandler(callback=<bound method McWidgetPlayer._add_widget_to_slide_when_active of McConfigPlayer.widgets>, priority=0, kwargs={'slide_name': 'prelaunch_slide', 'widget': 'skillshot_up_selected_player_1_widget', 's': {'slide': 'prelaunch_slide', 'key': 'skill_shot-skillshot_up_selected_player_1_widget', 'target': None}, 'play_kwargs': {}}, key=UUID('cfffe2dd-6982-4dc4-a9c6-c9cbda457aaf'), condition=None, blocking_facility=None), RegisteredHandler(callback=<bound method McWidgetPlayer._add_widget_to_slide_when_active of McConfigPlayer.widgets>, priority=0, kwargs={'slide_name': 'prelaunch_slide', 'widget': 'skillshot_up_player_2_widget', 's': {'slide': 'prelaunch_slide', 'key': 'skill_shot-skillshot_up_player_2_widget', 'target': None}, 'play_kwargs': {}}, key=UUID('270c161f-105a-4dcd-a9c9-0b7618ea8f7b'), condition=None, blocking_facility=None), RegisteredHandler(callback=<bound method McWidgetPlayer._add_widget_to_slide_when_active of McConfigPlayer.widgets>, priority=0, kwargs={'slide_name': 'prelaunch_slide', 'widget': 'skillshot_up_player_3_widget', 's': {'slide': 'prelaunch_slide', 'key': 'skill_shot-skillshot_up_player_3_widget', 'target': None}, 'play_kwargs': {}}, key=UUID('e86a9394-c55e-4ab5-9d9d-a96187873e0c'), condition=None, blocking_facility=None), RegisteredHandler(callback=<bound method McWidgetPlayer._add_widget_to_slide_when_active of McConfigPlayer.widgets>, priority=0, kwargs={'slide_name': 'prelaunch_slide', 'widget': 'skillshot_up_player_4_widget', 's': {'slide': 'prelaunch_slide', 'key': 'skill_shot-skillshot_up_player_4_widget', 'target': None}, 'play_kwargs': {}}, key=UUID('8671c68d-e8df-45ad-85b1-fd3894931681'), condition=None, blocking_facility=None), RegisteredHandler(callback=<bound method McWidgetPlayer._add_widget_to_slide_when_active of McConfigPlayer.widgets>, priority=0, kwargs={'slide_name': 'prelaunch_slide', 'widget': 'skill_shot_select_widget_2', 's': {'slide': 'prelaunch_slide', 'key': 'skill_shot-skill_shot_select_widget_2', 'target': None}, 'play_kwargs': {'restore': False, 'state': 'enabled', 'selected': True}}, key=UUID('76d0cc5c-697a-4211-bbff-55f73dfcc16e'), condition=None, blocking_facility=None), RegisteredHandler(callback=<bound method McWidgetPlayer._add_widget_to_slide_when_active of McConfigPlayer.widgets>, priority=0, kwargs={'slide_name': 'prelaunch_slide', 'widget': 'skill_shot_select_widget_1', 's': {'slide': 'prelaunch_slide', 'key': 'skill_shot-skill_shot_select_widget_1', 'target': None}, 'play_kwargs': {'restore': False, 'state': 'enabled', 'selected': True}}, key=UUID('93637afb-3536-4797-9c58-a0c2590eedc5'), condition=None, blocking_facility=None)]. The order of those handlers is not defined and they will be executed in random order. This might lead to race conditions and potential bugs.
2023-01-15 18:45:14,231 : EventManager : Unordered handler for class McConfigPlayer.widgets on event slide_prelaunch_slide_created with priority 0. Handlers: [RegisteredHandler(callback=<bound method McWidgetPlayer._add_widget_to_slide_when_active of McConfigPlayer.widgets>, priority=0, kwargs={'slide_name': 'prelaunch_slide', 'widget': 'skillshot_up_selected_player_1_widget', 's': {'slide': 'prelaunch_slide', 'key': 'skill_shot-skillshot_up_selected_player_1_widget', 'target': None}, 'play_kwargs': {}}, key=UUID('cfffe2dd-6982-4dc4-a9c6-c9cbda457aaf'), condition=None, blocking_facility=None), RegisteredHandler(callback=<bound method McWidgetPlayer._add_widget_to_slide_when_active of McConfigPlayer.widgets>, priority=0, kwargs={'slide_name': 'prelaunch_slide', 'widget': 'skillshot_up_player_2_widget', 's': {'slide': 'prelaunch_slide', 'key': 'skill_shot-skillshot_up_player_2_widget', 'target': None}, 'play_kwargs': {}}, key=UUID('270c161f-105a-4dcd-a9c9-0b7618ea8f7b'), condition=None, blocking_facility=None), RegisteredHandler(callback=<bound method McWidgetPlayer._add_widget_to_slide_when_active of McConfigPlayer.widgets>, priority=0, kwargs={'slide_name': 'prelaunch_slide', 'widget': 'skillshot_up_player_3_widget', 's': {'slide': 'prelaunch_slide', 'key': 'skill_shot-skillshot_up_player_3_widget', 'target': None}, 'play_kwargs': {}}, key=UUID('e86a9394-c55e-4ab5-9d9d-a96187873e0c'), condition=None, blocking_facility=None), RegisteredHandler(callback=<bound method McWidgetPlayer._add_widget_to_slide_when_active of McConfigPlayer.widgets>, priority=0, kwargs={'slide_name': 'prelaunch_slide', 'widget': 'skillshot_up_player_4_widget', 's': {'slide': 'prelaunch_slide', 'key': 'skill_shot-skillshot_up_player_4_widget', 'target': None}, 'play_kwargs': {}}, key=UUID('8671c68d-e8df-45ad-85b1-fd3894931681'), condition=None, blocking_facility=None), RegisteredHandler(callback=<bound method McWidgetPlayer._add_widget_to_slide_when_active of McConfigPlayer.widgets>, priority=0, kwargs={'slide_name': 'prelaunch_slide', 'widget': 'skill_shot_select_widget_2', 's': {'slide': 'prelaunch_slide', 'key': 'skill_shot-skill_shot_select_widget_2', 'target': None}, 'play_kwargs': {'restore': False, 'state': 'enabled', 'selected': True}}, key=UUID('76d0cc5c-697a-4211-bbff-55f73dfcc16e'), condition=None, blocking_facility=None), RegisteredHandler(callback=<bound method McWidgetPlayer._add_widget_to_slide_when_active of McConfigPlayer.widgets>, priority=0, kwargs={'slide_name': 'prelaunch_slide', 'widget': 'skill_shot_select_widget_1', 's': {'slide': 'prelaunch_slide', 'key': 'skill_shot-skill_shot_select_widget_1', 'target': None}, 'play_kwargs': {'restore': False, 'state': 'enabled', 'selected': True}}, key=UUID('93637afb-3536-4797-9c58-a0c2590eedc5'), condition=None, blocking_facility=None)]. The order of those handlers is not defined and they will be executed in random order. This might lead to race conditions and potential bugs.
2023-01-15 18:45:14,232 : EventManager : Unordered handler for class McConfigPlayer.widgets on event slide_prelaunch_slide_created with priority 0. Handlers: [RegisteredHandler(callback=<bound method McWidgetPlayer._add_widget_to_slide_when_active of McConfigPlayer.widgets>, priority=0, kwargs={'slide_name': 'prelaunch_slide', 'widget': 'skillshot_up_selected_player_1_widget', 's': {'slide': 'prelaunch_slide', 'key': 'skill_shot-skillshot_up_selected_player_1_widget', 'target': None}, 'play_kwargs': {}}, key=UUID('cfffe2dd-6982-4dc4-a9c6-c9cbda457aaf'), condition=None, blocking_facility=None), RegisteredHandler(callback=<bound method McWidgetPlayer._add_widget_to_slide_when_active of McConfigPlayer.widgets>, priority=0, kwargs={'slide_name': 'prelaunch_slide', 'widget': 'skillshot_up_player_2_widget', 's': {'slide': 'prelaunch_slide', 'key': 'skill_shot-skillshot_up_player_2_widget', 'target': None}, 'play_kwargs': {}}, key=UUID('270c161f-105a-4dcd-a9c9-0b7618ea8f7b'), condition=None, blocking_facility=None), RegisteredHandler(callback=<bound method McWidgetPlayer._add_widget_to_slide_when_active of McConfigPlayer.widgets>, priority=0, kwargs={'slide_name': 'prelaunch_slide', 'widget': 'skillshot_up_player_3_widget', 's': {'slide': 'prelaunch_slide', 'key': 'skill_shot-skillshot_up_player_3_widget', 'target': None}, 'play_kwargs': {}}, key=UUID('e86a9394-c55e-4ab5-9d9d-a96187873e0c'), condition=None, blocking_facility=None), RegisteredHandler(callback=<bound method McWidgetPlayer._add_widget_to_slide_when_active of McConfigPlayer.widgets>, priority=0, kwargs={'slide_name': 'prelaunch_slide', 'widget': 'skillshot_up_player_4_widget', 's': {'slide': 'prelaunch_slide', 'key': 'skill_shot-skillshot_up_player_4_widget', 'target': None}, 'play_kwargs': {}}, key=UUID('8671c68d-e8df-45ad-85b1-fd3894931681'), condition=None, blocking_facility=None), RegisteredHandler(callback=<bound method McWidgetPlayer._add_widget_to_slide_when_active of McConfigPlayer.widgets>, priority=0, kwargs={'slide_name': 'prelaunch_slide', 'widget': 'skill_shot_select_widget_2', 's': {'slide': 'prelaunch_slide', 'key': 'skill_shot-skill_shot_select_widget_2', 'target': None}, 'play_kwargs': {'restore': False, 'state': 'enabled', 'selected': True}}, key=UUID('76d0cc5c-697a-4211-bbff-55f73dfcc16e'), condition=None, blocking_facility=None), RegisteredHandler(callback=<bound method McWidgetPlayer._add_widget_to_slide_when_active of McConfigPlayer.widgets>, priority=0, kwargs={'slide_name': 'prelaunch_slide', 'widget': 'skill_shot_select_widget_1', 's': {'slide': 'prelaunch_slide', 'key': 'skill_shot-skill_shot_select_widget_1', 'target': None}, 'play_kwargs': {'restore': False, 'state': 'enabled', 'selected': True}}, key=UUID('93637afb-3536-4797-9c58-a0c2590eedc5'), condition=None, blocking_facility=None)]. The order of those handlers is not defined and they will be executed in random order. This might lead to race conditions and potential bugs.
2023-01-15 18:45:14,232 : EventManager : Unordered handler for class McConfigPlayer.widgets on event slide_prelaunch_slide_created with priority 0. Handlers: [RegisteredHandler(callback=<bound method McWidgetPlayer._add_widget_to_slide_when_active of McConfigPlayer.widgets>, priority=0, kwargs={'slide_name': 'prelaunch_slide', 'widget': 'skillshot_up_selected_player_1_widget', 's': {'slide': 'prelaunch_slide', 'key': 'skill_shot-skillshot_up_selected_player_1_widget', 'target': None}, 'play_kwargs': {}}, key=UUID('cfffe2dd-6982-4dc4-a9c6-c9cbda457aaf'), condition=None, blocking_facility=None), RegisteredHandler(callback=<bound method McWidgetPlayer._add_widget_to_slide_when_active of McConfigPlayer.widgets>, priority=0, kwargs={'slide_name': 'prelaunch_slide', 'widget': 'skillshot_up_player_2_widget', 's': {'slide': 'prelaunch_slide', 'key': 'skill_shot-skillshot_up_player_2_widget', 'target': None}, 'play_kwargs': {}}, key=UUID('270c161f-105a-4dcd-a9c9-0b7618ea8f7b'), condition=None, blocking_facility=None), RegisteredHandler(callback=<bound method McWidgetPlayer._add_widget_to_slide_when_active of McConfigPlayer.widgets>, priority=0, kwargs={'slide_name': 'prelaunch_slide', 'widget': 'skillshot_up_player_3_widget', 's': {'slide': 'prelaunch_slide', 'key': 'skill_shot-skillshot_up_player_3_widget', 'target': None}, 'play_kwargs': {}}, key=UUID('e86a9394-c55e-4ab5-9d9d-a96187873e0c'), condition=None, blocking_facility=None), RegisteredHandler(callback=<bound method McWidgetPlayer._add_widget_to_slide_when_active of McConfigPlayer.widgets>, priority=0, kwargs={'slide_name': 'prelaunch_slide', 'widget': 'skillshot_up_player_4_widget', 's': {'slide': 'prelaunch_slide', 'key': 'skill_shot-skillshot_up_player_4_widget', 'target': None}, 'play_kwargs': {}}, key=UUID('8671c68d-e8df-45ad-85b1-fd3894931681'), condition=None, blocking_facility=None), RegisteredHandler(callback=<bound method McWidgetPlayer._add_widget_to_slide_when_active of McConfigPlayer.widgets>, priority=0, kwargs={'slide_name': 'prelaunch_slide', 'widget': 'skill_shot_select_widget_2', 's': {'slide': 'prelaunch_slide', 'key': 'skill_shot-skill_shot_select_widget_2', 'target': None}, 'play_kwargs': {'restore': False, 'state': 'enabled', 'selected': True}}, key=UUID('76d0cc5c-697a-4211-bbff-55f73dfcc16e'), condition=None, blocking_facility=None), RegisteredHandler(callback=<bound method McWidgetPlayer._add_widget_to_slide_when_active of McConfigPlayer.widgets>, priority=0, kwargs={'slide_name': 'prelaunch_slide', 'widget': 'skill_shot_select_widget_1', 's': {'slide': 'prelaunch_slide', 'key': 'skill_shot-skill_shot_select_widget_1', 'target': None}, 'play_kwargs': {'restore': False, 'state': 'enabled', 'selected': True}}, key=UUID('93637afb-3536-4797-9c58-a0c2590eedc5'), condition=None, blocking_facility=None)]. The order of those handlers is not defined and they will be executed in random order. This might lead to race conditions and potential bugs.
2023-01-15 18:45:14,232 : EventManager : Unordered handler for class McConfigPlayer.widgets on event slide_prelaunch_slide_created with priority 0. Handlers: [RegisteredHandler(callback=<bound method McWidgetPlayer._add_widget_to_slide_when_active of McConfigPlayer.widgets>, priority=0, kwargs={'slide_name': 'prelaunch_slide', 'widget': 'skillshot_up_selected_player_1_widget', 's': {'slide': 'prelaunch_slide', 'key': 'skill_shot-skillshot_up_selected_player_1_widget', 'target': None}, 'play_kwargs': {}}, key=UUID('cfffe2dd-6982-4dc4-a9c6-c9cbda457aaf'), condition=None, blocking_facility=None), RegisteredHandler(callback=<bound method McWidgetPlayer._add_widget_to_slide_when_active of McConfigPlayer.widgets>, priority=0, kwargs={'slide_name': 'prelaunch_slide', 'widget': 'skillshot_up_player_2_widget', 's': {'slide': 'prelaunch_slide', 'key': 'skill_shot-skillshot_up_player_2_widget', 'target': None}, 'play_kwargs': {}}, key=UUID('270c161f-105a-4dcd-a9c9-0b7618ea8f7b'), condition=None, blocking_facility=None), RegisteredHandler(callback=<bound method McWidgetPlayer._add_widget_to_slide_when_active of McConfigPlayer.widgets>, priority=0, kwargs={'slide_name': 'prelaunch_slide', 'widget': 'skillshot_up_player_3_widget', 's': {'slide': 'prelaunch_slide', 'key': 'skill_shot-skillshot_up_player_3_widget', 'target': None}, 'play_kwargs': {}}, key=UUID('e86a9394-c55e-4ab5-9d9d-a96187873e0c'), condition=None, blocking_facility=None), RegisteredHandler(callback=<bound method McWidgetPlayer._add_widget_to_slide_when_active of McConfigPlayer.widgets>, priority=0, kwargs={'slide_name': 'prelaunch_slide', 'widget': 'skillshot_up_player_4_widget', 's': {'slide': 'prelaunch_slide', 'key': 'skill_shot-skillshot_up_player_4_widget', 'target': None}, 'play_kwargs': {}}, key=UUID('8671c68d-e8df-45ad-85b1-fd3894931681'), condition=None, blocking_facility=None), RegisteredHandler(callback=<bound method McWidgetPlayer._add_widget_to_slide_when_active of McConfigPlayer.widgets>, priority=0, kwargs={'slide_name': 'prelaunch_slide', 'widget': 'skill_shot_select_widget_2', 's': {'slide': 'prelaunch_slide', 'key': 'skill_shot-skill_shot_select_widget_2', 'target': None}, 'play_kwargs': {'restore': False, 'state': 'enabled', 'selected': True}}, key=UUID('76d0cc5c-697a-4211-bbff-55f73dfcc16e'), condition=None, blocking_facility=None), RegisteredHandler(callback=<bound method McWidgetPlayer._add_widget_to_slide_when_active of McConfigPlayer.widgets>, priority=0, kwargs={'slide_name': 'prelaunch_slide', 'widget': 'skill_shot_select_widget_1', 's': {'slide': 'prelaunch_slide', 'key': 'skill_shot-skill_shot_select_widget_1', 'target': None}, 'play_kwargs': {'restore': False, 'state': 'enabled', 'selected': True}}, key=UUID('93637afb-3536-4797-9c58-a0c2590eedc5'), condition=None, blocking_facility=None)]. The order of those handlers is not defined and they will be executed in random order. This might lead to race conditions and potential bugs.
2023-01-15 18:45:15,414 : EventManager : Event: ======'slides_play'====== Args={'settings': {'status_report_tilte1': {'widgets': [{'type': 'text', 'text': 'STATUS REPORT', 'style': ['big'], 'font_size': 11, 'y': 'center', 'round_anchor_x': 'left', 'round_anchor_y': 'top', '_default_settings': ['type', 'text', 'style', 'font_size', 'y', 'round_anchor_x', 'round_anchor_y'], 'x': None, 'anchor_x': 'center', 'anchor_y': 'center', 'opacity': 1.0, 'z': 0, 'reset_animations_events': {}, 'color': [1.0, 1.0, 1.0, 1.0], 'adjust_top': 0, 'adjust_bottom': 0, 'adjust_left': 0, 'adjust_right': 0, 'expire': None, 'key': None, 'widget': None, 'events_when_added': [], 'events_when_removed': [], 'bitmap_font': False, 'font_kerning': True, 'bold': False, 'italic': False, 'number_grouping': False, 'min_digits': 0, 'halign': 'center', 'valign': 'middle', 'rotation': 0, 'scale': 1.0, 'casing': None, 'animations': None}], 'target': None, 'background_color': [0.0, 0.0, 0.0, 1.0], 'priority': None, 'show': True, 'force': False, 'expire': None, 'slide': None, 'tokens': {}, 'action': 'play'}}, 'context': 'show_19', 'calling_context': 1, 'priority': 1620, 'show_tokens': {}, 'start_time': 63218.734}
2023-01-15 18:45:15,415 : mpfmc : SlidePlayer: Play called with settings={'status_report_tilte1': {'widgets': [{'type': 'text', 'text': 'STATUS REPORT', 'style': ['big'], 'font_size': 11, 'y': 'center', 'round_anchor_x': 'left', 'round_anchor_y': 'top', '_default_settings': ['type', 'text', 'style', 'font_size', 'y', 'round_anchor_x', 'round_anchor_y'], 'x': None, 'anchor_x': 'center', 'anchor_y': 'center', 'opacity': 1.0, 'z': 0, 'reset_animations_events': {}, 'color': [1.0, 1.0, 1.0, 1.0], 'adjust_top': 0, 'adjust_bottom': 0, 'adjust_left': 0, 'adjust_right': 0, 'expire': None, 'key': None, 'widget': None, 'events_when_added': [], 'events_when_removed': [], 'bitmap_font': False, 'font_kerning': True, 'bold': False, 'italic': False, 'number_grouping': False, 'min_digits': 0, 'halign': 'center', 'valign': 'middle', 'rotation': 0, 'scale': 1.0, 'casing': None, 'animations': None}], 'target': None, 'background_color': [0.0, 0.0, 0.0, 1.0], 'priority': None, 'show': True, 'force': False, 'expire': None, 'slide': None, 'tokens': {}, 'action': 'play'}}
2023-01-15 18:45:15,416 : EventManager : Event: ======'slide_status_report_tilte1_removed'====== Args={}
2023-01-15 18:45:15,418 : EventManager : Event: ======'slide_status_report_tilte1_created'====== Args={}
2023-01-15 18:45:15,421 : EventManager : Event: ======'slide_status_report_tilte1_active'====== Args={}
2023-01-15 18:45:17,415 : EventManager : Event: ======'slides_play'====== Args={'settings': {'status_report_tilte2': {'widgets': [{'type': 'text', 'text': 'STATUS REPORT', 'style': ['big'], 'font_size': 10, 'y': 'center', 'round_anchor_x': 'left', 'round_anchor_y': 'top', '_default_settings': ['type', 'text', 'style', 'font_size', 'y', 'round_anchor_x', 'round_anchor_y'], 'x': None, 'anchor_x': 'center', 'anchor_y': 'center', 'opacity': 1.0, 'z': 0, 'reset_animations_events': {}, 'color': [1.0, 1.0, 1.0, 1.0], 'adjust_top': 0, 'adjust_bottom': 0, 'adjust_left': 0, 'adjust_right': 0, 'expire': None, 'key': None, 'widget': None, 'events_when_added': [], 'events_when_removed': [], 'bitmap_font': False, 'font_kerning': True, 'bold': False, 'italic': False, 'number_grouping': False, 'min_digits': 0, 'halign': 'center', 'valign': 'middle', 'rotation': 0, 'scale': 1.0, 'casing': None, 'animations': None}], 'target': None, 'background_color': [0.0, 0.0, 0.0, 1.0], 'priority': None, 'show': True, 'force': False, 'expire': None, 'slide': None, 'tokens': {}, 'action': 'play'}}, 'context': 'show_19', 'calling_context': 2, 'priority': 1620, 'show_tokens': {}, 'start_time': 63220.734}
2023-01-15 18:45:17,415 : mpfmc : SlidePlayer: Play called with settings={'status_report_tilte2': {'widgets': [{'type': 'text', 'text': 'STATUS REPORT', 'style': ['big'], 'font_size': 10, 'y': 'center', 'round_anchor_x': 'left', 'round_anchor_y': 'top', '_default_settings': ['type', 'text', 'style', 'font_size', 'y', 'round_anchor_x', 'round_anchor_y'], 'x': None, 'anchor_x': 'center', 'anchor_y': 'center', 'opacity': 1.0, 'z': 0, 'reset_animations_events': {}, 'color': [1.0, 1.0, 1.0, 1.0], 'adjust_top': 0, 'adjust_bottom': 0, 'adjust_left': 0, 'adjust_right': 0, 'expire': None, 'key': None, 'widget': None, 'events_when_added': [], 'events_when_removed': [], 'bitmap_font': False, 'font_kerning': True, 'bold': False, 'italic': False, 'number_grouping': False, 'min_digits': 0, 'halign': 'center', 'valign': 'middle', 'rotation': 0, 'scale': 1.0, 'casing': None, 'animations': None}], 'target': None, 'background_color': [0.0, 0.0, 0.0, 1.0], 'priority': None, 'show': True, 'force': False, 'expire': None, 'slide': None, 'tokens': {}, 'action': 'play'}}
2023-01-15 18:45:17,417 : EventManager : Event: ======'slide_status_report_tilte2_removed'====== Args={}
2023-01-15 18:45:17,419 : EventManager : Event: ======'slide_status_report_tilte2_created'====== Args={}
2023-01-15 18:45:17,421 : EventManager : Event: ======'slide_status_report_tilte2_active'====== Args={}
2023-01-15 18:45:18,415 : EventManager : Event: ======'slides_play'====== Args={'settings': {'status_report_tilte': {'widgets': [{'type': 'text', 'text': 'STATUS REPORT', 'style': ['big'], 'font_size': 14, 'y': 'center', 'round_anchor_x': 'left', 'round_anchor_y': 'top', '_default_settings': ['type', 'text', 'style', 'font_size', 'y', 'round_anchor_x', 'round_anchor_y'], 'x': None, 'anchor_x': 'center', 'anchor_y': 'center', 'opacity': 1.0, 'z': 0, 'reset_animations_events': {}, 'color': [1.0, 1.0, 1.0, 1.0], 'adjust_top': 0, 'adjust_bottom': 0, 'adjust_left': 0, 'adjust_right': 0, 'expire': None, 'key': None, 'widget': None, 'events_when_added': [], 'events_when_removed': [], 'bitmap_font': False, 'font_kerning': True, 'bold': False, 'italic': False, 'number_grouping': False, 'min_digits': 0, 'halign': 'center', 'valign': 'middle', 'rotation': 0, 'scale': 1.0, 'casing': None, 'animations': None}], 'target': None, 'background_color': [0.0, 0.0, 0.0, 1.0], 'priority': None, 'show': True, 'force': False, 'expire': None, 'slide': None, 'tokens': {}, 'action': 'play'}}, 'context': 'show_19', 'calling_context': 0, 'priority': 1620, 'show_tokens': {}, 'start_time': 63221.734}
2023-01-15 18:45:18,416 : mpfmc : SlidePlayer: Play called with settings={'status_report_tilte': {'widgets': [{'type': 'text', 'text': 'STATUS REPORT', 'style': ['big'], 'font_size': 14, 'y': 'center', 'round_anchor_x': 'left', 'round_anchor_y': 'top', '_default_settings': ['type', 'text', 'style', 'font_size', 'y', 'round_anchor_x', 'round_anchor_y'], 'x': None, 'anchor_x': 'center', 'anchor_y': 'center', 'opacity': 1.0, 'z': 0, 'reset_animations_events': {}, 'color': [1.0, 1.0, 1.0, 1.0], 'adjust_top': 0, 'adjust_bottom': 0, 'adjust_left': 0, 'adjust_right': 0, 'expire': None, 'key': None, 'widget': None, 'events_when_added': [], 'events_when_removed': [], 'bitmap_font': False, 'font_kerning': True, 'bold': False, 'italic': False, 'number_grouping': False, 'min_digits': 0, 'halign': 'center', 'valign': 'middle', 'rotation': 0, 'scale': 1.0, 'casing': None, 'animations': None}], 'target': None, 'background_color': [0.0, 0.0, 0.0, 1.0], 'priority': None, 'show': True, 'force': False, 'expire': None, 'slide': None, 'tokens': {}, 'action': 'play'}}
2023-01-15 18:45:18,416 : EventManager : Event: ======'slide_status_report_tilte_removed'====== Args={}
2023-01-15 18:45:18,419 : EventManager : Event: ======'slide_status_report_tilte_created'====== Args={}
2023-01-15 18:45:18,421 : EventManager : Event: ======'slide_status_report_tilte_active'====== Args={}
2023-01-15 18:45:20,415 : EventManager : Event: ======'slides_play'====== Args={'settings': {'status_report_tilte1': {'widgets': [{'type': 'text', 'text': 'STATUS REPORT', 'style': ['big'], 'font_size': 11, 'y': 'center', 'round_anchor_x': 'left', 'round_anchor_y': 'top', '_default_settings': ['type', 'text', 'style', 'font_size', 'y', 'round_anchor_x', 'round_anchor_y'], 'x': None, 'anchor_x': 'center', 'anchor_y': 'center', 'opacity': 1.0, 'z': 0, 'reset_animations_events': {}, 'color': [1.0, 1.0, 1.0, 1.0], 'adjust_top': 0, 'adjust_bottom': 0, 'adjust_left': 0, 'adjust_right': 0, 'expire': None, 'key': None, 'widget': None, 'events_when_added': [], 'events_when_removed': [], 'bitmap_font': False, 'font_kerning': True, 'bold': False, 'italic': False, 'number_grouping': False, 'min_digits': 0, 'halign': 'center', 'valign': 'middle', 'rotation': 0, 'scale': 1.0, 'casing': None, 'animations': None}], 'target': None, 'background_color': [0.0, 0.0, 0.0, 1.0], 'priority': None, 'show': True, 'force': False, 'expire': None, 'slide': None, 'tokens': {}, 'action': 'play'}}, 'context': 'show_19', 'calling_context': 1, 'priority': 1620, 'show_tokens': {}, 'start_time': 63223.734}
2023-01-15 18:45:20,416 : mpfmc : SlidePlayer: Play called with settings={'status_report_tilte1': {'widgets': [{'type': 'text', 'text': 'STATUS REPORT', 'style': ['big'], 'font_size': 11, 'y': 'center', 'round_anchor_x': 'left', 'round_anchor_y': 'top', '_default_settings': ['type', 'text', 'style', 'font_size', 'y', 'round_anchor_x', 'round_anchor_y'], 'x': None, 'anchor_x': 'center', 'anchor_y': 'center', 'opacity': 1.0, 'z': 0, 'reset_animations_events': {}, 'color': [1.0, 1.0, 1.0, 1.0], 'adjust_top': 0, 'adjust_bottom': 0, 'adjust_left': 0, 'adjust_right': 0, 'expire': None, 'key': None, 'widget': None, 'events_when_added': [], 'events_when_removed': [], 'bitmap_font': False, 'font_kerning': True, 'bold': False, 'italic': False, 'number_grouping': False, 'min_digits': 0, 'halign': 'center', 'valign': 'middle', 'rotation': 0, 'scale': 1.0, 'casing': None, 'animations': None}], 'target': None, 'background_color': [0.0, 0.0, 0.0, 1.0], 'priority': None, 'show': True, 'force': False, 'expire': None, 'slide': None, 'tokens': {}, 'action': 'play'}}
2023-01-15 18:45:20,417 : EventManager : Event: ======'slide_status_report_tilte1_removed'====== Args={}
2023-01-15 18:45:20,420 : EventManager : Event: ======'slide_status_report_tilte1_created'====== Args={}
2023-01-15 18:45:20,422 : EventManager : Event: ======'slide_status_report_tilte1_active'====== Args={}
2023-01-15 18:45:22,415 : EventManager : Event: ======'slides_play'====== Args={'settings': {'status_report_tilte2': {'widgets': [{'type': 'text', 'text': 'STATUS REPORT', 'style': ['big'], 'font_size': 10, 'y': 'center', 'round_anchor_x': 'left', 'round_anchor_y': 'top', '_default_settings': ['type', 'text', 'style', 'font_size', 'y', 'round_anchor_x', 'round_anchor_y'], 'x': None, 'anchor_x': 'center', 'anchor_y': 'center', 'opacity': 1.0, 'z': 0, 'reset_animations_events': {}, 'color': [1.0, 1.0, 1.0, 1.0], 'adjust_top': 0, 'adjust_bottom': 0, 'adjust_left': 0, 'adjust_right': 0, 'expire': None, 'key': None, 'widget': None, 'events_when_added': [], 'events_when_removed': [], 'bitmap_font': False, 'font_kerning': True, 'bold': False, 'italic': False, 'number_grouping': False, 'min_digits': 0, 'halign': 'center', 'valign': 'middle', 'rotation': 0, 'scale': 1.0, 'casing': None, 'animations': None}], 'target': None, 'background_color': [0.0, 0.0, 0.0, 1.0], 'priority': None, 'show': True, 'force': False, 'expire': None, 'slide': None, 'tokens': {}, 'action': 'play'}}, 'context': 'show_19', 'calling_context': 2, 'priority': 1620, 'show_tokens': {}, 'start_time': 63225.734}
2023-01-15 18:45:22,415 : mpfmc : SlidePlayer: Play called with settings={'status_report_tilte2': {'widgets': [{'type': 'text', 'text': 'STATUS REPORT', 'style': ['big'], 'font_size': 10, 'y': 'center', 'round_anchor_x': 'left', 'round_anchor_y': 'top', '_default_settings': ['type', 'text', 'style', 'font_size', 'y', 'round_anchor_x', 'round_anchor_y'], 'x': None, 'anchor_x': 'center', 'anchor_y': 'center', 'opacity': 1.0, 'z': 0, 'reset_animations_events': {}, 'color': [1.0, 1.0, 1.0, 1.0], 'adjust_top': 0, 'adjust_bottom': 0, 'adjust_left': 0, 'adjust_right': 0, 'expire': None, 'key': None, 'widget': None, 'events_when_added': [], 'events_when_removed': [], 'bitmap_font': False, 'font_kerning': True, 'bold': False, 'italic': False, 'number_grouping': False, 'min_digits': 0, 'halign': 'center', 'valign': 'middle', 'rotation': 0, 'scale': 1.0, 'casing': None, 'animations': None}], 'target': None, 'background_color': [0.0, 0.0, 0.0, 1.0], 'priority': None, 'show': True, 'force': False, 'expire': None, 'slide': None, 'tokens': {}, 'action': 'play'}}
2023-01-15 18:45:22,416 : EventManager : Event: ======'slide_status_report_tilte2_removed'====== Args={}
2023-01-15 18:45:22,419 : EventManager : Event: ======'slide_status_report_tilte2_created'====== Args={}
2023-01-15 18:45:22,423 : EventManager : Event: ======'slide_status_report_tilte2_active'====== Args={}
2023-01-15 18:45:23,415 : EventManager : Event: ======'slides_play'====== Args={'settings': {'status_report_tilte': {'widgets': [{'type': 'text', 'text': 'STATUS REPORT', 'style': ['big'], 'font_size': 14, 'y': 'center', 'round_anchor_x': 'left', 'round_anchor_y': 'top', '_default_settings': ['type', 'text', 'style', 'font_size', 'y', 'round_anchor_x', 'round_anchor_y'], 'x': None, 'anchor_x': 'center', 'anchor_y': 'center', 'opacity': 1.0, 'z': 0, 'reset_animations_events': {}, 'color': [1.0, 1.0, 1.0, 1.0], 'adjust_top': 0, 'adjust_bottom': 0, 'adjust_left': 0, 'adjust_right': 0, 'expire': None, 'key': None, 'widget': None, 'events_when_added': [], 'events_when_removed': [], 'bitmap_font': False, 'font_kerning': True, 'bold': False, 'italic': False, 'number_grouping': False, 'min_digits': 0, 'halign': 'center', 'valign': 'middle', 'rotation': 0, 'scale': 1.0, 'casing': None, 'animations': None}], 'target': None, 'background_color': [0.0, 0.0, 0.0, 1.0], 'priority': None, 'show': True, 'force': False, 'expire': None, 'slide': None, 'tokens': {}, 'action': 'play'}}, 'context': 'show_19', 'calling_context': 0, 'priority': 1620, 'show_tokens': {}, 'start_time': 63226.734}
2023-01-15 18:45:23,415 : mpfmc : SlidePlayer: Play called with settings={'status_report_tilte': {'widgets': [{'type': 'text', 'text': 'STATUS REPORT', 'style': ['big'], 'font_size': 14, 'y': 'center', 'round_anchor_x': 'left', 'round_anchor_y': 'top', '_default_settings': ['type', 'text', 'style', 'font_size', 'y', 'round_anchor_x', 'round_anchor_y'], 'x': None, 'anchor_x': 'center', 'anchor_y': 'center', 'opacity': 1.0, 'z': 0, 'reset_animations_events': {}, 'color': [1.0, 1.0, 1.0, 1.0], 'adjust_top': 0, 'adjust_bottom': 0, 'adjust_left': 0, 'adjust_right': 0, 'expire': None, 'key': None, 'widget': None, 'events_when_added': [], 'events_when_removed': [], 'bitmap_font': False, 'font_kerning': True, 'bold': False, 'italic': False, 'number_grouping': False, 'min_digits': 0, 'halign': 'center', 'valign': 'middle', 'rotation': 0, 'scale': 1.0, 'casing': None, 'animations': None}], 'target': None, 'background_color': [0.0, 0.0, 0.0, 1.0], 'priority': None, 'show': True, 'force': False, 'expire': None, 'slide': None, 'tokens': {}, 'action': 'play'}}
2023-01-15 18:45:23,416 : EventManager : Event: ======'slide_status_report_tilte_removed'====== Args={}
2023-01-15 18:45:23,419 : EventManager : Event: ======'slide_status_report_tilte_created'====== Args={}
2023-01-15 18:45:23,421 : EventManager : Event: ======'slide_status_report_tilte_active'====== Args={}
2023-01-15 18:45:25,415 : EventManager : Event: ======'slides_play'====== Args={'settings': {'status_report_tilte1': {'widgets': [{'type': 'text', 'text': 'STATUS REPORT', 'style': ['big'], 'font_size': 11, 'y': 'center', 'round_anchor_x': 'left', 'round_anchor_y': 'top', '_default_settings': ['type', 'text', 'style', 'font_size', 'y', 'round_anchor_x', 'round_anchor_y'], 'x': None, 'anchor_x': 'center', 'anchor_y': 'center', 'opacity': 1.0, 'z': 0, 'reset_animations_events': {}, 'color': [1.0, 1.0, 1.0, 1.0], 'adjust_top': 0, 'adjust_bottom': 0, 'adjust_left': 0, 'adjust_right': 0, 'expire': None, 'key': None, 'widget': None, 'events_when_added': [], 'events_when_removed': [], 'bitmap_font': False, 'font_kerning': True, 'bold': False, 'italic': False, 'number_grouping': False, 'min_digits': 0, 'halign': 'center', 'valign': 'middle', 'rotation': 0, 'scale': 1.0, 'casing': None, 'animations': None}], 'target': None, 'background_color': [0.0, 0.0, 0.0, 1.0], 'priority': None, 'show': True, 'force': False, 'expire': None, 'slide': None, 'tokens': {}, 'action': 'play'}}, 'context': 'show_19', 'calling_context': 1, 'priority': 1620, 'show_tokens': {}, 'start_time': 63228.734}
2023-01-15 18:45:25,415 : mpfmc : SlidePlayer: Play called with settings={'status_report_tilte1': {'widgets': [{'type': 'text', 'text': 'STATUS REPORT', 'style': ['big'], 'font_size': 11, 'y': 'center', 'round_anchor_x': 'left', 'round_anchor_y': 'top', '_default_settings': ['type', 'text', 'style', 'font_size', 'y', 'round_anchor_x', 'round_anchor_y'], 'x': None, 'anchor_x': 'center', 'anchor_y': 'center', 'opacity': 1.0, 'z': 0, 'reset_animations_events': {}, 'color': [1.0, 1.0, 1.0, 1.0], 'adjust_top': 0, 'adjust_bottom': 0, 'adjust_left': 0, 'adjust_right': 0, 'expire': None, 'key': None, 'widget': None, 'events_when_added': [], 'events_when_removed': [], 'bitmap_font': False, 'font_kerning': True, 'bold': False, 'italic': False, 'number_grouping': False, 'min_digits': 0, 'halign': 'center', 'valign': 'middle', 'rotation': 0, 'scale': 1.0, 'casing': None, 'animations': None}], 'target': None, 'background_color': [0.0, 0.0, 0.0, 1.0], 'priority': None, 'show': True, 'force': False, 'expire': None, 'slide': None, 'tokens': {}, 'action': 'play'}}
2023-01-15 18:45:25,416 : EventManager : Event: ======'slide_status_report_tilte1_removed'====== Args={}
2023-01-15 18:45:25,419 : EventManager : Event: ======'slide_status_report_tilte1_created'====== Args={}
2023-01-15 18:45:25,421 : EventManager : Event: ======'slide_status_report_tilte1_active'====== Args={}
2023-01-15 18:45:27,415 : EventManager : Event: ======'slides_play'====== Args={'settings': {'status_report_tilte2': {'widgets': [{'type': 'text', 'text': 'STATUS REPORT', 'style': ['big'], 'font_size': 10, 'y': 'center', 'round_anchor_x': 'left', 'round_anchor_y': 'top', '_default_settings': ['type', 'text', 'style', 'font_size', 'y', 'round_anchor_x', 'round_anchor_y'], 'x': None, 'anchor_x': 'center', 'anchor_y': 'center', 'opacity': 1.0, 'z': 0, 'reset_animations_events': {}, 'color': [1.0, 1.0, 1.0, 1.0], 'adjust_top': 0, 'adjust_bottom': 0, 'adjust_left': 0, 'adjust_right': 0, 'expire': None, 'key': None, 'widget': None, 'events_when_added': [], 'events_when_removed': [], 'bitmap_font': False, 'font_kerning': True, 'bold': False, 'italic': False, 'number_grouping': False, 'min_digits': 0, 'halign': 'center', 'valign': 'middle', 'rotation': 0, 'scale': 1.0, 'casing': None, 'animations': None}], 'target': None, 'background_color': [0.0, 0.0, 0.0, 1.0], 'priority': None, 'show': True, 'force': False, 'expire': None, 'slide': None, 'tokens': {}, 'action': 'play'}}, 'context': 'show_19', 'calling_context': 2, 'priority': 1620, 'show_tokens': {}, 'start_time': 63230.734}
2023-01-15 18:45:27,415 : mpfmc : SlidePlayer: Play called with settings={'status_report_tilte2': {'widgets': [{'type': 'text', 'text': 'STATUS REPORT', 'style': ['big'], 'font_size': 10, 'y': 'center', 'round_anchor_x': 'left', 'round_anchor_y': 'top', '_default_settings': ['type', 'text', 'style', 'font_size', 'y', 'round_anchor_x', 'round_anchor_y'], 'x': None, 'anchor_x': 'center', 'anchor_y': 'center', 'opacity': 1.0, 'z': 0, 'reset_animations_events': {}, 'color': [1.0, 1.0, 1.0, 1.0], 'adjust_top': 0, 'adjust_bottom': 0, 'adjust_left': 0, 'adjust_right': 0, 'expire': None, 'key': None, 'widget': None, 'events_when_added': [], 'events_when_removed': [], 'bitmap_font': False, 'font_kerning': True, 'bold': False, 'italic': False, 'number_grouping': False, 'min_digits': 0, 'halign': 'center', 'valign': 'middle', 'rotation': 0, 'scale': 1.0, 'casing': None, 'animations': None}], 'target': None, 'background_color': [0.0, 0.0, 0.0, 1.0], 'priority': None, 'show': True, 'force': False, 'expire': None, 'slide': None, 'tokens': {}, 'action': 'play'}}
2023-01-15 18:45:27,416 : EventManager : Event: ======'slide_status_report_tilte2_removed'====== Args={}
2023-01-15 18:45:27,420 : EventManager : Event: ======'slide_status_report_tilte2_created'====== Args={}
2023-01-15 18:45:27,422 : EventManager : Event: ======'slide_status_report_tilte2_active'====== Args={}
2023-01-15 18:45:28,416 : EventManager : Event: ======'slides_play'====== Args={'settings': {'status_report_tilte': {'widgets': [{'type': 'text', 'text': 'STATUS REPORT', 'style': ['big'], 'font_size': 14, 'y': 'center', 'round_anchor_x': 'left', 'round_anchor_y': 'top', '_default_settings': ['type', 'text', 'style', 'font_size', 'y', 'round_anchor_x', 'round_anchor_y'], 'x': None, 'anchor_x': 'center', 'anchor_y': 'center', 'opacity': 1.0, 'z': 0, 'reset_animations_events': {}, 'color': [1.0, 1.0, 1.0, 1.0], 'adjust_top': 0, 'adjust_bottom': 0, 'adjust_left': 0, 'adjust_right': 0, 'expire': None, 'key': None, 'widget': None, 'events_when_added': [], 'events_when_removed': [], 'bitmap_font': False, 'font_kerning': True, 'bold': False, 'italic': False, 'number_grouping': False, 'min_digits': 0, 'halign': 'center', 'valign': 'middle', 'rotation': 0, 'scale': 1.0, 'casing': None, 'animations': None}], 'target': None, 'background_color': [0.0, 0.0, 0.0, 1.0], 'priority': None, 'show': True, 'force': False, 'expire': None, 'slide': None, 'tokens': {}, 'action': 'play'}}, 'context': 'show_19', 'calling_context': 0, 'priority': 1620, 'show_tokens': {}, 'start_time': 63231.734}
2023-01-15 18:45:28,416 : mpfmc : SlidePlayer: Play called with settings={'status_report_tilte': {'widgets': [{'type': 'text', 'text': 'STATUS REPORT', 'style': ['big'], 'font_size': 14, 'y': 'center', 'round_anchor_x': 'left', 'round_anchor_y': 'top', '_default_settings': ['type', 'text', 'style', 'font_size', 'y', 'round_anchor_x', 'round_anchor_y'], 'x': None, 'anchor_x': 'center', 'anchor_y': 'center', 'opacity': 1.0, 'z': 0, 'reset_animations_events': {}, 'color': [1.0, 1.0, 1.0, 1.0], 'adjust_top': 0, 'adjust_bottom': 0, 'adjust_left': 0, 'adjust_right': 0, 'expire': None, 'key': None, 'widget': None, 'events_when_added': [], 'events_when_removed': [], 'bitmap_font': False, 'font_kerning': True, 'bold': False, 'italic': False, 'number_grouping': False, 'min_digits': 0, 'halign': 'center', 'valign': 'middle', 'rotation': 0, 'scale': 1.0, 'casing': None, 'animations': None}], 'target': None, 'background_color': [0.0, 0.0, 0.0, 1.0], 'priority': None, 'show': True, 'force': False, 'expire': None, 'slide': None, 'tokens': {}, 'action': 'play'}}
2023-01-15 18:45:28,417 : EventManager : Event: ======'slide_status_report_tilte_removed'====== Args={}
2023-01-15 18:45:28,420 : EventManager : Event: ======'slide_status_report_tilte_created'====== Args={}
2023-01-15 18:45:28,422 : EventManager : Event: ======'slide_status_report_tilte_active'====== Args={}
2023-01-15 18:45:30,399 : EventManager : Event: ======'slides_play'====== Args={'settings': {'status_report_tilte1': {'widgets': [{'type': 'text', 'text': 'STATUS REPORT', 'style': ['big'], 'font_size': 11, 'y': 'center', 'round_anchor_x': 'left', 'round_anchor_y': 'top', '_default_settings': ['type', 'text', 'style', 'font_size', 'y', 'round_anchor_x', 'round_anchor_y'], 'x': None, 'anchor_x': 'center', 'anchor_y': 'center', 'opacity': 1.0, 'z': 0, 'reset_animations_events': {}, 'color': [1.0, 1.0, 1.0, 1.0], 'adjust_top': 0, 'adjust_bottom': 0, 'adjust_left': 0, 'adjust_right': 0, 'expire': None, 'key': None, 'widget': None, 'events_when_added': [], 'events_when_removed': [], 'bitmap_font': False, 'font_kerning': True, 'bold': False, 'italic': False, 'number_grouping': False, 'min_digits': 0, 'halign': 'center', 'valign': 'middle', 'rotation': 0, 'scale': 1.0, 'casing': None, 'animations': None}], 'target': None, 'background_color': [0.0, 0.0, 0.0, 1.0], 'priority': None, 'show': True, 'force': False, 'expire': None, 'slide': None, 'tokens': {}, 'action': 'play'}}, 'context': 'show_19', 'calling_context': 1, 'priority': 1620, 'show_tokens': {}, 'start_time': 63233.734}
2023-01-15 18:45:30,399 : mpfmc : SlidePlayer: Play called with settings={'status_report_tilte1': {'widgets': [{'type': 'text', 'text': 'STATUS REPORT', 'style': ['big'], 'font_size': 11, 'y': 'center', 'round_anchor_x': 'left', 'round_anchor_y': 'top', '_default_settings': ['type', 'text', 'style', 'font_size', 'y', 'round_anchor_x', 'round_anchor_y'], 'x': None, 'anchor_x': 'center', 'anchor_y': 'center', 'opacity': 1.0, 'z': 0, 'reset_animations_events': {}, 'color': [1.0, 1.0, 1.0, 1.0], 'adjust_top': 0, 'adjust_bottom': 0, 'adjust_left': 0, 'adjust_right': 0, 'expire': None, 'key': None, 'widget': None, 'events_when_added': [], 'events_when_removed': [], 'bitmap_font': False, 'font_kerning': True, 'bold': False, 'italic': False, 'number_grouping': False, 'min_digits': 0, 'halign': 'center', 'valign': 'middle', 'rotation': 0, 'scale': 1.0, 'casing': None, 'animations': None}], 'target': None, 'background_color': [0.0, 0.0, 0.0, 1.0], 'priority': None, 'show': True, 'force': False, 'expire': None, 'slide': None, 'tokens': {}, 'action': 'play'}}
2023-01-15 18:45:30,400 : EventManager : Event: ======'slide_status_report_tilte1_removed'====== Args={}
2023-01-15 18:45:30,402 : EventManager : Event: ======'slide_status_report_tilte1_created'====== Args={}
2023-01-15 18:45:30,405 : EventManager : Event: ======'slide_status_report_tilte1_active'====== Args={}
2023-01-15 18:45:32,414 : EventManager : Event: ======'slides_play'====== Args={'settings': {'status_report_tilte2': {'widgets': [{'type': 'text', 'text': 'STATUS REPORT', 'style': ['big'], 'font_size': 10, 'y': 'center', 'round_anchor_x': 'left', 'round_anchor_y': 'top', '_default_settings': ['type', 'text', 'style', 'font_size', 'y', 'round_anchor_x', 'round_anchor_y'], 'x': None, 'anchor_x': 'center', 'anchor_y': 'center', 'opacity': 1.0, 'z': 0, 'reset_animations_events': {}, 'color': [1.0, 1.0, 1.0, 1.0], 'adjust_top': 0, 'adjust_bottom': 0, 'adjust_left': 0, 'adjust_right': 0, 'expire': None, 'key': None, 'widget': None, 'events_when_added': [], 'events_when_removed': [], 'bitmap_font': False, 'font_kerning': True, 'bold': False, 'italic': False, 'number_grouping': False, 'min_digits': 0, 'halign': 'center', 'valign': 'middle', 'rotation': 0, 'scale': 1.0, 'casing': None, 'animations': None}], 'target': None, 'background_color': [0.0, 0.0, 0.0, 1.0], 'priority': None, 'show': True, 'force': False, 'expire': None, 'slide': None, 'tokens': {}, 'action': 'play'}}, 'context': 'show_19', 'calling_context': 2, 'priority': 1620, 'show_tokens': {}, 'start_time': 63235.734}
2023-01-15 18:45:32,415 : mpfmc : SlidePlayer: Play called with settings={'status_report_tilte2': {'widgets': [{'type': 'text', 'text': 'STATUS REPORT', 'style': ['big'], 'font_size': 10, 'y': 'center', 'round_anchor_x': 'left', 'round_anchor_y': 'top', '_default_settings': ['type', 'text', 'style', 'font_size', 'y', 'round_anchor_x', 'round_anchor_y'], 'x': None, 'anchor_x': 'center', 'anchor_y': 'center', 'opacity': 1.0, 'z': 0, 'reset_animations_events': {}, 'color': [1.0, 1.0, 1.0, 1.0], 'adjust_top': 0, 'adjust_bottom': 0, 'adjust_left': 0, 'adjust_right': 0, 'expire': None, 'key': None, 'widget': None, 'events_when_added': [], 'events_when_removed': [], 'bitmap_font': False, 'font_kerning': True, 'bold': False, 'italic': False, 'number_grouping': False, 'min_digits': 0, 'halign': 'center', 'valign': 'middle', 'rotation': 0, 'scale': 1.0, 'casing': None, 'animations': None}], 'target': None, 'background_color': [0.0, 0.0, 0.0, 1.0], 'priority': None, 'show': True, 'force': False, 'expire': None, 'slide': None, 'tokens': {}, 'action': 'play'}}
2023-01-15 18:45:32,416 : EventManager : Event: ======'slide_status_report_tilte2_removed'====== Args={}
2023-01-15 18:45:32,422 : EventManager : Event: ======'slide_status_report_tilte2_created'====== Args={}
2023-01-15 18:45:32,435 : EventManager : Event: ======'slide_status_report_tilte2_active'====== Args={}
2023-01-15 18:45:33,415 : EventManager : Event: ======'slides_play'====== Args={'settings': {'status_report_tilte': {'widgets': [{'type': 'text', 'text': 'STATUS REPORT', 'style': ['big'], 'font_size': 14, 'y': 'center', 'round_anchor_x': 'left', 'round_anchor_y': 'top', '_default_settings': ['type', 'text', 'style', 'font_size', 'y', 'round_anchor_x', 'round_anchor_y'], 'x': None, 'anchor_x': 'center', 'anchor_y': 'center', 'opacity': 1.0, 'z': 0, 'reset_animations_events': {}, 'color': [1.0, 1.0, 1.0, 1.0], 'adjust_top': 0, 'adjust_bottom': 0, 'adjust_left': 0, 'adjust_right': 0, 'expire': None, 'key': None, 'widget': None, 'events_when_added': [], 'events_when_removed': [], 'bitmap_font': False, 'font_kerning': True, 'bold': False, 'italic': False, 'number_grouping': False, 'min_digits': 0, 'halign': 'center', 'valign': 'middle', 'rotation': 0, 'scale': 1.0, 'casing': None, 'animations': None}], 'target': None, 'background_color': [0.0, 0.0, 0.0, 1.0], 'priority': None, 'show': True, 'force': False, 'expire': None, 'slide': None, 'tokens': {}, 'action': 'play'}}, 'context': 'show_19', 'calling_context': 0, 'priority': 1620, 'show_tokens': {}, 'start_time': 63236.734}
2023-01-15 18:45:33,415 : mpfmc : SlidePlayer: Play called with settings={'status_report_tilte': {'widgets': [{'type': 'text', 'text': 'STATUS REPORT', 'style': ['big'], 'font_size': 14, 'y': 'center', 'round_anchor_x': 'left', 'round_anchor_y': 'top', '_default_settings': ['type', 'text', 'style', 'font_size', 'y', 'round_anchor_x', 'round_anchor_y'], 'x': None, 'anchor_x': 'center', 'anchor_y': 'center', 'opacity': 1.0, 'z': 0, 'reset_animations_events': {}, 'color': [1.0, 1.0, 1.0, 1.0], 'adjust_top': 0, 'adjust_bottom': 0, 'adjust_left': 0, 'adjust_right': 0, 'expire': None, 'key': None, 'widget': None, 'events_when_added': [], 'events_when_removed': [], 'bitmap_font': False, 'font_kerning': True, 'bold': False, 'italic': False, 'number_grouping': False, 'min_digits': 0, 'halign': 'center', 'valign': 'middle', 'rotation': 0, 'scale': 1.0, 'casing': None, 'animations': None}], 'target': None, 'background_color': [0.0, 0.0, 0.0, 1.0], 'priority': None, 'show': True, 'force': False, 'expire': None, 'slide': None, 'tokens': {}, 'action': 'play'}}
2023-01-15 18:45:33,416 : EventManager : Event: ======'slide_status_report_tilte_removed'====== Args={}
2023-01-15 18:45:33,419 : EventManager : Event: ======'slide_status_report_tilte_created'====== Args={}
2023-01-15 18:45:33,421 : EventManager : Event: ======'slide_status_report_tilte_active'====== Args={}
2023-01-15 18:45:35,415 : EventManager : Event: ======'slides_play'====== Args={'settings': {'status_report_tilte1': {'widgets': [{'type': 'text', 'text': 'STATUS REPORT', 'style': ['big'], 'font_size': 11, 'y': 'center', 'round_anchor_x': 'left', 'round_anchor_y': 'top', '_default_settings': ['type', 'text', 'style', 'font_size', 'y', 'round_anchor_x', 'round_anchor_y'], 'x': None, 'anchor_x': 'center', 'anchor_y': 'center', 'opacity': 1.0, 'z': 0, 'reset_animations_events': {}, 'color': [1.0, 1.0, 1.0, 1.0], 'adjust_top': 0, 'adjust_bottom': 0, 'adjust_left': 0, 'adjust_right': 0, 'expire': None, 'key': None, 'widget': None, 'events_when_added': [], 'events_when_removed': [], 'bitmap_font': False, 'font_kerning': True, 'bold': False, 'italic': False, 'number_grouping': False, 'min_digits': 0, 'halign': 'center', 'valign': 'middle', 'rotation': 0, 'scale': 1.0, 'casing': None, 'animations': None}], 'target': None, 'background_color': [0.0, 0.0, 0.0, 1.0], 'priority': None, 'show': True, 'force': False, 'expire': None, 'slide': None, 'tokens': {}, 'action': 'play'}}, 'context': 'show_19', 'calling_context': 1, 'priority': 1620, 'show_tokens': {}, 'start_time': 63238.734}
2023-01-15 18:45:35,416 : mpfmc : SlidePlayer: Play called with settings={'status_report_tilte1': {'widgets': [{'type': 'text', 'text': 'STATUS REPORT', 'style': ['big'], 'font_size': 11, 'y': 'center', 'round_anchor_x': 'left', 'round_anchor_y': 'top', '_default_settings': ['type', 'text', 'style', 'font_size', 'y', 'round_anchor_x', 'round_anchor_y'], 'x': None, 'anchor_x': 'center', 'anchor_y': 'center', 'opacity': 1.0, 'z': 0, 'reset_animations_events': {}, 'color': [1.0, 1.0, 1.0, 1.0], 'adjust_top': 0, 'adjust_bottom': 0, 'adjust_left': 0, 'adjust_right': 0, 'expire': None, 'key': None, 'widget': None, 'events_when_added': [], 'events_when_removed': [], 'bitmap_font': False, 'font_kerning': True, 'bold': False, 'italic': False, 'number_grouping': False, 'min_digits': 0, 'halign': 'center', 'valign': 'middle', 'rotation': 0, 'scale': 1.0, 'casing': None, 'animations': None}], 'target': None, 'background_color': [0.0, 0.0, 0.0, 1.0], 'priority': None, 'show': True, 'force': False, 'expire': None, 'slide': None, 'tokens': {}, 'action': 'play'}}
2023-01-15 18:45:35,417 : EventManager : Event: ======'slide_status_report_tilte1_removed'====== Args={}
2023-01-15 18:45:35,419 : EventManager : Event: ======'slide_status_report_tilte1_created'====== Args={}
2023-01-15 18:45:35,421 : EventManager : Event: ======'slide_status_report_tilte1_active'====== Args={}
2023-01-15 18:45:35,500 : EventManager : Event: ======'machine_var_audits_switches_s_left_flipper'====== Args={'value': 1445, 'prev_value': 1444, 'change': 1}
2023-01-15 18:45:35,517 : EventManager : Event: ======'widgets_play'====== Args={'settings': {'skill_shot_select_widget_2': {'slide': 'prelaunch_slide', 'action': 'add', 'priority': 0, 'key': None, 'target': None}, 'skill_shot_select_widget_1': {'action': 'remove', 'priority': 0, 'slide': None, 'key': None, 'target': None}, 'skill_shot_select_widget_3': {'action': 'remove', 'priority': 0, 'slide': None, 'key': None, 'target': None}, 'skill_shot_select_widget_4': {'action': 'remove', 'priority': 0, 'slide': None, 'key': None, 'target': None}, 'skill_shot_select_widget_5': {'action': 'remove', 'priority': 0, 'slide': None, 'key': None, 'target': None}}, 'context': 'skill_shot', 'calling_context': 'skillshot_2_selected', 'priority': 150, 'restore': False, 'state': 'enabled', 'selected': True}
2023-01-15 18:45:35,517 : EventManager : Unordered handler for class McConfigPlayer.widgets on event slide_prelaunch_slide_created with priority 0. Handlers: [RegisteredHandler(callback=<bound method McWidgetPlayer._add_widget_to_slide_when_active of McConfigPlayer.widgets>, priority=0, kwargs={'slide_name': 'prelaunch_slide', 'widget': 'skillshot_up_selected_player_1_widget', 's': {'slide': 'prelaunch_slide', 'key': 'skill_shot-skillshot_up_selected_player_1_widget', 'target': None}, 'play_kwargs': {}}, key=UUID('cfffe2dd-6982-4dc4-a9c6-c9cbda457aaf'), condition=None, blocking_facility=None), RegisteredHandler(callback=<bound method McWidgetPlayer._add_widget_to_slide_when_active of McConfigPlayer.widgets>, priority=0, kwargs={'slide_name': 'prelaunch_slide', 'widget': 'skillshot_up_player_2_widget', 's': {'slide': 'prelaunch_slide', 'key': 'skill_shot-skillshot_up_player_2_widget', 'target': None}, 'play_kwargs': {}}, key=UUID('270c161f-105a-4dcd-a9c9-0b7618ea8f7b'), condition=None, blocking_facility=None), RegisteredHandler(callback=<bound method McWidgetPlayer._add_widget_to_slide_when_active of McConfigPlayer.widgets>, priority=0, kwargs={'slide_name': 'prelaunch_slide', 'widget': 'skillshot_up_player_3_widget', 's': {'slide': 'prelaunch_slide', 'key': 'skill_shot-skillshot_up_player_3_widget', 'target': None}, 'play_kwargs': {}}, key=UUID('e86a9394-c55e-4ab5-9d9d-a96187873e0c'), condition=None, blocking_facility=None), RegisteredHandler(callback=<bound method McWidgetPlayer._add_widget_to_slide_when_active of McConfigPlayer.widgets>, priority=0, kwargs={'slide_name': 'prelaunch_slide', 'widget': 'skillshot_up_player_4_widget', 's': {'slide': 'prelaunch_slide', 'key': 'skill_shot-skillshot_up_player_4_widget', 'target': None}, 'play_kwargs': {}}, key=UUID('8671c68d-e8df-45ad-85b1-fd3894931681'), condition=None, blocking_facility=None), RegisteredHandler(callback=<bound method McWidgetPlayer._add_widget_to_slide_when_active of McConfigPlayer.widgets>, priority=0, kwargs={'slide_name': 'prelaunch_slide', 'widget': 'skill_shot_select_widget_1', 's': {'slide': 'prelaunch_slide', 'key': 'skill_shot-skill_shot_select_widget_1', 'target': None}, 'play_kwargs': {'restore': False, 'state': 'enabled', 'selected': True}}, key=UUID('93637afb-3536-4797-9c58-a0c2590eedc5'), condition=None, blocking_facility=None), RegisteredHandler(callback=<bound method McWidgetPlayer._add_widget_to_slide_when_active of McConfigPlayer.widgets>, priority=0, kwargs={'slide_name': 'prelaunch_slide', 'widget': 'skill_shot_select_widget_2', 's': {'slide': 'prelaunch_slide', 'key': 'skill_shot-skill_shot_select_widget_2', 'target': None}, 'play_kwargs': {'restore': False, 'state': 'enabled', 'selected': True}}, key=UUID('341a227e-6082-472a-ad52-d520dc1e33d6'), condition=None, blocking_facility=None)]. The order of those handlers is not defined and they will be executed in random order. This might lead to race conditions and potential bugs.
2023-01-15 18:45:35,517 : EventManager : Unordered handler for class McConfigPlayer.widgets on event slide_prelaunch_slide_created with priority 0. Handlers: [RegisteredHandler(callback=<bound method McWidgetPlayer._add_widget_to_slide_when_active of McConfigPlayer.widgets>, priority=0, kwargs={'slide_name': 'prelaunch_slide', 'widget': 'skillshot_up_selected_player_1_widget', 's': {'slide': 'prelaunch_slide', 'key': 'skill_shot-skillshot_up_selected_player_1_widget', 'target': None}, 'play_kwargs': {}}, key=UUID('cfffe2dd-6982-4dc4-a9c6-c9cbda457aaf'), condition=None, blocking_facility=None), RegisteredHandler(callback=<bound method McWidgetPlayer._add_widget_to_slide_when_active of McConfigPlayer.widgets>, priority=0, kwargs={'slide_name': 'prelaunch_slide', 'widget': 'skillshot_up_player_2_widget', 's': {'slide': 'prelaunch_slide', 'key': 'skill_shot-skillshot_up_player_2_widget', 'target': None}, 'play_kwargs': {}}, key=UUID('270c161f-105a-4dcd-a9c9-0b7618ea8f7b'), condition=None, blocking_facility=None), RegisteredHandler(callback=<bound method McWidgetPlayer._add_widget_to_slide_when_active of McConfigPlayer.widgets>, priority=0, kwargs={'slide_name': 'prelaunch_slide', 'widget': 'skillshot_up_player_3_widget', 's': {'slide': 'prelaunch_slide', 'key': 'skill_shot-skillshot_up_player_3_widget', 'target': None}, 'play_kwargs': {}}, key=UUID('e86a9394-c55e-4ab5-9d9d-a96187873e0c'), condition=None, blocking_facility=None), RegisteredHandler(callback=<bound method McWidgetPlayer._add_widget_to_slide_when_active of McConfigPlayer.widgets>, priority=0, kwargs={'slide_name': 'prelaunch_slide', 'widget': 'skillshot_up_player_4_widget', 's': {'slide': 'prelaunch_slide', 'key': 'skill_shot-skillshot_up_player_4_widget', 'target': None}, 'play_kwargs': {}}, key=UUID('8671c68d-e8df-45ad-85b1-fd3894931681'), condition=None, blocking_facility=None), RegisteredHandler(callback=<bound method McWidgetPlayer._add_widget_to_slide_when_active of McConfigPlayer.widgets>, priority=0, kwargs={'slide_name': 'prelaunch_slide', 'widget': 'skill_shot_select_widget_1', 's': {'slide': 'prelaunch_slide', 'key': 'skill_shot-skill_shot_select_widget_1', 'target': None}, 'play_kwargs': {'restore': False, 'state': 'enabled', 'selected': True}}, key=UUID('93637afb-3536-4797-9c58-a0c2590eedc5'), condition=None, blocking_facility=None), RegisteredHandler(callback=<bound method McWidgetPlayer._add_widget_to_slide_when_active of McConfigPlayer.widgets>, priority=0, kwargs={'slide_name': 'prelaunch_slide', 'widget': 'skill_shot_select_widget_2', 's': {'slide': 'prelaunch_slide', 'key': 'skill_shot-skill_shot_select_widget_2', 'target': None}, 'play_kwargs': {'restore': False, 'state': 'enabled', 'selected': True}}, key=UUID('341a227e-6082-472a-ad52-d520dc1e33d6'), condition=None, blocking_facility=None)]. The order of those handlers is not defined and they will be executed in random order. This might lead to race conditions and potential bugs.
2023-01-15 18:45:35,518 : EventManager : Unordered handler for class McConfigPlayer.widgets on event slide_prelaunch_slide_created with priority 0. Handlers: [RegisteredHandler(callback=<bound method McWidgetPlayer._add_widget_to_slide_when_active of McConfigPlayer.widgets>, priority=0, kwargs={'slide_name': 'prelaunch_slide', 'widget': 'skillshot_up_selected_player_1_widget', 's': {'slide': 'prelaunch_slide', 'key': 'skill_shot-skillshot_up_selected_player_1_widget', 'target': None}, 'play_kwargs': {}}, key=UUID('cfffe2dd-6982-4dc4-a9c6-c9cbda457aaf'), condition=None, blocking_facility=None), RegisteredHandler(callback=<bound method McWidgetPlayer._add_widget_to_slide_when_active of McConfigPlayer.widgets>, priority=0, kwargs={'slide_name': 'prelaunch_slide', 'widget': 'skillshot_up_player_2_widget', 's': {'slide': 'prelaunch_slide', 'key': 'skill_shot-skillshot_up_player_2_widget', 'target': None}, 'play_kwargs': {}}, key=UUID('270c161f-105a-4dcd-a9c9-0b7618ea8f7b'), condition=None, blocking_facility=None), RegisteredHandler(callback=<bound method McWidgetPlayer._add_widget_to_slide_when_active of McConfigPlayer.widgets>, priority=0, kwargs={'slide_name': 'prelaunch_slide', 'widget': 'skillshot_up_player_3_widget', 's': {'slide': 'prelaunch_slide', 'key': 'skill_shot-skillshot_up_player_3_widget', 'target': None}, 'play_kwargs': {}}, key=UUID('e86a9394-c55e-4ab5-9d9d-a96187873e0c'), condition=None, blocking_facility=None), RegisteredHandler(callback=<bound method McWidgetPlayer._add_widget_to_slide_when_active of McConfigPlayer.widgets>, priority=0, kwargs={'slide_name': 'prelaunch_slide', 'widget': 'skillshot_up_player_4_widget', 's': {'slide': 'prelaunch_slide', 'key': 'skill_shot-skillshot_up_player_4_widget', 'target': None}, 'play_kwargs': {}}, key=UUID('8671c68d-e8df-45ad-85b1-fd3894931681'), condition=None, blocking_facility=None), RegisteredHandler(callback=<bound method McWidgetPlayer._add_widget_to_slide_when_active of McConfigPlayer.widgets>, priority=0, kwargs={'slide_name': 'prelaunch_slide', 'widget': 'skill_shot_select_widget_1', 's': {'slide': 'prelaunch_slide', 'key': 'skill_shot-skill_shot_select_widget_1', 'target': None}, 'play_kwargs': {'restore': False, 'state': 'enabled', 'selected': True}}, key=UUID('93637afb-3536-4797-9c58-a0c2590eedc5'), condition=None, blocking_facility=None), RegisteredHandler(callback=<bound method McWidgetPlayer._add_widget_to_slide_when_active of McConfigPlayer.widgets>, priority=0, kwargs={'slide_name': 'prelaunch_slide', 'widget': 'skill_shot_select_widget_2', 's': {'slide': 'prelaunch_slide', 'key': 'skill_shot-skill_shot_select_widget_2', 'target': None}, 'play_kwargs': {'restore': False, 'state': 'enabled', 'selected': True}}, key=UUID('341a227e-6082-472a-ad52-d520dc1e33d6'), condition=None, blocking_facility=None)]. The order of those handlers is not defined and they will be executed in random order. This might lead to race conditions and potential bugs.
2023-01-15 18:45:35,518 : EventManager : Unordered handler for class McConfigPlayer.widgets on event slide_prelaunch_slide_created with priority 0. Handlers: [RegisteredHandler(callback=<bound method McWidgetPlayer._add_widget_to_slide_when_active of McConfigPlayer.widgets>, priority=0, kwargs={'slide_name': 'prelaunch_slide', 'widget': 'skillshot_up_selected_player_1_widget', 's': {'slide': 'prelaunch_slide', 'key': 'skill_shot-skillshot_up_selected_player_1_widget', 'target': None}, 'play_kwargs': {}}, key=UUID('cfffe2dd-6982-4dc4-a9c6-c9cbda457aaf'), condition=None, blocking_facility=None), RegisteredHandler(callback=<bound method McWidgetPlayer._add_widget_to_slide_when_active of McConfigPlayer.widgets>, priority=0, kwargs={'slide_name': 'prelaunch_slide', 'widget': 'skillshot_up_player_2_widget', 's': {'slide': 'prelaunch_slide', 'key': 'skill_shot-skillshot_up_player_2_widget', 'target': None}, 'play_kwargs': {}}, key=UUID('270c161f-105a-4dcd-a9c9-0b7618ea8f7b'), condition=None, blocking_facility=None), RegisteredHandler(callback=<bound method McWidgetPlayer._add_widget_to_slide_when_active of McConfigPlayer.widgets>, priority=0, kwargs={'slide_name': 'prelaunch_slide', 'widget': 'skillshot_up_player_3_widget', 's': {'slide': 'prelaunch_slide', 'key': 'skill_shot-skillshot_up_player_3_widget', 'target': None}, 'play_kwargs': {}}, key=UUID('e86a9394-c55e-4ab5-9d9d-a96187873e0c'), condition=None, blocking_facility=None), RegisteredHandler(callback=<bound method McWidgetPlayer._add_widget_to_slide_when_active of McConfigPlayer.widgets>, priority=0, kwargs={'slide_name': 'prelaunch_slide', 'widget': 'skillshot_up_player_4_widget', 's': {'slide': 'prelaunch_slide', 'key': 'skill_shot-skillshot_up_player_4_widget', 'target': None}, 'play_kwargs': {}}, key=UUID('8671c68d-e8df-45ad-85b1-fd3894931681'), condition=None, blocking_facility=None), RegisteredHandler(callback=<bound method McWidgetPlayer._add_widget_to_slide_when_active of McConfigPlayer.widgets>, priority=0, kwargs={'slide_name': 'prelaunch_slide', 'widget': 'skill_shot_select_widget_1', 's': {'slide': 'prelaunch_slide', 'key': 'skill_shot-skill_shot_select_widget_1', 'target': None}, 'play_kwargs': {'restore': False, 'state': 'enabled', 'selected': True}}, key=UUID('93637afb-3536-4797-9c58-a0c2590eedc5'), condition=None, blocking_facility=None), RegisteredHandler(callback=<bound method McWidgetPlayer._add_widget_to_slide_when_active of McConfigPlayer.widgets>, priority=0, kwargs={'slide_name': 'prelaunch_slide', 'widget': 'skill_shot_select_widget_2', 's': {'slide': 'prelaunch_slide', 'key': 'skill_shot-skill_shot_select_widget_2', 'target': None}, 'play_kwargs': {'restore': False, 'state': 'enabled', 'selected': True}}, key=UUID('341a227e-6082-472a-ad52-d520dc1e33d6'), condition=None, blocking_facility=None)]. The order of those handlers is not defined and they will be executed in random order. This might lead to race conditions and potential bugs.
2023-01-15 18:45:35,518 : EventManager : Unordered handler for class McConfigPlayer.widgets on event slide_prelaunch_slide_created with priority 0. Handlers: [RegisteredHandler(callback=<bound method McWidgetPlayer._add_widget_to_slide_when_active of McConfigPlayer.widgets>, priority=0, kwargs={'slide_name': 'prelaunch_slide', 'widget': 'skillshot_up_selected_player_1_widget', 's': {'slide': 'prelaunch_slide', 'key': 'skill_shot-skillshot_up_selected_player_1_widget', 'target': None}, 'play_kwargs': {}}, key=UUID('cfffe2dd-6982-4dc4-a9c6-c9cbda457aaf'), condition=None, blocking_facility=None), RegisteredHandler(callback=<bound method McWidgetPlayer._add_widget_to_slide_when_active of McConfigPlayer.widgets>, priority=0, kwargs={'slide_name': 'prelaunch_slide', 'widget': 'skillshot_up_player_2_widget', 's': {'slide': 'prelaunch_slide', 'key': 'skill_shot-skillshot_up_player_2_widget', 'target': None}, 'play_kwargs': {}}, key=UUID('270c161f-105a-4dcd-a9c9-0b7618ea8f7b'), condition=None, blocking_facility=None), RegisteredHandler(callback=<bound method McWidgetPlayer._add_widget_to_slide_when_active of McConfigPlayer.widgets>, priority=0, kwargs={'slide_name': 'prelaunch_slide', 'widget': 'skillshot_up_player_3_widget', 's': {'slide': 'prelaunch_slide', 'key': 'skill_shot-skillshot_up_player_3_widget', 'target': None}, 'play_kwargs': {}}, key=UUID('e86a9394-c55e-4ab5-9d9d-a96187873e0c'), condition=None, blocking_facility=None), RegisteredHandler(callback=<bound method McWidgetPlayer._add_widget_to_slide_when_active of McConfigPlayer.widgets>, priority=0, kwargs={'slide_name': 'prelaunch_slide', 'widget': 'skillshot_up_player_4_widget', 's': {'slide': 'prelaunch_slide', 'key': 'skill_shot-skillshot_up_player_4_widget', 'target': None}, 'play_kwargs': {}}, key=UUID('8671c68d-e8df-45ad-85b1-fd3894931681'), condition=None, blocking_facility=None), RegisteredHandler(callback=<bound method McWidgetPlayer._add_widget_to_slide_when_active of McConfigPlayer.widgets>, priority=0, kwargs={'slide_name': 'prelaunch_slide', 'widget': 'skill_shot_select_widget_1', 's': {'slide': 'prelaunch_slide', 'key': 'skill_shot-skill_shot_select_widget_1', 'target': None}, 'play_kwargs': {'restore': False, 'state': 'enabled', 'selected': True}}, key=UUID('93637afb-3536-4797-9c58-a0c2590eedc5'), condition=None, blocking_facility=None), RegisteredHandler(callback=<bound method McWidgetPlayer._add_widget_to_slide_when_active of McConfigPlayer.widgets>, priority=0, kwargs={'slide_name': 'prelaunch_slide', 'widget': 'skill_shot_select_widget_2', 's': {'slide': 'prelaunch_slide', 'key': 'skill_shot-skill_shot_select_widget_2', 'target': None}, 'play_kwargs': {'restore': False, 'state': 'enabled', 'selected': True}}, key=UUID('341a227e-6082-472a-ad52-d520dc1e33d6'), condition=None, blocking_facility=None)]. The order of those handlers is not defined and they will be executed in random order. This might lead to race conditions and potential bugs.
2023-01-15 18:45:36,332 : EventManager : Event: ======'machine_var_audits_switches_s_left_flipper'====== Args={'value': 1446, 'prev_value': 1445, 'change': 1}
2023-01-15 18:45:36,333 : EventManager : Event: ======'widgets_play'====== Args={'settings': {'skill_shot_select_widget_3': {'slide': 'prelaunch_slide', 'action': 'add', 'priority': 0, 'key': None, 'target': None}, 'skill_shot_select_widget_1': {'action': 'remove', 'priority': 0, 'slide': None, 'key': None, 'target': None}, 'skill_shot_select_widget_2': {'action': 'remove', 'priority': 0, 'slide': None, 'key': None, 'target': None}, 'skill_shot_select_widget_4': {'action': 'remove', 'priority': 0, 'slide': None, 'key': None, 'target': None}, 'skill_shot_select_widget_5': {'action': 'remove', 'priority': 0, 'slide': None, 'key': None, 'target': None}}, 'context': 'skill_shot', 'calling_context': 'skillshot_3_selected', 'priority': 150, 'restore': False, 'state': 'enabled', 'selected': True}
2023-01-15 18:45:36,333 : EventManager : Unordered handler for class McConfigPlayer.widgets on event slide_prelaunch_slide_created with priority 0. Handlers: [RegisteredHandler(callback=<bound method McWidgetPlayer._add_widget_to_slide_when_active of McConfigPlayer.widgets>, priority=0, kwargs={'slide_name': 'prelaunch_slide', 'widget': 'skillshot_up_selected_player_1_widget', 's': {'slide': 'prelaunch_slide', 'key': 'skill_shot-skillshot_up_selected_player_1_widget', 'target': None}, 'play_kwargs': {}}, key=UUID('cfffe2dd-6982-4dc4-a9c6-c9cbda457aaf'), condition=None, blocking_facility=None), RegisteredHandler(callback=<bound method McWidgetPlayer._add_widget_to_slide_when_active of McConfigPlayer.widgets>, priority=0, kwargs={'slide_name': 'prelaunch_slide', 'widget': 'skillshot_up_player_2_widget', 's': {'slide': 'prelaunch_slide', 'key': 'skill_shot-skillshot_up_player_2_widget', 'target': None}, 'play_kwargs': {}}, key=UUID('270c161f-105a-4dcd-a9c9-0b7618ea8f7b'), condition=None, blocking_facility=None), RegisteredHandler(callback=<bound method McWidgetPlayer._add_widget_to_slide_when_active of McConfigPlayer.widgets>, priority=0, kwargs={'slide_name': 'prelaunch_slide', 'widget': 'skillshot_up_player_3_widget', 's': {'slide': 'prelaunch_slide', 'key': 'skill_shot-skillshot_up_player_3_widget', 'target': None}, 'play_kwargs': {}}, key=UUID('e86a9394-c55e-4ab5-9d9d-a96187873e0c'), condition=None, blocking_facility=None), RegisteredHandler(callback=<bound method McWidgetPlayer._add_widget_to_slide_when_active of McConfigPlayer.widgets>, priority=0, kwargs={'slide_name': 'prelaunch_slide', 'widget': 'skillshot_up_player_4_widget', 's': {'slide': 'prelaunch_slide', 'key': 'skill_shot-skillshot_up_player_4_widget', 'target': None}, 'play_kwargs': {}}, key=UUID('8671c68d-e8df-45ad-85b1-fd3894931681'), condition=None, blocking_facility=None), RegisteredHandler(callback=<bound method McWidgetPlayer._add_widget_to_slide_when_active of McConfigPlayer.widgets>, priority=0, kwargs={'slide_name': 'prelaunch_slide', 'widget': 'skill_shot_select_widget_2', 's': {'slide': 'prelaunch_slide', 'key': 'skill_shot-skill_shot_select_widget_2', 'target': None}, 'play_kwargs': {'restore': False, 'state': 'enabled', 'selected': True}}, key=UUID('341a227e-6082-472a-ad52-d520dc1e33d6'), condition=None, blocking_facility=None), RegisteredHandler(callback=<bound method McWidgetPlayer._add_widget_to_slide_when_active of McConfigPlayer.widgets>, priority=0, kwargs={'slide_name': 'prelaunch_slide', 'widget': 'skill_shot_select_widget_3', 's': {'slide': 'prelaunch_slide', 'key': 'skill_shot-skill_shot_select_widget_3', 'target': None}, 'play_kwargs': {'restore': False, 'state': 'enabled', 'selected': True}}, key=UUID('8fed7e41-139b-4e94-b5be-975d13bbaade'), condition=None, blocking_facility=None)]. The order of those handlers is not defined and they will be executed in random order. This might lead to race conditions and potential bugs.
2023-01-15 18:45:36,333 : EventManager : Unordered handler for class McConfigPlayer.widgets on event slide_prelaunch_slide_created with priority 0. Handlers: [RegisteredHandler(callback=<bound method McWidgetPlayer._add_widget_to_slide_when_active of McConfigPlayer.widgets>, priority=0, kwargs={'slide_name': 'prelaunch_slide', 'widget': 'skillshot_up_selected_player_1_widget', 's': {'slide': 'prelaunch_slide', 'key': 'skill_shot-skillshot_up_selected_player_1_widget', 'target': None}, 'play_kwargs': {}}, key=UUID('cfffe2dd-6982-4dc4-a9c6-c9cbda457aaf'), condition=None, blocking_facility=None), RegisteredHandler(callback=<bound method McWidgetPlayer._add_widget_to_slide_when_active of McConfigPlayer.widgets>, priority=0, kwargs={'slide_name': 'prelaunch_slide', 'widget': 'skillshot_up_player_2_widget', 's': {'slide': 'prelaunch_slide', 'key': 'skill_shot-skillshot_up_player_2_widget', 'target': None}, 'play_kwargs': {}}, key=UUID('270c161f-105a-4dcd-a9c9-0b7618ea8f7b'), condition=None, blocking_facility=None), RegisteredHandler(callback=<bound method McWidgetPlayer._add_widget_to_slide_when_active of McConfigPlayer.widgets>, priority=0, kwargs={'slide_name': 'prelaunch_slide', 'widget': 'skillshot_up_player_3_widget', 's': {'slide': 'prelaunch_slide', 'key': 'skill_shot-skillshot_up_player_3_widget', 'target': None}, 'play_kwargs': {}}, key=UUID('e86a9394-c55e-4ab5-9d9d-a96187873e0c'), condition=None, blocking_facility=None), RegisteredHandler(callback=<bound method McWidgetPlayer._add_widget_to_slide_when_active of McConfigPlayer.widgets>, priority=0, kwargs={'slide_name': 'prelaunch_slide', 'widget': 'skillshot_up_player_4_widget', 's': {'slide': 'prelaunch_slide', 'key': 'skill_shot-skillshot_up_player_4_widget', 'target': None}, 'play_kwargs': {}}, key=UUID('8671c68d-e8df-45ad-85b1-fd3894931681'), condition=None, blocking_facility=None), RegisteredHandler(callback=<bound method McWidgetPlayer._add_widget_to_slide_when_active of McConfigPlayer.widgets>, priority=0, kwargs={'slide_name': 'prelaunch_slide', 'widget': 'skill_shot_select_widget_2', 's': {'slide': 'prelaunch_slide', 'key': 'skill_shot-skill_shot_select_widget_2', 'target': None}, 'play_kwargs': {'restore': False, 'state': 'enabled', 'selected': True}}, key=UUID('341a227e-6082-472a-ad52-d520dc1e33d6'), condition=None, blocking_facility=None), RegisteredHandler(callback=<bound method McWidgetPlayer._add_widget_to_slide_when_active of McConfigPlayer.widgets>, priority=0, kwargs={'slide_name': 'prelaunch_slide', 'widget': 'skill_shot_select_widget_3', 's': {'slide': 'prelaunch_slide', 'key': 'skill_shot-skill_shot_select_widget_3', 'target': None}, 'play_kwargs': {'restore': False, 'state': 'enabled', 'selected': True}}, key=UUID('8fed7e41-139b-4e94-b5be-975d13bbaade'), condition=None, blocking_facility=None)]. The order of those handlers is not defined and they will be executed in random order. This might lead to race conditions and potential bugs.
2023-01-15 18:45:36,333 : EventManager : Unordered handler for class McConfigPlayer.widgets on event slide_prelaunch_slide_created with priority 0. Handlers: [RegisteredHandler(callback=<bound method McWidgetPlayer._add_widget_to_slide_when_active of McConfigPlayer.widgets>, priority=0, kwargs={'slide_name': 'prelaunch_slide', 'widget': 'skillshot_up_selected_player_1_widget', 's': {'slide': 'prelaunch_slide', 'key': 'skill_shot-skillshot_up_selected_player_1_widget', 'target': None}, 'play_kwargs': {}}, key=UUID('cfffe2dd-6982-4dc4-a9c6-c9cbda457aaf'), condition=None, blocking_facility=None), RegisteredHandler(callback=<bound method McWidgetPlayer._add_widget_to_slide_when_active of McConfigPlayer.widgets>, priority=0, kwargs={'slide_name': 'prelaunch_slide', 'widget': 'skillshot_up_player_2_widget', 's': {'slide': 'prelaunch_slide', 'key': 'skill_shot-skillshot_up_player_2_widget', 'target': None}, 'play_kwargs': {}}, key=UUID('270c161f-105a-4dcd-a9c9-0b7618ea8f7b'), condition=None, blocking_facility=None), RegisteredHandler(callback=<bound method McWidgetPlayer._add_widget_to_slide_when_active of McConfigPlayer.widgets>, priority=0, kwargs={'slide_name': 'prelaunch_slide', 'widget': 'skillshot_up_player_3_widget', 's': {'slide': 'prelaunch_slide', 'key': 'skill_shot-skillshot_up_player_3_widget', 'target': None}, 'play_kwargs': {}}, key=UUID('e86a9394-c55e-4ab5-9d9d-a96187873e0c'), condition=None, blocking_facility=None), RegisteredHandler(callback=<bound method McWidgetPlayer._add_widget_to_slide_when_active of McConfigPlayer.widgets>, priority=0, kwargs={'slide_name': 'prelaunch_slide', 'widget': 'skillshot_up_player_4_widget', 's': {'slide': 'prelaunch_slide', 'key': 'skill_shot-skillshot_up_player_4_widget', 'target': None}, 'play_kwargs': {}}, key=UUID('8671c68d-e8df-45ad-85b1-fd3894931681'), condition=None, blocking_facility=None), RegisteredHandler(callback=<bound method McWidgetPlayer._add_widget_to_slide_when_active of McConfigPlayer.widgets>, priority=0, kwargs={'slide_name': 'prelaunch_slide', 'widget': 'skill_shot_select_widget_2', 's': {'slide': 'prelaunch_slide', 'key': 'skill_shot-skill_shot_select_widget_2', 'target': None}, 'play_kwargs': {'restore': False, 'state': 'enabled', 'selected': True}}, key=UUID('341a227e-6082-472a-ad52-d520dc1e33d6'), condition=None, blocking_facility=None), RegisteredHandler(callback=<bound method McWidgetPlayer._add_widget_to_slide_when_active of McConfigPlayer.widgets>, priority=0, kwargs={'slide_name': 'prelaunch_slide', 'widget': 'skill_shot_select_widget_3', 's': {'slide': 'prelaunch_slide', 'key': 'skill_shot-skill_shot_select_widget_3', 'target': None}, 'play_kwargs': {'restore': False, 'state': 'enabled', 'selected': True}}, key=UUID('8fed7e41-139b-4e94-b5be-975d13bbaade'), condition=None, blocking_facility=None)]. The order of those handlers is not defined and they will be executed in random order. This might lead to race conditions and potential bugs.
2023-01-15 18:45:36,334 : EventManager : Unordered handler for class McConfigPlayer.widgets on event slide_prelaunch_slide_created with priority 0. Handlers: [RegisteredHandler(callback=<bound method McWidgetPlayer._add_widget_to_slide_when_active of McConfigPlayer.widgets>, priority=0, kwargs={'slide_name': 'prelaunch_slide', 'widget': 'skillshot_up_selected_player_1_widget', 's': {'slide': 'prelaunch_slide', 'key': 'skill_shot-skillshot_up_selected_player_1_widget', 'target': None}, 'play_kwargs': {}}, key=UUID('cfffe2dd-6982-4dc4-a9c6-c9cbda457aaf'), condition=None, blocking_facility=None), RegisteredHandler(callback=<bound method McWidgetPlayer._add_widget_to_slide_when_active of McConfigPlayer.widgets>, priority=0, kwargs={'slide_name': 'prelaunch_slide', 'widget': 'skillshot_up_player_2_widget', 's': {'slide': 'prelaunch_slide', 'key': 'skill_shot-skillshot_up_player_2_widget', 'target': None}, 'play_kwargs': {}}, key=UUID('270c161f-105a-4dcd-a9c9-0b7618ea8f7b'), condition=None, blocking_facility=None), RegisteredHandler(callback=<bound method McWidgetPlayer._add_widget_to_slide_when_active of McConfigPlayer.widgets>, priority=0, kwargs={'slide_name': 'prelaunch_slide', 'widget': 'skillshot_up_player_3_widget', 's': {'slide': 'prelaunch_slide', 'key': 'skill_shot-skillshot_up_player_3_widget', 'target': None}, 'play_kwargs': {}}, key=UUID('e86a9394-c55e-4ab5-9d9d-a96187873e0c'), condition=None, blocking_facility=None), RegisteredHandler(callback=<bound method McWidgetPlayer._add_widget_to_slide_when_active of McConfigPlayer.widgets>, priority=0, kwargs={'slide_name': 'prelaunch_slide', 'widget': 'skillshot_up_player_4_widget', 's': {'slide': 'prelaunch_slide', 'key': 'skill_shot-skillshot_up_player_4_widget', 'target': None}, 'play_kwargs': {}}, key=UUID('8671c68d-e8df-45ad-85b1-fd3894931681'), condition=None, blocking_facility=None), RegisteredHandler(callback=<bound method McWidgetPlayer._add_widget_to_slide_when_active of McConfigPlayer.widgets>, priority=0, kwargs={'slide_name': 'prelaunch_slide', 'widget': 'skill_shot_select_widget_2', 's': {'slide': 'prelaunch_slide', 'key': 'skill_shot-skill_shot_select_widget_2', 'target': None}, 'play_kwargs': {'restore': False, 'state': 'enabled', 'selected': True}}, key=UUID('341a227e-6082-472a-ad52-d520dc1e33d6'), condition=None, blocking_facility=None), RegisteredHandler(callback=<bound method McWidgetPlayer._add_widget_to_slide_when_active of McConfigPlayer.widgets>, priority=0, kwargs={'slide_name': 'prelaunch_slide', 'widget': 'skill_shot_select_widget_3', 's': {'slide': 'prelaunch_slide', 'key': 'skill_shot-skill_shot_select_widget_3', 'target': None}, 'play_kwargs': {'restore': False, 'state': 'enabled', 'selected': True}}, key=UUID('8fed7e41-139b-4e94-b5be-975d13bbaade'), condition=None, blocking_facility=None)]. The order of those handlers is not defined and they will be executed in random order. This might lead to race conditions and potential bugs.
2023-01-15 18:45:36,334 : EventManager : Unordered handler for class McConfigPlayer.widgets on event slide_prelaunch_slide_created with priority 0. Handlers: [RegisteredHandler(callback=<bound method McWidgetPlayer._add_widget_to_slide_when_active of McConfigPlayer.widgets>, priority=0, kwargs={'slide_name': 'prelaunch_slide', 'widget': 'skillshot_up_selected_player_1_widget', 's': {'slide': 'prelaunch_slide', 'key': 'skill_shot-skillshot_up_selected_player_1_widget', 'target': None}, 'play_kwargs': {}}, key=UUID('cfffe2dd-6982-4dc4-a9c6-c9cbda457aaf'), condition=None, blocking_facility=None), RegisteredHandler(callback=<bound method McWidgetPlayer._add_widget_to_slide_when_active of McConfigPlayer.widgets>, priority=0, kwargs={'slide_name': 'prelaunch_slide', 'widget': 'skillshot_up_player_2_widget', 's': {'slide': 'prelaunch_slide', 'key': 'skill_shot-skillshot_up_player_2_widget', 'target': None}, 'play_kwargs': {}}, key=UUID('270c161f-105a-4dcd-a9c9-0b7618ea8f7b'), condition=None, blocking_facility=None), RegisteredHandler(callback=<bound method McWidgetPlayer._add_widget_to_slide_when_active of McConfigPlayer.widgets>, priority=0, kwargs={'slide_name': 'prelaunch_slide', 'widget': 'skillshot_up_player_3_widget', 's': {'slide': 'prelaunch_slide', 'key': 'skill_shot-skillshot_up_player_3_widget', 'target': None}, 'play_kwargs': {}}, key=UUID('e86a9394-c55e-4ab5-9d9d-a96187873e0c'), condition=None, blocking_facility=None), RegisteredHandler(callback=<bound method McWidgetPlayer._add_widget_to_slide_when_active of McConfigPlayer.widgets>, priority=0, kwargs={'slide_name': 'prelaunch_slide', 'widget': 'skillshot_up_player_4_widget', 's': {'slide': 'prelaunch_slide', 'key': 'skill_shot-skillshot_up_player_4_widget', 'target': None}, 'play_kwargs': {}}, key=UUID('8671c68d-e8df-45ad-85b1-fd3894931681'), condition=None, blocking_facility=None), RegisteredHandler(callback=<bound method McWidgetPlayer._add_widget_to_slide_when_active of McConfigPlayer.widgets>, priority=0, kwargs={'slide_name': 'prelaunch_slide', 'widget': 'skill_shot_select_widget_2', 's': {'slide': 'prelaunch_slide', 'key': 'skill_shot-skill_shot_select_widget_2', 'target': None}, 'play_kwargs': {'restore': False, 'state': 'enabled', 'selected': True}}, key=UUID('341a227e-6082-472a-ad52-d520dc1e33d6'), condition=None, blocking_facility=None), RegisteredHandler(callback=<bound method McWidgetPlayer._add_widget_to_slide_when_active of McConfigPlayer.widgets>, priority=0, kwargs={'slide_name': 'prelaunch_slide', 'widget': 'skill_shot_select_widget_3', 's': {'slide': 'prelaunch_slide', 'key': 'skill_shot-skill_shot_select_widget_3', 'target': None}, 'play_kwargs': {'restore': False, 'state': 'enabled', 'selected': True}}, key=UUID('8fed7e41-139b-4e94-b5be-975d13bbaade'), condition=None, blocking_facility=None)]. The order of those handlers is not defined and they will be executed in random order. This might lead to race conditions and potential bugs.
2023-01-15 18:45:37,049 : EventManager : Event: ======'machine_var_audits_switches_s_left_flipper'====== Args={'value': 1447, 'prev_value': 1446, 'change': 1}
2023-01-15 18:45:37,049 : EventManager : Event: ======'widgets_play'====== Args={'settings': {'skill_shot_select_widget_4': {'slide': 'prelaunch_slide', 'action': 'add', 'priority': 0, 'key': None, 'target': None}, 'skill_shot_select_widget_1': {'action': 'remove', 'priority': 0, 'slide': None, 'key': None, 'target': None}, 'skill_shot_select_widget_2': {'action': 'remove', 'priority': 0, 'slide': None, 'key': None, 'target': None}, 'skill_shot_select_widget_3': {'action': 'remove', 'priority': 0, 'slide': None, 'key': None, 'target': None}, 'skill_shot_select_widget_5': {'action': 'remove', 'priority': 0, 'slide': None, 'key': None, 'target': None}}, 'context': 'skill_shot', 'calling_context': 'skillshot_4_selected', 'priority': 150, 'restore': False, 'state': 'enabled', 'selected': True}
2023-01-15 18:45:37,050 : EventManager : Unordered handler for class McConfigPlayer.widgets on event slide_prelaunch_slide_created with priority 0. Handlers: [RegisteredHandler(callback=<bound method McWidgetPlayer._add_widget_to_slide_when_active of McConfigPlayer.widgets>, priority=0, kwargs={'slide_name': 'prelaunch_slide', 'widget': 'skillshot_up_selected_player_1_widget', 's': {'slide': 'prelaunch_slide', 'key': 'skill_shot-skillshot_up_selected_player_1_widget', 'target': None}, 'play_kwargs': {}}, key=UUID('cfffe2dd-6982-4dc4-a9c6-c9cbda457aaf'), condition=None, blocking_facility=None), RegisteredHandler(callback=<bound method McWidgetPlayer._add_widget_to_slide_when_active of McConfigPlayer.widgets>, priority=0, kwargs={'slide_name': 'prelaunch_slide', 'widget': 'skillshot_up_player_2_widget', 's': {'slide': 'prelaunch_slide', 'key': 'skill_shot-skillshot_up_player_2_widget', 'target': None}, 'play_kwargs': {}}, key=UUID('270c161f-105a-4dcd-a9c9-0b7618ea8f7b'), condition=None, blocking_facility=None), RegisteredHandler(callback=<bound method McWidgetPlayer._add_widget_to_slide_when_active of McConfigPlayer.widgets>, priority=0, kwargs={'slide_name': 'prelaunch_slide', 'widget': 'skillshot_up_player_3_widget', 's': {'slide': 'prelaunch_slide', 'key': 'skill_shot-skillshot_up_player_3_widget', 'target': None}, 'play_kwargs': {}}, key=UUID('e86a9394-c55e-4ab5-9d9d-a96187873e0c'), condition=None, blocking_facility=None), RegisteredHandler(callback=<bound method McWidgetPlayer._add_widget_to_slide_when_active of McConfigPlayer.widgets>, priority=0, kwargs={'slide_name': 'prelaunch_slide', 'widget': 'skillshot_up_player_4_widget', 's': {'slide': 'prelaunch_slide', 'key': 'skill_shot-skillshot_up_player_4_widget', 'target': None}, 'play_kwargs': {}}, key=UUID('8671c68d-e8df-45ad-85b1-fd3894931681'), condition=None, blocking_facility=None), RegisteredHandler(callback=<bound method McWidgetPlayer._add_widget_to_slide_when_active of McConfigPlayer.widgets>, priority=0, kwargs={'slide_name': 'prelaunch_slide', 'widget': 'skill_shot_select_widget_3', 's': {'slide': 'prelaunch_slide', 'key': 'skill_shot-skill_shot_select_widget_3', 'target': None}, 'play_kwargs': {'restore': False, 'state': 'enabled', 'selected': True}}, key=UUID('8fed7e41-139b-4e94-b5be-975d13bbaade'), condition=None, blocking_facility=None), RegisteredHandler(callback=<bound method McWidgetPlayer._add_widget_to_slide_when_active of McConfigPlayer.widgets>, priority=0, kwargs={'slide_name': 'prelaunch_slide', 'widget': 'skill_shot_select_widget_4', 's': {'slide': 'prelaunch_slide', 'key': 'skill_shot-skill_shot_select_widget_4', 'target': None}, 'play_kwargs': {'restore': False, 'state': 'enabled', 'selected': True}}, key=UUID('c7efa78b-e0cb-4c86-8221-344a8b12a6fd'), condition=None, blocking_facility=None)]. The order of those handlers is not defined and they will be executed in random order. This might lead to race conditions and potential bugs.
2023-01-15 18:45:37,050 : EventManager : Unordered handler for class McConfigPlayer.widgets on event slide_prelaunch_slide_created with priority 0. Handlers: [RegisteredHandler(callback=<bound method McWidgetPlayer._add_widget_to_slide_when_active of McConfigPlayer.widgets>, priority=0, kwargs={'slide_name': 'prelaunch_slide', 'widget': 'skillshot_up_selected_player_1_widget', 's': {'slide': 'prelaunch_slide', 'key': 'skill_shot-skillshot_up_selected_player_1_widget', 'target': None}, 'play_kwargs': {}}, key=UUID('cfffe2dd-6982-4dc4-a9c6-c9cbda457aaf'), condition=None, blocking_facility=None), RegisteredHandler(callback=<bound method McWidgetPlayer._add_widget_to_slide_when_active of McConfigPlayer.widgets>, priority=0, kwargs={'slide_name': 'prelaunch_slide', 'widget': 'skillshot_up_player_2_widget', 's': {'slide': 'prelaunch_slide', 'key': 'skill_shot-skillshot_up_player_2_widget', 'target': None}, 'play_kwargs': {}}, key=UUID('270c161f-105a-4dcd-a9c9-0b7618ea8f7b'), condition=None, blocking_facility=None), RegisteredHandler(callback=<bound method McWidgetPlayer._add_widget_to_slide_when_active of McConfigPlayer.widgets>, priority=0, kwargs={'slide_name': 'prelaunch_slide', 'widget': 'skillshot_up_player_3_widget', 's': {'slide': 'prelaunch_slide', 'key': 'skill_shot-skillshot_up_player_3_widget', 'target': None}, 'play_kwargs': {}}, key=UUID('e86a9394-c55e-4ab5-9d9d-a96187873e0c'), condition=None, blocking_facility=None), RegisteredHandler(callback=<bound method McWidgetPlayer._add_widget_to_slide_when_active of McConfigPlayer.widgets>, priority=0, kwargs={'slide_name': 'prelaunch_slide', 'widget': 'skillshot_up_player_4_widget', 's': {'slide': 'prelaunch_slide', 'key': 'skill_shot-skillshot_up_player_4_widget', 'target': None}, 'play_kwargs': {}}, key=UUID('8671c68d-e8df-45ad-85b1-fd3894931681'), condition=None, blocking_facility=None), RegisteredHandler(callback=<bound method McWidgetPlayer._add_widget_to_slide_when_active of McConfigPlayer.widgets>, priority=0, kwargs={'slide_name': 'prelaunch_slide', 'widget': 'skill_shot_select_widget_3', 's': {'slide': 'prelaunch_slide', 'key': 'skill_shot-skill_shot_select_widget_3', 'target': None}, 'play_kwargs': {'restore': False, 'state': 'enabled', 'selected': True}}, key=UUID('8fed7e41-139b-4e94-b5be-975d13bbaade'), condition=None, blocking_facility=None), RegisteredHandler(callback=<bound method McWidgetPlayer._add_widget_to_slide_when_active of McConfigPlayer.widgets>, priority=0, kwargs={'slide_name': 'prelaunch_slide', 'widget': 'skill_shot_select_widget_4', 's': {'slide': 'prelaunch_slide', 'key': 'skill_shot-skill_shot_select_widget_4', 'target': None}, 'play_kwargs': {'restore': False, 'state': 'enabled', 'selected': True}}, key=UUID('c7efa78b-e0cb-4c86-8221-344a8b12a6fd'), condition=None, blocking_facility=None)]. The order of those handlers is not defined and they will be executed in random order. This might lead to race conditions and potential bugs.
2023-01-15 18:45:37,050 : EventManager : Unordered handler for class McConfigPlayer.widgets on event slide_prelaunch_slide_created with priority 0. Handlers: [RegisteredHandler(callback=<bound method McWidgetPlayer._add_widget_to_slide_when_active of McConfigPlayer.widgets>, priority=0, kwargs={'slide_name': 'prelaunch_slide', 'widget': 'skillshot_up_selected_player_1_widget', 's': {'slide': 'prelaunch_slide', 'key': 'skill_shot-skillshot_up_selected_player_1_widget', 'target': None}, 'play_kwargs': {}}, key=UUID('cfffe2dd-6982-4dc4-a9c6-c9cbda457aaf'), condition=None, blocking_facility=None), RegisteredHandler(callback=<bound method McWidgetPlayer._add_widget_to_slide_when_active of McConfigPlayer.widgets>, priority=0, kwargs={'slide_name': 'prelaunch_slide', 'widget': 'skillshot_up_player_2_widget', 's': {'slide': 'prelaunch_slide', 'key': 'skill_shot-skillshot_up_player_2_widget', 'target': None}, 'play_kwargs': {}}, key=UUID('270c161f-105a-4dcd-a9c9-0b7618ea8f7b'), condition=None, blocking_facility=None), RegisteredHandler(callback=<bound method McWidgetPlayer._add_widget_to_slide_when_active of McConfigPlayer.widgets>, priority=0, kwargs={'slide_name': 'prelaunch_slide', 'widget': 'skillshot_up_player_3_widget', 's': {'slide': 'prelaunch_slide', 'key': 'skill_shot-skillshot_up_player_3_widget', 'target': None}, 'play_kwargs': {}}, key=UUID('e86a9394-c55e-4ab5-9d9d-a96187873e0c'), condition=None, blocking_facility=None), RegisteredHandler(callback=<bound method McWidgetPlayer._add_widget_to_slide_when_active of McConfigPlayer.widgets>, priority=0, kwargs={'slide_name': 'prelaunch_slide', 'widget': 'skillshot_up_player_4_widget', 's': {'slide': 'prelaunch_slide', 'key': 'skill_shot-skillshot_up_player_4_widget', 'target': None}, 'play_kwargs': {}}, key=UUID('8671c68d-e8df-45ad-85b1-fd3894931681'), condition=None, blocking_facility=None), RegisteredHandler(callback=<bound method McWidgetPlayer._add_widget_to_slide_when_active of McConfigPlayer.widgets>, priority=0, kwargs={'slide_name': 'prelaunch_slide', 'widget': 'skill_shot_select_widget_3', 's': {'slide': 'prelaunch_slide', 'key': 'skill_shot-skill_shot_select_widget_3', 'target': None}, 'play_kwargs': {'restore': False, 'state': 'enabled', 'selected': True}}, key=UUID('8fed7e41-139b-4e94-b5be-975d13bbaade'), condition=None, blocking_facility=None), RegisteredHandler(callback=<bound method McWidgetPlayer._add_widget_to_slide_when_active of McConfigPlayer.widgets>, priority=0, kwargs={'slide_name': 'prelaunch_slide', 'widget': 'skill_shot_select_widget_4', 's': {'slide': 'prelaunch_slide', 'key': 'skill_shot-skill_shot_select_widget_4', 'target': None}, 'play_kwargs': {'restore': False, 'state': 'enabled', 'selected': True}}, key=UUID('c7efa78b-e0cb-4c86-8221-344a8b12a6fd'), condition=None, blocking_facility=None)]. The order of those handlers is not defined and they will be executed in random order. This might lead to race conditions and potential bugs.
2023-01-15 18:45:37,050 : EventManager : Unordered handler for class McConfigPlayer.widgets on event slide_prelaunch_slide_created with priority 0. Handlers: [RegisteredHandler(callback=<bound method McWidgetPlayer._add_widget_to_slide_when_active of McConfigPlayer.widgets>, priority=0, kwargs={'slide_name': 'prelaunch_slide', 'widget': 'skillshot_up_selected_player_1_widget', 's': {'slide': 'prelaunch_slide', 'key': 'skill_shot-skillshot_up_selected_player_1_widget', 'target': None}, 'play_kwargs': {}}, key=UUID('cfffe2dd-6982-4dc4-a9c6-c9cbda457aaf'), condition=None, blocking_facility=None), RegisteredHandler(callback=<bound method McWidgetPlayer._add_widget_to_slide_when_active of McConfigPlayer.widgets>, priority=0, kwargs={'slide_name': 'prelaunch_slide', 'widget': 'skillshot_up_player_2_widget', 's': {'slide': 'prelaunch_slide', 'key': 'skill_shot-skillshot_up_player_2_widget', 'target': None}, 'play_kwargs': {}}, key=UUID('270c161f-105a-4dcd-a9c9-0b7618ea8f7b'), condition=None, blocking_facility=None), RegisteredHandler(callback=<bound method McWidgetPlayer._add_widget_to_slide_when_active of McConfigPlayer.widgets>, priority=0, kwargs={'slide_name': 'prelaunch_slide', 'widget': 'skillshot_up_player_3_widget', 's': {'slide': 'prelaunch_slide', 'key': 'skill_shot-skillshot_up_player_3_widget', 'target': None}, 'play_kwargs': {}}, key=UUID('e86a9394-c55e-4ab5-9d9d-a96187873e0c'), condition=None, blocking_facility=None), RegisteredHandler(callback=<bound method McWidgetPlayer._add_widget_to_slide_when_active of McConfigPlayer.widgets>, priority=0, kwargs={'slide_name': 'prelaunch_slide', 'widget': 'skillshot_up_player_4_widget', 's': {'slide': 'prelaunch_slide', 'key': 'skill_shot-skillshot_up_player_4_widget', 'target': None}, 'play_kwargs': {}}, key=UUID('8671c68d-e8df-45ad-85b1-fd3894931681'), condition=None, blocking_facility=None), RegisteredHandler(callback=<bound method McWidgetPlayer._add_widget_to_slide_when_active of McConfigPlayer.widgets>, priority=0, kwargs={'slide_name': 'prelaunch_slide', 'widget': 'skill_shot_select_widget_3', 's': {'slide': 'prelaunch_slide', 'key': 'skill_shot-skill_shot_select_widget_3', 'target': None}, 'play_kwargs': {'restore': False, 'state': 'enabled', 'selected': True}}, key=UUID('8fed7e41-139b-4e94-b5be-975d13bbaade'), condition=None, blocking_facility=None), RegisteredHandler(callback=<bound method McWidgetPlayer._add_widget_to_slide_when_active of McConfigPlayer.widgets>, priority=0, kwargs={'slide_name': 'prelaunch_slide', 'widget': 'skill_shot_select_widget_4', 's': {'slide': 'prelaunch_slide', 'key': 'skill_shot-skill_shot_select_widget_4', 'target': None}, 'play_kwargs': {'restore': False, 'state': 'enabled', 'selected': True}}, key=UUID('c7efa78b-e0cb-4c86-8221-344a8b12a6fd'), condition=None, blocking_facility=None)]. The order of those handlers is not defined and they will be executed in random order. This might lead to race conditions and potential bugs.
2023-01-15 18:45:37,050 : EventManager : Unordered handler for class McConfigPlayer.widgets on event slide_prelaunch_slide_created with priority 0. Handlers: [RegisteredHandler(callback=<bound method McWidgetPlayer._add_widget_to_slide_when_active of McConfigPlayer.widgets>, priority=0, kwargs={'slide_name': 'prelaunch_slide', 'widget': 'skillshot_up_selected_player_1_widget', 's': {'slide': 'prelaunch_slide', 'key': 'skill_shot-skillshot_up_selected_player_1_widget', 'target': None}, 'play_kwargs': {}}, key=UUID('cfffe2dd-6982-4dc4-a9c6-c9cbda457aaf'), condition=None, blocking_facility=None), RegisteredHandler(callback=<bound method McWidgetPlayer._add_widget_to_slide_when_active of McConfigPlayer.widgets>, priority=0, kwargs={'slide_name': 'prelaunch_slide', 'widget': 'skillshot_up_player_2_widget', 's': {'slide': 'prelaunch_slide', 'key': 'skill_shot-skillshot_up_player_2_widget', 'target': None}, 'play_kwargs': {}}, key=UUID('270c161f-105a-4dcd-a9c9-0b7618ea8f7b'), condition=None, blocking_facility=None), RegisteredHandler(callback=<bound method McWidgetPlayer._add_widget_to_slide_when_active of McConfigPlayer.widgets>, priority=0, kwargs={'slide_name': 'prelaunch_slide', 'widget': 'skillshot_up_player_3_widget', 's': {'slide': 'prelaunch_slide', 'key': 'skill_shot-skillshot_up_player_3_widget', 'target': None}, 'play_kwargs': {}}, key=UUID('e86a9394-c55e-4ab5-9d9d-a96187873e0c'), condition=None, blocking_facility=None), RegisteredHandler(callback=<bound method McWidgetPlayer._add_widget_to_slide_when_active of McConfigPlayer.widgets>, priority=0, kwargs={'slide_name': 'prelaunch_slide', 'widget': 'skillshot_up_player_4_widget', 's': {'slide': 'prelaunch_slide', 'key': 'skill_shot-skillshot_up_player_4_widget', 'target': None}, 'play_kwargs': {}}, key=UUID('8671c68d-e8df-45ad-85b1-fd3894931681'), condition=None, blocking_facility=None), RegisteredHandler(callback=<bound method McWidgetPlayer._add_widget_to_slide_when_active of McConfigPlayer.widgets>, priority=0, kwargs={'slide_name': 'prelaunch_slide', 'widget': 'skill_shot_select_widget_3', 's': {'slide': 'prelaunch_slide', 'key': 'skill_shot-skill_shot_select_widget_3', 'target': None}, 'play_kwargs': {'restore': False, 'state': 'enabled', 'selected': True}}, key=UUID('8fed7e41-139b-4e94-b5be-975d13bbaade'), condition=None, blocking_facility=None), RegisteredHandler(callback=<bound method McWidgetPlayer._add_widget_to_slide_when_active of McConfigPlayer.widgets>, priority=0, kwargs={'slide_name': 'prelaunch_slide', 'widget': 'skill_shot_select_widget_4', 's': {'slide': 'prelaunch_slide', 'key': 'skill_shot-skill_shot_select_widget_4', 'target': None}, 'play_kwargs': {'restore': False, 'state': 'enabled', 'selected': True}}, key=UUID('c7efa78b-e0cb-4c86-8221-344a8b12a6fd'), condition=None, blocking_facility=None)]. The order of those handlers is not defined and they will be executed in random order. This might lead to race conditions and potential bugs.
2023-01-15 18:45:37,416 : EventManager : Event: ======'slides_play'====== Args={'settings': {'status_report_tilte2': {'widgets': [{'type': 'text', 'text': 'STATUS REPORT', 'style': ['big'], 'font_size': 10, 'y': 'center', 'round_anchor_x': 'left', 'round_anchor_y': 'top', '_default_settings': ['type', 'text', 'style', 'font_size', 'y', 'round_anchor_x', 'round_anchor_y'], 'x': None, 'anchor_x': 'center', 'anchor_y': 'center', 'opacity': 1.0, 'z': 0, 'reset_animations_events': {}, 'color': [1.0, 1.0, 1.0, 1.0], 'adjust_top': 0, 'adjust_bottom': 0, 'adjust_left': 0, 'adjust_right': 0, 'expire': None, 'key': None, 'widget': None, 'events_when_added': [], 'events_when_removed': [], 'bitmap_font': False, 'font_kerning': True, 'bold': False, 'italic': False, 'number_grouping': False, 'min_digits': 0, 'halign': 'center', 'valign': 'middle', 'rotation': 0, 'scale': 1.0, 'casing': None, 'animations': None}], 'target': None, 'background_color': [0.0, 0.0, 0.0, 1.0], 'priority': None, 'show': True, 'force': False, 'expire': None, 'slide': None, 'tokens': {}, 'action': 'play'}}, 'context': 'show_19', 'calling_context': 2, 'priority': 1620, 'show_tokens': {}, 'start_time': 63240.734}
2023-01-15 18:45:37,416 : mpfmc : SlidePlayer: Play called with settings={'status_report_tilte2': {'widgets': [{'type': 'text', 'text': 'STATUS REPORT', 'style': ['big'], 'font_size': 10, 'y': 'center', 'round_anchor_x': 'left', 'round_anchor_y': 'top', '_default_settings': ['type', 'text', 'style', 'font_size', 'y', 'round_anchor_x', 'round_anchor_y'], 'x': None, 'anchor_x': 'center', 'anchor_y': 'center', 'opacity': 1.0, 'z': 0, 'reset_animations_events': {}, 'color': [1.0, 1.0, 1.0, 1.0], 'adjust_top': 0, 'adjust_bottom': 0, 'adjust_left': 0, 'adjust_right': 0, 'expire': None, 'key': None, 'widget': None, 'events_when_added': [], 'events_when_removed': [], 'bitmap_font': False, 'font_kerning': True, 'bold': False, 'italic': False, 'number_grouping': False, 'min_digits': 0, 'halign': 'center', 'valign': 'middle', 'rotation': 0, 'scale': 1.0, 'casing': None, 'animations': None}], 'target': None, 'background_color': [0.0, 0.0, 0.0, 1.0], 'priority': None, 'show': True, 'force': False, 'expire': None, 'slide': None, 'tokens': {}, 'action': 'play'}}
2023-01-15 18:45:37,417 : EventManager : Event: ======'slide_status_report_tilte2_removed'====== Args={}
2023-01-15 18:45:37,419 : EventManager : Event: ======'slide_status_report_tilte2_created'====== Args={}
2023-01-15 18:45:37,421 : EventManager : Event: ======'slide_status_report_tilte2_active'====== Args={}
2023-01-15 18:45:38,433 : EventManager : Event: ======'slides_play'====== Args={'settings': {'status_report_tilte': {'widgets': [{'type': 'text', 'text': 'STATUS REPORT', 'style': ['big'], 'font_size': 14, 'y': 'center', 'round_anchor_x': 'left', 'round_anchor_y': 'top', '_default_settings': ['type', 'text', 'style', 'font_size', 'y', 'round_anchor_x', 'round_anchor_y'], 'x': None, 'anchor_x': 'center', 'anchor_y': 'center', 'opacity': 1.0, 'z': 0, 'reset_animations_events': {}, 'color': [1.0, 1.0, 1.0, 1.0], 'adjust_top': 0, 'adjust_bottom': 0, 'adjust_left': 0, 'adjust_right': 0, 'expire': None, 'key': None, 'widget': None, 'events_when_added': [], 'events_when_removed': [], 'bitmap_font': False, 'font_kerning': True, 'bold': False, 'italic': False, 'number_grouping': False, 'min_digits': 0, 'halign': 'center', 'valign': 'middle', 'rotation': 0, 'scale': 1.0, 'casing': None, 'animations': None}], 'target': None, 'background_color': [0.0, 0.0, 0.0, 1.0], 'priority': None, 'show': True, 'force': False, 'expire': None, 'slide': None, 'tokens': {}, 'action': 'play'}}, 'context': 'show_19', 'calling_context': 0, 'priority': 1620, 'show_tokens': {}, 'start_time': 63241.734}
2023-01-15 18:45:38,433 : mpfmc : SlidePlayer: Play called with settings={'status_report_tilte': {'widgets': [{'type': 'text', 'text': 'STATUS REPORT', 'style': ['big'], 'font_size': 14, 'y': 'center', 'round_anchor_x': 'left', 'round_anchor_y': 'top', '_default_settings': ['type', 'text', 'style', 'font_size', 'y', 'round_anchor_x', 'round_anchor_y'], 'x': None, 'anchor_x': 'center', 'anchor_y': 'center', 'opacity': 1.0, 'z': 0, 'reset_animations_events': {}, 'color': [1.0, 1.0, 1.0, 1.0], 'adjust_top': 0, 'adjust_bottom': 0, 'adjust_left': 0, 'adjust_right': 0, 'expire': None, 'key': None, 'widget': None, 'events_when_added': [], 'events_when_removed': [], 'bitmap_font': False, 'font_kerning': True, 'bold': False, 'italic': False, 'number_grouping': False, 'min_digits': 0, 'halign': 'center', 'valign': 'middle', 'rotation': 0, 'scale': 1.0, 'casing': None, 'animations': None}], 'target': None, 'background_color': [0.0, 0.0, 0.0, 1.0], 'priority': None, 'show': True, 'force': False, 'expire': None, 'slide': None, 'tokens': {}, 'action': 'play'}}
2023-01-15 18:45:38,434 : EventManager : Event: ======'slide_status_report_tilte_removed'====== Args={}
2023-01-15 18:45:38,436 : EventManager : Event: ======'slide_status_report_tilte_created'====== Args={}
2023-01-15 18:45:38,439 : EventManager : Event: ======'slide_status_report_tilte_active'====== Args={}
2023-01-15 18:45:38,716 : EventManager : Event: ======'machine_var_audits_switches_s_left_flipper'====== Args={'value': 1448, 'prev_value': 1447, 'change': 1}
2023-01-15 18:45:38,732 : EventManager : Event: ======'widgets_play'====== Args={'settings': {'skill_shot_select_widget_5': {'slide': 'prelaunch_slide', 'action': 'add', 'priority': 0, 'key': None, 'target': None}, 'skill_shot_select_widget_1': {'action': 'remove', 'priority': 0, 'slide': None, 'key': None, 'target': None}, 'skill_shot_select_widget_2': {'action': 'remove', 'priority': 0, 'slide': None, 'key': None, 'target': None}, 'skill_shot_select_widget_3': {'action': 'remove', 'priority': 0, 'slide': None, 'key': None, 'target': None}, 'skill_shot_select_widget_4': {'action': 'remove', 'priority': 0, 'slide': None, 'key': None, 'target': None}}, 'context': 'skill_shot', 'calling_context': 'skillshot_5_selected', 'priority': 150, 'restore': False, 'state': 'enabled', 'selected': True}
2023-01-15 18:45:38,733 : EventManager : Unordered handler for class McConfigPlayer.widgets on event slide_prelaunch_slide_created with priority 0. Handlers: [RegisteredHandler(callback=<bound method McWidgetPlayer._add_widget_to_slide_when_active of McConfigPlayer.widgets>, priority=0, kwargs={'slide_name': 'prelaunch_slide', 'widget': 'skillshot_up_selected_player_1_widget', 's': {'slide': 'prelaunch_slide', 'key': 'skill_shot-skillshot_up_selected_player_1_widget', 'target': None}, 'play_kwargs': {}}, key=UUID('cfffe2dd-6982-4dc4-a9c6-c9cbda457aaf'), condition=None, blocking_facility=None), RegisteredHandler(callback=<bound method McWidgetPlayer._add_widget_to_slide_when_active of McConfigPlayer.widgets>, priority=0, kwargs={'slide_name': 'prelaunch_slide', 'widget': 'skillshot_up_player_2_widget', 's': {'slide': 'prelaunch_slide', 'key': 'skill_shot-skillshot_up_player_2_widget', 'target': None}, 'play_kwargs': {}}, key=UUID('270c161f-105a-4dcd-a9c9-0b7618ea8f7b'), condition=None, blocking_facility=None), RegisteredHandler(callback=<bound method McWidgetPlayer._add_widget_to_slide_when_active of McConfigPlayer.widgets>, priority=0, kwargs={'slide_name': 'prelaunch_slide', 'widget': 'skillshot_up_player_3_widget', 's': {'slide': 'prelaunch_slide', 'key': 'skill_shot-skillshot_up_player_3_widget', 'target': None}, 'play_kwargs': {}}, key=UUID('e86a9394-c55e-4ab5-9d9d-a96187873e0c'), condition=None, blocking_facility=None), RegisteredHandler(callback=<bound method McWidgetPlayer._add_widget_to_slide_when_active of McConfigPlayer.widgets>, priority=0, kwargs={'slide_name': 'prelaunch_slide', 'widget': 'skillshot_up_player_4_widget', 's': {'slide': 'prelaunch_slide', 'key': 'skill_shot-skillshot_up_player_4_widget', 'target': None}, 'play_kwargs': {}}, key=UUID('8671c68d-e8df-45ad-85b1-fd3894931681'), condition=None, blocking_facility=None), RegisteredHandler(callback=<bound method McWidgetPlayer._add_widget_to_slide_when_active of McConfigPlayer.widgets>, priority=0, kwargs={'slide_name': 'prelaunch_slide', 'widget': 'skill_shot_select_widget_4', 's': {'slide': 'prelaunch_slide', 'key': 'skill_shot-skill_shot_select_widget_4', 'target': None}, 'play_kwargs': {'restore': False, 'state': 'enabled', 'selected': True}}, key=UUID('c7efa78b-e0cb-4c86-8221-344a8b12a6fd'), condition=None, blocking_facility=None), RegisteredHandler(callback=<bound method McWidgetPlayer._add_widget_to_slide_when_active of McConfigPlayer.widgets>, priority=0, kwargs={'slide_name': 'prelaunch_slide', 'widget': 'skill_shot_select_widget_5', 's': {'slide': 'prelaunch_slide', 'key': 'skill_shot-skill_shot_select_widget_5', 'target': None}, 'play_kwargs': {'restore': False, 'state': 'enabled', 'selected': True}}, key=UUID('4e1107de-a784-4389-9631-e7750c977b2e'), condition=None, blocking_facility=None)]. The order of those handlers is not defined and they will be executed in random order. This might lead to race conditions and potential bugs.
2023-01-15 18:45:38,733 : EventManager : Unordered handler for class McConfigPlayer.widgets on event slide_prelaunch_slide_created with priority 0. Handlers: [RegisteredHandler(callback=<bound method McWidgetPlayer._add_widget_to_slide_when_active of McConfigPlayer.widgets>, priority=0, kwargs={'slide_name': 'prelaunch_slide', 'widget': 'skillshot_up_selected_player_1_widget', 's': {'slide': 'prelaunch_slide', 'key': 'skill_shot-skillshot_up_selected_player_1_widget', 'target': None}, 'play_kwargs': {}}, key=UUID('cfffe2dd-6982-4dc4-a9c6-c9cbda457aaf'), condition=None, blocking_facility=None), RegisteredHandler(callback=<bound method McWidgetPlayer._add_widget_to_slide_when_active of McConfigPlayer.widgets>, priority=0, kwargs={'slide_name': 'prelaunch_slide', 'widget': 'skillshot_up_player_2_widget', 's': {'slide': 'prelaunch_slide', 'key': 'skill_shot-skillshot_up_player_2_widget', 'target': None}, 'play_kwargs': {}}, key=UUID('270c161f-105a-4dcd-a9c9-0b7618ea8f7b'), condition=None, blocking_facility=None), RegisteredHandler(callback=<bound method McWidgetPlayer._add_widget_to_slide_when_active of McConfigPlayer.widgets>, priority=0, kwargs={'slide_name': 'prelaunch_slide', 'widget': 'skillshot_up_player_3_widget', 's': {'slide': 'prelaunch_slide', 'key': 'skill_shot-skillshot_up_player_3_widget', 'target': None}, 'play_kwargs': {}}, key=UUID('e86a9394-c55e-4ab5-9d9d-a96187873e0c'), condition=None, blocking_facility=None), RegisteredHandler(callback=<bound method McWidgetPlayer._add_widget_to_slide_when_active of McConfigPlayer.widgets>, priority=0, kwargs={'slide_name': 'prelaunch_slide', 'widget': 'skillshot_up_player_4_widget', 's': {'slide': 'prelaunch_slide', 'key': 'skill_shot-skillshot_up_player_4_widget', 'target': None}, 'play_kwargs': {}}, key=UUID('8671c68d-e8df-45ad-85b1-fd3894931681'), condition=None, blocking_facility=None), RegisteredHandler(callback=<bound method McWidgetPlayer._add_widget_to_slide_when_active of McConfigPlayer.widgets>, priority=0, kwargs={'slide_name': 'prelaunch_slide', 'widget': 'skill_shot_select_widget_4', 's': {'slide': 'prelaunch_slide', 'key': 'skill_shot-skill_shot_select_widget_4', 'target': None}, 'play_kwargs': {'restore': False, 'state': 'enabled', 'selected': True}}, key=UUID('c7efa78b-e0cb-4c86-8221-344a8b12a6fd'), condition=None, blocking_facility=None), RegisteredHandler(callback=<bound method McWidgetPlayer._add_widget_to_slide_when_active of McConfigPlayer.widgets>, priority=0, kwargs={'slide_name': 'prelaunch_slide', 'widget': 'skill_shot_select_widget_5', 's': {'slide': 'prelaunch_slide', 'key': 'skill_shot-skill_shot_select_widget_5', 'target': None}, 'play_kwargs': {'restore': False, 'state': 'enabled', 'selected': True}}, key=UUID('4e1107de-a784-4389-9631-e7750c977b2e'), condition=None, blocking_facility=None)]. The order of those handlers is not defined and they will be executed in random order. This might lead to race conditions and potential bugs.
2023-01-15 18:45:38,733 : EventManager : Unordered handler for class McConfigPlayer.widgets on event slide_prelaunch_slide_created with priority 0. Handlers: [RegisteredHandler(callback=<bound method McWidgetPlayer._add_widget_to_slide_when_active of McConfigPlayer.widgets>, priority=0, kwargs={'slide_name': 'prelaunch_slide', 'widget': 'skillshot_up_selected_player_1_widget', 's': {'slide': 'prelaunch_slide', 'key': 'skill_shot-skillshot_up_selected_player_1_widget', 'target': None}, 'play_kwargs': {}}, key=UUID('cfffe2dd-6982-4dc4-a9c6-c9cbda457aaf'), condition=None, blocking_facility=None), RegisteredHandler(callback=<bound method McWidgetPlayer._add_widget_to_slide_when_active of McConfigPlayer.widgets>, priority=0, kwargs={'slide_name': 'prelaunch_slide', 'widget': 'skillshot_up_player_2_widget', 's': {'slide': 'prelaunch_slide', 'key': 'skill_shot-skillshot_up_player_2_widget', 'target': None}, 'play_kwargs': {}}, key=UUID('270c161f-105a-4dcd-a9c9-0b7618ea8f7b'), condition=None, blocking_facility=None), RegisteredHandler(callback=<bound method McWidgetPlayer._add_widget_to_slide_when_active of McConfigPlayer.widgets>, priority=0, kwargs={'slide_name': 'prelaunch_slide', 'widget': 'skillshot_up_player_3_widget', 's': {'slide': 'prelaunch_slide', 'key': 'skill_shot-skillshot_up_player_3_widget', 'target': None}, 'play_kwargs': {}}, key=UUID('e86a9394-c55e-4ab5-9d9d-a96187873e0c'), condition=None, blocking_facility=None), RegisteredHandler(callback=<bound method McWidgetPlayer._add_widget_to_slide_when_active of McConfigPlayer.widgets>, priority=0, kwargs={'slide_name': 'prelaunch_slide', 'widget': 'skillshot_up_player_4_widget', 's': {'slide': 'prelaunch_slide', 'key': 'skill_shot-skillshot_up_player_4_widget', 'target': None}, 'play_kwargs': {}}, key=UUID('8671c68d-e8df-45ad-85b1-fd3894931681'), condition=None, blocking_facility=None), RegisteredHandler(callback=<bound method McWidgetPlayer._add_widget_to_slide_when_active of McConfigPlayer.widgets>, priority=0, kwargs={'slide_name': 'prelaunch_slide', 'widget': 'skill_shot_select_widget_4', 's': {'slide': 'prelaunch_slide', 'key': 'skill_shot-skill_shot_select_widget_4', 'target': None}, 'play_kwargs': {'restore': False, 'state': 'enabled', 'selected': True}}, key=UUID('c7efa78b-e0cb-4c86-8221-344a8b12a6fd'), condition=None, blocking_facility=None), RegisteredHandler(callback=<bound method McWidgetPlayer._add_widget_to_slide_when_active of McConfigPlayer.widgets>, priority=0, kwargs={'slide_name': 'prelaunch_slide', 'widget': 'skill_shot_select_widget_5', 's': {'slide': 'prelaunch_slide', 'key': 'skill_shot-skill_shot_select_widget_5', 'target': None}, 'play_kwargs': {'restore': False, 'state': 'enabled', 'selected': True}}, key=UUID('4e1107de-a784-4389-9631-e7750c977b2e'), condition=None, blocking_facility=None)]. The order of those handlers is not defined and they will be executed in random order. This might lead to race conditions and potential bugs.
2023-01-15 18:45:38,733 : EventManager : Unordered handler for class McConfigPlayer.widgets on event slide_prelaunch_slide_created with priority 0. Handlers: [RegisteredHandler(callback=<bound method McWidgetPlayer._add_widget_to_slide_when_active of McConfigPlayer.widgets>, priority=0, kwargs={'slide_name': 'prelaunch_slide', 'widget': 'skillshot_up_selected_player_1_widget', 's': {'slide': 'prelaunch_slide', 'key': 'skill_shot-skillshot_up_selected_player_1_widget', 'target': None}, 'play_kwargs': {}}, key=UUID('cfffe2dd-6982-4dc4-a9c6-c9cbda457aaf'), condition=None, blocking_facility=None), RegisteredHandler(callback=<bound method McWidgetPlayer._add_widget_to_slide_when_active of McConfigPlayer.widgets>, priority=0, kwargs={'slide_name': 'prelaunch_slide', 'widget': 'skillshot_up_player_2_widget', 's': {'slide': 'prelaunch_slide', 'key': 'skill_shot-skillshot_up_player_2_widget', 'target': None}, 'play_kwargs': {}}, key=UUID('270c161f-105a-4dcd-a9c9-0b7618ea8f7b'), condition=None, blocking_facility=None), RegisteredHandler(callback=<bound method McWidgetPlayer._add_widget_to_slide_when_active of McConfigPlayer.widgets>, priority=0, kwargs={'slide_name': 'prelaunch_slide', 'widget': 'skillshot_up_player_3_widget', 's': {'slide': 'prelaunch_slide', 'key': 'skill_shot-skillshot_up_player_3_widget', 'target': None}, 'play_kwargs': {}}, key=UUID('e86a9394-c55e-4ab5-9d9d-a96187873e0c'), condition=None, blocking_facility=None), RegisteredHandler(callback=<bound method McWidgetPlayer._add_widget_to_slide_when_active of McConfigPlayer.widgets>, priority=0, kwargs={'slide_name': 'prelaunch_slide', 'widget': 'skillshot_up_player_4_widget', 's': {'slide': 'prelaunch_slide', 'key': 'skill_shot-skillshot_up_player_4_widget', 'target': None}, 'play_kwargs': {}}, key=UUID('8671c68d-e8df-45ad-85b1-fd3894931681'), condition=None, blocking_facility=None), RegisteredHandler(callback=<bound method McWidgetPlayer._add_widget_to_slide_when_active of McConfigPlayer.widgets>, priority=0, kwargs={'slide_name': 'prelaunch_slide', 'widget': 'skill_shot_select_widget_4', 's': {'slide': 'prelaunch_slide', 'key': 'skill_shot-skill_shot_select_widget_4', 'target': None}, 'play_kwargs': {'restore': False, 'state': 'enabled', 'selected': True}}, key=UUID('c7efa78b-e0cb-4c86-8221-344a8b12a6fd'), condition=None, blocking_facility=None), RegisteredHandler(callback=<bound method McWidgetPlayer._add_widget_to_slide_when_active of McConfigPlayer.widgets>, priority=0, kwargs={'slide_name': 'prelaunch_slide', 'widget': 'skill_shot_select_widget_5', 's': {'slide': 'prelaunch_slide', 'key': 'skill_shot-skill_shot_select_widget_5', 'target': None}, 'play_kwargs': {'restore': False, 'state': 'enabled', 'selected': True}}, key=UUID('4e1107de-a784-4389-9631-e7750c977b2e'), condition=None, blocking_facility=None)]. The order of those handlers is not defined and they will be executed in random order. This might lead to race conditions and potential bugs.
2023-01-15 18:45:38,733 : EventManager : Unordered handler for class McConfigPlayer.widgets on event slide_prelaunch_slide_created with priority 0. Handlers: [RegisteredHandler(callback=<bound method McWidgetPlayer._add_widget_to_slide_when_active of McConfigPlayer.widgets>, priority=0, kwargs={'slide_name': 'prelaunch_slide', 'widget': 'skillshot_up_selected_player_1_widget', 's': {'slide': 'prelaunch_slide', 'key': 'skill_shot-skillshot_up_selected_player_1_widget', 'target': None}, 'play_kwargs': {}}, key=UUID('cfffe2dd-6982-4dc4-a9c6-c9cbda457aaf'), condition=None, blocking_facility=None), RegisteredHandler(callback=<bound method McWidgetPlayer._add_widget_to_slide_when_active of McConfigPlayer.widgets>, priority=0, kwargs={'slide_name': 'prelaunch_slide', 'widget': 'skillshot_up_player_2_widget', 's': {'slide': 'prelaunch_slide', 'key': 'skill_shot-skillshot_up_player_2_widget', 'target': None}, 'play_kwargs': {}}, key=UUID('270c161f-105a-4dcd-a9c9-0b7618ea8f7b'), condition=None, blocking_facility=None), RegisteredHandler(callback=<bound method McWidgetPlayer._add_widget_to_slide_when_active of McConfigPlayer.widgets>, priority=0, kwargs={'slide_name': 'prelaunch_slide', 'widget': 'skillshot_up_player_3_widget', 's': {'slide': 'prelaunch_slide', 'key': 'skill_shot-skillshot_up_player_3_widget', 'target': None}, 'play_kwargs': {}}, key=UUID('e86a9394-c55e-4ab5-9d9d-a96187873e0c'), condition=None, blocking_facility=None), RegisteredHandler(callback=<bound method McWidgetPlayer._add_widget_to_slide_when_active of McConfigPlayer.widgets>, priority=0, kwargs={'slide_name': 'prelaunch_slide', 'widget': 'skillshot_up_player_4_widget', 's': {'slide': 'prelaunch_slide', 'key': 'skill_shot-skillshot_up_player_4_widget', 'target': None}, 'play_kwargs': {}}, key=UUID('8671c68d-e8df-45ad-85b1-fd3894931681'), condition=None, blocking_facility=None), RegisteredHandler(callback=<bound method McWidgetPlayer._add_widget_to_slide_when_active of McConfigPlayer.widgets>, priority=0, kwargs={'slide_name': 'prelaunch_slide', 'widget': 'skill_shot_select_widget_4', 's': {'slide': 'prelaunch_slide', 'key': 'skill_shot-skill_shot_select_widget_4', 'target': None}, 'play_kwargs': {'restore': False, 'state': 'enabled', 'selected': True}}, key=UUID('c7efa78b-e0cb-4c86-8221-344a8b12a6fd'), condition=None, blocking_facility=None), RegisteredHandler(callback=<bound method McWidgetPlayer._add_widget_to_slide_when_active of McConfigPlayer.widgets>, priority=0, kwargs={'slide_name': 'prelaunch_slide', 'widget': 'skill_shot_select_widget_5', 's': {'slide': 'prelaunch_slide', 'key': 'skill_shot-skill_shot_select_widget_5', 'target': None}, 'play_kwargs': {'restore': False, 'state': 'enabled', 'selected': True}}, key=UUID('4e1107de-a784-4389-9631-e7750c977b2e'), condition=None, blocking_facility=None)]. The order of those handlers is not defined and they will be executed in random order. This might lead to race conditions and potential bugs.
2023-01-15 18:45:39,616 : EventManager : Event: ======'machine_var_audits_switches_s_left_flipper'====== Args={'value': 1449, 'prev_value': 1448, 'change': 1}
2023-01-15 18:45:39,632 : EventManager : Event: ======'widgets_play'====== Args={'settings': {'skill_shot_select_widget_4': {'slide': 'prelaunch_slide', 'action': 'add', 'priority': 0, 'key': None, 'target': None}, 'skill_shot_select_widget_1': {'action': 'remove', 'priority': 0, 'slide': None, 'key': None, 'target': None}, 'skill_shot_select_widget_2': {'action': 'remove', 'priority': 0, 'slide': None, 'key': None, 'target': None}, 'skill_shot_select_widget_3': {'action': 'remove', 'priority': 0, 'slide': None, 'key': None, 'target': None}, 'skill_shot_select_widget_5': {'action': 'remove', 'priority': 0, 'slide': None, 'key': None, 'target': None}}, 'context': 'skill_shot', 'calling_context': 'skillshot_4_selected', 'priority': 150, 'restore': False, 'state': 'enabled', 'selected': True}
2023-01-15 18:45:39,633 : EventManager : Unordered handler for class McConfigPlayer.widgets on event slide_prelaunch_slide_created with priority 0. Handlers: [RegisteredHandler(callback=<bound method McWidgetPlayer._add_widget_to_slide_when_active of McConfigPlayer.widgets>, priority=0, kwargs={'slide_name': 'prelaunch_slide', 'widget': 'skillshot_up_selected_player_1_widget', 's': {'slide': 'prelaunch_slide', 'key': 'skill_shot-skillshot_up_selected_player_1_widget', 'target': None}, 'play_kwargs': {}}, key=UUID('cfffe2dd-6982-4dc4-a9c6-c9cbda457aaf'), condition=None, blocking_facility=None), RegisteredHandler(callback=<bound method McWidgetPlayer._add_widget_to_slide_when_active of McConfigPlayer.widgets>, priority=0, kwargs={'slide_name': 'prelaunch_slide', 'widget': 'skillshot_up_player_2_widget', 's': {'slide': 'prelaunch_slide', 'key': 'skill_shot-skillshot_up_player_2_widget', 'target': None}, 'play_kwargs': {}}, key=UUID('270c161f-105a-4dcd-a9c9-0b7618ea8f7b'), condition=None, blocking_facility=None), RegisteredHandler(callback=<bound method McWidgetPlayer._add_widget_to_slide_when_active of McConfigPlayer.widgets>, priority=0, kwargs={'slide_name': 'prelaunch_slide', 'widget': 'skillshot_up_player_3_widget', 's': {'slide': 'prelaunch_slide', 'key': 'skill_shot-skillshot_up_player_3_widget', 'target': None}, 'play_kwargs': {}}, key=UUID('e86a9394-c55e-4ab5-9d9d-a96187873e0c'), condition=None, blocking_facility=None), RegisteredHandler(callback=<bound method McWidgetPlayer._add_widget_to_slide_when_active of McConfigPlayer.widgets>, priority=0, kwargs={'slide_name': 'prelaunch_slide', 'widget': 'skillshot_up_player_4_widget', 's': {'slide': 'prelaunch_slide', 'key': 'skill_shot-skillshot_up_player_4_widget', 'target': None}, 'play_kwargs': {}}, key=UUID('8671c68d-e8df-45ad-85b1-fd3894931681'), condition=None, blocking_facility=None), RegisteredHandler(callback=<bound method McWidgetPlayer._add_widget_to_slide_when_active of McConfigPlayer.widgets>, priority=0, kwargs={'slide_name': 'prelaunch_slide', 'widget': 'skill_shot_select_widget_5', 's': {'slide': 'prelaunch_slide', 'key': 'skill_shot-skill_shot_select_widget_5', 'target': None}, 'play_kwargs': {'restore': False, 'state': 'enabled', 'selected': True}}, key=UUID('4e1107de-a784-4389-9631-e7750c977b2e'), condition=None, blocking_facility=None), RegisteredHandler(callback=<bound method McWidgetPlayer._add_widget_to_slide_when_active of McConfigPlayer.widgets>, priority=0, kwargs={'slide_name': 'prelaunch_slide', 'widget': 'skill_shot_select_widget_4', 's': {'slide': 'prelaunch_slide', 'key': 'skill_shot-skill_shot_select_widget_4', 'target': None}, 'play_kwargs': {'restore': False, 'state': 'enabled', 'selected': True}}, key=UUID('c6fe7f3b-0eac-44f3-88ce-61b98735e136'), condition=None, blocking_facility=None)]. The order of those handlers is not defined and they will be executed in random order. This might lead to race conditions and potential bugs.
2023-01-15 18:45:39,633 : EventManager : Unordered handler for class McConfigPlayer.widgets on event slide_prelaunch_slide_created with priority 0. Handlers: [RegisteredHandler(callback=<bound method McWidgetPlayer._add_widget_to_slide_when_active of McConfigPlayer.widgets>, priority=0, kwargs={'slide_name': 'prelaunch_slide', 'widget': 'skillshot_up_selected_player_1_widget', 's': {'slide': 'prelaunch_slide', 'key': 'skill_shot-skillshot_up_selected_player_1_widget', 'target': None}, 'play_kwargs': {}}, key=UUID('cfffe2dd-6982-4dc4-a9c6-c9cbda457aaf'), condition=None, blocking_facility=None), RegisteredHandler(callback=<bound method McWidgetPlayer._add_widget_to_slide_when_active of McConfigPlayer.widgets>, priority=0, kwargs={'slide_name': 'prelaunch_slide', 'widget': 'skillshot_up_player_2_widget', 's': {'slide': 'prelaunch_slide', 'key': 'skill_shot-skillshot_up_player_2_widget', 'target': None}, 'play_kwargs': {}}, key=UUID('270c161f-105a-4dcd-a9c9-0b7618ea8f7b'), condition=None, blocking_facility=None), RegisteredHandler(callback=<bound method McWidgetPlayer._add_widget_to_slide_when_active of McConfigPlayer.widgets>, priority=0, kwargs={'slide_name': 'prelaunch_slide', 'widget': 'skillshot_up_player_3_widget', 's': {'slide': 'prelaunch_slide', 'key': 'skill_shot-skillshot_up_player_3_widget', 'target': None}, 'play_kwargs': {}}, key=UUID('e86a9394-c55e-4ab5-9d9d-a96187873e0c'), condition=None, blocking_facility=None), RegisteredHandler(callback=<bound method McWidgetPlayer._add_widget_to_slide_when_active of McConfigPlayer.widgets>, priority=0, kwargs={'slide_name': 'prelaunch_slide', 'widget': 'skillshot_up_player_4_widget', 's': {'slide': 'prelaunch_slide', 'key': 'skill_shot-skillshot_up_player_4_widget', 'target': None}, 'play_kwargs': {}}, key=UUID('8671c68d-e8df-45ad-85b1-fd3894931681'), condition=None, blocking_facility=None), RegisteredHandler(callback=<bound method McWidgetPlayer._add_widget_to_slide_when_active of McConfigPlayer.widgets>, priority=0, kwargs={'slide_name': 'prelaunch_slide', 'widget': 'skill_shot_select_widget_5', 's': {'slide': 'prelaunch_slide', 'key': 'skill_shot-skill_shot_select_widget_5', 'target': None}, 'play_kwargs': {'restore': False, 'state': 'enabled', 'selected': True}}, key=UUID('4e1107de-a784-4389-9631-e7750c977b2e'), condition=None, blocking_facility=None), RegisteredHandler(callback=<bound method McWidgetPlayer._add_widget_to_slide_when_active of McConfigPlayer.widgets>, priority=0, kwargs={'slide_name': 'prelaunch_slide', 'widget': 'skill_shot_select_widget_4', 's': {'slide': 'prelaunch_slide', 'key': 'skill_shot-skill_shot_select_widget_4', 'target': None}, 'play_kwargs': {'restore': False, 'state': 'enabled', 'selected': True}}, key=UUID('c6fe7f3b-0eac-44f3-88ce-61b98735e136'), condition=None, blocking_facility=None)]. The order of those handlers is not defined and they will be executed in random order. This might lead to race conditions and potential bugs.
2023-01-15 18:45:39,633 : EventManager : Unordered handler for class McConfigPlayer.widgets on event slide_prelaunch_slide_created with priority 0. Handlers: [RegisteredHandler(callback=<bound method McWidgetPlayer._add_widget_to_slide_when_active of McConfigPlayer.widgets>, priority=0, kwargs={'slide_name': 'prelaunch_slide', 'widget': 'skillshot_up_selected_player_1_widget', 's': {'slide': 'prelaunch_slide', 'key': 'skill_shot-skillshot_up_selected_player_1_widget', 'target': None}, 'play_kwargs': {}}, key=UUID('cfffe2dd-6982-4dc4-a9c6-c9cbda457aaf'), condition=None, blocking_facility=None), RegisteredHandler(callback=<bound method McWidgetPlayer._add_widget_to_slide_when_active of McConfigPlayer.widgets>, priority=0, kwargs={'slide_name': 'prelaunch_slide', 'widget': 'skillshot_up_player_2_widget', 's': {'slide': 'prelaunch_slide', 'key': 'skill_shot-skillshot_up_player_2_widget', 'target': None}, 'play_kwargs': {}}, key=UUID('270c161f-105a-4dcd-a9c9-0b7618ea8f7b'), condition=None, blocking_facility=None), RegisteredHandler(callback=<bound method McWidgetPlayer._add_widget_to_slide_when_active of McConfigPlayer.widgets>, priority=0, kwargs={'slide_name': 'prelaunch_slide', 'widget': 'skillshot_up_player_3_widget', 's': {'slide': 'prelaunch_slide', 'key': 'skill_shot-skillshot_up_player_3_widget', 'target': None}, 'play_kwargs': {}}, key=UUID('e86a9394-c55e-4ab5-9d9d-a96187873e0c'), condition=None, blocking_facility=None), RegisteredHandler(callback=<bound method McWidgetPlayer._add_widget_to_slide_when_active of McConfigPlayer.widgets>, priority=0, kwargs={'slide_name': 'prelaunch_slide', 'widget': 'skillshot_up_player_4_widget', 's': {'slide': 'prelaunch_slide', 'key': 'skill_shot-skillshot_up_player_4_widget', 'target': None}, 'play_kwargs': {}}, key=UUID('8671c68d-e8df-45ad-85b1-fd3894931681'), condition=None, blocking_facility=None), RegisteredHandler(callback=<bound method McWidgetPlayer._add_widget_to_slide_when_active of McConfigPlayer.widgets>, priority=0, kwargs={'slide_name': 'prelaunch_slide', 'widget': 'skill_shot_select_widget_5', 's': {'slide': 'prelaunch_slide', 'key': 'skill_shot-skill_shot_select_widget_5', 'target': None}, 'play_kwargs': {'restore': False, 'state': 'enabled', 'selected': True}}, key=UUID('4e1107de-a784-4389-9631-e7750c977b2e'), condition=None, blocking_facility=None), RegisteredHandler(callback=<bound method McWidgetPlayer._add_widget_to_slide_when_active of McConfigPlayer.widgets>, priority=0, kwargs={'slide_name': 'prelaunch_slide', 'widget': 'skill_shot_select_widget_4', 's': {'slide': 'prelaunch_slide', 'key': 'skill_shot-skill_shot_select_widget_4', 'target': None}, 'play_kwargs': {'restore': False, 'state': 'enabled', 'selected': True}}, key=UUID('c6fe7f3b-0eac-44f3-88ce-61b98735e136'), condition=None, blocking_facility=None)]. The order of those handlers is not defined and they will be executed in random order. This might lead to race conditions and potential bugs.
2023-01-15 18:45:39,633 : EventManager : Unordered handler for class McConfigPlayer.widgets on event slide_prelaunch_slide_created with priority 0. Handlers: [RegisteredHandler(callback=<bound method McWidgetPlayer._add_widget_to_slide_when_active of McConfigPlayer.widgets>, priority=0, kwargs={'slide_name': 'prelaunch_slide', 'widget': 'skillshot_up_selected_player_1_widget', 's': {'slide': 'prelaunch_slide', 'key': 'skill_shot-skillshot_up_selected_player_1_widget', 'target': None}, 'play_kwargs': {}}, key=UUID('cfffe2dd-6982-4dc4-a9c6-c9cbda457aaf'), condition=None, blocking_facility=None), RegisteredHandler(callback=<bound method McWidgetPlayer._add_widget_to_slide_when_active of McConfigPlayer.widgets>, priority=0, kwargs={'slide_name': 'prelaunch_slide', 'widget': 'skillshot_up_player_2_widget', 's': {'slide': 'prelaunch_slide', 'key': 'skill_shot-skillshot_up_player_2_widget', 'target': None}, 'play_kwargs': {}}, key=UUID('270c161f-105a-4dcd-a9c9-0b7618ea8f7b'), condition=None, blocking_facility=None), RegisteredHandler(callback=<bound method McWidgetPlayer._add_widget_to_slide_when_active of McConfigPlayer.widgets>, priority=0, kwargs={'slide_name': 'prelaunch_slide', 'widget': 'skillshot_up_player_3_widget', 's': {'slide': 'prelaunch_slide', 'key': 'skill_shot-skillshot_up_player_3_widget', 'target': None}, 'play_kwargs': {}}, key=UUID('e86a9394-c55e-4ab5-9d9d-a96187873e0c'), condition=None, blocking_facility=None), RegisteredHandler(callback=<bound method McWidgetPlayer._add_widget_to_slide_when_active of McConfigPlayer.widgets>, priority=0, kwargs={'slide_name': 'prelaunch_slide', 'widget': 'skillshot_up_player_4_widget', 's': {'slide': 'prelaunch_slide', 'key': 'skill_shot-skillshot_up_player_4_widget', 'target': None}, 'play_kwargs': {}}, key=UUID('8671c68d-e8df-45ad-85b1-fd3894931681'), condition=None, blocking_facility=None), RegisteredHandler(callback=<bound method McWidgetPlayer._add_widget_to_slide_when_active of McConfigPlayer.widgets>, priority=0, kwargs={'slide_name': 'prelaunch_slide', 'widget': 'skill_shot_select_widget_5', 's': {'slide': 'prelaunch_slide', 'key': 'skill_shot-skill_shot_select_widget_5', 'target': None}, 'play_kwargs': {'restore': False, 'state': 'enabled', 'selected': True}}, key=UUID('4e1107de-a784-4389-9631-e7750c977b2e'), condition=None, blocking_facility=None), RegisteredHandler(callback=<bound method McWidgetPlayer._add_widget_to_slide_when_active of McConfigPlayer.widgets>, priority=0, kwargs={'slide_name': 'prelaunch_slide', 'widget': 'skill_shot_select_widget_4', 's': {'slide': 'prelaunch_slide', 'key': 'skill_shot-skill_shot_select_widget_4', 'target': None}, 'play_kwargs': {'restore': False, 'state': 'enabled', 'selected': True}}, key=UUID('c6fe7f3b-0eac-44f3-88ce-61b98735e136'), condition=None, blocking_facility=None)]. The order of those handlers is not defined and they will be executed in random order. This might lead to race conditions and potential bugs.
2023-01-15 18:45:39,634 : EventManager : Unordered handler for class McConfigPlayer.widgets on event slide_prelaunch_slide_created with priority 0. Handlers: [RegisteredHandler(callback=<bound method McWidgetPlayer._add_widget_to_slide_when_active of McConfigPlayer.widgets>, priority=0, kwargs={'slide_name': 'prelaunch_slide', 'widget': 'skillshot_up_selected_player_1_widget', 's': {'slide': 'prelaunch_slide', 'key': 'skill_shot-skillshot_up_selected_player_1_widget', 'target': None}, 'play_kwargs': {}}, key=UUID('cfffe2dd-6982-4dc4-a9c6-c9cbda457aaf'), condition=None, blocking_facility=None), RegisteredHandler(callback=<bound method McWidgetPlayer._add_widget_to_slide_when_active of McConfigPlayer.widgets>, priority=0, kwargs={'slide_name': 'prelaunch_slide', 'widget': 'skillshot_up_player_2_widget', 's': {'slide': 'prelaunch_slide', 'key': 'skill_shot-skillshot_up_player_2_widget', 'target': None}, 'play_kwargs': {}}, key=UUID('270c161f-105a-4dcd-a9c9-0b7618ea8f7b'), condition=None, blocking_facility=None), RegisteredHandler(callback=<bound method McWidgetPlayer._add_widget_to_slide_when_active of McConfigPlayer.widgets>, priority=0, kwargs={'slide_name': 'prelaunch_slide', 'widget': 'skillshot_up_player_3_widget', 's': {'slide': 'prelaunch_slide', 'key': 'skill_shot-skillshot_up_player_3_widget', 'target': None}, 'play_kwargs': {}}, key=UUID('e86a9394-c55e-4ab5-9d9d-a96187873e0c'), condition=None, blocking_facility=None), RegisteredHandler(callback=<bound method McWidgetPlayer._add_widget_to_slide_when_active of McConfigPlayer.widgets>, priority=0, kwargs={'slide_name': 'prelaunch_slide', 'widget': 'skillshot_up_player_4_widget', 's': {'slide': 'prelaunch_slide', 'key': 'skill_shot-skillshot_up_player_4_widget', 'target': None}, 'play_kwargs': {}}, key=UUID('8671c68d-e8df-45ad-85b1-fd3894931681'), condition=None, blocking_facility=None), RegisteredHandler(callback=<bound method McWidgetPlayer._add_widget_to_slide_when_active of McConfigPlayer.widgets>, priority=0, kwargs={'slide_name': 'prelaunch_slide', 'widget': 'skill_shot_select_widget_5', 's': {'slide': 'prelaunch_slide', 'key': 'skill_shot-skill_shot_select_widget_5', 'target': None}, 'play_kwargs': {'restore': False, 'state': 'enabled', 'selected': True}}, key=UUID('4e1107de-a784-4389-9631-e7750c977b2e'), condition=None, blocking_facility=None), RegisteredHandler(callback=<bound method McWidgetPlayer._add_widget_to_slide_when_active of McConfigPlayer.widgets>, priority=0, kwargs={'slide_name': 'prelaunch_slide', 'widget': 'skill_shot_select_widget_4', 's': {'slide': 'prelaunch_slide', 'key': 'skill_shot-skill_shot_select_widget_4', 'target': None}, 'play_kwargs': {'restore': False, 'state': 'enabled', 'selected': True}}, key=UUID('c6fe7f3b-0eac-44f3-88ce-61b98735e136'), condition=None, blocking_facility=None)]. The order of those handlers is not defined and they will be executed in random order. This might lead to race conditions and potential bugs.
2023-01-15 18:45:40,433 : EventManager : Event: ======'slides_play'====== Args={'settings': {'status_report_tilte1': {'widgets': [{'type': 'text', 'text': 'STATUS REPORT', 'style': ['big'], 'font_size': 11, 'y': 'center', 'round_anchor_x': 'left', 'round_anchor_y': 'top', '_default_settings': ['type', 'text', 'style', 'font_size', 'y', 'round_anchor_x', 'round_anchor_y'], 'x': None, 'anchor_x': 'center', 'anchor_y': 'center', 'opacity': 1.0, 'z': 0, 'reset_animations_events': {}, 'color': [1.0, 1.0, 1.0, 1.0], 'adjust_top': 0, 'adjust_bottom': 0, 'adjust_left': 0, 'adjust_right': 0, 'expire': None, 'key': None, 'widget': None, 'events_when_added': [], 'events_when_removed': [], 'bitmap_font': False, 'font_kerning': True, 'bold': False, 'italic': False, 'number_grouping': False, 'min_digits': 0, 'halign': 'center', 'valign': 'middle', 'rotation': 0, 'scale': 1.0, 'casing': None, 'animations': None}], 'target': None, 'background_color': [0.0, 0.0, 0.0, 1.0], 'priority': None, 'show': True, 'force': False, 'expire': None, 'slide': None, 'tokens': {}, 'action': 'play'}}, 'context': 'show_19', 'calling_context': 1, 'priority': 1620, 'show_tokens': {}, 'start_time': 63243.734}
2023-01-15 18:45:40,433 : mpfmc : SlidePlayer: Play called with settings={'status_report_tilte1': {'widgets': [{'type': 'text', 'text': 'STATUS REPORT', 'style': ['big'], 'font_size': 11, 'y': 'center', 'round_anchor_x': 'left', 'round_anchor_y': 'top', '_default_settings': ['type', 'text', 'style', 'font_size', 'y', 'round_anchor_x', 'round_anchor_y'], 'x': None, 'anchor_x': 'center', 'anchor_y': 'center', 'opacity': 1.0, 'z': 0, 'reset_animations_events': {}, 'color': [1.0, 1.0, 1.0, 1.0], 'adjust_top': 0, 'adjust_bottom': 0, 'adjust_left': 0, 'adjust_right': 0, 'expire': None, 'key': None, 'widget': None, 'events_when_added': [], 'events_when_removed': [], 'bitmap_font': False, 'font_kerning': True, 'bold': False, 'italic': False, 'number_grouping': False, 'min_digits': 0, 'halign': 'center', 'valign': 'middle', 'rotation': 0, 'scale': 1.0, 'casing': None, 'animations': None}], 'target': None, 'background_color': [0.0, 0.0, 0.0, 1.0], 'priority': None, 'show': True, 'force': False, 'expire': None, 'slide': None, 'tokens': {}, 'action': 'play'}}
2023-01-15 18:45:40,434 : EventManager : Event: ======'slide_status_report_tilte1_removed'====== Args={}
2023-01-15 18:45:40,436 : EventManager : Event: ======'slide_status_report_tilte1_created'====== Args={}
2023-01-15 18:45:40,439 : EventManager : Event: ======'slide_status_report_tilte1_active'====== Args={}
2023-01-15 18:45:42,416 : EventManager : Event: ======'slides_play'====== Args={'settings': {'status_report_tilte2': {'widgets': [{'type': 'text', 'text': 'STATUS REPORT', 'style': ['big'], 'font_size': 10, 'y': 'center', 'round_anchor_x': 'left', 'round_anchor_y': 'top', '_default_settings': ['type', 'text', 'style', 'font_size', 'y', 'round_anchor_x', 'round_anchor_y'], 'x': None, 'anchor_x': 'center', 'anchor_y': 'center', 'opacity': 1.0, 'z': 0, 'reset_animations_events': {}, 'color': [1.0, 1.0, 1.0, 1.0], 'adjust_top': 0, 'adjust_bottom': 0, 'adjust_left': 0, 'adjust_right': 0, 'expire': None, 'key': None, 'widget': None, 'events_when_added': [], 'events_when_removed': [], 'bitmap_font': False, 'font_kerning': True, 'bold': False, 'italic': False, 'number_grouping': False, 'min_digits': 0, 'halign': 'center', 'valign': 'middle', 'rotation': 0, 'scale': 1.0, 'casing': None, 'animations': None}], 'target': None, 'background_color': [0.0, 0.0, 0.0, 1.0], 'priority': None, 'show': True, 'force': False, 'expire': None, 'slide': None, 'tokens': {}, 'action': 'play'}}, 'context': 'show_19', 'calling_context': 2, 'priority': 1620, 'show_tokens': {}, 'start_time': 63245.734}
2023-01-15 18:45:42,416 : mpfmc : SlidePlayer: Play called with settings={'status_report_tilte2': {'widgets': [{'type': 'text', 'text': 'STATUS REPORT', 'style': ['big'], 'font_size': 10, 'y': 'center', 'round_anchor_x': 'left', 'round_anchor_y': 'top', '_default_settings': ['type', 'text', 'style', 'font_size', 'y', 'round_anchor_x', 'round_anchor_y'], 'x': None, 'anchor_x': 'center', 'anchor_y': 'center', 'opacity': 1.0, 'z': 0, 'reset_animations_events': {}, 'color': [1.0, 1.0, 1.0, 1.0], 'adjust_top': 0, 'adjust_bottom': 0, 'adjust_left': 0, 'adjust_right': 0, 'expire': None, 'key': None, 'widget': None, 'events_when_added': [], 'events_when_removed': [], 'bitmap_font': False, 'font_kerning': True, 'bold': False, 'italic': False, 'number_grouping': False, 'min_digits': 0, 'halign': 'center', 'valign': 'middle', 'rotation': 0, 'scale': 1.0, 'casing': None, 'animations': None}], 'target': None, 'background_color': [0.0, 0.0, 0.0, 1.0], 'priority': None, 'show': True, 'force': False, 'expire': None, 'slide': None, 'tokens': {}, 'action': 'play'}}
2023-01-15 18:45:42,417 : EventManager : Event: ======'slide_status_report_tilte2_removed'====== Args={}
2023-01-15 18:45:42,419 : EventManager : Event: ======'slide_status_report_tilte2_created'====== Args={}
2023-01-15 18:45:42,422 : EventManager : Event: ======'slide_status_report_tilte2_active'====== Args={}
2023-01-15 18:45:43,433 : EventManager : Event: ======'slides_play'====== Args={'settings': {'status_report_tilte': {'widgets': [{'type': 'text', 'text': 'STATUS REPORT', 'style': ['big'], 'font_size': 14, 'y': 'center', 'round_anchor_x': 'left', 'round_anchor_y': 'top', '_default_settings': ['type', 'text', 'style', 'font_size', 'y', 'round_anchor_x', 'round_anchor_y'], 'x': None, 'anchor_x': 'center', 'anchor_y': 'center', 'opacity': 1.0, 'z': 0, 'reset_animations_events': {}, 'color': [1.0, 1.0, 1.0, 1.0], 'adjust_top': 0, 'adjust_bottom': 0, 'adjust_left': 0, 'adjust_right': 0, 'expire': None, 'key': None, 'widget': None, 'events_when_added': [], 'events_when_removed': [], 'bitmap_font': False, 'font_kerning': True, 'bold': False, 'italic': False, 'number_grouping': False, 'min_digits': 0, 'halign': 'center', 'valign': 'middle', 'rotation': 0, 'scale': 1.0, 'casing': None, 'animations': None}], 'target': None, 'background_color': [0.0, 0.0, 0.0, 1.0], 'priority': None, 'show': True, 'force': False, 'expire': None, 'slide': None, 'tokens': {}, 'action': 'play'}}, 'context': 'show_19', 'calling_context': 0, 'priority': 1620, 'show_tokens': {}, 'start_time': 63246.734}
2023-01-15 18:45:43,433 : mpfmc : SlidePlayer: Play called with settings={'status_report_tilte': {'widgets': [{'type': 'text', 'text': 'STATUS REPORT', 'style': ['big'], 'font_size': 14, 'y': 'center', 'round_anchor_x': 'left', 'round_anchor_y': 'top', '_default_settings': ['type', 'text', 'style', 'font_size', 'y', 'round_anchor_x', 'round_anchor_y'], 'x': None, 'anchor_x': 'center', 'anchor_y': 'center', 'opacity': 1.0, 'z': 0, 'reset_animations_events': {}, 'color': [1.0, 1.0, 1.0, 1.0], 'adjust_top': 0, 'adjust_bottom': 0, 'adjust_left': 0, 'adjust_right': 0, 'expire': None, 'key': None, 'widget': None, 'events_when_added': [], 'events_when_removed': [], 'bitmap_font': False, 'font_kerning': True, 'bold': False, 'italic': False, 'number_grouping': False, 'min_digits': 0, 'halign': 'center', 'valign': 'middle', 'rotation': 0, 'scale': 1.0, 'casing': None, 'animations': None}], 'target': None, 'background_color': [0.0, 0.0, 0.0, 1.0], 'priority': None, 'show': True, 'force': False, 'expire': None, 'slide': None, 'tokens': {}, 'action': 'play'}}
2023-01-15 18:45:43,434 : EventManager : Event: ======'slide_status_report_tilte_removed'====== Args={}
2023-01-15 18:45:43,436 : EventManager : Event: ======'slide_status_report_tilte_created'====== Args={}
2023-01-15 18:45:43,439 : EventManager : Event: ======'slide_status_report_tilte_active'====== Args={}
2023-01-15 18:45:45,417 : EventManager : Event: ======'slides_play'====== Args={'settings': {'status_report_tilte1': {'widgets': [{'type': 'text', 'text': 'STATUS REPORT', 'style': ['big'], 'font_size': 11, 'y': 'center', 'round_anchor_x': 'left', 'round_anchor_y': 'top', '_default_settings': ['type', 'text', 'style', 'font_size', 'y', 'round_anchor_x', 'round_anchor_y'], 'x': None, 'anchor_x': 'center', 'anchor_y': 'center', 'opacity': 1.0, 'z': 0, 'reset_animations_events': {}, 'color': [1.0, 1.0, 1.0, 1.0], 'adjust_top': 0, 'adjust_bottom': 0, 'adjust_left': 0, 'adjust_right': 0, 'expire': None, 'key': None, 'widget': None, 'events_when_added': [], 'events_when_removed': [], 'bitmap_font': False, 'font_kerning': True, 'bold': False, 'italic': False, 'number_grouping': False, 'min_digits': 0, 'halign': 'center', 'valign': 'middle', 'rotation': 0, 'scale': 1.0, 'casing': None, 'animations': None}], 'target': None, 'background_color': [0.0, 0.0, 0.0, 1.0], 'priority': None, 'show': True, 'force': False, 'expire': None, 'slide': None, 'tokens': {}, 'action': 'play'}}, 'context': 'show_19', 'calling_context': 1, 'priority': 1620, 'show_tokens': {}, 'start_time': 63248.734}
2023-01-15 18:45:45,417 : mpfmc : SlidePlayer: Play called with settings={'status_report_tilte1': {'widgets': [{'type': 'text', 'text': 'STATUS REPORT', 'style': ['big'], 'font_size': 11, 'y': 'center', 'round_anchor_x': 'left', 'round_anchor_y': 'top', '_default_settings': ['type', 'text', 'style', 'font_size', 'y', 'round_anchor_x', 'round_anchor_y'], 'x': None, 'anchor_x': 'center', 'anchor_y': 'center', 'opacity': 1.0, 'z': 0, 'reset_animations_events': {}, 'color': [1.0, 1.0, 1.0, 1.0], 'adjust_top': 0, 'adjust_bottom': 0, 'adjust_left': 0, 'adjust_right': 0, 'expire': None, 'key': None, 'widget': None, 'events_when_added': [], 'events_when_removed': [], 'bitmap_font': False, 'font_kerning': True, 'bold': False, 'italic': False, 'number_grouping': False, 'min_digits': 0, 'halign': 'center', 'valign': 'middle', 'rotation': 0, 'scale': 1.0, 'casing': None, 'animations': None}], 'target': None, 'background_color': [0.0, 0.0, 0.0, 1.0], 'priority': None, 'show': True, 'force': False, 'expire': None, 'slide': None, 'tokens': {}, 'action': 'play'}}
2023-01-15 18:45:45,418 : EventManager : Event: ======'slide_status_report_tilte1_removed'====== Args={}
2023-01-15 18:45:45,421 : EventManager : Event: ======'slide_status_report_tilte1_created'====== Args={}
2023-01-15 18:45:45,423 : EventManager : Event: ======'slide_status_report_tilte1_active'====== Args={}
2023-01-15 18:45:47,416 : EventManager : Event: ======'slides_play'====== Args={'settings': {'status_report_tilte2': {'widgets': [{'type': 'text', 'text': 'STATUS REPORT', 'style': ['big'], 'font_size': 10, 'y': 'center', 'round_anchor_x': 'left', 'round_anchor_y': 'top', '_default_settings': ['type', 'text', 'style', 'font_size', 'y', 'round_anchor_x', 'round_anchor_y'], 'x': None, 'anchor_x': 'center', 'anchor_y': 'center', 'opacity': 1.0, 'z': 0, 'reset_animations_events': {}, 'color': [1.0, 1.0, 1.0, 1.0], 'adjust_top': 0, 'adjust_bottom': 0, 'adjust_left': 0, 'adjust_right': 0, 'expire': None, 'key': None, 'widget': None, 'events_when_added': [], 'events_when_removed': [], 'bitmap_font': False, 'font_kerning': True, 'bold': False, 'italic': False, 'number_grouping': False, 'min_digits': 0, 'halign': 'center', 'valign': 'middle', 'rotation': 0, 'scale': 1.0, 'casing': None, 'animations': None}], 'target': None, 'background_color': [0.0, 0.0, 0.0, 1.0], 'priority': None, 'show': True, 'force': False, 'expire': None, 'slide': None, 'tokens': {}, 'action': 'play'}}, 'context': 'show_19', 'calling_context': 2, 'priority': 1620, 'show_tokens': {}, 'start_time': 63250.734}
2023-01-15 18:45:47,417 : mpfmc : SlidePlayer: Play called with settings={'status_report_tilte2': {'widgets': [{'type': 'text', 'text': 'STATUS REPORT', 'style': ['big'], 'font_size': 10, 'y': 'center', 'round_anchor_x': 'left', 'round_anchor_y': 'top', '_default_settings': ['type', 'text', 'style', 'font_size', 'y', 'round_anchor_x', 'round_anchor_y'], 'x': None, 'anchor_x': 'center', 'anchor_y': 'center', 'opacity': 1.0, 'z': 0, 'reset_animations_events': {}, 'color': [1.0, 1.0, 1.0, 1.0], 'adjust_top': 0, 'adjust_bottom': 0, 'adjust_left': 0, 'adjust_right': 0, 'expire': None, 'key': None, 'widget': None, 'events_when_added': [], 'events_when_removed': [], 'bitmap_font': False, 'font_kerning': True, 'bold': False, 'italic': False, 'number_grouping': False, 'min_digits': 0, 'halign': 'center', 'valign': 'middle', 'rotation': 0, 'scale': 1.0, 'casing': None, 'animations': None}], 'target': None, 'background_color': [0.0, 0.0, 0.0, 1.0], 'priority': None, 'show': True, 'force': False, 'expire': None, 'slide': None, 'tokens': {}, 'action': 'play'}}
2023-01-15 18:45:47,418 : EventManager : Event: ======'slide_status_report_tilte2_removed'====== Args={}
2023-01-15 18:45:47,420 : EventManager : Event: ======'slide_status_report_tilte2_created'====== Args={}
2023-01-15 18:45:47,423 : EventManager : Event: ======'slide_status_report_tilte2_active'====== Args={}
2023-01-15 18:45:48,419 : EventManager : Event: ======'slides_play'====== Args={'settings': {'status_report_tilte': {'widgets': [{'type': 'text', 'text': 'STATUS REPORT', 'style': ['big'], 'font_size': 14, 'y': 'center', 'round_anchor_x': 'left', 'round_anchor_y': 'top', '_default_settings': ['type', 'text', 'style', 'font_size', 'y', 'round_anchor_x', 'round_anchor_y'], 'x': None, 'anchor_x': 'center', 'anchor_y': 'center', 'opacity': 1.0, 'z': 0, 'reset_animations_events': {}, 'color': [1.0, 1.0, 1.0, 1.0], 'adjust_top': 0, 'adjust_bottom': 0, 'adjust_left': 0, 'adjust_right': 0, 'expire': None, 'key': None, 'widget': None, 'events_when_added': [], 'events_when_removed': [], 'bitmap_font': False, 'font_kerning': True, 'bold': False, 'italic': False, 'number_grouping': False, 'min_digits': 0, 'halign': 'center', 'valign': 'middle', 'rotation': 0, 'scale': 1.0, 'casing': None, 'animations': None}], 'target': None, 'background_color': [0.0, 0.0, 0.0, 1.0], 'priority': None, 'show': True, 'force': False, 'expire': None, 'slide': None, 'tokens': {}, 'action': 'play'}}, 'context': 'show_19', 'calling_context': 0, 'priority': 1620, 'show_tokens': {}, 'start_time': 63251.734}
2023-01-15 18:45:48,419 : mpfmc : SlidePlayer: Play called with settings={'status_report_tilte': {'widgets': [{'type': 'text', 'text': 'STATUS REPORT', 'style': ['big'], 'font_size': 14, 'y': 'center', 'round_anchor_x': 'left', 'round_anchor_y': 'top', '_default_settings': ['type', 'text', 'style', 'font_size', 'y', 'round_anchor_x', 'round_anchor_y'], 'x': None, 'anchor_x': 'center', 'anchor_y': 'center', 'opacity': 1.0, 'z': 0, 'reset_animations_events': {}, 'color': [1.0, 1.0, 1.0, 1.0], 'adjust_top': 0, 'adjust_bottom': 0, 'adjust_left': 0, 'adjust_right': 0, 'expire': None, 'key': None, 'widget': None, 'events_when_added': [], 'events_when_removed': [], 'bitmap_font': False, 'font_kerning': True, 'bold': False, 'italic': False, 'number_grouping': False, 'min_digits': 0, 'halign': 'center', 'valign': 'middle', 'rotation': 0, 'scale': 1.0, 'casing': None, 'animations': None}], 'target': None, 'background_color': [0.0, 0.0, 0.0, 1.0], 'priority': None, 'show': True, 'force': False, 'expire': None, 'slide': None, 'tokens': {}, 'action': 'play'}}
2023-01-15 18:45:48,420 : EventManager : Event: ======'slide_status_report_tilte_removed'====== Args={}
2023-01-15 18:45:48,423 : EventManager : Event: ======'slide_status_report_tilte_created'====== Args={}
2023-01-15 18:45:48,425 : EventManager : Event: ======'slide_status_report_tilte_active'====== Args={}
2023-01-15 18:45:50,416 : EventManager : Event: ======'slides_play'====== Args={'settings': {'status_report_tilte1': {'widgets': [{'type': 'text', 'text': 'STATUS REPORT', 'style': ['big'], 'font_size': 11, 'y': 'center', 'round_anchor_x': 'left', 'round_anchor_y': 'top', '_default_settings': ['type', 'text', 'style', 'font_size', 'y', 'round_anchor_x', 'round_anchor_y'], 'x': None, 'anchor_x': 'center', 'anchor_y': 'center', 'opacity': 1.0, 'z': 0, 'reset_animations_events': {}, 'color': [1.0, 1.0, 1.0, 1.0], 'adjust_top': 0, 'adjust_bottom': 0, 'adjust_left': 0, 'adjust_right': 0, 'expire': None, 'key': None, 'widget': None, 'events_when_added': [], 'events_when_removed': [], 'bitmap_font': False, 'font_kerning': True, 'bold': False, 'italic': False, 'number_grouping': False, 'min_digits': 0, 'halign': 'center', 'valign': 'middle', 'rotation': 0, 'scale': 1.0, 'casing': None, 'animations': None}], 'target': None, 'background_color': [0.0, 0.0, 0.0, 1.0], 'priority': None, 'show': True, 'force': False, 'expire': None, 'slide': None, 'tokens': {}, 'action': 'play'}}, 'context': 'show_19', 'calling_context': 1, 'priority': 1620, 'show_tokens': {}, 'start_time': 63253.734}
2023-01-15 18:45:50,416 : mpfmc : SlidePlayer: Play called with settings={'status_report_tilte1': {'widgets': [{'type': 'text', 'text': 'STATUS REPORT', 'style': ['big'], 'font_size': 11, 'y': 'center', 'round_anchor_x': 'left', 'round_anchor_y': 'top', '_default_settings': ['type', 'text', 'style', 'font_size', 'y', 'round_anchor_x', 'round_anchor_y'], 'x': None, 'anchor_x': 'center', 'anchor_y': 'center', 'opacity': 1.0, 'z': 0, 'reset_animations_events': {}, 'color': [1.0, 1.0, 1.0, 1.0], 'adjust_top': 0, 'adjust_bottom': 0, 'adjust_left': 0, 'adjust_right': 0, 'expire': None, 'key': None, 'widget': None, 'events_when_added': [], 'events_when_removed': [], 'bitmap_font': False, 'font_kerning': True, 'bold': False, 'italic': False, 'number_grouping': False, 'min_digits': 0, 'halign': 'center', 'valign': 'middle', 'rotation': 0, 'scale': 1.0, 'casing': None, 'animations': None}], 'target': None, 'background_color': [0.0, 0.0, 0.0, 1.0], 'priority': None, 'show': True, 'force': False, 'expire': None, 'slide': None, 'tokens': {}, 'action': 'play'}}
2023-01-15 18:45:50,417 : EventManager : Event: ======'slide_status_report_tilte1_removed'====== Args={}
2023-01-15 18:45:50,440 : EventManager : Event: ======'slide_status_report_tilte1_created'====== Args={}
2023-01-15 18:45:50,442 : EventManager : Event: ======'slide_status_report_tilte1_active'====== Args={}
2023-01-15 18:45:52,401 : EventManager : Event: ======'slides_play'====== Args={'settings': {'status_report_tilte2': {'widgets': [{'type': 'text', 'text': 'STATUS REPORT', 'style': ['big'], 'font_size': 10, 'y': 'center', 'round_anchor_x': 'left', 'round_anchor_y': 'top', '_default_settings': ['type', 'text', 'style', 'font_size', 'y', 'round_anchor_x', 'round_anchor_y'], 'x': None, 'anchor_x': 'center', 'anchor_y': 'center', 'opacity': 1.0, 'z': 0, 'reset_animations_events': {}, 'color': [1.0, 1.0, 1.0, 1.0], 'adjust_top': 0, 'adjust_bottom': 0, 'adjust_left': 0, 'adjust_right': 0, 'expire': None, 'key': None, 'widget': None, 'events_when_added': [], 'events_when_removed': [], 'bitmap_font': False, 'font_kerning': True, 'bold': False, 'italic': False, 'number_grouping': False, 'min_digits': 0, 'halign': 'center', 'valign': 'middle', 'rotation': 0, 'scale': 1.0, 'casing': None, 'animations': None}], 'target': None, 'background_color': [0.0, 0.0, 0.0, 1.0], 'priority': None, 'show': True, 'force': False, 'expire': None, 'slide': None, 'tokens': {}, 'action': 'play'}}, 'context': 'show_19', 'calling_context': 2, 'priority': 1620, 'show_tokens': {}, 'start_time': 63255.734}
2023-01-15 18:45:52,401 : mpfmc : SlidePlayer: Play called with settings={'status_report_tilte2': {'widgets': [{'type': 'text', 'text': 'STATUS REPORT', 'style': ['big'], 'font_size': 10, 'y': 'center', 'round_anchor_x': 'left', 'round_anchor_y': 'top', '_default_settings': ['type', 'text', 'style', 'font_size', 'y', 'round_anchor_x', 'round_anchor_y'], 'x': None, 'anchor_x': 'center', 'anchor_y': 'center', 'opacity': 1.0, 'z': 0, 'reset_animations_events': {}, 'color': [1.0, 1.0, 1.0, 1.0], 'adjust_top': 0, 'adjust_bottom': 0, 'adjust_left': 0, 'adjust_right': 0, 'expire': None, 'key': None, 'widget': None, 'events_when_added': [], 'events_when_removed': [], 'bitmap_font': False, 'font_kerning': True, 'bold': False, 'italic': False, 'number_grouping': False, 'min_digits': 0, 'halign': 'center', 'valign': 'middle', 'rotation': 0, 'scale': 1.0, 'casing': None, 'animations': None}], 'target': None, 'background_color': [0.0, 0.0, 0.0, 1.0], 'priority': None, 'show': True, 'force': False, 'expire': None, 'slide': None, 'tokens': {}, 'action': 'play'}}
2023-01-15 18:45:52,402 : EventManager : Event: ======'slide_status_report_tilte2_removed'====== Args={}
2023-01-15 18:45:52,404 : EventManager : Event: ======'slide_status_report_tilte2_created'====== Args={}
2023-01-15 18:45:52,406 : EventManager : Event: ======'slide_status_report_tilte2_active'====== Args={}
2023-01-15 18:45:53,418 : EventManager : Event: ======'slides_play'====== Args={'settings': {'status_report_tilte': {'widgets': [{'type': 'text', 'text': 'STATUS REPORT', 'style': ['big'], 'font_size': 14, 'y': 'center', 'round_anchor_x': 'left', 'round_anchor_y': 'top', '_default_settings': ['type', 'text', 'style', 'font_size', 'y', 'round_anchor_x', 'round_anchor_y'], 'x': None, 'anchor_x': 'center', 'anchor_y': 'center', 'opacity': 1.0, 'z': 0, 'reset_animations_events': {}, 'color': [1.0, 1.0, 1.0, 1.0], 'adjust_top': 0, 'adjust_bottom': 0, 'adjust_left': 0, 'adjust_right': 0, 'expire': None, 'key': None, 'widget': None, 'events_when_added': [], 'events_when_removed': [], 'bitmap_font': False, 'font_kerning': True, 'bold': False, 'italic': False, 'number_grouping': False, 'min_digits': 0, 'halign': 'center', 'valign': 'middle', 'rotation': 0, 'scale': 1.0, 'casing': None, 'animations': None}], 'target': None, 'background_color': [0.0, 0.0, 0.0, 1.0], 'priority': None, 'show': True, 'force': False, 'expire': None, 'slide': None, 'tokens': {}, 'action': 'play'}}, 'context': 'show_19', 'calling_context': 0, 'priority': 1620, 'show_tokens': {}, 'start_time': 63256.734}
2023-01-15 18:45:53,418 : mpfmc : SlidePlayer: Play called with settings={'status_report_tilte': {'widgets': [{'type': 'text', 'text': 'STATUS REPORT', 'style': ['big'], 'font_size': 14, 'y': 'center', 'round_anchor_x': 'left', 'round_anchor_y': 'top', '_default_settings': ['type', 'text', 'style', 'font_size', 'y', 'round_anchor_x', 'round_anchor_y'], 'x': None, 'anchor_x': 'center', 'anchor_y': 'center', 'opacity': 1.0, 'z': 0, 'reset_animations_events': {}, 'color': [1.0, 1.0, 1.0, 1.0], 'adjust_top': 0, 'adjust_bottom': 0, 'adjust_left': 0, 'adjust_right': 0, 'expire': None, 'key': None, 'widget': None, 'events_when_added': [], 'events_when_removed': [], 'bitmap_font': False, 'font_kerning': True, 'bold': False, 'italic': False, 'number_grouping': False, 'min_digits': 0, 'halign': 'center', 'valign': 'middle', 'rotation': 0, 'scale': 1.0, 'casing': None, 'animations': None}], 'target': None, 'background_color': [0.0, 0.0, 0.0, 1.0], 'priority': None, 'show': True, 'force': False, 'expire': None, 'slide': None, 'tokens': {}, 'action': 'play'}}
2023-01-15 18:45:53,419 : EventManager : Event: ======'slide_status_report_tilte_removed'====== Args={}
2023-01-15 18:45:53,421 : EventManager : Event: ======'slide_status_report_tilte_created'====== Args={}
2023-01-15 18:45:53,423 : EventManager : Event: ======'slide_status_report_tilte_active'====== Args={}
2023-01-15 18:45:55,418 : EventManager : Event: ======'slides_play'====== Args={'settings': {'status_report_tilte1': {'widgets': [{'type': 'text', 'text': 'STATUS REPORT', 'style': ['big'], 'font_size': 11, 'y': 'center', 'round_anchor_x': 'left', 'round_anchor_y': 'top', '_default_settings': ['type', 'text', 'style', 'font_size', 'y', 'round_anchor_x', 'round_anchor_y'], 'x': None, 'anchor_x': 'center', 'anchor_y': 'center', 'opacity': 1.0, 'z': 0, 'reset_animations_events': {}, 'color': [1.0, 1.0, 1.0, 1.0], 'adjust_top': 0, 'adjust_bottom': 0, 'adjust_left': 0, 'adjust_right': 0, 'expire': None, 'key': None, 'widget': None, 'events_when_added': [], 'events_when_removed': [], 'bitmap_font': False, 'font_kerning': True, 'bold': False, 'italic': False, 'number_grouping': False, 'min_digits': 0, 'halign': 'center', 'valign': 'middle', 'rotation': 0, 'scale': 1.0, 'casing': None, 'animations': None}], 'target': None, 'background_color': [0.0, 0.0, 0.0, 1.0], 'priority': None, 'show': True, 'force': False, 'expire': None, 'slide': None, 'tokens': {}, 'action': 'play'}}, 'context': 'show_19', 'calling_context': 1, 'priority': 1620, 'show_tokens': {}, 'start_time': 63258.734}
2023-01-15 18:45:55,418 : mpfmc : SlidePlayer: Play called with settings={'status_report_tilte1': {'widgets': [{'type': 'text', 'text': 'STATUS REPORT', 'style': ['big'], 'font_size': 11, 'y': 'center', 'round_anchor_x': 'left', 'round_anchor_y': 'top', '_default_settings': ['type', 'text', 'style', 'font_size', 'y', 'round_anchor_x', 'round_anchor_y'], 'x': None, 'anchor_x': 'center', 'anchor_y': 'center', 'opacity': 1.0, 'z': 0, 'reset_animations_events': {}, 'color': [1.0, 1.0, 1.0, 1.0], 'adjust_top': 0, 'adjust_bottom': 0, 'adjust_left': 0, 'adjust_right': 0, 'expire': None, 'key': None, 'widget': None, 'events_when_added': [], 'events_when_removed': [], 'bitmap_font': False, 'font_kerning': True, 'bold': False, 'italic': False, 'number_grouping': False, 'min_digits': 0, 'halign': 'center', 'valign': 'middle', 'rotation': 0, 'scale': 1.0, 'casing': None, 'animations': None}], 'target': None, 'background_color': [0.0, 0.0, 0.0, 1.0], 'priority': None, 'show': True, 'force': False, 'expire': None, 'slide': None, 'tokens': {}, 'action': 'play'}}
2023-01-15 18:45:55,419 : EventManager : Event: ======'slide_status_report_tilte1_removed'====== Args={}
2023-01-15 18:45:55,421 : EventManager : Event: ======'slide_status_report_tilte1_created'====== Args={}
2023-01-15 18:45:55,423 : EventManager : Event: ======'slide_status_report_tilte1_active'====== Args={}
2023-01-15 18:45:57,417 : EventManager : Event: ======'slides_play'====== Args={'settings': {'status_report_tilte2': {'widgets': [{'type': 'text', 'text': 'STATUS REPORT', 'style': ['big'], 'font_size': 10, 'y': 'center', 'round_anchor_x': 'left', 'round_anchor_y': 'top', '_default_settings': ['type', 'text', 'style', 'font_size', 'y', 'round_anchor_x', 'round_anchor_y'], 'x': None, 'anchor_x': 'center', 'anchor_y': 'center', 'opacity': 1.0, 'z': 0, 'reset_animations_events': {}, 'color': [1.0, 1.0, 1.0, 1.0], 'adjust_top': 0, 'adjust_bottom': 0, 'adjust_left': 0, 'adjust_right': 0, 'expire': None, 'key': None, 'widget': None, 'events_when_added': [], 'events_when_removed': [], 'bitmap_font': False, 'font_kerning': True, 'bold': False, 'italic': False, 'number_grouping': False, 'min_digits': 0, 'halign': 'center', 'valign': 'middle', 'rotation': 0, 'scale': 1.0, 'casing': None, 'animations': None}], 'target': None, 'background_color': [0.0, 0.0, 0.0, 1.0], 'priority': None, 'show': True, 'force': False, 'expire': None, 'slide': None, 'tokens': {}, 'action': 'play'}}, 'context': 'show_19', 'calling_context': 2, 'priority': 1620, 'show_tokens': {}, 'start_time': 63260.734}
2023-01-15 18:45:57,418 : mpfmc : SlidePlayer: Play called with settings={'status_report_tilte2': {'widgets': [{'type': 'text', 'text': 'STATUS REPORT', 'style': ['big'], 'font_size': 10, 'y': 'center', 'round_anchor_x': 'left', 'round_anchor_y': 'top', '_default_settings': ['type', 'text', 'style', 'font_size', 'y', 'round_anchor_x', 'round_anchor_y'], 'x': None, 'anchor_x': 'center', 'anchor_y': 'center', 'opacity': 1.0, 'z': 0, 'reset_animations_events': {}, 'color': [1.0, 1.0, 1.0, 1.0], 'adjust_top': 0, 'adjust_bottom': 0, 'adjust_left': 0, 'adjust_right': 0, 'expire': None, 'key': None, 'widget': None, 'events_when_added': [], 'events_when_removed': [], 'bitmap_font': False, 'font_kerning': True, 'bold': False, 'italic': False, 'number_grouping': False, 'min_digits': 0, 'halign': 'center', 'valign': 'middle', 'rotation': 0, 'scale': 1.0, 'casing': None, 'animations': None}], 'target': None, 'background_color': [0.0, 0.0, 0.0, 1.0], 'priority': None, 'show': True, 'force': False, 'expire': None, 'slide': None, 'tokens': {}, 'action': 'play'}}
2023-01-15 18:45:57,419 : EventManager : Event: ======'slide_status_report_tilte2_removed'====== Args={}
2023-01-15 18:45:57,421 : EventManager : Event: ======'slide_status_report_tilte2_created'====== Args={}
2023-01-15 18:45:57,423 : EventManager : Event: ======'slide_status_report_tilte2_active'====== Args={}
2023-01-15 18:45:58,434 : EventManager : Event: ======'slides_play'====== Args={'settings': {'status_report_tilte': {'widgets': [{'type': 'text', 'text': 'STATUS REPORT', 'style': ['big'], 'font_size': 14, 'y': 'center', 'round_anchor_x': 'left', 'round_anchor_y': 'top', '_default_settings': ['type', 'text', 'style', 'font_size', 'y', 'round_anchor_x', 'round_anchor_y'], 'x': None, 'anchor_x': 'center', 'anchor_y': 'center', 'opacity': 1.0, 'z': 0, 'reset_animations_events': {}, 'color': [1.0, 1.0, 1.0, 1.0], 'adjust_top': 0, 'adjust_bottom': 0, 'adjust_left': 0, 'adjust_right': 0, 'expire': None, 'key': None, 'widget': None, 'events_when_added': [], 'events_when_removed': [], 'bitmap_font': False, 'font_kerning': True, 'bold': False, 'italic': False, 'number_grouping': False, 'min_digits': 0, 'halign': 'center', 'valign': 'middle', 'rotation': 0, 'scale': 1.0, 'casing': None, 'animations': None}], 'target': None, 'background_color': [0.0, 0.0, 0.0, 1.0], 'priority': None, 'show': True, 'force': False, 'expire': None, 'slide': None, 'tokens': {}, 'action': 'play'}}, 'context': 'show_19', 'calling_context': 0, 'priority': 1620, 'show_tokens': {}, 'start_time': 63261.734}
2023-01-15 18:45:58,434 : mpfmc : SlidePlayer: Play called with settings={'status_report_tilte': {'widgets': [{'type': 'text', 'text': 'STATUS REPORT', 'style': ['big'], 'font_size': 14, 'y': 'center', 'round_anchor_x': 'left', 'round_anchor_y': 'top', '_default_settings': ['type', 'text', 'style', 'font_size', 'y', 'round_anchor_x', 'round_anchor_y'], 'x': None, 'anchor_x': 'center', 'anchor_y': 'center', 'opacity': 1.0, 'z': 0, 'reset_animations_events': {}, 'color': [1.0, 1.0, 1.0, 1.0], 'adjust_top': 0, 'adjust_bottom': 0, 'adjust_left': 0, 'adjust_right': 0, 'expire': None, 'key': None, 'widget': None, 'events_when_added': [], 'events_when_removed': [], 'bitmap_font': False, 'font_kerning': True, 'bold': False, 'italic': False, 'number_grouping': False, 'min_digits': 0, 'halign': 'center', 'valign': 'middle', 'rotation': 0, 'scale': 1.0, 'casing': None, 'animations': None}], 'target': None, 'background_color': [0.0, 0.0, 0.0, 1.0], 'priority': None, 'show': True, 'force': False, 'expire': None, 'slide': None, 'tokens': {}, 'action': 'play'}}
2023-01-15 18:45:58,435 : EventManager : Event: ======'slide_status_report_tilte_removed'====== Args={}
2023-01-15 18:45:58,438 : EventManager : Event: ======'slide_status_report_tilte_created'====== Args={}
2023-01-15 18:45:58,440 : EventManager : Event: ======'slide_status_report_tilte_active'====== Args={}
2023-01-15 18:46:00,401 : EventManager : Event: ======'slides_play'====== Args={'settings': {'status_report_tilte1': {'widgets': [{'type': 'text', 'text': 'STATUS REPORT', 'style': ['big'], 'font_size': 11, 'y': 'center', 'round_anchor_x': 'left', 'round_anchor_y': 'top', '_default_settings': ['type', 'text', 'style', 'font_size', 'y', 'round_anchor_x', 'round_anchor_y'], 'x': None, 'anchor_x': 'center', 'anchor_y': 'center', 'opacity': 1.0, 'z': 0, 'reset_animations_events': {}, 'color': [1.0, 1.0, 1.0, 1.0], 'adjust_top': 0, 'adjust_bottom': 0, 'adjust_left': 0, 'adjust_right': 0, 'expire': None, 'key': None, 'widget': None, 'events_when_added': [], 'events_when_removed': [], 'bitmap_font': False, 'font_kerning': True, 'bold': False, 'italic': False, 'number_grouping': False, 'min_digits': 0, 'halign': 'center', 'valign': 'middle', 'rotation': 0, 'scale': 1.0, 'casing': None, 'animations': None}], 'target': None, 'background_color': [0.0, 0.0, 0.0, 1.0], 'priority': None, 'show': True, 'force': False, 'expire': None, 'slide': None, 'tokens': {}, 'action': 'play'}}, 'context': 'show_19', 'calling_context': 1, 'priority': 1620, 'show_tokens': {}, 'start_time': 63263.734}
2023-01-15 18:46:00,401 : mpfmc : SlidePlayer: Play called with settings={'status_report_tilte1': {'widgets': [{'type': 'text', 'text': 'STATUS REPORT', 'style': ['big'], 'font_size': 11, 'y': 'center', 'round_anchor_x': 'left', 'round_anchor_y': 'top', '_default_settings': ['type', 'text', 'style', 'font_size', 'y', 'round_anchor_x', 'round_anchor_y'], 'x': None, 'anchor_x': 'center', 'anchor_y': 'center', 'opacity': 1.0, 'z': 0, 'reset_animations_events': {}, 'color': [1.0, 1.0, 1.0, 1.0], 'adjust_top': 0, 'adjust_bottom': 0, 'adjust_left': 0, 'adjust_right': 0, 'expire': None, 'key': None, 'widget': None, 'events_when_added': [], 'events_when_removed': [], 'bitmap_font': False, 'font_kerning': True, 'bold': False, 'italic': False, 'number_grouping': False, 'min_digits': 0, 'halign': 'center', 'valign': 'middle', 'rotation': 0, 'scale': 1.0, 'casing': None, 'animations': None}], 'target': None, 'background_color': [0.0, 0.0, 0.0, 1.0], 'priority': None, 'show': True, 'force': False, 'expire': None, 'slide': None, 'tokens': {}, 'action': 'play'}}
2023-01-15 18:46:00,402 : EventManager : Event: ======'slide_status_report_tilte1_removed'====== Args={}
2023-01-15 18:46:00,404 : EventManager : Event: ======'slide_status_report_tilte1_created'====== Args={}
2023-01-15 18:46:00,406 : EventManager : Event: ======'slide_status_report_tilte1_active'====== Args={}
2023-01-15 18:46:02,417 : EventManager : Event: ======'slides_play'====== Args={'settings': {'status_report_tilte2': {'widgets': [{'type': 'text', 'text': 'STATUS REPORT', 'style': ['big'], 'font_size': 10, 'y': 'center', 'round_anchor_x': 'left', 'round_anchor_y': 'top', '_default_settings': ['type', 'text', 'style', 'font_size', 'y', 'round_anchor_x', 'round_anchor_y'], 'x': None, 'anchor_x': 'center', 'anchor_y': 'center', 'opacity': 1.0, 'z': 0, 'reset_animations_events': {}, 'color': [1.0, 1.0, 1.0, 1.0], 'adjust_top': 0, 'adjust_bottom': 0, 'adjust_left': 0, 'adjust_right': 0, 'expire': None, 'key': None, 'widget': None, 'events_when_added': [], 'events_when_removed': [], 'bitmap_font': False, 'font_kerning': True, 'bold': False, 'italic': False, 'number_grouping': False, 'min_digits': 0, 'halign': 'center', 'valign': 'middle', 'rotation': 0, 'scale': 1.0, 'casing': None, 'animations': None}], 'target': None, 'background_color': [0.0, 0.0, 0.0, 1.0], 'priority': None, 'show': True, 'force': False, 'expire': None, 'slide': None, 'tokens': {}, 'action': 'play'}}, 'context': 'show_19', 'calling_context': 2, 'priority': 1620, 'show_tokens': {}, 'start_time': 63265.734}
2023-01-15 18:46:02,418 : mpfmc : SlidePlayer: Play called with settings={'status_report_tilte2': {'widgets': [{'type': 'text', 'text': 'STATUS REPORT', 'style': ['big'], 'font_size': 10, 'y': 'center', 'round_anchor_x': 'left', 'round_anchor_y': 'top', '_default_settings': ['type', 'text', 'style', 'font_size', 'y', 'round_anchor_x', 'round_anchor_y'], 'x': None, 'anchor_x': 'center', 'anchor_y': 'center', 'opacity': 1.0, 'z': 0, 'reset_animations_events': {}, 'color': [1.0, 1.0, 1.0, 1.0], 'adjust_top': 0, 'adjust_bottom': 0, 'adjust_left': 0, 'adjust_right': 0, 'expire': None, 'key': None, 'widget': None, 'events_when_added': [], 'events_when_removed': [], 'bitmap_font': False, 'font_kerning': True, 'bold': False, 'italic': False, 'number_grouping': False, 'min_digits': 0, 'halign': 'center', 'valign': 'middle', 'rotation': 0, 'scale': 1.0, 'casing': None, 'animations': None}], 'target': None, 'background_color': [0.0, 0.0, 0.0, 1.0], 'priority': None, 'show': True, 'force': False, 'expire': None, 'slide': None, 'tokens': {}, 'action': 'play'}}
2023-01-15 18:46:02,419 : EventManager : Event: ======'slide_status_report_tilte2_removed'====== Args={}
2023-01-15 18:46:02,421 : EventManager : Event: ======'slide_status_report_tilte2_created'====== Args={}
2023-01-15 18:46:02,423 : EventManager : Event: ======'slide_status_report_tilte2_active'====== Args={}
2023-01-15 18:46:02,682 : kivy : WindowSDL: exiting mainloop and closing.
2023-01-15 18:46:02,868 : kivy : Base: Leaving application in progress...
2023-01-15 18:46:02,868 : mpfmc : Stopping...
2023-01-15 18:46:02,868 : EventManager : Event: ======'shutdown'====== Args={}
2023-01-15 18:46:02,868 : mpfmc : Loop rate 59.24 Hz
2023-01-15 18:46:02,868 : kivy : MC run loop ended.
2023-01-15 18:46:02,868 : kivy : Stopping child threads... (3 remaining)
2023-01-15 18:46:03,206 : mpfmc : Stopping...
2023-01-15 18:46:03,206 : EventManager : Event: ======'shutdown'====== Args={}
2023-01-15 18:46:03,206 : mpfmc : Loop rate 58.95 Hz
2023-01-15 18:46:03,620 : MPF-MC BCP Server : Stopping BCP sending thread
2023-01-15 18:46:03,954 : kivy : All child threads stopped.
