2023-01-15 18:10:17,637 : INFO : root : Loading config.
2023-01-15 18:10:17,646 : INFO : YamlMultifileConfigLoader : Machine config file #1: config.yaml
2023-01-15 18:10:17,648 : WARNING : ConfigProcessor : Cache file not found: C:\Users\dell\AppData\Local\Temp\823390186140f561069e51d67517f5d0.mpf_cache
2023-01-15 18:10:17,648 : INFO : ConfigProcessor : Loading config from file c:\users\dell\appdata\local\programs\python\python36\lib\site-packages\mpf\mpfconfig.yaml.
2023-01-15 18:10:17,719 : INFO : ConfigProcessor : Loading config: c:\users\dell\appdata\local\programs\python\python36\lib\site-packages\mpf\mpfconfig.yaml
2023-01-15 18:10:17,719 : INFO : ConfigProcessor : Loading config from file E:\MPF\wows\wows\config\config.yaml.
2023-01-15 18:10:17,758 : INFO : ConfigProcessor : Loading config: E:\MPF\wows\wows\config\config.yaml
2023-01-15 18:10:17,796 : INFO : ConfigProcessor : Loading config: E:\MPF\wows\wows\config\primary/config_else_virtual.yaml
2023-01-15 18:10:17,890 : INFO : ConfigProcessor : Loading config: E:\MPF\wows\wows\config\primary/config_hardware.yaml
2023-01-15 18:10:17,899 : INFO : ConfigProcessor : Loading config: E:\MPF\wows\wows\config\primary/config_keys.yaml
2023-01-15 18:10:17,960 : INFO : ConfigProcessor : Loading config: E:\MPF\wows\wows\config\primary/config_logic.yaml
2023-01-15 18:10:17,978 : INFO : ConfigProcessor : Loading config: E:\MPF\wows\wows\config\primary/config_modes.yaml
2023-01-15 18:10:17,994 : INFO : ConfigProcessor : Loading config: E:\MPF\wows\wows\config\primary/config_operator_settings.yaml
2023-01-15 18:10:18,018 : INFO : ConfigProcessor : Loading config: E:\MPF\wows\wows\config\primary/config_sound_music.yaml
2023-01-15 18:10:18,079 : INFO : ConfigProcessor : Loading config: E:\MPF\wows\wows\config\primary/config_values.yaml
2023-01-15 18:10:18,094 : INFO : ConfigProcessor : Loading config: E:\MPF\wows\wows\config\primary/config_virtual_hardware.yaml
2023-01-15 18:10:18,560 : INFO : ConfigProcessor : Loading config: E:\MPF\wows\wows\config\support/config_support_mode_end.yaml
2023-01-15 18:10:18,604 : INFO : ConfigProcessor : Loading config: E:\MPF\wows\wows\config\support/config_support_hc.yaml
2023-01-15 18:10:18,632 : INFO : ConfigProcessor : Loading config: E:\MPF\wows\wows\config\support/config_support_capture.yaml
2023-01-15 18:10:18,655 : INFO : ConfigProcessor : Loading config: E:\MPF\wows\wows\config\support/config_support_commander.yaml
2023-01-15 18:10:18,720 : INFO : ConfigProcessor : Loading config: E:\MPF\wows\wows\config\support/config_support_dmg_con.yaml
2023-01-15 18:10:18,738 : INFO : ConfigProcessor : Config file cache created: C:\Users\dell\AppData\Local\Temp\823390186140f561069e51d67517f5d0.mpf_cache
2023-01-15 18:10:19,011 : WARNING : ConfigProcessor : Cache file not found: C:\Users\dell\AppData\Local\Temp\59a64183768b31a5bf2b8a1c5fa05afc.mpf_cache
2023-01-15 18:10:19,011 : INFO : ConfigProcessor : Loading config from file c:\users\dell\appdata\local\programs\python\python36\lib\site-packages\mpf\modes\attract\config\attract.yaml.
2023-01-15 18:10:19,017 : INFO : ConfigProcessor : Loading config: c:\users\dell\appdata\local\programs\python\python36\lib\site-packages\mpf\modes\attract\config\attract.yaml
2023-01-15 18:10:19,017 : INFO : ConfigProcessor : Loading config from file E:\MPF\wows\wows\modes\attract\config\attract.yaml.
2023-01-15 18:10:19,022 : INFO : ConfigProcessor : Loading config: E:\MPF\wows\wows\modes\attract\config\attract.yaml
2023-01-15 18:10:19,022 : INFO : ConfigProcessor : Config file cache created: C:\Users\dell\AppData\Local\Temp\59a64183768b31a5bf2b8a1c5fa05afc.mpf_cache
2023-01-15 18:10:19,033 : WARNING : ConfigProcessor : Cache file not found: C:\Users\dell\AppData\Local\Temp\e4aaedaa0a5d6d283bdf8896bd678b71.mpf_cache
2023-01-15 18:10:19,033 : INFO : ConfigProcessor : Loading config from file c:\users\dell\appdata\local\programs\python\python36\lib\site-packages\mpf\modes\game\config\game.yaml.
2023-01-15 18:10:19,038 : INFO : ConfigProcessor : Loading config: c:\users\dell\appdata\local\programs\python\python36\lib\site-packages\mpf\modes\game\config\game.yaml
2023-01-15 18:10:19,038 : INFO : ConfigProcessor : Loading config from file E:\MPF\wows\wows\modes\game\config\game.yaml.
2023-01-15 18:10:19,101 : INFO : ConfigProcessor : Loading config: E:\MPF\wows\wows\modes\game\config\game.yaml
2023-01-15 18:10:19,102 : INFO : ConfigProcessor : Config file cache created: C:\Users\dell\AppData\Local\Temp\e4aaedaa0a5d6d283bdf8896bd678b71.mpf_cache
2023-01-15 18:10:19,103 : INFO : ConfigProcessor : Loading config from cache: C:\Users\dell\AppData\Local\Temp\59a64183768b31a5bf2b8a1c5fa05afc.mpf_cache
2023-01-15 18:10:19,108 : WARNING : ConfigProcessor : Cache file not found: C:\Users\dell\AppData\Local\Temp\d05889abdb32f5a85db64ac2e197f4ff.mpf_cache
2023-01-15 18:10:19,108 : INFO : ConfigProcessor : Loading config from file c:\users\dell\appdata\local\programs\python\python36\lib\site-packages\mpf\modes\high_score\config\high_score.yaml.
2023-01-15 18:10:19,125 : INFO : ConfigProcessor : Loading config: c:\users\dell\appdata\local\programs\python\python36\lib\site-packages\mpf\modes\high_score\config\high_score.yaml
2023-01-15 18:10:19,125 : INFO : ConfigProcessor : Loading config from file E:\MPF\wows\wows\modes\high_score\config\high_score.yaml.
2023-01-15 18:10:19,160 : INFO : ConfigProcessor : Loading config: E:\MPF\wows\wows\modes\high_score\config\high_score.yaml
2023-01-15 18:10:19,161 : INFO : ConfigProcessor : Config file cache created: C:\Users\dell\AppData\Local\Temp\d05889abdb32f5a85db64ac2e197f4ff.mpf_cache
2023-01-15 18:10:19,162 : WARNING : ConfigProcessor : Cache file not found: C:\Users\dell\AppData\Local\Temp\434c2e3a52e1507818428e1c584a9ae0.mpf_cache
2023-01-15 18:10:19,162 : INFO : ConfigProcessor : Loading config from file c:\users\dell\appdata\local\programs\python\python36\lib\site-packages\mpf\modes\match\config\match.yaml.
2023-01-15 18:10:19,168 : INFO : ConfigProcessor : Loading config: c:\users\dell\appdata\local\programs\python\python36\lib\site-packages\mpf\modes\match\config\match.yaml
2023-01-15 18:10:19,168 : INFO : ConfigProcessor : Loading config from file E:\MPF\wows\wows\modes\match\config\match.yaml.
2023-01-15 18:10:19,218 : INFO : ConfigProcessor : Loading config: E:\MPF\wows\wows\modes\match\config\match.yaml
2023-01-15 18:10:19,218 : INFO : ConfigProcessor : Config file cache created: C:\Users\dell\AppData\Local\Temp\434c2e3a52e1507818428e1c584a9ae0.mpf_cache
2023-01-15 18:10:19,219 : WARNING : ConfigProcessor : Cache file not found: C:\Users\dell\AppData\Local\Temp\c96ee90647ae5b034e2dd42c348c42ad.mpf_cache
2023-01-15 18:10:19,219 : INFO : ConfigProcessor : Loading config from file E:\MPF\wows\wows\modes\main_play\config\main_play.yaml.
2023-01-15 18:10:19,334 : INFO : ConfigProcessor : Loading config: E:\MPF\wows\wows\modes\main_play\config\main_play.yaml
2023-01-15 18:10:19,335 : INFO : ConfigProcessor : Config file cache created: C:\Users\dell\AppData\Local\Temp\c96ee90647ae5b034e2dd42c348c42ad.mpf_cache
2023-01-15 18:10:19,336 : WARNING : ConfigProcessor : Cache file not found: C:\Users\dell\AppData\Local\Temp\ca0415bb38fd20ce1ae72b2592ece46e.mpf_cache
2023-01-15 18:10:19,336 : INFO : ConfigProcessor : Loading config from file E:\MPF\wows\wows\modes\value_reset\config\value_reset.yaml.
2023-01-15 18:10:19,373 : INFO : ConfigProcessor : Loading config: E:\MPF\wows\wows\modes\value_reset\config\value_reset.yaml
2023-01-15 18:10:19,373 : INFO : ConfigProcessor : Config file cache created: C:\Users\dell\AppData\Local\Temp\ca0415bb38fd20ce1ae72b2592ece46e.mpf_cache
2023-01-15 18:10:19,374 : WARNING : ConfigProcessor : Cache file not found: C:\Users\dell\AppData\Local\Temp\72e9fea1cb562e40024eb5e8538ccaf2.mpf_cache
2023-01-15 18:10:19,374 : INFO : ConfigProcessor : Loading config from file E:\MPF\wows\wows\modes\mode_lit\config\mode_lit.yaml.
2023-01-15 18:10:19,421 : INFO : ConfigProcessor : Loading config: E:\MPF\wows\wows\modes\mode_lit\config\mode_lit.yaml
2023-01-15 18:10:19,421 : INFO : ConfigProcessor : Config file cache created: C:\Users\dell\AppData\Local\Temp\72e9fea1cb562e40024eb5e8538ccaf2.mpf_cache
2023-01-15 18:10:19,456 : WARNING : ConfigProcessor : Cache file not found: C:\Users\dell\AppData\Local\Temp\c22c03646c3330fed25ec0d2c1900176.mpf_cache
2023-01-15 18:10:19,456 : INFO : ConfigProcessor : Loading config from file E:\MPF\wows\wows\modes\capture\config\capture.yaml.
2023-01-15 18:10:19,586 : INFO : ConfigProcessor : Loading config: E:\MPF\wows\wows\modes\capture\config\capture.yaml
2023-01-15 18:10:19,588 : INFO : ConfigProcessor : Config file cache created: C:\Users\dell\AppData\Local\Temp\c22c03646c3330fed25ec0d2c1900176.mpf_cache
2023-01-15 18:10:19,589 : WARNING : ConfigProcessor : Cache file not found: C:\Users\dell\AppData\Local\Temp\4f40b51a2a6ab6b3327b174347355c6f.mpf_cache
2023-01-15 18:10:19,589 : INFO : ConfigProcessor : Loading config from file E:\MPF\wows\wows\modes\capture_hurryup\config\capture_hurryup.yaml.
2023-01-15 18:10:19,744 : INFO : ConfigProcessor : Loading config: E:\MPF\wows\wows\modes\capture_hurryup\config\capture_hurryup.yaml
2023-01-15 18:10:19,745 : INFO : ConfigProcessor : Config file cache created: C:\Users\dell\AppData\Local\Temp\4f40b51a2a6ab6b3327b174347355c6f.mpf_cache
2023-01-15 18:10:19,746 : WARNING : ConfigProcessor : Cache file not found: C:\Users\dell\AppData\Local\Temp\39fabcdae38f081491893b3f9bf3922e.mpf_cache
2023-01-15 18:10:19,746 : INFO : ConfigProcessor : Loading config from file E:\MPF\wows\wows\modes\capture_award\config\capture_award.yaml.
2023-01-15 18:10:19,932 : INFO : ConfigProcessor : Loading config: E:\MPF\wows\wows\modes\capture_award\config\capture_award.yaml
2023-01-15 18:10:19,932 : INFO : ConfigProcessor : Config file cache created: C:\Users\dell\AppData\Local\Temp\39fabcdae38f081491893b3f9bf3922e.mpf_cache
2023-01-15 18:10:19,933 : WARNING : ConfigProcessor : Cache file not found: C:\Users\dell\AppData\Local\Temp\f18cd76783971ff471759940af4bc5eb.mpf_cache
2023-01-15 18:10:19,933 : INFO : ConfigProcessor : Loading config from file E:\MPF\wows\wows\modes\skill_shot\config\skill_shot.yaml.
2023-01-15 18:10:19,994 : INFO : ConfigProcessor : Loading config: E:\MPF\wows\wows\modes\skill_shot\config\skill_shot.yaml
2023-01-15 18:10:19,995 : INFO : ConfigProcessor : Config file cache created: C:\Users\dell\AppData\Local\Temp\f18cd76783971ff471759940af4bc5eb.mpf_cache
2023-01-15 18:10:19,995 : WARNING : ConfigProcessor : Cache file not found: C:\Users\dell\AppData\Local\Temp\943ecf72a5798e3efec3d4f70c6ce1d2.mpf_cache
2023-01-15 18:10:19,995 : INFO : ConfigProcessor : Loading config from file E:\MPF\wows\wows\modes\commander_skill\config\commander_skill.yaml.
2023-01-15 18:10:20,368 : INFO : ConfigProcessor : Loading config: E:\MPF\wows\wows\modes\commander_skill\config\commander_skill.yaml
2023-01-15 18:10:20,372 : INFO : ConfigProcessor : Config file cache created: C:\Users\dell\AppData\Local\Temp\943ecf72a5798e3efec3d4f70c6ce1d2.mpf_cache
2023-01-15 18:10:20,373 : WARNING : ConfigProcessor : Cache file not found: C:\Users\dell\AppData\Local\Temp\04d9c03061fa17a1f6b23081f79db9ab.mpf_cache
2023-01-15 18:10:20,373 : INFO : ConfigProcessor : Loading config from file E:\MPF\wows\wows\modes\commander_skill_manager\config\commander_skill_manager.yaml.
2023-01-15 18:10:20,637 : INFO : ConfigProcessor : Loading config: E:\MPF\wows\wows\modes\commander_skill_manager\config\commander_skill_manager.yaml
2023-01-15 18:10:20,639 : INFO : ConfigProcessor : Config file cache created: C:\Users\dell\AppData\Local\Temp\04d9c03061fa17a1f6b23081f79db9ab.mpf_cache
2023-01-15 18:10:20,639 : WARNING : ConfigProcessor : Cache file not found: C:\Users\dell\AppData\Local\Temp\1ff29be1d22fb14fe5fd1c82a6918df4.mpf_cache
2023-01-15 18:10:20,639 : INFO : ConfigProcessor : Loading config from file E:\MPF\wows\wows\modes\mode_1\config\mode_1.yaml.
2023-01-15 18:10:20,813 : INFO : ConfigProcessor : Loading config: E:\MPF\wows\wows\modes\mode_1\config\mode_1.yaml
2023-01-15 18:10:20,814 : INFO : ConfigProcessor : Config file cache created: C:\Users\dell\AppData\Local\Temp\1ff29be1d22fb14fe5fd1c82a6918df4.mpf_cache
2023-01-15 18:10:20,814 : WARNING : ConfigProcessor : Cache file not found: C:\Users\dell\AppData\Local\Temp\f0ffd5ecaddfe34035bf3b1779215a88.mpf_cache
2023-01-15 18:10:20,814 : INFO : ConfigProcessor : Loading config from file E:\MPF\wows\wows\modes\mode_2\config\mode_2.yaml.
2023-01-15 18:10:20,948 : INFO : ConfigProcessor : Loading config: E:\MPF\wows\wows\modes\mode_2\config\mode_2.yaml
2023-01-15 18:10:20,949 : INFO : ConfigProcessor : Config file cache created: C:\Users\dell\AppData\Local\Temp\f0ffd5ecaddfe34035bf3b1779215a88.mpf_cache
2023-01-15 18:10:20,949 : WARNING : ConfigProcessor : Cache file not found: C:\Users\dell\AppData\Local\Temp\b0de444617e3bf30a07f755a6d4831cc.mpf_cache
2023-01-15 18:10:20,949 : INFO : ConfigProcessor : Loading config from file E:\MPF\wows\wows\modes\mode_3\config\mode_3.yaml.
2023-01-15 18:10:21,013 : INFO : ConfigProcessor : Loading config: E:\MPF\wows\wows\modes\mode_3\config\mode_3.yaml
2023-01-15 18:10:21,014 : INFO : ConfigProcessor : Config file cache created: C:\Users\dell\AppData\Local\Temp\b0de444617e3bf30a07f755a6d4831cc.mpf_cache
2023-01-15 18:10:21,014 : WARNING : ConfigProcessor : Cache file not found: C:\Users\dell\AppData\Local\Temp\200a9b2dddbe7706ffb4c4426b6d54a8.mpf_cache
2023-01-15 18:10:21,014 : INFO : ConfigProcessor : Loading config from file E:\MPF\wows\wows\modes\mode_4\config\mode_4.yaml.
2023-01-15 18:10:21,033 : INFO : ConfigProcessor : Loading config: E:\MPF\wows\wows\modes\mode_4\config\mode_4.yaml
2023-01-15 18:10:21,034 : INFO : ConfigProcessor : Config file cache created: C:\Users\dell\AppData\Local\Temp\200a9b2dddbe7706ffb4c4426b6d54a8.mpf_cache
2023-01-15 18:10:21,034 : WARNING : ConfigProcessor : Cache file not found: C:\Users\dell\AppData\Local\Temp\5ab98d4be1e8de85bea62364890eb2e9.mpf_cache
2023-01-15 18:10:21,034 : INFO : ConfigProcessor : Loading config from file E:\MPF\wows\wows\modes\mode_5\config\mode_5.yaml.
2023-01-15 18:10:21,056 : INFO : ConfigProcessor : Loading config: E:\MPF\wows\wows\modes\mode_5\config\mode_5.yaml
2023-01-15 18:10:21,056 : INFO : ConfigProcessor : Config file cache created: C:\Users\dell\AppData\Local\Temp\5ab98d4be1e8de85bea62364890eb2e9.mpf_cache
2023-01-15 18:10:21,057 : WARNING : ConfigProcessor : Cache file not found: C:\Users\dell\AppData\Local\Temp\4303dca7489148da2d256fc831cf8c96.mpf_cache
2023-01-15 18:10:21,057 : INFO : ConfigProcessor : Loading config from file E:\MPF\wows\wows\modes\mode_6\config\mode_6.yaml.
2023-01-15 18:10:21,079 : INFO : ConfigProcessor : Loading config: E:\MPF\wows\wows\modes\mode_6\config\mode_6.yaml
2023-01-15 18:10:21,079 : INFO : ConfigProcessor : Config file cache created: C:\Users\dell\AppData\Local\Temp\4303dca7489148da2d256fc831cf8c96.mpf_cache
2023-01-15 18:10:21,080 : WARNING : ConfigProcessor : Cache file not found: C:\Users\dell\AppData\Local\Temp\e8fceecd8f65a6a7269e98c7961bbf6a.mpf_cache
2023-01-15 18:10:21,080 : INFO : ConfigProcessor : Loading config from file E:\MPF\wows\wows\modes\mode_7\config\mode_7.yaml.
2023-01-15 18:10:21,125 : INFO : ConfigProcessor : Loading config: E:\MPF\wows\wows\modes\mode_7\config\mode_7.yaml
2023-01-15 18:10:21,126 : INFO : ConfigProcessor : Config file cache created: C:\Users\dell\AppData\Local\Temp\e8fceecd8f65a6a7269e98c7961bbf6a.mpf_cache
2023-01-15 18:10:21,126 : WARNING : ConfigProcessor : Cache file not found: C:\Users\dell\AppData\Local\Temp\c84d6d08bf6f923cbcccfeeea02d2c8a.mpf_cache
2023-01-15 18:10:21,126 : INFO : ConfigProcessor : Loading config from file E:\MPF\wows\wows\modes\mode_8\config\mode_8.yaml.
2023-01-15 18:10:21,176 : INFO : ConfigProcessor : Loading config: E:\MPF\wows\wows\modes\mode_8\config\mode_8.yaml
2023-01-15 18:10:21,176 : INFO : ConfigProcessor : Config file cache created: C:\Users\dell\AppData\Local\Temp\c84d6d08bf6f923cbcccfeeea02d2c8a.mpf_cache
2023-01-15 18:10:21,177 : WARNING : ConfigProcessor : Cache file not found: C:\Users\dell\AppData\Local\Temp\159a0b7ffc6de2ed1a8cdcd57b7df3c0.mpf_cache
2023-01-15 18:10:21,177 : INFO : ConfigProcessor : Loading config from file E:\MPF\wows\wows\modes\mode_9\config\mode_9.yaml.
2023-01-15 18:10:21,206 : INFO : ConfigProcessor : Loading config: E:\MPF\wows\wows\modes\mode_9\config\mode_9.yaml
2023-01-15 18:10:21,207 : INFO : ConfigProcessor : Config file cache created: C:\Users\dell\AppData\Local\Temp\159a0b7ffc6de2ed1a8cdcd57b7df3c0.mpf_cache
2023-01-15 18:10:21,207 : WARNING : ConfigProcessor : Cache file not found: C:\Users\dell\AppData\Local\Temp\dd71d04ba3f4dce8325f2504de3de352.mpf_cache
2023-01-15 18:10:21,207 : INFO : ConfigProcessor : Loading config from file E:\MPF\wows\wows\modes\dmg_con_party\config\dmg_con_party.yaml.
2023-01-15 18:10:21,375 : INFO : ConfigProcessor : Loading config: E:\MPF\wows\wows\modes\dmg_con_party\config\dmg_con_party.yaml
2023-01-15 18:10:21,376 : INFO : ConfigProcessor : Config file cache created: C:\Users\dell\AppData\Local\Temp\dd71d04ba3f4dce8325f2504de3de352.mpf_cache
2023-01-15 18:10:21,377 : WARNING : ConfigProcessor : Cache file not found: C:\Users\dell\AppData\Local\Temp\47da5935da57327449007069e0d0551c.mpf_cache
2023-01-15 18:10:21,377 : INFO : ConfigProcessor : Loading config from file E:\MPF\wows\wows\modes\mode_wizard\config\mode_wizard.yaml.
2023-01-15 18:10:21,603 : INFO : ConfigProcessor : Loading config: E:\MPF\wows\wows\modes\mode_wizard\config\mode_wizard.yaml
2023-01-15 18:10:21,605 : INFO : ConfigProcessor : Config file cache created: C:\Users\dell\AppData\Local\Temp\47da5935da57327449007069e0d0551c.mpf_cache
2023-01-15 18:10:21,606 : WARNING : ConfigProcessor : Cache file not found: C:\Users\dell\AppData\Local\Temp\b1234e2c44a33609dc2af4760c4a3f89.mpf_cache
2023-01-15 18:10:21,606 : INFO : ConfigProcessor : Loading config from file E:\MPF\wows\wows\modes\mode_manager\config\mode_manager.yaml.
2023-01-15 18:10:21,827 : INFO : ConfigProcessor : Loading config: E:\MPF\wows\wows\modes\mode_manager\config\mode_manager.yaml
2023-01-15 18:10:21,829 : INFO : ConfigProcessor : Config file cache created: C:\Users\dell\AppData\Local\Temp\b1234e2c44a33609dc2af4760c4a3f89.mpf_cache
2023-01-15 18:10:21,874 : WARNING : ConfigProcessor : Cache file not found: C:\Users\dell\AppData\Local\Temp\7ab9985e2a62b75a325504808417b1e7.mpf_cache
2023-01-15 18:10:21,874 : INFO : ConfigProcessor : Loading config from file E:\MPF\wows\wows\modes\mode_timer\config\mode_timer.yaml.
2023-01-15 18:10:21,922 : INFO : ConfigProcessor : Loading config: E:\MPF\wows\wows\modes\mode_timer\config\mode_timer.yaml
2023-01-15 18:10:21,923 : INFO : ConfigProcessor : Config file cache created: C:\Users\dell\AppData\Local\Temp\7ab9985e2a62b75a325504808417b1e7.mpf_cache
2023-01-15 18:10:21,923 : WARNING : ConfigProcessor : Cache file not found: C:\Users\dell\AppData\Local\Temp\466eddfec572894d9eb472ce07aa5fba.mpf_cache
2023-01-15 18:10:21,923 : INFO : ConfigProcessor : Loading config from file E:\MPF\wows\wows\modes\container\config\container.yaml.
2023-01-15 18:10:21,993 : INFO : ConfigProcessor : Loading config: E:\MPF\wows\wows\modes\container\config\container.yaml
2023-01-15 18:10:21,994 : INFO : ConfigProcessor : Config file cache created: C:\Users\dell\AppData\Local\Temp\466eddfec572894d9eb472ce07aa5fba.mpf_cache
2023-01-15 18:10:21,994 : WARNING : ConfigProcessor : Cache file not found: C:\Users\dell\AppData\Local\Temp\93429a2a8e0859f6546b68f40c2a4656.mpf_cache
2023-01-15 18:10:21,994 : INFO : ConfigProcessor : Loading config from file E:\MPF\wows\wows\modes\salvo_lit\config\salvo_lit.yaml.
2023-01-15 18:10:22,044 : INFO : ConfigProcessor : Loading config: E:\MPF\wows\wows\modes\salvo_lit\config\salvo_lit.yaml
2023-01-15 18:10:22,044 : INFO : ConfigProcessor : Config file cache created: C:\Users\dell\AppData\Local\Temp\93429a2a8e0859f6546b68f40c2a4656.mpf_cache
2023-01-15 18:10:22,045 : WARNING : ConfigProcessor : Cache file not found: C:\Users\dell\AppData\Local\Temp\95ae88fb094583fa2b4097c6df179650.mpf_cache
2023-01-15 18:10:22,045 : INFO : ConfigProcessor : Loading config from file E:\MPF\wows\wows\modes\hc_lock_lit\config\hc_lock_lit.yaml.
2023-01-15 18:10:22,067 : INFO : ConfigProcessor : Loading config: E:\MPF\wows\wows\modes\hc_lock_lit\config\hc_lock_lit.yaml
2023-01-15 18:10:22,067 : INFO : ConfigProcessor : Config file cache created: C:\Users\dell\AppData\Local\Temp\95ae88fb094583fa2b4097c6df179650.mpf_cache
2023-01-15 18:10:22,086 : WARNING : ConfigProcessor : Cache file not found: C:\Users\dell\AppData\Local\Temp\de2d3fc178b15ce3807fa4ab35b9c965.mpf_cache
2023-01-15 18:10:22,086 : INFO : ConfigProcessor : Loading config from file E:\MPF\wows\wows\modes\hc_multiball\config\hc_multiball.yaml.
2023-01-15 18:10:22,344 : INFO : ConfigProcessor : Loading config: E:\MPF\wows\wows\modes\hc_multiball\config\hc_multiball.yaml
2023-01-15 18:10:22,347 : INFO : ConfigProcessor : Config file cache created: C:\Users\dell\AppData\Local\Temp\de2d3fc178b15ce3807fa4ab35b9c965.mpf_cache
2023-01-15 18:10:22,347 : WARNING : ConfigProcessor : Cache file not found: C:\Users\dell\AppData\Local\Temp\0c80ca2179989d09b86c78c19ec87d9b.mpf_cache
2023-01-15 18:10:22,347 : INFO : ConfigProcessor : Loading config from file E:\MPF\wows\wows\modes\hc_multiball_super\config\hc_multiball_super.yaml.
2023-01-15 18:10:22,531 : INFO : ConfigProcessor : Loading config: E:\MPF\wows\wows\modes\hc_multiball_super\config\hc_multiball_super.yaml
2023-01-15 18:10:22,533 : INFO : ConfigProcessor : Config file cache created: C:\Users\dell\AppData\Local\Temp\0c80ca2179989d09b86c78c19ec87d9b.mpf_cache
2023-01-15 18:10:22,534 : WARNING : ConfigProcessor : Cache file not found: C:\Users\dell\AppData\Local\Temp\95e265efe14e4eb05d8d5c5689c9ae6b.mpf_cache
2023-01-15 18:10:22,534 : INFO : ConfigProcessor : Loading config from file E:\MPF\wows\wows\modes\confederate\config\confederate.yaml.
2023-01-15 18:10:22,586 : INFO : ConfigProcessor : Loading config: E:\MPF\wows\wows\modes\confederate\config\confederate.yaml
2023-01-15 18:10:22,587 : INFO : ConfigProcessor : Config file cache created: C:\Users\dell\AppData\Local\Temp\95e265efe14e4eb05d8d5c5689c9ae6b.mpf_cache
2023-01-15 18:10:22,587 : WARNING : ConfigProcessor : Cache file not found: C:\Users\dell\AppData\Local\Temp\ba047bbdc168fca96d58d351c4240916.mpf_cache
2023-01-15 18:10:22,587 : INFO : ConfigProcessor : Loading config from file E:\MPF\wows\wows\modes\battle\config\battle.yaml.
2023-01-15 18:10:22,663 : INFO : ConfigProcessor : Loading config: E:\MPF\wows\wows\modes\battle\config\battle.yaml
2023-01-15 18:10:22,664 : INFO : ConfigProcessor : Config file cache created: C:\Users\dell\AppData\Local\Temp\ba047bbdc168fca96d58d351c4240916.mpf_cache
2023-01-15 18:10:22,664 : WARNING : ConfigProcessor : Cache file not found: C:\Users\dell\AppData\Local\Temp\7c1900736275ba8a713cfe77e991e929.mpf_cache
2023-01-15 18:10:22,664 : INFO : ConfigProcessor : Loading config from file E:\MPF\wows\wows\modes\battle_manager\config\battle_manager.yaml.
2023-01-15 18:10:22,689 : INFO : ConfigProcessor : Loading config: E:\MPF\wows\wows\modes\battle_manager\config\battle_manager.yaml
2023-01-15 18:10:22,689 : INFO : ConfigProcessor : Config file cache created: C:\Users\dell\AppData\Local\Temp\7c1900736275ba8a713cfe77e991e929.mpf_cache
2023-01-15 18:10:22,698 : WARNING : ConfigProcessor : Cache file not found: C:\Users\dell\AppData\Local\Temp\db3d1ab92e5d5c563b40d82372434517.mpf_cache
2023-01-15 18:10:22,698 : INFO : ConfigProcessor : Loading config from file E:\MPF\wows\wows\modes\detonation\config\detonation.yaml.
2023-01-15 18:10:22,724 : INFO : ConfigProcessor : Loading config: E:\MPF\wows\wows\modes\detonation\config\detonation.yaml
2023-01-15 18:10:22,725 : INFO : ConfigProcessor : Config file cache created: C:\Users\dell\AppData\Local\Temp\db3d1ab92e5d5c563b40d82372434517.mpf_cache
2023-01-15 18:10:22,725 : WARNING : ConfigProcessor : Cache file not found: C:\Users\dell\AppData\Local\Temp\78980531363184480bbd7075661ced33.mpf_cache
2023-01-15 18:10:22,725 : INFO : ConfigProcessor : Loading config from file E:\MPF\wows\wows\modes\drednaught\config\drednaught.yaml.
2023-01-15 18:10:22,758 : INFO : ConfigProcessor : Loading config: E:\MPF\wows\wows\modes\drednaught\config\drednaught.yaml
2023-01-15 18:10:22,758 : INFO : ConfigProcessor : Config file cache created: C:\Users\dell\AppData\Local\Temp\78980531363184480bbd7075661ced33.mpf_cache
2023-01-15 18:10:22,759 : WARNING : ConfigProcessor : Cache file not found: C:\Users\dell\AppData\Local\Temp\efcf079e5af2b94e88dae4e07273acc8.mpf_cache
2023-01-15 18:10:22,759 : INFO : ConfigProcessor : Loading config from file E:\MPF\wows\wows\modes\port_hole_manager\config\port_hole_manager.yaml.
2023-01-15 18:10:22,773 : INFO : ConfigProcessor : Loading config: E:\MPF\wows\wows\modes\port_hole_manager\config\port_hole_manager.yaml
2023-01-15 18:10:22,773 : INFO : ConfigProcessor : Config file cache created: C:\Users\dell\AppData\Local\Temp\efcf079e5af2b94e88dae4e07273acc8.mpf_cache
2023-01-15 18:10:22,774 : WARNING : ConfigProcessor : Cache file not found: C:\Users\dell\AppData\Local\Temp\44231afd4be159e8c99041e8eb88670e.mpf_cache
2023-01-15 18:10:22,774 : INFO : ConfigProcessor : Loading config from file E:\MPF\wows\wows\modes\bomb\config\bomb.yaml.
2023-01-15 18:10:22,846 : INFO : ConfigProcessor : Loading config: E:\MPF\wows\wows\modes\bomb\config\bomb.yaml
2023-01-15 18:10:22,846 : INFO : ConfigProcessor : Config file cache created: C:\Users\dell\AppData\Local\Temp\44231afd4be159e8c99041e8eb88670e.mpf_cache
2023-01-15 18:10:22,847 : WARNING : ConfigProcessor : Cache file not found: C:\Users\dell\AppData\Local\Temp\2b5357265150b67996b1d26df60329cf.mpf_cache
2023-01-15 18:10:22,847 : INFO : ConfigProcessor : Loading config from file E:\MPF\wows\wows\modes\aircraft_carrier\config\aircraft_carrier.yaml.
2023-01-15 18:10:23,069 : INFO : ConfigProcessor : Loading config: E:\MPF\wows\wows\modes\aircraft_carrier\config\aircraft_carrier.yaml
2023-01-15 18:10:23,071 : INFO : ConfigProcessor : Config file cache created: C:\Users\dell\AppData\Local\Temp\2b5357265150b67996b1d26df60329cf.mpf_cache
2023-01-15 18:10:23,072 : WARNING : ConfigProcessor : Cache file not found: C:\Users\dell\AppData\Local\Temp\6d62665f0d27f04673542af594d4fd9b.mpf_cache
2023-01-15 18:10:23,072 : INFO : ConfigProcessor : Loading config from file E:\MPF\wows\wows\shows\.\mode_countdown.yaml.
2023-01-15 18:10:23,079 : INFO : ConfigProcessor : Loading config: E:\MPF\wows\wows\shows\.\mode_countdown.yaml
2023-01-15 18:10:23,079 : INFO : ConfigProcessor : Config file cache created: C:\Users\dell\AppData\Local\Temp\6d62665f0d27f04673542af594d4fd9b.mpf_cache
2023-01-15 18:10:23,079 : WARNING : ConfigProcessor : Cache file not found: C:\Users\dell\AppData\Local\Temp\3748cd4146dd8769dc8203d243b40460.mpf_cache
2023-01-15 18:10:23,079 : INFO : ConfigProcessor : Loading config from file E:\MPF\wows\wows\shows\.\sh_aircraft_carrier_background.yaml.
2023-01-15 18:10:23,102 : INFO : ConfigProcessor : Loading config: E:\MPF\wows\wows\shows\.\sh_aircraft_carrier_background.yaml
2023-01-15 18:10:23,102 : INFO : ConfigProcessor : Config file cache created: C:\Users\dell\AppData\Local\Temp\3748cd4146dd8769dc8203d243b40460.mpf_cache
2023-01-15 18:10:23,103 : WARNING : ConfigProcessor : Cache file not found: C:\Users\dell\AppData\Local\Temp\17743d86d766158b74063aba6bc1c32c.mpf_cache
2023-01-15 18:10:23,103 : INFO : ConfigProcessor : Loading config from file E:\MPF\wows\wows\shows\.\sh_aircraft_carrier_plane_crash_1.yaml.
2023-01-15 18:10:23,110 : INFO : ConfigProcessor : Loading config: E:\MPF\wows\wows\shows\.\sh_aircraft_carrier_plane_crash_1.yaml
2023-01-15 18:10:23,111 : INFO : ConfigProcessor : Config file cache created: C:\Users\dell\AppData\Local\Temp\17743d86d766158b74063aba6bc1c32c.mpf_cache
2023-01-15 18:10:23,111 : WARNING : ConfigProcessor : Cache file not found: C:\Users\dell\AppData\Local\Temp\f880dfaba64907cc1c8d35fe4f9ee098.mpf_cache
2023-01-15 18:10:23,111 : INFO : ConfigProcessor : Loading config from file E:\MPF\wows\wows\shows\.\sh_aircraft_carrier_plane_crash_2.yaml.
2023-01-15 18:10:23,119 : INFO : ConfigProcessor : Loading config: E:\MPF\wows\wows\shows\.\sh_aircraft_carrier_plane_crash_2.yaml
2023-01-15 18:10:23,120 : INFO : ConfigProcessor : Config file cache created: C:\Users\dell\AppData\Local\Temp\f880dfaba64907cc1c8d35fe4f9ee098.mpf_cache
2023-01-15 18:10:23,120 : WARNING : ConfigProcessor : Cache file not found: C:\Users\dell\AppData\Local\Temp\b3315542fefac86d8251965e4eddcee0.mpf_cache
2023-01-15 18:10:23,120 : INFO : ConfigProcessor : Loading config from file E:\MPF\wows\wows\shows\.\sh_aircraft_carrier_plane_crash_3.yaml.
2023-01-15 18:10:23,127 : INFO : ConfigProcessor : Loading config: E:\MPF\wows\wows\shows\.\sh_aircraft_carrier_plane_crash_3.yaml
2023-01-15 18:10:23,127 : INFO : ConfigProcessor : Config file cache created: C:\Users\dell\AppData\Local\Temp\b3315542fefac86d8251965e4eddcee0.mpf_cache
2023-01-15 18:10:23,128 : WARNING : ConfigProcessor : Cache file not found: C:\Users\dell\AppData\Local\Temp\c87ce6071caf9b8e671d40e32f84144f.mpf_cache
2023-01-15 18:10:23,128 : INFO : ConfigProcessor : Loading config from file E:\MPF\wows\wows\shows\.\sh_aircraft_carrier_plane_crash_4.yaml.
2023-01-15 18:10:23,135 : INFO : ConfigProcessor : Loading config: E:\MPF\wows\wows\shows\.\sh_aircraft_carrier_plane_crash_4.yaml
2023-01-15 18:10:23,136 : INFO : ConfigProcessor : Config file cache created: C:\Users\dell\AppData\Local\Temp\c87ce6071caf9b8e671d40e32f84144f.mpf_cache
2023-01-15 18:10:23,136 : WARNING : ConfigProcessor : Cache file not found: C:\Users\dell\AppData\Local\Temp\2896a43e0d61e3501c9963d4b59c6ee0.mpf_cache
2023-01-15 18:10:23,136 : INFO : ConfigProcessor : Loading config from file E:\MPF\wows\wows\shows\.\sh_aircraft_carrier_torpedo_drop.yaml.
2023-01-15 18:10:23,156 : INFO : ConfigProcessor : Loading config: E:\MPF\wows\wows\shows\.\sh_aircraft_carrier_torpedo_drop.yaml
2023-01-15 18:10:23,156 : INFO : ConfigProcessor : Config file cache created: C:\Users\dell\AppData\Local\Temp\2896a43e0d61e3501c9963d4b59c6ee0.mpf_cache
2023-01-15 18:10:23,157 : WARNING : ConfigProcessor : Cache file not found: C:\Users\dell\AppData\Local\Temp\ff8f94bde3fa94916ad1b7409fed77bd.mpf_cache
2023-01-15 18:10:23,157 : INFO : ConfigProcessor : Loading config from file E:\MPF\wows\wows\shows\.\sh_attract.yaml.
2023-01-15 18:10:23,564 : INFO : ConfigProcessor : Loading config: E:\MPF\wows\wows\shows\.\sh_attract.yaml
2023-01-15 18:10:23,565 : INFO : ConfigProcessor : Config file cache created: C:\Users\dell\AppData\Local\Temp\ff8f94bde3fa94916ad1b7409fed77bd.mpf_cache
2023-01-15 18:10:23,566 : WARNING : ConfigProcessor : Cache file not found: C:\Users\dell\AppData\Local\Temp\053da04979f77c811527e2c0f3ca94fb.mpf_cache
2023-01-15 18:10:23,566 : INFO : ConfigProcessor : Loading config from file E:\MPF\wows\wows\shows\.\sh_bomb_advance.yaml.
2023-01-15 18:10:23,581 : INFO : ConfigProcessor : Loading config: E:\MPF\wows\wows\shows\.\sh_bomb_advance.yaml
2023-01-15 18:10:23,582 : INFO : ConfigProcessor : Config file cache created: C:\Users\dell\AppData\Local\Temp\053da04979f77c811527e2c0f3ca94fb.mpf_cache
2023-01-15 18:10:23,582 : WARNING : ConfigProcessor : Cache file not found: C:\Users\dell\AppData\Local\Temp\76437d1e292ff239f4f9dc05fbdd5cdf.mpf_cache
2023-01-15 18:10:23,582 : INFO : ConfigProcessor : Loading config from file E:\MPF\wows\wows\shows\.\sh_bomb_advance_animation_1.yaml.
2023-01-15 18:10:23,591 : INFO : ConfigProcessor : Loading config: E:\MPF\wows\wows\shows\.\sh_bomb_advance_animation_1.yaml
2023-01-15 18:10:23,591 : INFO : ConfigProcessor : Config file cache created: C:\Users\dell\AppData\Local\Temp\76437d1e292ff239f4f9dc05fbdd5cdf.mpf_cache
2023-01-15 18:10:23,592 : WARNING : ConfigProcessor : Cache file not found: C:\Users\dell\AppData\Local\Temp\a103f9965307e92153b3826866cd7d56.mpf_cache
2023-01-15 18:10:23,592 : INFO : ConfigProcessor : Loading config from file E:\MPF\wows\wows\shows\.\sh_bomb_advance_animation_2.yaml.
2023-01-15 18:10:23,597 : INFO : ConfigProcessor : Loading config: E:\MPF\wows\wows\shows\.\sh_bomb_advance_animation_2.yaml
2023-01-15 18:10:23,597 : INFO : ConfigProcessor : Config file cache created: C:\Users\dell\AppData\Local\Temp\a103f9965307e92153b3826866cd7d56.mpf_cache
2023-01-15 18:10:23,597 : WARNING : ConfigProcessor : Cache file not found: C:\Users\dell\AppData\Local\Temp\edf282469509fb91fe2444b6848262a1.mpf_cache
2023-01-15 18:10:23,597 : INFO : ConfigProcessor : Loading config from file E:\MPF\wows\wows\shows\.\sh_bomb_advance_animation_3.yaml.
2023-01-15 18:10:23,606 : INFO : ConfigProcessor : Loading config: E:\MPF\wows\wows\shows\.\sh_bomb_advance_animation_3.yaml
2023-01-15 18:10:23,606 : INFO : ConfigProcessor : Config file cache created: C:\Users\dell\AppData\Local\Temp\edf282469509fb91fe2444b6848262a1.mpf_cache
2023-01-15 18:10:23,606 : WARNING : ConfigProcessor : Cache file not found: C:\Users\dell\AppData\Local\Temp\b8da0a805f864daaf4908642bfd2e7fd.mpf_cache
2023-01-15 18:10:23,606 : INFO : ConfigProcessor : Loading config from file E:\MPF\wows\wows\shows\.\sh_bomb_advance_animation_end.yaml.
2023-01-15 18:10:23,612 : INFO : ConfigProcessor : Loading config: E:\MPF\wows\wows\shows\.\sh_bomb_advance_animation_end.yaml
2023-01-15 18:10:23,612 : INFO : ConfigProcessor : Config file cache created: C:\Users\dell\AppData\Local\Temp\b8da0a805f864daaf4908642bfd2e7fd.mpf_cache
2023-01-15 18:10:23,612 : WARNING : ConfigProcessor : Cache file not found: C:\Users\dell\AppData\Local\Temp\57bc401cb4a04615f5b5aa4ba6a61eb7.mpf_cache
2023-01-15 18:10:23,612 : INFO : ConfigProcessor : Loading config from file E:\MPF\wows\wows\shows\.\sh_bomb_complete.yaml.
2023-01-15 18:10:23,619 : INFO : ConfigProcessor : Loading config: E:\MPF\wows\wows\shows\.\sh_bomb_complete.yaml
2023-01-15 18:10:23,620 : INFO : ConfigProcessor : Config file cache created: C:\Users\dell\AppData\Local\Temp\57bc401cb4a04615f5b5aa4ba6a61eb7.mpf_cache
2023-01-15 18:10:23,620 : WARNING : ConfigProcessor : Cache file not found: C:\Users\dell\AppData\Local\Temp\fee9cc2b93cb113814269e4a59231078.mpf_cache
2023-01-15 18:10:23,620 : INFO : ConfigProcessor : Loading config from file E:\MPF\wows\wows\shows\.\sh_captured.yaml.
2023-01-15 18:10:23,627 : INFO : ConfigProcessor : Loading config: E:\MPF\wows\wows\shows\.\sh_captured.yaml
2023-01-15 18:10:23,627 : INFO : ConfigProcessor : Config file cache created: C:\Users\dell\AppData\Local\Temp\fee9cc2b93cb113814269e4a59231078.mpf_cache
2023-01-15 18:10:23,627 : WARNING : ConfigProcessor : Cache file not found: C:\Users\dell\AppData\Local\Temp\fcb209f5756d4056b66c34a3e9f20f60.mpf_cache
2023-01-15 18:10:23,627 : INFO : ConfigProcessor : Loading config from file E:\MPF\wows\wows\shows\.\sh_capturing_1.yaml.
2023-01-15 18:10:23,647 : INFO : ConfigProcessor : Loading config: E:\MPF\wows\wows\shows\.\sh_capturing_1.yaml
2023-01-15 18:10:23,648 : INFO : ConfigProcessor : Config file cache created: C:\Users\dell\AppData\Local\Temp\fcb209f5756d4056b66c34a3e9f20f60.mpf_cache
2023-01-15 18:10:23,648 : WARNING : ConfigProcessor : Cache file not found: C:\Users\dell\AppData\Local\Temp\797d5c88f37a3f4c1eda6cc76ebd1d4b.mpf_cache
2023-01-15 18:10:23,648 : INFO : ConfigProcessor : Loading config from file E:\MPF\wows\wows\shows\.\sh_capturing_2.yaml.
2023-01-15 18:10:23,653 : INFO : ConfigProcessor : Loading config: E:\MPF\wows\wows\shows\.\sh_capturing_2.yaml
2023-01-15 18:10:23,654 : INFO : ConfigProcessor : Config file cache created: C:\Users\dell\AppData\Local\Temp\797d5c88f37a3f4c1eda6cc76ebd1d4b.mpf_cache
2023-01-15 18:10:23,654 : WARNING : ConfigProcessor : Cache file not found: C:\Users\dell\AppData\Local\Temp\fd8f672dffbfb9b282859f7185f62437.mpf_cache
2023-01-15 18:10:23,654 : INFO : ConfigProcessor : Loading config from file E:\MPF\wows\wows\shows\.\sh_capturing_3.yaml.
2023-01-15 18:10:23,660 : INFO : ConfigProcessor : Loading config: E:\MPF\wows\wows\shows\.\sh_capturing_3.yaml
2023-01-15 18:10:23,661 : INFO : ConfigProcessor : Config file cache created: C:\Users\dell\AppData\Local\Temp\fd8f672dffbfb9b282859f7185f62437.mpf_cache
2023-01-15 18:10:23,661 : WARNING : ConfigProcessor : Cache file not found: C:\Users\dell\AppData\Local\Temp\986b6c77a360e7ca0a5b736ec9bfb4fa.mpf_cache
2023-01-15 18:10:23,661 : INFO : ConfigProcessor : Loading config from file E:\MPF\wows\wows\shows\.\sh_capturing_4.yaml.
2023-01-15 18:10:23,667 : INFO : ConfigProcessor : Loading config: E:\MPF\wows\wows\shows\.\sh_capturing_4.yaml
2023-01-15 18:10:23,667 : INFO : ConfigProcessor : Config file cache created: C:\Users\dell\AppData\Local\Temp\986b6c77a360e7ca0a5b736ec9bfb4fa.mpf_cache
2023-01-15 18:10:23,668 : WARNING : ConfigProcessor : Cache file not found: C:\Users\dell\AppData\Local\Temp\851e1d46f2be32b89fdca6ef94995943.mpf_cache
2023-01-15 18:10:23,668 : INFO : ConfigProcessor : Loading config from file E:\MPF\wows\wows\shows\.\sh_capturing_5.yaml.
2023-01-15 18:10:23,674 : INFO : ConfigProcessor : Loading config: E:\MPF\wows\wows\shows\.\sh_capturing_5.yaml
2023-01-15 18:10:23,674 : INFO : ConfigProcessor : Config file cache created: C:\Users\dell\AppData\Local\Temp\851e1d46f2be32b89fdca6ef94995943.mpf_cache
2023-01-15 18:10:23,675 : WARNING : ConfigProcessor : Cache file not found: C:\Users\dell\AppData\Local\Temp\95f5997d9c4798b115eb453656d93a1f.mpf_cache
2023-01-15 18:10:23,675 : INFO : ConfigProcessor : Loading config from file E:\MPF\wows\wows\shows\.\sh_capturing_6.yaml.
2023-01-15 18:10:23,681 : INFO : ConfigProcessor : Loading config: E:\MPF\wows\wows\shows\.\sh_capturing_6.yaml
2023-01-15 18:10:23,681 : INFO : ConfigProcessor : Config file cache created: C:\Users\dell\AppData\Local\Temp\95f5997d9c4798b115eb453656d93a1f.mpf_cache
2023-01-15 18:10:23,681 : WARNING : ConfigProcessor : Cache file not found: C:\Users\dell\AppData\Local\Temp\804b9a1ad2b0368c8378a1697de79431.mpf_cache
2023-01-15 18:10:23,681 : INFO : ConfigProcessor : Loading config from file E:\MPF\wows\wows\shows\.\sh_container_ball.yaml.
2023-01-15 18:10:23,699 : INFO : ConfigProcessor : Loading config: E:\MPF\wows\wows\shows\.\sh_container_ball.yaml
2023-01-15 18:10:23,700 : INFO : ConfigProcessor : Config file cache created: C:\Users\dell\AppData\Local\Temp\804b9a1ad2b0368c8378a1697de79431.mpf_cache
2023-01-15 18:10:23,700 : WARNING : ConfigProcessor : Cache file not found: C:\Users\dell\AppData\Local\Temp\3f05176740ce9b1ce630d9f26057f472.mpf_cache
2023-01-15 18:10:23,700 : INFO : ConfigProcessor : Loading config from file E:\MPF\wows\wows\shows\.\sh_container_dmg.yaml.
2023-01-15 18:10:23,707 : INFO : ConfigProcessor : Loading config: E:\MPF\wows\wows\shows\.\sh_container_dmg.yaml
2023-01-15 18:10:23,707 : INFO : ConfigProcessor : Config file cache created: C:\Users\dell\AppData\Local\Temp\3f05176740ce9b1ce630d9f26057f472.mpf_cache
2023-01-15 18:10:23,707 : WARNING : ConfigProcessor : Cache file not found: C:\Users\dell\AppData\Local\Temp\d75c6855c6bfc342a42171d44ee55d0f.mpf_cache
2023-01-15 18:10:23,707 : INFO : ConfigProcessor : Loading config from file E:\MPF\wows\wows\shows\.\sh_container_jet.yaml.
2023-01-15 18:10:23,714 : INFO : ConfigProcessor : Loading config: E:\MPF\wows\wows\shows\.\sh_container_jet.yaml
2023-01-15 18:10:23,714 : INFO : ConfigProcessor : Config file cache created: C:\Users\dell\AppData\Local\Temp\d75c6855c6bfc342a42171d44ee55d0f.mpf_cache
2023-01-15 18:10:23,714 : WARNING : ConfigProcessor : Cache file not found: C:\Users\dell\AppData\Local\Temp\c03af884f77fd2edff48f1f1b29a0001.mpf_cache
2023-01-15 18:10:23,714 : INFO : ConfigProcessor : Loading config from file E:\MPF\wows\wows\shows\.\sh_container_x.yaml.
2023-01-15 18:10:23,721 : INFO : ConfigProcessor : Loading config: E:\MPF\wows\wows\shows\.\sh_container_x.yaml
2023-01-15 18:10:23,721 : INFO : ConfigProcessor : Config file cache created: C:\Users\dell\AppData\Local\Temp\c03af884f77fd2edff48f1f1b29a0001.mpf_cache
2023-01-15 18:10:23,721 : WARNING : ConfigProcessor : Cache file not found: C:\Users\dell\AppData\Local\Temp\125cf4d7d8d0f7b14ac4e9b5c5fc6dd9.mpf_cache
2023-01-15 18:10:23,722 : INFO : ConfigProcessor : Loading config from file E:\MPF\wows\wows\shows\.\sh_container_xp.yaml.
2023-01-15 18:10:23,727 : INFO : ConfigProcessor : Loading config: E:\MPF\wows\wows\shows\.\sh_container_xp.yaml
2023-01-15 18:10:23,728 : INFO : ConfigProcessor : Config file cache created: C:\Users\dell\AppData\Local\Temp\125cf4d7d8d0f7b14ac4e9b5c5fc6dd9.mpf_cache
2023-01-15 18:10:23,728 : WARNING : ConfigProcessor : Cache file not found: C:\Users\dell\AppData\Local\Temp\e98bbe1017594ac8f5dc55070bdaec1b.mpf_cache
2023-01-15 18:10:23,728 : INFO : ConfigProcessor : Loading config from file E:\MPF\wows\wows\shows\.\sh_crew_highlight_de.yaml.
2023-01-15 18:10:23,737 : INFO : ConfigProcessor : Loading config: E:\MPF\wows\wows\shows\.\sh_crew_highlight_de.yaml
2023-01-15 18:10:23,737 : INFO : ConfigProcessor : Config file cache created: C:\Users\dell\AppData\Local\Temp\e98bbe1017594ac8f5dc55070bdaec1b.mpf_cache
2023-01-15 18:10:23,737 : WARNING : ConfigProcessor : Cache file not found: C:\Users\dell\AppData\Local\Temp\540f9a41a139edc7fb3c0d3fef764d79.mpf_cache
2023-01-15 18:10:23,737 : INFO : ConfigProcessor : Loading config from file E:\MPF\wows\wows\shows\.\sh_crew_highlight_fr.yaml.
2023-01-15 18:10:23,743 : INFO : ConfigProcessor : Loading config: E:\MPF\wows\wows\shows\.\sh_crew_highlight_fr.yaml
2023-01-15 18:10:23,743 : INFO : ConfigProcessor : Config file cache created: C:\Users\dell\AppData\Local\Temp\540f9a41a139edc7fb3c0d3fef764d79.mpf_cache
2023-01-15 18:10:23,744 : WARNING : ConfigProcessor : Cache file not found: C:\Users\dell\AppData\Local\Temp\66310f6b7da6aa9e1e12a092b4e5ea1e.mpf_cache
2023-01-15 18:10:23,744 : INFO : ConfigProcessor : Loading config from file E:\MPF\wows\wows\shows\.\sh_crew_highlight_it.yaml.
2023-01-15 18:10:23,749 : INFO : ConfigProcessor : Loading config: E:\MPF\wows\wows\shows\.\sh_crew_highlight_it.yaml
2023-01-15 18:10:23,750 : INFO : ConfigProcessor : Config file cache created: C:\Users\dell\AppData\Local\Temp\66310f6b7da6aa9e1e12a092b4e5ea1e.mpf_cache
2023-01-15 18:10:23,750 : WARNING : ConfigProcessor : Cache file not found: C:\Users\dell\AppData\Local\Temp\e39b84c1f1807716ec310701a6bf0d73.mpf_cache
2023-01-15 18:10:23,750 : INFO : ConfigProcessor : Loading config from file E:\MPF\wows\wows\shows\.\sh_crew_highlight_ja.yaml.
2023-01-15 18:10:23,755 : INFO : ConfigProcessor : Loading config: E:\MPF\wows\wows\shows\.\sh_crew_highlight_ja.yaml
2023-01-15 18:10:23,755 : INFO : ConfigProcessor : Config file cache created: C:\Users\dell\AppData\Local\Temp\e39b84c1f1807716ec310701a6bf0d73.mpf_cache
2023-01-15 18:10:23,756 : WARNING : ConfigProcessor : Cache file not found: C:\Users\dell\AppData\Local\Temp\a3a3c1b8b3198ac6ffa6b5064057ae07.mpf_cache
2023-01-15 18:10:23,756 : INFO : ConfigProcessor : Loading config from file E:\MPF\wows\wows\shows\.\sh_crew_highlight_ru.yaml.
2023-01-15 18:10:23,761 : INFO : ConfigProcessor : Loading config: E:\MPF\wows\wows\shows\.\sh_crew_highlight_ru.yaml
2023-01-15 18:10:23,762 : INFO : ConfigProcessor : Config file cache created: C:\Users\dell\AppData\Local\Temp\a3a3c1b8b3198ac6ffa6b5064057ae07.mpf_cache
2023-01-15 18:10:23,762 : WARNING : ConfigProcessor : Cache file not found: C:\Users\dell\AppData\Local\Temp\4eebc146e222c8d9b7fa4d2858e69ea1.mpf_cache
2023-01-15 18:10:23,762 : INFO : ConfigProcessor : Loading config from file E:\MPF\wows\wows\shows\.\sh_crew_highlight_uk.yaml.
2023-01-15 18:10:23,776 : INFO : ConfigProcessor : Loading config: E:\MPF\wows\wows\shows\.\sh_crew_highlight_uk.yaml
2023-01-15 18:10:23,776 : INFO : ConfigProcessor : Config file cache created: C:\Users\dell\AppData\Local\Temp\4eebc146e222c8d9b7fa4d2858e69ea1.mpf_cache
2023-01-15 18:10:23,777 : WARNING : ConfigProcessor : Cache file not found: C:\Users\dell\AppData\Local\Temp\e126248c44ebfdee710b05c2b7d5fe82.mpf_cache
2023-01-15 18:10:23,777 : INFO : ConfigProcessor : Loading config from file E:\MPF\wows\wows\shows\.\sh_crew_highlight_us.yaml.
2023-01-15 18:10:23,782 : INFO : ConfigProcessor : Loading config: E:\MPF\wows\wows\shows\.\sh_crew_highlight_us.yaml
2023-01-15 18:10:23,782 : INFO : ConfigProcessor : Config file cache created: C:\Users\dell\AppData\Local\Temp\e126248c44ebfdee710b05c2b7d5fe82.mpf_cache
2023-01-15 18:10:23,783 : WARNING : ConfigProcessor : Cache file not found: C:\Users\dell\AppData\Local\Temp\69ecee52b21d2a851426dcc7135d38ea.mpf_cache
2023-01-15 18:10:23,783 : INFO : ConfigProcessor : Loading config from file E:\MPF\wows\wows\shows\.\sh_double_jackpot_1.yaml.
2023-01-15 18:10:23,819 : INFO : ConfigProcessor : Loading config: E:\MPF\wows\wows\shows\.\sh_double_jackpot_1.yaml
2023-01-15 18:10:23,819 : INFO : ConfigProcessor : Config file cache created: C:\Users\dell\AppData\Local\Temp\69ecee52b21d2a851426dcc7135d38ea.mpf_cache
2023-01-15 18:10:23,820 : WARNING : ConfigProcessor : Cache file not found: C:\Users\dell\AppData\Local\Temp\56ece61e32d3cc2ed53dd325a47460b4.mpf_cache
2023-01-15 18:10:23,820 : INFO : ConfigProcessor : Loading config from file E:\MPF\wows\wows\shows\.\sh_double_jackpot_2.yaml.
2023-01-15 18:10:23,831 : INFO : ConfigProcessor : Loading config: E:\MPF\wows\wows\shows\.\sh_double_jackpot_2.yaml
2023-01-15 18:10:23,832 : INFO : ConfigProcessor : Config file cache created: C:\Users\dell\AppData\Local\Temp\56ece61e32d3cc2ed53dd325a47460b4.mpf_cache
2023-01-15 18:10:23,832 : WARNING : ConfigProcessor : Cache file not found: C:\Users\dell\AppData\Local\Temp\d0b1dbeaceec3deef73ab0fce07cd740.mpf_cache
2023-01-15 18:10:23,832 : INFO : ConfigProcessor : Loading config from file E:\MPF\wows\wows\shows\.\sh_double_jackpot_3.yaml.
2023-01-15 18:10:23,866 : INFO : ConfigProcessor : Loading config: E:\MPF\wows\wows\shows\.\sh_double_jackpot_3.yaml
2023-01-15 18:10:23,867 : INFO : ConfigProcessor : Config file cache created: C:\Users\dell\AppData\Local\Temp\d0b1dbeaceec3deef73ab0fce07cd740.mpf_cache
2023-01-15 18:10:23,867 : WARNING : ConfigProcessor : Cache file not found: C:\Users\dell\AppData\Local\Temp\3d3afc7fea552c2bae3e6e1d92aa1a26.mpf_cache
2023-01-15 18:10:23,867 : INFO : ConfigProcessor : Loading config from file E:\MPF\wows\wows\shows\.\sh_double_jackpot_4.yaml.
2023-01-15 18:10:23,878 : INFO : ConfigProcessor : Loading config: E:\MPF\wows\wows\shows\.\sh_double_jackpot_4.yaml
2023-01-15 18:10:23,878 : INFO : ConfigProcessor : Config file cache created: C:\Users\dell\AppData\Local\Temp\3d3afc7fea552c2bae3e6e1d92aa1a26.mpf_cache
2023-01-15 18:10:23,879 : WARNING : ConfigProcessor : Cache file not found: C:\Users\dell\AppData\Local\Temp\4bd243ad0d8c16d00a837306cf5c3d29.mpf_cache
2023-01-15 18:10:23,879 : INFO : ConfigProcessor : Loading config from file E:\MPF\wows\wows\shows\.\sh_double_jackpot_5.yaml.
2023-01-15 18:10:23,890 : INFO : ConfigProcessor : Loading config: E:\MPF\wows\wows\shows\.\sh_double_jackpot_5.yaml
2023-01-15 18:10:23,891 : INFO : ConfigProcessor : Config file cache created: C:\Users\dell\AppData\Local\Temp\4bd243ad0d8c16d00a837306cf5c3d29.mpf_cache
2023-01-15 18:10:23,891 : WARNING : ConfigProcessor : Cache file not found: C:\Users\dell\AppData\Local\Temp\7f312b640f6d5109d8d1be2a05f128e8.mpf_cache
2023-01-15 18:10:23,891 : INFO : ConfigProcessor : Loading config from file E:\MPF\wows\wows\shows\.\sh_double_jackpot_6.yaml.
2023-01-15 18:10:23,904 : INFO : ConfigProcessor : Loading config: E:\MPF\wows\wows\shows\.\sh_double_jackpot_6.yaml
2023-01-15 18:10:23,905 : INFO : ConfigProcessor : Config file cache created: C:\Users\dell\AppData\Local\Temp\7f312b640f6d5109d8d1be2a05f128e8.mpf_cache
2023-01-15 18:10:23,905 : WARNING : ConfigProcessor : Cache file not found: C:\Users\dell\AppData\Local\Temp\67980d6a57506cd4da44486112b91bec.mpf_cache
2023-01-15 18:10:23,905 : INFO : ConfigProcessor : Loading config from file E:\MPF\wows\wows\shows\.\sh_hc_crit_dmg.yaml.
2023-01-15 18:10:23,924 : INFO : ConfigProcessor : Loading config: E:\MPF\wows\wows\shows\.\sh_hc_crit_dmg.yaml
2023-01-15 18:10:23,925 : INFO : ConfigProcessor : Config file cache created: C:\Users\dell\AppData\Local\Temp\67980d6a57506cd4da44486112b91bec.mpf_cache
2023-01-15 18:10:23,925 : WARNING : ConfigProcessor : Cache file not found: C:\Users\dell\AppData\Local\Temp\9ec3c911ae7e15f7065133c529810f95.mpf_cache
2023-01-15 18:10:23,925 : INFO : ConfigProcessor : Loading config from file E:\MPF\wows\wows\shows\.\sh_hc_heavy_dmg.yaml.
2023-01-15 18:10:23,939 : INFO : ConfigProcessor : Loading config: E:\MPF\wows\wows\shows\.\sh_hc_heavy_dmg.yaml
2023-01-15 18:10:23,939 : INFO : ConfigProcessor : Config file cache created: C:\Users\dell\AppData\Local\Temp\9ec3c911ae7e15f7065133c529810f95.mpf_cache
2023-01-15 18:10:23,941 : WARNING : ConfigProcessor : Cache file not found: C:\Users\dell\AppData\Local\Temp\930069940b749f97f86d219b2ddeacf1.mpf_cache
2023-01-15 18:10:23,941 : INFO : ConfigProcessor : Loading config from file E:\MPF\wows\wows\shows\.\sh_jackpot_1.yaml.
2023-01-15 18:10:23,954 : INFO : ConfigProcessor : Loading config: E:\MPF\wows\wows\shows\.\sh_jackpot_1.yaml
2023-01-15 18:10:23,955 : INFO : ConfigProcessor : Config file cache created: C:\Users\dell\AppData\Local\Temp\930069940b749f97f86d219b2ddeacf1.mpf_cache
2023-01-15 18:10:23,955 : WARNING : ConfigProcessor : Cache file not found: C:\Users\dell\AppData\Local\Temp\650f26d6333e64d21657a8ef260f5acf.mpf_cache
2023-01-15 18:10:23,955 : INFO : ConfigProcessor : Loading config from file E:\MPF\wows\wows\shows\.\sh_jackpot_2.yaml.
2023-01-15 18:10:23,967 : INFO : ConfigProcessor : Loading config: E:\MPF\wows\wows\shows\.\sh_jackpot_2.yaml
2023-01-15 18:10:23,967 : INFO : ConfigProcessor : Config file cache created: C:\Users\dell\AppData\Local\Temp\650f26d6333e64d21657a8ef260f5acf.mpf_cache
2023-01-15 18:10:23,968 : WARNING : ConfigProcessor : Cache file not found: C:\Users\dell\AppData\Local\Temp\7fe69373349de136ea08d265848ee2de.mpf_cache
2023-01-15 18:10:23,968 : INFO : ConfigProcessor : Loading config from file E:\MPF\wows\wows\shows\.\sh_jackpot_3.yaml.
2023-01-15 18:10:23,979 : INFO : ConfigProcessor : Loading config: E:\MPF\wows\wows\shows\.\sh_jackpot_3.yaml
2023-01-15 18:10:23,979 : INFO : ConfigProcessor : Config file cache created: C:\Users\dell\AppData\Local\Temp\7fe69373349de136ea08d265848ee2de.mpf_cache
2023-01-15 18:10:23,980 : WARNING : ConfigProcessor : Cache file not found: C:\Users\dell\AppData\Local\Temp\24196d5bffa5766d9b4a62f9ae23e660.mpf_cache
2023-01-15 18:10:23,980 : INFO : ConfigProcessor : Loading config from file E:\MPF\wows\wows\shows\.\sh_jackpot_4.yaml.
2023-01-15 18:10:23,990 : INFO : ConfigProcessor : Loading config: E:\MPF\wows\wows\shows\.\sh_jackpot_4.yaml
2023-01-15 18:10:23,991 : INFO : ConfigProcessor : Config file cache created: C:\Users\dell\AppData\Local\Temp\24196d5bffa5766d9b4a62f9ae23e660.mpf_cache
2023-01-15 18:10:23,991 : WARNING : ConfigProcessor : Cache file not found: C:\Users\dell\AppData\Local\Temp\5f56171e4007003f2e0029bfa218d47c.mpf_cache
2023-01-15 18:10:23,991 : INFO : ConfigProcessor : Loading config from file E:\MPF\wows\wows\shows\.\sh_jackpot_5.yaml.
2023-01-15 18:10:24,005 : INFO : ConfigProcessor : Loading config: E:\MPF\wows\wows\shows\.\sh_jackpot_5.yaml
2023-01-15 18:10:24,005 : INFO : ConfigProcessor : Config file cache created: C:\Users\dell\AppData\Local\Temp\5f56171e4007003f2e0029bfa218d47c.mpf_cache
2023-01-15 18:10:24,005 : WARNING : ConfigProcessor : Cache file not found: C:\Users\dell\AppData\Local\Temp\9828dc3aacab1158f9e233d43cb3fe1f.mpf_cache
2023-01-15 18:10:24,006 : INFO : ConfigProcessor : Loading config from file E:\MPF\wows\wows\shows\.\sh_jackpot_6.yaml.
2023-01-15 18:10:24,018 : INFO : ConfigProcessor : Loading config: E:\MPF\wows\wows\shows\.\sh_jackpot_6.yaml
2023-01-15 18:10:24,018 : INFO : ConfigProcessor : Config file cache created: C:\Users\dell\AppData\Local\Temp\9828dc3aacab1158f9e233d43cb3fe1f.mpf_cache
2023-01-15 18:10:24,018 : WARNING : ConfigProcessor : Cache file not found: C:\Users\dell\AppData\Local\Temp\93dd7129697f51b97f6c3186dcf43a8c.mpf_cache
2023-01-15 18:10:24,018 : INFO : ConfigProcessor : Loading config from file E:\MPF\wows\wows\shows\.\sh_jackpot_to_super.yaml.
2023-01-15 18:10:24,041 : INFO : ConfigProcessor : Loading config: E:\MPF\wows\wows\shows\.\sh_jackpot_to_super.yaml
2023-01-15 18:10:24,042 : INFO : ConfigProcessor : Config file cache created: C:\Users\dell\AppData\Local\Temp\93dd7129697f51b97f6c3186dcf43a8c.mpf_cache
2023-01-15 18:10:24,042 : WARNING : ConfigProcessor : Cache file not found: C:\Users\dell\AppData\Local\Temp\854a9aa5d57e7e92df5c4ac62cddaec0.mpf_cache
2023-01-15 18:10:24,042 : INFO : ConfigProcessor : Loading config from file E:\MPF\wows\wows\shows\.\sh_jackpot_to_super_prepare.yaml.
2023-01-15 18:10:24,049 : INFO : ConfigProcessor : Loading config: E:\MPF\wows\wows\shows\.\sh_jackpot_to_super_prepare.yaml
2023-01-15 18:10:24,049 : INFO : ConfigProcessor : Config file cache created: C:\Users\dell\AppData\Local\Temp\854a9aa5d57e7e92df5c4ac62cddaec0.mpf_cache
2023-01-15 18:10:24,049 : WARNING : ConfigProcessor : Cache file not found: C:\Users\dell\AppData\Local\Temp\4a17f5ab6f47bd6cbffa808b6eeea916.mpf_cache
2023-01-15 18:10:24,049 : INFO : ConfigProcessor : Loading config from file E:\MPF\wows\wows\shows\.\sh_match.yaml.
2023-01-15 18:10:24,087 : INFO : ConfigProcessor : Loading config: E:\MPF\wows\wows\shows\.\sh_match.yaml
2023-01-15 18:10:24,087 : INFO : ConfigProcessor : Config file cache created: C:\Users\dell\AppData\Local\Temp\4a17f5ab6f47bd6cbffa808b6eeea916.mpf_cache
2023-01-15 18:10:24,088 : WARNING : ConfigProcessor : Cache file not found: C:\Users\dell\AppData\Local\Temp\87b77888918ca02abc6ea55edabaa1e0.mpf_cache
2023-01-15 18:10:24,088 : INFO : ConfigProcessor : Loading config from file E:\MPF\wows\wows\shows\.\sh_mode_10_completed.yaml.
2023-01-15 18:10:24,126 : INFO : ConfigProcessor : Loading config: E:\MPF\wows\wows\shows\.\sh_mode_10_completed.yaml
2023-01-15 18:10:24,126 : INFO : ConfigProcessor : Config file cache created: C:\Users\dell\AppData\Local\Temp\87b77888918ca02abc6ea55edabaa1e0.mpf_cache
2023-01-15 18:10:24,127 : WARNING : ConfigProcessor : Cache file not found: C:\Users\dell\AppData\Local\Temp\2e8097eb902f0db673edff67ef20cd70.mpf_cache
2023-01-15 18:10:24,127 : INFO : ConfigProcessor : Loading config from file E:\MPF\wows\wows\shows\.\sh_mode_10_progress.yaml.
2023-01-15 18:10:24,134 : INFO : ConfigProcessor : Loading config: E:\MPF\wows\wows\shows\.\sh_mode_10_progress.yaml
2023-01-15 18:10:24,134 : INFO : ConfigProcessor : Config file cache created: C:\Users\dell\AppData\Local\Temp\2e8097eb902f0db673edff67ef20cd70.mpf_cache
2023-01-15 18:10:24,134 : WARNING : ConfigProcessor : Cache file not found: C:\Users\dell\AppData\Local\Temp\6dda5ce3394e1c203b91cdb4c3bc5158.mpf_cache
2023-01-15 18:10:24,134 : INFO : ConfigProcessor : Loading config from file E:\MPF\wows\wows\shows\.\sh_mode_10_start.yaml.
2023-01-15 18:10:24,141 : INFO : ConfigProcessor : Loading config: E:\MPF\wows\wows\shows\.\sh_mode_10_start.yaml
2023-01-15 18:10:24,141 : INFO : ConfigProcessor : Config file cache created: C:\Users\dell\AppData\Local\Temp\6dda5ce3394e1c203b91cdb4c3bc5158.mpf_cache
2023-01-15 18:10:24,142 : WARNING : ConfigProcessor : Cache file not found: C:\Users\dell\AppData\Local\Temp\801d82c75b08baf8aba110a640054dee.mpf_cache
2023-01-15 18:10:24,142 : INFO : ConfigProcessor : Loading config from file E:\MPF\wows\wows\shows\.\sh_mode_1_completed.yaml.
2023-01-15 18:10:24,183 : INFO : ConfigProcessor : Loading config: E:\MPF\wows\wows\shows\.\sh_mode_1_completed.yaml
2023-01-15 18:10:24,184 : INFO : ConfigProcessor : Config file cache created: C:\Users\dell\AppData\Local\Temp\801d82c75b08baf8aba110a640054dee.mpf_cache
2023-01-15 18:10:24,184 : WARNING : ConfigProcessor : Cache file not found: C:\Users\dell\AppData\Local\Temp\6d7eeb6b67afdec81637282a9dda6782.mpf_cache
2023-01-15 18:10:24,184 : INFO : ConfigProcessor : Loading config from file E:\MPF\wows\wows\shows\.\sh_mode_1_progress.yaml.
2023-01-15 18:10:24,202 : INFO : ConfigProcessor : Loading config: E:\MPF\wows\wows\shows\.\sh_mode_1_progress.yaml
2023-01-15 18:10:24,202 : INFO : ConfigProcessor : Config file cache created: C:\Users\dell\AppData\Local\Temp\6d7eeb6b67afdec81637282a9dda6782.mpf_cache
2023-01-15 18:10:24,203 : WARNING : ConfigProcessor : Cache file not found: C:\Users\dell\AppData\Local\Temp\f18efe2c04100550263acd9a8a6038af.mpf_cache
2023-01-15 18:10:24,203 : INFO : ConfigProcessor : Loading config from file E:\MPF\wows\wows\shows\.\sh_mode_1_shot_made_1.yaml.
2023-01-15 18:10:24,209 : INFO : ConfigProcessor : Loading config: E:\MPF\wows\wows\shows\.\sh_mode_1_shot_made_1.yaml
2023-01-15 18:10:24,210 : INFO : ConfigProcessor : Config file cache created: C:\Users\dell\AppData\Local\Temp\f18efe2c04100550263acd9a8a6038af.mpf_cache
2023-01-15 18:10:24,210 : WARNING : ConfigProcessor : Cache file not found: C:\Users\dell\AppData\Local\Temp\77dfdfbf7011c8796e93f9e4ee745691.mpf_cache
2023-01-15 18:10:24,210 : INFO : ConfigProcessor : Loading config from file E:\MPF\wows\wows\shows\.\sh_mode_1_shot_made_2.yaml.
2023-01-15 18:10:24,217 : INFO : ConfigProcessor : Loading config: E:\MPF\wows\wows\shows\.\sh_mode_1_shot_made_2.yaml
2023-01-15 18:10:24,218 : INFO : ConfigProcessor : Config file cache created: C:\Users\dell\AppData\Local\Temp\77dfdfbf7011c8796e93f9e4ee745691.mpf_cache
2023-01-15 18:10:24,218 : WARNING : ConfigProcessor : Cache file not found: C:\Users\dell\AppData\Local\Temp\55e62533d8b0090336fcaf5380faf342.mpf_cache
2023-01-15 18:10:24,218 : INFO : ConfigProcessor : Loading config from file E:\MPF\wows\wows\shows\.\sh_mode_1_shot_made_3.yaml.
2023-01-15 18:10:24,226 : INFO : ConfigProcessor : Loading config: E:\MPF\wows\wows\shows\.\sh_mode_1_shot_made_3.yaml
2023-01-15 18:10:24,227 : INFO : ConfigProcessor : Config file cache created: C:\Users\dell\AppData\Local\Temp\55e62533d8b0090336fcaf5380faf342.mpf_cache
2023-01-15 18:10:24,227 : WARNING : ConfigProcessor : Cache file not found: C:\Users\dell\AppData\Local\Temp\9fa4a25ee32f55bf2c6a76fb59d8bbaf.mpf_cache
2023-01-15 18:10:24,227 : INFO : ConfigProcessor : Loading config from file E:\MPF\wows\wows\shows\.\sh_mode_1_shot_made_4.yaml.
2023-01-15 18:10:24,242 : INFO : ConfigProcessor : Loading config: E:\MPF\wows\wows\shows\.\sh_mode_1_shot_made_4.yaml
2023-01-15 18:10:24,243 : INFO : ConfigProcessor : Config file cache created: C:\Users\dell\AppData\Local\Temp\9fa4a25ee32f55bf2c6a76fb59d8bbaf.mpf_cache
2023-01-15 18:10:24,262 : WARNING : ConfigProcessor : Cache file not found: C:\Users\dell\AppData\Local\Temp\7e90ab1bc560333dd4b4d9f4aaf6bf62.mpf_cache
2023-01-15 18:10:24,262 : INFO : ConfigProcessor : Loading config from file E:\MPF\wows\wows\shows\.\sh_mode_1_start.yaml.
2023-01-15 18:10:24,269 : INFO : ConfigProcessor : Loading config: E:\MPF\wows\wows\shows\.\sh_mode_1_start.yaml
2023-01-15 18:10:24,270 : INFO : ConfigProcessor : Config file cache created: C:\Users\dell\AppData\Local\Temp\7e90ab1bc560333dd4b4d9f4aaf6bf62.mpf_cache
2023-01-15 18:10:24,270 : WARNING : ConfigProcessor : Cache file not found: C:\Users\dell\AppData\Local\Temp\24505a0d42d384632078d94085b52904.mpf_cache
2023-01-15 18:10:24,270 : INFO : ConfigProcessor : Loading config from file E:\MPF\wows\wows\shows\.\sh_mode_2_completed.yaml.
2023-01-15 18:10:24,289 : INFO : ConfigProcessor : Loading config: E:\MPF\wows\wows\shows\.\sh_mode_2_completed.yaml
2023-01-15 18:10:24,289 : INFO : ConfigProcessor : Config file cache created: C:\Users\dell\AppData\Local\Temp\24505a0d42d384632078d94085b52904.mpf_cache
2023-01-15 18:10:24,290 : WARNING : ConfigProcessor : Cache file not found: C:\Users\dell\AppData\Local\Temp\d2e2dee5d391f181bf417bbfa62b8ee2.mpf_cache
2023-01-15 18:10:24,290 : INFO : ConfigProcessor : Loading config from file E:\MPF\wows\wows\shows\.\sh_mode_2_progress.yaml.
2023-01-15 18:10:24,298 : INFO : ConfigProcessor : Loading config: E:\MPF\wows\wows\shows\.\sh_mode_2_progress.yaml
2023-01-15 18:10:24,299 : INFO : ConfigProcessor : Config file cache created: C:\Users\dell\AppData\Local\Temp\d2e2dee5d391f181bf417bbfa62b8ee2.mpf_cache
2023-01-15 18:10:24,299 : WARNING : ConfigProcessor : Cache file not found: C:\Users\dell\AppData\Local\Temp\4398dc713d774371f49c655025259670.mpf_cache
2023-01-15 18:10:24,299 : INFO : ConfigProcessor : Loading config from file E:\MPF\wows\wows\shows\.\sh_mode_2_start.yaml.
2023-01-15 18:10:24,312 : INFO : ConfigProcessor : Loading config: E:\MPF\wows\wows\shows\.\sh_mode_2_start.yaml
2023-01-15 18:10:24,313 : INFO : ConfigProcessor : Config file cache created: C:\Users\dell\AppData\Local\Temp\4398dc713d774371f49c655025259670.mpf_cache
2023-01-15 18:10:24,313 : WARNING : ConfigProcessor : Cache file not found: C:\Users\dell\AppData\Local\Temp\2a10046c74e5eb8ef0ed9d338302b7e2.mpf_cache
2023-01-15 18:10:24,313 : INFO : ConfigProcessor : Loading config from file E:\MPF\wows\wows\shows\.\sh_mode_3_completed.yaml.
2023-01-15 18:10:24,334 : INFO : ConfigProcessor : Loading config: E:\MPF\wows\wows\shows\.\sh_mode_3_completed.yaml
2023-01-15 18:10:24,334 : INFO : ConfigProcessor : Config file cache created: C:\Users\dell\AppData\Local\Temp\2a10046c74e5eb8ef0ed9d338302b7e2.mpf_cache
2023-01-15 18:10:24,334 : WARNING : ConfigProcessor : Cache file not found: C:\Users\dell\AppData\Local\Temp\1976a772a16c7f14b7c542c255637f22.mpf_cache
2023-01-15 18:10:24,335 : INFO : ConfigProcessor : Loading config from file E:\MPF\wows\wows\shows\.\sh_mode_3_progress.yaml.
2023-01-15 18:10:24,341 : INFO : ConfigProcessor : Loading config: E:\MPF\wows\wows\shows\.\sh_mode_3_progress.yaml
2023-01-15 18:10:24,342 : INFO : ConfigProcessor : Config file cache created: C:\Users\dell\AppData\Local\Temp\1976a772a16c7f14b7c542c255637f22.mpf_cache
2023-01-15 18:10:24,342 : WARNING : ConfigProcessor : Cache file not found: C:\Users\dell\AppData\Local\Temp\91df8e0ae0e44730ed622ea2efb74e97.mpf_cache
2023-01-15 18:10:24,342 : INFO : ConfigProcessor : Loading config from file E:\MPF\wows\wows\shows\.\sh_mode_3_shot_made.yaml.
2023-01-15 18:10:24,375 : INFO : ConfigProcessor : Loading config: E:\MPF\wows\wows\shows\.\sh_mode_3_shot_made.yaml
2023-01-15 18:10:24,375 : INFO : ConfigProcessor : Config file cache created: C:\Users\dell\AppData\Local\Temp\91df8e0ae0e44730ed622ea2efb74e97.mpf_cache
2023-01-15 18:10:24,376 : WARNING : ConfigProcessor : Cache file not found: C:\Users\dell\AppData\Local\Temp\dff6fabdd3c60a7e52618c514c4d53bb.mpf_cache
2023-01-15 18:10:24,376 : INFO : ConfigProcessor : Loading config from file E:\MPF\wows\wows\shows\.\sh_mode_3_start.yaml.
2023-01-15 18:10:24,383 : INFO : ConfigProcessor : Loading config: E:\MPF\wows\wows\shows\.\sh_mode_3_start.yaml
2023-01-15 18:10:24,383 : INFO : ConfigProcessor : Config file cache created: C:\Users\dell\AppData\Local\Temp\dff6fabdd3c60a7e52618c514c4d53bb.mpf_cache
2023-01-15 18:10:24,384 : WARNING : ConfigProcessor : Cache file not found: C:\Users\dell\AppData\Local\Temp\b00ca6d895de68a8daf4555cf943ba58.mpf_cache
2023-01-15 18:10:24,384 : INFO : ConfigProcessor : Loading config from file E:\MPF\wows\wows\shows\.\sh_mode_4_completed.yaml.
2023-01-15 18:10:24,398 : INFO : ConfigProcessor : Loading config: E:\MPF\wows\wows\shows\.\sh_mode_4_completed.yaml
2023-01-15 18:10:24,400 : INFO : ConfigProcessor : Config file cache created: C:\Users\dell\AppData\Local\Temp\b00ca6d895de68a8daf4555cf943ba58.mpf_cache
2023-01-15 18:10:24,404 : WARNING : ConfigProcessor : Cache file not found: C:\Users\dell\AppData\Local\Temp\b5b8a4db5bea0726b6595532599dafa3.mpf_cache
2023-01-15 18:10:24,404 : INFO : ConfigProcessor : Loading config from file E:\MPF\wows\wows\shows\.\sh_mode_4_progress.yaml.
2023-01-15 18:10:24,411 : INFO : ConfigProcessor : Loading config: E:\MPF\wows\wows\shows\.\sh_mode_4_progress.yaml
2023-01-15 18:10:24,411 : INFO : ConfigProcessor : Config file cache created: C:\Users\dell\AppData\Local\Temp\b5b8a4db5bea0726b6595532599dafa3.mpf_cache
2023-01-15 18:10:24,411 : WARNING : ConfigProcessor : Cache file not found: C:\Users\dell\AppData\Local\Temp\69fdf32f8b1f00ca71933bfdf818d181.mpf_cache
2023-01-15 18:10:24,411 : INFO : ConfigProcessor : Loading config from file E:\MPF\wows\wows\shows\.\sh_mode_4_shot_made.yaml.
2023-01-15 18:10:24,419 : INFO : ConfigProcessor : Loading config: E:\MPF\wows\wows\shows\.\sh_mode_4_shot_made.yaml
2023-01-15 18:10:24,420 : INFO : ConfigProcessor : Config file cache created: C:\Users\dell\AppData\Local\Temp\69fdf32f8b1f00ca71933bfdf818d181.mpf_cache
2023-01-15 18:10:24,420 : WARNING : ConfigProcessor : Cache file not found: C:\Users\dell\AppData\Local\Temp\2ea47c81ed4f8a69c675021c80778e85.mpf_cache
2023-01-15 18:10:24,420 : INFO : ConfigProcessor : Loading config from file E:\MPF\wows\wows\shows\.\sh_mode_4_start.yaml.
2023-01-15 18:10:24,426 : INFO : ConfigProcessor : Loading config: E:\MPF\wows\wows\shows\.\sh_mode_4_start.yaml
2023-01-15 18:10:24,427 : INFO : ConfigProcessor : Config file cache created: C:\Users\dell\AppData\Local\Temp\2ea47c81ed4f8a69c675021c80778e85.mpf_cache
2023-01-15 18:10:24,427 : WARNING : ConfigProcessor : Cache file not found: C:\Users\dell\AppData\Local\Temp\4341f22727a1b0f8b478ff6fc7114278.mpf_cache
2023-01-15 18:10:24,427 : INFO : ConfigProcessor : Loading config from file E:\MPF\wows\wows\shows\.\sh_mode_5_completed.yaml.
2023-01-15 18:10:24,438 : INFO : ConfigProcessor : Loading config: E:\MPF\wows\wows\shows\.\sh_mode_5_completed.yaml
2023-01-15 18:10:24,438 : INFO : ConfigProcessor : Config file cache created: C:\Users\dell\AppData\Local\Temp\4341f22727a1b0f8b478ff6fc7114278.mpf_cache
2023-01-15 18:10:24,439 : WARNING : ConfigProcessor : Cache file not found: C:\Users\dell\AppData\Local\Temp\34b907b0c1988670c99198ad34048e9b.mpf_cache
2023-01-15 18:10:24,439 : INFO : ConfigProcessor : Loading config from file E:\MPF\wows\wows\shows\.\sh_mode_5_progress.yaml.
2023-01-15 18:10:24,453 : INFO : ConfigProcessor : Loading config: E:\MPF\wows\wows\shows\.\sh_mode_5_progress.yaml
2023-01-15 18:10:24,453 : INFO : ConfigProcessor : Config file cache created: C:\Users\dell\AppData\Local\Temp\34b907b0c1988670c99198ad34048e9b.mpf_cache
2023-01-15 18:10:24,454 : WARNING : ConfigProcessor : Cache file not found: C:\Users\dell\AppData\Local\Temp\3078b120455821a73c8c6f8a1dceab4f.mpf_cache
2023-01-15 18:10:24,454 : INFO : ConfigProcessor : Loading config from file E:\MPF\wows\wows\shows\.\sh_mode_5_shot_made.yaml.
2023-01-15 18:10:24,463 : INFO : ConfigProcessor : Loading config: E:\MPF\wows\wows\shows\.\sh_mode_5_shot_made.yaml
2023-01-15 18:10:24,464 : INFO : ConfigProcessor : Config file cache created: C:\Users\dell\AppData\Local\Temp\3078b120455821a73c8c6f8a1dceab4f.mpf_cache
2023-01-15 18:10:24,464 : WARNING : ConfigProcessor : Cache file not found: C:\Users\dell\AppData\Local\Temp\d95a17e65a2b41e386a7fc14bcda65fd.mpf_cache
2023-01-15 18:10:24,464 : INFO : ConfigProcessor : Loading config from file E:\MPF\wows\wows\shows\.\sh_mode_5_start.yaml.
2023-01-15 18:10:24,471 : INFO : ConfigProcessor : Loading config: E:\MPF\wows\wows\shows\.\sh_mode_5_start.yaml
2023-01-15 18:10:24,472 : INFO : ConfigProcessor : Config file cache created: C:\Users\dell\AppData\Local\Temp\d95a17e65a2b41e386a7fc14bcda65fd.mpf_cache
2023-01-15 18:10:24,472 : WARNING : ConfigProcessor : Cache file not found: C:\Users\dell\AppData\Local\Temp\70a3dc288dcfdeeb747f888700969697.mpf_cache
2023-01-15 18:10:24,472 : INFO : ConfigProcessor : Loading config from file E:\MPF\wows\wows\shows\.\sh_mode_6_completed.yaml.
2023-01-15 18:10:24,480 : INFO : ConfigProcessor : Loading config: E:\MPF\wows\wows\shows\.\sh_mode_6_completed.yaml
2023-01-15 18:10:24,481 : INFO : ConfigProcessor : Config file cache created: C:\Users\dell\AppData\Local\Temp\70a3dc288dcfdeeb747f888700969697.mpf_cache
2023-01-15 18:10:24,481 : WARNING : ConfigProcessor : Cache file not found: C:\Users\dell\AppData\Local\Temp\a545989d29acb91f9b5046622b67b4ed.mpf_cache
2023-01-15 18:10:24,481 : INFO : ConfigProcessor : Loading config from file E:\MPF\wows\wows\shows\.\sh_mode_6_progress.yaml.
2023-01-15 18:10:24,488 : INFO : ConfigProcessor : Loading config: E:\MPF\wows\wows\shows\.\sh_mode_6_progress.yaml
2023-01-15 18:10:24,488 : INFO : ConfigProcessor : Config file cache created: C:\Users\dell\AppData\Local\Temp\a545989d29acb91f9b5046622b67b4ed.mpf_cache
2023-01-15 18:10:24,488 : WARNING : ConfigProcessor : Cache file not found: C:\Users\dell\AppData\Local\Temp\8d6f9c7ff9c39db68f4d155bf8492fbe.mpf_cache
2023-01-15 18:10:24,488 : INFO : ConfigProcessor : Loading config from file E:\MPF\wows\wows\shows\.\sh_mode_6_shot_made.yaml.
2023-01-15 18:10:24,496 : INFO : ConfigProcessor : Loading config: E:\MPF\wows\wows\shows\.\sh_mode_6_shot_made.yaml
2023-01-15 18:10:24,496 : INFO : ConfigProcessor : Config file cache created: C:\Users\dell\AppData\Local\Temp\8d6f9c7ff9c39db68f4d155bf8492fbe.mpf_cache
2023-01-15 18:10:24,496 : WARNING : ConfigProcessor : Cache file not found: C:\Users\dell\AppData\Local\Temp\155f4ce74e2bf17af8dbff2a4763087f.mpf_cache
2023-01-15 18:10:24,496 : INFO : ConfigProcessor : Loading config from file E:\MPF\wows\wows\shows\.\sh_mode_6_start.yaml.
2023-01-15 18:10:24,503 : INFO : ConfigProcessor : Loading config: E:\MPF\wows\wows\shows\.\sh_mode_6_start.yaml
2023-01-15 18:10:24,504 : INFO : ConfigProcessor : Config file cache created: C:\Users\dell\AppData\Local\Temp\155f4ce74e2bf17af8dbff2a4763087f.mpf_cache
2023-01-15 18:10:24,504 : WARNING : ConfigProcessor : Cache file not found: C:\Users\dell\AppData\Local\Temp\1f327f8ed4990105250a8e68ccfd880b.mpf_cache
2023-01-15 18:10:24,504 : INFO : ConfigProcessor : Loading config from file E:\MPF\wows\wows\shows\.\sh_mode_7_completed.yaml.
2023-01-15 18:10:24,513 : INFO : ConfigProcessor : Loading config: E:\MPF\wows\wows\shows\.\sh_mode_7_completed.yaml
2023-01-15 18:10:24,513 : INFO : ConfigProcessor : Config file cache created: C:\Users\dell\AppData\Local\Temp\1f327f8ed4990105250a8e68ccfd880b.mpf_cache
2023-01-15 18:10:24,514 : WARNING : ConfigProcessor : Cache file not found: C:\Users\dell\AppData\Local\Temp\631f1a0f4495ddfec417d1e517d075ee.mpf_cache
2023-01-15 18:10:24,514 : INFO : ConfigProcessor : Loading config from file E:\MPF\wows\wows\shows\.\sh_mode_7_progress.yaml.
2023-01-15 18:10:24,520 : INFO : ConfigProcessor : Loading config: E:\MPF\wows\wows\shows\.\sh_mode_7_progress.yaml
2023-01-15 18:10:24,521 : INFO : ConfigProcessor : Config file cache created: C:\Users\dell\AppData\Local\Temp\631f1a0f4495ddfec417d1e517d075ee.mpf_cache
2023-01-15 18:10:24,521 : WARNING : ConfigProcessor : Cache file not found: C:\Users\dell\AppData\Local\Temp\58d128190d1d0b57398f3d0bb3d51665.mpf_cache
2023-01-15 18:10:24,521 : INFO : ConfigProcessor : Loading config from file E:\MPF\wows\wows\shows\.\sh_mode_7_shot_made.yaml.
2023-01-15 18:10:24,534 : INFO : ConfigProcessor : Loading config: E:\MPF\wows\wows\shows\.\sh_mode_7_shot_made.yaml
2023-01-15 18:10:24,535 : INFO : ConfigProcessor : Config file cache created: C:\Users\dell\AppData\Local\Temp\58d128190d1d0b57398f3d0bb3d51665.mpf_cache
2023-01-15 18:10:24,535 : WARNING : ConfigProcessor : Cache file not found: C:\Users\dell\AppData\Local\Temp\3a392e0f36204bd15fe7f620a9abd8a5.mpf_cache
2023-01-15 18:10:24,535 : INFO : ConfigProcessor : Loading config from file E:\MPF\wows\wows\shows\.\sh_mode_7_start.yaml.
2023-01-15 18:10:24,542 : INFO : ConfigProcessor : Loading config: E:\MPF\wows\wows\shows\.\sh_mode_7_start.yaml
2023-01-15 18:10:24,542 : INFO : ConfigProcessor : Config file cache created: C:\Users\dell\AppData\Local\Temp\3a392e0f36204bd15fe7f620a9abd8a5.mpf_cache
2023-01-15 18:10:24,542 : WARNING : ConfigProcessor : Cache file not found: C:\Users\dell\AppData\Local\Temp\a21cdf4e7d11d0ddd588c2361820cd3f.mpf_cache
2023-01-15 18:10:24,542 : INFO : ConfigProcessor : Loading config from file E:\MPF\wows\wows\shows\.\sh_mode_8_completed.yaml.
2023-01-15 18:10:24,579 : INFO : ConfigProcessor : Loading config: E:\MPF\wows\wows\shows\.\sh_mode_8_completed.yaml
2023-01-15 18:10:24,580 : INFO : ConfigProcessor : Config file cache created: C:\Users\dell\AppData\Local\Temp\a21cdf4e7d11d0ddd588c2361820cd3f.mpf_cache
2023-01-15 18:10:24,580 : WARNING : ConfigProcessor : Cache file not found: C:\Users\dell\AppData\Local\Temp\c985e32e9d44f65a2b4ce21de0879b93.mpf_cache
2023-01-15 18:10:24,580 : INFO : ConfigProcessor : Loading config from file E:\MPF\wows\wows\shows\.\sh_mode_8_progress.yaml.
2023-01-15 18:10:24,600 : INFO : ConfigProcessor : Loading config: E:\MPF\wows\wows\shows\.\sh_mode_8_progress.yaml
2023-01-15 18:10:24,600 : INFO : ConfigProcessor : Config file cache created: C:\Users\dell\AppData\Local\Temp\c985e32e9d44f65a2b4ce21de0879b93.mpf_cache
2023-01-15 18:10:24,600 : WARNING : ConfigProcessor : Cache file not found: C:\Users\dell\AppData\Local\Temp\53b5443f454133ae1b362b3b93db77cb.mpf_cache
2023-01-15 18:10:24,600 : INFO : ConfigProcessor : Loading config from file E:\MPF\wows\wows\shows\.\sh_mode_8_shot_made.yaml.
2023-01-15 18:10:24,607 : INFO : ConfigProcessor : Loading config: E:\MPF\wows\wows\shows\.\sh_mode_8_shot_made.yaml
2023-01-15 18:10:24,607 : INFO : ConfigProcessor : Config file cache created: C:\Users\dell\AppData\Local\Temp\53b5443f454133ae1b362b3b93db77cb.mpf_cache
2023-01-15 18:10:24,608 : WARNING : ConfigProcessor : Cache file not found: C:\Users\dell\AppData\Local\Temp\3931d087bd0a337e7115b05d59ca5799.mpf_cache
2023-01-15 18:10:24,608 : INFO : ConfigProcessor : Loading config from file E:\MPF\wows\wows\shows\.\sh_mode_8_start.yaml.
2023-01-15 18:10:24,614 : INFO : ConfigProcessor : Loading config: E:\MPF\wows\wows\shows\.\sh_mode_8_start.yaml
2023-01-15 18:10:24,615 : INFO : ConfigProcessor : Config file cache created: C:\Users\dell\AppData\Local\Temp\3931d087bd0a337e7115b05d59ca5799.mpf_cache
2023-01-15 18:10:24,615 : WARNING : ConfigProcessor : Cache file not found: C:\Users\dell\AppData\Local\Temp\4b9dbb62597032bf50b643d8dab4e70a.mpf_cache
2023-01-15 18:10:24,615 : INFO : ConfigProcessor : Loading config from file E:\MPF\wows\wows\shows\.\sh_mode_9_completed.yaml.
2023-01-15 18:10:24,624 : INFO : ConfigProcessor : Loading config: E:\MPF\wows\wows\shows\.\sh_mode_9_completed.yaml
2023-01-15 18:10:24,624 : INFO : ConfigProcessor : Config file cache created: C:\Users\dell\AppData\Local\Temp\4b9dbb62597032bf50b643d8dab4e70a.mpf_cache
2023-01-15 18:10:24,624 : WARNING : ConfigProcessor : Cache file not found: C:\Users\dell\AppData\Local\Temp\765fb0e29c5e0a3c4df63af3a63a2aa9.mpf_cache
2023-01-15 18:10:24,625 : INFO : ConfigProcessor : Loading config from file E:\MPF\wows\wows\shows\.\sh_mode_9_progress.yaml.
2023-01-15 18:10:24,631 : INFO : ConfigProcessor : Loading config: E:\MPF\wows\wows\shows\.\sh_mode_9_progress.yaml
2023-01-15 18:10:24,631 : INFO : ConfigProcessor : Config file cache created: C:\Users\dell\AppData\Local\Temp\765fb0e29c5e0a3c4df63af3a63a2aa9.mpf_cache
2023-01-15 18:10:24,632 : WARNING : ConfigProcessor : Cache file not found: C:\Users\dell\AppData\Local\Temp\92bd7ddb78685ce3872fdffddbf4066b.mpf_cache
2023-01-15 18:10:24,632 : INFO : ConfigProcessor : Loading config from file E:\MPF\wows\wows\shows\.\sh_mode_9_shot_made.yaml.
2023-01-15 18:10:24,639 : INFO : ConfigProcessor : Loading config: E:\MPF\wows\wows\shows\.\sh_mode_9_shot_made.yaml
2023-01-15 18:10:24,639 : INFO : ConfigProcessor : Config file cache created: C:\Users\dell\AppData\Local\Temp\92bd7ddb78685ce3872fdffddbf4066b.mpf_cache
2023-01-15 18:10:24,639 : WARNING : ConfigProcessor : Cache file not found: C:\Users\dell\AppData\Local\Temp\f17b18f8fc49aa4015f8aaed5fe0310c.mpf_cache
2023-01-15 18:10:24,639 : INFO : ConfigProcessor : Loading config from file E:\MPF\wows\wows\shows\.\sh_mode_9_start.yaml.
2023-01-15 18:10:24,646 : INFO : ConfigProcessor : Loading config: E:\MPF\wows\wows\shows\.\sh_mode_9_start.yaml
2023-01-15 18:10:24,646 : INFO : ConfigProcessor : Config file cache created: C:\Users\dell\AppData\Local\Temp\f17b18f8fc49aa4015f8aaed5fe0310c.mpf_cache
2023-01-15 18:10:24,646 : WARNING : ConfigProcessor : Cache file not found: C:\Users\dell\AppData\Local\Temp\6025440fe966918e9010659c75a84677.mpf_cache
2023-01-15 18:10:24,646 : INFO : ConfigProcessor : Loading config from file E:\MPF\wows\wows\shows\.\sh_mode_end_sound.yaml.
2023-01-15 18:10:24,661 : INFO : ConfigProcessor : Loading config: E:\MPF\wows\wows\shows\.\sh_mode_end_sound.yaml
2023-01-15 18:10:24,662 : INFO : ConfigProcessor : Config file cache created: C:\Users\dell\AppData\Local\Temp\6025440fe966918e9010659c75a84677.mpf_cache
2023-01-15 18:10:24,662 : WARNING : ConfigProcessor : Cache file not found: C:\Users\dell\AppData\Local\Temp\cfdf05d29e2db67703b682b9e2f3ca3c.mpf_cache
2023-01-15 18:10:24,662 : INFO : ConfigProcessor : Loading config from file E:\MPF\wows\wows\shows\.\sh_multiple_jackpot_background_sound_1.yaml.
2023-01-15 18:10:24,686 : INFO : ConfigProcessor : Loading config: E:\MPF\wows\wows\shows\.\sh_multiple_jackpot_background_sound_1.yaml
2023-01-15 18:10:24,686 : INFO : ConfigProcessor : Config file cache created: C:\Users\dell\AppData\Local\Temp\cfdf05d29e2db67703b682b9e2f3ca3c.mpf_cache
2023-01-15 18:10:24,686 : WARNING : ConfigProcessor : Cache file not found: C:\Users\dell\AppData\Local\Temp\d94e10a03295440a68c0665192595ed1.mpf_cache
2023-01-15 18:10:24,686 : INFO : ConfigProcessor : Loading config from file E:\MPF\wows\wows\shows\.\sh_multiple_jackpot_background_sound_2.yaml.
2023-01-15 18:10:24,695 : INFO : ConfigProcessor : Loading config: E:\MPF\wows\wows\shows\.\sh_multiple_jackpot_background_sound_2.yaml
2023-01-15 18:10:24,696 : INFO : ConfigProcessor : Config file cache created: C:\Users\dell\AppData\Local\Temp\d94e10a03295440a68c0665192595ed1.mpf_cache
2023-01-15 18:10:24,696 : WARNING : ConfigProcessor : Cache file not found: C:\Users\dell\AppData\Local\Temp\01f102dbddb32abe391845f1f1fb6297.mpf_cache
2023-01-15 18:10:24,696 : INFO : ConfigProcessor : Loading config from file E:\MPF\wows\wows\shows\.\sh_multiple_jackpot_background_sound_3.yaml.
2023-01-15 18:10:24,702 : INFO : ConfigProcessor : Loading config: E:\MPF\wows\wows\shows\.\sh_multiple_jackpot_background_sound_3.yaml
2023-01-15 18:10:24,702 : INFO : ConfigProcessor : Config file cache created: C:\Users\dell\AppData\Local\Temp\01f102dbddb32abe391845f1f1fb6297.mpf_cache
2023-01-15 18:10:24,702 : WARNING : ConfigProcessor : Cache file not found: C:\Users\dell\AppData\Local\Temp\31f678389d4048ccede53f3d9bb6ebf4.mpf_cache
2023-01-15 18:10:24,702 : INFO : ConfigProcessor : Loading config from file E:\MPF\wows\wows\shows\.\sh_muzzle_flash_1.yaml.
2023-01-15 18:10:24,713 : INFO : ConfigProcessor : Loading config: E:\MPF\wows\wows\shows\.\sh_muzzle_flash_1.yaml
2023-01-15 18:10:24,713 : INFO : ConfigProcessor : Config file cache created: C:\Users\dell\AppData\Local\Temp\31f678389d4048ccede53f3d9bb6ebf4.mpf_cache
2023-01-15 18:10:24,714 : WARNING : ConfigProcessor : Cache file not found: C:\Users\dell\AppData\Local\Temp\b22da84cc4aef91ed7f9bc0328a0f1b4.mpf_cache
2023-01-15 18:10:24,714 : INFO : ConfigProcessor : Loading config from file E:\MPF\wows\wows\shows\.\sh_muzzle_flash_2.yaml.
2023-01-15 18:10:24,720 : INFO : ConfigProcessor : Loading config: E:\MPF\wows\wows\shows\.\sh_muzzle_flash_2.yaml
2023-01-15 18:10:24,720 : INFO : ConfigProcessor : Config file cache created: C:\Users\dell\AppData\Local\Temp\b22da84cc4aef91ed7f9bc0328a0f1b4.mpf_cache
2023-01-15 18:10:24,720 : WARNING : ConfigProcessor : Cache file not found: C:\Users\dell\AppData\Local\Temp\da1fede4c95c7878b99d619776f98fd7.mpf_cache
2023-01-15 18:10:24,721 : INFO : ConfigProcessor : Loading config from file E:\MPF\wows\wows\shows\.\sh_muzzle_flash_3.yaml.
2023-01-15 18:10:24,726 : INFO : ConfigProcessor : Loading config: E:\MPF\wows\wows\shows\.\sh_muzzle_flash_3.yaml
2023-01-15 18:10:24,727 : INFO : ConfigProcessor : Config file cache created: C:\Users\dell\AppData\Local\Temp\da1fede4c95c7878b99d619776f98fd7.mpf_cache
2023-01-15 18:10:24,727 : WARNING : ConfigProcessor : Cache file not found: C:\Users\dell\AppData\Local\Temp\cc30193cdee974cc13426b098027cee1.mpf_cache
2023-01-15 18:10:24,727 : INFO : ConfigProcessor : Loading config from file E:\MPF\wows\wows\shows\.\sh_muzzle_flash_4.yaml.
2023-01-15 18:10:24,732 : INFO : ConfigProcessor : Loading config: E:\MPF\wows\wows\shows\.\sh_muzzle_flash_4.yaml
2023-01-15 18:10:24,733 : INFO : ConfigProcessor : Config file cache created: C:\Users\dell\AppData\Local\Temp\cc30193cdee974cc13426b098027cee1.mpf_cache
2023-01-15 18:10:24,733 : WARNING : ConfigProcessor : Cache file not found: C:\Users\dell\AppData\Local\Temp\58e69a62c4f703cc84058f6193109d31.mpf_cache
2023-01-15 18:10:24,733 : INFO : ConfigProcessor : Loading config from file E:\MPF\wows\wows\shows\.\sh_muzzle_flash_5.yaml.
2023-01-15 18:10:24,740 : INFO : ConfigProcessor : Loading config: E:\MPF\wows\wows\shows\.\sh_muzzle_flash_5.yaml
2023-01-15 18:10:24,741 : INFO : ConfigProcessor : Config file cache created: C:\Users\dell\AppData\Local\Temp\58e69a62c4f703cc84058f6193109d31.mpf_cache
2023-01-15 18:10:24,741 : WARNING : ConfigProcessor : Cache file not found: C:\Users\dell\AppData\Local\Temp\e6a4926517ab55f9ed1b3658c3e4007c.mpf_cache
2023-01-15 18:10:24,741 : INFO : ConfigProcessor : Loading config from file E:\MPF\wows\wows\shows\.\sh_muzzle_flash_6.yaml.
2023-01-15 18:10:24,747 : INFO : ConfigProcessor : Loading config: E:\MPF\wows\wows\shows\.\sh_muzzle_flash_6.yaml
2023-01-15 18:10:24,747 : INFO : ConfigProcessor : Config file cache created: C:\Users\dell\AppData\Local\Temp\e6a4926517ab55f9ed1b3658c3e4007c.mpf_cache
2023-01-15 18:10:24,748 : WARNING : ConfigProcessor : Cache file not found: C:\Users\dell\AppData\Local\Temp\66ee654434268f21d59a1a197a33e84e.mpf_cache
2023-01-15 18:10:24,748 : INFO : ConfigProcessor : Loading config from file E:\MPF\wows\wows\shows\.\sh_sec_shell_1.yaml.
2023-01-15 18:10:24,754 : INFO : ConfigProcessor : Loading config: E:\MPF\wows\wows\shows\.\sh_sec_shell_1.yaml
2023-01-15 18:10:24,755 : INFO : ConfigProcessor : Config file cache created: C:\Users\dell\AppData\Local\Temp\66ee654434268f21d59a1a197a33e84e.mpf_cache
2023-01-15 18:10:24,755 : WARNING : ConfigProcessor : Cache file not found: C:\Users\dell\AppData\Local\Temp\0ad8a8c62d71fd6db5e688e34997c124.mpf_cache
2023-01-15 18:10:24,755 : INFO : ConfigProcessor : Loading config from file E:\MPF\wows\wows\shows\.\sh_sec_shell_10.yaml.
2023-01-15 18:10:24,761 : INFO : ConfigProcessor : Loading config: E:\MPF\wows\wows\shows\.\sh_sec_shell_10.yaml
2023-01-15 18:10:24,761 : INFO : ConfigProcessor : Config file cache created: C:\Users\dell\AppData\Local\Temp\0ad8a8c62d71fd6db5e688e34997c124.mpf_cache
2023-01-15 18:10:24,762 : WARNING : ConfigProcessor : Cache file not found: C:\Users\dell\AppData\Local\Temp\986ed299862bf4d6a9ee043620eb4411.mpf_cache
2023-01-15 18:10:24,762 : INFO : ConfigProcessor : Loading config from file E:\MPF\wows\wows\shows\.\sh_sec_shell_11.yaml.
2023-01-15 18:10:24,768 : INFO : ConfigProcessor : Loading config: E:\MPF\wows\wows\shows\.\sh_sec_shell_11.yaml
2023-01-15 18:10:24,768 : INFO : ConfigProcessor : Config file cache created: C:\Users\dell\AppData\Local\Temp\986ed299862bf4d6a9ee043620eb4411.mpf_cache
2023-01-15 18:10:24,768 : WARNING : ConfigProcessor : Cache file not found: C:\Users\dell\AppData\Local\Temp\85def6e32b8790efec9df62810edf89f.mpf_cache
2023-01-15 18:10:24,768 : INFO : ConfigProcessor : Loading config from file E:\MPF\wows\wows\shows\.\sh_sec_shell_12.yaml.
2023-01-15 18:10:24,774 : INFO : ConfigProcessor : Loading config: E:\MPF\wows\wows\shows\.\sh_sec_shell_12.yaml
2023-01-15 18:10:24,774 : INFO : ConfigProcessor : Config file cache created: C:\Users\dell\AppData\Local\Temp\85def6e32b8790efec9df62810edf89f.mpf_cache
2023-01-15 18:10:24,775 : WARNING : ConfigProcessor : Cache file not found: C:\Users\dell\AppData\Local\Temp\b4b8bbe6eb89ffab7b0a5bdc28aa737c.mpf_cache
2023-01-15 18:10:24,775 : INFO : ConfigProcessor : Loading config from file E:\MPF\wows\wows\shows\.\sh_sec_shell_2.yaml.
2023-01-15 18:10:24,780 : INFO : ConfigProcessor : Loading config: E:\MPF\wows\wows\shows\.\sh_sec_shell_2.yaml
2023-01-15 18:10:24,781 : INFO : ConfigProcessor : Config file cache created: C:\Users\dell\AppData\Local\Temp\b4b8bbe6eb89ffab7b0a5bdc28aa737c.mpf_cache
2023-01-15 18:10:24,781 : WARNING : ConfigProcessor : Cache file not found: C:\Users\dell\AppData\Local\Temp\234f7aa8fcdaed8506c3f7e3d1434348.mpf_cache
2023-01-15 18:10:24,781 : INFO : ConfigProcessor : Loading config from file E:\MPF\wows\wows\shows\.\sh_sec_shell_3.yaml.
2023-01-15 18:10:24,787 : INFO : ConfigProcessor : Loading config: E:\MPF\wows\wows\shows\.\sh_sec_shell_3.yaml
2023-01-15 18:10:24,788 : INFO : ConfigProcessor : Config file cache created: C:\Users\dell\AppData\Local\Temp\234f7aa8fcdaed8506c3f7e3d1434348.mpf_cache
2023-01-15 18:10:24,788 : WARNING : ConfigProcessor : Cache file not found: C:\Users\dell\AppData\Local\Temp\836170f935ca4f3a3c83dd48d4288e22.mpf_cache
2023-01-15 18:10:24,788 : INFO : ConfigProcessor : Loading config from file E:\MPF\wows\wows\shows\.\sh_sec_shell_4.yaml.
2023-01-15 18:10:24,794 : INFO : ConfigProcessor : Loading config: E:\MPF\wows\wows\shows\.\sh_sec_shell_4.yaml
2023-01-15 18:10:24,794 : INFO : ConfigProcessor : Config file cache created: C:\Users\dell\AppData\Local\Temp\836170f935ca4f3a3c83dd48d4288e22.mpf_cache
2023-01-15 18:10:24,795 : WARNING : ConfigProcessor : Cache file not found: C:\Users\dell\AppData\Local\Temp\0a4bf4f558c6de89fd1636f30c6211d9.mpf_cache
2023-01-15 18:10:24,795 : INFO : ConfigProcessor : Loading config from file E:\MPF\wows\wows\shows\.\sh_sec_shell_5.yaml.
2023-01-15 18:10:24,801 : INFO : ConfigProcessor : Loading config: E:\MPF\wows\wows\shows\.\sh_sec_shell_5.yaml
2023-01-15 18:10:24,801 : INFO : ConfigProcessor : Config file cache created: C:\Users\dell\AppData\Local\Temp\0a4bf4f558c6de89fd1636f30c6211d9.mpf_cache
2023-01-15 18:10:24,801 : WARNING : ConfigProcessor : Cache file not found: C:\Users\dell\AppData\Local\Temp\3936448b27d8bfc57c517bc3bf9d3aa2.mpf_cache
2023-01-15 18:10:24,801 : INFO : ConfigProcessor : Loading config from file E:\MPF\wows\wows\shows\.\sh_sec_shell_6.yaml.
2023-01-15 18:10:24,807 : INFO : ConfigProcessor : Loading config: E:\MPF\wows\wows\shows\.\sh_sec_shell_6.yaml
2023-01-15 18:10:24,807 : INFO : ConfigProcessor : Config file cache created: C:\Users\dell\AppData\Local\Temp\3936448b27d8bfc57c517bc3bf9d3aa2.mpf_cache
2023-01-15 18:10:24,808 : WARNING : ConfigProcessor : Cache file not found: C:\Users\dell\AppData\Local\Temp\73d13f131bebf83032dc613efdff3522.mpf_cache
2023-01-15 18:10:24,808 : INFO : ConfigProcessor : Loading config from file E:\MPF\wows\wows\shows\.\sh_sec_shell_7.yaml.
2023-01-15 18:10:24,813 : INFO : ConfigProcessor : Loading config: E:\MPF\wows\wows\shows\.\sh_sec_shell_7.yaml
2023-01-15 18:10:24,814 : INFO : ConfigProcessor : Config file cache created: C:\Users\dell\AppData\Local\Temp\73d13f131bebf83032dc613efdff3522.mpf_cache
2023-01-15 18:10:24,814 : WARNING : ConfigProcessor : Cache file not found: C:\Users\dell\AppData\Local\Temp\20beca28b497152ca0fd3409b83d4b87.mpf_cache
2023-01-15 18:10:24,814 : INFO : ConfigProcessor : Loading config from file E:\MPF\wows\wows\shows\.\sh_sec_shell_8.yaml.
2023-01-15 18:10:24,820 : INFO : ConfigProcessor : Loading config: E:\MPF\wows\wows\shows\.\sh_sec_shell_8.yaml
2023-01-15 18:10:24,820 : INFO : ConfigProcessor : Config file cache created: C:\Users\dell\AppData\Local\Temp\20beca28b497152ca0fd3409b83d4b87.mpf_cache
2023-01-15 18:10:24,821 : WARNING : ConfigProcessor : Cache file not found: C:\Users\dell\AppData\Local\Temp\e816efa2a54094e8cd44dabebc7784df.mpf_cache
2023-01-15 18:10:24,821 : INFO : ConfigProcessor : Loading config from file E:\MPF\wows\wows\shows\.\sh_sec_shell_9.yaml.
2023-01-15 18:10:24,826 : INFO : ConfigProcessor : Loading config: E:\MPF\wows\wows\shows\.\sh_sec_shell_9.yaml
2023-01-15 18:10:24,827 : INFO : ConfigProcessor : Config file cache created: C:\Users\dell\AppData\Local\Temp\e816efa2a54094e8cd44dabebc7784df.mpf_cache
2023-01-15 18:10:24,827 : WARNING : ConfigProcessor : Cache file not found: C:\Users\dell\AppData\Local\Temp\ec91b3a5e4d650dc4f7371582fb38eed.mpf_cache
2023-01-15 18:10:24,827 : INFO : ConfigProcessor : Loading config from file E:\MPF\wows\wows\shows\.\sh_ship_highlight_conqueror.yaml.
2023-01-15 18:10:24,833 : INFO : ConfigProcessor : Loading config: E:\MPF\wows\wows\shows\.\sh_ship_highlight_conqueror.yaml
2023-01-15 18:10:24,833 : INFO : ConfigProcessor : Config file cache created: C:\Users\dell\AppData\Local\Temp\ec91b3a5e4d650dc4f7371582fb38eed.mpf_cache
2023-01-15 18:10:24,834 : WARNING : ConfigProcessor : Cache file not found: C:\Users\dell\AppData\Local\Temp\9a1a1c28ae640e16df86b556a2688443.mpf_cache
2023-01-15 18:10:24,834 : INFO : ConfigProcessor : Loading config from file E:\MPF\wows\wows\shows\.\sh_ship_highlight_daring.yaml.
2023-01-15 18:10:24,839 : INFO : ConfigProcessor : Loading config: E:\MPF\wows\wows\shows\.\sh_ship_highlight_daring.yaml
2023-01-15 18:10:24,839 : INFO : ConfigProcessor : Config file cache created: C:\Users\dell\AppData\Local\Temp\9a1a1c28ae640e16df86b556a2688443.mpf_cache
2023-01-15 18:10:24,839 : WARNING : ConfigProcessor : Cache file not found: C:\Users\dell\AppData\Local\Temp\3463b2a86a39355c183f674ae2b12038.mpf_cache
2023-01-15 18:10:24,839 : INFO : ConfigProcessor : Loading config from file E:\MPF\wows\wows\shows\.\sh_ship_highlight_des_moines.yaml.
2023-01-15 18:10:24,845 : INFO : ConfigProcessor : Loading config: E:\MPF\wows\wows\shows\.\sh_ship_highlight_des_moines.yaml
2023-01-15 18:10:24,845 : INFO : ConfigProcessor : Config file cache created: C:\Users\dell\AppData\Local\Temp\3463b2a86a39355c183f674ae2b12038.mpf_cache
2023-01-15 18:10:24,846 : WARNING : ConfigProcessor : Cache file not found: C:\Users\dell\AppData\Local\Temp\6e6719c61d3fa021e7d679c2f24e1608.mpf_cache
2023-01-15 18:10:24,846 : INFO : ConfigProcessor : Loading config from file E:\MPF\wows\wows\shows\.\sh_ship_highlight_grosser_kurfurst.yaml.
2023-01-15 18:10:24,852 : INFO : ConfigProcessor : Loading config: E:\MPF\wows\wows\shows\.\sh_ship_highlight_grosser_kurfurst.yaml
2023-01-15 18:10:24,852 : INFO : ConfigProcessor : Config file cache created: C:\Users\dell\AppData\Local\Temp\6e6719c61d3fa021e7d679c2f24e1608.mpf_cache
2023-01-15 18:10:24,853 : WARNING : ConfigProcessor : Cache file not found: C:\Users\dell\AppData\Local\Temp\aa69a2c5c0adb7f9c40b6db4f1ca3483.mpf_cache
2023-01-15 18:10:24,853 : INFO : ConfigProcessor : Loading config from file E:\MPF\wows\wows\shows\.\sh_ship_highlight_haragumo.yaml.
2023-01-15 18:10:24,859 : INFO : ConfigProcessor : Loading config: E:\MPF\wows\wows\shows\.\sh_ship_highlight_haragumo.yaml
2023-01-15 18:10:24,859 : INFO : ConfigProcessor : Config file cache created: C:\Users\dell\AppData\Local\Temp\aa69a2c5c0adb7f9c40b6db4f1ca3483.mpf_cache
2023-01-15 18:10:24,859 : WARNING : ConfigProcessor : Cache file not found: C:\Users\dell\AppData\Local\Temp\971ebba8800a659d7a8e99cb206beff7.mpf_cache
2023-01-15 18:10:24,859 : INFO : ConfigProcessor : Loading config from file E:\MPF\wows\wows\shows\.\sh_ship_highlight_shimakaze.yaml.
2023-01-15 18:10:24,864 : INFO : ConfigProcessor : Loading config: E:\MPF\wows\wows\shows\.\sh_ship_highlight_shimakaze.yaml
2023-01-15 18:10:24,865 : INFO : ConfigProcessor : Config file cache created: C:\Users\dell\AppData\Local\Temp\971ebba8800a659d7a8e99cb206beff7.mpf_cache
2023-01-15 18:10:24,865 : WARNING : ConfigProcessor : Cache file not found: C:\Users\dell\AppData\Local\Temp\07e13f5cf5882efd50a16f81bcde4606.mpf_cache
2023-01-15 18:10:24,865 : INFO : ConfigProcessor : Loading config from file E:\MPF\wows\wows\shows\.\sh_ship_highlight_stalingrad.yaml.
2023-01-15 18:10:24,871 : INFO : ConfigProcessor : Loading config: E:\MPF\wows\wows\shows\.\sh_ship_highlight_stalingrad.yaml
2023-01-15 18:10:24,871 : INFO : ConfigProcessor : Config file cache created: C:\Users\dell\AppData\Local\Temp\07e13f5cf5882efd50a16f81bcde4606.mpf_cache
2023-01-15 18:10:24,872 : WARNING : ConfigProcessor : Cache file not found: C:\Users\dell\AppData\Local\Temp\48a45c572b20481e47ff005f73695e50.mpf_cache
2023-01-15 18:10:24,872 : INFO : ConfigProcessor : Loading config from file E:\MPF\wows\wows\shows\.\sh_ship_highlight_venezia.yaml.
2023-01-15 18:10:24,877 : INFO : ConfigProcessor : Loading config: E:\MPF\wows\wows\shows\.\sh_ship_highlight_venezia.yaml
2023-01-15 18:10:24,877 : INFO : ConfigProcessor : Config file cache created: C:\Users\dell\AppData\Local\Temp\48a45c572b20481e47ff005f73695e50.mpf_cache
2023-01-15 18:10:24,877 : WARNING : ConfigProcessor : Cache file not found: C:\Users\dell\AppData\Local\Temp\f12c25ef7bc56249cbbfe26e4a8634a0.mpf_cache
2023-01-15 18:10:24,877 : INFO : ConfigProcessor : Loading config from file E:\MPF\wows\wows\shows\.\sh_ship_highlight_yamato.yaml.
2023-01-15 18:10:24,883 : INFO : ConfigProcessor : Loading config: E:\MPF\wows\wows\shows\.\sh_ship_highlight_yamato.yaml
2023-01-15 18:10:24,883 : INFO : ConfigProcessor : Config file cache created: C:\Users\dell\AppData\Local\Temp\f12c25ef7bc56249cbbfe26e4a8634a0.mpf_cache
2023-01-15 18:10:24,883 : WARNING : ConfigProcessor : Cache file not found: C:\Users\dell\AppData\Local\Temp\7058dd9e75ad4dd97e6d02eda1f8d5f4.mpf_cache
2023-01-15 18:10:24,883 : INFO : ConfigProcessor : Loading config from file E:\MPF\wows\wows\shows\.\sh_start_hc_multiball.yaml.
2023-01-15 18:10:24,890 : INFO : ConfigProcessor : Loading config: E:\MPF\wows\wows\shows\.\sh_start_hc_multiball.yaml
2023-01-15 18:10:24,890 : INFO : ConfigProcessor : Config file cache created: C:\Users\dell\AppData\Local\Temp\7058dd9e75ad4dd97e6d02eda1f8d5f4.mpf_cache
2023-01-15 18:10:24,891 : WARNING : ConfigProcessor : Cache file not found: C:\Users\dell\AppData\Local\Temp\a26dda2f3898e9b95a688d2faa147e67.mpf_cache
2023-01-15 18:10:24,891 : INFO : ConfigProcessor : Loading config from file E:\MPF\wows\wows\shows\.\sh_super_1.yaml.
2023-01-15 18:10:24,898 : INFO : ConfigProcessor : Loading config: E:\MPF\wows\wows\shows\.\sh_super_1.yaml
2023-01-15 18:10:24,898 : INFO : ConfigProcessor : Config file cache created: C:\Users\dell\AppData\Local\Temp\a26dda2f3898e9b95a688d2faa147e67.mpf_cache
2023-01-15 18:10:24,898 : WARNING : ConfigProcessor : Cache file not found: C:\Users\dell\AppData\Local\Temp\fbd33e7aab60e9ffed5e28859db24a15.mpf_cache
2023-01-15 18:10:24,898 : INFO : ConfigProcessor : Loading config from file E:\MPF\wows\wows\shows\.\sh_super_2.yaml.
2023-01-15 18:10:24,905 : INFO : ConfigProcessor : Loading config: E:\MPF\wows\wows\shows\.\sh_super_2.yaml
2023-01-15 18:10:24,906 : INFO : ConfigProcessor : Config file cache created: C:\Users\dell\AppData\Local\Temp\fbd33e7aab60e9ffed5e28859db24a15.mpf_cache
2023-01-15 18:10:24,906 : WARNING : ConfigProcessor : Cache file not found: C:\Users\dell\AppData\Local\Temp\64f60477c2da2625fa9ef2a86d50bb34.mpf_cache
2023-01-15 18:10:24,906 : INFO : ConfigProcessor : Loading config from file E:\MPF\wows\wows\shows\.\sh_super_3.yaml.
2023-01-15 18:10:24,912 : INFO : ConfigProcessor : Loading config: E:\MPF\wows\wows\shows\.\sh_super_3.yaml
2023-01-15 18:10:24,912 : INFO : ConfigProcessor : Config file cache created: C:\Users\dell\AppData\Local\Temp\64f60477c2da2625fa9ef2a86d50bb34.mpf_cache
2023-01-15 18:10:24,912 : WARNING : ConfigProcessor : Cache file not found: C:\Users\dell\AppData\Local\Temp\49b862cde9d22907c81f839348639a1f.mpf_cache
2023-01-15 18:10:24,913 : INFO : ConfigProcessor : Loading config from file E:\MPF\wows\wows\shows\.\sh_triple_jackpot_1.yaml.
2023-01-15 18:10:24,926 : INFO : ConfigProcessor : Loading config: E:\MPF\wows\wows\shows\.\sh_triple_jackpot_1.yaml
2023-01-15 18:10:24,926 : INFO : ConfigProcessor : Config file cache created: C:\Users\dell\AppData\Local\Temp\49b862cde9d22907c81f839348639a1f.mpf_cache
2023-01-15 18:10:24,927 : WARNING : ConfigProcessor : Cache file not found: C:\Users\dell\AppData\Local\Temp\21dda72cc57cadcf698e50094b8ee97d.mpf_cache
2023-01-15 18:10:24,927 : INFO : ConfigProcessor : Loading config from file E:\MPF\wows\wows\shows\.\sh_triple_jackpot_2.yaml.
2023-01-15 18:10:24,939 : INFO : ConfigProcessor : Loading config: E:\MPF\wows\wows\shows\.\sh_triple_jackpot_2.yaml
2023-01-15 18:10:24,939 : INFO : ConfigProcessor : Config file cache created: C:\Users\dell\AppData\Local\Temp\21dda72cc57cadcf698e50094b8ee97d.mpf_cache
2023-01-15 18:10:24,940 : WARNING : ConfigProcessor : Cache file not found: C:\Users\dell\AppData\Local\Temp\f9ee12ee8bbd05f85378a9386ceacce5.mpf_cache
2023-01-15 18:10:24,940 : INFO : ConfigProcessor : Loading config from file E:\MPF\wows\wows\shows\.\sh_triple_jackpot_3.yaml.
2023-01-15 18:10:24,952 : INFO : ConfigProcessor : Loading config: E:\MPF\wows\wows\shows\.\sh_triple_jackpot_3.yaml
2023-01-15 18:10:24,952 : INFO : ConfigProcessor : Config file cache created: C:\Users\dell\AppData\Local\Temp\f9ee12ee8bbd05f85378a9386ceacce5.mpf_cache
2023-01-15 18:10:24,952 : WARNING : ConfigProcessor : Cache file not found: C:\Users\dell\AppData\Local\Temp\0394fc9fe8dda0bc8c420287c11c8aae.mpf_cache
2023-01-15 18:10:24,952 : INFO : ConfigProcessor : Loading config from file E:\MPF\wows\wows\shows\.\sh_triple_jackpot_4.yaml.
2023-01-15 18:10:24,964 : INFO : ConfigProcessor : Loading config: E:\MPF\wows\wows\shows\.\sh_triple_jackpot_4.yaml
2023-01-15 18:10:24,964 : INFO : ConfigProcessor : Config file cache created: C:\Users\dell\AppData\Local\Temp\0394fc9fe8dda0bc8c420287c11c8aae.mpf_cache
2023-01-15 18:10:24,965 : WARNING : ConfigProcessor : Cache file not found: C:\Users\dell\AppData\Local\Temp\812e1e327d6ef9a51d487328d0586885.mpf_cache
2023-01-15 18:10:24,965 : INFO : ConfigProcessor : Loading config from file E:\MPF\wows\wows\shows\.\sh_triple_jackpot_5.yaml.
2023-01-15 18:10:24,976 : INFO : ConfigProcessor : Loading config: E:\MPF\wows\wows\shows\.\sh_triple_jackpot_5.yaml
2023-01-15 18:10:24,976 : INFO : ConfigProcessor : Config file cache created: C:\Users\dell\AppData\Local\Temp\812e1e327d6ef9a51d487328d0586885.mpf_cache
2023-01-15 18:10:24,977 : WARNING : ConfigProcessor : Cache file not found: C:\Users\dell\AppData\Local\Temp\70cf3c9830d27e79cc1fda7cb07bc23d.mpf_cache
2023-01-15 18:10:24,977 : INFO : ConfigProcessor : Loading config from file E:\MPF\wows\wows\shows\.\sh_triple_jackpot_6.yaml.
2023-01-15 18:10:24,988 : INFO : ConfigProcessor : Loading config: E:\MPF\wows\wows\shows\.\sh_triple_jackpot_6.yaml
2023-01-15 18:10:24,989 : INFO : ConfigProcessor : Config file cache created: C:\Users\dell\AppData\Local\Temp\70cf3c9830d27e79cc1fda7cb07bc23d.mpf_cache
2023-01-15 18:10:24,989 : WARNING : ConfigProcessor : Cache file not found: C:\Users\dell\AppData\Local\Temp\db70c5aab62dca0f645afe12f6eb7df3.mpf_cache
2023-01-15 18:10:24,989 : INFO : ConfigProcessor : Loading config from file E:\MPF\wows\wows\shows\.\sh_weapon_load_status.yaml.
2023-01-15 18:10:25,010 : INFO : ConfigProcessor : Loading config: E:\MPF\wows\wows\shows\.\sh_weapon_load_status.yaml
2023-01-15 18:10:25,010 : INFO : ConfigProcessor : Config file cache created: C:\Users\dell\AppData\Local\Temp\db70c5aab62dca0f645afe12f6eb7df3.mpf_cache
2023-01-15 18:10:25,012 : INFO : Machine : Mission Pinball Framework Core Engine v0.54.6
2023-01-15 18:10:25,012 : INFO : Machine : Command line arguments: {'no_load_cache': False, 'create_config_cache': True, 'bcp': True, 'configfile': ['config.yaml'], 'force_assets_load': False, 'jsonlogging': False, 'logfile': 'logs\\2023-01-15-18-10-17-mpf-DESKTOP-7A962BJ.log', 'pause': False, 'production': False, 'text_ui': True, 'loglevel': 15, 'consoleloglevel': 20, 'force_platform': None, 'syslog_address': None, 'mc_file_name': None, 'no_sound': False}
2023-01-15 18:10:25,012 : INFO : Machine : MPF path: c:\users\dell\appdata\local\programs\python\python36\lib\site-packages\mpf
2023-01-15 18:10:25,012 : INFO : Machine : Machine path: E:\MPF\wows\wows
2023-01-15 18:10:25,013 : INFO : Machine : Platform: win32
2023-01-15 18:10:25,013 : INFO : Machine : Python executable location: c:\users\dell\appdata\local\programs\python\python36\python.exe
2023-01-15 18:10:25,013 : INFO : Machine : Python version: 3.6.4 (64-bit)
2023-01-15 18:10:25,015 : INFO : Machine : Initialise MPF.
2023-01-15 18:10:25,523 : INFO : Pin2DmdDevice : Connecting to Pin2DMD RGB DMD
2023-01-15 18:10:25,542 : INFO : Pin2DmdDevice : Connected to Pin2DMD
2023-01-15 18:10:25,542 : INFO : EventManager : Event: ======'machine_var_credits_string'====== Args={'value': 'FREE PLAY', 'prev_value': None, 'change': True}
2023-01-15 18:10:25,610 : INFO : EventManager : Event: ======'machine_var_player1_score'====== Args={'value': 0, 'prev_value': None, 'change': True}
2023-01-15 18:10:25,611 : INFO : EventManager : Event: ======'machine_var_mv_dmg_con_time'====== Args={'value': 9, 'prev_value': None, 'change': True}
2023-01-15 18:10:25,611 : INFO : EventManager : Event: ======'machine_var_mv_bomb_1_cost'====== Args={'value': 1, 'prev_value': None, 'change': True}
2023-01-15 18:10:25,611 : INFO : EventManager : Event: ======'machine_var_mv_bomb_2_cost'====== Args={'value': 1, 'prev_value': None, 'change': True}
2023-01-15 18:10:25,611 : INFO : EventManager : Event: ======'machine_var_mv_bomb_3_cost'====== Args={'value': 1, 'prev_value': None, 'change': True}
2023-01-15 18:10:25,611 : INFO : EventManager : Event: ======'machine_var_mv_bomb_4_cost'====== Args={'value': 1, 'prev_value': None, 'change': True}
2023-01-15 18:10:25,611 : INFO : EventManager : Event: ======'machine_var_mv_bomb_5_cost'====== Args={'value': 1, 'prev_value': None, 'change': True}
2023-01-15 18:10:25,611 : INFO : EventManager : Event: ======'machine_var_mv_bomb_6_cost'====== Args={'value': 1, 'prev_value': None, 'change': True}
2023-01-15 18:10:25,611 : INFO : EventManager : Event: ======'machine_var_mv_bomb_7_and_9_cost'====== Args={'value': 1, 'prev_value': None, 'change': True}
2023-01-15 18:10:25,611 : INFO : EventManager : Event: ======'machine_var_mv_bomb_8_cost'====== Args={'value': 1, 'prev_value': None, 'change': True}
2023-01-15 18:10:25,611 : INFO : EventManager : Event: ======'machine_var_mv_bomb_10_cost'====== Args={'value': 1, 'prev_value': None, 'change': True}
2023-01-15 18:10:25,611 : INFO : EventManager : Event: ======'machine_var_mv_bomb_mode_cost'====== Args={'value': 1, 'prev_value': None, 'change': True}
2023-01-15 18:10:25,611 : INFO : EventManager : Event: ======'machine_var_mpf_version'====== Args={'value': 'MPF v0.54.6', 'prev_value': None, 'change': True}
2023-01-15 18:10:25,611 : INFO : EventManager : Event: ======'machine_var_mpf_extended_version'====== Args={'value': 'MPF v0.54.6, Config version:5, Show version: 5, BCP version:1.1', 'prev_value': None, 'change': True}
2023-01-15 18:10:25,611 : INFO : EventManager : Event: ======'machine_var_python_version'====== Args={'value': '3.6.4', 'prev_value': None, 'change': True}
2023-01-15 18:10:25,612 : INFO : EventManager : Event: ======'machine_var_platform'====== Args={'value': 'Windows-10-10.0.19041-SP0', 'prev_value': None, 'change': True}
2023-01-15 18:10:25,612 : INFO : EventManager : Event: ======'machine_var_platform_system'====== Args={'value': 'Windows', 'prev_value': None, 'change': True}
2023-01-15 18:10:25,612 : INFO : EventManager : Event: ======'machine_var_platform_release'====== Args={'value': '10', 'prev_value': None, 'change': True}
2023-01-15 18:10:25,612 : INFO : EventManager : Event: ======'machine_var_platform_version'====== Args={'value': '10.0.19041', 'prev_value': None, 'change': True}
2023-01-15 18:10:25,612 : INFO : EventManager : Event: ======'machine_var_platform_machine'====== Args={'value': 'AMD64', 'prev_value': None, 'change': True}
2023-01-15 18:10:25,612 : INFO : EventManager : Event: ======'init_phase_1'====== Args={}
2023-01-15 18:10:26,269 : INFO : EventManager : Event: ======'logicblock_m1_delay_updated'====== Args={'value': 0, 'enabled': True}
2023-01-15 18:10:26,269 : INFO : EventManager : Event: ======'logicblock_m1_delay_updated'====== Args={'value': 0, 'enabled': True}
2023-01-15 18:10:26,269 : INFO : EventManager : Event: ======'logicblock_capture_global_counter_updated'====== Args={'value': 6, 'enabled': True}
2023-01-15 18:10:26,269 : INFO : EventManager : Event: ======'logicblock_capture_global_counter_updated'====== Args={'value': 6, 'enabled': True}
2023-01-15 18:10:26,271 : INFO : EventManager : Event: ======'main_state'====== Args={}
2023-01-15 18:10:26,271 : INFO : EventManager : Event: ======'IGNORE'====== Args={}
2023-01-15 18:10:26,272 : INFO : EventManager : Event: ======'lock_lit_started'====== Args={}
2023-01-15 18:10:26,272 : INFO : EventManager : Event: ======'disable_mode'====== Args={}
2023-01-15 18:10:26,272 : INFO : EventManager : Event: ======'multiball_inactive'====== Args={}
2023-01-15 18:10:26,273 : INFO : EventManager : Event: ======'lite_detonation_start'====== Args={}
2023-01-15 18:10:26,273 : INFO : EventManager : Event: ======'battle_inactive'====== Args={}
2023-01-15 18:10:26,273 : INFO : EventManager : Event: ======'HAGYDFIGYELMENKIVUL'====== Args={}
2023-01-15 18:10:26,273 : INFO : EventManager : Event: ======'enable_citadel_diverter'====== Args={}
2023-01-15 18:10:26,274 : INFO : EventManager : Event: ======'commander_1_changed'====== Args={}
2023-01-15 18:10:26,277 : WARNING : Mode.confederate : Can only start mode confederate during a game. Aborting start.
2023-01-15 18:10:26,277 : WARNING : Mode.drednaught : Can only start mode drednaught during a game. Aborting start.
2023-01-15 18:10:26,277 : WARNING : Mode.main_play : Can only start mode main_play during a game. Aborting start.
2023-01-15 18:10:26,277 : WARNING : Mode.capture : Can only start mode capture during a game. Aborting start.
2023-01-15 18:10:26,277 : WARNING : Mode.hc_lock_lit : Can only start mode hc_lock_lit during a game. Aborting start.
2023-01-15 18:10:26,281 : INFO : EventManager : Event: ======'init_phase_2'====== Args={}
2023-01-15 18:10:26,281 : INFO : SwitchController : Found active switch: ('2', <Platform.SmartVirtual>) <switch.s_trough1>
2023-01-15 18:10:26,281 : INFO : SwitchController : Found active switch: ('3', <Platform.SmartVirtual>) <switch.s_trough2>
2023-01-15 18:10:26,281 : INFO : SwitchController : Found active switch: ('4', <Platform.SmartVirtual>) <switch.s_trough3>
2023-01-15 18:10:26,281 : INFO : SwitchController : Found active switch: ('5', <Platform.SmartVirtual>) <switch.s_trough4>
2023-01-15 18:10:26,281 : INFO : SwitchController : Found active switch: ('6', <Platform.SmartVirtual>) <switch.s_trough5>
2023-01-15 18:10:26,281 : INFO : SwitchController : Found active switch: ('7', <Platform.SmartVirtual>) <switch.s_trough6>
2023-01-15 18:10:26,328 : INFO : EventManager : Event: ======'machine_var_score1_label'====== Args={'value': 'GRAND ADMIRAL', 'prev_value': None, 'change': True}
2023-01-15 18:10:26,329 : INFO : EventManager : Event: ======'machine_var_score1_name'====== Args={'value': 'SBA', 'prev_value': None, 'change': True}
2023-01-15 18:10:26,329 : INFO : EventManager : Event: ======'machine_var_score1_value'====== Args={'value': 1000000000, 'prev_value': None, 'change': True}
2023-01-15 18:10:26,329 : INFO : EventManager : Event: ======'machine_var_score2_label'====== Args={'value': 'ADMIRAL 1', 'prev_value': None, 'change': True}
2023-01-15 18:10:26,329 : INFO : EventManager : Event: ======'machine_var_score2_name'====== Args={'value': 'OCP', 'prev_value': None, 'change': True}
2023-01-15 18:10:26,329 : INFO : EventManager : Event: ======'machine_var_score2_value'====== Args={'value': 900000000, 'prev_value': None, 'change': True}
2023-01-15 18:10:26,329 : INFO : EventManager : Event: ======'machine_var_score3_label'====== Args={'value': 'ADMIRAL 2', 'prev_value': None, 'change': True}
2023-01-15 18:10:26,329 : INFO : EventManager : Event: ======'machine_var_score3_name'====== Args={'value': 'AND', 'prev_value': None, 'change': True}
2023-01-15 18:10:26,329 : INFO : EventManager : Event: ======'machine_var_score3_value'====== Args={'value': 800000000, 'prev_value': None, 'change': True}
2023-01-15 18:10:26,329 : INFO : EventManager : Event: ======'machine_var_score4_label'====== Args={'value': 'ADMIRAL 3', 'prev_value': None, 'change': True}
2023-01-15 18:10:26,330 : INFO : EventManager : Event: ======'machine_var_score4_name'====== Args={'value': 'W G', 'prev_value': None, 'change': True}
2023-01-15 18:10:26,330 : INFO : EventManager : Event: ======'machine_var_score4_value'====== Args={'value': 700000000, 'prev_value': None, 'change': True}
2023-01-15 18:10:26,330 : INFO : EventManager : Event: ======'machine_var_score5_label'====== Args={'value': 'ADMIRAL 4', 'prev_value': None, 'change': True}
2023-01-15 18:10:26,330 : INFO : EventManager : Event: ======'machine_var_score5_name'====== Args={'value': 'WOW', 'prev_value': None, 'change': True}
2023-01-15 18:10:26,330 : INFO : EventManager : Event: ======'machine_var_score5_value'====== Args={'value': 600000000, 'prev_value': None, 'change': True}
2023-01-15 18:10:26,330 : INFO : EventManager : Event: ======'bcp_connection_attempt'====== Args={'name': 'local_display', 'host': 'localhost', 'port': 5050}
2023-01-15 18:10:26,332 : INFO : BCPClientSocket : Connecting BCP to 'local_display' at localhost:5050...
2023-01-15 18:10:30,510 : INFO : BCPClientSocket : Connected BCP to 'local_display' localhost:5050
2023-01-15 18:10:30,510 : INFO : EventManager : Event: ======'bcp_clients_connected'====== Args={}
2023-01-15 18:10:30,523 : INFO : EventManager : Event: ======'machine_var_mc_version'====== Args={'value': 'MPF-MC v0.54.2', 'prev_value': None, 'change': True}
2023-01-15 18:10:30,523 : INFO : EventManager : Event: ======'machine_var_mc_extended_version'====== Args={'value': 'MPF-MC v0.54.2 (config_version=5, BCP v1.1, Requires MPF v0.54.0)', 'prev_value': None, 'change': True}
2023-01-15 18:10:30,525 : INFO : ball_device.bd_trough : State: idle
2023-01-15 18:10:30,537 : INFO : EventManager : Event: ======'machine_var_master_volume'====== Args={'value': 1.0, 'prev_value': None, 'change': True}
2023-01-15 18:10:30,545 : INFO : ball_device.bd_plunger : State: idle
2023-01-15 18:10:30,545 : INFO : ball_device.bd_saucer : State: idle
2023-01-15 18:10:30,546 : INFO : ball_device.bd_main_hole : State: idle
2023-01-15 18:10:30,546 : INFO : ball_device.bd_hc_lock : State: idle
2023-01-15 18:10:30,578 : INFO : EventManager : Event: ======'init_phase_3'====== Args={}
2023-01-15 18:10:30,682 : INFO : EventManager : Event: ======'init_phase_4'====== Args={}
2023-01-15 18:10:30,686 : INFO : BallController : Initial balls found: 5
2023-01-15 18:10:30,687 : INFO : EventManager : Event: ======'machine_var_audits_events_game_ended'====== Args={'value': 1, 'prev_value': None, 'change': True}
2023-01-15 18:10:30,688 : INFO : EventManager : Event: ======'machine_var_audits_events_game_started'====== Args={'value': 653, 'prev_value': None, 'change': True}
2023-01-15 18:10:30,688 : INFO : EventManager : Event: ======'machine_var_audits_player_score'====== Args={'value': {'average': 0.0, 'top': [0], 'total': 1}, 'prev_value': None, 'change': True}
2023-01-15 18:10:30,688 : INFO : EventManager : Event: ======'machine_var_audits_shots_battle_shot'====== Args={'value': 66, 'prev_value': None, 'change': True}
2023-01-15 18:10:30,689 : INFO : EventManager : Event: ======'machine_var_audits_shots_confederate_1'====== Args={'value': 13, 'prev_value': None, 'change': True}
2023-01-15 18:10:30,689 : INFO : EventManager : Event: ======'machine_var_audits_shots_confederate_2'====== Args={'value': 235, 'prev_value': None, 'change': True}
2023-01-15 18:10:30,689 : INFO : EventManager : Event: ======'machine_var_audits_shots_confederate_3'====== Args={'value': 91, 'prev_value': None, 'change': True}
2023-01-15 18:10:30,690 : INFO : EventManager : Event: ======'machine_var_audits_shots_confederate_4'====== Args={'value': 29, 'prev_value': None, 'change': True}
2023-01-15 18:10:30,690 : INFO : EventManager : Event: ======'machine_var_audits_shots_confederate_5'====== Args={'value': 10, 'prev_value': None, 'change': True}
2023-01-15 18:10:30,690 : INFO : EventManager : Event: ======'machine_var_audits_shots_confederate_6'====== Args={'value': 399, 'prev_value': None, 'change': True}
2023-01-15 18:10:30,690 : INFO : EventManager : Event: ======'machine_var_audits_shots_detonation'====== Args={'value': 42, 'prev_value': None, 'change': True}
2023-01-15 18:10:30,691 : INFO : EventManager : Event: ======'machine_var_audits_shots_detonation_lit'====== Args={'value': 172, 'prev_value': None, 'change': True}
2023-01-15 18:10:30,691 : INFO : EventManager : Event: ======'machine_var_audits_shots_dmg_con_1'====== Args={'value': 96, 'prev_value': None, 'change': True}
2023-01-15 18:10:30,691 : INFO : EventManager : Event: ======'machine_var_audits_shots_dmg_con_2'====== Args={'value': 122, 'prev_value': None, 'change': True}
2023-01-15 18:10:30,691 : INFO : EventManager : Event: ======'machine_var_audits_shots_dmg_con_3'====== Args={'value': 84, 'prev_value': None, 'change': True}
2023-01-15 18:10:30,692 : INFO : EventManager : Event: ======'machine_var_audits_shots_dmg_con_4'====== Args={'value': 101, 'prev_value': None, 'change': True}
2023-01-15 18:10:30,692 : INFO : EventManager : Event: ======'machine_var_audits_shots_dmg_con_5'====== Args={'value': 78, 'prev_value': None, 'change': True}
2023-01-15 18:10:30,692 : INFO : EventManager : Event: ======'machine_var_audits_shots_dmg_con_6'====== Args={'value': 99, 'prev_value': None, 'change': True}
2023-01-15 18:10:30,693 : INFO : EventManager : Event: ======'machine_var_audits_shots_dmg_con_add_time_1'====== Args={'value': 32, 'prev_value': None, 'change': True}
2023-01-15 18:10:30,693 : INFO : EventManager : Event: ======'machine_var_audits_shots_dmg_con_add_time_2'====== Args={'value': 43, 'prev_value': None, 'change': True}
2023-01-15 18:10:30,693 : INFO : EventManager : Event: ======'machine_var_audits_shots_dmg_con_add_time_3'====== Args={'value': 24, 'prev_value': None, 'change': True}
2023-01-15 18:10:30,693 : INFO : EventManager : Event: ======'machine_var_audits_shots_dmg_con_add_time_4'====== Args={'value': 21, 'prev_value': None, 'change': True}
2023-01-15 18:10:30,694 : INFO : EventManager : Event: ======'machine_var_audits_shots_jackpot_1'====== Args={'value': 79, 'prev_value': None, 'change': True}
2023-01-15 18:10:30,694 : INFO : EventManager : Event: ======'machine_var_audits_shots_jackpot_2'====== Args={'value': 106, 'prev_value': None, 'change': True}
2023-01-15 18:10:30,694 : INFO : EventManager : Event: ======'machine_var_audits_shots_jackpot_3'====== Args={'value': 91, 'prev_value': None, 'change': True}
2023-01-15 18:10:30,695 : INFO : EventManager : Event: ======'machine_var_audits_shots_jackpot_4'====== Args={'value': 41, 'prev_value': None, 'change': True}
2023-01-15 18:10:30,695 : INFO : EventManager : Event: ======'machine_var_audits_shots_jackpot_5'====== Args={'value': 42, 'prev_value': None, 'change': True}
2023-01-15 18:10:30,695 : INFO : EventManager : Event: ======'machine_var_audits_shots_jackpot_6'====== Args={'value': 51, 'prev_value': None, 'change': True}
2023-01-15 18:10:30,696 : INFO : EventManager : Event: ======'machine_var_audits_shots_lane_A'====== Args={'value': 125, 'prev_value': None, 'change': True}
2023-01-15 18:10:30,696 : INFO : EventManager : Event: ======'machine_var_audits_shots_lane_B'====== Args={'value': 146, 'prev_value': None, 'change': True}
2023-01-15 18:10:30,696 : INFO : EventManager : Event: ======'machine_var_audits_shots_lane_C'====== Args={'value': 348, 'prev_value': None, 'change': True}
2023-01-15 18:10:30,697 : INFO : EventManager : Event: ======'machine_var_audits_shots_lane_D'====== Args={'value': 361, 'prev_value': None, 'change': True}
2023-01-15 18:10:30,697 : INFO : EventManager : Event: ======'machine_var_audits_shots_lane_E'====== Args={'value': 139, 'prev_value': None, 'change': True}
2023-01-15 18:10:30,697 : INFO : EventManager : Event: ======'machine_var_audits_shots_lock_lit_1'====== Args={'value': 1591, 'prev_value': None, 'change': True}
2023-01-15 18:10:30,697 : INFO : EventManager : Event: ======'machine_var_audits_shots_lock_lit_2'====== Args={'value': 1505, 'prev_value': None, 'change': True}
2023-01-15 18:10:30,698 : INFO : EventManager : Event: ======'machine_var_audits_shots_ricochet_1'====== Args={'value': 173, 'prev_value': None, 'change': True}
2023-01-15 18:10:30,698 : INFO : EventManager : Event: ======'machine_var_audits_shots_ricochet_2'====== Args={'value': 685, 'prev_value': None, 'change': True}
2023-01-15 18:10:30,699 : INFO : EventManager : Event: ======'machine_var_audits_shots_ricochet_3'====== Args={'value': 91, 'prev_value': None, 'change': True}
2023-01-15 18:10:30,699 : INFO : EventManager : Event: ======'machine_var_audits_shots_ricochet_4'====== Args={'value': 49, 'prev_value': None, 'change': True}
2023-01-15 18:10:30,699 : INFO : EventManager : Event: ======'machine_var_audits_shots_ricochet_5'====== Args={'value': 3, 'prev_value': None, 'change': True}
2023-01-15 18:10:30,700 : INFO : EventManager : Event: ======'machine_var_audits_switches_s_action_button'====== Args={'value': 45, 'prev_value': None, 'change': True}
2023-01-15 18:10:30,700 : INFO : EventManager : Event: ======'machine_var_audits_switches_s_bumper_1'====== Args={'value': 735, 'prev_value': None, 'change': True}
2023-01-15 18:10:30,701 : INFO : EventManager : Event: ======'machine_var_audits_switches_s_bumper_2'====== Args={'value': 223, 'prev_value': None, 'change': True}
2023-01-15 18:10:30,701 : INFO : EventManager : Event: ======'machine_var_audits_switches_s_bumper_3'====== Args={'value': 667, 'prev_value': None, 'change': True}
2023-01-15 18:10:30,701 : INFO : EventManager : Event: ======'machine_var_audits_switches_s_center_ramp'====== Args={'value': 114, 'prev_value': None, 'change': True}
2023-01-15 18:10:30,702 : INFO : EventManager : Event: ======'machine_var_audits_switches_s_citadel'====== Args={'value': 75, 'prev_value': None, 'change': True}
2023-01-15 18:10:30,702 : INFO : EventManager : Event: ======'machine_var_audits_switches_s_citadel_lock'====== Args={'value': 255, 'prev_value': None, 'change': True}
2023-01-15 18:10:30,702 : INFO : EventManager : Event: ======'machine_var_audits_switches_s_conning_tower'====== Args={'value': 4, 'prev_value': None, 'change': True}
2023-01-15 18:10:30,703 : INFO : EventManager : Event: ======'machine_var_audits_switches_s_detonation'====== Args={'value': 172, 'prev_value': None, 'change': True}
2023-01-15 18:10:30,703 : INFO : EventManager : Event: ======'machine_var_audits_switches_s_detonation_lit'====== Args={'value': 24, 'prev_value': None, 'change': True}
2023-01-15 18:10:30,703 : INFO : EventManager : Event: ======'machine_var_audits_switches_s_dmg_1'====== Args={'value': 2703, 'prev_value': None, 'change': True}
2023-01-15 18:10:30,704 : INFO : EventManager : Event: ======'machine_var_audits_switches_s_dmg_2'====== Args={'value': 64, 'prev_value': None, 'change': True}
2023-01-15 18:10:30,704 : INFO : EventManager : Event: ======'machine_var_audits_switches_s_dmg_3'====== Args={'value': 20, 'prev_value': None, 'change': True}
2023-01-15 18:10:30,705 : INFO : EventManager : Event: ======'machine_var_audits_switches_s_dmg_4'====== Args={'value': 27, 'prev_value': None, 'change': True}
2023-01-15 18:10:30,705 : INFO : EventManager : Event: ======'machine_var_audits_switches_s_dmg_5'====== Args={'value': 22, 'prev_value': None, 'change': True}
2023-01-15 18:10:30,706 : INFO : EventManager : Event: ======'machine_var_audits_switches_s_dmg_6'====== Args={'value': 139, 'prev_value': None, 'change': True}
2023-01-15 18:10:30,706 : INFO : EventManager : Event: ======'machine_var_audits_switches_s_dmg_7'====== Args={'value': 293, 'prev_value': None, 'change': True}
2023-01-15 18:10:30,707 : INFO : EventManager : Event: ======'machine_var_audits_switches_s_drop_target'====== Args={'value': 2094, 'prev_value': None, 'change': True}
2023-01-15 18:10:30,707 : INFO : EventManager : Event: ======'machine_var_audits_switches_s_jet_hole'====== Args={'value': 0, 'prev_value': None, 'change': True}
2023-01-15 18:10:30,707 : INFO : EventManager : Event: ======'machine_var_audits_switches_s_jet_lane'====== Args={'value': 1, 'prev_value': None, 'change': True}
2023-01-15 18:10:30,708 : INFO : EventManager : Event: ======'machine_var_audits_switches_s_kickback'====== Args={'value': 0, 'prev_value': None, 'change': True}
2023-01-15 18:10:30,708 : INFO : EventManager : Event: ======'machine_var_audits_switches_s_kickback_target_1'====== Args={'value': 0, 'prev_value': None, 'change': True}
2023-01-15 18:10:30,708 : INFO : EventManager : Event: ======'machine_var_audits_switches_s_kickback_target_2'====== Args={'value': 0, 'prev_value': None, 'change': True}
2023-01-15 18:10:30,709 : INFO : EventManager : Event: ======'machine_var_audits_switches_s_kickback_target_3'====== Args={'value': 4, 'prev_value': None, 'change': True}
2023-01-15 18:10:30,709 : INFO : EventManager : Event: ======'machine_var_audits_switches_s_kickback_terget_1'====== Args={'value': 0, 'prev_value': None, 'change': True}
2023-01-15 18:10:30,724 : INFO : EventManager : Event: ======'machine_var_audits_switches_s_left_flipper'====== Args={'value': 1432, 'prev_value': None, 'change': True}
2023-01-15 18:10:30,724 : INFO : EventManager : Event: ======'machine_var_audits_switches_s_left_hole'====== Args={'value': 0, 'prev_value': None, 'change': True}
2023-01-15 18:10:30,724 : INFO : EventManager : Event: ======'machine_var_audits_switches_s_left_inlane'====== Args={'value': 349, 'prev_value': None, 'change': True}
2023-01-15 18:10:30,725 : INFO : EventManager : Event: ======'machine_var_audits_switches_s_left_loop_made'====== Args={'value': 244, 'prev_value': None, 'change': True}
2023-01-15 18:10:30,725 : INFO : EventManager : Event: ======'machine_var_audits_switches_s_left_loop_pre'====== Args={'value': 201, 'prev_value': None, 'change': True}
2023-01-15 18:10:30,726 : INFO : EventManager : Event: ======'machine_var_audits_switches_s_left_mid_inlane'====== Args={'value': 146, 'prev_value': None, 'change': True}
2023-01-15 18:10:30,726 : INFO : EventManager : Event: ======'machine_var_audits_switches_s_left_outlane'====== Args={'value': 125, 'prev_value': None, 'change': True}
2023-01-15 18:10:30,727 : INFO : EventManager : Event: ======'machine_var_audits_switches_s_left_ramp_made'====== Args={'value': 1996, 'prev_value': None, 'change': True}
2023-01-15 18:10:30,727 : INFO : EventManager : Event: ======'machine_var_audits_switches_s_left_ramp_pre'====== Args={'value': 273, 'prev_value': None, 'change': True}
2023-01-15 18:10:30,727 : INFO : EventManager : Event: ======'machine_var_audits_switches_s_left_slingshot'====== Args={'value': 33, 'prev_value': None, 'change': True}
2023-01-15 18:10:30,728 : INFO : EventManager : Event: ======'machine_var_audits_switches_s_lock_1'====== Args={'value': 425, 'prev_value': None, 'change': True}
2023-01-15 18:10:30,728 : INFO : EventManager : Event: ======'machine_var_audits_switches_s_lock_2'====== Args={'value': 437, 'prev_value': None, 'change': True}
2023-01-15 18:10:30,729 : INFO : EventManager : Event: ======'machine_var_audits_switches_s_lock_3'====== Args={'value': 520, 'prev_value': None, 'change': True}
2023-01-15 18:10:30,729 : INFO : EventManager : Event: ======'machine_var_audits_switches_s_magnet_switch'====== Args={'value': 0, 'prev_value': None, 'change': True}
2023-01-15 18:10:30,729 : INFO : EventManager : Event: ======'machine_var_audits_switches_s_main_hole'====== Args={'value': 1061, 'prev_value': None, 'change': True}
2023-01-15 18:10:30,730 : INFO : EventManager : Event: ======'machine_var_audits_switches_s_pen_1'====== Args={'value': 819, 'prev_value': None, 'change': True}
2023-01-15 18:10:30,731 : INFO : EventManager : Event: ======'machine_var_audits_switches_s_pen_2'====== Args={'value': 96, 'prev_value': None, 'change': True}
2023-01-15 18:10:30,731 : INFO : EventManager : Event: ======'machine_var_audits_switches_s_pen_3'====== Args={'value': 322, 'prev_value': None, 'change': True}
2023-01-15 18:10:30,731 : INFO : EventManager : Event: ======'machine_var_audits_switches_s_pen_4'====== Args={'value': 5, 'prev_value': None, 'change': True}
2023-01-15 18:10:30,732 : INFO : EventManager : Event: ======'machine_var_audits_switches_s_pen_5'====== Args={'value': 2, 'prev_value': None, 'change': True}
2023-01-15 18:10:30,732 : INFO : EventManager : Event: ======'machine_var_audits_switches_s_pen_6'====== Args={'value': 8, 'prev_value': None, 'change': True}
2023-01-15 18:10:30,733 : INFO : EventManager : Event: ======'machine_var_audits_switches_s_plunger'====== Args={'value': 4063, 'prev_value': None, 'change': True}
2023-01-15 18:10:30,733 : INFO : EventManager : Event: ======'machine_var_audits_switches_s_plunger_button'====== Args={'value': 4, 'prev_value': None, 'change': True}
2023-01-15 18:10:30,734 : INFO : EventManager : Event: ======'machine_var_audits_switches_s_ricochet_1'====== Args={'value': 197, 'prev_value': None, 'change': True}
2023-01-15 18:10:30,734 : INFO : EventManager : Event: ======'machine_var_audits_switches_s_ricochet_2'====== Args={'value': 692, 'prev_value': None, 'change': True}
2023-01-15 18:10:30,735 : INFO : EventManager : Event: ======'machine_var_audits_switches_s_ricochet_3'====== Args={'value': 93, 'prev_value': None, 'change': True}
2023-01-15 18:10:30,735 : INFO : EventManager : Event: ======'machine_var_audits_switches_s_ricochet_4'====== Args={'value': 54, 'prev_value': None, 'change': True}
2023-01-15 18:10:30,736 : INFO : EventManager : Event: ======'machine_var_audits_switches_s_ricochet_5'====== Args={'value': 8, 'prev_value': None, 'change': True}
2023-01-15 18:10:30,736 : INFO : EventManager : Event: ======'machine_var_audits_switches_s_right_flipper'====== Args={'value': 4177, 'prev_value': None, 'change': True}
2023-01-15 18:10:30,737 : INFO : EventManager : Event: ======'machine_var_audits_switches_s_right_hole'====== Args={'value': 26, 'prev_value': None, 'change': True}
2023-01-15 18:10:30,738 : INFO : EventManager : Event: ======'machine_var_audits_switches_s_right_inlane'====== Args={'value': 363, 'prev_value': None, 'change': True}
2023-01-15 18:10:30,738 : INFO : EventManager : Event: ======'machine_var_audits_switches_s_right_loop_made'====== Args={'value': 83, 'prev_value': None, 'change': True}
2023-01-15 18:10:30,739 : INFO : EventManager : Event: ======'machine_var_audits_switches_s_right_loop_pre'====== Args={'value': 70, 'prev_value': None, 'change': True}
2023-01-15 18:10:30,739 : INFO : EventManager : Event: ======'machine_var_audits_switches_s_right_outlane'====== Args={'value': 141, 'prev_value': None, 'change': True}
2023-01-15 18:10:30,740 : INFO : EventManager : Event: ======'machine_var_audits_switches_s_right_ramp_made'====== Args={'value': 1703, 'prev_value': None, 'change': True}
2023-01-15 18:10:30,740 : INFO : EventManager : Event: ======'machine_var_audits_switches_s_right_ramp_pre'====== Args={'value': 83, 'prev_value': None, 'change': True}
2023-01-15 18:10:30,740 : INFO : EventManager : Event: ======'machine_var_audits_switches_s_right_slingshot'====== Args={'value': 132, 'prev_value': None, 'change': True}
2023-01-15 18:10:30,741 : INFO : EventManager : Event: ======'machine_var_audits_switches_s_right_small_ramp'====== Args={'value': 0, 'prev_value': None, 'change': True}
2023-01-15 18:10:30,741 : INFO : EventManager : Event: ======'machine_var_audits_switches_s_side_hole'====== Args={'value': 316, 'prev_value': None, 'change': True}
2023-01-15 18:10:30,742 : INFO : EventManager : Event: ======'machine_var_audits_switches_s_side_ramp_made'====== Args={'value': 1125, 'prev_value': None, 'change': True}
2023-01-15 18:10:30,742 : INFO : EventManager : Event: ======'machine_var_audits_switches_s_side_ramp_pre'====== Args={'value': 113, 'prev_value': None, 'change': True}
2023-01-15 18:10:30,743 : INFO : EventManager : Event: ======'machine_var_audits_switches_s_start'====== Args={'value': 140, 'prev_value': None, 'change': True}
2023-01-15 18:10:30,743 : INFO : EventManager : Event: ======'machine_var_audits_switches_s_torpedo'====== Args={'value': 739, 'prev_value': None, 'change': True}
2023-01-15 18:10:30,744 : INFO : EventManager : Event: ======'machine_var_audits_switches_s_torpedo_lane'====== Args={'value': 2, 'prev_value': None, 'change': True}
2023-01-15 18:10:30,744 : INFO : EventManager : Event: ======'machine_var_audits_switches_s_torpedo_pre'====== Args={'value': 0, 'prev_value': None, 'change': True}
2023-01-15 18:10:30,745 : INFO : EventManager : Event: ======'machine_var_audits_switches_s_trough1'====== Args={'value': 654, 'prev_value': None, 'change': True}
2023-01-15 18:10:30,745 : INFO : EventManager : Event: ======'machine_var_audits_switches_s_trough2'====== Args={'value': 105, 'prev_value': None, 'change': True}
2023-01-15 18:10:30,746 : INFO : EventManager : Event: ======'machine_var_audits_switches_s_trough3'====== Args={'value': 82, 'prev_value': None, 'change': True}
2023-01-15 18:10:30,746 : INFO : EventManager : Event: ======'machine_var_audits_switches_s_trough4'====== Args={'value': 34, 'prev_value': None, 'change': True}
2023-01-15 18:10:30,747 : INFO : EventManager : Event: ======'machine_var_audits_switches_s_trough5'====== Args={'value': 2, 'prev_value': None, 'change': True}
2023-01-15 18:10:30,747 : INFO : EventManager : Event: ======'machine_var_audits_switches_s_trough6'====== Args={'value': 1, 'prev_value': None, 'change': True}
2023-01-15 18:10:30,748 : INFO : EventManager : Event: ======'machine_var_audits_switches_s_trough_jam'====== Args={'value': 0, 'prev_value': None, 'change': True}
2023-01-15 18:10:30,748 : INFO : EventManager : Event: ======'machine_var_audits_switches_s_spinner'====== Args={'value': 0, 'prev_value': None, 'change': True}
2023-01-15 18:10:30,749 : INFO : EventManager : Event: ======'machine_var_audits_switches_s_saucer'====== Args={'value': 0, 'prev_value': None, 'change': True}
2023-01-15 18:10:30,750 : INFO : EventManager : Event: ======'machine_var_audits_switches_s_right_tunnel'====== Args={'value': 0, 'prev_value': None, 'change': True}
2023-01-15 18:10:30,750 : INFO : EventManager : Event: ======'init_phase_5'====== Args={}
2023-01-15 18:10:30,775 : INFO : EventManager : Event: ======'init_done'====== Args={}
2023-01-15 18:10:30,789 : INFO : EventManager : Event: ======'machine_reset_phase_1'====== Args={}
2023-01-15 18:10:30,789 : INFO : BcpServer : New client connected.
2023-01-15 18:10:30,802 : INFO : EventManager : Event: ======'machine_reset_phase_2'====== Args={}
2023-01-15 18:10:30,802 : INFO : EventManager : Event: ======'machine_reset_phase_3'====== Args={}
2023-01-15 18:10:30,802 : INFO : EventManager : Event: ======'diverter_citadel_diverter_deactivating'====== Args={}
2023-01-15 18:10:30,802 : INFO : coil.c_loop_diverter : Disabling Driver
2023-01-15 18:10:30,803 : INFO : EventManager : Event: ======'diverter_torpedo_peg_deactivating'====== Args={}
2023-01-15 18:10:30,803 : INFO : coil.c_torpedo_peg : Disabling Driver
2023-01-15 18:10:30,803 : INFO : EventManager : Event: ======'reset_complete'====== Args={}
2023-01-15 18:10:30,803 : INFO : EventManager : Event: ======'mode_attract_will_start'====== Args={}
2023-01-15 18:10:30,804 : INFO : EventManager : Event: ======'mode_attract_starting'====== Args={}
2023-01-15 18:10:30,804 : INFO : Mode.attract : Started. Priority: 10
2023-01-15 18:10:30,804 : INFO : EventManager : Event: ======'modes_active_modes_changed'====== Args={}
2023-01-15 18:10:30,805 : INFO : EventManager : Event: ======'mode_attract_started'====== Args={}
2023-01-15 18:10:30,806 : INFO : EventManager : Event: ======'collecting_balls_complete'====== Args={}
2023-01-15 18:10:30,873 : INFO : EventManager : Event: ======'slide_attract_game_over_slide_created'====== Args={'_from_bcp': True}
2023-01-15 18:10:30,874 : INFO : EventManager : Event: ======'slide_attract_game_over_slide_active'====== Args={'_from_bcp': True}
2023-01-15 18:10:30,874 : INFO : Machine : Starting the main run loop.
2023-01-15 18:10:32,811 : INFO : EventManager : Event: ======'slide_end_mode_8_compIG_created'====== Args={'_from_bcp': True}
2023-01-15 18:10:32,816 : INFO : EventManager : Event: ======'slide_end_mode_8_compIG_active'====== Args={'_from_bcp': True}
2023-01-15 18:10:34,827 : INFO : EventManager : Event: ======'slide_end_mode_8_comp_created'====== Args={'_from_bcp': True}
2023-01-15 18:10:34,848 : INFO : EventManager : Event: ======'slide_end_mode_8_comp_active'====== Args={'_from_bcp': True}
2023-01-15 18:10:36,814 : INFO : EventManager : Event: ======'slide_end_mode_8_co_created'====== Args={'_from_bcp': True}
2023-01-15 18:10:36,821 : INFO : EventManager : Event: ======'slide_end_mode_8_co_active'====== Args={'_from_bcp': True}
2023-01-15 18:10:38,839 : INFO : EventManager : Event: ======'slide_end_mode_8_com_created'====== Args={'_from_bcp': True}
2023-01-15 18:10:38,839 : INFO : EventManager : Event: ======'slide_end_mode_8_com_active'====== Args={'_from_bcp': True}
2023-01-15 18:10:40,818 : INFO : EventManager : Event: ======'slide_end_mode_8_completed_created'====== Args={'_from_bcp': True}
2023-01-15 18:10:40,830 : INFO : EventManager : Event: ======'slide_end_mode_8_completed_active'====== Args={'_from_bcp': True}
2023-01-15 18:10:42,823 : INFO : EventManager : Event: ======'slide_scores_slide_created'====== Args={'_from_bcp': True}
2023-01-15 18:10:42,827 : INFO : EventManager : Event: ======'slide_scores_slide_active'====== Args={'_from_bcp': True}
2023-01-15 18:10:44,856 : INFO : EventManager : Event: ======'slide_medals_back_created'====== Args={'_from_bcp': True}
2023-01-15 18:10:44,857 : INFO : EventManager : Event: ======'slide_medals_back_active'====== Args={'_from_bcp': True}
2023-01-15 18:10:46,823 : INFO : EventManager : Event: ======'slide_medals_created'====== Args={'_from_bcp': True}
2023-01-15 18:10:46,828 : INFO : EventManager : Event: ======'slide_medals_active'====== Args={'_from_bcp': True}
2023-01-15 18:10:48,803 : INFO : EventManager : Event: ======'slide_aircraft_slide_created'====== Args={'_from_bcp': True}
2023-01-15 18:10:48,805 : INFO : EventManager : Event: ======'slide_aircraft_slide_active'====== Args={'_from_bcp': True}
2023-01-15 18:10:50,824 : INFO : EventManager : Event: ======'slide_t_1_1_slide_created'====== Args={'_from_bcp': True}
2023-01-15 18:10:50,831 : INFO : EventManager : Event: ======'slide_t_1_1_slide_active'====== Args={'_from_bcp': True}
2023-01-15 18:10:52,840 : INFO : EventManager : Event: ======'slide_t_1_2_slide_created'====== Args={'_from_bcp': True}
2023-01-15 18:10:52,844 : INFO : EventManager : Event: ======'slide_t_1_2_slide_active'====== Args={'_from_bcp': True}
2023-01-15 18:10:54,806 : INFO : EventManager : Event: ======'slide_t_1_3_slide_created'====== Args={'_from_bcp': True}
2023-01-15 18:10:54,811 : INFO : EventManager : Event: ======'slide_t_1_3_slide_active'====== Args={'_from_bcp': True}
2023-01-15 18:10:56,807 : INFO : EventManager : Event: ======'slide_t_1_4_slide_created'====== Args={'_from_bcp': True}
2023-01-15 18:10:56,816 : INFO : EventManager : Event: ======'slide_t_1_4_slide_active'====== Args={'_from_bcp': True}
2023-01-15 18:10:58,824 : INFO : EventManager : Event: ======'slide_t_2_1_slide_created'====== Args={'_from_bcp': True}
2023-01-15 18:10:58,830 : INFO : EventManager : Event: ======'slide_t_2_1_slide_active'====== Args={'_from_bcp': True}
2023-01-15 18:11:00,869 : INFO : EventManager : Event: ======'slide_t_2_2_slide_created'====== Args={'_from_bcp': True}
2023-01-15 18:11:00,875 : INFO : EventManager : Event: ======'slide_t_2_2_slide_active'====== Args={'_from_bcp': True}
2023-01-15 18:11:02,849 : INFO : EventManager : Event: ======'slide_t_2_3_slide_created'====== Args={'_from_bcp': True}
2023-01-15 18:11:02,853 : INFO : EventManager : Event: ======'slide_t_2_3_slide_active'====== Args={'_from_bcp': True}
2023-01-15 18:11:04,834 : INFO : EventManager : Event: ======'slide_t_2_4_slide_created'====== Args={'_from_bcp': True}
2023-01-15 18:11:04,835 : INFO : EventManager : Event: ======'slide_t_2_4_slide_active'====== Args={'_from_bcp': True}
2023-01-15 18:11:06,826 : INFO : EventManager : Event: ======'slide_t_3_1_slide_created'====== Args={'_from_bcp': True}
2023-01-15 18:11:06,831 : INFO : EventManager : Event: ======'slide_t_3_1_slide_active'====== Args={'_from_bcp': True}
2023-01-15 18:11:08,808 : INFO : EventManager : Event: ======'slide_t_3_2_slide_created'====== Args={'_from_bcp': True}
2023-01-15 18:11:08,813 : INFO : EventManager : Event: ======'slide_t_3_2_slide_active'====== Args={'_from_bcp': True}
2023-01-15 18:11:10,809 : INFO : EventManager : Event: ======'slide_t_3_3_slide_created'====== Args={'_from_bcp': True}
2023-01-15 18:11:10,813 : INFO : EventManager : Event: ======'slide_t_3_3_slide_active'====== Args={'_from_bcp': True}
2023-01-15 18:11:12,825 : INFO : EventManager : Event: ======'slide_t_3_4_slide_created'====== Args={'_from_bcp': True}
2023-01-15 18:11:12,830 : INFO : EventManager : Event: ======'slide_t_3_4_slide_active'====== Args={'_from_bcp': True}
2023-01-15 18:11:14,826 : INFO : EventManager : Event: ======'slide_t_4_1_slide_created'====== Args={'_from_bcp': True}
2023-01-15 18:11:14,830 : INFO : EventManager : Event: ======'slide_t_4_1_slide_active'====== Args={'_from_bcp': True}
2023-01-15 18:11:16,808 : INFO : EventManager : Event: ======'slide_t_4_2_slide_created'====== Args={'_from_bcp': True}
2023-01-15 18:11:16,812 : INFO : EventManager : Event: ======'slide_t_4_2_slide_active'====== Args={'_from_bcp': True}
2023-01-15 18:11:18,826 : INFO : EventManager : Event: ======'slide_t_4_3_slide_created'====== Args={'_from_bcp': True}
2023-01-15 18:11:18,843 : INFO : EventManager : Event: ======'slide_t_4_3_slide_active'====== Args={'_from_bcp': True}
2023-01-15 18:11:20,809 : INFO : EventManager : Event: ======'slide_t_4_4_slide_created'====== Args={'_from_bcp': True}
2023-01-15 18:11:20,814 : INFO : EventManager : Event: ======'slide_t_4_4_slide_active'====== Args={'_from_bcp': True}
2023-01-15 18:11:22,821 : INFO : EventManager : Event: ======'slide_commander_2_created'====== Args={'_from_bcp': True}
2023-01-15 18:11:22,823 : INFO : EventManager : Event: ======'slide_commander_2_active'====== Args={'_from_bcp': True}
2023-01-15 18:11:24,835 : INFO : EventManager : Event: ======'slide_red_created'====== Args={'_from_bcp': True}
2023-01-15 18:11:24,857 : INFO : EventManager : Event: ======'slide_red_active'====== Args={'_from_bcp': True}
2023-01-15 18:11:26,877 : INFO : EventManager : Event: ======'slide_blue_created'====== Args={'_from_bcp': True}
2023-01-15 18:11:26,904 : INFO : EventManager : Event: ======'slide_blue_active'====== Args={'_from_bcp': True}
2023-01-15 18:11:28,911 : INFO : EventManager : Event: ======'slide_green_created'====== Args={'_from_bcp': True}
2023-01-15 18:11:28,935 : INFO : EventManager : Event: ======'slide_green_active'====== Args={'_from_bcp': True}
2023-01-15 18:11:30,856 : INFO : EventManager : Event: ======'slide_yellow_created'====== Args={'_from_bcp': True}
2023-01-15 18:11:30,878 : INFO : EventManager : Event: ======'slide_yellow_active'====== Args={'_from_bcp': True}
2023-01-15 18:11:32,806 : INFO : EventManager : Event: ======'slide_capture_1_created'====== Args={'_from_bcp': True}
2023-01-15 18:11:32,807 : INFO : EventManager : Event: ======'slide_capture_1_active'====== Args={'_from_bcp': True}
2023-01-15 18:11:34,810 : INFO : EventManager : Event: ======'slide_capture_2_created'====== Args={'_from_bcp': True}
2023-01-15 18:11:34,810 : INFO : EventManager : Event: ======'slide_capture_2_active'====== Args={'_from_bcp': True}
2023-01-15 18:11:36,809 : INFO : EventManager : Event: ======'slide_capture_3_created'====== Args={'_from_bcp': True}
2023-01-15 18:11:36,809 : INFO : EventManager : Event: ======'slide_capture_3_active'====== Args={'_from_bcp': True}
2023-01-15 18:11:38,816 : INFO : EventManager : Event: ======'slide_cons_test_created'====== Args={'_from_bcp': True}
2023-01-15 18:11:38,816 : INFO : EventManager : Event: ======'slide_cons_test_active'====== Args={'_from_bcp': True}
2023-01-15 18:11:40,808 : INFO : EventManager : Event: ======'slide_consumable_slide_created'====== Args={'_from_bcp': True}
2023-01-15 18:11:40,809 : INFO : EventManager : Event: ======'slide_consumable_slide_active'====== Args={'_from_bcp': True}
2023-01-15 18:11:42,817 : INFO : EventManager : Event: ======'slide_consumable_slide1_created'====== Args={'_from_bcp': True}
2023-01-15 18:11:42,817 : INFO : EventManager : Event: ======'slide_consumable_slide1_active'====== Args={'_from_bcp': True}
2023-01-15 18:11:44,812 : INFO : EventManager : Event: ======'slide_consumable_slide2_created'====== Args={'_from_bcp': True}
2023-01-15 18:11:44,812 : INFO : EventManager : Event: ======'slide_consumable_slide2_active'====== Args={'_from_bcp': True}
2023-01-15 18:11:46,815 : INFO : EventManager : Event: ======'slide_hc_test_slide_created'====== Args={'_from_bcp': True}
2023-01-15 18:11:46,821 : INFO : EventManager : Event: ======'slide_hc_test_slide_active'====== Args={'_from_bcp': True}
2023-01-15 18:11:48,813 : INFO : EventManager : Event: ======'slide_test_slide_1_created'====== Args={'_from_bcp': True}
2023-01-15 18:11:48,820 : INFO : EventManager : Event: ======'slide_test_slide_1_active'====== Args={'_from_bcp': True}
2023-01-15 18:11:50,821 : INFO : EventManager : Event: ======'slide_test_slide_2_created'====== Args={'_from_bcp': True}
2023-01-15 18:11:50,822 : INFO : EventManager : Event: ======'slide_test_slide_2_active'====== Args={'_from_bcp': True}
2023-01-15 18:11:52,815 : INFO : EventManager : Event: ======'slide_test_slide_3_created'====== Args={'_from_bcp': True}
2023-01-15 18:11:52,821 : INFO : EventManager : Event: ======'slide_test_slide_3_active'====== Args={'_from_bcp': True}
2023-01-15 18:11:54,809 : INFO : EventManager : Event: ======'slide_test_slide_3_removed'====== Args={'_from_bcp': True}
2023-01-15 18:11:54,828 : INFO : EventManager : Event: ======'slide_test_slide_3_created'====== Args={'_from_bcp': True}
2023-01-15 18:11:54,829 : INFO : EventManager : Event: ======'slide_test_slide_3_active'====== Args={'_from_bcp': True}
2023-01-15 18:11:59,824 : INFO : EventManager : Event: ======'slide_attract_slide_1_created'====== Args={'_from_bcp': True}
2023-01-15 18:11:59,827 : INFO : EventManager : Event: ======'slide_attract_slide_1_active'====== Args={'_from_bcp': True}
2023-01-15 18:12:01,825 : INFO : EventManager : Event: ======'slide_attract_slide_3_created'====== Args={'_from_bcp': True}
2023-01-15 18:12:01,841 : INFO : EventManager : Event: ======'slide_attract_slide_3_active'====== Args={'_from_bcp': True}
2023-01-15 18:12:03,807 : INFO : EventManager : Event: ======'slide_attract_slide_1_removed'====== Args={'_from_bcp': True}
2023-01-15 18:12:03,809 : INFO : EventManager : Event: ======'slide_attract_slide_1_created'====== Args={'_from_bcp': True}
2023-01-15 18:12:03,810 : INFO : EventManager : Event: ======'slide_attract_slide_1_active'====== Args={'_from_bcp': True}
2023-01-15 18:12:05,824 : INFO : EventManager : Event: ======'slide_attract_slide_3_removed'====== Args={'_from_bcp': True}
2023-01-15 18:12:05,826 : INFO : EventManager : Event: ======'slide_attract_slide_3_created'====== Args={'_from_bcp': True}
2023-01-15 18:12:05,829 : INFO : EventManager : Event: ======'slide_attract_slide_3_active'====== Args={'_from_bcp': True}
2023-01-15 18:12:07,810 : INFO : EventManager : Event: ======'slide_attract_slide_4_created'====== Args={'_from_bcp': True}
2023-01-15 18:12:07,810 : INFO : EventManager : Event: ======'slide_attract_slide_4_active'====== Args={'_from_bcp': True}
2023-01-15 18:12:09,809 : INFO : EventManager : Event: ======'slide_attract_slide_5_created'====== Args={'_from_bcp': True}
2023-01-15 18:12:09,813 : INFO : EventManager : Event: ======'slide_attract_slide_5_active'====== Args={'_from_bcp': True}
2023-01-15 18:12:11,844 : INFO : EventManager : Event: ======'slide_attract_slide_6_created'====== Args={'_from_bcp': True}
2023-01-15 18:12:11,844 : INFO : EventManager : Event: ======'slide_attract_slide_6_active'====== Args={'_from_bcp': True}
2023-01-15 18:12:13,838 : INFO : EventManager : Event: ======'slide_attract_slide_7_created'====== Args={'_from_bcp': True}
2023-01-15 18:12:13,839 : INFO : EventManager : Event: ======'slide_attract_slide_7_active'====== Args={'_from_bcp': True}
2023-01-15 18:12:15,812 : INFO : EventManager : Event: ======'slide_attract_slide_8_created'====== Args={'_from_bcp': True}
2023-01-15 18:12:15,817 : INFO : EventManager : Event: ======'slide_attract_slide_8_active'====== Args={'_from_bcp': True}
2023-01-15 18:12:17,796 : INFO : EventManager : Event: ======'slide_attract_slide_9_created'====== Args={'_from_bcp': True}
2023-01-15 18:12:17,806 : INFO : EventManager : Event: ======'slide_attract_slide_9_active'====== Args={'_from_bcp': True}
2023-01-15 18:12:19,817 : INFO : EventManager : Event: ======'slide_attract_slide_10_created'====== Args={'_from_bcp': True}
2023-01-15 18:12:19,820 : INFO : EventManager : Event: ======'slide_attract_slide_10_active'====== Args={'_from_bcp': True}
2023-01-15 18:12:20,816 : INFO : EventManager : Event: ======'slide_attract_game_over_slide_removed'====== Args={'_from_bcp': True}
2023-01-15 18:12:20,816 : INFO : EventManager : Event: ======'slide_attract_game_over_slide_created'====== Args={'_from_bcp': True}
2023-01-15 18:12:20,816 : INFO : EventManager : Event: ======'slide_attract_game_over_slide_active'====== Args={'_from_bcp': True}
2023-01-15 18:12:22,812 : INFO : EventManager : Event: ======'slide_end_mode_8_compIG_removed'====== Args={'_from_bcp': True}
2023-01-15 18:12:22,817 : INFO : EventManager : Event: ======'slide_end_mode_8_compIG_created'====== Args={'_from_bcp': True}
2023-01-15 18:12:22,824 : INFO : EventManager : Event: ======'slide_end_mode_8_compIG_active'====== Args={'_from_bcp': True}
2023-01-15 18:12:24,830 : INFO : EventManager : Event: ======'slide_end_mode_8_comp_removed'====== Args={'_from_bcp': True}
2023-01-15 18:12:24,841 : INFO : EventManager : Event: ======'slide_end_mode_8_comp_created'====== Args={'_from_bcp': True}
2023-01-15 18:12:24,858 : INFO : EventManager : Event: ======'slide_end_mode_8_comp_active'====== Args={'_from_bcp': True}
2023-01-15 18:12:26,812 : INFO : EventManager : Event: ======'slide_end_mode_8_co_removed'====== Args={'_from_bcp': True}
2023-01-15 18:12:26,834 : INFO : EventManager : Event: ======'slide_end_mode_8_co_created'====== Args={'_from_bcp': True}
2023-01-15 18:12:26,834 : INFO : EventManager : Event: ======'slide_end_mode_8_co_active'====== Args={'_from_bcp': True}
2023-01-15 18:12:28,795 : INFO : EventManager : Event: ======'slide_end_mode_8_com_removed'====== Args={'_from_bcp': True}
2023-01-15 18:12:28,849 : INFO : EventManager : Event: ======'slide_end_mode_8_com_created'====== Args={'_from_bcp': True}
2023-01-15 18:12:28,856 : INFO : EventManager : Event: ======'slide_end_mode_8_com_active'====== Args={'_from_bcp': True}
2023-01-15 18:12:30,814 : INFO : EventManager : Event: ======'slide_end_mode_8_completed_removed'====== Args={'_from_bcp': True}
2023-01-15 18:12:30,817 : INFO : EventManager : Event: ======'slide_end_mode_8_completed_created'====== Args={'_from_bcp': True}
2023-01-15 18:12:30,824 : INFO : EventManager : Event: ======'slide_end_mode_8_completed_active'====== Args={'_from_bcp': True}
2023-01-15 18:12:32,793 : INFO : EventManager : Event: ======'slide_scores_slide_removed'====== Args={'_from_bcp': True}
2023-01-15 18:12:32,798 : INFO : EventManager : Event: ======'slide_scores_slide_created'====== Args={'_from_bcp': True}
2023-01-15 18:12:32,802 : INFO : EventManager : Event: ======'slide_scores_slide_active'====== Args={'_from_bcp': True}
2023-01-15 18:12:34,822 : INFO : EventManager : Event: ======'slide_medals_back_removed'====== Args={'_from_bcp': True}
2023-01-15 18:12:34,822 : INFO : EventManager : Event: ======'slide_medals_back_created'====== Args={'_from_bcp': True}
2023-01-15 18:12:34,835 : INFO : EventManager : Event: ======'slide_medals_back_active'====== Args={'_from_bcp': True}
2023-01-15 18:12:36,811 : INFO : EventManager : Event: ======'slide_medals_removed'====== Args={'_from_bcp': True}
2023-01-15 18:12:36,831 : INFO : EventManager : Event: ======'slide_medals_created'====== Args={'_from_bcp': True}
2023-01-15 18:12:36,832 : INFO : EventManager : Event: ======'slide_medals_active'====== Args={'_from_bcp': True}
2023-01-15 18:12:38,792 : INFO : EventManager : Event: ======'slide_aircraft_slide_removed'====== Args={'_from_bcp': True}
2023-01-15 18:12:38,795 : INFO : EventManager : Event: ======'slide_aircraft_slide_created'====== Args={'_from_bcp': True}
2023-01-15 18:12:38,795 : INFO : EventManager : Event: ======'slide_aircraft_slide_active'====== Args={'_from_bcp': True}
2023-01-15 18:12:44,761 : INFO : EventManager : Event: ======'slide_t_1_1_slide_removed'====== Args={'_from_bcp': True}
2023-01-15 18:12:44,765 : INFO : EventManager : Event: ======'slide_t_1_1_slide_created'====== Args={'_from_bcp': True}
2023-01-15 18:12:44,774 : INFO : EventManager : Event: ======'slide_t_1_2_slide_removed'====== Args={'_from_bcp': True}
2023-01-15 18:12:44,781 : INFO : EventManager : Event: ======'slide_t_1_2_slide_created'====== Args={'_from_bcp': True}
2023-01-15 18:12:44,788 : INFO : EventManager : Event: ======'slide_t_1_2_slide_active'====== Args={'_from_bcp': True}
2023-01-15 18:12:44,813 : INFO : EventManager : Event: ======'slide_t_1_3_slide_removed'====== Args={'_from_bcp': True}
2023-01-15 18:12:44,819 : INFO : EventManager : Event: ======'slide_t_1_3_slide_created'====== Args={'_from_bcp': True}
2023-01-15 18:12:44,829 : INFO : EventManager : Event: ======'slide_t_1_3_slide_active'====== Args={'_from_bcp': True}
2023-01-15 18:12:46,809 : INFO : EventManager : Event: ======'slide_t_1_4_slide_removed'====== Args={'_from_bcp': True}
2023-01-15 18:12:46,810 : INFO : EventManager : Event: ======'slide_t_1_4_slide_created'====== Args={'_from_bcp': True}
2023-01-15 18:12:46,814 : INFO : EventManager : Event: ======'slide_t_1_4_slide_active'====== Args={'_from_bcp': True}
2023-01-15 18:12:48,812 : INFO : EventManager : Event: ======'slide_t_2_1_slide_removed'====== Args={'_from_bcp': True}
2023-01-15 18:12:48,818 : INFO : EventManager : Event: ======'slide_t_2_1_slide_created'====== Args={'_from_bcp': True}
2023-01-15 18:12:48,824 : INFO : EventManager : Event: ======'slide_t_2_1_slide_active'====== Args={'_from_bcp': True}
2023-01-15 18:12:50,812 : INFO : EventManager : Event: ======'slide_t_2_2_slide_removed'====== Args={'_from_bcp': True}
2023-01-15 18:12:50,818 : INFO : EventManager : Event: ======'slide_t_2_2_slide_created'====== Args={'_from_bcp': True}
2023-01-15 18:12:50,823 : INFO : EventManager : Event: ======'slide_t_2_2_slide_active'====== Args={'_from_bcp': True}
2023-01-15 18:12:52,812 : INFO : EventManager : Event: ======'slide_t_2_3_slide_removed'====== Args={'_from_bcp': True}
2023-01-15 18:12:52,819 : INFO : EventManager : Event: ======'slide_t_2_3_slide_created'====== Args={'_from_bcp': True}
2023-01-15 18:12:52,828 : INFO : EventManager : Event: ======'slide_t_2_3_slide_active'====== Args={'_from_bcp': True}
2023-01-15 18:12:54,813 : INFO : EventManager : Event: ======'slide_t_2_4_slide_removed'====== Args={'_from_bcp': True}
2023-01-15 18:12:54,827 : INFO : EventManager : Event: ======'slide_t_2_4_slide_created'====== Args={'_from_bcp': True}
2023-01-15 18:12:54,833 : INFO : EventManager : Event: ======'slide_t_2_4_slide_active'====== Args={'_from_bcp': True}
2023-01-15 18:12:56,811 : INFO : EventManager : Event: ======'slide_t_3_1_slide_removed'====== Args={'_from_bcp': True}
2023-01-15 18:12:56,818 : INFO : EventManager : Event: ======'slide_t_3_1_slide_created'====== Args={'_from_bcp': True}
2023-01-15 18:12:56,823 : INFO : EventManager : Event: ======'slide_t_3_1_slide_active'====== Args={'_from_bcp': True}
2023-01-15 18:12:58,812 : INFO : EventManager : Event: ======'slide_t_3_2_slide_removed'====== Args={'_from_bcp': True}
2023-01-15 18:12:58,819 : INFO : EventManager : Event: ======'slide_t_3_2_slide_created'====== Args={'_from_bcp': True}
2023-01-15 18:12:58,838 : INFO : EventManager : Event: ======'slide_t_3_2_slide_active'====== Args={'_from_bcp': True}
2023-01-15 18:13:00,829 : INFO : EventManager : Event: ======'slide_t_3_3_slide_removed'====== Args={'_from_bcp': True}
2023-01-15 18:13:00,849 : INFO : EventManager : Event: ======'slide_t_3_3_slide_created'====== Args={'_from_bcp': True}
2023-01-15 18:13:00,849 : INFO : EventManager : Event: ======'slide_t_3_3_slide_active'====== Args={'_from_bcp': True}
2023-01-15 18:13:02,829 : INFO : EventManager : Event: ======'slide_t_3_4_slide_removed'====== Args={'_from_bcp': True}
2023-01-15 18:13:02,836 : INFO : EventManager : Event: ======'slide_t_3_4_slide_created'====== Args={'_from_bcp': True}
2023-01-15 18:13:02,843 : INFO : EventManager : Event: ======'slide_t_3_4_slide_active'====== Args={'_from_bcp': True}
2023-01-15 18:13:04,813 : INFO : EventManager : Event: ======'slide_t_4_1_slide_removed'====== Args={'_from_bcp': True}
2023-01-15 18:13:04,839 : INFO : EventManager : Event: ======'slide_t_4_1_slide_created'====== Args={'_from_bcp': True}
2023-01-15 18:13:04,861 : INFO : EventManager : Event: ======'slide_t_4_1_slide_active'====== Args={'_from_bcp': True}
2023-01-15 18:13:06,810 : INFO : EventManager : Event: ======'slide_t_4_2_slide_removed'====== Args={'_from_bcp': True}
2023-01-15 18:13:06,835 : INFO : EventManager : Event: ======'slide_t_4_2_slide_created'====== Args={'_from_bcp': True}
2023-01-15 18:13:06,845 : INFO : EventManager : Event: ======'slide_t_4_2_slide_active'====== Args={'_from_bcp': True}
2023-01-15 18:13:08,796 : INFO : EventManager : Event: ======'slide_t_4_3_slide_removed'====== Args={'_from_bcp': True}
2023-01-15 18:13:08,802 : INFO : EventManager : Event: ======'slide_t_4_3_slide_created'====== Args={'_from_bcp': True}
2023-01-15 18:13:08,808 : INFO : EventManager : Event: ======'slide_t_4_3_slide_active'====== Args={'_from_bcp': True}
2023-01-15 18:13:10,813 : INFO : EventManager : Event: ======'slide_t_4_4_slide_removed'====== Args={'_from_bcp': True}
2023-01-15 18:13:10,819 : INFO : EventManager : Event: ======'slide_t_4_4_slide_created'====== Args={'_from_bcp': True}
2023-01-15 18:13:10,824 : INFO : EventManager : Event: ======'slide_t_4_4_slide_active'====== Args={'_from_bcp': True}
2023-01-15 18:13:12,827 : INFO : EventManager : Event: ======'slide_commander_2_removed'====== Args={'_from_bcp': True}
2023-01-15 18:13:12,829 : INFO : EventManager : Event: ======'slide_commander_2_created'====== Args={'_from_bcp': True}
2023-01-15 18:13:12,830 : INFO : EventManager : Event: ======'slide_commander_2_active'====== Args={'_from_bcp': True}
2023-01-15 18:13:14,825 : INFO : EventManager : Event: ======'slide_red_removed'====== Args={'_from_bcp': True}
2023-01-15 18:13:14,856 : INFO : EventManager : Event: ======'slide_red_created'====== Args={'_from_bcp': True}
2023-01-15 18:13:14,890 : INFO : EventManager : Event: ======'slide_red_active'====== Args={'_from_bcp': True}
2023-01-15 18:13:16,811 : INFO : EventManager : Event: ======'slide_blue_removed'====== Args={'_from_bcp': True}
2023-01-15 18:13:16,946 : INFO : EventManager : Event: ======'slide_blue_created'====== Args={'_from_bcp': True}
2023-01-15 18:13:17,002 : INFO : EventManager : Event: ======'slide_blue_active'====== Args={'_from_bcp': True}
2023-01-15 18:13:18,910 : INFO : EventManager : Event: ======'slide_green_removed'====== Args={'_from_bcp': True}
2023-01-15 18:13:18,954 : INFO : EventManager : Event: ======'slide_green_created'====== Args={'_from_bcp': True}
2023-01-15 18:13:19,473 : INFO : EventManager : Event: ======'slide_green_active'====== Args={'_from_bcp': True}
2023-01-15 18:13:20,834 : INFO : EventManager : Event: ======'slide_yellow_removed'====== Args={'_from_bcp': True}
2023-01-15 18:13:20,878 : INFO : EventManager : Event: ======'slide_yellow_created'====== Args={'_from_bcp': True}
2023-01-15 18:13:20,902 : INFO : EventManager : Event: ======'slide_yellow_active'====== Args={'_from_bcp': True}
2023-01-15 18:13:22,812 : INFO : EventManager : Event: ======'slide_capture_1_removed'====== Args={'_from_bcp': True}
2023-01-15 18:13:22,814 : INFO : EventManager : Event: ======'slide_capture_1_created'====== Args={'_from_bcp': True}
2023-01-15 18:13:22,815 : INFO : EventManager : Event: ======'slide_capture_1_active'====== Args={'_from_bcp': True}
2023-01-15 18:13:24,828 : INFO : EventManager : Event: ======'slide_capture_2_removed'====== Args={'_from_bcp': True}
2023-01-15 18:13:24,830 : INFO : EventManager : Event: ======'slide_capture_2_created'====== Args={'_from_bcp': True}
2023-01-15 18:13:24,831 : INFO : EventManager : Event: ======'slide_capture_2_active'====== Args={'_from_bcp': True}
2023-01-15 18:13:26,830 : INFO : EventManager : Event: ======'slide_capture_3_removed'====== Args={'_from_bcp': True}
2023-01-15 18:13:26,831 : INFO : EventManager : Event: ======'slide_capture_3_created'====== Args={'_from_bcp': True}
2023-01-15 18:13:26,834 : INFO : EventManager : Event: ======'slide_capture_3_active'====== Args={'_from_bcp': True}
2023-01-15 18:13:28,815 : INFO : EventManager : Event: ======'slide_cons_test_removed'====== Args={'_from_bcp': True}
2023-01-15 18:13:28,818 : INFO : EventManager : Event: ======'slide_cons_test_created'====== Args={'_from_bcp': True}
2023-01-15 18:13:28,825 : INFO : EventManager : Event: ======'slide_cons_test_active'====== Args={'_from_bcp': True}
2023-01-15 18:13:30,800 : INFO : EventManager : Event: ======'slide_consumable_slide_removed'====== Args={'_from_bcp': True}
2023-01-15 18:13:30,800 : INFO : EventManager : Event: ======'slide_consumable_slide_created'====== Args={'_from_bcp': True}
2023-01-15 18:13:30,802 : INFO : EventManager : Event: ======'slide_consumable_slide_active'====== Args={'_from_bcp': True}
2023-01-15 18:13:32,800 : INFO : EventManager : Event: ======'slide_consumable_slide1_removed'====== Args={'_from_bcp': True}
2023-01-15 18:13:32,801 : INFO : EventManager : Event: ======'slide_consumable_slide1_created'====== Args={'_from_bcp': True}
2023-01-15 18:13:32,804 : INFO : EventManager : Event: ======'slide_consumable_slide1_active'====== Args={'_from_bcp': True}
2023-01-15 18:13:34,825 : INFO : EventManager : Event: ======'slide_consumable_slide2_removed'====== Args={'_from_bcp': True}
2023-01-15 18:13:34,825 : INFO : EventManager : Event: ======'slide_consumable_slide2_created'====== Args={'_from_bcp': True}
2023-01-15 18:13:34,826 : INFO : EventManager : Event: ======'slide_consumable_slide2_active'====== Args={'_from_bcp': True}
2023-01-15 18:13:36,817 : INFO : EventManager : Event: ======'slide_hc_test_slide_removed'====== Args={'_from_bcp': True}
2023-01-15 18:13:36,839 : INFO : EventManager : Event: ======'slide_hc_test_slide_created'====== Args={'_from_bcp': True}
2023-01-15 18:13:36,840 : INFO : EventManager : Event: ======'slide_hc_test_slide_active'====== Args={'_from_bcp': True}
2023-01-15 18:13:38,801 : INFO : EventManager : Event: ======'slide_test_slide_1_removed'====== Args={'_from_bcp': True}
2023-01-15 18:13:38,808 : INFO : EventManager : Event: ======'slide_test_slide_1_created'====== Args={'_from_bcp': True}
2023-01-15 18:13:38,815 : INFO : EventManager : Event: ======'slide_test_slide_1_active'====== Args={'_from_bcp': True}
2023-01-15 18:13:40,807 : INFO : EventManager : Event: ======'slide_test_slide_2_removed'====== Args={'_from_bcp': True}
2023-01-15 18:13:40,809 : INFO : EventManager : Event: ======'slide_test_slide_2_created'====== Args={'_from_bcp': True}
2023-01-15 18:13:40,816 : INFO : EventManager : Event: ======'slide_test_slide_2_active'====== Args={'_from_bcp': True}
2023-01-15 18:13:42,817 : INFO : EventManager : Event: ======'slide_test_slide_3_removed'====== Args={'_from_bcp': True}
2023-01-15 18:13:42,827 : INFO : EventManager : Event: ======'slide_test_slide_3_created'====== Args={'_from_bcp': True}
2023-01-15 18:13:42,843 : INFO : EventManager : Event: ======'slide_test_slide_3_active'====== Args={'_from_bcp': True}
2023-01-15 18:13:44,826 : INFO : EventManager : Event: ======'slide_test_slide_3_removed'====== Args={'_from_bcp': True}
2023-01-15 18:13:44,829 : INFO : EventManager : Event: ======'slide_test_slide_3_created'====== Args={'_from_bcp': True}
2023-01-15 18:13:44,833 : INFO : EventManager : Event: ======'slide_test_slide_3_active'====== Args={'_from_bcp': True}
2023-01-15 18:13:49,813 : INFO : EventManager : Event: ======'slide_attract_slide_1_removed'====== Args={'_from_bcp': True}
2023-01-15 18:13:49,817 : INFO : EventManager : Event: ======'slide_attract_slide_1_created'====== Args={'_from_bcp': True}
2023-01-15 18:13:49,820 : INFO : EventManager : Event: ======'slide_attract_slide_1_active'====== Args={'_from_bcp': True}
2023-01-15 18:13:51,831 : INFO : EventManager : Event: ======'slide_attract_slide_3_removed'====== Args={'_from_bcp': True}
2023-01-15 18:13:51,834 : INFO : EventManager : Event: ======'slide_attract_slide_3_created'====== Args={'_from_bcp': True}
2023-01-15 18:13:51,837 : INFO : EventManager : Event: ======'slide_attract_slide_3_active'====== Args={'_from_bcp': True}
2023-01-15 18:13:53,818 : INFO : EventManager : Event: ======'slide_attract_slide_1_removed'====== Args={'_from_bcp': True}
2023-01-15 18:13:53,819 : INFO : EventManager : Event: ======'slide_attract_slide_1_created'====== Args={'_from_bcp': True}
2023-01-15 18:13:53,819 : INFO : EventManager : Event: ======'slide_attract_slide_1_active'====== Args={'_from_bcp': True}
2023-01-15 18:13:55,817 : INFO : EventManager : Event: ======'slide_attract_slide_3_removed'====== Args={'_from_bcp': True}
2023-01-15 18:13:55,818 : INFO : EventManager : Event: ======'slide_attract_slide_3_created'====== Args={'_from_bcp': True}
2023-01-15 18:13:55,824 : INFO : EventManager : Event: ======'slide_attract_slide_3_active'====== Args={'_from_bcp': True}
2023-01-15 18:13:57,865 : INFO : EventManager : Event: ======'slide_attract_slide_4_removed'====== Args={'_from_bcp': True}
2023-01-15 18:13:57,881 : INFO : EventManager : Event: ======'slide_attract_slide_4_created'====== Args={'_from_bcp': True}
2023-01-15 18:13:57,881 : INFO : EventManager : Event: ======'slide_attract_slide_4_active'====== Args={'_from_bcp': True}
2023-01-15 18:13:59,832 : INFO : EventManager : Event: ======'slide_attract_slide_5_removed'====== Args={'_from_bcp': True}
2023-01-15 18:13:59,833 : INFO : EventManager : Event: ======'slide_attract_slide_5_created'====== Args={'_from_bcp': True}
2023-01-15 18:13:59,835 : INFO : EventManager : Event: ======'slide_attract_slide_5_active'====== Args={'_from_bcp': True}
2023-01-15 18:14:01,816 : INFO : EventManager : Event: ======'slide_attract_slide_6_removed'====== Args={'_from_bcp': True}
2023-01-15 18:14:01,822 : INFO : EventManager : Event: ======'slide_attract_slide_6_created'====== Args={'_from_bcp': True}
2023-01-15 18:14:01,828 : INFO : EventManager : Event: ======'slide_attract_slide_6_active'====== Args={'_from_bcp': True}
2023-01-15 18:14:03,815 : INFO : EventManager : Event: ======'slide_attract_slide_7_removed'====== Args={'_from_bcp': True}
2023-01-15 18:14:03,821 : INFO : EventManager : Event: ======'slide_attract_slide_7_created'====== Args={'_from_bcp': True}
2023-01-15 18:14:03,826 : INFO : EventManager : Event: ======'slide_attract_slide_7_active'====== Args={'_from_bcp': True}
2023-01-15 18:14:05,800 : INFO : EventManager : Event: ======'slide_attract_slide_8_removed'====== Args={'_from_bcp': True}
2023-01-15 18:14:05,808 : INFO : EventManager : Event: ======'slide_attract_slide_8_created'====== Args={'_from_bcp': True}
2023-01-15 18:14:05,816 : INFO : EventManager : Event: ======'slide_attract_slide_8_active'====== Args={'_from_bcp': True}
2023-01-15 18:14:07,818 : INFO : EventManager : Event: ======'slide_attract_slide_9_removed'====== Args={'_from_bcp': True}
2023-01-15 18:14:07,822 : INFO : EventManager : Event: ======'slide_attract_slide_9_created'====== Args={'_from_bcp': True}
2023-01-15 18:14:07,828 : INFO : EventManager : Event: ======'slide_attract_slide_9_active'====== Args={'_from_bcp': True}
2023-01-15 18:14:09,816 : INFO : EventManager : Event: ======'slide_attract_slide_10_removed'====== Args={'_from_bcp': True}
2023-01-15 18:14:09,823 : INFO : EventManager : Event: ======'slide_attract_slide_10_created'====== Args={'_from_bcp': True}
2023-01-15 18:14:09,842 : INFO : EventManager : Event: ======'slide_attract_slide_10_active'====== Args={'_from_bcp': True}
2023-01-15 18:14:10,815 : INFO : EventManager : Event: ======'slide_attract_game_over_slide_removed'====== Args={'_from_bcp': True}
2023-01-15 18:14:10,820 : INFO : EventManager : Event: ======'slide_attract_game_over_slide_created'====== Args={'_from_bcp': True}
2023-01-15 18:14:10,824 : INFO : EventManager : Event: ======'slide_attract_game_over_slide_active'====== Args={'_from_bcp': True}
2023-01-15 18:14:12,817 : INFO : EventManager : Event: ======'slide_end_mode_8_compIG_removed'====== Args={'_from_bcp': True}
2023-01-15 18:14:12,826 : INFO : EventManager : Event: ======'slide_end_mode_8_compIG_created'====== Args={'_from_bcp': True}
2023-01-15 18:14:12,845 : INFO : EventManager : Event: ======'slide_end_mode_8_compIG_active'====== Args={'_from_bcp': True}
2023-01-15 18:14:14,836 : INFO : EventManager : Event: ======'slide_end_mode_8_comp_removed'====== Args={'_from_bcp': True}
2023-01-15 18:14:14,840 : INFO : EventManager : Event: ======'slide_end_mode_8_comp_created'====== Args={'_from_bcp': True}
2023-01-15 18:14:14,845 : INFO : EventManager : Event: ======'slide_end_mode_8_comp_active'====== Args={'_from_bcp': True}
2023-01-15 18:14:16,818 : INFO : EventManager : Event: ======'slide_end_mode_8_co_removed'====== Args={'_from_bcp': True}
2023-01-15 18:14:16,828 : INFO : EventManager : Event: ======'slide_end_mode_8_co_created'====== Args={'_from_bcp': True}
2023-01-15 18:14:16,838 : INFO : EventManager : Event: ======'slide_end_mode_8_co_active'====== Args={'_from_bcp': True}
2023-01-15 18:14:18,824 : INFO : EventManager : Event: ======'slide_end_mode_8_com_removed'====== Args={'_from_bcp': True}
2023-01-15 18:14:18,825 : INFO : EventManager : Event: ======'slide_end_mode_8_com_created'====== Args={'_from_bcp': True}
2023-01-15 18:14:18,831 : INFO : EventManager : Event: ======'slide_end_mode_8_com_active'====== Args={'_from_bcp': True}
2023-01-15 18:14:20,809 : INFO : EventManager : Event: ======'slide_end_mode_8_completed_removed'====== Args={'_from_bcp': True}
2023-01-15 18:14:20,810 : INFO : EventManager : Event: ======'slide_end_mode_8_completed_created'====== Args={'_from_bcp': True}
2023-01-15 18:14:20,818 : INFO : EventManager : Event: ======'slide_end_mode_8_completed_active'====== Args={'_from_bcp': True}
2023-01-15 18:14:22,802 : INFO : EventManager : Event: ======'slide_scores_slide_removed'====== Args={'_from_bcp': True}
2023-01-15 18:14:22,806 : INFO : EventManager : Event: ======'slide_scores_slide_created'====== Args={'_from_bcp': True}
2023-01-15 18:14:22,809 : INFO : EventManager : Event: ======'slide_scores_slide_active'====== Args={'_from_bcp': True}
2023-01-15 18:14:24,804 : INFO : EventManager : Event: ======'slide_medals_back_removed'====== Args={'_from_bcp': True}
2023-01-15 18:14:24,809 : INFO : EventManager : Event: ======'slide_medals_back_created'====== Args={'_from_bcp': True}
2023-01-15 18:14:24,810 : INFO : EventManager : Event: ======'slide_medals_back_active'====== Args={'_from_bcp': True}
2023-01-15 18:14:26,819 : INFO : EventManager : Event: ======'slide_medals_removed'====== Args={'_from_bcp': True}
2023-01-15 18:14:26,821 : INFO : EventManager : Event: ======'slide_medals_created'====== Args={'_from_bcp': True}
2023-01-15 18:14:26,829 : INFO : EventManager : Event: ======'slide_medals_active'====== Args={'_from_bcp': True}
2023-01-15 18:14:28,852 : INFO : EventManager : Event: ======'slide_aircraft_slide_removed'====== Args={'_from_bcp': True}
2023-01-15 18:14:28,852 : INFO : EventManager : Event: ======'slide_aircraft_slide_created'====== Args={'_from_bcp': True}
2023-01-15 18:14:28,852 : INFO : EventManager : Event: ======'slide_aircraft_slide_active'====== Args={'_from_bcp': True}
2023-01-15 18:14:30,818 : INFO : EventManager : Event: ======'slide_t_1_1_slide_removed'====== Args={'_from_bcp': True}
2023-01-15 18:14:30,825 : INFO : EventManager : Event: ======'slide_t_1_1_slide_created'====== Args={'_from_bcp': True}
2023-01-15 18:14:30,832 : INFO : EventManager : Event: ======'slide_t_1_1_slide_active'====== Args={'_from_bcp': True}
2023-01-15 18:14:32,819 : INFO : EventManager : Event: ======'slide_t_1_2_slide_removed'====== Args={'_from_bcp': True}
2023-01-15 18:14:32,824 : INFO : EventManager : Event: ======'slide_t_1_2_slide_created'====== Args={'_from_bcp': True}
2023-01-15 18:14:32,834 : INFO : EventManager : Event: ======'slide_t_1_2_slide_active'====== Args={'_from_bcp': True}
2023-01-15 18:14:34,837 : INFO : EventManager : Event: ======'slide_t_1_3_slide_removed'====== Args={'_from_bcp': True}
2023-01-15 18:14:34,841 : INFO : EventManager : Event: ======'slide_t_1_3_slide_created'====== Args={'_from_bcp': True}
2023-01-15 18:14:34,862 : INFO : EventManager : Event: ======'slide_t_1_3_slide_active'====== Args={'_from_bcp': True}
2023-01-15 18:14:36,846 : INFO : EventManager : Event: ======'slide_t_1_4_slide_removed'====== Args={'_from_bcp': True}
2023-01-15 18:14:36,847 : INFO : EventManager : Event: ======'slide_t_1_4_slide_created'====== Args={'_from_bcp': True}
2023-01-15 18:14:36,849 : INFO : EventManager : Event: ======'slide_t_1_4_slide_active'====== Args={'_from_bcp': True}
2023-01-15 18:14:38,837 : INFO : EventManager : Event: ======'slide_t_2_1_slide_removed'====== Args={'_from_bcp': True}
2023-01-15 18:14:38,854 : INFO : EventManager : Event: ======'slide_t_2_1_slide_created'====== Args={'_from_bcp': True}
2023-01-15 18:14:38,854 : INFO : EventManager : Event: ======'slide_t_2_1_slide_active'====== Args={'_from_bcp': True}
2023-01-15 18:14:40,835 : INFO : EventManager : Event: ======'slide_t_2_2_slide_removed'====== Args={'_from_bcp': True}
2023-01-15 18:14:40,843 : INFO : EventManager : Event: ======'slide_t_2_2_slide_created'====== Args={'_from_bcp': True}
2023-01-15 18:14:40,861 : INFO : EventManager : Event: ======'slide_t_2_2_slide_active'====== Args={'_from_bcp': True}
2023-01-15 18:14:42,836 : INFO : EventManager : Event: ======'slide_t_2_3_slide_removed'====== Args={'_from_bcp': True}
2023-01-15 18:14:42,844 : INFO : EventManager : Event: ======'slide_t_2_3_slide_created'====== Args={'_from_bcp': True}
2023-01-15 18:14:42,860 : INFO : EventManager : Event: ======'slide_t_2_3_slide_active'====== Args={'_from_bcp': True}
2023-01-15 18:14:44,828 : INFO : EventManager : Event: ======'slide_t_2_4_slide_removed'====== Args={'_from_bcp': True}
2023-01-15 18:14:44,828 : INFO : EventManager : Event: ======'slide_t_2_4_slide_created'====== Args={'_from_bcp': True}
2023-01-15 18:14:44,832 : INFO : EventManager : Event: ======'slide_t_2_4_slide_active'====== Args={'_from_bcp': True}
2023-01-15 18:14:46,802 : INFO : EventManager : Event: ======'slide_t_3_1_slide_removed'====== Args={'_from_bcp': True}
2023-01-15 18:14:46,808 : INFO : EventManager : Event: ======'slide_t_3_1_slide_created'====== Args={'_from_bcp': True}
2023-01-15 18:14:46,816 : INFO : EventManager : Event: ======'slide_t_3_1_slide_active'====== Args={'_from_bcp': True}
2023-01-15 18:14:48,821 : INFO : EventManager : Event: ======'slide_t_3_2_slide_removed'====== Args={'_from_bcp': True}
2023-01-15 18:14:48,825 : INFO : EventManager : Event: ======'slide_t_3_2_slide_created'====== Args={'_from_bcp': True}
2023-01-15 18:14:48,844 : INFO : EventManager : Event: ======'slide_t_3_2_slide_active'====== Args={'_from_bcp': True}
2023-01-15 18:14:50,821 : INFO : EventManager : Event: ======'slide_t_3_3_slide_removed'====== Args={'_from_bcp': True}
2023-01-15 18:14:50,838 : INFO : EventManager : Event: ======'slide_t_3_3_slide_created'====== Args={'_from_bcp': True}
2023-01-15 18:14:50,838 : INFO : EventManager : Event: ======'slide_t_3_3_slide_active'====== Args={'_from_bcp': True}
2023-01-15 18:14:52,808 : INFO : EventManager : Event: ======'slide_t_3_4_slide_removed'====== Args={'_from_bcp': True}
2023-01-15 18:14:52,810 : INFO : EventManager : Event: ======'slide_t_3_4_slide_created'====== Args={'_from_bcp': True}
2023-01-15 18:14:52,818 : INFO : EventManager : Event: ======'slide_t_3_4_slide_active'====== Args={'_from_bcp': True}
2023-01-15 18:14:54,820 : INFO : EventManager : Event: ======'slide_t_4_1_slide_removed'====== Args={'_from_bcp': True}
2023-01-15 18:14:54,825 : INFO : EventManager : Event: ======'slide_t_4_1_slide_created'====== Args={'_from_bcp': True}
2023-01-15 18:14:54,830 : INFO : EventManager : Event: ======'slide_t_4_1_slide_active'====== Args={'_from_bcp': True}
2023-01-15 18:14:56,804 : INFO : EventManager : Event: ======'slide_t_4_2_slide_removed'====== Args={'_from_bcp': True}
2023-01-15 18:14:56,878 : INFO : EventManager : Event: ======'slide_t_4_2_slide_created'====== Args={'_from_bcp': True}
2023-01-15 18:14:56,887 : INFO : EventManager : Event: ======'slide_t_4_2_slide_active'====== Args={'_from_bcp': True}
2023-01-15 18:14:58,810 : INFO : EventManager : Event: ======'slide_t_4_3_slide_removed'====== Args={'_from_bcp': True}
2023-01-15 18:14:58,810 : INFO : EventManager : Event: ======'slide_t_4_3_slide_created'====== Args={'_from_bcp': True}
2023-01-15 18:14:58,815 : INFO : EventManager : Event: ======'slide_t_4_3_slide_active'====== Args={'_from_bcp': True}
2023-01-15 18:15:00,830 : INFO : EventManager : Event: ======'slide_t_4_4_slide_removed'====== Args={'_from_bcp': True}
2023-01-15 18:15:00,830 : INFO : EventManager : Event: ======'slide_t_4_4_slide_created'====== Args={'_from_bcp': True}
2023-01-15 18:15:00,831 : INFO : EventManager : Event: ======'slide_t_4_4_slide_active'====== Args={'_from_bcp': True}
2023-01-15 18:15:02,819 : INFO : EventManager : Event: ======'slide_commander_2_removed'====== Args={'_from_bcp': True}
2023-01-15 18:15:02,823 : INFO : EventManager : Event: ======'slide_commander_2_created'====== Args={'_from_bcp': True}
2023-01-15 18:15:02,824 : INFO : EventManager : Event: ======'slide_commander_2_active'====== Args={'_from_bcp': True}
2023-01-15 18:15:04,835 : INFO : EventManager : Event: ======'slide_red_removed'====== Args={'_from_bcp': True}
2023-01-15 18:15:04,860 : INFO : EventManager : Event: ======'slide_red_created'====== Args={'_from_bcp': True}
2023-01-15 18:15:04,881 : INFO : EventManager : Event: ======'slide_red_active'====== Args={'_from_bcp': True}
2023-01-15 18:15:06,851 : INFO : EventManager : Event: ======'slide_blue_removed'====== Args={'_from_bcp': True}
2023-01-15 18:15:06,885 : INFO : EventManager : Event: ======'slide_blue_created'====== Args={'_from_bcp': True}
2023-01-15 18:15:06,919 : INFO : EventManager : Event: ======'slide_blue_active'====== Args={'_from_bcp': True}
2023-01-15 18:15:08,834 : INFO : EventManager : Event: ======'slide_green_removed'====== Args={'_from_bcp': True}
2023-01-15 18:15:08,879 : INFO : EventManager : Event: ======'slide_green_created'====== Args={'_from_bcp': True}
2023-01-15 18:15:08,903 : INFO : EventManager : Event: ======'slide_green_active'====== Args={'_from_bcp': True}
2023-01-15 18:15:10,831 : INFO : EventManager : Event: ======'slide_yellow_removed'====== Args={'_from_bcp': True}
2023-01-15 18:15:10,860 : INFO : EventManager : Event: ======'slide_yellow_created'====== Args={'_from_bcp': True}
2023-01-15 18:15:10,884 : INFO : EventManager : Event: ======'slide_yellow_active'====== Args={'_from_bcp': True}
2023-01-15 18:15:12,820 : INFO : EventManager : Event: ======'slide_capture_1_removed'====== Args={'_from_bcp': True}
2023-01-15 18:15:12,824 : INFO : EventManager : Event: ======'slide_capture_1_created'====== Args={'_from_bcp': True}
2023-01-15 18:15:12,825 : INFO : EventManager : Event: ======'slide_capture_1_active'====== Args={'_from_bcp': True}
2023-01-15 18:15:14,850 : INFO : EventManager : Event: ======'slide_capture_2_removed'====== Args={'_from_bcp': True}
2023-01-15 18:15:14,850 : INFO : EventManager : Event: ======'slide_capture_2_created'====== Args={'_from_bcp': True}
2023-01-15 18:15:14,850 : INFO : EventManager : Event: ======'slide_capture_2_active'====== Args={'_from_bcp': True}
2023-01-15 18:15:16,835 : INFO : EventManager : Event: ======'slide_capture_3_removed'====== Args={'_from_bcp': True}
2023-01-15 18:15:16,837 : INFO : EventManager : Event: ======'slide_capture_3_created'====== Args={'_from_bcp': True}
2023-01-15 18:15:16,839 : INFO : EventManager : Event: ======'slide_capture_3_active'====== Args={'_from_bcp': True}
2023-01-15 18:15:18,845 : INFO : EventManager : Event: ======'slide_cons_test_removed'====== Args={'_from_bcp': True}
2023-01-15 18:15:18,847 : INFO : EventManager : Event: ======'slide_cons_test_created'====== Args={'_from_bcp': True}
2023-01-15 18:15:18,852 : INFO : EventManager : Event: ======'slide_cons_test_active'====== Args={'_from_bcp': True}
2023-01-15 18:15:20,820 : INFO : EventManager : Event: ======'slide_consumable_slide_removed'====== Args={'_from_bcp': True}
2023-01-15 18:15:20,823 : INFO : EventManager : Event: ======'slide_consumable_slide_created'====== Args={'_from_bcp': True}
2023-01-15 18:15:20,828 : INFO : EventManager : Event: ======'slide_consumable_slide_active'====== Args={'_from_bcp': True}
2023-01-15 18:15:22,837 : INFO : EventManager : Event: ======'slide_consumable_slide1_removed'====== Args={'_from_bcp': True}
2023-01-15 18:15:22,840 : INFO : EventManager : Event: ======'slide_consumable_slide1_created'====== Args={'_from_bcp': True}
2023-01-15 18:15:22,842 : INFO : EventManager : Event: ======'slide_consumable_slide1_active'====== Args={'_from_bcp': True}
2023-01-15 18:15:24,805 : INFO : EventManager : Event: ======'slide_consumable_slide2_removed'====== Args={'_from_bcp': True}
2023-01-15 18:15:24,806 : INFO : EventManager : Event: ======'slide_consumable_slide2_created'====== Args={'_from_bcp': True}
2023-01-15 18:15:24,810 : INFO : EventManager : Event: ======'slide_consumable_slide2_active'====== Args={'_from_bcp': True}
2023-01-15 18:15:26,863 : INFO : EventManager : Event: ======'slide_hc_test_slide_removed'====== Args={'_from_bcp': True}
2023-01-15 18:15:26,886 : INFO : EventManager : Event: ======'slide_hc_test_slide_created'====== Args={'_from_bcp': True}
2023-01-15 18:15:26,895 : INFO : EventManager : Event: ======'slide_hc_test_slide_active'====== Args={'_from_bcp': True}
2023-01-15 18:15:28,824 : INFO : EventManager : Event: ======'slide_test_slide_1_removed'====== Args={'_from_bcp': True}
2023-01-15 18:15:28,833 : INFO : EventManager : Event: ======'slide_test_slide_1_created'====== Args={'_from_bcp': True}
2023-01-15 18:15:28,840 : INFO : EventManager : Event: ======'slide_test_slide_1_active'====== Args={'_from_bcp': True}
2023-01-15 18:15:30,841 : INFO : EventManager : Event: ======'slide_test_slide_2_removed'====== Args={'_from_bcp': True}
2023-01-15 18:15:30,860 : INFO : EventManager : Event: ======'slide_test_slide_2_created'====== Args={'_from_bcp': True}
2023-01-15 18:15:30,860 : INFO : EventManager : Event: ======'slide_test_slide_2_active'====== Args={'_from_bcp': True}
2023-01-15 18:15:32,840 : INFO : EventManager : Event: ======'slide_test_slide_3_removed'====== Args={'_from_bcp': True}
2023-01-15 18:15:32,859 : INFO : EventManager : Event: ======'slide_test_slide_3_created'====== Args={'_from_bcp': True}
2023-01-15 18:15:32,860 : INFO : EventManager : Event: ======'slide_test_slide_3_active'====== Args={'_from_bcp': True}
2023-01-15 18:15:34,808 : INFO : EventManager : Event: ======'slide_test_slide_3_removed'====== Args={'_from_bcp': True}
2023-01-15 18:15:34,815 : INFO : EventManager : Event: ======'slide_test_slide_3_created'====== Args={'_from_bcp': True}
2023-01-15 18:15:34,820 : INFO : EventManager : Event: ======'slide_test_slide_3_active'====== Args={'_from_bcp': True}
2023-01-15 18:15:39,804 : INFO : EventManager : Event: ======'slide_attract_slide_1_removed'====== Args={'_from_bcp': True}
2023-01-15 18:15:39,806 : INFO : EventManager : Event: ======'slide_attract_slide_1_created'====== Args={'_from_bcp': True}
2023-01-15 18:15:39,810 : INFO : EventManager : Event: ======'slide_attract_slide_1_active'====== Args={'_from_bcp': True}
2023-01-15 18:15:41,819 : INFO : EventManager : Event: ======'slide_attract_slide_3_removed'====== Args={'_from_bcp': True}
2023-01-15 18:15:41,825 : INFO : EventManager : Event: ======'slide_attract_slide_3_created'====== Args={'_from_bcp': True}
2023-01-15 18:15:41,830 : INFO : EventManager : Event: ======'slide_attract_slide_3_active'====== Args={'_from_bcp': True}
2023-01-15 18:15:43,807 : INFO : EventManager : Event: ======'slide_attract_slide_1_removed'====== Args={'_from_bcp': True}
2023-01-15 18:15:43,807 : INFO : EventManager : Event: ======'slide_attract_slide_1_created'====== Args={'_from_bcp': True}
2023-01-15 18:15:43,808 : INFO : EventManager : Event: ======'slide_attract_slide_1_active'====== Args={'_from_bcp': True}
2023-01-15 18:15:45,822 : INFO : EventManager : Event: ======'slide_attract_slide_3_removed'====== Args={'_from_bcp': True}
2023-01-15 18:15:45,823 : INFO : EventManager : Event: ======'slide_attract_slide_3_created'====== Args={'_from_bcp': True}
2023-01-15 18:15:45,827 : INFO : EventManager : Event: ======'slide_attract_slide_3_active'====== Args={'_from_bcp': True}
2023-01-15 18:15:47,811 : INFO : EventManager : Event: ======'slide_attract_slide_4_removed'====== Args={'_from_bcp': True}
2023-01-15 18:15:47,811 : INFO : EventManager : Event: ======'slide_attract_slide_4_created'====== Args={'_from_bcp': True}
2023-01-15 18:15:47,812 : INFO : EventManager : Event: ======'slide_attract_slide_4_active'====== Args={'_from_bcp': True}
2023-01-15 18:15:49,851 : INFO : EventManager : Event: ======'slide_attract_slide_5_removed'====== Args={'_from_bcp': True}
2023-01-15 18:15:49,852 : INFO : EventManager : Event: ======'slide_attract_slide_5_created'====== Args={'_from_bcp': True}
2023-01-15 18:15:49,852 : INFO : EventManager : Event: ======'slide_attract_slide_5_active'====== Args={'_from_bcp': True}
2023-01-15 18:15:51,839 : INFO : EventManager : Event: ======'slide_attract_slide_6_removed'====== Args={'_from_bcp': True}
2023-01-15 18:15:51,861 : INFO : EventManager : Event: ======'slide_attract_slide_6_created'====== Args={'_from_bcp': True}
2023-01-15 18:15:51,862 : INFO : EventManager : Event: ======'slide_attract_slide_6_active'====== Args={'_from_bcp': True}
2023-01-15 18:15:53,807 : INFO : EventManager : Event: ======'slide_attract_slide_7_removed'====== Args={'_from_bcp': True}
2023-01-15 18:15:53,812 : INFO : EventManager : Event: ======'slide_attract_slide_7_created'====== Args={'_from_bcp': True}
2023-01-15 18:15:53,831 : INFO : EventManager : Event: ======'slide_attract_slide_7_active'====== Args={'_from_bcp': True}
2023-01-15 18:15:55,807 : INFO : EventManager : Event: ======'slide_attract_slide_8_removed'====== Args={'_from_bcp': True}
2023-01-15 18:15:55,812 : INFO : EventManager : Event: ======'slide_attract_slide_8_created'====== Args={'_from_bcp': True}
2023-01-15 18:15:55,830 : INFO : EventManager : Event: ======'slide_attract_slide_8_active'====== Args={'_from_bcp': True}
2023-01-15 18:15:57,807 : INFO : EventManager : Event: ======'slide_attract_slide_9_removed'====== Args={'_from_bcp': True}
2023-01-15 18:15:57,813 : INFO : EventManager : Event: ======'slide_attract_slide_9_created'====== Args={'_from_bcp': True}
2023-01-15 18:15:57,829 : INFO : EventManager : Event: ======'slide_attract_slide_9_active'====== Args={'_from_bcp': True}
2023-01-15 18:15:59,809 : INFO : EventManager : Event: ======'slide_attract_slide_10_removed'====== Args={'_from_bcp': True}
2023-01-15 18:15:59,828 : INFO : EventManager : Event: ======'slide_attract_slide_10_created'====== Args={'_from_bcp': True}
2023-01-15 18:15:59,828 : INFO : EventManager : Event: ======'slide_attract_slide_10_active'====== Args={'_from_bcp': True}
2023-01-15 18:16:00,807 : INFO : EventManager : Event: ======'slide_attract_game_over_slide_removed'====== Args={'_from_bcp': True}
2023-01-15 18:16:00,808 : INFO : EventManager : Event: ======'slide_attract_game_over_slide_created'====== Args={'_from_bcp': True}
2023-01-15 18:16:00,811 : INFO : EventManager : Event: ======'slide_attract_game_over_slide_active'====== Args={'_from_bcp': True}
2023-01-15 18:16:02,808 : INFO : EventManager : Event: ======'slide_end_mode_8_compIG_removed'====== Args={'_from_bcp': True}
2023-01-15 18:16:02,811 : INFO : EventManager : Event: ======'slide_end_mode_8_compIG_created'====== Args={'_from_bcp': True}
2023-01-15 18:16:02,828 : INFO : EventManager : Event: ======'slide_end_mode_8_compIG_active'====== Args={'_from_bcp': True}
2023-01-15 18:16:04,818 : INFO : EventManager : Event: ======'slide_end_mode_8_comp_removed'====== Args={'_from_bcp': True}
2023-01-15 18:16:04,818 : INFO : EventManager : Event: ======'slide_end_mode_8_comp_created'====== Args={'_from_bcp': True}
2023-01-15 18:16:04,819 : INFO : EventManager : Event: ======'slide_end_mode_8_comp_active'====== Args={'_from_bcp': True}
2023-01-15 18:16:06,821 : INFO : EventManager : Event: ======'slide_end_mode_8_co_removed'====== Args={'_from_bcp': True}
2023-01-15 18:16:06,821 : INFO : EventManager : Event: ======'slide_end_mode_8_co_created'====== Args={'_from_bcp': True}
2023-01-15 18:16:06,824 : INFO : EventManager : Event: ======'slide_end_mode_8_co_active'====== Args={'_from_bcp': True}
2023-01-15 18:16:08,818 : INFO : EventManager : Event: ======'slide_end_mode_8_com_removed'====== Args={'_from_bcp': True}
2023-01-15 18:16:08,819 : INFO : EventManager : Event: ======'slide_end_mode_8_com_created'====== Args={'_from_bcp': True}
2023-01-15 18:16:08,820 : INFO : EventManager : Event: ======'slide_end_mode_8_com_active'====== Args={'_from_bcp': True}
2023-01-15 18:16:10,816 : INFO : EventManager : Event: ======'slide_end_mode_8_completed_removed'====== Args={'_from_bcp': True}
2023-01-15 18:16:10,817 : INFO : EventManager : Event: ======'slide_end_mode_8_completed_created'====== Args={'_from_bcp': True}
2023-01-15 18:16:10,817 : INFO : EventManager : Event: ======'slide_end_mode_8_completed_active'====== Args={'_from_bcp': True}
2023-01-15 18:16:12,810 : INFO : EventManager : Event: ======'slide_scores_slide_removed'====== Args={'_from_bcp': True}
2023-01-15 18:16:12,814 : INFO : EventManager : Event: ======'slide_scores_slide_created'====== Args={'_from_bcp': True}
2023-01-15 18:16:12,833 : INFO : EventManager : Event: ======'slide_scores_slide_active'====== Args={'_from_bcp': True}
2023-01-15 18:16:14,810 : INFO : EventManager : Event: ======'slide_medals_back_removed'====== Args={'_from_bcp': True}
2023-01-15 18:16:14,816 : INFO : EventManager : Event: ======'slide_medals_back_created'====== Args={'_from_bcp': True}
2023-01-15 18:16:14,816 : INFO : EventManager : Event: ======'slide_medals_back_active'====== Args={'_from_bcp': True}
2023-01-15 18:16:16,820 : INFO : EventManager : Event: ======'slide_medals_removed'====== Args={'_from_bcp': True}
2023-01-15 18:16:16,820 : INFO : EventManager : Event: ======'slide_medals_created'====== Args={'_from_bcp': True}
2023-01-15 18:16:16,821 : INFO : EventManager : Event: ======'slide_medals_active'====== Args={'_from_bcp': True}
2023-01-15 18:16:18,817 : INFO : EventManager : Event: ======'slide_aircraft_slide_removed'====== Args={'_from_bcp': True}
2023-01-15 18:16:18,818 : INFO : EventManager : Event: ======'slide_aircraft_slide_created'====== Args={'_from_bcp': True}
2023-01-15 18:16:18,818 : INFO : EventManager : Event: ======'slide_aircraft_slide_active'====== Args={'_from_bcp': True}
2023-01-15 18:16:20,808 : INFO : EventManager : Event: ======'slide_t_1_1_slide_removed'====== Args={'_from_bcp': True}
2023-01-15 18:16:20,814 : INFO : EventManager : Event: ======'slide_t_1_1_slide_created'====== Args={'_from_bcp': True}
2023-01-15 18:16:20,819 : INFO : EventManager : Event: ======'slide_t_1_1_slide_active'====== Args={'_from_bcp': True}
2023-01-15 18:16:22,808 : INFO : EventManager : Event: ======'slide_t_1_2_slide_removed'====== Args={'_from_bcp': True}
2023-01-15 18:16:22,814 : INFO : EventManager : Event: ======'slide_t_1_2_slide_created'====== Args={'_from_bcp': True}
2023-01-15 18:16:22,819 : INFO : EventManager : Event: ======'slide_t_1_2_slide_active'====== Args={'_from_bcp': True}
2023-01-15 18:16:24,810 : INFO : EventManager : Event: ======'slide_t_1_3_slide_removed'====== Args={'_from_bcp': True}
2023-01-15 18:16:24,829 : INFO : EventManager : Event: ======'slide_t_1_3_slide_created'====== Args={'_from_bcp': True}
2023-01-15 18:16:24,832 : INFO : EventManager : Event: ======'slide_t_1_3_slide_active'====== Args={'_from_bcp': True}
2023-01-15 18:16:26,835 : INFO : EventManager : Event: ======'slide_t_1_4_slide_removed'====== Args={'_from_bcp': True}
2023-01-15 18:16:26,836 : INFO : EventManager : Event: ======'slide_t_1_4_slide_created'====== Args={'_from_bcp': True}
2023-01-15 18:16:26,836 : INFO : EventManager : Event: ======'slide_t_1_4_slide_active'====== Args={'_from_bcp': True}
2023-01-15 18:16:28,810 : INFO : EventManager : Event: ======'slide_t_2_1_slide_removed'====== Args={'_from_bcp': True}
2023-01-15 18:16:28,815 : INFO : EventManager : Event: ======'slide_t_2_1_slide_created'====== Args={'_from_bcp': True}
2023-01-15 18:16:28,820 : INFO : EventManager : Event: ======'slide_t_2_1_slide_active'====== Args={'_from_bcp': True}
2023-01-15 18:16:30,863 : INFO : EventManager : Event: ======'slide_t_2_2_slide_removed'====== Args={'_from_bcp': True}
2023-01-15 18:16:30,883 : INFO : EventManager : Event: ======'slide_t_2_2_slide_created'====== Args={'_from_bcp': True}
2023-01-15 18:16:30,889 : INFO : EventManager : Event: ======'slide_t_2_2_slide_active'====== Args={'_from_bcp': True}
2023-01-15 18:16:32,811 : INFO : EventManager : Event: ======'slide_t_2_3_slide_removed'====== Args={'_from_bcp': True}
2023-01-15 18:16:32,815 : INFO : EventManager : Event: ======'slide_t_2_3_slide_created'====== Args={'_from_bcp': True}
2023-01-15 18:16:32,831 : INFO : EventManager : Event: ======'slide_t_2_3_slide_active'====== Args={'_from_bcp': True}
2023-01-15 18:16:34,810 : INFO : EventManager : Event: ======'slide_t_2_4_slide_removed'====== Args={'_from_bcp': True}
2023-01-15 18:16:34,815 : INFO : EventManager : Event: ======'slide_t_2_4_slide_created'====== Args={'_from_bcp': True}
2023-01-15 18:16:34,833 : INFO : EventManager : Event: ======'slide_t_2_4_slide_active'====== Args={'_from_bcp': True}
2023-01-15 18:16:36,831 : INFO : EventManager : Event: ======'slide_t_3_1_slide_removed'====== Args={'_from_bcp': True}
2023-01-15 18:16:36,833 : INFO : EventManager : Event: ======'slide_t_3_1_slide_created'====== Args={'_from_bcp': True}
2023-01-15 18:16:36,838 : INFO : EventManager : Event: ======'slide_t_3_1_slide_active'====== Args={'_from_bcp': True}
2023-01-15 18:16:38,826 : INFO : EventManager : Event: ======'slide_t_3_2_slide_removed'====== Args={'_from_bcp': True}
2023-01-15 18:16:38,832 : INFO : EventManager : Event: ======'slide_t_3_2_slide_created'====== Args={'_from_bcp': True}
2023-01-15 18:16:38,838 : INFO : EventManager : Event: ======'slide_t_3_2_slide_active'====== Args={'_from_bcp': True}
2023-01-15 18:16:40,829 : INFO : EventManager : Event: ======'slide_t_3_3_slide_removed'====== Args={'_from_bcp': True}
2023-01-15 18:16:40,834 : INFO : EventManager : Event: ======'slide_t_3_3_slide_created'====== Args={'_from_bcp': True}
2023-01-15 18:16:40,839 : INFO : EventManager : Event: ======'slide_t_3_3_slide_active'====== Args={'_from_bcp': True}
2023-01-15 18:16:42,827 : INFO : EventManager : Event: ======'slide_t_3_4_slide_removed'====== Args={'_from_bcp': True}
2023-01-15 18:16:42,832 : INFO : EventManager : Event: ======'slide_t_3_4_slide_created'====== Args={'_from_bcp': True}
2023-01-15 18:16:42,838 : INFO : EventManager : Event: ======'slide_t_3_4_slide_active'====== Args={'_from_bcp': True}
2023-01-15 18:16:44,815 : INFO : EventManager : Event: ======'slide_t_4_1_slide_removed'====== Args={'_from_bcp': True}
2023-01-15 18:16:44,817 : INFO : EventManager : Event: ======'slide_t_4_1_slide_created'====== Args={'_from_bcp': True}
2023-01-15 18:16:44,824 : INFO : EventManager : Event: ======'slide_t_4_1_slide_active'====== Args={'_from_bcp': True}
2023-01-15 18:16:46,810 : INFO : EventManager : Event: ======'slide_t_4_2_slide_removed'====== Args={'_from_bcp': True}
2023-01-15 18:16:46,816 : INFO : EventManager : Event: ======'slide_t_4_2_slide_created'====== Args={'_from_bcp': True}
2023-01-15 18:16:46,821 : INFO : EventManager : Event: ======'slide_t_4_2_slide_active'====== Args={'_from_bcp': True}
2023-01-15 18:16:48,829 : INFO : EventManager : Event: ======'slide_t_4_3_slide_removed'====== Args={'_from_bcp': True}
2023-01-15 18:16:48,834 : INFO : EventManager : Event: ======'slide_t_4_3_slide_created'====== Args={'_from_bcp': True}
2023-01-15 18:16:48,839 : INFO : EventManager : Event: ======'slide_t_4_3_slide_active'====== Args={'_from_bcp': True}
2023-01-15 18:16:50,811 : INFO : EventManager : Event: ======'slide_t_4_4_slide_removed'====== Args={'_from_bcp': True}
2023-01-15 18:16:50,816 : INFO : EventManager : Event: ======'slide_t_4_4_slide_created'====== Args={'_from_bcp': True}
2023-01-15 18:16:50,822 : INFO : EventManager : Event: ======'slide_t_4_4_slide_active'====== Args={'_from_bcp': True}
2023-01-15 18:16:52,813 : INFO : EventManager : Event: ======'slide_commander_2_removed'====== Args={'_from_bcp': True}
2023-01-15 18:16:52,814 : INFO : EventManager : Event: ======'slide_commander_2_created'====== Args={'_from_bcp': True}
2023-01-15 18:16:52,814 : INFO : EventManager : Event: ======'slide_commander_2_active'====== Args={'_from_bcp': True}
2023-01-15 18:16:54,823 : INFO : EventManager : Event: ======'slide_red_removed'====== Args={'_from_bcp': True}
2023-01-15 18:16:54,849 : INFO : EventManager : Event: ======'slide_red_created'====== Args={'_from_bcp': True}
2023-01-15 18:16:54,869 : INFO : EventManager : Event: ======'slide_red_active'====== Args={'_from_bcp': True}
2023-01-15 18:16:56,825 : INFO : EventManager : Event: ======'slide_blue_removed'====== Args={'_from_bcp': True}
2023-01-15 18:16:56,849 : INFO : EventManager : Event: ======'slide_blue_created'====== Args={'_from_bcp': True}
2023-01-15 18:16:56,872 : INFO : EventManager : Event: ======'slide_blue_active'====== Args={'_from_bcp': True}
2023-01-15 18:16:58,823 : INFO : EventManager : Event: ======'slide_green_removed'====== Args={'_from_bcp': True}
2023-01-15 18:16:58,928 : INFO : EventManager : Event: ======'slide_green_created'====== Args={'_from_bcp': True}
2023-01-15 18:16:58,949 : INFO : EventManager : Event: ======'slide_green_active'====== Args={'_from_bcp': True}
2023-01-15 18:17:00,825 : INFO : EventManager : Event: ======'slide_yellow_removed'====== Args={'_from_bcp': True}
2023-01-15 18:17:00,849 : INFO : EventManager : Event: ======'slide_yellow_created'====== Args={'_from_bcp': True}
2023-01-15 18:17:00,870 : INFO : EventManager : Event: ======'slide_yellow_active'====== Args={'_from_bcp': True}
2023-01-15 18:17:02,810 : INFO : EventManager : Event: ======'slide_capture_1_removed'====== Args={'_from_bcp': True}
2023-01-15 18:17:02,815 : INFO : EventManager : Event: ======'slide_capture_1_created'====== Args={'_from_bcp': True}
2023-01-15 18:17:02,815 : INFO : EventManager : Event: ======'slide_capture_1_active'====== Args={'_from_bcp': True}
2023-01-15 18:17:04,826 : INFO : EventManager : Event: ======'slide_capture_2_removed'====== Args={'_from_bcp': True}
2023-01-15 18:17:04,845 : INFO : EventManager : Event: ======'slide_capture_2_created'====== Args={'_from_bcp': True}
2023-01-15 18:17:04,845 : INFO : EventManager : Event: ======'slide_capture_2_active'====== Args={'_from_bcp': True}
2023-01-15 18:17:06,812 : INFO : EventManager : Event: ======'slide_capture_3_removed'====== Args={'_from_bcp': True}
2023-01-15 18:17:06,813 : INFO : EventManager : Event: ======'slide_capture_3_created'====== Args={'_from_bcp': True}
2023-01-15 18:17:06,816 : INFO : EventManager : Event: ======'slide_capture_3_active'====== Args={'_from_bcp': True}
2023-01-15 18:17:08,812 : INFO : EventManager : Event: ======'slide_cons_test_removed'====== Args={'_from_bcp': True}
2023-01-15 18:17:08,815 : INFO : EventManager : Event: ======'slide_cons_test_created'====== Args={'_from_bcp': True}
2023-01-15 18:17:08,820 : INFO : EventManager : Event: ======'slide_cons_test_active'====== Args={'_from_bcp': True}
2023-01-15 18:17:10,812 : INFO : EventManager : Event: ======'slide_consumable_slide_removed'====== Args={'_from_bcp': True}
2023-01-15 18:17:10,815 : INFO : EventManager : Event: ======'slide_consumable_slide_created'====== Args={'_from_bcp': True}
2023-01-15 18:17:10,820 : INFO : EventManager : Event: ======'slide_consumable_slide_active'====== Args={'_from_bcp': True}
2023-01-15 18:17:12,830 : INFO : EventManager : Event: ======'slide_consumable_slide1_removed'====== Args={'_from_bcp': True}
2023-01-15 18:17:12,848 : INFO : EventManager : Event: ======'slide_consumable_slide1_created'====== Args={'_from_bcp': True}
2023-01-15 18:17:12,848 : INFO : EventManager : Event: ======'slide_consumable_slide1_active'====== Args={'_from_bcp': True}
2023-01-15 18:17:14,839 : INFO : EventManager : Event: ======'slide_consumable_slide2_removed'====== Args={'_from_bcp': True}
2023-01-15 18:17:14,840 : INFO : EventManager : Event: ======'slide_consumable_slide2_created'====== Args={'_from_bcp': True}
2023-01-15 18:17:14,840 : INFO : EventManager : Event: ======'slide_consumable_slide2_active'====== Args={'_from_bcp': True}
2023-01-15 18:17:16,822 : INFO : EventManager : Event: ======'slide_hc_test_slide_removed'====== Args={'_from_bcp': True}
2023-01-15 18:17:16,824 : INFO : EventManager : Event: ======'slide_hc_test_slide_created'====== Args={'_from_bcp': True}
2023-01-15 18:17:16,831 : INFO : EventManager : Event: ======'slide_hc_test_slide_active'====== Args={'_from_bcp': True}
2023-01-15 18:17:18,815 : INFO : EventManager : Event: ======'slide_test_slide_1_removed'====== Args={'_from_bcp': True}
2023-01-15 18:17:18,822 : INFO : EventManager : Event: ======'slide_test_slide_1_created'====== Args={'_from_bcp': True}
2023-01-15 18:17:18,829 : INFO : EventManager : Event: ======'slide_test_slide_1_active'====== Args={'_from_bcp': True}
2023-01-15 18:17:20,830 : INFO : EventManager : Event: ======'slide_test_slide_2_removed'====== Args={'_from_bcp': True}
2023-01-15 18:17:20,849 : INFO : EventManager : Event: ======'slide_test_slide_2_created'====== Args={'_from_bcp': True}
2023-01-15 18:17:20,850 : INFO : EventManager : Event: ======'slide_test_slide_2_active'====== Args={'_from_bcp': True}
2023-01-15 18:17:22,798 : INFO : EventManager : Event: ======'slide_test_slide_3_removed'====== Args={'_from_bcp': True}
2023-01-15 18:17:22,805 : INFO : EventManager : Event: ======'slide_test_slide_3_created'====== Args={'_from_bcp': True}
2023-01-15 18:17:22,815 : INFO : EventManager : Event: ======'slide_test_slide_3_active'====== Args={'_from_bcp': True}
2023-01-15 18:17:24,816 : INFO : EventManager : Event: ======'slide_test_slide_3_removed'====== Args={'_from_bcp': True}
2023-01-15 18:17:24,835 : INFO : EventManager : Event: ======'slide_test_slide_3_created'====== Args={'_from_bcp': True}
2023-01-15 18:17:24,836 : INFO : EventManager : Event: ======'slide_test_slide_3_active'====== Args={'_from_bcp': True}
2023-01-15 18:17:29,833 : INFO : EventManager : Event: ======'slide_attract_slide_1_removed'====== Args={'_from_bcp': True}
2023-01-15 18:17:29,833 : INFO : EventManager : Event: ======'slide_attract_slide_1_created'====== Args={'_from_bcp': True}
2023-01-15 18:17:29,834 : INFO : EventManager : Event: ======'slide_attract_slide_1_active'====== Args={'_from_bcp': True}
2023-01-15 18:17:31,829 : INFO : EventManager : Event: ======'slide_attract_slide_3_removed'====== Args={'_from_bcp': True}
2023-01-15 18:17:31,843 : INFO : EventManager : Event: ======'slide_attract_slide_3_created'====== Args={'_from_bcp': True}
2023-01-15 18:17:31,843 : INFO : EventManager : Event: ======'slide_attract_slide_3_active'====== Args={'_from_bcp': True}
2023-01-15 18:17:33,798 : INFO : EventManager : Event: ======'slide_attract_slide_1_removed'====== Args={'_from_bcp': True}
2023-01-15 18:17:33,798 : INFO : EventManager : Event: ======'slide_attract_slide_1_created'====== Args={'_from_bcp': True}
2023-01-15 18:17:33,799 : INFO : EventManager : Event: ======'slide_attract_slide_1_active'====== Args={'_from_bcp': True}
2023-01-15 18:17:35,812 : INFO : EventManager : Event: ======'slide_attract_slide_3_removed'====== Args={'_from_bcp': True}
2023-01-15 18:17:35,814 : INFO : EventManager : Event: ======'slide_attract_slide_3_created'====== Args={'_from_bcp': True}
2023-01-15 18:17:35,819 : INFO : EventManager : Event: ======'slide_attract_slide_3_active'====== Args={'_from_bcp': True}
2023-01-15 18:17:37,794 : INFO : EventManager : Event: ======'slide_attract_slide_4_removed'====== Args={'_from_bcp': True}
2023-01-15 18:17:37,796 : INFO : EventManager : Event: ======'slide_attract_slide_4_created'====== Args={'_from_bcp': True}
2023-01-15 18:17:37,797 : INFO : EventManager : Event: ======'slide_attract_slide_4_active'====== Args={'_from_bcp': True}
2023-01-15 18:17:39,812 : INFO : EventManager : Event: ======'slide_attract_slide_5_removed'====== Args={'_from_bcp': True}
2023-01-15 18:17:39,814 : INFO : EventManager : Event: ======'slide_attract_slide_5_created'====== Args={'_from_bcp': True}
2023-01-15 18:17:39,819 : INFO : EventManager : Event: ======'slide_attract_slide_5_active'====== Args={'_from_bcp': True}
2023-01-15 18:17:41,831 : INFO : EventManager : Event: ======'slide_attract_slide_6_removed'====== Args={'_from_bcp': True}
2023-01-15 18:17:41,835 : INFO : EventManager : Event: ======'slide_attract_slide_6_created'====== Args={'_from_bcp': True}
2023-01-15 18:17:41,842 : INFO : EventManager : Event: ======'slide_attract_slide_6_active'====== Args={'_from_bcp': True}
2023-01-15 18:17:43,817 : INFO : EventManager : Event: ======'slide_attract_slide_7_removed'====== Args={'_from_bcp': True}
2023-01-15 18:17:43,823 : INFO : EventManager : Event: ======'slide_attract_slide_7_created'====== Args={'_from_bcp': True}
2023-01-15 18:17:43,833 : INFO : EventManager : Event: ======'slide_attract_slide_7_active'====== Args={'_from_bcp': True}
2023-01-15 18:17:45,832 : INFO : EventManager : Event: ======'slide_attract_slide_8_removed'====== Args={'_from_bcp': True}
2023-01-15 18:17:45,837 : INFO : EventManager : Event: ======'slide_attract_slide_8_created'====== Args={'_from_bcp': True}
2023-01-15 18:17:45,857 : INFO : EventManager : Event: ======'slide_attract_slide_8_active'====== Args={'_from_bcp': True}
2023-01-15 18:17:47,832 : INFO : EventManager : Event: ======'slide_attract_slide_9_removed'====== Args={'_from_bcp': True}
2023-01-15 18:17:47,837 : INFO : EventManager : Event: ======'slide_attract_slide_9_created'====== Args={'_from_bcp': True}
2023-01-15 18:17:47,854 : INFO : EventManager : Event: ======'slide_attract_slide_9_active'====== Args={'_from_bcp': True}
2023-01-15 18:17:49,815 : INFO : EventManager : Event: ======'slide_attract_slide_10_removed'====== Args={'_from_bcp': True}
2023-01-15 18:17:49,820 : INFO : EventManager : Event: ======'slide_attract_slide_10_created'====== Args={'_from_bcp': True}
2023-01-15 18:17:49,825 : INFO : EventManager : Event: ======'slide_attract_slide_10_active'====== Args={'_from_bcp': True}
2023-01-15 18:17:50,812 : INFO : EventManager : Event: ======'slide_attract_game_over_slide_removed'====== Args={'_from_bcp': True}
2023-01-15 18:17:50,814 : INFO : EventManager : Event: ======'slide_attract_game_over_slide_created'====== Args={'_from_bcp': True}
2023-01-15 18:17:50,817 : INFO : EventManager : Event: ======'slide_attract_game_over_slide_active'====== Args={'_from_bcp': True}
2023-01-15 18:17:52,839 : INFO : EventManager : Event: ======'slide_end_mode_8_compIG_removed'====== Args={'_from_bcp': True}
2023-01-15 18:17:52,840 : INFO : EventManager : Event: ======'slide_end_mode_8_compIG_created'====== Args={'_from_bcp': True}
2023-01-15 18:17:52,841 : INFO : EventManager : Event: ======'slide_end_mode_8_compIG_active'====== Args={'_from_bcp': True}
2023-01-15 18:17:54,816 : INFO : EventManager : Event: ======'slide_end_mode_8_comp_removed'====== Args={'_from_bcp': True}
2023-01-15 18:17:54,821 : INFO : EventManager : Event: ======'slide_end_mode_8_comp_created'====== Args={'_from_bcp': True}
2023-01-15 18:17:54,838 : INFO : EventManager : Event: ======'slide_end_mode_8_comp_active'====== Args={'_from_bcp': True}
2023-01-15 18:17:56,816 : INFO : EventManager : Event: ======'slide_end_mode_8_co_removed'====== Args={'_from_bcp': True}
2023-01-15 18:17:56,822 : INFO : EventManager : Event: ======'slide_end_mode_8_co_created'====== Args={'_from_bcp': True}
2023-01-15 18:17:56,841 : INFO : EventManager : Event: ======'slide_end_mode_8_co_active'====== Args={'_from_bcp': True}
2023-01-15 18:17:58,815 : INFO : EventManager : Event: ======'slide_end_mode_8_com_removed'====== Args={'_from_bcp': True}
2023-01-15 18:17:58,894 : INFO : EventManager : Event: ======'slide_end_mode_8_com_created'====== Args={'_from_bcp': True}
2023-01-15 18:17:58,899 : INFO : EventManager : Event: ======'slide_end_mode_8_com_active'====== Args={'_from_bcp': True}
2023-01-15 18:18:00,816 : INFO : EventManager : Event: ======'slide_end_mode_8_completed_removed'====== Args={'_from_bcp': True}
2023-01-15 18:18:00,821 : INFO : EventManager : Event: ======'slide_end_mode_8_completed_created'====== Args={'_from_bcp': True}
2023-01-15 18:18:00,827 : INFO : EventManager : Event: ======'slide_end_mode_8_completed_active'====== Args={'_from_bcp': True}
2023-01-15 18:18:02,819 : INFO : EventManager : Event: ======'slide_scores_slide_removed'====== Args={'_from_bcp': True}
2023-01-15 18:18:02,820 : INFO : EventManager : Event: ======'slide_scores_slide_created'====== Args={'_from_bcp': True}
2023-01-15 18:18:02,825 : INFO : EventManager : Event: ======'slide_scores_slide_active'====== Args={'_from_bcp': True}
2023-01-15 18:18:04,832 : INFO : EventManager : Event: ======'slide_medals_back_removed'====== Args={'_from_bcp': True}
2023-01-15 18:18:04,837 : INFO : EventManager : Event: ======'slide_medals_back_created'====== Args={'_from_bcp': True}
2023-01-15 18:18:04,838 : INFO : EventManager : Event: ======'slide_medals_back_active'====== Args={'_from_bcp': True}
2023-01-15 18:18:06,816 : INFO : EventManager : Event: ======'slide_medals_removed'====== Args={'_from_bcp': True}
2023-01-15 18:18:06,818 : INFO : EventManager : Event: ======'slide_medals_created'====== Args={'_from_bcp': True}
2023-01-15 18:18:06,826 : INFO : EventManager : Event: ======'slide_medals_active'====== Args={'_from_bcp': True}
2023-01-15 18:18:08,816 : INFO : EventManager : Event: ======'slide_aircraft_slide_removed'====== Args={'_from_bcp': True}
2023-01-15 18:18:08,819 : INFO : EventManager : Event: ======'slide_aircraft_slide_created'====== Args={'_from_bcp': True}
2023-01-15 18:18:08,819 : INFO : EventManager : Event: ======'slide_aircraft_slide_active'====== Args={'_from_bcp': True}
2023-01-15 18:18:10,838 : INFO : EventManager : Event: ======'slide_t_1_1_slide_removed'====== Args={'_from_bcp': True}
2023-01-15 18:18:10,860 : INFO : EventManager : Event: ======'slide_t_1_1_slide_created'====== Args={'_from_bcp': True}
2023-01-15 18:18:10,861 : INFO : EventManager : Event: ======'slide_t_1_1_slide_active'====== Args={'_from_bcp': True}
2023-01-15 18:18:12,825 : INFO : EventManager : Event: ======'slide_t_1_2_slide_removed'====== Args={'_from_bcp': True}
2023-01-15 18:18:12,825 : INFO : EventManager : Event: ======'slide_t_1_2_slide_created'====== Args={'_from_bcp': True}
2023-01-15 18:18:12,828 : INFO : EventManager : Event: ======'slide_t_1_2_slide_active'====== Args={'_from_bcp': True}
2023-01-15 18:18:14,800 : INFO : EventManager : Event: ======'slide_t_1_3_slide_removed'====== Args={'_from_bcp': True}
2023-01-15 18:18:14,804 : INFO : EventManager : Event: ======'slide_t_1_3_slide_created'====== Args={'_from_bcp': True}
2023-01-15 18:18:14,810 : INFO : EventManager : Event: ======'slide_t_1_3_slide_active'====== Args={'_from_bcp': True}
2023-01-15 18:18:16,816 : INFO : EventManager : Event: ======'slide_t_1_4_slide_removed'====== Args={'_from_bcp': True}
2023-01-15 18:18:16,823 : INFO : EventManager : Event: ======'slide_t_1_4_slide_created'====== Args={'_from_bcp': True}
2023-01-15 18:18:16,829 : INFO : EventManager : Event: ======'slide_t_1_4_slide_active'====== Args={'_from_bcp': True}
2023-01-15 18:18:18,800 : INFO : EventManager : Event: ======'slide_t_2_1_slide_removed'====== Args={'_from_bcp': True}
2023-01-15 18:18:18,806 : INFO : EventManager : Event: ======'slide_t_2_1_slide_created'====== Args={'_from_bcp': True}
2023-01-15 18:18:18,812 : INFO : EventManager : Event: ======'slide_t_2_1_slide_active'====== Args={'_from_bcp': True}
2023-01-15 18:18:20,816 : INFO : EventManager : Event: ======'slide_t_2_2_slide_removed'====== Args={'_from_bcp': True}
2023-01-15 18:18:20,823 : INFO : EventManager : Event: ======'slide_t_2_2_slide_created'====== Args={'_from_bcp': True}
2023-01-15 18:18:20,828 : INFO : EventManager : Event: ======'slide_t_2_2_slide_active'====== Args={'_from_bcp': True}
2023-01-15 18:18:22,817 : INFO : EventManager : Event: ======'slide_t_2_3_slide_removed'====== Args={'_from_bcp': True}
2023-01-15 18:18:22,822 : INFO : EventManager : Event: ======'slide_t_2_3_slide_created'====== Args={'_from_bcp': True}
2023-01-15 18:18:22,828 : INFO : EventManager : Event: ======'slide_t_2_3_slide_active'====== Args={'_from_bcp': True}
2023-01-15 18:18:24,816 : INFO : EventManager : Event: ======'slide_t_2_4_slide_removed'====== Args={'_from_bcp': True}
2023-01-15 18:18:24,822 : INFO : EventManager : Event: ======'slide_t_2_4_slide_created'====== Args={'_from_bcp': True}
2023-01-15 18:18:24,827 : INFO : EventManager : Event: ======'slide_t_2_4_slide_active'====== Args={'_from_bcp': True}
2023-01-15 18:18:26,803 : INFO : EventManager : Event: ======'slide_t_3_1_slide_removed'====== Args={'_from_bcp': True}
2023-01-15 18:18:26,807 : INFO : EventManager : Event: ======'slide_t_3_1_slide_created'====== Args={'_from_bcp': True}
2023-01-15 18:18:26,816 : INFO : EventManager : Event: ======'slide_t_3_1_slide_active'====== Args={'_from_bcp': True}
2023-01-15 18:18:28,816 : INFO : EventManager : Event: ======'slide_t_3_2_slide_removed'====== Args={'_from_bcp': True}
2023-01-15 18:18:28,824 : INFO : EventManager : Event: ======'slide_t_3_2_slide_created'====== Args={'_from_bcp': True}
2023-01-15 18:18:28,840 : INFO : EventManager : Event: ======'slide_t_3_2_slide_active'====== Args={'_from_bcp': True}
2023-01-15 18:18:30,819 : INFO : EventManager : Event: ======'slide_t_3_3_slide_removed'====== Args={'_from_bcp': True}
2023-01-15 18:18:30,832 : INFO : EventManager : Event: ======'slide_t_3_3_slide_created'====== Args={'_from_bcp': True}
2023-01-15 18:18:30,838 : INFO : EventManager : Event: ======'slide_t_3_3_slide_active'====== Args={'_from_bcp': True}
2023-01-15 18:18:32,802 : INFO : EventManager : Event: ======'slide_t_3_4_slide_removed'====== Args={'_from_bcp': True}
2023-01-15 18:18:32,808 : INFO : EventManager : Event: ======'slide_t_3_4_slide_created'====== Args={'_from_bcp': True}
2023-01-15 18:18:32,813 : INFO : EventManager : Event: ======'slide_t_3_4_slide_active'====== Args={'_from_bcp': True}
2023-01-15 18:18:34,833 : INFO : EventManager : Event: ======'slide_t_4_1_slide_removed'====== Args={'_from_bcp': True}
2023-01-15 18:18:34,839 : INFO : EventManager : Event: ======'slide_t_4_1_slide_created'====== Args={'_from_bcp': True}
2023-01-15 18:18:34,845 : INFO : EventManager : Event: ======'slide_t_4_1_slide_active'====== Args={'_from_bcp': True}
2023-01-15 18:18:36,845 : INFO : EventManager : Event: ======'slide_t_4_2_slide_removed'====== Args={'_from_bcp': True}
2023-01-15 18:18:36,865 : INFO : EventManager : Event: ======'slide_t_4_2_slide_created'====== Args={'_from_bcp': True}
2023-01-15 18:18:36,874 : INFO : EventManager : Event: ======'slide_t_4_2_slide_active'====== Args={'_from_bcp': True}
2023-01-15 18:18:38,834 : INFO : EventManager : Event: ======'slide_t_4_3_slide_removed'====== Args={'_from_bcp': True}
2023-01-15 18:18:38,852 : INFO : EventManager : Event: ======'slide_t_4_3_slide_created'====== Args={'_from_bcp': True}
2023-01-15 18:18:38,852 : INFO : EventManager : Event: ======'slide_t_4_3_slide_active'====== Args={'_from_bcp': True}
2023-01-15 18:18:40,802 : INFO : EventManager : Event: ======'slide_t_4_4_slide_removed'====== Args={'_from_bcp': True}
2023-01-15 18:18:40,807 : INFO : EventManager : Event: ======'slide_t_4_4_slide_created'====== Args={'_from_bcp': True}
2023-01-15 18:18:40,813 : INFO : EventManager : Event: ======'slide_t_4_4_slide_active'====== Args={'_from_bcp': True}
2023-01-15 18:18:42,832 : INFO : EventManager : Event: ======'slide_commander_2_removed'====== Args={'_from_bcp': True}
2023-01-15 18:18:42,833 : INFO : EventManager : Event: ======'slide_commander_2_created'====== Args={'_from_bcp': True}
2023-01-15 18:18:42,834 : INFO : EventManager : Event: ======'slide_commander_2_active'====== Args={'_from_bcp': True}
2023-01-15 18:18:44,828 : INFO : EventManager : Event: ======'slide_red_removed'====== Args={'_from_bcp': True}
2023-01-15 18:18:44,841 : INFO : EventManager : Event: ======'slide_red_created'====== Args={'_from_bcp': True}
2023-01-15 18:18:44,860 : INFO : EventManager : Event: ======'slide_red_active'====== Args={'_from_bcp': True}
2023-01-15 18:18:46,831 : INFO : EventManager : Event: ======'slide_blue_removed'====== Args={'_from_bcp': True}
2023-01-15 18:18:46,933 : INFO : EventManager : Event: ======'slide_blue_created'====== Args={'_from_bcp': True}
2023-01-15 18:18:46,954 : INFO : EventManager : Event: ======'slide_blue_active'====== Args={'_from_bcp': True}
2023-01-15 18:18:48,816 : INFO : EventManager : Event: ======'slide_green_removed'====== Args={'_from_bcp': True}
2023-01-15 18:18:48,846 : INFO : EventManager : Event: ======'slide_green_created'====== Args={'_from_bcp': True}
2023-01-15 18:18:48,871 : INFO : EventManager : Event: ======'slide_green_active'====== Args={'_from_bcp': True}
2023-01-15 18:18:50,826 : INFO : EventManager : Event: ======'slide_yellow_removed'====== Args={'_from_bcp': True}
2023-01-15 18:18:50,852 : INFO : EventManager : Event: ======'slide_yellow_created'====== Args={'_from_bcp': True}
2023-01-15 18:18:50,878 : INFO : EventManager : Event: ======'slide_yellow_active'====== Args={'_from_bcp': True}
2023-01-15 18:18:52,820 : INFO : EventManager : Event: ======'slide_capture_1_removed'====== Args={'_from_bcp': True}
2023-01-15 18:18:52,820 : INFO : EventManager : Event: ======'slide_capture_1_created'====== Args={'_from_bcp': True}
2023-01-15 18:18:52,823 : INFO : EventManager : Event: ======'slide_capture_1_active'====== Args={'_from_bcp': True}
2023-01-15 18:18:54,799 : INFO : EventManager : Event: ======'slide_capture_2_removed'====== Args={'_from_bcp': True}
2023-01-15 18:18:54,801 : INFO : EventManager : Event: ======'slide_capture_2_created'====== Args={'_from_bcp': True}
2023-01-15 18:18:54,802 : INFO : EventManager : Event: ======'slide_capture_2_active'====== Args={'_from_bcp': True}
2023-01-15 18:18:56,818 : INFO : EventManager : Event: ======'slide_capture_3_removed'====== Args={'_from_bcp': True}
2023-01-15 18:18:56,820 : INFO : EventManager : Event: ======'slide_capture_3_created'====== Args={'_from_bcp': True}
2023-01-15 18:18:56,821 : INFO : EventManager : Event: ======'slide_capture_3_active'====== Args={'_from_bcp': True}
2023-01-15 18:18:58,802 : INFO : EventManager : Event: ======'slide_cons_test_removed'====== Args={'_from_bcp': True}
2023-01-15 18:18:58,806 : INFO : EventManager : Event: ======'slide_cons_test_created'====== Args={'_from_bcp': True}
2023-01-15 18:18:58,810 : INFO : EventManager : Event: ======'slide_cons_test_active'====== Args={'_from_bcp': True}
2023-01-15 18:19:00,820 : INFO : EventManager : Event: ======'slide_consumable_slide_removed'====== Args={'_from_bcp': True}
2023-01-15 18:19:00,839 : INFO : EventManager : Event: ======'slide_consumable_slide_created'====== Args={'_from_bcp': True}
2023-01-15 18:19:00,839 : INFO : EventManager : Event: ======'slide_consumable_slide_active'====== Args={'_from_bcp': True}
2023-01-15 18:19:02,818 : INFO : EventManager : Event: ======'slide_consumable_slide1_removed'====== Args={'_from_bcp': True}
2023-01-15 18:19:02,823 : INFO : EventManager : Event: ======'slide_consumable_slide1_created'====== Args={'_from_bcp': True}
2023-01-15 18:19:02,825 : INFO : EventManager : Event: ======'slide_consumable_slide1_active'====== Args={'_from_bcp': True}
2023-01-15 18:19:04,820 : INFO : EventManager : Event: ======'slide_consumable_slide2_removed'====== Args={'_from_bcp': True}
2023-01-15 18:19:04,822 : INFO : EventManager : Event: ======'slide_consumable_slide2_created'====== Args={'_from_bcp': True}
2023-01-15 18:19:04,822 : INFO : EventManager : Event: ======'slide_consumable_slide2_active'====== Args={'_from_bcp': True}
2023-01-15 18:19:06,822 : INFO : EventManager : Event: ======'slide_hc_test_slide_removed'====== Args={'_from_bcp': True}
2023-01-15 18:19:06,830 : INFO : EventManager : Event: ======'slide_hc_test_slide_created'====== Args={'_from_bcp': True}
2023-01-15 18:19:06,841 : INFO : EventManager : Event: ======'slide_hc_test_slide_active'====== Args={'_from_bcp': True}
2023-01-15 18:19:08,839 : INFO : EventManager : Event: ======'slide_test_slide_1_removed'====== Args={'_from_bcp': True}
2023-01-15 18:19:08,863 : INFO : EventManager : Event: ======'slide_test_slide_1_created'====== Args={'_from_bcp': True}
2023-01-15 18:19:08,863 : INFO : EventManager : Event: ======'slide_test_slide_1_active'====== Args={'_from_bcp': True}
2023-01-15 18:19:10,820 : INFO : EventManager : Event: ======'slide_test_slide_2_removed'====== Args={'_from_bcp': True}
2023-01-15 18:19:10,838 : INFO : EventManager : Event: ======'slide_test_slide_2_created'====== Args={'_from_bcp': True}
2023-01-15 18:19:10,841 : INFO : EventManager : Event: ======'slide_test_slide_2_active'====== Args={'_from_bcp': True}
2023-01-15 18:19:12,837 : INFO : EventManager : Event: ======'slide_test_slide_3_removed'====== Args={'_from_bcp': True}
2023-01-15 18:19:12,858 : INFO : EventManager : Event: ======'slide_test_slide_3_created'====== Args={'_from_bcp': True}
2023-01-15 18:19:12,861 : INFO : EventManager : Event: ======'slide_test_slide_3_active'====== Args={'_from_bcp': True}
2023-01-15 18:19:14,822 : INFO : EventManager : Event: ======'slide_test_slide_3_removed'====== Args={'_from_bcp': True}
2023-01-15 18:19:14,831 : INFO : EventManager : Event: ======'slide_test_slide_3_created'====== Args={'_from_bcp': True}
2023-01-15 18:19:14,835 : INFO : EventManager : Event: ======'slide_test_slide_3_active'====== Args={'_from_bcp': True}
2023-01-15 18:19:19,818 : INFO : EventManager : Event: ======'slide_attract_slide_1_removed'====== Args={'_from_bcp': True}
2023-01-15 18:19:19,821 : INFO : EventManager : Event: ======'slide_attract_slide_1_created'====== Args={'_from_bcp': True}
2023-01-15 18:19:19,823 : INFO : EventManager : Event: ======'slide_attract_slide_1_active'====== Args={'_from_bcp': True}
2023-01-15 18:19:21,835 : INFO : EventManager : Event: ======'slide_attract_slide_3_removed'====== Args={'_from_bcp': True}
2023-01-15 18:19:21,837 : INFO : EventManager : Event: ======'slide_attract_slide_3_created'====== Args={'_from_bcp': True}
2023-01-15 18:19:21,839 : INFO : EventManager : Event: ======'slide_attract_slide_3_active'====== Args={'_from_bcp': True}
2023-01-15 18:19:23,801 : INFO : EventManager : Event: ======'slide_attract_slide_1_removed'====== Args={'_from_bcp': True}
2023-01-15 18:19:23,802 : INFO : EventManager : Event: ======'slide_attract_slide_1_created'====== Args={'_from_bcp': True}
2023-01-15 18:19:23,804 : INFO : EventManager : Event: ======'slide_attract_slide_1_active'====== Args={'_from_bcp': True}
2023-01-15 18:19:25,802 : INFO : EventManager : Event: ======'slide_attract_slide_3_removed'====== Args={'_from_bcp': True}
2023-01-15 18:19:25,805 : INFO : EventManager : Event: ======'slide_attract_slide_3_created'====== Args={'_from_bcp': True}
2023-01-15 18:19:25,808 : INFO : EventManager : Event: ======'slide_attract_slide_3_active'====== Args={'_from_bcp': True}
2023-01-15 18:19:27,835 : INFO : EventManager : Event: ======'slide_attract_slide_4_removed'====== Args={'_from_bcp': True}
2023-01-15 18:19:27,837 : INFO : EventManager : Event: ======'slide_attract_slide_4_created'====== Args={'_from_bcp': True}
2023-01-15 18:19:27,838 : INFO : EventManager : Event: ======'slide_attract_slide_4_active'====== Args={'_from_bcp': True}
2023-01-15 18:19:29,845 : INFO : EventManager : Event: ======'slide_attract_slide_5_removed'====== Args={'_from_bcp': True}
2023-01-15 18:19:29,846 : INFO : EventManager : Event: ======'slide_attract_slide_5_created'====== Args={'_from_bcp': True}
2023-01-15 18:19:29,846 : INFO : EventManager : Event: ======'slide_attract_slide_5_active'====== Args={'_from_bcp': True}
2023-01-15 18:19:31,820 : INFO : EventManager : Event: ======'slide_attract_slide_6_removed'====== Args={'_from_bcp': True}
2023-01-15 18:19:31,897 : INFO : EventManager : Event: ======'slide_attract_slide_6_created'====== Args={'_from_bcp': True}
2023-01-15 18:19:31,903 : INFO : EventManager : Event: ======'slide_attract_slide_6_active'====== Args={'_from_bcp': True}
2023-01-15 18:19:33,850 : INFO : EventManager : Event: ======'slide_attract_slide_7_removed'====== Args={'_from_bcp': True}
2023-01-15 18:19:33,851 : INFO : EventManager : Event: ======'slide_attract_slide_7_created'====== Args={'_from_bcp': True}
2023-01-15 18:19:33,851 : INFO : EventManager : Event: ======'slide_attract_slide_7_active'====== Args={'_from_bcp': True}
2023-01-15 18:19:35,837 : INFO : EventManager : Event: ======'slide_attract_slide_8_removed'====== Args={'_from_bcp': True}
2023-01-15 18:19:35,853 : INFO : EventManager : Event: ======'slide_attract_slide_8_created'====== Args={'_from_bcp': True}
2023-01-15 18:19:35,853 : INFO : EventManager : Event: ======'slide_attract_slide_8_active'====== Args={'_from_bcp': True}
2023-01-15 18:19:37,837 : INFO : EventManager : Event: ======'slide_attract_slide_9_removed'====== Args={'_from_bcp': True}
2023-01-15 18:19:37,855 : INFO : EventManager : Event: ======'slide_attract_slide_9_created'====== Args={'_from_bcp': True}
2023-01-15 18:19:37,855 : INFO : EventManager : Event: ======'slide_attract_slide_9_active'====== Args={'_from_bcp': True}
2023-01-15 18:19:39,820 : INFO : EventManager : Event: ======'slide_attract_slide_10_removed'====== Args={'_from_bcp': True}
2023-01-15 18:19:39,826 : INFO : EventManager : Event: ======'slide_attract_slide_10_created'====== Args={'_from_bcp': True}
2023-01-15 18:19:39,832 : INFO : EventManager : Event: ======'slide_attract_slide_10_active'====== Args={'_from_bcp': True}
2023-01-15 18:19:40,844 : INFO : EventManager : Event: ======'slide_attract_game_over_slide_removed'====== Args={'_from_bcp': True}
2023-01-15 18:19:40,844 : INFO : EventManager : Event: ======'slide_attract_game_over_slide_created'====== Args={'_from_bcp': True}
2023-01-15 18:19:40,845 : INFO : EventManager : Event: ======'slide_attract_game_over_slide_active'====== Args={'_from_bcp': True}
2023-01-15 18:19:42,820 : INFO : EventManager : Event: ======'slide_end_mode_8_compIG_removed'====== Args={'_from_bcp': True}
2023-01-15 18:19:42,827 : INFO : EventManager : Event: ======'slide_end_mode_8_compIG_created'====== Args={'_from_bcp': True}
2023-01-15 18:19:42,834 : INFO : EventManager : Event: ======'slide_end_mode_8_compIG_active'====== Args={'_from_bcp': True}
2023-01-15 18:19:44,809 : INFO : EventManager : Event: ======'slide_end_mode_8_comp_removed'====== Args={'_from_bcp': True}
2023-01-15 18:19:44,813 : INFO : EventManager : Event: ======'slide_end_mode_8_comp_created'====== Args={'_from_bcp': True}
2023-01-15 18:19:44,818 : INFO : EventManager : Event: ======'slide_end_mode_8_comp_active'====== Args={'_from_bcp': True}
2023-01-15 18:19:46,822 : INFO : EventManager : Event: ======'slide_end_mode_8_co_removed'====== Args={'_from_bcp': True}
2023-01-15 18:19:46,831 : INFO : EventManager : Event: ======'slide_end_mode_8_co_created'====== Args={'_from_bcp': True}
2023-01-15 18:19:46,849 : INFO : EventManager : Event: ======'slide_end_mode_8_co_active'====== Args={'_from_bcp': True}
2023-01-15 18:19:48,806 : INFO : EventManager : Event: ======'slide_end_mode_8_com_removed'====== Args={'_from_bcp': True}
2023-01-15 18:19:48,812 : INFO : EventManager : Event: ======'slide_end_mode_8_com_created'====== Args={'_from_bcp': True}
2023-01-15 18:19:48,817 : INFO : EventManager : Event: ======'slide_end_mode_8_com_active'====== Args={'_from_bcp': True}
2023-01-15 18:19:50,821 : INFO : EventManager : Event: ======'slide_end_mode_8_completed_removed'====== Args={'_from_bcp': True}
2023-01-15 18:19:50,828 : INFO : EventManager : Event: ======'slide_end_mode_8_completed_created'====== Args={'_from_bcp': True}
2023-01-15 18:19:50,833 : INFO : EventManager : Event: ======'slide_end_mode_8_completed_active'====== Args={'_from_bcp': True}
2023-01-15 18:19:52,809 : INFO : EventManager : Event: ======'slide_scores_slide_removed'====== Args={'_from_bcp': True}
2023-01-15 18:19:52,815 : INFO : EventManager : Event: ======'slide_scores_slide_created'====== Args={'_from_bcp': True}
2023-01-15 18:19:52,822 : INFO : EventManager : Event: ======'slide_scores_slide_active'====== Args={'_from_bcp': True}
2023-01-15 18:19:54,842 : INFO : EventManager : Event: ======'slide_medals_back_removed'====== Args={'_from_bcp': True}
2023-01-15 18:19:54,858 : INFO : EventManager : Event: ======'slide_medals_back_created'====== Args={'_from_bcp': True}
2023-01-15 18:19:54,858 : INFO : EventManager : Event: ======'slide_medals_back_active'====== Args={'_from_bcp': True}
2023-01-15 18:19:56,844 : INFO : EventManager : Event: ======'slide_medals_removed'====== Args={'_from_bcp': True}
2023-01-15 18:19:56,845 : INFO : EventManager : Event: ======'slide_medals_created'====== Args={'_from_bcp': True}
2023-01-15 18:19:56,849 : INFO : EventManager : Event: ======'slide_medals_active'====== Args={'_from_bcp': True}
2023-01-15 18:19:58,828 : INFO : EventManager : Event: ======'slide_aircraft_slide_removed'====== Args={'_from_bcp': True}
2023-01-15 18:19:58,828 : INFO : EventManager : Event: ======'slide_aircraft_slide_created'====== Args={'_from_bcp': True}
2023-01-15 18:19:58,828 : INFO : EventManager : Event: ======'slide_aircraft_slide_active'====== Args={'_from_bcp': True}
2023-01-15 18:20:00,823 : INFO : EventManager : Event: ======'slide_t_1_1_slide_removed'====== Args={'_from_bcp': True}
2023-01-15 18:20:00,829 : INFO : EventManager : Event: ======'slide_t_1_1_slide_created'====== Args={'_from_bcp': True}
2023-01-15 18:20:00,836 : INFO : EventManager : Event: ======'slide_t_1_1_slide_active'====== Args={'_from_bcp': True}
2023-01-15 18:20:02,823 : INFO : EventManager : Event: ======'slide_t_1_2_slide_removed'====== Args={'_from_bcp': True}
2023-01-15 18:20:02,843 : INFO : EventManager : Event: ======'slide_t_1_2_slide_created'====== Args={'_from_bcp': True}
2023-01-15 18:20:02,843 : INFO : EventManager : Event: ======'slide_t_1_2_slide_active'====== Args={'_from_bcp': True}
2023-01-15 18:20:04,838 : INFO : EventManager : Event: ======'slide_t_1_3_slide_removed'====== Args={'_from_bcp': True}
2023-01-15 18:20:04,838 : INFO : EventManager : Event: ======'slide_t_1_3_slide_created'====== Args={'_from_bcp': True}
2023-01-15 18:20:04,838 : INFO : EventManager : Event: ======'slide_t_1_3_slide_active'====== Args={'_from_bcp': True}
2023-01-15 18:20:06,833 : INFO : EventManager : Event: ======'slide_t_1_4_slide_removed'====== Args={'_from_bcp': True}
2023-01-15 18:20:06,833 : INFO : EventManager : Event: ======'slide_t_1_4_slide_created'====== Args={'_from_bcp': True}
2023-01-15 18:20:06,833 : INFO : EventManager : Event: ======'slide_t_1_4_slide_active'====== Args={'_from_bcp': True}
2023-01-15 18:20:08,824 : INFO : EventManager : Event: ======'slide_t_2_1_slide_removed'====== Args={'_from_bcp': True}
2023-01-15 18:20:08,831 : INFO : EventManager : Event: ======'slide_t_2_1_slide_created'====== Args={'_from_bcp': True}
2023-01-15 18:20:08,837 : INFO : EventManager : Event: ======'slide_t_2_1_slide_active'====== Args={'_from_bcp': True}
2023-01-15 18:20:10,833 : INFO : EventManager : Event: ======'slide_t_2_2_slide_removed'====== Args={'_from_bcp': True}
2023-01-15 18:20:10,833 : INFO : EventManager : Event: ======'slide_t_2_2_slide_created'====== Args={'_from_bcp': True}
2023-01-15 18:20:10,837 : INFO : EventManager : Event: ======'slide_t_2_2_slide_active'====== Args={'_from_bcp': True}
2023-01-15 18:20:12,830 : INFO : EventManager : Event: ======'slide_t_2_3_slide_removed'====== Args={'_from_bcp': True}
2023-01-15 18:20:12,830 : INFO : EventManager : Event: ======'slide_t_2_3_slide_created'====== Args={'_from_bcp': True}
2023-01-15 18:20:12,835 : INFO : EventManager : Event: ======'slide_t_2_3_slide_active'====== Args={'_from_bcp': True}
2023-01-15 18:20:14,837 : INFO : EventManager : Event: ======'slide_t_2_4_slide_removed'====== Args={'_from_bcp': True}
2023-01-15 18:20:14,838 : INFO : EventManager : Event: ======'slide_t_2_4_slide_created'====== Args={'_from_bcp': True}
2023-01-15 18:20:14,838 : INFO : EventManager : Event: ======'slide_t_2_4_slide_active'====== Args={'_from_bcp': True}
2023-01-15 18:20:16,837 : INFO : EventManager : Event: ======'slide_t_3_1_slide_removed'====== Args={'_from_bcp': True}
2023-01-15 18:20:16,837 : INFO : EventManager : Event: ======'slide_t_3_1_slide_created'====== Args={'_from_bcp': True}
2023-01-15 18:20:16,837 : INFO : EventManager : Event: ======'slide_t_3_1_slide_active'====== Args={'_from_bcp': True}
2023-01-15 18:20:18,831 : INFO : EventManager : Event: ======'slide_t_3_2_slide_removed'====== Args={'_from_bcp': True}
2023-01-15 18:20:18,856 : INFO : EventManager : Event: ======'slide_t_3_2_slide_created'====== Args={'_from_bcp': True}
2023-01-15 18:20:18,904 : INFO : EventManager : Event: ======'slide_t_3_2_slide_active'====== Args={'_from_bcp': True}
2023-01-15 18:20:20,808 : INFO : EventManager : Event: ======'slide_t_3_3_slide_removed'====== Args={'_from_bcp': True}
2023-01-15 18:20:20,812 : INFO : EventManager : Event: ======'slide_t_3_3_slide_created'====== Args={'_from_bcp': True}
2023-01-15 18:20:20,817 : INFO : EventManager : Event: ======'slide_t_3_3_slide_active'====== Args={'_from_bcp': True}
2023-01-15 18:20:22,809 : INFO : EventManager : Event: ======'slide_t_3_4_slide_removed'====== Args={'_from_bcp': True}
2023-01-15 18:20:22,827 : INFO : EventManager : Event: ======'slide_t_3_4_slide_created'====== Args={'_from_bcp': True}
2023-01-15 18:20:22,827 : INFO : EventManager : Event: ======'slide_t_3_4_slide_active'====== Args={'_from_bcp': True}
2023-01-15 18:20:24,807 : INFO : EventManager : Event: ======'slide_t_4_1_slide_removed'====== Args={'_from_bcp': True}
2023-01-15 18:20:24,813 : INFO : EventManager : Event: ======'slide_t_4_1_slide_created'====== Args={'_from_bcp': True}
2023-01-15 18:20:24,818 : INFO : EventManager : Event: ======'slide_t_4_1_slide_active'====== Args={'_from_bcp': True}
2023-01-15 18:20:26,807 : INFO : EventManager : Event: ======'slide_t_4_2_slide_removed'====== Args={'_from_bcp': True}
2023-01-15 18:20:26,813 : INFO : EventManager : Event: ======'slide_t_4_2_slide_created'====== Args={'_from_bcp': True}
2023-01-15 18:20:26,818 : INFO : EventManager : Event: ======'slide_t_4_2_slide_active'====== Args={'_from_bcp': True}
2023-01-15 18:20:28,807 : INFO : EventManager : Event: ======'slide_t_4_3_slide_removed'====== Args={'_from_bcp': True}
2023-01-15 18:20:28,889 : INFO : EventManager : Event: ======'slide_t_4_3_slide_created'====== Args={'_from_bcp': True}
2023-01-15 18:20:28,896 : INFO : EventManager : Event: ======'slide_t_4_3_slide_active'====== Args={'_from_bcp': True}
2023-01-15 18:20:30,815 : INFO : EventManager : Event: ======'slide_t_4_4_slide_removed'====== Args={'_from_bcp': True}
2023-01-15 18:20:30,815 : INFO : EventManager : Event: ======'slide_t_4_4_slide_created'====== Args={'_from_bcp': True}
2023-01-15 18:20:30,820 : INFO : EventManager : Event: ======'slide_t_4_4_slide_active'====== Args={'_from_bcp': True}
2023-01-15 18:20:32,823 : INFO : EventManager : Event: ======'slide_commander_2_removed'====== Args={'_from_bcp': True}
2023-01-15 18:20:32,825 : INFO : EventManager : Event: ======'slide_commander_2_created'====== Args={'_from_bcp': True}
2023-01-15 18:20:32,826 : INFO : EventManager : Event: ======'slide_commander_2_active'====== Args={'_from_bcp': True}
2023-01-15 18:20:34,834 : INFO : EventManager : Event: ======'slide_red_removed'====== Args={'_from_bcp': True}
2023-01-15 18:20:34,864 : INFO : EventManager : Event: ======'slide_red_created'====== Args={'_from_bcp': True}
2023-01-15 18:20:34,885 : INFO : EventManager : Event: ======'slide_red_active'====== Args={'_from_bcp': True}
2023-01-15 18:20:36,822 : INFO : EventManager : Event: ======'slide_blue_removed'====== Args={'_from_bcp': True}
2023-01-15 18:20:36,848 : INFO : EventManager : Event: ======'slide_blue_created'====== Args={'_from_bcp': True}
2023-01-15 18:20:36,872 : INFO : EventManager : Event: ======'slide_blue_active'====== Args={'_from_bcp': True}
2023-01-15 18:20:38,852 : INFO : EventManager : Event: ======'slide_green_removed'====== Args={'_from_bcp': True}
2023-01-15 18:20:38,881 : INFO : EventManager : Event: ======'slide_green_created'====== Args={'_from_bcp': True}
2023-01-15 18:20:38,906 : INFO : EventManager : Event: ======'slide_green_active'====== Args={'_from_bcp': True}
2023-01-15 18:20:40,820 : INFO : EventManager : Event: ======'slide_yellow_removed'====== Args={'_from_bcp': True}
2023-01-15 18:20:40,848 : INFO : EventManager : Event: ======'slide_yellow_created'====== Args={'_from_bcp': True}
2023-01-15 18:20:40,868 : INFO : EventManager : Event: ======'slide_yellow_active'====== Args={'_from_bcp': True}
2023-01-15 18:20:42,832 : INFO : EventManager : Event: ======'slide_capture_1_removed'====== Args={'_from_bcp': True}
2023-01-15 18:20:42,832 : INFO : EventManager : Event: ======'slide_capture_1_created'====== Args={'_from_bcp': True}
2023-01-15 18:20:42,832 : INFO : EventManager : Event: ======'slide_capture_1_active'====== Args={'_from_bcp': True}
2023-01-15 18:20:43,989 : INFO : SwitchController : <<<<<<< 's_left_flipper' active >>>>>>>
2023-01-15 18:20:43,989 : INFO : EventManager : Event: ======'s_left_flipper_active'====== Args={}
2023-01-15 18:20:44,091 : INFO : EventManager : Event: ======'slide_yellow_removed'====== Args={'_from_bcp': True}
2023-01-15 18:20:44,187 : INFO : EventManager : Event: ======'slide_yellow_created'====== Args={'_from_bcp': True}
2023-01-15 18:20:44,209 : INFO : EventManager : Event: ======'slide_yellow_active'====== Args={'_from_bcp': True}
2023-01-15 18:20:44,213 : INFO : SwitchController : <<<<<<< 's_left_flipper' inactive >>>>>>>
2023-01-15 18:20:44,225 : INFO : SwitchController : <<<<<<< 's_left_flipper' active >>>>>>>
2023-01-15 18:20:44,225 : INFO : EventManager : Event: ======'s_left_flipper_active'====== Args={}
2023-01-15 18:20:44,250 : INFO : SwitchController : <<<<<<< 's_left_flipper' inactive >>>>>>>
2023-01-15 18:20:44,268 : INFO : EventManager : Event: ======'slide_green_removed'====== Args={'_from_bcp': True}
2023-01-15 18:20:44,287 : INFO : EventManager : Event: ======'slide_green_created'====== Args={'_from_bcp': True}
2023-01-15 18:20:44,311 : INFO : EventManager : Event: ======'slide_green_active'====== Args={'_from_bcp': True}
2023-01-15 18:20:44,377 : INFO : SwitchController : <<<<<<< 's_left_flipper' active >>>>>>>
2023-01-15 18:20:44,377 : INFO : EventManager : Event: ======'s_left_flipper_active'====== Args={}
2023-01-15 18:20:44,403 : INFO : EventManager : Event: ======'slide_blue_removed'====== Args={'_from_bcp': True}
2023-01-15 18:20:44,434 : INFO : EventManager : Event: ======'slide_blue_created'====== Args={'_from_bcp': True}
2023-01-15 18:20:44,458 : INFO : EventManager : Event: ======'slide_blue_active'====== Args={'_from_bcp': True}
2023-01-15 18:20:44,478 : INFO : SwitchController : <<<<<<< 's_left_flipper' inactive >>>>>>>
2023-01-15 18:20:44,557 : INFO : SwitchController : <<<<<<< 's_left_flipper' active >>>>>>>
2023-01-15 18:20:44,557 : INFO : EventManager : Event: ======'s_left_flipper_active'====== Args={}
2023-01-15 18:20:44,588 : INFO : EventManager : Event: ======'slide_red_removed'====== Args={'_from_bcp': True}
2023-01-15 18:20:44,615 : INFO : EventManager : Event: ======'slide_red_created'====== Args={'_from_bcp': True}
2023-01-15 18:20:44,637 : INFO : EventManager : Event: ======'slide_red_active'====== Args={'_from_bcp': True}
2023-01-15 18:20:44,658 : INFO : SwitchController : <<<<<<< 's_left_flipper' inactive >>>>>>>
2023-01-15 18:20:44,756 : INFO : SwitchController : <<<<<<< 's_left_flipper' active >>>>>>>
2023-01-15 18:20:44,756 : INFO : EventManager : Event: ======'s_left_flipper_active'====== Args={}
2023-01-15 18:20:44,781 : INFO : EventManager : Event: ======'slide_commander_2_removed'====== Args={'_from_bcp': True}
2023-01-15 18:20:44,782 : INFO : EventManager : Event: ======'slide_commander_2_created'====== Args={'_from_bcp': True}
2023-01-15 18:20:44,782 : INFO : EventManager : Event: ======'slide_commander_2_active'====== Args={'_from_bcp': True}
2023-01-15 18:20:44,838 : INFO : SwitchController : <<<<<<< 's_left_flipper' inactive >>>>>>>
2023-01-15 18:20:44,982 : INFO : SwitchController : <<<<<<< 's_left_flipper' active >>>>>>>
2023-01-15 18:20:44,982 : INFO : EventManager : Event: ======'s_left_flipper_active'====== Args={}
2023-01-15 18:20:44,992 : INFO : EventManager : Event: ======'slide_t_4_4_slide_removed'====== Args={'_from_bcp': True}
2023-01-15 18:20:44,999 : INFO : EventManager : Event: ======'slide_t_4_4_slide_created'====== Args={'_from_bcp': True}
2023-01-15 18:20:45,021 : INFO : EventManager : Event: ======'slide_t_4_4_slide_active'====== Args={'_from_bcp': True}
2023-01-15 18:20:45,059 : INFO : SwitchController : <<<<<<< 's_left_flipper' inactive >>>>>>>
2023-01-15 18:20:45,327 : INFO : SwitchController : <<<<<<< 's_left_flipper' active >>>>>>>
2023-01-15 18:20:45,327 : INFO : EventManager : Event: ======'s_left_flipper_active'====== Args={}
2023-01-15 18:20:45,344 : INFO : EventManager : Event: ======'slide_t_4_3_slide_removed'====== Args={'_from_bcp': True}
2023-01-15 18:20:45,348 : INFO : EventManager : Event: ======'slide_t_4_3_slide_created'====== Args={'_from_bcp': True}
2023-01-15 18:20:45,357 : INFO : EventManager : Event: ======'slide_t_4_3_slide_active'====== Args={'_from_bcp': True}
2023-01-15 18:20:45,390 : INFO : SwitchController : <<<<<<< 's_left_flipper' inactive >>>>>>>
2023-01-15 18:20:45,655 : INFO : SwitchController : <<<<<<< 's_right_flipper' active >>>>>>>
2023-01-15 18:20:45,656 : INFO : EventManager : Event: ======'s_right_flipper_active'====== Args={}
2023-01-15 18:20:45,680 : INFO : EventManager : Event: ======'slide_t_4_4_slide_removed'====== Args={'_from_bcp': True}
2023-01-15 18:20:45,681 : INFO : EventManager : Event: ======'slide_t_4_4_slide_created'====== Args={'_from_bcp': True}
2023-01-15 18:20:45,688 : INFO : EventManager : Event: ======'slide_t_4_4_slide_active'====== Args={'_from_bcp': True}
2023-01-15 18:20:45,723 : INFO : SwitchController : <<<<<<< 's_right_flipper' inactive >>>>>>>
2023-01-15 18:20:45,880 : INFO : SwitchController : <<<<<<< 's_right_flipper' active >>>>>>>
2023-01-15 18:20:45,880 : INFO : EventManager : Event: ======'s_right_flipper_active'====== Args={}
2023-01-15 18:20:45,891 : INFO : EventManager : Event: ======'slide_commander_2_removed'====== Args={'_from_bcp': True}
2023-01-15 18:20:45,892 : INFO : EventManager : Event: ======'slide_commander_2_created'====== Args={'_from_bcp': True}
2023-01-15 18:20:45,894 : INFO : EventManager : Event: ======'slide_commander_2_active'====== Args={'_from_bcp': True}
2023-01-15 18:20:45,938 : INFO : SwitchController : <<<<<<< 's_right_flipper' inactive >>>>>>>
2023-01-15 18:20:46,551 : INFO : SwitchController : <<<<<<< 's_left_flipper' active >>>>>>>
2023-01-15 18:20:46,551 : INFO : EventManager : Event: ======'s_left_flipper_active'====== Args={}
2023-01-15 18:20:46,562 : INFO : EventManager : Event: ======'slide_t_4_4_slide_removed'====== Args={'_from_bcp': True}
2023-01-15 18:20:46,565 : INFO : EventManager : Event: ======'slide_t_4_4_slide_created'====== Args={'_from_bcp': True}
2023-01-15 18:20:46,571 : INFO : EventManager : Event: ======'slide_t_4_4_slide_active'====== Args={'_from_bcp': True}
2023-01-15 18:20:46,609 : INFO : SwitchController : <<<<<<< 's_left_flipper' inactive >>>>>>>
2023-01-15 18:20:46,755 : INFO : SwitchController : <<<<<<< 's_left_flipper' active >>>>>>>
2023-01-15 18:20:46,755 : INFO : EventManager : Event: ======'s_left_flipper_active'====== Args={}
2023-01-15 18:20:46,781 : INFO : EventManager : Event: ======'slide_t_4_3_slide_removed'====== Args={'_from_bcp': True}
2023-01-15 18:20:46,781 : INFO : EventManager : Event: ======'slide_t_4_3_slide_created'====== Args={'_from_bcp': True}
2023-01-15 18:20:46,788 : INFO : EventManager : Event: ======'slide_t_4_3_slide_active'====== Args={'_from_bcp': True}
2023-01-15 18:20:46,805 : INFO : SwitchController : <<<<<<< 's_left_flipper' inactive >>>>>>>
2023-01-15 18:20:46,955 : INFO : SwitchController : <<<<<<< 's_left_flipper' active >>>>>>>
2023-01-15 18:20:46,956 : INFO : EventManager : Event: ======'s_left_flipper_active'====== Args={}
2023-01-15 18:20:46,980 : INFO : EventManager : Event: ======'slide_t_4_2_slide_removed'====== Args={'_from_bcp': True}
2023-01-15 18:20:46,983 : INFO : EventManager : Event: ======'slide_t_4_2_slide_created'====== Args={'_from_bcp': True}
2023-01-15 18:20:46,989 : INFO : EventManager : Event: ======'slide_t_4_2_slide_active'====== Args={'_from_bcp': True}
2023-01-15 18:20:47,023 : INFO : SwitchController : <<<<<<< 's_left_flipper' inactive >>>>>>>
2023-01-15 18:20:47,179 : INFO : SwitchController : <<<<<<< 's_left_flipper' active >>>>>>>
2023-01-15 18:20:47,179 : INFO : EventManager : Event: ======'s_left_flipper_active'====== Args={}
2023-01-15 18:20:47,194 : INFO : EventManager : Event: ======'slide_t_4_1_slide_removed'====== Args={'_from_bcp': True}
2023-01-15 18:20:47,198 : INFO : EventManager : Event: ======'slide_t_4_1_slide_created'====== Args={'_from_bcp': True}
2023-01-15 18:20:47,218 : INFO : EventManager : Event: ======'slide_t_4_1_slide_active'====== Args={'_from_bcp': True}
2023-01-15 18:20:47,275 : INFO : SwitchController : <<<<<<< 's_left_flipper' inactive >>>>>>>
2023-01-15 18:20:47,438 : INFO : SwitchController : <<<<<<< 's_left_flipper' active >>>>>>>
2023-01-15 18:20:47,438 : INFO : EventManager : Event: ======'s_left_flipper_active'====== Args={}
2023-01-15 18:20:47,463 : INFO : EventManager : Event: ======'slide_t_3_4_slide_removed'====== Args={'_from_bcp': True}
2023-01-15 18:20:47,475 : INFO : EventManager : Event: ======'slide_t_3_4_slide_created'====== Args={'_from_bcp': True}
2023-01-15 18:20:47,483 : INFO : EventManager : Event: ======'slide_t_3_4_slide_active'====== Args={'_from_bcp': True}
2023-01-15 18:20:47,541 : INFO : SwitchController : <<<<<<< 's_left_flipper' inactive >>>>>>>
2023-01-15 18:20:47,672 : INFO : SwitchController : <<<<<<< 's_left_flipper' active >>>>>>>
2023-01-15 18:20:47,672 : INFO : EventManager : Event: ======'s_left_flipper_active'====== Args={}
2023-01-15 18:20:47,696 : INFO : EventManager : Event: ======'slide_t_3_3_slide_removed'====== Args={'_from_bcp': True}
2023-01-15 18:20:47,799 : INFO : EventManager : Event: ======'slide_t_3_3_slide_created'====== Args={'_from_bcp': True}
2023-01-15 18:20:47,804 : INFO : EventManager : Event: ======'slide_t_3_3_slide_active'====== Args={'_from_bcp': True}
2023-01-15 18:20:47,822 : INFO : SwitchController : <<<<<<< 's_left_flipper' inactive >>>>>>>
2023-01-15 18:20:47,900 : INFO : SwitchController : <<<<<<< 's_left_flipper' active >>>>>>>
2023-01-15 18:20:47,900 : INFO : EventManager : Event: ======'s_left_flipper_active'====== Args={}
2023-01-15 18:20:47,909 : INFO : EventManager : Event: ======'slide_t_3_2_slide_removed'====== Args={'_from_bcp': True}
2023-01-15 18:20:47,914 : INFO : EventManager : Event: ======'slide_t_3_2_slide_created'====== Args={'_from_bcp': True}
2023-01-15 18:20:47,919 : INFO : EventManager : Event: ======'slide_t_3_2_slide_active'====== Args={'_from_bcp': True}
2023-01-15 18:20:47,941 : INFO : SwitchController : <<<<<<< 's_left_flipper' inactive >>>>>>>
2023-01-15 18:20:48,106 : INFO : SwitchController : <<<<<<< 's_left_flipper' active >>>>>>>
2023-01-15 18:20:48,106 : INFO : EventManager : Event: ======'s_left_flipper_active'====== Args={}
2023-01-15 18:20:48,131 : INFO : EventManager : Event: ======'slide_t_3_1_slide_removed'====== Args={'_from_bcp': True}
2023-01-15 18:20:48,141 : INFO : EventManager : Event: ======'slide_t_3_1_slide_created'====== Args={'_from_bcp': True}
2023-01-15 18:20:48,150 : INFO : EventManager : Event: ======'slide_t_3_1_slide_active'====== Args={'_from_bcp': True}
2023-01-15 18:20:48,178 : INFO : SwitchController : <<<<<<< 's_left_flipper' inactive >>>>>>>
2023-01-15 18:20:48,330 : INFO : SwitchController : <<<<<<< 's_left_flipper' active >>>>>>>
2023-01-15 18:20:48,330 : INFO : EventManager : Event: ======'s_left_flipper_active'====== Args={}
2023-01-15 18:20:48,342 : INFO : EventManager : Event: ======'slide_t_2_4_slide_removed'====== Args={'_from_bcp': True}
2023-01-15 18:20:48,348 : INFO : EventManager : Event: ======'slide_t_2_4_slide_created'====== Args={'_from_bcp': True}
2023-01-15 18:20:48,368 : INFO : EventManager : Event: ======'slide_t_2_4_slide_active'====== Args={'_from_bcp': True}
2023-01-15 18:20:48,390 : INFO : SwitchController : <<<<<<< 's_left_flipper' inactive >>>>>>>
2023-01-15 18:20:48,564 : INFO : SwitchController : <<<<<<< 's_left_flipper' active >>>>>>>
2023-01-15 18:20:48,564 : INFO : EventManager : Event: ======'s_left_flipper_active'====== Args={}
2023-01-15 18:20:48,579 : INFO : EventManager : Event: ======'slide_t_2_3_slide_removed'====== Args={'_from_bcp': True}
2023-01-15 18:20:48,586 : INFO : EventManager : Event: ======'slide_t_2_3_slide_created'====== Args={'_from_bcp': True}
2023-01-15 18:20:48,603 : INFO : EventManager : Event: ======'slide_t_2_3_slide_active'====== Args={'_from_bcp': True}
2023-01-15 18:20:48,622 : INFO : SwitchController : <<<<<<< 's_left_flipper' inactive >>>>>>>
2023-01-15 18:20:48,794 : INFO : SwitchController : <<<<<<< 's_left_flipper' active >>>>>>>
2023-01-15 18:20:48,794 : INFO : EventManager : Event: ======'s_left_flipper_active'====== Args={}
2023-01-15 18:20:48,810 : INFO : EventManager : Event: ======'slide_t_2_2_slide_removed'====== Args={'_from_bcp': True}
2023-01-15 18:20:48,815 : INFO : EventManager : Event: ======'slide_t_2_2_slide_created'====== Args={'_from_bcp': True}
2023-01-15 18:20:48,822 : INFO : EventManager : Event: ======'slide_t_2_2_slide_active'====== Args={'_from_bcp': True}
2023-01-15 18:20:48,857 : INFO : SwitchController : <<<<<<< 's_left_flipper' inactive >>>>>>>
2023-01-15 18:20:49,008 : INFO : SwitchController : <<<<<<< 's_left_flipper' active >>>>>>>
2023-01-15 18:20:49,008 : INFO : EventManager : Event: ======'s_left_flipper_active'====== Args={}
2023-01-15 18:20:49,033 : INFO : EventManager : Event: ======'slide_t_2_1_slide_removed'====== Args={'_from_bcp': True}
2023-01-15 18:20:49,034 : INFO : EventManager : Event: ======'slide_t_2_1_slide_created'====== Args={'_from_bcp': True}
2023-01-15 18:20:49,037 : INFO : EventManager : Event: ======'slide_t_2_1_slide_active'====== Args={'_from_bcp': True}
2023-01-15 18:20:49,056 : INFO : SwitchController : <<<<<<< 's_left_flipper' inactive >>>>>>>
2023-01-15 18:20:49,226 : INFO : SwitchController : <<<<<<< 's_left_flipper' active >>>>>>>
2023-01-15 18:20:49,226 : INFO : EventManager : Event: ======'s_left_flipper_active'====== Args={}
2023-01-15 18:20:49,242 : INFO : EventManager : Event: ======'slide_t_1_4_slide_removed'====== Args={'_from_bcp': True}
2023-01-15 18:20:49,250 : INFO : EventManager : Event: ======'slide_t_1_4_slide_created'====== Args={'_from_bcp': True}
2023-01-15 18:20:49,257 : INFO : EventManager : Event: ======'slide_t_1_4_slide_active'====== Args={'_from_bcp': True}
2023-01-15 18:20:49,289 : INFO : SwitchController : <<<<<<< 's_left_flipper' inactive >>>>>>>
2023-01-15 18:20:49,489 : INFO : SwitchController : <<<<<<< 's_left_flipper' active >>>>>>>
2023-01-15 18:20:49,489 : INFO : EventManager : Event: ======'s_left_flipper_active'====== Args={}
2023-01-15 18:20:49,515 : INFO : EventManager : Event: ======'slide_t_1_3_slide_removed'====== Args={'_from_bcp': True}
2023-01-15 18:20:49,516 : INFO : EventManager : Event: ======'slide_t_1_3_slide_created'====== Args={'_from_bcp': True}
2023-01-15 18:20:49,521 : INFO : EventManager : Event: ======'slide_t_1_3_slide_active'====== Args={'_from_bcp': True}
2023-01-15 18:20:49,573 : INFO : SwitchController : <<<<<<< 's_left_flipper' inactive >>>>>>>
2023-01-15 18:20:49,772 : INFO : SwitchController : <<<<<<< 's_left_flipper' active >>>>>>>
2023-01-15 18:20:49,772 : INFO : EventManager : Event: ======'s_left_flipper_active'====== Args={}
2023-01-15 18:20:49,797 : INFO : EventManager : Event: ======'slide_t_1_2_slide_removed'====== Args={'_from_bcp': True}
2023-01-15 18:20:49,799 : INFO : EventManager : Event: ======'slide_t_1_2_slide_created'====== Args={'_from_bcp': True}
2023-01-15 18:20:49,805 : INFO : EventManager : Event: ======'slide_t_1_2_slide_active'====== Args={'_from_bcp': True}
2023-01-15 18:20:49,839 : INFO : SwitchController : <<<<<<< 's_left_flipper' inactive >>>>>>>
2023-01-15 18:20:50,239 : INFO : SwitchController : <<<<<<< 's_left_flipper' active >>>>>>>
2023-01-15 18:20:50,239 : INFO : EventManager : Event: ======'s_left_flipper_active'====== Args={}
2023-01-15 18:20:50,264 : INFO : EventManager : Event: ======'slide_t_1_1_slide_removed'====== Args={'_from_bcp': True}
2023-01-15 18:20:50,266 : INFO : EventManager : Event: ======'slide_t_1_1_slide_created'====== Args={'_from_bcp': True}
2023-01-15 18:20:50,271 : INFO : EventManager : Event: ======'slide_t_1_1_slide_active'====== Args={'_from_bcp': True}
2023-01-15 18:20:50,307 : INFO : SwitchController : <<<<<<< 's_left_flipper' inactive >>>>>>>
2023-01-15 18:20:50,686 : INFO : SwitchController : <<<<<<< 's_left_flipper' active >>>>>>>
2023-01-15 18:20:50,686 : INFO : EventManager : Event: ======'s_left_flipper_active'====== Args={}
2023-01-15 18:20:50,697 : INFO : EventManager : Event: ======'slide_aircraft_slide_removed'====== Args={'_from_bcp': True}
2023-01-15 18:20:50,697 : INFO : EventManager : Event: ======'slide_aircraft_slide_created'====== Args={'_from_bcp': True}
2023-01-15 18:20:50,698 : INFO : EventManager : Event: ======'slide_aircraft_slide_active'====== Args={'_from_bcp': True}
2023-01-15 18:20:50,762 : INFO : SwitchController : <<<<<<< 's_left_flipper' inactive >>>>>>>
2023-01-15 18:20:51,150 : INFO : SwitchController : <<<<<<< 's_left_flipper' active >>>>>>>
2023-01-15 18:20:51,150 : INFO : EventManager : Event: ======'s_left_flipper_active'====== Args={}
2023-01-15 18:20:51,161 : INFO : EventManager : Event: ======'slide_medals_removed'====== Args={'_from_bcp': True}
2023-01-15 18:20:51,163 : INFO : EventManager : Event: ======'slide_medals_created'====== Args={'_from_bcp': True}
2023-01-15 18:20:51,166 : INFO : EventManager : Event: ======'slide_medals_active'====== Args={'_from_bcp': True}
2023-01-15 18:20:51,227 : INFO : SwitchController : <<<<<<< 's_left_flipper' inactive >>>>>>>
2023-01-15 18:20:52,038 : INFO : SwitchController : <<<<<<< 's_left_flipper' active >>>>>>>
2023-01-15 18:20:52,039 : INFO : EventManager : Event: ======'s_left_flipper_active'====== Args={}
2023-01-15 18:20:52,072 : INFO : EventManager : Event: ======'slide_medals_back_removed'====== Args={'_from_bcp': True}
2023-01-15 18:20:52,072 : INFO : EventManager : Event: ======'slide_medals_back_created'====== Args={'_from_bcp': True}
2023-01-15 18:20:52,072 : INFO : EventManager : Event: ======'slide_medals_back_active'====== Args={'_from_bcp': True}
2023-01-15 18:20:52,149 : INFO : SwitchController : <<<<<<< 's_left_flipper' inactive >>>>>>>
2023-01-15 18:20:52,464 : INFO : SwitchController : <<<<<<< 's_right_flipper' active >>>>>>>
2023-01-15 18:20:52,464 : INFO : EventManager : Event: ======'s_right_flipper_active'====== Args={}
2023-01-15 18:20:52,475 : INFO : EventManager : Event: ======'slide_medals_removed'====== Args={'_from_bcp': True}
2023-01-15 18:20:52,480 : INFO : EventManager : Event: ======'slide_medals_created'====== Args={'_from_bcp': True}
2023-01-15 18:20:52,487 : INFO : EventManager : Event: ======'slide_medals_active'====== Args={'_from_bcp': True}
2023-01-15 18:20:52,523 : INFO : SwitchController : <<<<<<< 's_right_flipper' inactive >>>>>>>
2023-01-15 18:20:53,300 : INFO : Machine : Shutting down...
2023-01-15 18:20:53,301 : INFO : EventManager : Event: ======'shutdown'====== Args={}
2023-01-15 18:20:53,303 : INFO : root : MPF run loop ended.
