2023-01-02 22:51:17,674 : INFO : root : Loading config.
2023-01-02 22:51:17,677 : INFO : YamlMultifileConfigLoader : Machine config file #1: config.yaml
2023-01-02 22:51:17,677 : INFO : ConfigProcessor : Loading config from cache: C:\Users\dell\AppData\Local\Temp\823390186140f561069e51d67517f5d0.mpf_cache
2023-01-02 22:51:17,683 : WARNING : ConfigProcessor : Config file in cache changed: E:\MPF\wows\wows\config\primary/config_hardware.yaml
2023-01-02 22:51:17,683 : INFO : ConfigProcessor : Loading config from file c:\users\dell\appdata\local\programs\python\python36\lib\site-packages\mpf\mpfconfig.yaml.
2023-01-02 22:51:17,753 : INFO : ConfigProcessor : Loading config: c:\users\dell\appdata\local\programs\python\python36\lib\site-packages\mpf\mpfconfig.yaml
2023-01-02 22:51:17,754 : INFO : ConfigProcessor : Loading config from file E:\MPF\wows\wows\config\config.yaml.
2023-01-02 22:51:17,756 : INFO : ConfigProcessor : Loading config: E:\MPF\wows\wows\config\config.yaml
2023-01-02 22:51:17,765 : INFO : ConfigProcessor : Loading config: E:\MPF\wows\wows\config\primary/config_else_virtual.yaml
2023-01-02 22:51:17,836 : INFO : ConfigProcessor : Loading config: E:\MPF\wows\wows\config\primary/config_hardware.yaml
2023-01-02 22:51:17,841 : INFO : ConfigProcessor : Loading config: E:\MPF\wows\wows\config\primary/config_keys.yaml
2023-01-02 22:51:17,890 : INFO : ConfigProcessor : Loading config: E:\MPF\wows\wows\config\primary/config_logic.yaml
2023-01-02 22:51:17,895 : INFO : ConfigProcessor : Loading config: E:\MPF\wows\wows\config\primary/config_modes.yaml
2023-01-02 22:51:17,901 : INFO : ConfigProcessor : Loading config: E:\MPF\wows\wows\config\primary/config_operator_settings.yaml
2023-01-02 22:51:17,920 : INFO : ConfigProcessor : Loading config: E:\MPF\wows\wows\config\primary/config_sound_music.yaml
2023-01-02 22:51:17,983 : INFO : ConfigProcessor : Loading config: E:\MPF\wows\wows\config\primary/config_values.yaml
2023-01-02 22:51:17,992 : INFO : ConfigProcessor : Loading config: E:\MPF\wows\wows\config\primary/config_virtual_hardware.yaml
2023-01-02 22:51:18,395 : INFO : ConfigProcessor : Loading config: E:\MPF\wows\wows\config\support/config_support_mode_end.yaml
2023-01-02 22:51:18,420 : INFO : ConfigProcessor : Loading config: E:\MPF\wows\wows\config\support/config_support_hc.yaml
2023-01-02 22:51:18,427 : INFO : ConfigProcessor : Loading config: E:\MPF\wows\wows\config\support/config_support_capture.yaml
2023-01-02 22:51:18,443 : INFO : ConfigProcessor : Loading config: E:\MPF\wows\wows\config\support/config_support_commander.yaml
2023-01-02 22:51:18,489 : INFO : ConfigProcessor : Loading config: E:\MPF\wows\wows\config\support/config_support_dmg_con.yaml
2023-01-02 22:51:18,507 : INFO : ConfigProcessor : Config file cache created: C:\Users\dell\AppData\Local\Temp\823390186140f561069e51d67517f5d0.mpf_cache
2023-01-02 22:51:18,569 : INFO : ConfigProcessor : Loading config from cache: C:\Users\dell\AppData\Local\Temp\59a64183768b31a5bf2b8a1c5fa05afc.mpf_cache
2023-01-02 22:51:18,570 : INFO : ConfigProcessor : Loading config from cache: C:\Users\dell\AppData\Local\Temp\e4aaedaa0a5d6d283bdf8896bd678b71.mpf_cache
2023-01-02 22:51:18,571 : INFO : ConfigProcessor : Loading config from cache: C:\Users\dell\AppData\Local\Temp\59a64183768b31a5bf2b8a1c5fa05afc.mpf_cache
2023-01-02 22:51:18,571 : INFO : ConfigProcessor : Loading config from cache: C:\Users\dell\AppData\Local\Temp\d05889abdb32f5a85db64ac2e197f4ff.mpf_cache
2023-01-02 22:51:18,572 : INFO : ConfigProcessor : Loading config from cache: C:\Users\dell\AppData\Local\Temp\434c2e3a52e1507818428e1c584a9ae0.mpf_cache
2023-01-02 22:51:18,572 : INFO : ConfigProcessor : Loading config from cache: C:\Users\dell\AppData\Local\Temp\c96ee90647ae5b034e2dd42c348c42ad.mpf_cache
2023-01-02 22:51:18,573 : INFO : ConfigProcessor : Loading config from cache: C:\Users\dell\AppData\Local\Temp\ca0415bb38fd20ce1ae72b2592ece46e.mpf_cache
2023-01-02 22:51:18,573 : INFO : ConfigProcessor : Loading config from cache: C:\Users\dell\AppData\Local\Temp\72e9fea1cb562e40024eb5e8538ccaf2.mpf_cache
2023-01-02 22:51:18,573 : INFO : ConfigProcessor : Loading config from cache: C:\Users\dell\AppData\Local\Temp\c22c03646c3330fed25ec0d2c1900176.mpf_cache
2023-01-02 22:51:18,574 : INFO : ConfigProcessor : Loading config from cache: C:\Users\dell\AppData\Local\Temp\4f40b51a2a6ab6b3327b174347355c6f.mpf_cache
2023-01-02 22:51:18,575 : INFO : ConfigProcessor : Loading config from cache: C:\Users\dell\AppData\Local\Temp\39fabcdae38f081491893b3f9bf3922e.mpf_cache
2023-01-02 22:51:18,575 : INFO : ConfigProcessor : Loading config from cache: C:\Users\dell\AppData\Local\Temp\f18cd76783971ff471759940af4bc5eb.mpf_cache
2023-01-02 22:51:18,576 : INFO : ConfigProcessor : Loading config from cache: C:\Users\dell\AppData\Local\Temp\943ecf72a5798e3efec3d4f70c6ce1d2.mpf_cache
2023-01-02 22:51:18,576 : INFO : ConfigProcessor : Loading config from cache: C:\Users\dell\AppData\Local\Temp\04d9c03061fa17a1f6b23081f79db9ab.mpf_cache
2023-01-02 22:51:18,577 : INFO : ConfigProcessor : Loading config from cache: C:\Users\dell\AppData\Local\Temp\1ff29be1d22fb14fe5fd1c82a6918df4.mpf_cache
2023-01-02 22:51:18,578 : INFO : ConfigProcessor : Loading config from cache: C:\Users\dell\AppData\Local\Temp\f0ffd5ecaddfe34035bf3b1779215a88.mpf_cache
2023-01-02 22:51:18,578 : INFO : ConfigProcessor : Loading config from cache: C:\Users\dell\AppData\Local\Temp\b0de444617e3bf30a07f755a6d4831cc.mpf_cache
2023-01-02 22:51:18,579 : INFO : ConfigProcessor : Loading config from cache: C:\Users\dell\AppData\Local\Temp\200a9b2dddbe7706ffb4c4426b6d54a8.mpf_cache
2023-01-02 22:51:18,579 : INFO : ConfigProcessor : Loading config from cache: C:\Users\dell\AppData\Local\Temp\5ab98d4be1e8de85bea62364890eb2e9.mpf_cache
2023-01-02 22:51:18,579 : INFO : ConfigProcessor : Loading config from cache: C:\Users\dell\AppData\Local\Temp\4303dca7489148da2d256fc831cf8c96.mpf_cache
2023-01-02 22:51:18,580 : INFO : ConfigProcessor : Loading config from cache: C:\Users\dell\AppData\Local\Temp\e8fceecd8f65a6a7269e98c7961bbf6a.mpf_cache
2023-01-02 22:51:18,580 : INFO : ConfigProcessor : Loading config from cache: C:\Users\dell\AppData\Local\Temp\c84d6d08bf6f923cbcccfeeea02d2c8a.mpf_cache
2023-01-02 22:51:18,581 : INFO : ConfigProcessor : Loading config from cache: C:\Users\dell\AppData\Local\Temp\159a0b7ffc6de2ed1a8cdcd57b7df3c0.mpf_cache
2023-01-02 22:51:18,581 : INFO : ConfigProcessor : Loading config from cache: C:\Users\dell\AppData\Local\Temp\dd71d04ba3f4dce8325f2504de3de352.mpf_cache
2023-01-02 22:51:18,582 : INFO : ConfigProcessor : Loading config from cache: C:\Users\dell\AppData\Local\Temp\47da5935da57327449007069e0d0551c.mpf_cache
2023-01-02 22:51:18,582 : INFO : ConfigProcessor : Loading config from cache: C:\Users\dell\AppData\Local\Temp\b1234e2c44a33609dc2af4760c4a3f89.mpf_cache
2023-01-02 22:51:18,583 : INFO : ConfigProcessor : Loading config from cache: C:\Users\dell\AppData\Local\Temp\7ab9985e2a62b75a325504808417b1e7.mpf_cache
2023-01-02 22:51:18,583 : INFO : ConfigProcessor : Loading config from cache: C:\Users\dell\AppData\Local\Temp\466eddfec572894d9eb472ce07aa5fba.mpf_cache
2023-01-02 22:51:18,584 : INFO : ConfigProcessor : Loading config from cache: C:\Users\dell\AppData\Local\Temp\93429a2a8e0859f6546b68f40c2a4656.mpf_cache
2023-01-02 22:51:18,584 : INFO : ConfigProcessor : Loading config from cache: C:\Users\dell\AppData\Local\Temp\95ae88fb094583fa2b4097c6df179650.mpf_cache
2023-01-02 22:51:18,585 : INFO : ConfigProcessor : Loading config from cache: C:\Users\dell\AppData\Local\Temp\de2d3fc178b15ce3807fa4ab35b9c965.mpf_cache
2023-01-02 22:51:18,585 : INFO : ConfigProcessor : Loading config from cache: C:\Users\dell\AppData\Local\Temp\0c80ca2179989d09b86c78c19ec87d9b.mpf_cache
2023-01-02 22:51:18,586 : INFO : ConfigProcessor : Loading config from cache: C:\Users\dell\AppData\Local\Temp\95e265efe14e4eb05d8d5c5689c9ae6b.mpf_cache
2023-01-02 22:51:18,586 : INFO : ConfigProcessor : Loading config from cache: C:\Users\dell\AppData\Local\Temp\ba047bbdc168fca96d58d351c4240916.mpf_cache
2023-01-02 22:51:18,587 : INFO : ConfigProcessor : Loading config from cache: C:\Users\dell\AppData\Local\Temp\7c1900736275ba8a713cfe77e991e929.mpf_cache
2023-01-02 22:51:18,587 : INFO : ConfigProcessor : Loading config from cache: C:\Users\dell\AppData\Local\Temp\db3d1ab92e5d5c563b40d82372434517.mpf_cache
2023-01-02 22:51:18,588 : INFO : ConfigProcessor : Loading config from cache: C:\Users\dell\AppData\Local\Temp\78980531363184480bbd7075661ced33.mpf_cache
2023-01-02 22:51:18,588 : INFO : ConfigProcessor : Loading config from cache: C:\Users\dell\AppData\Local\Temp\efcf079e5af2b94e88dae4e07273acc8.mpf_cache
2023-01-02 22:51:18,589 : INFO : ConfigProcessor : Loading config from cache: C:\Users\dell\AppData\Local\Temp\44231afd4be159e8c99041e8eb88670e.mpf_cache
2023-01-02 22:51:18,589 : INFO : ConfigProcessor : Loading config from cache: C:\Users\dell\AppData\Local\Temp\2b5357265150b67996b1d26df60329cf.mpf_cache
2023-01-02 22:51:18,590 : INFO : ConfigProcessor : Loading config from cache: C:\Users\dell\AppData\Local\Temp\6d62665f0d27f04673542af594d4fd9b.mpf_cache
2023-01-02 22:51:18,590 : INFO : ConfigProcessor : Loading config from cache: C:\Users\dell\AppData\Local\Temp\3748cd4146dd8769dc8203d243b40460.mpf_cache
2023-01-02 22:51:18,591 : INFO : ConfigProcessor : Loading config from cache: C:\Users\dell\AppData\Local\Temp\17743d86d766158b74063aba6bc1c32c.mpf_cache
2023-01-02 22:51:18,591 : INFO : ConfigProcessor : Loading config from cache: C:\Users\dell\AppData\Local\Temp\f880dfaba64907cc1c8d35fe4f9ee098.mpf_cache
2023-01-02 22:51:18,591 : INFO : ConfigProcessor : Loading config from cache: C:\Users\dell\AppData\Local\Temp\b3315542fefac86d8251965e4eddcee0.mpf_cache
2023-01-02 22:51:18,592 : INFO : ConfigProcessor : Loading config from cache: C:\Users\dell\AppData\Local\Temp\c87ce6071caf9b8e671d40e32f84144f.mpf_cache
2023-01-02 22:51:18,592 : INFO : ConfigProcessor : Loading config from cache: C:\Users\dell\AppData\Local\Temp\2896a43e0d61e3501c9963d4b59c6ee0.mpf_cache
2023-01-02 22:51:18,592 : INFO : ConfigProcessor : Loading config from cache: C:\Users\dell\AppData\Local\Temp\ff8f94bde3fa94916ad1b7409fed77bd.mpf_cache
2023-01-02 22:51:18,593 : INFO : ConfigProcessor : Loading config from cache: C:\Users\dell\AppData\Local\Temp\053da04979f77c811527e2c0f3ca94fb.mpf_cache
2023-01-02 22:51:18,594 : INFO : ConfigProcessor : Loading config from cache: C:\Users\dell\AppData\Local\Temp\76437d1e292ff239f4f9dc05fbdd5cdf.mpf_cache
2023-01-02 22:51:18,594 : INFO : ConfigProcessor : Loading config from cache: C:\Users\dell\AppData\Local\Temp\a103f9965307e92153b3826866cd7d56.mpf_cache
2023-01-02 22:51:18,594 : INFO : ConfigProcessor : Loading config from cache: C:\Users\dell\AppData\Local\Temp\edf282469509fb91fe2444b6848262a1.mpf_cache
2023-01-02 22:51:18,595 : INFO : ConfigProcessor : Loading config from cache: C:\Users\dell\AppData\Local\Temp\b8da0a805f864daaf4908642bfd2e7fd.mpf_cache
2023-01-02 22:51:18,595 : INFO : ConfigProcessor : Loading config from cache: C:\Users\dell\AppData\Local\Temp\57bc401cb4a04615f5b5aa4ba6a61eb7.mpf_cache
2023-01-02 22:51:18,595 : INFO : ConfigProcessor : Loading config from cache: C:\Users\dell\AppData\Local\Temp\fee9cc2b93cb113814269e4a59231078.mpf_cache
2023-01-02 22:51:18,596 : INFO : ConfigProcessor : Loading config from cache: C:\Users\dell\AppData\Local\Temp\fcb209f5756d4056b66c34a3e9f20f60.mpf_cache
2023-01-02 22:51:18,596 : INFO : ConfigProcessor : Loading config from cache: C:\Users\dell\AppData\Local\Temp\797d5c88f37a3f4c1eda6cc76ebd1d4b.mpf_cache
2023-01-02 22:51:18,596 : INFO : ConfigProcessor : Loading config from cache: C:\Users\dell\AppData\Local\Temp\fd8f672dffbfb9b282859f7185f62437.mpf_cache
2023-01-02 22:51:18,597 : INFO : ConfigProcessor : Loading config from cache: C:\Users\dell\AppData\Local\Temp\986b6c77a360e7ca0a5b736ec9bfb4fa.mpf_cache
2023-01-02 22:51:18,597 : INFO : ConfigProcessor : Loading config from cache: C:\Users\dell\AppData\Local\Temp\851e1d46f2be32b89fdca6ef94995943.mpf_cache
2023-01-02 22:51:18,597 : INFO : ConfigProcessor : Loading config from cache: C:\Users\dell\AppData\Local\Temp\95f5997d9c4798b115eb453656d93a1f.mpf_cache
2023-01-02 22:51:18,598 : INFO : ConfigProcessor : Loading config from cache: C:\Users\dell\AppData\Local\Temp\804b9a1ad2b0368c8378a1697de79431.mpf_cache
2023-01-02 22:51:18,598 : INFO : ConfigProcessor : Loading config from cache: C:\Users\dell\AppData\Local\Temp\3f05176740ce9b1ce630d9f26057f472.mpf_cache
2023-01-02 22:51:18,599 : INFO : ConfigProcessor : Loading config from cache: C:\Users\dell\AppData\Local\Temp\d75c6855c6bfc342a42171d44ee55d0f.mpf_cache
2023-01-02 22:51:18,599 : INFO : ConfigProcessor : Loading config from cache: C:\Users\dell\AppData\Local\Temp\c03af884f77fd2edff48f1f1b29a0001.mpf_cache
2023-01-02 22:51:18,599 : INFO : ConfigProcessor : Loading config from cache: C:\Users\dell\AppData\Local\Temp\125cf4d7d8d0f7b14ac4e9b5c5fc6dd9.mpf_cache
2023-01-02 22:51:18,600 : INFO : ConfigProcessor : Loading config from cache: C:\Users\dell\AppData\Local\Temp\e98bbe1017594ac8f5dc55070bdaec1b.mpf_cache
2023-01-02 22:51:18,600 : INFO : ConfigProcessor : Loading config from cache: C:\Users\dell\AppData\Local\Temp\540f9a41a139edc7fb3c0d3fef764d79.mpf_cache
2023-01-02 22:51:18,600 : INFO : ConfigProcessor : Loading config from cache: C:\Users\dell\AppData\Local\Temp\66310f6b7da6aa9e1e12a092b4e5ea1e.mpf_cache
2023-01-02 22:51:18,601 : INFO : ConfigProcessor : Loading config from cache: C:\Users\dell\AppData\Local\Temp\e39b84c1f1807716ec310701a6bf0d73.mpf_cache
2023-01-02 22:51:18,601 : INFO : ConfigProcessor : Loading config from cache: C:\Users\dell\AppData\Local\Temp\a3a3c1b8b3198ac6ffa6b5064057ae07.mpf_cache
2023-01-02 22:51:18,601 : INFO : ConfigProcessor : Loading config from cache: C:\Users\dell\AppData\Local\Temp\4eebc146e222c8d9b7fa4d2858e69ea1.mpf_cache
2023-01-02 22:51:18,602 : INFO : ConfigProcessor : Loading config from cache: C:\Users\dell\AppData\Local\Temp\e126248c44ebfdee710b05c2b7d5fe82.mpf_cache
2023-01-02 22:51:18,602 : INFO : ConfigProcessor : Loading config from cache: C:\Users\dell\AppData\Local\Temp\69ecee52b21d2a851426dcc7135d38ea.mpf_cache
2023-01-02 22:51:18,602 : INFO : ConfigProcessor : Loading config from cache: C:\Users\dell\AppData\Local\Temp\56ece61e32d3cc2ed53dd325a47460b4.mpf_cache
2023-01-02 22:51:18,602 : INFO : ConfigProcessor : Loading config from cache: C:\Users\dell\AppData\Local\Temp\d0b1dbeaceec3deef73ab0fce07cd740.mpf_cache
2023-01-02 22:51:18,603 : INFO : ConfigProcessor : Loading config from cache: C:\Users\dell\AppData\Local\Temp\3d3afc7fea552c2bae3e6e1d92aa1a26.mpf_cache
2023-01-02 22:51:18,603 : INFO : ConfigProcessor : Loading config from cache: C:\Users\dell\AppData\Local\Temp\4bd243ad0d8c16d00a837306cf5c3d29.mpf_cache
2023-01-02 22:51:18,603 : INFO : ConfigProcessor : Loading config from cache: C:\Users\dell\AppData\Local\Temp\7f312b640f6d5109d8d1be2a05f128e8.mpf_cache
2023-01-02 22:51:18,604 : INFO : ConfigProcessor : Loading config from cache: C:\Users\dell\AppData\Local\Temp\67980d6a57506cd4da44486112b91bec.mpf_cache
2023-01-02 22:51:18,604 : INFO : ConfigProcessor : Loading config from cache: C:\Users\dell\AppData\Local\Temp\9ec3c911ae7e15f7065133c529810f95.mpf_cache
2023-01-02 22:51:18,604 : INFO : ConfigProcessor : Loading config from cache: C:\Users\dell\AppData\Local\Temp\930069940b749f97f86d219b2ddeacf1.mpf_cache
2023-01-02 22:51:18,605 : INFO : ConfigProcessor : Loading config from cache: C:\Users\dell\AppData\Local\Temp\650f26d6333e64d21657a8ef260f5acf.mpf_cache
2023-01-02 22:51:18,605 : INFO : ConfigProcessor : Loading config from cache: C:\Users\dell\AppData\Local\Temp\7fe69373349de136ea08d265848ee2de.mpf_cache
2023-01-02 22:51:18,605 : INFO : ConfigProcessor : Loading config from cache: C:\Users\dell\AppData\Local\Temp\24196d5bffa5766d9b4a62f9ae23e660.mpf_cache
2023-01-02 22:51:18,605 : INFO : ConfigProcessor : Loading config from cache: C:\Users\dell\AppData\Local\Temp\5f56171e4007003f2e0029bfa218d47c.mpf_cache
2023-01-02 22:51:18,606 : INFO : ConfigProcessor : Loading config from cache: C:\Users\dell\AppData\Local\Temp\9828dc3aacab1158f9e233d43cb3fe1f.mpf_cache
2023-01-02 22:51:18,606 : INFO : ConfigProcessor : Loading config from cache: C:\Users\dell\AppData\Local\Temp\93dd7129697f51b97f6c3186dcf43a8c.mpf_cache
2023-01-02 22:51:18,606 : INFO : ConfigProcessor : Loading config from cache: C:\Users\dell\AppData\Local\Temp\854a9aa5d57e7e92df5c4ac62cddaec0.mpf_cache
2023-01-02 22:51:18,607 : INFO : ConfigProcessor : Loading config from cache: C:\Users\dell\AppData\Local\Temp\4a17f5ab6f47bd6cbffa808b6eeea916.mpf_cache
2023-01-02 22:51:18,607 : INFO : ConfigProcessor : Loading config from cache: C:\Users\dell\AppData\Local\Temp\87b77888918ca02abc6ea55edabaa1e0.mpf_cache
2023-01-02 22:51:18,607 : INFO : ConfigProcessor : Loading config from cache: C:\Users\dell\AppData\Local\Temp\2e8097eb902f0db673edff67ef20cd70.mpf_cache
2023-01-02 22:51:18,608 : INFO : ConfigProcessor : Loading config from cache: C:\Users\dell\AppData\Local\Temp\6dda5ce3394e1c203b91cdb4c3bc5158.mpf_cache
2023-01-02 22:51:18,608 : INFO : ConfigProcessor : Loading config from cache: C:\Users\dell\AppData\Local\Temp\801d82c75b08baf8aba110a640054dee.mpf_cache
2023-01-02 22:51:18,608 : INFO : ConfigProcessor : Loading config from cache: C:\Users\dell\AppData\Local\Temp\6d7eeb6b67afdec81637282a9dda6782.mpf_cache
2023-01-02 22:51:18,609 : INFO : ConfigProcessor : Loading config from cache: C:\Users\dell\AppData\Local\Temp\f18efe2c04100550263acd9a8a6038af.mpf_cache
2023-01-02 22:51:18,609 : INFO : ConfigProcessor : Loading config from cache: C:\Users\dell\AppData\Local\Temp\77dfdfbf7011c8796e93f9e4ee745691.mpf_cache
2023-01-02 22:51:18,609 : INFO : ConfigProcessor : Loading config from cache: C:\Users\dell\AppData\Local\Temp\55e62533d8b0090336fcaf5380faf342.mpf_cache
2023-01-02 22:51:18,609 : INFO : ConfigProcessor : Loading config from cache: C:\Users\dell\AppData\Local\Temp\9fa4a25ee32f55bf2c6a76fb59d8bbaf.mpf_cache
2023-01-02 22:51:18,610 : INFO : ConfigProcessor : Loading config from cache: C:\Users\dell\AppData\Local\Temp\7e90ab1bc560333dd4b4d9f4aaf6bf62.mpf_cache
2023-01-02 22:51:18,610 : INFO : ConfigProcessor : Loading config from cache: C:\Users\dell\AppData\Local\Temp\24505a0d42d384632078d94085b52904.mpf_cache
2023-01-02 22:51:18,610 : INFO : ConfigProcessor : Loading config from cache: C:\Users\dell\AppData\Local\Temp\d2e2dee5d391f181bf417bbfa62b8ee2.mpf_cache
2023-01-02 22:51:18,611 : INFO : ConfigProcessor : Loading config from cache: C:\Users\dell\AppData\Local\Temp\4398dc713d774371f49c655025259670.mpf_cache
2023-01-02 22:51:18,611 : INFO : ConfigProcessor : Loading config from cache: C:\Users\dell\AppData\Local\Temp\2a10046c74e5eb8ef0ed9d338302b7e2.mpf_cache
2023-01-02 22:51:18,611 : INFO : ConfigProcessor : Loading config from cache: C:\Users\dell\AppData\Local\Temp\1976a772a16c7f14b7c542c255637f22.mpf_cache
2023-01-02 22:51:18,612 : INFO : ConfigProcessor : Loading config from cache: C:\Users\dell\AppData\Local\Temp\91df8e0ae0e44730ed622ea2efb74e97.mpf_cache
2023-01-02 22:51:18,612 : INFO : ConfigProcessor : Loading config from cache: C:\Users\dell\AppData\Local\Temp\dff6fabdd3c60a7e52618c514c4d53bb.mpf_cache
2023-01-02 22:51:18,612 : INFO : ConfigProcessor : Loading config from cache: C:\Users\dell\AppData\Local\Temp\b00ca6d895de68a8daf4555cf943ba58.mpf_cache
2023-01-02 22:51:18,613 : INFO : ConfigProcessor : Loading config from cache: C:\Users\dell\AppData\Local\Temp\b5b8a4db5bea0726b6595532599dafa3.mpf_cache
2023-01-02 22:51:18,613 : INFO : ConfigProcessor : Loading config from cache: C:\Users\dell\AppData\Local\Temp\69fdf32f8b1f00ca71933bfdf818d181.mpf_cache
2023-01-02 22:51:18,613 : INFO : ConfigProcessor : Loading config from cache: C:\Users\dell\AppData\Local\Temp\2ea47c81ed4f8a69c675021c80778e85.mpf_cache
2023-01-02 22:51:18,613 : INFO : ConfigProcessor : Loading config from cache: C:\Users\dell\AppData\Local\Temp\4341f22727a1b0f8b478ff6fc7114278.mpf_cache
2023-01-02 22:51:18,614 : INFO : ConfigProcessor : Loading config from cache: C:\Users\dell\AppData\Local\Temp\34b907b0c1988670c99198ad34048e9b.mpf_cache
2023-01-02 22:51:18,614 : INFO : ConfigProcessor : Loading config from cache: C:\Users\dell\AppData\Local\Temp\3078b120455821a73c8c6f8a1dceab4f.mpf_cache
2023-01-02 22:51:18,614 : INFO : ConfigProcessor : Loading config from cache: C:\Users\dell\AppData\Local\Temp\d95a17e65a2b41e386a7fc14bcda65fd.mpf_cache
2023-01-02 22:51:18,615 : INFO : ConfigProcessor : Loading config from cache: C:\Users\dell\AppData\Local\Temp\70a3dc288dcfdeeb747f888700969697.mpf_cache
2023-01-02 22:51:18,615 : INFO : ConfigProcessor : Loading config from cache: C:\Users\dell\AppData\Local\Temp\a545989d29acb91f9b5046622b67b4ed.mpf_cache
2023-01-02 22:51:18,615 : INFO : ConfigProcessor : Loading config from cache: C:\Users\dell\AppData\Local\Temp\8d6f9c7ff9c39db68f4d155bf8492fbe.mpf_cache
2023-01-02 22:51:18,616 : INFO : ConfigProcessor : Loading config from cache: C:\Users\dell\AppData\Local\Temp\155f4ce74e2bf17af8dbff2a4763087f.mpf_cache
2023-01-02 22:51:18,616 : INFO : ConfigProcessor : Loading config from cache: C:\Users\dell\AppData\Local\Temp\1f327f8ed4990105250a8e68ccfd880b.mpf_cache
2023-01-02 22:51:18,616 : INFO : ConfigProcessor : Loading config from cache: C:\Users\dell\AppData\Local\Temp\631f1a0f4495ddfec417d1e517d075ee.mpf_cache
2023-01-02 22:51:18,616 : INFO : ConfigProcessor : Loading config from cache: C:\Users\dell\AppData\Local\Temp\58d128190d1d0b57398f3d0bb3d51665.mpf_cache
2023-01-02 22:51:18,617 : INFO : ConfigProcessor : Loading config from cache: C:\Users\dell\AppData\Local\Temp\3a392e0f36204bd15fe7f620a9abd8a5.mpf_cache
2023-01-02 22:51:18,617 : INFO : ConfigProcessor : Loading config from cache: C:\Users\dell\AppData\Local\Temp\a21cdf4e7d11d0ddd588c2361820cd3f.mpf_cache
2023-01-02 22:51:18,617 : INFO : ConfigProcessor : Loading config from cache: C:\Users\dell\AppData\Local\Temp\c985e32e9d44f65a2b4ce21de0879b93.mpf_cache
2023-01-02 22:51:18,618 : INFO : ConfigProcessor : Loading config from cache: C:\Users\dell\AppData\Local\Temp\53b5443f454133ae1b362b3b93db77cb.mpf_cache
2023-01-02 22:51:18,618 : INFO : ConfigProcessor : Loading config from cache: C:\Users\dell\AppData\Local\Temp\3931d087bd0a337e7115b05d59ca5799.mpf_cache
2023-01-02 22:51:18,618 : INFO : ConfigProcessor : Loading config from cache: C:\Users\dell\AppData\Local\Temp\4b9dbb62597032bf50b643d8dab4e70a.mpf_cache
2023-01-02 22:51:18,618 : INFO : ConfigProcessor : Loading config from cache: C:\Users\dell\AppData\Local\Temp\765fb0e29c5e0a3c4df63af3a63a2aa9.mpf_cache
2023-01-02 22:51:18,619 : INFO : ConfigProcessor : Loading config from cache: C:\Users\dell\AppData\Local\Temp\92bd7ddb78685ce3872fdffddbf4066b.mpf_cache
2023-01-02 22:51:18,619 : INFO : ConfigProcessor : Loading config from cache: C:\Users\dell\AppData\Local\Temp\f17b18f8fc49aa4015f8aaed5fe0310c.mpf_cache
2023-01-02 22:51:18,619 : INFO : ConfigProcessor : Loading config from cache: C:\Users\dell\AppData\Local\Temp\6025440fe966918e9010659c75a84677.mpf_cache
2023-01-02 22:51:18,620 : INFO : ConfigProcessor : Loading config from cache: C:\Users\dell\AppData\Local\Temp\cfdf05d29e2db67703b682b9e2f3ca3c.mpf_cache
2023-01-02 22:51:18,620 : INFO : ConfigProcessor : Loading config from cache: C:\Users\dell\AppData\Local\Temp\d94e10a03295440a68c0665192595ed1.mpf_cache
2023-01-02 22:51:18,620 : INFO : ConfigProcessor : Loading config from cache: C:\Users\dell\AppData\Local\Temp\01f102dbddb32abe391845f1f1fb6297.mpf_cache
2023-01-02 22:51:18,621 : INFO : ConfigProcessor : Loading config from cache: C:\Users\dell\AppData\Local\Temp\31f678389d4048ccede53f3d9bb6ebf4.mpf_cache
2023-01-02 22:51:18,621 : INFO : ConfigProcessor : Loading config from cache: C:\Users\dell\AppData\Local\Temp\b22da84cc4aef91ed7f9bc0328a0f1b4.mpf_cache
2023-01-02 22:51:18,621 : INFO : ConfigProcessor : Loading config from cache: C:\Users\dell\AppData\Local\Temp\da1fede4c95c7878b99d619776f98fd7.mpf_cache
2023-01-02 22:51:18,621 : INFO : ConfigProcessor : Loading config from cache: C:\Users\dell\AppData\Local\Temp\cc30193cdee974cc13426b098027cee1.mpf_cache
2023-01-02 22:51:18,622 : INFO : ConfigProcessor : Loading config from cache: C:\Users\dell\AppData\Local\Temp\58e69a62c4f703cc84058f6193109d31.mpf_cache
2023-01-02 22:51:18,622 : INFO : ConfigProcessor : Loading config from cache: C:\Users\dell\AppData\Local\Temp\e6a4926517ab55f9ed1b3658c3e4007c.mpf_cache
2023-01-02 22:51:18,622 : INFO : ConfigProcessor : Loading config from cache: C:\Users\dell\AppData\Local\Temp\66ee654434268f21d59a1a197a33e84e.mpf_cache
2023-01-02 22:51:18,623 : INFO : ConfigProcessor : Loading config from cache: C:\Users\dell\AppData\Local\Temp\0ad8a8c62d71fd6db5e688e34997c124.mpf_cache
2023-01-02 22:51:18,623 : INFO : ConfigProcessor : Loading config from cache: C:\Users\dell\AppData\Local\Temp\986ed299862bf4d6a9ee043620eb4411.mpf_cache
2023-01-02 22:51:18,623 : INFO : ConfigProcessor : Loading config from cache: C:\Users\dell\AppData\Local\Temp\85def6e32b8790efec9df62810edf89f.mpf_cache
2023-01-02 22:51:18,623 : INFO : ConfigProcessor : Loading config from cache: C:\Users\dell\AppData\Local\Temp\b4b8bbe6eb89ffab7b0a5bdc28aa737c.mpf_cache
2023-01-02 22:51:18,624 : INFO : ConfigProcessor : Loading config from cache: C:\Users\dell\AppData\Local\Temp\234f7aa8fcdaed8506c3f7e3d1434348.mpf_cache
2023-01-02 22:51:18,624 : INFO : ConfigProcessor : Loading config from cache: C:\Users\dell\AppData\Local\Temp\836170f935ca4f3a3c83dd48d4288e22.mpf_cache
2023-01-02 22:51:18,624 : INFO : ConfigProcessor : Loading config from cache: C:\Users\dell\AppData\Local\Temp\0a4bf4f558c6de89fd1636f30c6211d9.mpf_cache
2023-01-02 22:51:18,625 : INFO : ConfigProcessor : Loading config from cache: C:\Users\dell\AppData\Local\Temp\3936448b27d8bfc57c517bc3bf9d3aa2.mpf_cache
2023-01-02 22:51:18,625 : INFO : ConfigProcessor : Loading config from cache: C:\Users\dell\AppData\Local\Temp\73d13f131bebf83032dc613efdff3522.mpf_cache
2023-01-02 22:51:18,625 : INFO : ConfigProcessor : Loading config from cache: C:\Users\dell\AppData\Local\Temp\20beca28b497152ca0fd3409b83d4b87.mpf_cache
2023-01-02 22:51:18,626 : INFO : ConfigProcessor : Loading config from cache: C:\Users\dell\AppData\Local\Temp\e816efa2a54094e8cd44dabebc7784df.mpf_cache
2023-01-02 22:51:18,626 : INFO : ConfigProcessor : Loading config from cache: C:\Users\dell\AppData\Local\Temp\ec91b3a5e4d650dc4f7371582fb38eed.mpf_cache
2023-01-02 22:51:18,626 : INFO : ConfigProcessor : Loading config from cache: C:\Users\dell\AppData\Local\Temp\9a1a1c28ae640e16df86b556a2688443.mpf_cache
2023-01-02 22:51:18,627 : INFO : ConfigProcessor : Loading config from cache: C:\Users\dell\AppData\Local\Temp\3463b2a86a39355c183f674ae2b12038.mpf_cache
2023-01-02 22:51:18,627 : INFO : ConfigProcessor : Loading config from cache: C:\Users\dell\AppData\Local\Temp\6e6719c61d3fa021e7d679c2f24e1608.mpf_cache
2023-01-02 22:51:18,627 : INFO : ConfigProcessor : Loading config from cache: C:\Users\dell\AppData\Local\Temp\aa69a2c5c0adb7f9c40b6db4f1ca3483.mpf_cache
2023-01-02 22:51:18,628 : INFO : ConfigProcessor : Loading config from cache: C:\Users\dell\AppData\Local\Temp\971ebba8800a659d7a8e99cb206beff7.mpf_cache
2023-01-02 22:51:18,628 : INFO : ConfigProcessor : Loading config from cache: C:\Users\dell\AppData\Local\Temp\07e13f5cf5882efd50a16f81bcde4606.mpf_cache
2023-01-02 22:51:18,628 : INFO : ConfigProcessor : Loading config from cache: C:\Users\dell\AppData\Local\Temp\48a45c572b20481e47ff005f73695e50.mpf_cache
2023-01-02 22:51:18,629 : INFO : ConfigProcessor : Loading config from cache: C:\Users\dell\AppData\Local\Temp\f12c25ef7bc56249cbbfe26e4a8634a0.mpf_cache
2023-01-02 22:51:18,629 : INFO : ConfigProcessor : Loading config from cache: C:\Users\dell\AppData\Local\Temp\7058dd9e75ad4dd97e6d02eda1f8d5f4.mpf_cache
2023-01-02 22:51:18,629 : INFO : ConfigProcessor : Loading config from cache: C:\Users\dell\AppData\Local\Temp\a26dda2f3898e9b95a688d2faa147e67.mpf_cache
2023-01-02 22:51:18,630 : INFO : ConfigProcessor : Loading config from cache: C:\Users\dell\AppData\Local\Temp\fbd33e7aab60e9ffed5e28859db24a15.mpf_cache
2023-01-02 22:51:18,630 : INFO : ConfigProcessor : Loading config from cache: C:\Users\dell\AppData\Local\Temp\64f60477c2da2625fa9ef2a86d50bb34.mpf_cache
2023-01-02 22:51:18,630 : INFO : ConfigProcessor : Loading config from cache: C:\Users\dell\AppData\Local\Temp\49b862cde9d22907c81f839348639a1f.mpf_cache
2023-01-02 22:51:18,631 : INFO : ConfigProcessor : Loading config from cache: C:\Users\dell\AppData\Local\Temp\21dda72cc57cadcf698e50094b8ee97d.mpf_cache
2023-01-02 22:51:18,631 : INFO : ConfigProcessor : Loading config from cache: C:\Users\dell\AppData\Local\Temp\f9ee12ee8bbd05f85378a9386ceacce5.mpf_cache
2023-01-02 22:51:18,631 : INFO : ConfigProcessor : Loading config from cache: C:\Users\dell\AppData\Local\Temp\0394fc9fe8dda0bc8c420287c11c8aae.mpf_cache
2023-01-02 22:51:18,632 : INFO : ConfigProcessor : Loading config from cache: C:\Users\dell\AppData\Local\Temp\812e1e327d6ef9a51d487328d0586885.mpf_cache
2023-01-02 22:51:18,632 : INFO : ConfigProcessor : Loading config from cache: C:\Users\dell\AppData\Local\Temp\70cf3c9830d27e79cc1fda7cb07bc23d.mpf_cache
2023-01-02 22:51:18,632 : INFO : ConfigProcessor : Loading config from cache: C:\Users\dell\AppData\Local\Temp\db70c5aab62dca0f645afe12f6eb7df3.mpf_cache
2023-01-02 22:51:18,634 : INFO : Machine : Mission Pinball Framework Core Engine v0.54.6
2023-01-02 22:51:18,634 : INFO : Machine : Command line arguments: {'no_load_cache': False, 'create_config_cache': True, 'bcp': True, 'configfile': ['config.yaml'], 'force_assets_load': False, 'jsonlogging': False, 'logfile': 'logs\\2023-01-02-22-51-17-mpf-DESKTOP-7A962BJ.log', 'pause': False, 'production': False, 'text_ui': True, 'loglevel': 15, 'consoleloglevel': 20, 'force_platform': None, 'syslog_address': None, 'mc_file_name': None, 'no_sound': False}
2023-01-02 22:51:18,634 : INFO : Machine : MPF path: c:\users\dell\appdata\local\programs\python\python36\lib\site-packages\mpf
2023-01-02 22:51:18,634 : INFO : Machine : Machine path: E:\MPF\wows\wows
2023-01-02 22:51:18,635 : INFO : Machine : Platform: win32
2023-01-02 22:51:18,635 : INFO : Machine : Python executable location: c:\users\dell\appdata\local\programs\python\python36\python.exe
2023-01-02 22:51:18,635 : INFO : Machine : Python version: 3.6.4 (64-bit)
2023-01-02 22:51:18,636 : INFO : Machine : Initialise MPF.
2023-01-02 22:51:18,918 : INFO : Pin2DmdDevice : Connecting to Pin2DMD RGB DMD
2023-01-02 22:51:18,929 : INFO : Pin2DmdDevice : Connected to Pin2DMD
2023-01-02 22:51:18,929 : INFO : EventManager : Event: ======'machine_var_credits_string'====== Args={'value': 'FREE PLAY', 'prev_value': None, 'change': True}
2023-01-02 22:51:18,972 : INFO : EventManager : Event: ======'machine_var_player1_score'====== Args={'value': 0, 'prev_value': None, 'change': True}
2023-01-02 22:51:18,972 : INFO : EventManager : Event: ======'machine_var_mv_dmg_con_time'====== Args={'value': 9, 'prev_value': None, 'change': True}
2023-01-02 22:51:18,972 : INFO : EventManager : Event: ======'machine_var_mv_bomb_1_cost'====== Args={'value': 1, 'prev_value': None, 'change': True}
2023-01-02 22:51:18,972 : INFO : EventManager : Event: ======'machine_var_mv_bomb_2_cost'====== Args={'value': 1, 'prev_value': None, 'change': True}
2023-01-02 22:51:18,972 : INFO : EventManager : Event: ======'machine_var_mv_bomb_3_cost'====== Args={'value': 1, 'prev_value': None, 'change': True}
2023-01-02 22:51:18,972 : INFO : EventManager : Event: ======'machine_var_mv_bomb_4_cost'====== Args={'value': 1, 'prev_value': None, 'change': True}
2023-01-02 22:51:18,972 : INFO : EventManager : Event: ======'machine_var_mv_bomb_5_cost'====== Args={'value': 1, 'prev_value': None, 'change': True}
2023-01-02 22:51:18,972 : INFO : EventManager : Event: ======'machine_var_mv_bomb_6_cost'====== Args={'value': 1, 'prev_value': None, 'change': True}
2023-01-02 22:51:18,972 : INFO : EventManager : Event: ======'machine_var_mv_bomb_7_and_9_cost'====== Args={'value': 1, 'prev_value': None, 'change': True}
2023-01-02 22:51:18,972 : INFO : EventManager : Event: ======'machine_var_mv_bomb_8_cost'====== Args={'value': 1, 'prev_value': None, 'change': True}
2023-01-02 22:51:18,973 : INFO : EventManager : Event: ======'machine_var_mv_bomb_10_cost'====== Args={'value': 1, 'prev_value': None, 'change': True}
2023-01-02 22:51:18,973 : INFO : EventManager : Event: ======'machine_var_mv_bomb_mode_cost'====== Args={'value': 1, 'prev_value': None, 'change': True}
2023-01-02 22:51:18,973 : INFO : EventManager : Event: ======'machine_var_mpf_version'====== Args={'value': 'MPF v0.54.6', 'prev_value': None, 'change': True}
2023-01-02 22:51:18,973 : INFO : EventManager : Event: ======'machine_var_mpf_extended_version'====== Args={'value': 'MPF v0.54.6, Config version:5, Show version: 5, BCP version:1.1', 'prev_value': None, 'change': True}
2023-01-02 22:51:18,973 : INFO : EventManager : Event: ======'machine_var_python_version'====== Args={'value': '3.6.4', 'prev_value': None, 'change': True}
2023-01-02 22:51:18,973 : INFO : EventManager : Event: ======'machine_var_platform'====== Args={'value': 'Windows-10-10.0.19041-SP0', 'prev_value': None, 'change': True}
2023-01-02 22:51:18,973 : INFO : EventManager : Event: ======'machine_var_platform_system'====== Args={'value': 'Windows', 'prev_value': None, 'change': True}
2023-01-02 22:51:18,973 : INFO : EventManager : Event: ======'machine_var_platform_release'====== Args={'value': '10', 'prev_value': None, 'change': True}
2023-01-02 22:51:18,973 : INFO : EventManager : Event: ======'machine_var_platform_version'====== Args={'value': '10.0.19041', 'prev_value': None, 'change': True}
2023-01-02 22:51:18,973 : INFO : EventManager : Event: ======'machine_var_platform_machine'====== Args={'value': 'AMD64', 'prev_value': None, 'change': True}
2023-01-02 22:51:18,973 : INFO : EventManager : Event: ======'init_phase_1'====== Args={}
2023-01-02 22:51:19,639 : INFO : EventManager : Event: ======'logicblock_m1_delay_updated'====== Args={'value': 0, 'enabled': True}
2023-01-02 22:51:19,640 : INFO : EventManager : Event: ======'logicblock_m1_delay_updated'====== Args={'value': 0, 'enabled': True}
2023-01-02 22:51:19,640 : INFO : EventManager : Event: ======'logicblock_capture_global_counter_updated'====== Args={'value': 6, 'enabled': True}
2023-01-02 22:51:19,640 : INFO : EventManager : Event: ======'logicblock_capture_global_counter_updated'====== Args={'value': 6, 'enabled': True}
2023-01-02 22:51:19,641 : INFO : EventManager : Event: ======'main_state'====== Args={}
2023-01-02 22:51:19,641 : INFO : EventManager : Event: ======'IGNORE'====== Args={}
2023-01-02 22:51:19,642 : INFO : EventManager : Event: ======'lock_lit_started'====== Args={}
2023-01-02 22:51:19,642 : INFO : EventManager : Event: ======'disable_mode'====== Args={}
2023-01-02 22:51:19,642 : INFO : EventManager : Event: ======'multiball_inactive'====== Args={}
2023-01-02 22:51:19,643 : INFO : EventManager : Event: ======'lite_detonation_start'====== Args={}
2023-01-02 22:51:19,643 : INFO : EventManager : Event: ======'battle_inactive'====== Args={}
2023-01-02 22:51:19,643 : INFO : EventManager : Event: ======'HAGYDFIGYELMENKIVUL'====== Args={}
2023-01-02 22:51:19,643 : INFO : EventManager : Event: ======'enable_citadel_diverter'====== Args={}
2023-01-02 22:51:19,644 : INFO : EventManager : Event: ======'commander_1_changed'====== Args={}
2023-01-02 22:51:19,646 : WARNING : Mode.confederate : Can only start mode confederate during a game. Aborting start.
2023-01-02 22:51:19,646 : WARNING : Mode.drednaught : Can only start mode drednaught during a game. Aborting start.
2023-01-02 22:51:19,646 : WARNING : Mode.capture : Can only start mode capture during a game. Aborting start.
2023-01-02 22:51:19,646 : WARNING : Mode.main_play : Can only start mode main_play during a game. Aborting start.
2023-01-02 22:51:19,646 : WARNING : Mode.hc_lock_lit : Can only start mode hc_lock_lit during a game. Aborting start.
2023-01-02 22:51:19,650 : INFO : EventManager : Event: ======'init_phase_2'====== Args={}
2023-01-02 22:51:19,650 : INFO : SwitchController : Found active switch: ('2', <Platform.SmartVirtual>) <switch.s_trough1>
2023-01-02 22:51:19,650 : INFO : SwitchController : Found active switch: ('3', <Platform.SmartVirtual>) <switch.s_trough2>
2023-01-02 22:51:19,650 : INFO : SwitchController : Found active switch: ('4', <Platform.SmartVirtual>) <switch.s_trough3>
2023-01-02 22:51:19,651 : INFO : SwitchController : Found active switch: ('5', <Platform.SmartVirtual>) <switch.s_trough4>
2023-01-02 22:51:19,651 : INFO : SwitchController : Found active switch: ('6', <Platform.SmartVirtual>) <switch.s_trough5>
2023-01-02 22:51:19,651 : INFO : SwitchController : Found active switch: ('7', <Platform.SmartVirtual>) <switch.s_trough6>
2023-01-02 22:51:19,706 : INFO : EventManager : Event: ======'machine_var_score1_label'====== Args={'value': 'GRAND ADMIRAL', 'prev_value': None, 'change': True}
2023-01-02 22:51:19,707 : INFO : EventManager : Event: ======'machine_var_score1_name'====== Args={'value': 'SBA', 'prev_value': None, 'change': True}
2023-01-02 22:51:19,707 : INFO : EventManager : Event: ======'machine_var_score1_value'====== Args={'value': 1000000000, 'prev_value': None, 'change': True}
2023-01-02 22:51:19,707 : INFO : EventManager : Event: ======'machine_var_score2_label'====== Args={'value': 'ADMIRAL 1', 'prev_value': None, 'change': True}
2023-01-02 22:51:19,707 : INFO : EventManager : Event: ======'machine_var_score2_name'====== Args={'value': 'OCP', 'prev_value': None, 'change': True}
2023-01-02 22:51:19,707 : INFO : EventManager : Event: ======'machine_var_score2_value'====== Args={'value': 900000000, 'prev_value': None, 'change': True}
2023-01-02 22:51:19,707 : INFO : EventManager : Event: ======'machine_var_score3_label'====== Args={'value': 'ADMIRAL 2', 'prev_value': None, 'change': True}
2023-01-02 22:51:19,707 : INFO : EventManager : Event: ======'machine_var_score3_name'====== Args={'value': 'AND', 'prev_value': None, 'change': True}
2023-01-02 22:51:19,707 : INFO : EventManager : Event: ======'machine_var_score3_value'====== Args={'value': 800000000, 'prev_value': None, 'change': True}
2023-01-02 22:51:19,707 : INFO : EventManager : Event: ======'machine_var_score4_label'====== Args={'value': 'ADMIRAL 3', 'prev_value': None, 'change': True}
2023-01-02 22:51:19,707 : INFO : EventManager : Event: ======'machine_var_score4_name'====== Args={'value': 'W G', 'prev_value': None, 'change': True}
2023-01-02 22:51:19,708 : INFO : EventManager : Event: ======'machine_var_score4_value'====== Args={'value': 700000000, 'prev_value': None, 'change': True}
2023-01-02 22:51:19,708 : INFO : EventManager : Event: ======'machine_var_score5_label'====== Args={'value': 'ADMIRAL 4', 'prev_value': None, 'change': True}
2023-01-02 22:51:19,708 : INFO : EventManager : Event: ======'machine_var_score5_name'====== Args={'value': 'WOW', 'prev_value': None, 'change': True}
2023-01-02 22:51:19,708 : INFO : EventManager : Event: ======'machine_var_score5_value'====== Args={'value': 600000000, 'prev_value': None, 'change': True}
2023-01-02 22:51:19,708 : INFO : EventManager : Event: ======'bcp_connection_attempt'====== Args={'name': 'local_display', 'host': 'localhost', 'port': 5050}
2023-01-02 22:51:19,710 : INFO : BCPClientSocket : Connecting BCP to 'local_display' at localhost:5050...
2023-01-02 22:51:21,873 : INFO : BCPClientSocket : Connected BCP to 'local_display' localhost:5050
2023-01-02 22:51:21,874 : INFO : EventManager : Event: ======'bcp_clients_connected'====== Args={}
2023-01-02 22:51:21,888 : INFO : EventManager : Event: ======'machine_var_mc_version'====== Args={'value': 'MPF-MC v0.54.2', 'prev_value': None, 'change': True}
2023-01-02 22:51:21,889 : INFO : EventManager : Event: ======'machine_var_mc_extended_version'====== Args={'value': 'MPF-MC v0.54.2 (config_version=5, BCP v1.1, Requires MPF v0.54.0)', 'prev_value': None, 'change': True}
2023-01-02 22:51:21,891 : INFO : ball_device.bd_trough : State: idle
2023-01-02 22:51:21,903 : INFO : EventManager : Event: ======'machine_var_master_volume'====== Args={'value': 1.0, 'prev_value': None, 'change': True}
2023-01-02 22:51:21,912 : INFO : ball_device.bd_plunger : State: idle
2023-01-02 22:51:21,926 : INFO : ball_device.bd_main_hole : State: idle
2023-01-02 22:51:21,927 : INFO : ball_device.bd_hc_lock : State: idle
2023-01-02 22:51:21,952 : INFO : EventManager : Event: ======'init_phase_3'====== Args={}
2023-01-02 22:51:22,042 : INFO : EventManager : Event: ======'init_phase_4'====== Args={}
2023-01-02 22:51:22,056 : INFO : BallController : Initial balls found: 5
2023-01-02 22:51:22,057 : INFO : EventManager : Event: ======'machine_var_audits_events_game_ended'====== Args={'value': 1, 'prev_value': None, 'change': True}
2023-01-02 22:51:22,058 : INFO : EventManager : Event: ======'machine_var_audits_events_game_started'====== Args={'value': 653, 'prev_value': None, 'change': True}
2023-01-02 22:51:22,058 : INFO : EventManager : Event: ======'machine_var_audits_player_score'====== Args={'value': {'average': 0.0, 'top': [0], 'total': 1}, 'prev_value': None, 'change': True}
2023-01-02 22:51:22,059 : INFO : EventManager : Event: ======'machine_var_audits_shots_battle_shot'====== Args={'value': 66, 'prev_value': None, 'change': True}
2023-01-02 22:51:22,059 : INFO : EventManager : Event: ======'machine_var_audits_shots_confederate_1'====== Args={'value': 13, 'prev_value': None, 'change': True}
2023-01-02 22:51:22,059 : INFO : EventManager : Event: ======'machine_var_audits_shots_confederate_2'====== Args={'value': 235, 'prev_value': None, 'change': True}
2023-01-02 22:51:22,060 : INFO : EventManager : Event: ======'machine_var_audits_shots_confederate_3'====== Args={'value': 91, 'prev_value': None, 'change': True}
2023-01-02 22:51:22,061 : INFO : EventManager : Event: ======'machine_var_audits_shots_confederate_4'====== Args={'value': 29, 'prev_value': None, 'change': True}
2023-01-02 22:51:22,061 : INFO : EventManager : Event: ======'machine_var_audits_shots_confederate_5'====== Args={'value': 10, 'prev_value': None, 'change': True}
2023-01-02 22:51:22,061 : INFO : EventManager : Event: ======'machine_var_audits_shots_confederate_6'====== Args={'value': 399, 'prev_value': None, 'change': True}
2023-01-02 22:51:22,062 : INFO : EventManager : Event: ======'machine_var_audits_shots_detonation'====== Args={'value': 42, 'prev_value': None, 'change': True}
2023-01-02 22:51:22,062 : INFO : EventManager : Event: ======'machine_var_audits_shots_detonation_lit'====== Args={'value': 172, 'prev_value': None, 'change': True}
2023-01-02 22:51:22,062 : INFO : EventManager : Event: ======'machine_var_audits_shots_dmg_con_1'====== Args={'value': 96, 'prev_value': None, 'change': True}
2023-01-02 22:51:22,063 : INFO : EventManager : Event: ======'machine_var_audits_shots_dmg_con_2'====== Args={'value': 122, 'prev_value': None, 'change': True}
2023-01-02 22:51:22,063 : INFO : EventManager : Event: ======'machine_var_audits_shots_dmg_con_3'====== Args={'value': 84, 'prev_value': None, 'change': True}
2023-01-02 22:51:22,063 : INFO : EventManager : Event: ======'machine_var_audits_shots_dmg_con_4'====== Args={'value': 101, 'prev_value': None, 'change': True}
2023-01-02 22:51:22,064 : INFO : EventManager : Event: ======'machine_var_audits_shots_dmg_con_5'====== Args={'value': 78, 'prev_value': None, 'change': True}
2023-01-02 22:51:22,064 : INFO : EventManager : Event: ======'machine_var_audits_shots_dmg_con_6'====== Args={'value': 99, 'prev_value': None, 'change': True}
2023-01-02 22:51:22,064 : INFO : EventManager : Event: ======'machine_var_audits_shots_dmg_con_add_time_1'====== Args={'value': 32, 'prev_value': None, 'change': True}
2023-01-02 22:51:22,064 : INFO : EventManager : Event: ======'machine_var_audits_shots_dmg_con_add_time_2'====== Args={'value': 43, 'prev_value': None, 'change': True}
2023-01-02 22:51:22,065 : INFO : EventManager : Event: ======'machine_var_audits_shots_dmg_con_add_time_3'====== Args={'value': 24, 'prev_value': None, 'change': True}
2023-01-02 22:51:22,065 : INFO : EventManager : Event: ======'machine_var_audits_shots_dmg_con_add_time_4'====== Args={'value': 21, 'prev_value': None, 'change': True}
2023-01-02 22:51:22,065 : INFO : EventManager : Event: ======'machine_var_audits_shots_jackpot_1'====== Args={'value': 79, 'prev_value': None, 'change': True}
2023-01-02 22:51:22,066 : INFO : EventManager : Event: ======'machine_var_audits_shots_jackpot_2'====== Args={'value': 106, 'prev_value': None, 'change': True}
2023-01-02 22:51:22,066 : INFO : EventManager : Event: ======'machine_var_audits_shots_jackpot_3'====== Args={'value': 91, 'prev_value': None, 'change': True}
2023-01-02 22:51:22,066 : INFO : EventManager : Event: ======'machine_var_audits_shots_jackpot_4'====== Args={'value': 41, 'prev_value': None, 'change': True}
2023-01-02 22:51:22,067 : INFO : EventManager : Event: ======'machine_var_audits_shots_jackpot_5'====== Args={'value': 42, 'prev_value': None, 'change': True}
2023-01-02 22:51:22,067 : INFO : EventManager : Event: ======'machine_var_audits_shots_jackpot_6'====== Args={'value': 51, 'prev_value': None, 'change': True}
2023-01-02 22:51:22,067 : INFO : EventManager : Event: ======'machine_var_audits_shots_lane_A'====== Args={'value': 125, 'prev_value': None, 'change': True}
2023-01-02 22:51:22,068 : INFO : EventManager : Event: ======'machine_var_audits_shots_lane_B'====== Args={'value': 146, 'prev_value': None, 'change': True}
2023-01-02 22:51:22,068 : INFO : EventManager : Event: ======'machine_var_audits_shots_lane_C'====== Args={'value': 348, 'prev_value': None, 'change': True}
2023-01-02 22:51:22,068 : INFO : EventManager : Event: ======'machine_var_audits_shots_lane_D'====== Args={'value': 361, 'prev_value': None, 'change': True}
2023-01-02 22:51:22,069 : INFO : EventManager : Event: ======'machine_var_audits_shots_lane_E'====== Args={'value': 139, 'prev_value': None, 'change': True}
2023-01-02 22:51:22,069 : INFO : EventManager : Event: ======'machine_var_audits_shots_lock_lit_1'====== Args={'value': 1591, 'prev_value': None, 'change': True}
2023-01-02 22:51:22,069 : INFO : EventManager : Event: ======'machine_var_audits_shots_lock_lit_2'====== Args={'value': 1505, 'prev_value': None, 'change': True}
2023-01-02 22:51:22,070 : INFO : EventManager : Event: ======'machine_var_audits_shots_ricochet_1'====== Args={'value': 173, 'prev_value': None, 'change': True}
2023-01-02 22:51:22,070 : INFO : EventManager : Event: ======'machine_var_audits_shots_ricochet_2'====== Args={'value': 685, 'prev_value': None, 'change': True}
2023-01-02 22:51:22,070 : INFO : EventManager : Event: ======'machine_var_audits_shots_ricochet_3'====== Args={'value': 91, 'prev_value': None, 'change': True}
2023-01-02 22:51:22,071 : INFO : EventManager : Event: ======'machine_var_audits_shots_ricochet_4'====== Args={'value': 49, 'prev_value': None, 'change': True}
2023-01-02 22:51:22,071 : INFO : EventManager : Event: ======'machine_var_audits_shots_ricochet_5'====== Args={'value': 3, 'prev_value': None, 'change': True}
2023-01-02 22:51:22,072 : INFO : EventManager : Event: ======'machine_var_audits_switches_s_action_button'====== Args={'value': 45, 'prev_value': None, 'change': True}
2023-01-02 22:51:22,072 : INFO : EventManager : Event: ======'machine_var_audits_switches_s_bumper_1'====== Args={'value': 735, 'prev_value': None, 'change': True}
2023-01-02 22:51:22,072 : INFO : EventManager : Event: ======'machine_var_audits_switches_s_bumper_2'====== Args={'value': 223, 'prev_value': None, 'change': True}
2023-01-02 22:51:22,073 : INFO : EventManager : Event: ======'machine_var_audits_switches_s_bumper_3'====== Args={'value': 667, 'prev_value': None, 'change': True}
2023-01-02 22:51:22,073 : INFO : EventManager : Event: ======'machine_var_audits_switches_s_center_ramp'====== Args={'value': 114, 'prev_value': None, 'change': True}
2023-01-02 22:51:22,074 : INFO : EventManager : Event: ======'machine_var_audits_switches_s_citadel'====== Args={'value': 75, 'prev_value': None, 'change': True}
2023-01-02 22:51:22,074 : INFO : EventManager : Event: ======'machine_var_audits_switches_s_citadel_lock'====== Args={'value': 255, 'prev_value': None, 'change': True}
2023-01-02 22:51:22,075 : INFO : EventManager : Event: ======'machine_var_audits_switches_s_conning_tower'====== Args={'value': 4, 'prev_value': None, 'change': True}
2023-01-02 22:51:22,075 : INFO : EventManager : Event: ======'machine_var_audits_switches_s_detonation'====== Args={'value': 172, 'prev_value': None, 'change': True}
2023-01-02 22:51:22,076 : INFO : EventManager : Event: ======'machine_var_audits_switches_s_detonation_lit'====== Args={'value': 24, 'prev_value': None, 'change': True}
2023-01-02 22:51:22,076 : INFO : EventManager : Event: ======'machine_var_audits_switches_s_dmg_1'====== Args={'value': 2703, 'prev_value': None, 'change': True}
2023-01-02 22:51:22,077 : INFO : EventManager : Event: ======'machine_var_audits_switches_s_dmg_2'====== Args={'value': 64, 'prev_value': None, 'change': True}
2023-01-02 22:51:22,077 : INFO : EventManager : Event: ======'machine_var_audits_switches_s_dmg_3'====== Args={'value': 20, 'prev_value': None, 'change': True}
2023-01-02 22:51:22,078 : INFO : EventManager : Event: ======'machine_var_audits_switches_s_dmg_4'====== Args={'value': 27, 'prev_value': None, 'change': True}
2023-01-02 22:51:22,078 : INFO : EventManager : Event: ======'machine_var_audits_switches_s_dmg_5'====== Args={'value': 22, 'prev_value': None, 'change': True}
2023-01-02 22:51:22,078 : INFO : EventManager : Event: ======'machine_var_audits_switches_s_dmg_6'====== Args={'value': 139, 'prev_value': None, 'change': True}
2023-01-02 22:51:22,079 : INFO : EventManager : Event: ======'machine_var_audits_switches_s_dmg_7'====== Args={'value': 293, 'prev_value': None, 'change': True}
2023-01-02 22:51:22,079 : INFO : EventManager : Event: ======'machine_var_audits_switches_s_drop_target'====== Args={'value': 2094, 'prev_value': None, 'change': True}
2023-01-02 22:51:22,079 : INFO : EventManager : Event: ======'machine_var_audits_switches_s_jet_hole'====== Args={'value': 0, 'prev_value': None, 'change': True}
2023-01-02 22:51:22,093 : INFO : EventManager : Event: ======'machine_var_audits_switches_s_jet_lane'====== Args={'value': 1, 'prev_value': None, 'change': True}
2023-01-02 22:51:22,094 : INFO : EventManager : Event: ======'machine_var_audits_switches_s_kickback'====== Args={'value': 0, 'prev_value': None, 'change': True}
2023-01-02 22:51:22,094 : INFO : EventManager : Event: ======'machine_var_audits_switches_s_kickback_target_1'====== Args={'value': 0, 'prev_value': None, 'change': True}
2023-01-02 22:51:22,094 : INFO : EventManager : Event: ======'machine_var_audits_switches_s_kickback_target_2'====== Args={'value': 0, 'prev_value': None, 'change': True}
2023-01-02 22:51:22,095 : INFO : EventManager : Event: ======'machine_var_audits_switches_s_kickback_target_3'====== Args={'value': 4, 'prev_value': None, 'change': True}
2023-01-02 22:51:22,095 : INFO : EventManager : Event: ======'machine_var_audits_switches_s_kickback_terget_1'====== Args={'value': 0, 'prev_value': None, 'change': True}
2023-01-02 22:51:22,095 : INFO : EventManager : Event: ======'machine_var_audits_switches_s_left_flipper'====== Args={'value': 1432, 'prev_value': None, 'change': True}
2023-01-02 22:51:22,096 : INFO : EventManager : Event: ======'machine_var_audits_switches_s_left_hole'====== Args={'value': 0, 'prev_value': None, 'change': True}
2023-01-02 22:51:22,096 : INFO : EventManager : Event: ======'machine_var_audits_switches_s_left_inlane'====== Args={'value': 349, 'prev_value': None, 'change': True}
2023-01-02 22:51:22,097 : INFO : EventManager : Event: ======'machine_var_audits_switches_s_left_loop_made'====== Args={'value': 244, 'prev_value': None, 'change': True}
2023-01-02 22:51:22,097 : INFO : EventManager : Event: ======'machine_var_audits_switches_s_left_loop_pre'====== Args={'value': 201, 'prev_value': None, 'change': True}
2023-01-02 22:51:22,097 : INFO : EventManager : Event: ======'machine_var_audits_switches_s_left_mid_inlane'====== Args={'value': 146, 'prev_value': None, 'change': True}
2023-01-02 22:51:22,098 : INFO : EventManager : Event: ======'machine_var_audits_switches_s_left_outlane'====== Args={'value': 125, 'prev_value': None, 'change': True}
2023-01-02 22:51:22,098 : INFO : EventManager : Event: ======'machine_var_audits_switches_s_left_ramp_made'====== Args={'value': 1996, 'prev_value': None, 'change': True}
2023-01-02 22:51:22,099 : INFO : EventManager : Event: ======'machine_var_audits_switches_s_left_ramp_pre'====== Args={'value': 273, 'prev_value': None, 'change': True}
2023-01-02 22:51:22,099 : INFO : EventManager : Event: ======'machine_var_audits_switches_s_left_slingshot'====== Args={'value': 33, 'prev_value': None, 'change': True}
2023-01-02 22:51:22,099 : INFO : EventManager : Event: ======'machine_var_audits_switches_s_lock_1'====== Args={'value': 425, 'prev_value': None, 'change': True}
2023-01-02 22:51:22,100 : INFO : EventManager : Event: ======'machine_var_audits_switches_s_lock_2'====== Args={'value': 437, 'prev_value': None, 'change': True}
2023-01-02 22:51:22,100 : INFO : EventManager : Event: ======'machine_var_audits_switches_s_lock_3'====== Args={'value': 520, 'prev_value': None, 'change': True}
2023-01-02 22:51:22,101 : INFO : EventManager : Event: ======'machine_var_audits_switches_s_magnet_switch'====== Args={'value': 0, 'prev_value': None, 'change': True}
2023-01-02 22:51:22,101 : INFO : EventManager : Event: ======'machine_var_audits_switches_s_main_hole'====== Args={'value': 1061, 'prev_value': None, 'change': True}
2023-01-02 22:51:22,101 : INFO : EventManager : Event: ======'machine_var_audits_switches_s_pen_1'====== Args={'value': 819, 'prev_value': None, 'change': True}
2023-01-02 22:51:22,102 : INFO : EventManager : Event: ======'machine_var_audits_switches_s_pen_2'====== Args={'value': 96, 'prev_value': None, 'change': True}
2023-01-02 22:51:22,102 : INFO : EventManager : Event: ======'machine_var_audits_switches_s_pen_3'====== Args={'value': 322, 'prev_value': None, 'change': True}
2023-01-02 22:51:22,103 : INFO : EventManager : Event: ======'machine_var_audits_switches_s_pen_4'====== Args={'value': 5, 'prev_value': None, 'change': True}
2023-01-02 22:51:22,103 : INFO : EventManager : Event: ======'machine_var_audits_switches_s_pen_5'====== Args={'value': 2, 'prev_value': None, 'change': True}
2023-01-02 22:51:22,104 : INFO : EventManager : Event: ======'machine_var_audits_switches_s_pen_6'====== Args={'value': 8, 'prev_value': None, 'change': True}
2023-01-02 22:51:22,104 : INFO : EventManager : Event: ======'machine_var_audits_switches_s_plunger'====== Args={'value': 4063, 'prev_value': None, 'change': True}
2023-01-02 22:51:22,105 : INFO : EventManager : Event: ======'machine_var_audits_switches_s_plunger_button'====== Args={'value': 4, 'prev_value': None, 'change': True}
2023-01-02 22:51:22,105 : INFO : EventManager : Event: ======'machine_var_audits_switches_s_ricochet_1'====== Args={'value': 197, 'prev_value': None, 'change': True}
2023-01-02 22:51:22,106 : INFO : EventManager : Event: ======'machine_var_audits_switches_s_ricochet_2'====== Args={'value': 692, 'prev_value': None, 'change': True}
2023-01-02 22:51:22,106 : INFO : EventManager : Event: ======'machine_var_audits_switches_s_ricochet_3'====== Args={'value': 93, 'prev_value': None, 'change': True}
2023-01-02 22:51:22,107 : INFO : EventManager : Event: ======'machine_var_audits_switches_s_ricochet_4'====== Args={'value': 54, 'prev_value': None, 'change': True}
2023-01-02 22:51:22,107 : INFO : EventManager : Event: ======'machine_var_audits_switches_s_ricochet_5'====== Args={'value': 8, 'prev_value': None, 'change': True}
2023-01-02 22:51:22,108 : INFO : EventManager : Event: ======'machine_var_audits_switches_s_right_flipper'====== Args={'value': 4177, 'prev_value': None, 'change': True}
2023-01-02 22:51:22,108 : INFO : EventManager : Event: ======'machine_var_audits_switches_s_right_hole'====== Args={'value': 26, 'prev_value': None, 'change': True}
2023-01-02 22:51:22,109 : INFO : EventManager : Event: ======'machine_var_audits_switches_s_right_inlane'====== Args={'value': 363, 'prev_value': None, 'change': True}
2023-01-02 22:51:22,109 : INFO : EventManager : Event: ======'machine_var_audits_switches_s_right_loop_made'====== Args={'value': 83, 'prev_value': None, 'change': True}
2023-01-02 22:51:22,110 : INFO : EventManager : Event: ======'machine_var_audits_switches_s_right_loop_pre'====== Args={'value': 70, 'prev_value': None, 'change': True}
2023-01-02 22:51:22,110 : INFO : EventManager : Event: ======'machine_var_audits_switches_s_right_outlane'====== Args={'value': 141, 'prev_value': None, 'change': True}
2023-01-02 22:51:22,111 : INFO : EventManager : Event: ======'machine_var_audits_switches_s_right_ramp_made'====== Args={'value': 1703, 'prev_value': None, 'change': True}
2023-01-02 22:51:22,111 : INFO : EventManager : Event: ======'machine_var_audits_switches_s_right_ramp_pre'====== Args={'value': 83, 'prev_value': None, 'change': True}
2023-01-02 22:51:22,112 : INFO : EventManager : Event: ======'machine_var_audits_switches_s_right_slingshot'====== Args={'value': 132, 'prev_value': None, 'change': True}
2023-01-02 22:51:22,113 : INFO : EventManager : Event: ======'machine_var_audits_switches_s_right_small_ramp'====== Args={'value': 0, 'prev_value': None, 'change': True}
2023-01-02 22:51:22,113 : INFO : EventManager : Event: ======'machine_var_audits_switches_s_side_hole'====== Args={'value': 316, 'prev_value': None, 'change': True}
2023-01-02 22:51:22,114 : INFO : EventManager : Event: ======'machine_var_audits_switches_s_side_ramp_made'====== Args={'value': 1125, 'prev_value': None, 'change': True}
2023-01-02 22:51:22,114 : INFO : EventManager : Event: ======'machine_var_audits_switches_s_side_ramp_pre'====== Args={'value': 113, 'prev_value': None, 'change': True}
2023-01-02 22:51:22,114 : INFO : EventManager : Event: ======'machine_var_audits_switches_s_start'====== Args={'value': 140, 'prev_value': None, 'change': True}
2023-01-02 22:51:22,115 : INFO : EventManager : Event: ======'machine_var_audits_switches_s_torpedo'====== Args={'value': 739, 'prev_value': None, 'change': True}
2023-01-02 22:51:22,115 : INFO : EventManager : Event: ======'machine_var_audits_switches_s_torpedo_lane'====== Args={'value': 2, 'prev_value': None, 'change': True}
2023-01-02 22:51:22,116 : INFO : EventManager : Event: ======'machine_var_audits_switches_s_torpedo_pre'====== Args={'value': 0, 'prev_value': None, 'change': True}
2023-01-02 22:51:22,116 : INFO : EventManager : Event: ======'machine_var_audits_switches_s_trough1'====== Args={'value': 654, 'prev_value': None, 'change': True}
2023-01-02 22:51:22,117 : INFO : EventManager : Event: ======'machine_var_audits_switches_s_trough2'====== Args={'value': 105, 'prev_value': None, 'change': True}
2023-01-02 22:51:22,117 : INFO : EventManager : Event: ======'machine_var_audits_switches_s_trough3'====== Args={'value': 82, 'prev_value': None, 'change': True}
2023-01-02 22:51:22,118 : INFO : EventManager : Event: ======'machine_var_audits_switches_s_trough4'====== Args={'value': 34, 'prev_value': None, 'change': True}
2023-01-02 22:51:22,118 : INFO : EventManager : Event: ======'machine_var_audits_switches_s_trough5'====== Args={'value': 2, 'prev_value': None, 'change': True}
2023-01-02 22:51:22,119 : INFO : EventManager : Event: ======'machine_var_audits_switches_s_trough6'====== Args={'value': 1, 'prev_value': None, 'change': True}
2023-01-02 22:51:22,119 : INFO : EventManager : Event: ======'machine_var_audits_switches_s_trough_jam'====== Args={'value': 0, 'prev_value': None, 'change': True}
2023-01-02 22:51:22,120 : INFO : EventManager : Event: ======'machine_var_audits_switches_s_spinner'====== Args={'value': 0, 'prev_value': None, 'change': True}
2023-01-02 22:51:22,121 : INFO : EventManager : Event: ======'machine_var_audits_switches_s_saucer'====== Args={'value': 0, 'prev_value': None, 'change': True}
2023-01-02 22:51:22,121 : INFO : EventManager : Event: ======'machine_var_audits_switches_s_right_tunnel'====== Args={'value': 0, 'prev_value': None, 'change': True}
2023-01-02 22:51:22,122 : INFO : EventManager : Event: ======'init_phase_5'====== Args={}
2023-01-02 22:51:22,145 : INFO : EventManager : Event: ======'init_done'====== Args={}
2023-01-02 22:51:22,159 : INFO : EventManager : Event: ======'machine_reset_phase_1'====== Args={}
2023-01-02 22:51:22,176 : INFO : EventManager : Event: ======'machine_reset_phase_2'====== Args={}
2023-01-02 22:51:22,176 : INFO : EventManager : Event: ======'machine_reset_phase_3'====== Args={}
2023-01-02 22:51:22,176 : INFO : EventManager : Event: ======'diverter_citadel_diverter_deactivating'====== Args={}
2023-01-02 22:51:22,176 : INFO : coil.c_loop_diverter : Disabling Driver
2023-01-02 22:51:22,176 : INFO : EventManager : Event: ======'diverter_torpedo_peg_deactivating'====== Args={}
2023-01-02 22:51:22,177 : INFO : coil.c_torpedo_peg : Disabling Driver
2023-01-02 22:51:22,177 : INFO : EventManager : Event: ======'reset_complete'====== Args={}
2023-01-02 22:51:22,177 : INFO : EventManager : Event: ======'mode_attract_will_start'====== Args={}
2023-01-02 22:51:22,177 : INFO : EventManager : Event: ======'mode_attract_starting'====== Args={}
2023-01-02 22:51:22,177 : INFO : Mode.attract : Started. Priority: 10
2023-01-02 22:51:22,177 : INFO : EventManager : Event: ======'modes_active_modes_changed'====== Args={}
2023-01-02 22:51:22,177 : INFO : EventManager : Event: ======'mode_attract_started'====== Args={}
2023-01-02 22:51:22,178 : INFO : EventManager : Event: ======'collecting_balls_complete'====== Args={}
2023-01-02 22:51:22,231 : INFO : EventManager : Event: ======'slide_attract_game_over_slide_created'====== Args={'_from_bcp': True}
2023-01-02 22:51:22,231 : INFO : EventManager : Event: ======'slide_attract_game_over_slide_active'====== Args={'_from_bcp': True}
2023-01-02 22:51:22,231 : INFO : Machine : Starting the main run loop.
2023-01-02 22:51:22,493 : INFO : BcpServer : New client connected.
2023-01-02 22:51:24,181 : INFO : EventManager : Event: ======'slide_end_mode_8_compIG_created'====== Args={'_from_bcp': True}
2023-01-02 22:51:24,187 : INFO : EventManager : Event: ======'slide_end_mode_8_compIG_active'====== Args={'_from_bcp': True}
2023-01-02 22:51:26,184 : INFO : EventManager : Event: ======'slide_end_mode_8_comp_created'====== Args={'_from_bcp': True}
2023-01-02 22:51:26,195 : INFO : EventManager : Event: ======'slide_end_mode_8_comp_active'====== Args={'_from_bcp': True}
2023-01-02 22:51:28,167 : INFO : EventManager : Event: ======'slide_end_mode_8_co_created'====== Args={'_from_bcp': True}
2023-01-02 22:51:28,174 : INFO : EventManager : Event: ======'slide_end_mode_8_co_active'====== Args={'_from_bcp': True}
2023-01-02 22:51:30,166 : INFO : EventManager : Event: ======'slide_end_mode_8_com_created'====== Args={'_from_bcp': True}
2023-01-02 22:51:30,171 : INFO : EventManager : Event: ======'slide_end_mode_8_com_active'====== Args={'_from_bcp': True}
2023-01-02 22:51:32,164 : INFO : EventManager : Event: ======'slide_end_mode_8_completed_created'====== Args={'_from_bcp': True}
2023-01-02 22:51:32,171 : INFO : EventManager : Event: ======'slide_end_mode_8_completed_active'====== Args={'_from_bcp': True}
2023-01-02 22:51:34,181 : INFO : EventManager : Event: ======'slide_scores_slide_created'====== Args={'_from_bcp': True}
2023-01-02 22:51:34,186 : INFO : EventManager : Event: ======'slide_scores_slide_active'====== Args={'_from_bcp': True}
2023-01-02 22:51:36,180 : INFO : EventManager : Event: ======'slide_medals_back_created'====== Args={'_from_bcp': True}
2023-01-02 22:51:36,182 : INFO : EventManager : Event: ======'slide_medals_back_active'====== Args={'_from_bcp': True}
2023-01-02 22:51:36,629 : INFO : SwitchController : <<<<<<< 's_right_tunnel' active >>>>>>>
2023-01-02 22:51:38,004 : INFO : SwitchController : <<<<<<< 's_right_tunnel' inactive >>>>>>>
2023-01-02 22:51:38,179 : INFO : EventManager : Event: ======'slide_medals_created'====== Args={'_from_bcp': True}
2023-01-02 22:51:38,185 : INFO : EventManager : Event: ======'slide_medals_active'====== Args={'_from_bcp': True}
2023-01-02 22:51:38,597 : INFO : SwitchController : <<<<<<< 's_right_tunnel' active >>>>>>>
2023-01-02 22:51:39,024 : INFO : SwitchController : <<<<<<< 's_right_tunnel' inactive >>>>>>>
2023-01-02 22:51:40,180 : INFO : EventManager : Event: ======'slide_aircraft_slide_created'====== Args={'_from_bcp': True}
2023-01-02 22:51:40,180 : INFO : EventManager : Event: ======'slide_aircraft_slide_active'====== Args={'_from_bcp': True}
2023-01-02 22:51:42,181 : INFO : EventManager : Event: ======'slide_t_1_1_slide_created'====== Args={'_from_bcp': True}
2023-01-02 22:51:42,203 : INFO : EventManager : Event: ======'slide_t_1_1_slide_active'====== Args={'_from_bcp': True}
2023-01-02 22:51:44,181 : INFO : EventManager : Event: ======'slide_t_1_2_slide_created'====== Args={'_from_bcp': True}
2023-01-02 22:51:44,201 : INFO : EventManager : Event: ======'slide_t_1_2_slide_active'====== Args={'_from_bcp': True}
2023-01-02 22:51:46,165 : INFO : EventManager : Event: ======'slide_t_1_3_slide_created'====== Args={'_from_bcp': True}
2023-01-02 22:51:46,173 : INFO : EventManager : Event: ======'slide_t_1_3_slide_active'====== Args={'_from_bcp': True}
2023-01-02 22:51:48,181 : INFO : EventManager : Event: ======'slide_t_1_4_slide_created'====== Args={'_from_bcp': True}
2023-01-02 22:51:48,187 : INFO : EventManager : Event: ======'slide_t_1_4_slide_active'====== Args={'_from_bcp': True}
2023-01-02 22:51:50,182 : INFO : EventManager : Event: ======'slide_t_2_1_slide_created'====== Args={'_from_bcp': True}
2023-01-02 22:51:50,188 : INFO : EventManager : Event: ======'slide_t_2_1_slide_active'====== Args={'_from_bcp': True}
2023-01-02 22:51:52,187 : INFO : EventManager : Event: ======'slide_t_2_2_slide_created'====== Args={'_from_bcp': True}
2023-01-02 22:51:52,192 : INFO : EventManager : Event: ======'slide_t_2_2_slide_active'====== Args={'_from_bcp': True}
2023-01-02 22:51:54,181 : INFO : EventManager : Event: ======'slide_t_2_3_slide_created'====== Args={'_from_bcp': True}
2023-01-02 22:51:54,189 : INFO : EventManager : Event: ======'slide_t_2_3_slide_active'====== Args={'_from_bcp': True}
2023-01-02 22:51:56,165 : INFO : EventManager : Event: ======'slide_t_2_4_slide_created'====== Args={'_from_bcp': True}
2023-01-02 22:51:56,175 : INFO : EventManager : Event: ======'slide_t_2_4_slide_active'====== Args={'_from_bcp': True}
2023-01-02 22:51:58,182 : INFO : EventManager : Event: ======'slide_t_3_1_slide_created'====== Args={'_from_bcp': True}
2023-01-02 22:51:58,199 : INFO : EventManager : Event: ======'slide_t_3_1_slide_active'====== Args={'_from_bcp': True}
2023-01-02 22:52:00,183 : INFO : EventManager : Event: ======'slide_t_3_2_slide_created'====== Args={'_from_bcp': True}
2023-01-02 22:52:00,203 : INFO : EventManager : Event: ======'slide_t_3_2_slide_active'====== Args={'_from_bcp': True}
2023-01-02 22:52:02,184 : INFO : EventManager : Event: ======'slide_t_3_3_slide_created'====== Args={'_from_bcp': True}
2023-01-02 22:52:02,198 : INFO : EventManager : Event: ======'slide_t_3_3_slide_active'====== Args={'_from_bcp': True}
2023-01-02 22:52:04,183 : INFO : EventManager : Event: ======'slide_t_3_4_slide_created'====== Args={'_from_bcp': True}
2023-01-02 22:52:04,200 : INFO : EventManager : Event: ======'slide_t_3_4_slide_active'====== Args={'_from_bcp': True}
2023-01-02 22:52:06,167 : INFO : EventManager : Event: ======'slide_t_4_1_slide_created'====== Args={'_from_bcp': True}
2023-01-02 22:52:06,175 : INFO : EventManager : Event: ======'slide_t_4_1_slide_active'====== Args={'_from_bcp': True}
2023-01-02 22:52:08,183 : INFO : EventManager : Event: ======'slide_t_4_2_slide_created'====== Args={'_from_bcp': True}
2023-01-02 22:52:08,190 : INFO : EventManager : Event: ======'slide_t_4_2_slide_active'====== Args={'_from_bcp': True}
2023-01-02 22:52:10,183 : INFO : EventManager : Event: ======'slide_t_4_3_slide_created'====== Args={'_from_bcp': True}
2023-01-02 22:52:10,190 : INFO : EventManager : Event: ======'slide_t_4_3_slide_active'====== Args={'_from_bcp': True}
2023-01-02 22:52:12,167 : INFO : EventManager : Event: ======'slide_t_4_4_slide_created'====== Args={'_from_bcp': True}
2023-01-02 22:52:12,174 : INFO : EventManager : Event: ======'slide_t_4_4_slide_active'====== Args={'_from_bcp': True}
2023-01-02 22:52:14,185 : INFO : EventManager : Event: ======'slide_commander_2_created'====== Args={'_from_bcp': True}
2023-01-02 22:52:14,186 : INFO : EventManager : Event: ======'slide_commander_2_active'====== Args={'_from_bcp': True}
2023-01-02 22:52:16,191 : INFO : EventManager : Event: ======'slide_red_created'====== Args={'_from_bcp': True}
2023-01-02 22:52:16,210 : INFO : EventManager : Event: ======'slide_red_active'====== Args={'_from_bcp': True}
2023-01-02 22:52:18,213 : INFO : EventManager : Event: ======'slide_blue_created'====== Args={'_from_bcp': True}
2023-01-02 22:52:18,235 : INFO : EventManager : Event: ======'slide_blue_active'====== Args={'_from_bcp': True}
2023-01-02 22:52:20,272 : INFO : EventManager : Event: ======'slide_green_created'====== Args={'_from_bcp': True}
2023-01-02 22:52:20,295 : INFO : EventManager : Event: ======'slide_green_active'====== Args={'_from_bcp': True}
2023-01-02 22:52:22,231 : INFO : EventManager : Event: ======'slide_yellow_created'====== Args={'_from_bcp': True}
2023-01-02 22:52:22,258 : INFO : EventManager : Event: ======'slide_yellow_active'====== Args={'_from_bcp': True}
2023-01-02 22:52:24,196 : INFO : EventManager : Event: ======'slide_capture_1_created'====== Args={'_from_bcp': True}
2023-01-02 22:52:24,197 : INFO : EventManager : Event: ======'slide_capture_1_active'====== Args={'_from_bcp': True}
2023-01-02 22:52:26,167 : INFO : EventManager : Event: ======'slide_capture_2_created'====== Args={'_from_bcp': True}
2023-01-02 22:52:26,167 : INFO : EventManager : Event: ======'slide_capture_2_active'====== Args={'_from_bcp': True}
2023-01-02 22:52:28,180 : INFO : EventManager : Event: ======'slide_capture_3_created'====== Args={'_from_bcp': True}
2023-01-02 22:52:28,196 : INFO : EventManager : Event: ======'slide_capture_3_active'====== Args={'_from_bcp': True}
2023-01-02 22:52:30,167 : INFO : EventManager : Event: ======'slide_cons_test_created'====== Args={'_from_bcp': True}
2023-01-02 22:52:30,172 : INFO : EventManager : Event: ======'slide_cons_test_active'====== Args={'_from_bcp': True}
2023-01-02 22:52:32,186 : INFO : EventManager : Event: ======'slide_consumable_slide_created'====== Args={'_from_bcp': True}
2023-01-02 22:52:32,186 : INFO : EventManager : Event: ======'slide_consumable_slide_active'====== Args={'_from_bcp': True}
2023-01-02 22:52:34,168 : INFO : EventManager : Event: ======'slide_consumable_slide1_created'====== Args={'_from_bcp': True}
2023-01-02 22:52:34,169 : INFO : EventManager : Event: ======'slide_consumable_slide1_active'====== Args={'_from_bcp': True}
2023-01-02 22:52:36,167 : INFO : EventManager : Event: ======'slide_consumable_slide2_created'====== Args={'_from_bcp': True}
2023-01-02 22:52:36,167 : INFO : EventManager : Event: ======'slide_consumable_slide2_active'====== Args={'_from_bcp': True}
2023-01-02 22:52:38,174 : INFO : EventManager : Event: ======'slide_hc_test_slide_created'====== Args={'_from_bcp': True}
2023-01-02 22:52:38,181 : INFO : EventManager : Event: ======'slide_hc_test_slide_active'====== Args={'_from_bcp': True}
2023-01-02 22:52:40,172 : INFO : EventManager : Event: ======'slide_test_slide_1_created'====== Args={'_from_bcp': True}
2023-01-02 22:52:40,181 : INFO : EventManager : Event: ======'slide_test_slide_1_active'====== Args={'_from_bcp': True}
2023-01-02 22:52:42,172 : INFO : EventManager : Event: ======'slide_test_slide_2_created'====== Args={'_from_bcp': True}
2023-01-02 22:52:42,178 : INFO : EventManager : Event: ======'slide_test_slide_2_active'====== Args={'_from_bcp': True}
2023-01-02 22:52:44,173 : INFO : EventManager : Event: ======'slide_test_slide_3_created'====== Args={'_from_bcp': True}
2023-01-02 22:52:44,180 : INFO : EventManager : Event: ======'slide_test_slide_3_active'====== Args={'_from_bcp': True}
2023-01-02 22:52:46,177 : INFO : EventManager : Event: ======'slide_test_slide_3_removed'====== Args={'_from_bcp': True}
2023-01-02 22:52:46,177 : INFO : EventManager : Event: ======'slide_test_slide_3_created'====== Args={'_from_bcp': True}
2023-01-02 22:52:46,180 : INFO : EventManager : Event: ======'slide_test_slide_3_active'====== Args={'_from_bcp': True}
2023-01-02 22:52:51,183 : INFO : EventManager : Event: ======'slide_attract_slide_1_created'====== Args={'_from_bcp': True}
2023-01-02 22:52:51,185 : INFO : EventManager : Event: ======'slide_attract_slide_1_active'====== Args={'_from_bcp': True}
2023-01-02 22:52:53,193 : INFO : EventManager : Event: ======'slide_attract_slide_3_created'====== Args={'_from_bcp': True}
2023-01-02 22:52:53,193 : INFO : EventManager : Event: ======'slide_attract_slide_3_active'====== Args={'_from_bcp': True}
2023-01-02 22:52:55,181 : INFO : EventManager : Event: ======'slide_attract_slide_1_removed'====== Args={'_from_bcp': True}
2023-01-02 22:52:55,183 : INFO : EventManager : Event: ======'slide_attract_slide_1_created'====== Args={'_from_bcp': True}
2023-01-02 22:52:55,185 : INFO : EventManager : Event: ======'slide_attract_slide_1_active'====== Args={'_from_bcp': True}
2023-01-02 22:52:57,182 : INFO : EventManager : Event: ======'slide_attract_slide_3_removed'====== Args={'_from_bcp': True}
2023-01-02 22:52:57,185 : INFO : EventManager : Event: ======'slide_attract_slide_3_created'====== Args={'_from_bcp': True}
2023-01-02 22:52:57,188 : INFO : EventManager : Event: ======'slide_attract_slide_3_active'====== Args={'_from_bcp': True}
2023-01-02 22:52:59,181 : INFO : EventManager : Event: ======'slide_attract_slide_4_created'====== Args={'_from_bcp': True}
2023-01-02 22:52:59,182 : INFO : EventManager : Event: ======'slide_attract_slide_4_active'====== Args={'_from_bcp': True}
2023-01-02 22:53:01,180 : INFO : EventManager : Event: ======'slide_attract_slide_5_created'====== Args={'_from_bcp': True}
2023-01-02 22:53:01,180 : INFO : EventManager : Event: ======'slide_attract_slide_5_active'====== Args={'_from_bcp': True}
2023-01-02 22:53:03,190 : INFO : EventManager : Event: ======'slide_attract_slide_6_created'====== Args={'_from_bcp': True}
2023-01-02 22:53:03,195 : INFO : EventManager : Event: ======'slide_attract_slide_6_active'====== Args={'_from_bcp': True}
2023-01-02 22:53:05,188 : INFO : EventManager : Event: ======'slide_attract_slide_7_created'====== Args={'_from_bcp': True}
2023-01-02 22:53:05,205 : INFO : EventManager : Event: ======'slide_attract_slide_7_active'====== Args={'_from_bcp': True}
2023-01-02 22:53:07,188 : INFO : EventManager : Event: ======'slide_attract_slide_8_created'====== Args={'_from_bcp': True}
2023-01-02 22:53:07,193 : INFO : EventManager : Event: ======'slide_attract_slide_8_active'====== Args={'_from_bcp': True}
2023-01-02 22:53:09,170 : INFO : EventManager : Event: ======'slide_attract_slide_9_created'====== Args={'_from_bcp': True}
2023-01-02 22:53:09,176 : INFO : EventManager : Event: ======'slide_attract_slide_9_active'====== Args={'_from_bcp': True}
2023-01-02 22:53:11,171 : INFO : EventManager : Event: ======'slide_attract_slide_10_created'====== Args={'_from_bcp': True}
2023-01-02 22:53:11,177 : INFO : EventManager : Event: ======'slide_attract_slide_10_active'====== Args={'_from_bcp': True}
2023-01-02 22:53:12,168 : INFO : EventManager : Event: ======'slide_attract_game_over_slide_removed'====== Args={'_from_bcp': True}
2023-01-02 22:53:12,168 : INFO : EventManager : Event: ======'slide_attract_game_over_slide_created'====== Args={'_from_bcp': True}
2023-01-02 22:53:12,170 : INFO : EventManager : Event: ======'slide_attract_game_over_slide_active'====== Args={'_from_bcp': True}
2023-01-02 22:53:14,185 : INFO : EventManager : Event: ======'slide_end_mode_8_compIG_removed'====== Args={'_from_bcp': True}
2023-01-02 22:53:14,190 : INFO : EventManager : Event: ======'slide_end_mode_8_compIG_created'====== Args={'_from_bcp': True}
2023-01-02 22:53:14,195 : INFO : EventManager : Event: ======'slide_end_mode_8_compIG_active'====== Args={'_from_bcp': True}
2023-01-02 22:53:16,186 : INFO : EventManager : Event: ======'slide_end_mode_8_comp_removed'====== Args={'_from_bcp': True}
2023-01-02 22:53:16,194 : INFO : EventManager : Event: ======'slide_end_mode_8_comp_created'====== Args={'_from_bcp': True}
2023-01-02 22:53:16,199 : INFO : EventManager : Event: ======'slide_end_mode_8_comp_active'====== Args={'_from_bcp': True}
2023-01-02 22:53:18,169 : INFO : EventManager : Event: ======'slide_end_mode_8_co_removed'====== Args={'_from_bcp': True}
2023-01-02 22:53:18,176 : INFO : EventManager : Event: ======'slide_end_mode_8_co_created'====== Args={'_from_bcp': True}
2023-01-02 22:53:18,183 : INFO : EventManager : Event: ======'slide_end_mode_8_co_active'====== Args={'_from_bcp': True}
2023-01-02 22:53:20,168 : INFO : EventManager : Event: ======'slide_end_mode_8_com_removed'====== Args={'_from_bcp': True}
2023-01-02 22:53:20,222 : INFO : EventManager : Event: ======'slide_end_mode_8_com_created'====== Args={'_from_bcp': True}
2023-01-02 22:53:20,227 : INFO : EventManager : Event: ======'slide_end_mode_8_com_active'====== Args={'_from_bcp': True}
2023-01-02 22:53:22,185 : INFO : EventManager : Event: ======'slide_end_mode_8_completed_removed'====== Args={'_from_bcp': True}
2023-01-02 22:53:22,205 : INFO : EventManager : Event: ======'slide_end_mode_8_completed_created'====== Args={'_from_bcp': True}
2023-01-02 22:53:22,205 : INFO : EventManager : Event: ======'slide_end_mode_8_completed_active'====== Args={'_from_bcp': True}
2023-01-02 22:53:24,186 : INFO : EventManager : Event: ======'slide_scores_slide_removed'====== Args={'_from_bcp': True}
2023-01-02 22:53:24,191 : INFO : EventManager : Event: ======'slide_scores_slide_created'====== Args={'_from_bcp': True}
2023-01-02 22:53:24,196 : INFO : EventManager : Event: ======'slide_scores_slide_active'====== Args={'_from_bcp': True}
2023-01-02 22:53:26,203 : INFO : EventManager : Event: ======'slide_medals_back_removed'====== Args={'_from_bcp': True}
2023-01-02 22:53:26,220 : INFO : EventManager : Event: ======'slide_medals_back_created'====== Args={'_from_bcp': True}
2023-01-02 22:53:26,220 : INFO : EventManager : Event: ======'slide_medals_back_active'====== Args={'_from_bcp': True}
2023-01-02 22:53:28,187 : INFO : EventManager : Event: ======'slide_medals_removed'====== Args={'_from_bcp': True}
2023-01-02 22:53:28,191 : INFO : EventManager : Event: ======'slide_medals_created'====== Args={'_from_bcp': True}
2023-01-02 22:53:28,208 : INFO : EventManager : Event: ======'slide_medals_active'====== Args={'_from_bcp': True}
2023-01-02 22:53:30,184 : INFO : EventManager : Event: ======'slide_aircraft_slide_removed'====== Args={'_from_bcp': True}
2023-01-02 22:53:30,185 : INFO : EventManager : Event: ======'slide_aircraft_slide_created'====== Args={'_from_bcp': True}
2023-01-02 22:53:30,186 : INFO : EventManager : Event: ======'slide_aircraft_slide_active'====== Args={'_from_bcp': True}
2023-01-02 22:53:32,170 : INFO : EventManager : Event: ======'slide_t_1_1_slide_removed'====== Args={'_from_bcp': True}
2023-01-02 22:53:32,177 : INFO : EventManager : Event: ======'slide_t_1_1_slide_created'====== Args={'_from_bcp': True}
2023-01-02 22:53:32,193 : INFO : EventManager : Event: ======'slide_t_1_1_slide_active'====== Args={'_from_bcp': True}
2023-01-02 22:53:34,169 : INFO : EventManager : Event: ======'slide_t_1_2_slide_removed'====== Args={'_from_bcp': True}
2023-01-02 22:53:34,175 : INFO : EventManager : Event: ======'slide_t_1_2_slide_created'====== Args={'_from_bcp': True}
2023-01-02 22:53:34,180 : INFO : EventManager : Event: ======'slide_t_1_2_slide_active'====== Args={'_from_bcp': True}
2023-01-02 22:53:36,185 : INFO : EventManager : Event: ======'slide_t_1_3_slide_removed'====== Args={'_from_bcp': True}
2023-01-02 22:53:36,192 : INFO : EventManager : Event: ======'slide_t_1_3_slide_created'====== Args={'_from_bcp': True}
2023-01-02 22:53:36,207 : INFO : EventManager : Event: ======'slide_t_1_3_slide_active'====== Args={'_from_bcp': True}
2023-01-02 22:53:38,199 : INFO : EventManager : Event: ======'slide_t_1_4_slide_removed'====== Args={'_from_bcp': True}
2023-01-02 22:53:38,209 : INFO : EventManager : Event: ======'slide_t_1_4_slide_created'====== Args={'_from_bcp': True}
2023-01-02 22:53:38,214 : INFO : EventManager : Event: ======'slide_t_1_4_slide_active'====== Args={'_from_bcp': True}
2023-01-02 22:53:40,200 : INFO : EventManager : Event: ======'slide_t_2_1_slide_removed'====== Args={'_from_bcp': True}
2023-01-02 22:53:40,200 : INFO : EventManager : Event: ======'slide_t_2_1_slide_created'====== Args={'_from_bcp': True}
2023-01-02 22:53:40,201 : INFO : EventManager : Event: ======'slide_t_2_1_slide_active'====== Args={'_from_bcp': True}
2023-01-02 22:53:42,169 : INFO : EventManager : Event: ======'slide_t_2_2_slide_removed'====== Args={'_from_bcp': True}
2023-01-02 22:53:42,176 : INFO : EventManager : Event: ======'slide_t_2_2_slide_created'====== Args={'_from_bcp': True}
2023-01-02 22:53:42,182 : INFO : EventManager : Event: ======'slide_t_2_2_slide_active'====== Args={'_from_bcp': True}
2023-01-02 22:53:44,170 : INFO : EventManager : Event: ======'slide_t_2_3_slide_removed'====== Args={'_from_bcp': True}
2023-01-02 22:53:44,176 : INFO : EventManager : Event: ======'slide_t_2_3_slide_created'====== Args={'_from_bcp': True}
2023-01-02 22:53:44,182 : INFO : EventManager : Event: ======'slide_t_2_3_slide_active'====== Args={'_from_bcp': True}
2023-01-02 22:53:46,153 : INFO : EventManager : Event: ======'slide_t_2_4_slide_removed'====== Args={'_from_bcp': True}
2023-01-02 22:53:46,160 : INFO : EventManager : Event: ======'slide_t_2_4_slide_created'====== Args={'_from_bcp': True}
2023-01-02 22:53:46,165 : INFO : EventManager : Event: ======'slide_t_2_4_slide_active'====== Args={'_from_bcp': True}
2023-01-02 22:53:48,179 : INFO : EventManager : Event: ======'slide_t_3_1_slide_removed'====== Args={'_from_bcp': True}
2023-01-02 22:53:48,179 : INFO : EventManager : Event: ======'slide_t_3_1_slide_created'====== Args={'_from_bcp': True}
2023-01-02 22:53:48,184 : INFO : EventManager : Event: ======'slide_t_3_1_slide_active'====== Args={'_from_bcp': True}
2023-01-02 22:53:50,170 : INFO : EventManager : Event: ======'slide_t_3_2_slide_removed'====== Args={'_from_bcp': True}
2023-01-02 22:53:50,176 : INFO : EventManager : Event: ======'slide_t_3_2_slide_created'====== Args={'_from_bcp': True}
2023-01-02 22:53:50,183 : INFO : EventManager : Event: ======'slide_t_3_2_slide_active'====== Args={'_from_bcp': True}
2023-01-02 22:53:52,171 : INFO : EventManager : Event: ======'slide_t_3_3_slide_removed'====== Args={'_from_bcp': True}
2023-01-02 22:53:52,178 : INFO : EventManager : Event: ======'slide_t_3_3_slide_created'====== Args={'_from_bcp': True}
2023-01-02 22:53:52,185 : INFO : EventManager : Event: ======'slide_t_3_3_slide_active'====== Args={'_from_bcp': True}
2023-01-02 22:53:54,173 : INFO : EventManager : Event: ======'slide_t_3_4_slide_removed'====== Args={'_from_bcp': True}
2023-01-02 22:53:54,191 : INFO : EventManager : Event: ======'slide_t_3_4_slide_created'====== Args={'_from_bcp': True}
2023-01-02 22:53:54,192 : INFO : EventManager : Event: ======'slide_t_3_4_slide_active'====== Args={'_from_bcp': True}
2023-01-02 22:53:56,180 : INFO : EventManager : Event: ======'slide_t_4_1_slide_removed'====== Args={'_from_bcp': True}
2023-01-02 22:53:56,181 : INFO : EventManager : Event: ======'slide_t_4_1_slide_created'====== Args={'_from_bcp': True}
2023-01-02 22:53:56,184 : INFO : EventManager : Event: ======'slide_t_4_1_slide_active'====== Args={'_from_bcp': True}
2023-01-02 22:53:58,170 : INFO : EventManager : Event: ======'slide_t_4_2_slide_removed'====== Args={'_from_bcp': True}
2023-01-02 22:53:58,177 : INFO : EventManager : Event: ======'slide_t_4_2_slide_created'====== Args={'_from_bcp': True}
2023-01-02 22:53:58,182 : INFO : EventManager : Event: ======'slide_t_4_2_slide_active'====== Args={'_from_bcp': True}
2023-01-02 22:54:00,172 : INFO : EventManager : Event: ======'slide_t_4_3_slide_removed'====== Args={'_from_bcp': True}
2023-01-02 22:54:00,181 : INFO : EventManager : Event: ======'slide_t_4_3_slide_created'====== Args={'_from_bcp': True}
2023-01-02 22:54:00,190 : INFO : EventManager : Event: ======'slide_t_4_3_slide_active'====== Args={'_from_bcp': True}
2023-01-02 22:54:02,166 : INFO : EventManager : Event: ======'slide_t_4_4_slide_removed'====== Args={'_from_bcp': True}
2023-01-02 22:54:02,169 : INFO : EventManager : Event: ======'slide_t_4_4_slide_created'====== Args={'_from_bcp': True}
2023-01-02 22:54:02,175 : INFO : EventManager : Event: ======'slide_t_4_4_slide_active'====== Args={'_from_bcp': True}
2023-01-02 22:54:04,165 : INFO : EventManager : Event: ======'slide_commander_2_removed'====== Args={'_from_bcp': True}
2023-01-02 22:54:04,165 : INFO : EventManager : Event: ======'slide_commander_2_created'====== Args={'_from_bcp': True}
2023-01-02 22:54:04,165 : INFO : EventManager : Event: ======'slide_commander_2_active'====== Args={'_from_bcp': True}
2023-01-02 22:54:06,196 : INFO : EventManager : Event: ======'slide_red_removed'====== Args={'_from_bcp': True}
2023-01-02 22:54:06,221 : INFO : EventManager : Event: ======'slide_red_created'====== Args={'_from_bcp': True}
2023-01-02 22:54:06,253 : INFO : EventManager : Event: ======'slide_red_active'====== Args={'_from_bcp': True}
2023-01-02 22:54:08,185 : INFO : EventManager : Event: ======'slide_blue_removed'====== Args={'_from_bcp': True}
2023-01-02 22:54:08,291 : INFO : EventManager : Event: ======'slide_blue_created'====== Args={'_from_bcp': True}
2023-01-02 22:54:08,315 : INFO : EventManager : Event: ======'slide_blue_active'====== Args={'_from_bcp': True}
2023-01-02 22:54:10,167 : INFO : EventManager : Event: ======'slide_green_removed'====== Args={'_from_bcp': True}
2023-01-02 22:54:10,197 : INFO : EventManager : Event: ======'slide_green_created'====== Args={'_from_bcp': True}
2023-01-02 22:54:10,225 : INFO : EventManager : Event: ======'slide_green_active'====== Args={'_from_bcp': True}
2023-01-02 22:54:12,182 : INFO : EventManager : Event: ======'slide_yellow_removed'====== Args={'_from_bcp': True}
2023-01-02 22:54:12,211 : INFO : EventManager : Event: ======'slide_yellow_created'====== Args={'_from_bcp': True}
2023-01-02 22:54:12,231 : INFO : EventManager : Event: ======'slide_yellow_active'====== Args={'_from_bcp': True}
2023-01-02 22:54:14,171 : INFO : EventManager : Event: ======'slide_capture_1_removed'====== Args={'_from_bcp': True}
2023-01-02 22:54:14,172 : INFO : EventManager : Event: ======'slide_capture_1_created'====== Args={'_from_bcp': True}
2023-01-02 22:54:14,173 : INFO : EventManager : Event: ======'slide_capture_1_active'====== Args={'_from_bcp': True}
2023-01-02 22:54:16,158 : INFO : EventManager : Event: ======'slide_capture_2_removed'====== Args={'_from_bcp': True}
2023-01-02 22:54:16,159 : INFO : EventManager : Event: ======'slide_capture_2_created'====== Args={'_from_bcp': True}
2023-01-02 22:54:16,159 : INFO : EventManager : Event: ======'slide_capture_2_active'====== Args={'_from_bcp': True}
2023-01-02 22:54:18,170 : INFO : EventManager : Event: ======'slide_capture_3_removed'====== Args={'_from_bcp': True}
2023-01-02 22:54:18,171 : INFO : EventManager : Event: ======'slide_capture_3_created'====== Args={'_from_bcp': True}
2023-01-02 22:54:18,172 : INFO : EventManager : Event: ======'slide_capture_3_active'====== Args={'_from_bcp': True}
2023-01-02 22:54:20,190 : INFO : EventManager : Event: ======'slide_cons_test_removed'====== Args={'_from_bcp': True}
2023-01-02 22:54:20,192 : INFO : EventManager : Event: ======'slide_cons_test_created'====== Args={'_from_bcp': True}
2023-01-02 22:54:20,197 : INFO : EventManager : Event: ======'slide_cons_test_active'====== Args={'_from_bcp': True}
2023-01-02 22:54:22,192 : INFO : EventManager : Event: ======'slide_consumable_slide_removed'====== Args={'_from_bcp': True}
2023-01-02 22:54:22,193 : INFO : EventManager : Event: ======'slide_consumable_slide_created'====== Args={'_from_bcp': True}
2023-01-02 22:54:22,194 : INFO : EventManager : Event: ======'slide_consumable_slide_active'====== Args={'_from_bcp': True}
2023-01-02 22:54:24,192 : INFO : EventManager : Event: ======'slide_consumable_slide1_removed'====== Args={'_from_bcp': True}
2023-01-02 22:54:24,193 : INFO : EventManager : Event: ======'slide_consumable_slide1_created'====== Args={'_from_bcp': True}
2023-01-02 22:54:24,194 : INFO : EventManager : Event: ======'slide_consumable_slide1_active'====== Args={'_from_bcp': True}
2023-01-02 22:54:26,171 : INFO : EventManager : Event: ======'slide_consumable_slide2_removed'====== Args={'_from_bcp': True}
2023-01-02 22:54:26,173 : INFO : EventManager : Event: ======'slide_consumable_slide2_created'====== Args={'_from_bcp': True}
2023-01-02 22:54:26,177 : INFO : EventManager : Event: ======'slide_consumable_slide2_active'====== Args={'_from_bcp': True}
2023-01-02 22:54:28,192 : INFO : EventManager : Event: ======'slide_hc_test_slide_removed'====== Args={'_from_bcp': True}
2023-01-02 22:54:28,204 : INFO : EventManager : Event: ======'slide_hc_test_slide_created'====== Args={'_from_bcp': True}
2023-01-02 22:54:28,224 : INFO : EventManager : Event: ======'slide_hc_test_slide_active'====== Args={'_from_bcp': True}
2023-01-02 22:54:30,159 : INFO : EventManager : Event: ======'slide_test_slide_1_removed'====== Args={'_from_bcp': True}
2023-01-02 22:54:30,167 : INFO : EventManager : Event: ======'slide_test_slide_1_created'====== Args={'_from_bcp': True}
2023-01-02 22:54:30,175 : INFO : EventManager : Event: ======'slide_test_slide_1_active'====== Args={'_from_bcp': True}
2023-01-02 22:54:32,159 : INFO : EventManager : Event: ======'slide_test_slide_2_removed'====== Args={'_from_bcp': True}
2023-01-02 22:54:32,171 : INFO : EventManager : Event: ======'slide_test_slide_2_created'====== Args={'_from_bcp': True}
2023-01-02 22:54:32,179 : INFO : EventManager : Event: ======'slide_test_slide_2_active'====== Args={'_from_bcp': True}
2023-01-02 22:54:34,160 : INFO : EventManager : Event: ======'slide_test_slide_3_removed'====== Args={'_from_bcp': True}
2023-01-02 22:54:34,170 : INFO : EventManager : Event: ======'slide_test_slide_3_created'====== Args={'_from_bcp': True}
2023-01-02 22:54:34,176 : INFO : EventManager : Event: ======'slide_test_slide_3_active'====== Args={'_from_bcp': True}
2023-01-02 22:54:36,159 : INFO : EventManager : Event: ======'slide_test_slide_3_removed'====== Args={'_from_bcp': True}
2023-01-02 22:54:36,174 : INFO : EventManager : Event: ======'slide_test_slide_3_created'====== Args={'_from_bcp': True}
2023-01-02 22:54:36,180 : INFO : EventManager : Event: ======'slide_test_slide_3_active'====== Args={'_from_bcp': True}
2023-01-02 22:54:41,156 : INFO : EventManager : Event: ======'slide_attract_slide_1_removed'====== Args={'_from_bcp': True}
2023-01-02 22:54:41,157 : INFO : EventManager : Event: ======'slide_attract_slide_1_created'====== Args={'_from_bcp': True}
2023-01-02 22:54:41,160 : INFO : EventManager : Event: ======'slide_attract_slide_1_active'====== Args={'_from_bcp': True}
2023-01-02 22:54:43,172 : INFO : EventManager : Event: ======'slide_attract_slide_3_removed'====== Args={'_from_bcp': True}
2023-01-02 22:54:43,174 : INFO : EventManager : Event: ======'slide_attract_slide_3_created'====== Args={'_from_bcp': True}
2023-01-02 22:54:43,177 : INFO : EventManager : Event: ======'slide_attract_slide_3_active'====== Args={'_from_bcp': True}
2023-01-02 22:54:45,176 : INFO : EventManager : Event: ======'slide_attract_slide_1_removed'====== Args={'_from_bcp': True}
2023-01-02 22:54:45,176 : INFO : EventManager : Event: ======'slide_attract_slide_1_created'====== Args={'_from_bcp': True}
2023-01-02 22:54:45,177 : INFO : EventManager : Event: ======'slide_attract_slide_1_active'====== Args={'_from_bcp': True}
2023-01-02 22:54:47,174 : INFO : EventManager : Event: ======'slide_attract_slide_3_removed'====== Args={'_from_bcp': True}
2023-01-02 22:54:47,175 : INFO : EventManager : Event: ======'slide_attract_slide_3_created'====== Args={'_from_bcp': True}
2023-01-02 22:54:47,178 : INFO : EventManager : Event: ======'slide_attract_slide_3_active'====== Args={'_from_bcp': True}
2023-01-02 22:54:49,244 : INFO : EventManager : Event: ======'slide_attract_slide_4_removed'====== Args={'_from_bcp': True}
2023-01-02 22:54:49,259 : INFO : EventManager : Event: ======'slide_attract_slide_4_created'====== Args={'_from_bcp': True}
2023-01-02 22:54:49,259 : INFO : EventManager : Event: ======'slide_attract_slide_4_active'====== Args={'_from_bcp': True}
2023-01-02 22:54:49,631 : INFO : SwitchController : <<<<<<< 's_right_flipper' active >>>>>>>
2023-01-02 22:54:49,631 : INFO : EventManager : Event: ======'s_right_flipper_active'====== Args={}
2023-01-02 22:54:49,641 : INFO : EventManager : Event: ======'slide_attract_slide_5_removed'====== Args={'_from_bcp': True}
2023-01-02 22:54:49,642 : INFO : EventManager : Event: ======'slide_attract_slide_5_created'====== Args={'_from_bcp': True}
2023-01-02 22:54:49,644 : INFO : EventManager : Event: ======'slide_attract_slide_5_active'====== Args={'_from_bcp': True}
2023-01-02 22:54:49,716 : INFO : SwitchController : <<<<<<< 's_right_flipper' inactive >>>>>>>
2023-01-02 22:54:49,821 : INFO : SwitchController : <<<<<<< 's_right_flipper' active >>>>>>>
2023-01-02 22:54:49,821 : INFO : EventManager : Event: ======'s_right_flipper_active'====== Args={}
2023-01-02 22:54:49,846 : INFO : EventManager : Event: ======'slide_attract_slide_6_removed'====== Args={'_from_bcp': True}
2023-01-02 22:54:49,847 : INFO : EventManager : Event: ======'slide_attract_slide_6_created'====== Args={'_from_bcp': True}
2023-01-02 22:54:49,852 : INFO : EventManager : Event: ======'slide_attract_slide_6_active'====== Args={'_from_bcp': True}
2023-01-02 22:54:49,890 : INFO : SwitchController : <<<<<<< 's_right_flipper' inactive >>>>>>>
2023-01-02 22:54:50,021 : INFO : SwitchController : <<<<<<< 's_right_flipper' active >>>>>>>
2023-01-02 22:54:50,021 : INFO : EventManager : Event: ======'s_right_flipper_active'====== Args={}
2023-01-02 22:54:50,045 : INFO : EventManager : Event: ======'slide_attract_slide_7_removed'====== Args={'_from_bcp': True}
2023-01-02 22:54:50,045 : INFO : EventManager : Event: ======'slide_attract_slide_7_created'====== Args={'_from_bcp': True}
2023-01-02 22:54:50,051 : INFO : EventManager : Event: ======'slide_attract_slide_7_active'====== Args={'_from_bcp': True}
2023-01-02 22:54:50,084 : INFO : SwitchController : <<<<<<< 's_right_flipper' inactive >>>>>>>
2023-01-02 22:54:50,204 : INFO : SwitchController : <<<<<<< 's_right_flipper' active >>>>>>>
2023-01-02 22:54:50,205 : INFO : EventManager : Event: ======'s_right_flipper_active'====== Args={}
2023-01-02 22:54:50,238 : INFO : EventManager : Event: ======'slide_attract_slide_8_removed'====== Args={'_from_bcp': True}
2023-01-02 22:54:50,239 : INFO : EventManager : Event: ======'slide_attract_slide_8_created'====== Args={'_from_bcp': True}
2023-01-02 22:54:50,239 : INFO : EventManager : Event: ======'slide_attract_slide_8_active'====== Args={'_from_bcp': True}
2023-01-02 22:54:50,277 : INFO : SwitchController : <<<<<<< 's_right_flipper' inactive >>>>>>>
2023-01-02 22:54:50,404 : INFO : SwitchController : <<<<<<< 's_right_flipper' active >>>>>>>
2023-01-02 22:54:50,404 : INFO : EventManager : Event: ======'s_right_flipper_active'====== Args={}
2023-01-02 22:54:50,430 : INFO : EventManager : Event: ======'slide_attract_slide_9_removed'====== Args={'_from_bcp': True}
2023-01-02 22:54:50,431 : INFO : EventManager : Event: ======'slide_attract_slide_9_created'====== Args={'_from_bcp': True}
2023-01-02 22:54:50,436 : INFO : EventManager : Event: ======'slide_attract_slide_9_active'====== Args={'_from_bcp': True}
2023-01-02 22:54:50,471 : INFO : SwitchController : <<<<<<< 's_right_flipper' inactive >>>>>>>
2023-01-02 22:54:50,623 : INFO : SwitchController : <<<<<<< 's_right_flipper' active >>>>>>>
2023-01-02 22:54:50,623 : INFO : EventManager : Event: ======'s_right_flipper_active'====== Args={}
2023-01-02 22:54:50,641 : INFO : EventManager : Event: ======'slide_attract_slide_10_removed'====== Args={'_from_bcp': True}
2023-01-02 22:54:50,645 : INFO : EventManager : Event: ======'slide_attract_slide_10_created'====== Args={'_from_bcp': True}
2023-01-02 22:54:50,652 : INFO : EventManager : Event: ======'slide_attract_slide_10_active'====== Args={'_from_bcp': True}
2023-01-02 22:54:50,674 : INFO : SwitchController : <<<<<<< 's_right_flipper' inactive >>>>>>>
2023-01-02 22:54:50,837 : INFO : SwitchController : <<<<<<< 's_right_flipper' active >>>>>>>
2023-01-02 22:54:50,838 : INFO : EventManager : Event: ======'s_right_flipper_active'====== Args={}
2023-01-02 22:54:50,867 : INFO : EventManager : Event: ======'slide_attract_game_over_slide_removed'====== Args={'_from_bcp': True}
2023-01-02 22:54:50,867 : INFO : EventManager : Event: ======'slide_attract_game_over_slide_created'====== Args={'_from_bcp': True}
2023-01-02 22:54:50,867 : INFO : EventManager : Event: ======'slide_attract_game_over_slide_active'====== Args={'_from_bcp': True}
2023-01-02 22:54:50,888 : INFO : SwitchController : <<<<<<< 's_right_flipper' inactive >>>>>>>
2023-01-02 22:54:51,037 : INFO : SwitchController : <<<<<<< 's_right_flipper' active >>>>>>>
2023-01-02 22:54:51,038 : INFO : EventManager : Event: ======'s_right_flipper_active'====== Args={}
2023-01-02 22:54:51,063 : INFO : EventManager : Event: ======'slide_end_mode_8_compIG_removed'====== Args={'_from_bcp': True}
2023-01-02 22:54:51,063 : INFO : EventManager : Event: ======'slide_end_mode_8_compIG_created'====== Args={'_from_bcp': True}
2023-01-02 22:54:51,070 : INFO : EventManager : Event: ======'slide_end_mode_8_compIG_active'====== Args={'_from_bcp': True}
2023-01-02 22:54:51,101 : INFO : SwitchController : <<<<<<< 's_right_flipper' inactive >>>>>>>
2023-01-02 22:54:51,237 : INFO : SwitchController : <<<<<<< 's_right_flipper' active >>>>>>>
2023-01-02 22:54:51,237 : INFO : EventManager : Event: ======'s_right_flipper_active'====== Args={}
2023-01-02 22:54:51,263 : INFO : EventManager : Event: ======'slide_end_mode_8_comp_removed'====== Args={'_from_bcp': True}
2023-01-02 22:54:51,265 : INFO : EventManager : Event: ======'slide_end_mode_8_comp_created'====== Args={'_from_bcp': True}
2023-01-02 22:54:51,270 : INFO : EventManager : Event: ======'slide_end_mode_8_comp_active'====== Args={'_from_bcp': True}
2023-01-02 22:54:51,323 : INFO : SwitchController : <<<<<<< 's_right_flipper' inactive >>>>>>>
2023-01-02 22:54:51,456 : INFO : SwitchController : <<<<<<< 's_right_flipper' active >>>>>>>
2023-01-02 22:54:51,456 : INFO : EventManager : Event: ======'s_right_flipper_active'====== Args={}
2023-01-02 22:54:51,475 : INFO : EventManager : Event: ======'slide_end_mode_8_co_removed'====== Args={'_from_bcp': True}
2023-01-02 22:54:51,483 : INFO : EventManager : Event: ======'slide_end_mode_8_co_created'====== Args={'_from_bcp': True}
2023-01-02 22:54:51,491 : INFO : EventManager : Event: ======'slide_end_mode_8_co_active'====== Args={'_from_bcp': True}
2023-01-02 22:54:51,549 : INFO : SwitchController : <<<<<<< 's_right_flipper' inactive >>>>>>>
2023-01-02 22:54:52,718 : INFO : Machine : Shutting down...
2023-01-02 22:54:52,718 : INFO : EventManager : Event: ======'shutdown'====== Args={}
2023-01-02 22:54:52,722 : INFO : root : MPF run loop ended.
