2023-01-15 18:30:33,182 : INFO : root : Loading config.
2023-01-15 18:30:33,185 : INFO : YamlMultifileConfigLoader : Machine config file #1: config.yaml
2023-01-15 18:30:33,185 : INFO : ConfigProcessor : Loading config from cache: C:\Users\dell\AppData\Local\Temp\823390186140f561069e51d67517f5d0.mpf_cache
2023-01-15 18:30:33,266 : INFO : ConfigProcessor : Loading config from cache: C:\Users\dell\AppData\Local\Temp\59a64183768b31a5bf2b8a1c5fa05afc.mpf_cache
2023-01-15 18:30:33,266 : WARNING : ConfigProcessor : Config file in cache changed: E:\MPF\wows\wows\modes\game\config\game.yaml
2023-01-15 18:30:33,267 : INFO : ConfigProcessor : Loading config from file c:\users\dell\appdata\local\programs\python\python36\lib\site-packages\mpf\modes\game\config\game.yaml.
2023-01-15 18:30:33,268 : INFO : ConfigProcessor : Loading config: c:\users\dell\appdata\local\programs\python\python36\lib\site-packages\mpf\modes\game\config\game.yaml
2023-01-15 18:30:33,269 : INFO : ConfigProcessor : Loading config from file E:\MPF\wows\wows\modes\game\config\game.yaml.
2023-01-15 18:30:33,328 : INFO : ConfigProcessor : Loading config: E:\MPF\wows\wows\modes\game\config\game.yaml
2023-01-15 18:30:33,329 : INFO : ConfigProcessor : Config file cache created: C:\Users\dell\AppData\Local\Temp\e4aaedaa0a5d6d283bdf8896bd678b71.mpf_cache
2023-01-15 18:30:33,330 : INFO : ConfigProcessor : Loading config from cache: C:\Users\dell\AppData\Local\Temp\59a64183768b31a5bf2b8a1c5fa05afc.mpf_cache
2023-01-15 18:30:33,330 : INFO : ConfigProcessor : Loading config from cache: C:\Users\dell\AppData\Local\Temp\d05889abdb32f5a85db64ac2e197f4ff.mpf_cache
2023-01-15 18:30:33,331 : INFO : ConfigProcessor : Loading config from cache: C:\Users\dell\AppData\Local\Temp\434c2e3a52e1507818428e1c584a9ae0.mpf_cache
2023-01-15 18:30:33,332 : INFO : ConfigProcessor : Loading config from cache: C:\Users\dell\AppData\Local\Temp\c96ee90647ae5b034e2dd42c348c42ad.mpf_cache
2023-01-15 18:30:33,332 : INFO : ConfigProcessor : Loading config from cache: C:\Users\dell\AppData\Local\Temp\ca0415bb38fd20ce1ae72b2592ece46e.mpf_cache
2023-01-15 18:30:33,333 : INFO : ConfigProcessor : Loading config from cache: C:\Users\dell\AppData\Local\Temp\72e9fea1cb562e40024eb5e8538ccaf2.mpf_cache
2023-01-15 18:30:33,333 : INFO : ConfigProcessor : Loading config from cache: C:\Users\dell\AppData\Local\Temp\c22c03646c3330fed25ec0d2c1900176.mpf_cache
2023-01-15 18:30:33,334 : INFO : ConfigProcessor : Loading config from cache: C:\Users\dell\AppData\Local\Temp\4f40b51a2a6ab6b3327b174347355c6f.mpf_cache
2023-01-15 18:30:33,334 : INFO : ConfigProcessor : Loading config from cache: C:\Users\dell\AppData\Local\Temp\39fabcdae38f081491893b3f9bf3922e.mpf_cache
2023-01-15 18:30:33,335 : INFO : ConfigProcessor : Loading config from cache: C:\Users\dell\AppData\Local\Temp\f18cd76783971ff471759940af4bc5eb.mpf_cache
2023-01-15 18:30:33,335 : INFO : ConfigProcessor : Loading config from cache: C:\Users\dell\AppData\Local\Temp\943ecf72a5798e3efec3d4f70c6ce1d2.mpf_cache
2023-01-15 18:30:33,336 : INFO : ConfigProcessor : Loading config from cache: C:\Users\dell\AppData\Local\Temp\04d9c03061fa17a1f6b23081f79db9ab.mpf_cache
2023-01-15 18:30:33,337 : INFO : ConfigProcessor : Loading config from cache: C:\Users\dell\AppData\Local\Temp\1ff29be1d22fb14fe5fd1c82a6918df4.mpf_cache
2023-01-15 18:30:33,337 : INFO : ConfigProcessor : Loading config from cache: C:\Users\dell\AppData\Local\Temp\f0ffd5ecaddfe34035bf3b1779215a88.mpf_cache
2023-01-15 18:30:33,338 : INFO : ConfigProcessor : Loading config from cache: C:\Users\dell\AppData\Local\Temp\b0de444617e3bf30a07f755a6d4831cc.mpf_cache
2023-01-15 18:30:33,338 : INFO : ConfigProcessor : Loading config from cache: C:\Users\dell\AppData\Local\Temp\200a9b2dddbe7706ffb4c4426b6d54a8.mpf_cache
2023-01-15 18:30:33,339 : INFO : ConfigProcessor : Loading config from cache: C:\Users\dell\AppData\Local\Temp\5ab98d4be1e8de85bea62364890eb2e9.mpf_cache
2023-01-15 18:30:33,339 : INFO : ConfigProcessor : Loading config from cache: C:\Users\dell\AppData\Local\Temp\4303dca7489148da2d256fc831cf8c96.mpf_cache
2023-01-15 18:30:33,339 : INFO : ConfigProcessor : Loading config from cache: C:\Users\dell\AppData\Local\Temp\e8fceecd8f65a6a7269e98c7961bbf6a.mpf_cache
2023-01-15 18:30:33,340 : INFO : ConfigProcessor : Loading config from cache: C:\Users\dell\AppData\Local\Temp\c84d6d08bf6f923cbcccfeeea02d2c8a.mpf_cache
2023-01-15 18:30:33,340 : INFO : ConfigProcessor : Loading config from cache: C:\Users\dell\AppData\Local\Temp\159a0b7ffc6de2ed1a8cdcd57b7df3c0.mpf_cache
2023-01-15 18:30:33,341 : INFO : ConfigProcessor : Loading config from cache: C:\Users\dell\AppData\Local\Temp\dd71d04ba3f4dce8325f2504de3de352.mpf_cache
2023-01-15 18:30:33,341 : INFO : ConfigProcessor : Loading config from cache: C:\Users\dell\AppData\Local\Temp\47da5935da57327449007069e0d0551c.mpf_cache
2023-01-15 18:30:33,342 : INFO : ConfigProcessor : Loading config from cache: C:\Users\dell\AppData\Local\Temp\b1234e2c44a33609dc2af4760c4a3f89.mpf_cache
2023-01-15 18:30:33,343 : INFO : ConfigProcessor : Loading config from cache: C:\Users\dell\AppData\Local\Temp\7ab9985e2a62b75a325504808417b1e7.mpf_cache
2023-01-15 18:30:33,343 : INFO : ConfigProcessor : Loading config from cache: C:\Users\dell\AppData\Local\Temp\466eddfec572894d9eb472ce07aa5fba.mpf_cache
2023-01-15 18:30:33,344 : INFO : ConfigProcessor : Loading config from cache: C:\Users\dell\AppData\Local\Temp\93429a2a8e0859f6546b68f40c2a4656.mpf_cache
2023-01-15 18:30:33,344 : INFO : ConfigProcessor : Loading config from cache: C:\Users\dell\AppData\Local\Temp\95ae88fb094583fa2b4097c6df179650.mpf_cache
2023-01-15 18:30:33,345 : INFO : ConfigProcessor : Loading config from cache: C:\Users\dell\AppData\Local\Temp\de2d3fc178b15ce3807fa4ab35b9c965.mpf_cache
2023-01-15 18:30:33,345 : INFO : ConfigProcessor : Loading config from cache: C:\Users\dell\AppData\Local\Temp\0c80ca2179989d09b86c78c19ec87d9b.mpf_cache
2023-01-15 18:30:33,346 : INFO : ConfigProcessor : Loading config from cache: C:\Users\dell\AppData\Local\Temp\95e265efe14e4eb05d8d5c5689c9ae6b.mpf_cache
2023-01-15 18:30:33,347 : INFO : ConfigProcessor : Loading config from cache: C:\Users\dell\AppData\Local\Temp\ba047bbdc168fca96d58d351c4240916.mpf_cache
2023-01-15 18:30:33,347 : INFO : ConfigProcessor : Loading config from cache: C:\Users\dell\AppData\Local\Temp\7c1900736275ba8a713cfe77e991e929.mpf_cache
2023-01-15 18:30:33,348 : INFO : ConfigProcessor : Loading config from cache: C:\Users\dell\AppData\Local\Temp\db3d1ab92e5d5c563b40d82372434517.mpf_cache
2023-01-15 18:30:33,348 : INFO : ConfigProcessor : Loading config from cache: C:\Users\dell\AppData\Local\Temp\78980531363184480bbd7075661ced33.mpf_cache
2023-01-15 18:30:33,349 : INFO : ConfigProcessor : Loading config from cache: C:\Users\dell\AppData\Local\Temp\efcf079e5af2b94e88dae4e07273acc8.mpf_cache
2023-01-15 18:30:33,349 : INFO : ConfigProcessor : Loading config from cache: C:\Users\dell\AppData\Local\Temp\44231afd4be159e8c99041e8eb88670e.mpf_cache
2023-01-15 18:30:33,350 : INFO : ConfigProcessor : Loading config from cache: C:\Users\dell\AppData\Local\Temp\2b5357265150b67996b1d26df60329cf.mpf_cache
2023-01-15 18:30:33,351 : INFO : ConfigProcessor : Loading config from cache: C:\Users\dell\AppData\Local\Temp\6d62665f0d27f04673542af594d4fd9b.mpf_cache
2023-01-15 18:30:33,351 : INFO : ConfigProcessor : Loading config from cache: C:\Users\dell\AppData\Local\Temp\3748cd4146dd8769dc8203d243b40460.mpf_cache
2023-01-15 18:30:33,351 : INFO : ConfigProcessor : Loading config from cache: C:\Users\dell\AppData\Local\Temp\17743d86d766158b74063aba6bc1c32c.mpf_cache
2023-01-15 18:30:33,352 : INFO : ConfigProcessor : Loading config from cache: C:\Users\dell\AppData\Local\Temp\f880dfaba64907cc1c8d35fe4f9ee098.mpf_cache
2023-01-15 18:30:33,352 : INFO : ConfigProcessor : Loading config from cache: C:\Users\dell\AppData\Local\Temp\b3315542fefac86d8251965e4eddcee0.mpf_cache
2023-01-15 18:30:33,352 : INFO : ConfigProcessor : Loading config from cache: C:\Users\dell\AppData\Local\Temp\c87ce6071caf9b8e671d40e32f84144f.mpf_cache
2023-01-15 18:30:33,353 : INFO : ConfigProcessor : Loading config from cache: C:\Users\dell\AppData\Local\Temp\2896a43e0d61e3501c9963d4b59c6ee0.mpf_cache
2023-01-15 18:30:33,353 : INFO : ConfigProcessor : Loading config from cache: C:\Users\dell\AppData\Local\Temp\ff8f94bde3fa94916ad1b7409fed77bd.mpf_cache
2023-01-15 18:30:33,354 : INFO : ConfigProcessor : Loading config from cache: C:\Users\dell\AppData\Local\Temp\053da04979f77c811527e2c0f3ca94fb.mpf_cache
2023-01-15 18:30:33,354 : INFO : ConfigProcessor : Loading config from cache: C:\Users\dell\AppData\Local\Temp\76437d1e292ff239f4f9dc05fbdd5cdf.mpf_cache
2023-01-15 18:30:33,355 : INFO : ConfigProcessor : Loading config from cache: C:\Users\dell\AppData\Local\Temp\a103f9965307e92153b3826866cd7d56.mpf_cache
2023-01-15 18:30:33,355 : INFO : ConfigProcessor : Loading config from cache: C:\Users\dell\AppData\Local\Temp\edf282469509fb91fe2444b6848262a1.mpf_cache
2023-01-15 18:30:33,355 : INFO : ConfigProcessor : Loading config from cache: C:\Users\dell\AppData\Local\Temp\b8da0a805f864daaf4908642bfd2e7fd.mpf_cache
2023-01-15 18:30:33,356 : INFO : ConfigProcessor : Loading config from cache: C:\Users\dell\AppData\Local\Temp\57bc401cb4a04615f5b5aa4ba6a61eb7.mpf_cache
2023-01-15 18:30:33,356 : INFO : ConfigProcessor : Loading config from cache: C:\Users\dell\AppData\Local\Temp\fee9cc2b93cb113814269e4a59231078.mpf_cache
2023-01-15 18:30:33,356 : INFO : ConfigProcessor : Loading config from cache: C:\Users\dell\AppData\Local\Temp\fcb209f5756d4056b66c34a3e9f20f60.mpf_cache
2023-01-15 18:30:33,357 : INFO : ConfigProcessor : Loading config from cache: C:\Users\dell\AppData\Local\Temp\797d5c88f37a3f4c1eda6cc76ebd1d4b.mpf_cache
2023-01-15 18:30:33,357 : INFO : ConfigProcessor : Loading config from cache: C:\Users\dell\AppData\Local\Temp\fd8f672dffbfb9b282859f7185f62437.mpf_cache
2023-01-15 18:30:33,357 : INFO : ConfigProcessor : Loading config from cache: C:\Users\dell\AppData\Local\Temp\986b6c77a360e7ca0a5b736ec9bfb4fa.mpf_cache
2023-01-15 18:30:33,358 : INFO : ConfigProcessor : Loading config from cache: C:\Users\dell\AppData\Local\Temp\851e1d46f2be32b89fdca6ef94995943.mpf_cache
2023-01-15 18:30:33,358 : INFO : ConfigProcessor : Loading config from cache: C:\Users\dell\AppData\Local\Temp\95f5997d9c4798b115eb453656d93a1f.mpf_cache
2023-01-15 18:30:33,358 : INFO : ConfigProcessor : Loading config from cache: C:\Users\dell\AppData\Local\Temp\804b9a1ad2b0368c8378a1697de79431.mpf_cache
2023-01-15 18:30:33,358 : INFO : ConfigProcessor : Loading config from cache: C:\Users\dell\AppData\Local\Temp\3f05176740ce9b1ce630d9f26057f472.mpf_cache
2023-01-15 18:30:33,359 : INFO : ConfigProcessor : Loading config from cache: C:\Users\dell\AppData\Local\Temp\d75c6855c6bfc342a42171d44ee55d0f.mpf_cache
2023-01-15 18:30:33,359 : INFO : ConfigProcessor : Loading config from cache: C:\Users\dell\AppData\Local\Temp\c03af884f77fd2edff48f1f1b29a0001.mpf_cache
2023-01-15 18:30:33,359 : INFO : ConfigProcessor : Loading config from cache: C:\Users\dell\AppData\Local\Temp\125cf4d7d8d0f7b14ac4e9b5c5fc6dd9.mpf_cache
2023-01-15 18:30:33,360 : INFO : ConfigProcessor : Loading config from cache: C:\Users\dell\AppData\Local\Temp\e98bbe1017594ac8f5dc55070bdaec1b.mpf_cache
2023-01-15 18:30:33,360 : INFO : ConfigProcessor : Loading config from cache: C:\Users\dell\AppData\Local\Temp\540f9a41a139edc7fb3c0d3fef764d79.mpf_cache
2023-01-15 18:30:33,360 : INFO : ConfigProcessor : Loading config from cache: C:\Users\dell\AppData\Local\Temp\66310f6b7da6aa9e1e12a092b4e5ea1e.mpf_cache
2023-01-15 18:30:33,361 : INFO : ConfigProcessor : Loading config from cache: C:\Users\dell\AppData\Local\Temp\e39b84c1f1807716ec310701a6bf0d73.mpf_cache
2023-01-15 18:30:33,361 : INFO : ConfigProcessor : Loading config from cache: C:\Users\dell\AppData\Local\Temp\a3a3c1b8b3198ac6ffa6b5064057ae07.mpf_cache
2023-01-15 18:30:33,361 : INFO : ConfigProcessor : Loading config from cache: C:\Users\dell\AppData\Local\Temp\4eebc146e222c8d9b7fa4d2858e69ea1.mpf_cache
2023-01-15 18:30:33,362 : INFO : ConfigProcessor : Loading config from cache: C:\Users\dell\AppData\Local\Temp\e126248c44ebfdee710b05c2b7d5fe82.mpf_cache
2023-01-15 18:30:33,362 : INFO : ConfigProcessor : Loading config from cache: C:\Users\dell\AppData\Local\Temp\69ecee52b21d2a851426dcc7135d38ea.mpf_cache
2023-01-15 18:30:33,362 : INFO : ConfigProcessor : Loading config from cache: C:\Users\dell\AppData\Local\Temp\56ece61e32d3cc2ed53dd325a47460b4.mpf_cache
2023-01-15 18:30:33,362 : INFO : ConfigProcessor : Loading config from cache: C:\Users\dell\AppData\Local\Temp\d0b1dbeaceec3deef73ab0fce07cd740.mpf_cache
2023-01-15 18:30:33,363 : INFO : ConfigProcessor : Loading config from cache: C:\Users\dell\AppData\Local\Temp\3d3afc7fea552c2bae3e6e1d92aa1a26.mpf_cache
2023-01-15 18:30:33,363 : INFO : ConfigProcessor : Loading config from cache: C:\Users\dell\AppData\Local\Temp\4bd243ad0d8c16d00a837306cf5c3d29.mpf_cache
2023-01-15 18:30:33,363 : INFO : ConfigProcessor : Loading config from cache: C:\Users\dell\AppData\Local\Temp\7f312b640f6d5109d8d1be2a05f128e8.mpf_cache
2023-01-15 18:30:33,364 : INFO : ConfigProcessor : Loading config from cache: C:\Users\dell\AppData\Local\Temp\67980d6a57506cd4da44486112b91bec.mpf_cache
2023-01-15 18:30:33,364 : INFO : ConfigProcessor : Loading config from cache: C:\Users\dell\AppData\Local\Temp\9ec3c911ae7e15f7065133c529810f95.mpf_cache
2023-01-15 18:30:33,364 : INFO : ConfigProcessor : Loading config from cache: C:\Users\dell\AppData\Local\Temp\930069940b749f97f86d219b2ddeacf1.mpf_cache
2023-01-15 18:30:33,365 : INFO : ConfigProcessor : Loading config from cache: C:\Users\dell\AppData\Local\Temp\650f26d6333e64d21657a8ef260f5acf.mpf_cache
2023-01-15 18:30:33,365 : INFO : ConfigProcessor : Loading config from cache: C:\Users\dell\AppData\Local\Temp\7fe69373349de136ea08d265848ee2de.mpf_cache
2023-01-15 18:30:33,365 : INFO : ConfigProcessor : Loading config from cache: C:\Users\dell\AppData\Local\Temp\24196d5bffa5766d9b4a62f9ae23e660.mpf_cache
2023-01-15 18:30:33,365 : INFO : ConfigProcessor : Loading config from cache: C:\Users\dell\AppData\Local\Temp\5f56171e4007003f2e0029bfa218d47c.mpf_cache
2023-01-15 18:30:33,366 : INFO : ConfigProcessor : Loading config from cache: C:\Users\dell\AppData\Local\Temp\9828dc3aacab1158f9e233d43cb3fe1f.mpf_cache
2023-01-15 18:30:33,366 : INFO : ConfigProcessor : Loading config from cache: C:\Users\dell\AppData\Local\Temp\93dd7129697f51b97f6c3186dcf43a8c.mpf_cache
2023-01-15 18:30:33,366 : INFO : ConfigProcessor : Loading config from cache: C:\Users\dell\AppData\Local\Temp\854a9aa5d57e7e92df5c4ac62cddaec0.mpf_cache
2023-01-15 18:30:33,367 : INFO : ConfigProcessor : Loading config from cache: C:\Users\dell\AppData\Local\Temp\4a17f5ab6f47bd6cbffa808b6eeea916.mpf_cache
2023-01-15 18:30:33,367 : INFO : ConfigProcessor : Loading config from cache: C:\Users\dell\AppData\Local\Temp\87b77888918ca02abc6ea55edabaa1e0.mpf_cache
2023-01-15 18:30:33,367 : INFO : ConfigProcessor : Loading config from cache: C:\Users\dell\AppData\Local\Temp\2e8097eb902f0db673edff67ef20cd70.mpf_cache
2023-01-15 18:30:33,367 : INFO : ConfigProcessor : Loading config from cache: C:\Users\dell\AppData\Local\Temp\6dda5ce3394e1c203b91cdb4c3bc5158.mpf_cache
2023-01-15 18:30:33,368 : INFO : ConfigProcessor : Loading config from cache: C:\Users\dell\AppData\Local\Temp\801d82c75b08baf8aba110a640054dee.mpf_cache
2023-01-15 18:30:33,368 : INFO : ConfigProcessor : Loading config from cache: C:\Users\dell\AppData\Local\Temp\6d7eeb6b67afdec81637282a9dda6782.mpf_cache
2023-01-15 18:30:33,368 : INFO : ConfigProcessor : Loading config from cache: C:\Users\dell\AppData\Local\Temp\f18efe2c04100550263acd9a8a6038af.mpf_cache
2023-01-15 18:30:33,369 : INFO : ConfigProcessor : Loading config from cache: C:\Users\dell\AppData\Local\Temp\77dfdfbf7011c8796e93f9e4ee745691.mpf_cache
2023-01-15 18:30:33,369 : INFO : ConfigProcessor : Loading config from cache: C:\Users\dell\AppData\Local\Temp\55e62533d8b0090336fcaf5380faf342.mpf_cache
2023-01-15 18:30:33,369 : INFO : ConfigProcessor : Loading config from cache: C:\Users\dell\AppData\Local\Temp\9fa4a25ee32f55bf2c6a76fb59d8bbaf.mpf_cache
2023-01-15 18:30:33,370 : INFO : ConfigProcessor : Loading config from cache: C:\Users\dell\AppData\Local\Temp\7e90ab1bc560333dd4b4d9f4aaf6bf62.mpf_cache
2023-01-15 18:30:33,370 : INFO : ConfigProcessor : Loading config from cache: C:\Users\dell\AppData\Local\Temp\24505a0d42d384632078d94085b52904.mpf_cache
2023-01-15 18:30:33,370 : INFO : ConfigProcessor : Loading config from cache: C:\Users\dell\AppData\Local\Temp\d2e2dee5d391f181bf417bbfa62b8ee2.mpf_cache
2023-01-15 18:30:33,370 : INFO : ConfigProcessor : Loading config from cache: C:\Users\dell\AppData\Local\Temp\4398dc713d774371f49c655025259670.mpf_cache
2023-01-15 18:30:33,371 : INFO : ConfigProcessor : Loading config from cache: C:\Users\dell\AppData\Local\Temp\2a10046c74e5eb8ef0ed9d338302b7e2.mpf_cache
2023-01-15 18:30:33,371 : INFO : ConfigProcessor : Loading config from cache: C:\Users\dell\AppData\Local\Temp\1976a772a16c7f14b7c542c255637f22.mpf_cache
2023-01-15 18:30:33,371 : INFO : ConfigProcessor : Loading config from cache: C:\Users\dell\AppData\Local\Temp\91df8e0ae0e44730ed622ea2efb74e97.mpf_cache
2023-01-15 18:30:33,372 : INFO : ConfigProcessor : Loading config from cache: C:\Users\dell\AppData\Local\Temp\dff6fabdd3c60a7e52618c514c4d53bb.mpf_cache
2023-01-15 18:30:33,372 : INFO : ConfigProcessor : Loading config from cache: C:\Users\dell\AppData\Local\Temp\b00ca6d895de68a8daf4555cf943ba58.mpf_cache
2023-01-15 18:30:33,372 : INFO : ConfigProcessor : Loading config from cache: C:\Users\dell\AppData\Local\Temp\b5b8a4db5bea0726b6595532599dafa3.mpf_cache
2023-01-15 18:30:33,372 : INFO : ConfigProcessor : Loading config from cache: C:\Users\dell\AppData\Local\Temp\69fdf32f8b1f00ca71933bfdf818d181.mpf_cache
2023-01-15 18:30:33,373 : INFO : ConfigProcessor : Loading config from cache: C:\Users\dell\AppData\Local\Temp\2ea47c81ed4f8a69c675021c80778e85.mpf_cache
2023-01-15 18:30:33,373 : INFO : ConfigProcessor : Loading config from cache: C:\Users\dell\AppData\Local\Temp\4341f22727a1b0f8b478ff6fc7114278.mpf_cache
2023-01-15 18:30:33,373 : INFO : ConfigProcessor : Loading config from cache: C:\Users\dell\AppData\Local\Temp\34b907b0c1988670c99198ad34048e9b.mpf_cache
2023-01-15 18:30:33,374 : INFO : ConfigProcessor : Loading config from cache: C:\Users\dell\AppData\Local\Temp\3078b120455821a73c8c6f8a1dceab4f.mpf_cache
2023-01-15 18:30:33,374 : INFO : ConfigProcessor : Loading config from cache: C:\Users\dell\AppData\Local\Temp\d95a17e65a2b41e386a7fc14bcda65fd.mpf_cache
2023-01-15 18:30:33,374 : INFO : ConfigProcessor : Loading config from cache: C:\Users\dell\AppData\Local\Temp\70a3dc288dcfdeeb747f888700969697.mpf_cache
2023-01-15 18:30:33,375 : INFO : ConfigProcessor : Loading config from cache: C:\Users\dell\AppData\Local\Temp\a545989d29acb91f9b5046622b67b4ed.mpf_cache
2023-01-15 18:30:33,375 : INFO : ConfigProcessor : Loading config from cache: C:\Users\dell\AppData\Local\Temp\8d6f9c7ff9c39db68f4d155bf8492fbe.mpf_cache
2023-01-15 18:30:33,375 : INFO : ConfigProcessor : Loading config from cache: C:\Users\dell\AppData\Local\Temp\155f4ce74e2bf17af8dbff2a4763087f.mpf_cache
2023-01-15 18:30:33,375 : INFO : ConfigProcessor : Loading config from cache: C:\Users\dell\AppData\Local\Temp\1f327f8ed4990105250a8e68ccfd880b.mpf_cache
2023-01-15 18:30:33,376 : INFO : ConfigProcessor : Loading config from cache: C:\Users\dell\AppData\Local\Temp\631f1a0f4495ddfec417d1e517d075ee.mpf_cache
2023-01-15 18:30:33,376 : INFO : ConfigProcessor : Loading config from cache: C:\Users\dell\AppData\Local\Temp\58d128190d1d0b57398f3d0bb3d51665.mpf_cache
2023-01-15 18:30:33,376 : INFO : ConfigProcessor : Loading config from cache: C:\Users\dell\AppData\Local\Temp\3a392e0f36204bd15fe7f620a9abd8a5.mpf_cache
2023-01-15 18:30:33,377 : INFO : ConfigProcessor : Loading config from cache: C:\Users\dell\AppData\Local\Temp\a21cdf4e7d11d0ddd588c2361820cd3f.mpf_cache
2023-01-15 18:30:33,377 : INFO : ConfigProcessor : Loading config from cache: C:\Users\dell\AppData\Local\Temp\c985e32e9d44f65a2b4ce21de0879b93.mpf_cache
2023-01-15 18:30:33,377 : INFO : ConfigProcessor : Loading config from cache: C:\Users\dell\AppData\Local\Temp\53b5443f454133ae1b362b3b93db77cb.mpf_cache
2023-01-15 18:30:33,378 : INFO : ConfigProcessor : Loading config from cache: C:\Users\dell\AppData\Local\Temp\3931d087bd0a337e7115b05d59ca5799.mpf_cache
2023-01-15 18:30:33,378 : INFO : ConfigProcessor : Loading config from cache: C:\Users\dell\AppData\Local\Temp\4b9dbb62597032bf50b643d8dab4e70a.mpf_cache
2023-01-15 18:30:33,378 : INFO : ConfigProcessor : Loading config from cache: C:\Users\dell\AppData\Local\Temp\765fb0e29c5e0a3c4df63af3a63a2aa9.mpf_cache
2023-01-15 18:30:33,379 : INFO : ConfigProcessor : Loading config from cache: C:\Users\dell\AppData\Local\Temp\92bd7ddb78685ce3872fdffddbf4066b.mpf_cache
2023-01-15 18:30:33,379 : INFO : ConfigProcessor : Loading config from cache: C:\Users\dell\AppData\Local\Temp\f17b18f8fc49aa4015f8aaed5fe0310c.mpf_cache
2023-01-15 18:30:33,380 : INFO : ConfigProcessor : Loading config from cache: C:\Users\dell\AppData\Local\Temp\6025440fe966918e9010659c75a84677.mpf_cache
2023-01-15 18:30:33,380 : INFO : ConfigProcessor : Loading config from cache: C:\Users\dell\AppData\Local\Temp\cfdf05d29e2db67703b682b9e2f3ca3c.mpf_cache
2023-01-15 18:30:33,380 : INFO : ConfigProcessor : Loading config from cache: C:\Users\dell\AppData\Local\Temp\d94e10a03295440a68c0665192595ed1.mpf_cache
2023-01-15 18:30:33,381 : INFO : ConfigProcessor : Loading config from cache: C:\Users\dell\AppData\Local\Temp\01f102dbddb32abe391845f1f1fb6297.mpf_cache
2023-01-15 18:30:33,381 : INFO : ConfigProcessor : Loading config from cache: C:\Users\dell\AppData\Local\Temp\31f678389d4048ccede53f3d9bb6ebf4.mpf_cache
2023-01-15 18:30:33,381 : INFO : ConfigProcessor : Loading config from cache: C:\Users\dell\AppData\Local\Temp\b22da84cc4aef91ed7f9bc0328a0f1b4.mpf_cache
2023-01-15 18:30:33,382 : INFO : ConfigProcessor : Loading config from cache: C:\Users\dell\AppData\Local\Temp\da1fede4c95c7878b99d619776f98fd7.mpf_cache
2023-01-15 18:30:33,382 : INFO : ConfigProcessor : Loading config from cache: C:\Users\dell\AppData\Local\Temp\cc30193cdee974cc13426b098027cee1.mpf_cache
2023-01-15 18:30:33,382 : INFO : ConfigProcessor : Loading config from cache: C:\Users\dell\AppData\Local\Temp\58e69a62c4f703cc84058f6193109d31.mpf_cache
2023-01-15 18:30:33,383 : INFO : ConfigProcessor : Loading config from cache: C:\Users\dell\AppData\Local\Temp\e6a4926517ab55f9ed1b3658c3e4007c.mpf_cache
2023-01-15 18:30:33,383 : INFO : ConfigProcessor : Loading config from cache: C:\Users\dell\AppData\Local\Temp\66ee654434268f21d59a1a197a33e84e.mpf_cache
2023-01-15 18:30:33,383 : INFO : ConfigProcessor : Loading config from cache: C:\Users\dell\AppData\Local\Temp\0ad8a8c62d71fd6db5e688e34997c124.mpf_cache
2023-01-15 18:30:33,384 : INFO : ConfigProcessor : Loading config from cache: C:\Users\dell\AppData\Local\Temp\986ed299862bf4d6a9ee043620eb4411.mpf_cache
2023-01-15 18:30:33,384 : INFO : ConfigProcessor : Loading config from cache: C:\Users\dell\AppData\Local\Temp\85def6e32b8790efec9df62810edf89f.mpf_cache
2023-01-15 18:30:33,384 : INFO : ConfigProcessor : Loading config from cache: C:\Users\dell\AppData\Local\Temp\b4b8bbe6eb89ffab7b0a5bdc28aa737c.mpf_cache
2023-01-15 18:30:33,385 : INFO : ConfigProcessor : Loading config from cache: C:\Users\dell\AppData\Local\Temp\234f7aa8fcdaed8506c3f7e3d1434348.mpf_cache
2023-01-15 18:30:33,385 : INFO : ConfigProcessor : Loading config from cache: C:\Users\dell\AppData\Local\Temp\836170f935ca4f3a3c83dd48d4288e22.mpf_cache
2023-01-15 18:30:33,385 : INFO : ConfigProcessor : Loading config from cache: C:\Users\dell\AppData\Local\Temp\0a4bf4f558c6de89fd1636f30c6211d9.mpf_cache
2023-01-15 18:30:33,385 : INFO : ConfigProcessor : Loading config from cache: C:\Users\dell\AppData\Local\Temp\3936448b27d8bfc57c517bc3bf9d3aa2.mpf_cache
2023-01-15 18:30:33,386 : INFO : ConfigProcessor : Loading config from cache: C:\Users\dell\AppData\Local\Temp\73d13f131bebf83032dc613efdff3522.mpf_cache
2023-01-15 18:30:33,386 : INFO : ConfigProcessor : Loading config from cache: C:\Users\dell\AppData\Local\Temp\20beca28b497152ca0fd3409b83d4b87.mpf_cache
2023-01-15 18:30:33,386 : INFO : ConfigProcessor : Loading config from cache: C:\Users\dell\AppData\Local\Temp\e816efa2a54094e8cd44dabebc7784df.mpf_cache
2023-01-15 18:30:33,387 : INFO : ConfigProcessor : Loading config from cache: C:\Users\dell\AppData\Local\Temp\ec91b3a5e4d650dc4f7371582fb38eed.mpf_cache
2023-01-15 18:30:33,387 : INFO : ConfigProcessor : Loading config from cache: C:\Users\dell\AppData\Local\Temp\9a1a1c28ae640e16df86b556a2688443.mpf_cache
2023-01-15 18:30:33,387 : INFO : ConfigProcessor : Loading config from cache: C:\Users\dell\AppData\Local\Temp\3463b2a86a39355c183f674ae2b12038.mpf_cache
2023-01-15 18:30:33,388 : INFO : ConfigProcessor : Loading config from cache: C:\Users\dell\AppData\Local\Temp\6e6719c61d3fa021e7d679c2f24e1608.mpf_cache
2023-01-15 18:30:33,388 : INFO : ConfigProcessor : Loading config from cache: C:\Users\dell\AppData\Local\Temp\aa69a2c5c0adb7f9c40b6db4f1ca3483.mpf_cache
2023-01-15 18:30:33,388 : INFO : ConfigProcessor : Loading config from cache: C:\Users\dell\AppData\Local\Temp\971ebba8800a659d7a8e99cb206beff7.mpf_cache
2023-01-15 18:30:33,388 : INFO : ConfigProcessor : Loading config from cache: C:\Users\dell\AppData\Local\Temp\07e13f5cf5882efd50a16f81bcde4606.mpf_cache
2023-01-15 18:30:33,389 : INFO : ConfigProcessor : Loading config from cache: C:\Users\dell\AppData\Local\Temp\48a45c572b20481e47ff005f73695e50.mpf_cache
2023-01-15 18:30:33,389 : INFO : ConfigProcessor : Loading config from cache: C:\Users\dell\AppData\Local\Temp\f12c25ef7bc56249cbbfe26e4a8634a0.mpf_cache
2023-01-15 18:30:33,389 : INFO : ConfigProcessor : Loading config from cache: C:\Users\dell\AppData\Local\Temp\7058dd9e75ad4dd97e6d02eda1f8d5f4.mpf_cache
2023-01-15 18:30:33,389 : INFO : ConfigProcessor : Loading config from cache: C:\Users\dell\AppData\Local\Temp\a26dda2f3898e9b95a688d2faa147e67.mpf_cache
2023-01-15 18:30:33,389 : INFO : ConfigProcessor : Loading config from cache: C:\Users\dell\AppData\Local\Temp\fbd33e7aab60e9ffed5e28859db24a15.mpf_cache
2023-01-15 18:30:33,390 : INFO : ConfigProcessor : Loading config from cache: C:\Users\dell\AppData\Local\Temp\64f60477c2da2625fa9ef2a86d50bb34.mpf_cache
2023-01-15 18:30:33,390 : INFO : ConfigProcessor : Loading config from cache: C:\Users\dell\AppData\Local\Temp\49b862cde9d22907c81f839348639a1f.mpf_cache
2023-01-15 18:30:33,390 : INFO : ConfigProcessor : Loading config from cache: C:\Users\dell\AppData\Local\Temp\21dda72cc57cadcf698e50094b8ee97d.mpf_cache
2023-01-15 18:30:33,391 : INFO : ConfigProcessor : Loading config from cache: C:\Users\dell\AppData\Local\Temp\f9ee12ee8bbd05f85378a9386ceacce5.mpf_cache
2023-01-15 18:30:33,391 : INFO : ConfigProcessor : Loading config from cache: C:\Users\dell\AppData\Local\Temp\0394fc9fe8dda0bc8c420287c11c8aae.mpf_cache
2023-01-15 18:30:33,391 : INFO : ConfigProcessor : Loading config from cache: C:\Users\dell\AppData\Local\Temp\812e1e327d6ef9a51d487328d0586885.mpf_cache
2023-01-15 18:30:33,392 : INFO : ConfigProcessor : Loading config from cache: C:\Users\dell\AppData\Local\Temp\70cf3c9830d27e79cc1fda7cb07bc23d.mpf_cache
2023-01-15 18:30:33,392 : INFO : ConfigProcessor : Loading config from cache: C:\Users\dell\AppData\Local\Temp\db70c5aab62dca0f645afe12f6eb7df3.mpf_cache
2023-01-15 18:30:33,394 : INFO : Machine : Mission Pinball Framework Core Engine v0.54.6
2023-01-15 18:30:33,394 : INFO : Machine : Command line arguments: {'no_load_cache': False, 'create_config_cache': True, 'bcp': True, 'configfile': ['config.yaml'], 'force_assets_load': False, 'jsonlogging': False, 'logfile': 'logs\\2023-01-15-18-30-33-mpf-DESKTOP-7A962BJ.log', 'pause': False, 'production': False, 'text_ui': True, 'loglevel': 15, 'consoleloglevel': 20, 'force_platform': None, 'syslog_address': None, 'mc_file_name': None, 'no_sound': False}
2023-01-15 18:30:33,394 : INFO : Machine : MPF path: c:\users\dell\appdata\local\programs\python\python36\lib\site-packages\mpf
2023-01-15 18:30:33,394 : INFO : Machine : Machine path: E:\MPF\wows\wows
2023-01-15 18:30:33,394 : INFO : Machine : Platform: win32
2023-01-15 18:30:33,395 : INFO : Machine : Python executable location: c:\users\dell\appdata\local\programs\python\python36\python.exe
2023-01-15 18:30:33,395 : INFO : Machine : Python version: 3.6.4 (64-bit)
2023-01-15 18:30:33,396 : INFO : Machine : Initialise MPF.
2023-01-15 18:30:33,671 : INFO : Pin2DmdDevice : Connecting to Pin2DMD RGB DMD
2023-01-15 18:30:33,684 : INFO : Pin2DmdDevice : Connected to Pin2DMD
2023-01-15 18:30:33,685 : INFO : EventManager : Event: ======'machine_var_credits_string'====== Args={'value': 'FREE PLAY', 'prev_value': None, 'change': True}
2023-01-15 18:30:33,732 : INFO : EventManager : Event: ======'machine_var_player1_score'====== Args={'value': 0, 'prev_value': None, 'change': True}
2023-01-15 18:30:33,732 : INFO : EventManager : Event: ======'machine_var_mv_dmg_con_time'====== Args={'value': 9, 'prev_value': None, 'change': True}
2023-01-15 18:30:33,732 : INFO : EventManager : Event: ======'machine_var_mv_bomb_1_cost'====== Args={'value': 1, 'prev_value': None, 'change': True}
2023-01-15 18:30:33,732 : INFO : EventManager : Event: ======'machine_var_mv_bomb_2_cost'====== Args={'value': 1, 'prev_value': None, 'change': True}
2023-01-15 18:30:33,732 : INFO : EventManager : Event: ======'machine_var_mv_bomb_3_cost'====== Args={'value': 1, 'prev_value': None, 'change': True}
2023-01-15 18:30:33,732 : INFO : EventManager : Event: ======'machine_var_mv_bomb_4_cost'====== Args={'value': 1, 'prev_value': None, 'change': True}
2023-01-15 18:30:33,733 : INFO : EventManager : Event: ======'machine_var_mv_bomb_5_cost'====== Args={'value': 1, 'prev_value': None, 'change': True}
2023-01-15 18:30:33,733 : INFO : EventManager : Event: ======'machine_var_mv_bomb_6_cost'====== Args={'value': 1, 'prev_value': None, 'change': True}
2023-01-15 18:30:33,733 : INFO : EventManager : Event: ======'machine_var_mv_bomb_7_and_9_cost'====== Args={'value': 1, 'prev_value': None, 'change': True}
2023-01-15 18:30:33,733 : INFO : EventManager : Event: ======'machine_var_mv_bomb_8_cost'====== Args={'value': 1, 'prev_value': None, 'change': True}
2023-01-15 18:30:33,733 : INFO : EventManager : Event: ======'machine_var_mv_bomb_10_cost'====== Args={'value': 1, 'prev_value': None, 'change': True}
2023-01-15 18:30:33,733 : INFO : EventManager : Event: ======'machine_var_mv_bomb_mode_cost'====== Args={'value': 1, 'prev_value': None, 'change': True}
2023-01-15 18:30:33,733 : INFO : EventManager : Event: ======'machine_var_mpf_version'====== Args={'value': 'MPF v0.54.6', 'prev_value': None, 'change': True}
2023-01-15 18:30:33,733 : INFO : EventManager : Event: ======'machine_var_mpf_extended_version'====== Args={'value': 'MPF v0.54.6, Config version:5, Show version: 5, BCP version:1.1', 'prev_value': None, 'change': True}
2023-01-15 18:30:33,733 : INFO : EventManager : Event: ======'machine_var_python_version'====== Args={'value': '3.6.4', 'prev_value': None, 'change': True}
2023-01-15 18:30:33,734 : INFO : EventManager : Event: ======'machine_var_platform'====== Args={'value': 'Windows-10-10.0.19041-SP0', 'prev_value': None, 'change': True}
2023-01-15 18:30:33,734 : INFO : EventManager : Event: ======'machine_var_platform_system'====== Args={'value': 'Windows', 'prev_value': None, 'change': True}
2023-01-15 18:30:33,734 : INFO : EventManager : Event: ======'machine_var_platform_release'====== Args={'value': '10', 'prev_value': None, 'change': True}
2023-01-15 18:30:33,734 : INFO : EventManager : Event: ======'machine_var_platform_version'====== Args={'value': '10.0.19041', 'prev_value': None, 'change': True}
2023-01-15 18:30:33,734 : INFO : EventManager : Event: ======'machine_var_platform_machine'====== Args={'value': 'AMD64', 'prev_value': None, 'change': True}
2023-01-15 18:30:33,734 : INFO : EventManager : Event: ======'init_phase_1'====== Args={}
2023-01-15 18:30:34,353 : INFO : EventManager : Event: ======'logicblock_m1_delay_updated'====== Args={'value': 0, 'enabled': True}
2023-01-15 18:30:34,353 : INFO : EventManager : Event: ======'logicblock_m1_delay_updated'====== Args={'value': 0, 'enabled': True}
2023-01-15 18:30:34,353 : INFO : EventManager : Event: ======'logicblock_capture_global_counter_updated'====== Args={'value': 6, 'enabled': True}
2023-01-15 18:30:34,353 : INFO : EventManager : Event: ======'logicblock_capture_global_counter_updated'====== Args={'value': 6, 'enabled': True}
2023-01-15 18:30:34,355 : INFO : EventManager : Event: ======'main_state'====== Args={}
2023-01-15 18:30:34,355 : INFO : EventManager : Event: ======'IGNORE'====== Args={}
2023-01-15 18:30:34,355 : INFO : EventManager : Event: ======'lock_lit_started'====== Args={}
2023-01-15 18:30:34,356 : INFO : EventManager : Event: ======'disable_mode'====== Args={}
2023-01-15 18:30:34,356 : INFO : EventManager : Event: ======'multiball_inactive'====== Args={}
2023-01-15 18:30:34,356 : INFO : EventManager : Event: ======'lite_detonation_start'====== Args={}
2023-01-15 18:30:34,357 : INFO : EventManager : Event: ======'battle_inactive'====== Args={}
2023-01-15 18:30:34,357 : INFO : EventManager : Event: ======'HAGYDFIGYELMENKIVUL'====== Args={}
2023-01-15 18:30:34,357 : INFO : EventManager : Event: ======'enable_citadel_diverter'====== Args={}
2023-01-15 18:30:34,358 : INFO : EventManager : Event: ======'commander_1_changed'====== Args={}
2023-01-15 18:30:34,359 : WARNING : Mode.confederate : Can only start mode confederate during a game. Aborting start.
2023-01-15 18:30:34,359 : WARNING : Mode.main_play : Can only start mode main_play during a game. Aborting start.
2023-01-15 18:30:34,359 : WARNING : Mode.drednaught : Can only start mode drednaught during a game. Aborting start.
2023-01-15 18:30:34,359 : WARNING : Mode.capture : Can only start mode capture during a game. Aborting start.
2023-01-15 18:30:34,359 : WARNING : Mode.hc_lock_lit : Can only start mode hc_lock_lit during a game. Aborting start.
2023-01-15 18:30:34,362 : INFO : EventManager : Event: ======'init_phase_2'====== Args={}
2023-01-15 18:30:34,363 : INFO : SwitchController : Found active switch: ('2', <Platform.SmartVirtual>) <switch.s_trough1>
2023-01-15 18:30:34,363 : INFO : SwitchController : Found active switch: ('3', <Platform.SmartVirtual>) <switch.s_trough2>
2023-01-15 18:30:34,363 : INFO : SwitchController : Found active switch: ('4', <Platform.SmartVirtual>) <switch.s_trough3>
2023-01-15 18:30:34,363 : INFO : SwitchController : Found active switch: ('5', <Platform.SmartVirtual>) <switch.s_trough4>
2023-01-15 18:30:34,363 : INFO : SwitchController : Found active switch: ('6', <Platform.SmartVirtual>) <switch.s_trough5>
2023-01-15 18:30:34,363 : INFO : SwitchController : Found active switch: ('7', <Platform.SmartVirtual>) <switch.s_trough6>
2023-01-15 18:30:34,404 : INFO : EventManager : Event: ======'machine_var_score1_label'====== Args={'value': 'GRAND ADMIRAL', 'prev_value': None, 'change': True}
2023-01-15 18:30:34,404 : INFO : EventManager : Event: ======'machine_var_score1_name'====== Args={'value': 'SBA', 'prev_value': None, 'change': True}
2023-01-15 18:30:34,404 : INFO : EventManager : Event: ======'machine_var_score1_value'====== Args={'value': 1000000000, 'prev_value': None, 'change': True}
2023-01-15 18:30:34,404 : INFO : EventManager : Event: ======'machine_var_score2_label'====== Args={'value': 'ADMIRAL 1', 'prev_value': None, 'change': True}
2023-01-15 18:30:34,404 : INFO : EventManager : Event: ======'machine_var_score2_name'====== Args={'value': 'OCP', 'prev_value': None, 'change': True}
2023-01-15 18:30:34,404 : INFO : EventManager : Event: ======'machine_var_score2_value'====== Args={'value': 900000000, 'prev_value': None, 'change': True}
2023-01-15 18:30:34,404 : INFO : EventManager : Event: ======'machine_var_score3_label'====== Args={'value': 'ADMIRAL 2', 'prev_value': None, 'change': True}
2023-01-15 18:30:34,404 : INFO : EventManager : Event: ======'machine_var_score3_name'====== Args={'value': 'AND', 'prev_value': None, 'change': True}
2023-01-15 18:30:34,405 : INFO : EventManager : Event: ======'machine_var_score3_value'====== Args={'value': 800000000, 'prev_value': None, 'change': True}
2023-01-15 18:30:34,405 : INFO : EventManager : Event: ======'machine_var_score4_label'====== Args={'value': 'ADMIRAL 3', 'prev_value': None, 'change': True}
2023-01-15 18:30:34,405 : INFO : EventManager : Event: ======'machine_var_score4_name'====== Args={'value': 'W G', 'prev_value': None, 'change': True}
2023-01-15 18:30:34,405 : INFO : EventManager : Event: ======'machine_var_score4_value'====== Args={'value': 700000000, 'prev_value': None, 'change': True}
2023-01-15 18:30:34,405 : INFO : EventManager : Event: ======'machine_var_score5_label'====== Args={'value': 'ADMIRAL 4', 'prev_value': None, 'change': True}
2023-01-15 18:30:34,405 : INFO : EventManager : Event: ======'machine_var_score5_name'====== Args={'value': 'WOW', 'prev_value': None, 'change': True}
2023-01-15 18:30:34,405 : INFO : EventManager : Event: ======'machine_var_score5_value'====== Args={'value': 600000000, 'prev_value': None, 'change': True}
2023-01-15 18:30:34,405 : INFO : EventManager : Event: ======'bcp_connection_attempt'====== Args={'name': 'local_display', 'host': 'localhost', 'port': 5050}
2023-01-15 18:30:34,408 : INFO : BCPClientSocket : Connecting BCP to 'local_display' at localhost:5050...
2023-01-15 18:30:36,527 : INFO : BCPClientSocket : Connected BCP to 'local_display' localhost:5050
2023-01-15 18:30:36,528 : INFO : EventManager : Event: ======'bcp_clients_connected'====== Args={}
2023-01-15 18:30:36,540 : INFO : ball_device.bd_trough : State: idle
2023-01-15 18:30:36,541 : INFO : ball_device.bd_plunger : State: idle
2023-01-15 18:30:36,541 : INFO : ball_device.bd_saucer : State: idle
2023-01-15 18:30:36,542 : INFO : ball_device.bd_main_hole : State: idle
2023-01-15 18:30:36,542 : INFO : ball_device.bd_hc_lock : State: idle
2023-01-15 18:30:36,572 : INFO : EventManager : Event: ======'init_phase_3'====== Args={}
2023-01-15 18:30:36,660 : INFO : EventManager : Event: ======'machine_var_mc_version'====== Args={'value': 'MPF-MC v0.54.2', 'prev_value': None, 'change': True}
2023-01-15 18:30:36,660 : INFO : EventManager : Event: ======'machine_var_mc_extended_version'====== Args={'value': 'MPF-MC v0.54.2 (config_version=5, BCP v1.1, Requires MPF v0.54.0)', 'prev_value': None, 'change': True}
2023-01-15 18:30:36,664 : INFO : EventManager : Event: ======'machine_var_master_volume'====== Args={'value': 1.0, 'prev_value': None, 'change': True}
2023-01-15 18:30:36,664 : INFO : EventManager : Event: ======'init_phase_4'====== Args={}
2023-01-15 18:30:36,684 : INFO : BallController : Initial balls found: 5
2023-01-15 18:30:36,688 : INFO : EventManager : Event: ======'machine_var_audits_events_game_ended'====== Args={'value': 1, 'prev_value': None, 'change': True}
2023-01-15 18:30:36,688 : INFO : EventManager : Event: ======'machine_var_audits_events_game_started'====== Args={'value': 653, 'prev_value': None, 'change': True}
2023-01-15 18:30:36,689 : INFO : EventManager : Event: ======'machine_var_audits_player_score'====== Args={'value': {'average': 0.0, 'top': [0], 'total': 1}, 'prev_value': None, 'change': True}
2023-01-15 18:30:36,689 : INFO : EventManager : Event: ======'machine_var_audits_shots_battle_shot'====== Args={'value': 66, 'prev_value': None, 'change': True}
2023-01-15 18:30:36,689 : INFO : EventManager : Event: ======'machine_var_audits_shots_confederate_1'====== Args={'value': 13, 'prev_value': None, 'change': True}
2023-01-15 18:30:36,689 : INFO : EventManager : Event: ======'machine_var_audits_shots_confederate_2'====== Args={'value': 235, 'prev_value': None, 'change': True}
2023-01-15 18:30:36,690 : INFO : EventManager : Event: ======'machine_var_audits_shots_confederate_3'====== Args={'value': 91, 'prev_value': None, 'change': True}
2023-01-15 18:30:36,690 : INFO : EventManager : Event: ======'machine_var_audits_shots_confederate_4'====== Args={'value': 29, 'prev_value': None, 'change': True}
2023-01-15 18:30:36,690 : INFO : EventManager : Event: ======'machine_var_audits_shots_confederate_5'====== Args={'value': 10, 'prev_value': None, 'change': True}
2023-01-15 18:30:36,691 : INFO : EventManager : Event: ======'machine_var_audits_shots_confederate_6'====== Args={'value': 399, 'prev_value': None, 'change': True}
2023-01-15 18:30:36,691 : INFO : EventManager : Event: ======'machine_var_audits_shots_detonation'====== Args={'value': 42, 'prev_value': None, 'change': True}
2023-01-15 18:30:36,691 : INFO : EventManager : Event: ======'machine_var_audits_shots_detonation_lit'====== Args={'value': 172, 'prev_value': None, 'change': True}
2023-01-15 18:30:36,692 : INFO : EventManager : Event: ======'machine_var_audits_shots_dmg_con_1'====== Args={'value': 96, 'prev_value': None, 'change': True}
2023-01-15 18:30:36,692 : INFO : EventManager : Event: ======'machine_var_audits_shots_dmg_con_2'====== Args={'value': 122, 'prev_value': None, 'change': True}
2023-01-15 18:30:36,692 : INFO : EventManager : Event: ======'machine_var_audits_shots_dmg_con_3'====== Args={'value': 84, 'prev_value': None, 'change': True}
2023-01-15 18:30:36,693 : INFO : EventManager : Event: ======'machine_var_audits_shots_dmg_con_4'====== Args={'value': 101, 'prev_value': None, 'change': True}
2023-01-15 18:30:36,693 : INFO : EventManager : Event: ======'machine_var_audits_shots_dmg_con_5'====== Args={'value': 78, 'prev_value': None, 'change': True}
2023-01-15 18:30:36,693 : INFO : EventManager : Event: ======'machine_var_audits_shots_dmg_con_6'====== Args={'value': 99, 'prev_value': None, 'change': True}
2023-01-15 18:30:36,694 : INFO : EventManager : Event: ======'machine_var_audits_shots_dmg_con_add_time_1'====== Args={'value': 32, 'prev_value': None, 'change': True}
2023-01-15 18:30:36,694 : INFO : EventManager : Event: ======'machine_var_audits_shots_dmg_con_add_time_2'====== Args={'value': 43, 'prev_value': None, 'change': True}
2023-01-15 18:30:36,694 : INFO : EventManager : Event: ======'machine_var_audits_shots_dmg_con_add_time_3'====== Args={'value': 24, 'prev_value': None, 'change': True}
2023-01-15 18:30:36,695 : INFO : EventManager : Event: ======'machine_var_audits_shots_dmg_con_add_time_4'====== Args={'value': 21, 'prev_value': None, 'change': True}
2023-01-15 18:30:36,695 : INFO : EventManager : Event: ======'machine_var_audits_shots_jackpot_1'====== Args={'value': 79, 'prev_value': None, 'change': True}
2023-01-15 18:30:36,695 : INFO : EventManager : Event: ======'machine_var_audits_shots_jackpot_2'====== Args={'value': 106, 'prev_value': None, 'change': True}
2023-01-15 18:30:36,696 : INFO : EventManager : Event: ======'machine_var_audits_shots_jackpot_3'====== Args={'value': 91, 'prev_value': None, 'change': True}
2023-01-15 18:30:36,696 : INFO : EventManager : Event: ======'machine_var_audits_shots_jackpot_4'====== Args={'value': 41, 'prev_value': None, 'change': True}
2023-01-15 18:30:36,696 : INFO : EventManager : Event: ======'machine_var_audits_shots_jackpot_5'====== Args={'value': 42, 'prev_value': None, 'change': True}
2023-01-15 18:30:36,697 : INFO : EventManager : Event: ======'machine_var_audits_shots_jackpot_6'====== Args={'value': 51, 'prev_value': None, 'change': True}
2023-01-15 18:30:36,697 : INFO : EventManager : Event: ======'machine_var_audits_shots_lane_A'====== Args={'value': 125, 'prev_value': None, 'change': True}
2023-01-15 18:30:36,697 : INFO : EventManager : Event: ======'machine_var_audits_shots_lane_B'====== Args={'value': 146, 'prev_value': None, 'change': True}
2023-01-15 18:30:36,698 : INFO : EventManager : Event: ======'machine_var_audits_shots_lane_C'====== Args={'value': 348, 'prev_value': None, 'change': True}
2023-01-15 18:30:36,698 : INFO : EventManager : Event: ======'machine_var_audits_shots_lane_D'====== Args={'value': 361, 'prev_value': None, 'change': True}
2023-01-15 18:30:36,698 : INFO : EventManager : Event: ======'machine_var_audits_shots_lane_E'====== Args={'value': 139, 'prev_value': None, 'change': True}
2023-01-15 18:30:36,699 : INFO : EventManager : Event: ======'machine_var_audits_shots_lock_lit_1'====== Args={'value': 1591, 'prev_value': None, 'change': True}
2023-01-15 18:30:36,699 : INFO : EventManager : Event: ======'machine_var_audits_shots_lock_lit_2'====== Args={'value': 1505, 'prev_value': None, 'change': True}
2023-01-15 18:30:36,699 : INFO : EventManager : Event: ======'machine_var_audits_shots_ricochet_1'====== Args={'value': 173, 'prev_value': None, 'change': True}
2023-01-15 18:30:36,700 : INFO : EventManager : Event: ======'machine_var_audits_shots_ricochet_2'====== Args={'value': 685, 'prev_value': None, 'change': True}
2023-01-15 18:30:36,700 : INFO : EventManager : Event: ======'machine_var_audits_shots_ricochet_3'====== Args={'value': 91, 'prev_value': None, 'change': True}
2023-01-15 18:30:36,700 : INFO : EventManager : Event: ======'machine_var_audits_shots_ricochet_4'====== Args={'value': 49, 'prev_value': None, 'change': True}
2023-01-15 18:30:36,701 : INFO : EventManager : Event: ======'machine_var_audits_shots_ricochet_5'====== Args={'value': 3, 'prev_value': None, 'change': True}
2023-01-15 18:30:36,701 : INFO : EventManager : Event: ======'machine_var_audits_switches_s_action_button'====== Args={'value': 45, 'prev_value': None, 'change': True}
2023-01-15 18:30:36,701 : INFO : EventManager : Event: ======'machine_var_audits_switches_s_bumper_1'====== Args={'value': 735, 'prev_value': None, 'change': True}
2023-01-15 18:30:36,702 : INFO : EventManager : Event: ======'machine_var_audits_switches_s_bumper_2'====== Args={'value': 223, 'prev_value': None, 'change': True}
2023-01-15 18:30:36,702 : INFO : EventManager : Event: ======'machine_var_audits_switches_s_bumper_3'====== Args={'value': 667, 'prev_value': None, 'change': True}
2023-01-15 18:30:36,703 : INFO : EventManager : Event: ======'machine_var_audits_switches_s_center_ramp'====== Args={'value': 114, 'prev_value': None, 'change': True}
2023-01-15 18:30:36,703 : INFO : EventManager : Event: ======'machine_var_audits_switches_s_citadel'====== Args={'value': 75, 'prev_value': None, 'change': True}
2023-01-15 18:30:36,703 : INFO : EventManager : Event: ======'machine_var_audits_switches_s_citadel_lock'====== Args={'value': 255, 'prev_value': None, 'change': True}
2023-01-15 18:30:36,704 : INFO : EventManager : Event: ======'machine_var_audits_switches_s_conning_tower'====== Args={'value': 4, 'prev_value': None, 'change': True}
2023-01-15 18:30:36,704 : INFO : EventManager : Event: ======'machine_var_audits_switches_s_detonation'====== Args={'value': 172, 'prev_value': None, 'change': True}
2023-01-15 18:30:36,704 : INFO : EventManager : Event: ======'machine_var_audits_switches_s_detonation_lit'====== Args={'value': 24, 'prev_value': None, 'change': True}
2023-01-15 18:30:36,705 : INFO : EventManager : Event: ======'machine_var_audits_switches_s_dmg_1'====== Args={'value': 2703, 'prev_value': None, 'change': True}
2023-01-15 18:30:36,705 : INFO : EventManager : Event: ======'machine_var_audits_switches_s_dmg_2'====== Args={'value': 64, 'prev_value': None, 'change': True}
2023-01-15 18:30:36,706 : INFO : EventManager : Event: ======'machine_var_audits_switches_s_dmg_3'====== Args={'value': 20, 'prev_value': None, 'change': True}
2023-01-15 18:30:36,706 : INFO : EventManager : Event: ======'machine_var_audits_switches_s_dmg_4'====== Args={'value': 27, 'prev_value': None, 'change': True}
2023-01-15 18:30:36,706 : INFO : EventManager : Event: ======'machine_var_audits_switches_s_dmg_5'====== Args={'value': 22, 'prev_value': None, 'change': True}
2023-01-15 18:30:36,707 : INFO : EventManager : Event: ======'machine_var_audits_switches_s_dmg_6'====== Args={'value': 139, 'prev_value': None, 'change': True}
2023-01-15 18:30:36,707 : INFO : EventManager : Event: ======'machine_var_audits_switches_s_dmg_7'====== Args={'value': 293, 'prev_value': None, 'change': True}
2023-01-15 18:30:36,707 : INFO : EventManager : Event: ======'machine_var_audits_switches_s_drop_target'====== Args={'value': 2094, 'prev_value': None, 'change': True}
2023-01-15 18:30:36,708 : INFO : EventManager : Event: ======'machine_var_audits_switches_s_jet_hole'====== Args={'value': 0, 'prev_value': None, 'change': True}
2023-01-15 18:30:36,708 : INFO : EventManager : Event: ======'machine_var_audits_switches_s_jet_lane'====== Args={'value': 1, 'prev_value': None, 'change': True}
2023-01-15 18:30:36,709 : INFO : EventManager : Event: ======'machine_var_audits_switches_s_kickback'====== Args={'value': 0, 'prev_value': None, 'change': True}
2023-01-15 18:30:36,709 : INFO : EventManager : Event: ======'machine_var_audits_switches_s_kickback_target_1'====== Args={'value': 0, 'prev_value': None, 'change': True}
2023-01-15 18:30:36,710 : INFO : EventManager : Event: ======'machine_var_audits_switches_s_kickback_target_2'====== Args={'value': 0, 'prev_value': None, 'change': True}
2023-01-15 18:30:36,710 : INFO : EventManager : Event: ======'machine_var_audits_switches_s_kickback_target_3'====== Args={'value': 4, 'prev_value': None, 'change': True}
2023-01-15 18:30:36,710 : INFO : EventManager : Event: ======'machine_var_audits_switches_s_kickback_terget_1'====== Args={'value': 0, 'prev_value': None, 'change': True}
2023-01-15 18:30:36,711 : INFO : EventManager : Event: ======'machine_var_audits_switches_s_left_flipper'====== Args={'value': 1433, 'prev_value': None, 'change': True}
2023-01-15 18:30:36,711 : INFO : EventManager : Event: ======'machine_var_audits_switches_s_left_hole'====== Args={'value': 0, 'prev_value': None, 'change': True}
2023-01-15 18:30:36,725 : INFO : EventManager : Event: ======'machine_var_audits_switches_s_left_inlane'====== Args={'value': 349, 'prev_value': None, 'change': True}
2023-01-15 18:30:36,725 : INFO : EventManager : Event: ======'machine_var_audits_switches_s_left_loop_made'====== Args={'value': 244, 'prev_value': None, 'change': True}
2023-01-15 18:30:36,726 : INFO : EventManager : Event: ======'machine_var_audits_switches_s_left_loop_pre'====== Args={'value': 201, 'prev_value': None, 'change': True}
2023-01-15 18:30:36,726 : INFO : EventManager : Event: ======'machine_var_audits_switches_s_left_mid_inlane'====== Args={'value': 146, 'prev_value': None, 'change': True}
2023-01-15 18:30:36,727 : INFO : EventManager : Event: ======'machine_var_audits_switches_s_left_outlane'====== Args={'value': 125, 'prev_value': None, 'change': True}
2023-01-15 18:30:36,727 : INFO : EventManager : Event: ======'machine_var_audits_switches_s_left_ramp_made'====== Args={'value': 1996, 'prev_value': None, 'change': True}
2023-01-15 18:30:36,728 : INFO : EventManager : Event: ======'machine_var_audits_switches_s_left_ramp_pre'====== Args={'value': 273, 'prev_value': None, 'change': True}
2023-01-15 18:30:36,728 : INFO : EventManager : Event: ======'machine_var_audits_switches_s_left_slingshot'====== Args={'value': 33, 'prev_value': None, 'change': True}
2023-01-15 18:30:36,729 : INFO : EventManager : Event: ======'machine_var_audits_switches_s_lock_1'====== Args={'value': 425, 'prev_value': None, 'change': True}
2023-01-15 18:30:36,729 : INFO : EventManager : Event: ======'machine_var_audits_switches_s_lock_2'====== Args={'value': 437, 'prev_value': None, 'change': True}
2023-01-15 18:30:36,730 : INFO : EventManager : Event: ======'machine_var_audits_switches_s_lock_3'====== Args={'value': 520, 'prev_value': None, 'change': True}
2023-01-15 18:30:36,730 : INFO : EventManager : Event: ======'machine_var_audits_switches_s_magnet_switch'====== Args={'value': 0, 'prev_value': None, 'change': True}
2023-01-15 18:30:36,731 : INFO : EventManager : Event: ======'machine_var_audits_switches_s_main_hole'====== Args={'value': 1061, 'prev_value': None, 'change': True}
2023-01-15 18:30:36,731 : INFO : EventManager : Event: ======'machine_var_audits_switches_s_pen_1'====== Args={'value': 819, 'prev_value': None, 'change': True}
2023-01-15 18:30:36,732 : INFO : EventManager : Event: ======'machine_var_audits_switches_s_pen_2'====== Args={'value': 96, 'prev_value': None, 'change': True}
2023-01-15 18:30:36,732 : INFO : EventManager : Event: ======'machine_var_audits_switches_s_pen_3'====== Args={'value': 322, 'prev_value': None, 'change': True}
2023-01-15 18:30:36,732 : INFO : EventManager : Event: ======'machine_var_audits_switches_s_pen_4'====== Args={'value': 5, 'prev_value': None, 'change': True}
2023-01-15 18:30:36,733 : INFO : EventManager : Event: ======'machine_var_audits_switches_s_pen_5'====== Args={'value': 2, 'prev_value': None, 'change': True}
2023-01-15 18:30:36,733 : INFO : EventManager : Event: ======'machine_var_audits_switches_s_pen_6'====== Args={'value': 8, 'prev_value': None, 'change': True}
2023-01-15 18:30:36,734 : INFO : EventManager : Event: ======'machine_var_audits_switches_s_plunger'====== Args={'value': 4064, 'prev_value': None, 'change': True}
2023-01-15 18:30:36,734 : INFO : EventManager : Event: ======'machine_var_audits_switches_s_plunger_button'====== Args={'value': 4, 'prev_value': None, 'change': True}
2023-01-15 18:30:36,735 : INFO : EventManager : Event: ======'machine_var_audits_switches_s_ricochet_1'====== Args={'value': 197, 'prev_value': None, 'change': True}
2023-01-15 18:30:36,735 : INFO : EventManager : Event: ======'machine_var_audits_switches_s_ricochet_2'====== Args={'value': 692, 'prev_value': None, 'change': True}
2023-01-15 18:30:36,736 : INFO : EventManager : Event: ======'machine_var_audits_switches_s_ricochet_3'====== Args={'value': 93, 'prev_value': None, 'change': True}
2023-01-15 18:30:36,736 : INFO : EventManager : Event: ======'machine_var_audits_switches_s_ricochet_4'====== Args={'value': 54, 'prev_value': None, 'change': True}
2023-01-15 18:30:36,736 : INFO : EventManager : Event: ======'machine_var_audits_switches_s_ricochet_5'====== Args={'value': 8, 'prev_value': None, 'change': True}
2023-01-15 18:30:36,737 : INFO : EventManager : Event: ======'machine_var_audits_switches_s_right_flipper'====== Args={'value': 4178, 'prev_value': None, 'change': True}
2023-01-15 18:30:36,737 : INFO : EventManager : Event: ======'machine_var_audits_switches_s_right_hole'====== Args={'value': 26, 'prev_value': None, 'change': True}
2023-01-15 18:30:36,738 : INFO : EventManager : Event: ======'machine_var_audits_switches_s_right_inlane'====== Args={'value': 363, 'prev_value': None, 'change': True}
2023-01-15 18:30:36,738 : INFO : EventManager : Event: ======'machine_var_audits_switches_s_right_loop_made'====== Args={'value': 83, 'prev_value': None, 'change': True}
2023-01-15 18:30:36,739 : INFO : EventManager : Event: ======'machine_var_audits_switches_s_right_loop_pre'====== Args={'value': 70, 'prev_value': None, 'change': True}
2023-01-15 18:30:36,739 : INFO : EventManager : Event: ======'machine_var_audits_switches_s_right_outlane'====== Args={'value': 141, 'prev_value': None, 'change': True}
2023-01-15 18:30:36,740 : INFO : EventManager : Event: ======'machine_var_audits_switches_s_right_ramp_made'====== Args={'value': 1703, 'prev_value': None, 'change': True}
2023-01-15 18:30:36,740 : INFO : EventManager : Event: ======'machine_var_audits_switches_s_right_ramp_pre'====== Args={'value': 83, 'prev_value': None, 'change': True}
2023-01-15 18:30:36,741 : INFO : EventManager : Event: ======'machine_var_audits_switches_s_right_slingshot'====== Args={'value': 132, 'prev_value': None, 'change': True}
2023-01-15 18:30:36,741 : INFO : EventManager : Event: ======'machine_var_audits_switches_s_right_small_ramp'====== Args={'value': 0, 'prev_value': None, 'change': True}
2023-01-15 18:30:36,742 : INFO : EventManager : Event: ======'machine_var_audits_switches_s_right_tunnel'====== Args={'value': 0, 'prev_value': None, 'change': True}
2023-01-15 18:30:36,742 : INFO : EventManager : Event: ======'machine_var_audits_switches_s_saucer'====== Args={'value': 0, 'prev_value': None, 'change': True}
2023-01-15 18:30:36,743 : INFO : EventManager : Event: ======'machine_var_audits_switches_s_side_hole'====== Args={'value': 316, 'prev_value': None, 'change': True}
2023-01-15 18:30:36,743 : INFO : EventManager : Event: ======'machine_var_audits_switches_s_side_ramp_made'====== Args={'value': 1125, 'prev_value': None, 'change': True}
2023-01-15 18:30:36,744 : INFO : EventManager : Event: ======'machine_var_audits_switches_s_side_ramp_pre'====== Args={'value': 113, 'prev_value': None, 'change': True}
2023-01-15 18:30:36,744 : INFO : EventManager : Event: ======'machine_var_audits_switches_s_spinner'====== Args={'value': 0, 'prev_value': None, 'change': True}
2023-01-15 18:30:36,745 : INFO : EventManager : Event: ======'machine_var_audits_switches_s_start'====== Args={'value': 140, 'prev_value': None, 'change': True}
2023-01-15 18:30:36,745 : INFO : EventManager : Event: ======'machine_var_audits_switches_s_torpedo'====== Args={'value': 739, 'prev_value': None, 'change': True}
2023-01-15 18:30:36,746 : INFO : EventManager : Event: ======'machine_var_audits_switches_s_torpedo_lane'====== Args={'value': 2, 'prev_value': None, 'change': True}
2023-01-15 18:30:36,747 : INFO : EventManager : Event: ======'machine_var_audits_switches_s_torpedo_pre'====== Args={'value': 0, 'prev_value': None, 'change': True}
2023-01-15 18:30:36,747 : INFO : EventManager : Event: ======'machine_var_audits_switches_s_trough1'====== Args={'value': 654, 'prev_value': None, 'change': True}
2023-01-15 18:30:36,748 : INFO : EventManager : Event: ======'machine_var_audits_switches_s_trough2'====== Args={'value': 105, 'prev_value': None, 'change': True}
2023-01-15 18:30:36,748 : INFO : EventManager : Event: ======'machine_var_audits_switches_s_trough3'====== Args={'value': 82, 'prev_value': None, 'change': True}
2023-01-15 18:30:36,749 : INFO : EventManager : Event: ======'machine_var_audits_switches_s_trough4'====== Args={'value': 34, 'prev_value': None, 'change': True}
2023-01-15 18:30:36,749 : INFO : EventManager : Event: ======'machine_var_audits_switches_s_trough5'====== Args={'value': 2, 'prev_value': None, 'change': True}
2023-01-15 18:30:36,750 : INFO : EventManager : Event: ======'machine_var_audits_switches_s_trough6'====== Args={'value': 1, 'prev_value': None, 'change': True}
2023-01-15 18:30:36,750 : INFO : EventManager : Event: ======'machine_var_audits_switches_s_trough_jam'====== Args={'value': 0, 'prev_value': None, 'change': True}
2023-01-15 18:30:36,751 : INFO : EventManager : Event: ======'init_phase_5'====== Args={}
2023-01-15 18:30:36,773 : INFO : EventManager : Event: ======'init_done'====== Args={}
2023-01-15 18:30:36,787 : INFO : EventManager : Event: ======'machine_reset_phase_1'====== Args={}
2023-01-15 18:30:36,787 : INFO : BcpServer : New client connected.
2023-01-15 18:30:36,799 : INFO : EventManager : Event: ======'machine_reset_phase_2'====== Args={}
2023-01-15 18:30:36,800 : INFO : EventManager : Event: ======'machine_reset_phase_3'====== Args={}
2023-01-15 18:30:36,800 : INFO : EventManager : Event: ======'diverter_citadel_diverter_deactivating'====== Args={}
2023-01-15 18:30:36,800 : INFO : coil.c_loop_diverter : Disabling Driver
2023-01-15 18:30:36,800 : INFO : EventManager : Event: ======'diverter_torpedo_peg_deactivating'====== Args={}
2023-01-15 18:30:36,800 : INFO : coil.c_torpedo_peg : Disabling Driver
2023-01-15 18:30:36,801 : INFO : EventManager : Event: ======'reset_complete'====== Args={}
2023-01-15 18:30:36,801 : INFO : EventManager : Event: ======'mode_attract_will_start'====== Args={}
2023-01-15 18:30:36,801 : INFO : EventManager : Event: ======'mode_attract_starting'====== Args={}
2023-01-15 18:30:36,802 : INFO : Mode.attract : Started. Priority: 10
2023-01-15 18:30:36,802 : INFO : EventManager : Event: ======'modes_active_modes_changed'====== Args={}
2023-01-15 18:30:36,802 : INFO : EventManager : Event: ======'mode_attract_started'====== Args={}
2023-01-15 18:30:36,803 : INFO : EventManager : Event: ======'collecting_balls_complete'====== Args={}
2023-01-15 18:30:36,868 : INFO : EventManager : Event: ======'slide_attract_game_over_slide_created'====== Args={'_from_bcp': True}
2023-01-15 18:30:36,868 : INFO : EventManager : Event: ======'slide_attract_game_over_slide_active'====== Args={'_from_bcp': True}
2023-01-15 18:30:36,882 : INFO : Machine : Starting the main run loop.
2023-01-15 18:30:38,816 : INFO : EventManager : Event: ======'slide_end_mode_8_compIG_created'====== Args={'_from_bcp': True}
2023-01-15 18:30:38,821 : INFO : EventManager : Event: ======'slide_end_mode_8_compIG_active'====== Args={'_from_bcp': True}
2023-01-15 18:30:40,630 : INFO : SwitchController : <<<<<<< 's_start' active >>>>>>>
2023-01-15 18:30:40,731 : INFO : SwitchController : <<<<<<< 's_start' inactive >>>>>>>
2023-01-15 18:30:40,731 : INFO : EventManager : Event: ======'request_to_start_game'====== Args={}
2023-01-15 18:30:40,731 : INFO : EventManager : Event: ======'game_start'====== Args={'buttons': [], 'hold_time': 0.10899999999674037}
2023-01-15 18:30:40,731 : INFO : EventManager : Event: ======'mode_game_will_start'====== Args={'buttons': [], 'hold_time': 0.10899999999674037}
2023-01-15 18:30:40,735 : INFO : EventManager : Event: ======'mode_game_starting'====== Args={'buttons': [], 'hold_time': 0.10899999999674037}
2023-01-15 18:30:40,735 : INFO : EventManager : Event: ======'mode_attract_will_stop'====== Args={}
2023-01-15 18:30:40,735 : INFO : EventManager : Event: ======'mode_attract_stopping'====== Args={}
2023-01-15 18:30:40,736 : INFO : Mode.attract : Stopped.
2023-01-15 18:30:40,736 : INFO : EventManager : Event: ======'modes_active_modes_changed'====== Args={}
2023-01-15 18:30:40,736 : INFO : EventManager : Event: ======'mode_attract_stopped'====== Args={}
2023-01-15 18:30:40,736 : INFO : EventManager : Event: ======'clear'====== Args={'key': 'attract'}
2023-01-15 18:30:40,737 : INFO : Mode.game : Started. Priority: 20
2023-01-15 18:30:40,737 : INFO : EventManager : Event: ======'modes_active_modes_changed'====== Args={}
2023-01-15 18:30:40,737 : INFO : EventManager : Event: ======'mode_game_started'====== Args={'buttons': [], 'hold_time': 0.10899999999674037}
2023-01-15 18:30:40,750 : INFO : EventManager : Event: ======'game_will_start'====== Args={}
2023-01-15 18:30:40,751 : INFO : EventManager : Event: ======'slide_attract_game_over_slide_removed'====== Args={'_from_bcp': True}
2023-01-15 18:30:40,751 : INFO : EventManager : Event: ======'slide_end_mode_8_compIG_removed'====== Args={'_from_bcp': True}
2023-01-15 18:30:40,751 : INFO : EventManager : Event: ======'slide_dmd_blank_active'====== Args={'_from_bcp': True}
2023-01-15 18:30:40,752 : INFO : EventManager : Event: ======'game_starting'====== Args={'game': <Mode.game>}
2023-01-15 18:30:40,752 : INFO : EventManager : Event: ======'player_add_request'====== Args={}
2023-01-15 18:30:40,753 : INFO : EventManager : Event: ======'player_will_add'====== Args={'number': 1}
2023-01-15 18:30:40,755 : INFO : EventManager : Event: ======'player_adding'====== Args={'player': <Player 1>, 'number': 1}
2023-01-15 18:30:40,769 : INFO : EventManager : Event: ======'player_added'====== Args={'player': <Player 1>, 'num': 1}
2023-01-15 18:30:40,770 : INFO : Mode.game : Player added successfully. Total players: 1
2023-01-15 18:30:40,770 : INFO : EventManager : Event: ======'player_index'====== Args={'value': 0, 'prev_value': 0, 'change': 0, 'player_num': 1}
2023-01-15 18:30:40,770 : INFO : EventManager : Event: ======'player_number'====== Args={'value': 1, 'prev_value': 1, 'change': 0, 'player_num': 1}
2023-01-15 18:30:40,771 : INFO : EventManager : Event: ======'player_ReceivedDMG'====== Args={'value': 0, 'prev_value': 0, 'change': 0, 'player_num': 1}
2023-01-15 18:30:40,771 : INFO : EventManager : Event: ======'player_DMGValue'====== Args={'value': 10000000, 'prev_value': 10000000, 'change': 0, 'player_num': 1}
2023-01-15 18:30:40,771 : INFO : EventManager : Event: ======'player_JetValue'====== Args={'value': 5000000, 'prev_value': 5000000, 'change': 0, 'player_num': 1}
2023-01-15 18:30:40,772 : INFO : EventManager : Event: ======'player_BonusX'====== Args={'value': 0, 'prev_value': 0, 'change': 0, 'player_num': 1}
2023-01-15 18:30:40,772 : INFO : EventManager : Event: ======'player_m1shotmade'====== Args={'value': 0, 'prev_value': 0, 'change': 0, 'player_num': 1}
2023-01-15 18:30:40,773 : INFO : EventManager : Event: ======'player_m2shotmade'====== Args={'value': 0, 'prev_value': 0, 'change': 0, 'player_num': 1}
2023-01-15 18:30:40,773 : INFO : EventManager : Event: ======'player_m3shotmade'====== Args={'value': 0, 'prev_value': 0, 'change': 0, 'player_num': 1}
2023-01-15 18:30:40,773 : INFO : EventManager : Event: ======'player_m4shotmade'====== Args={'value': 0, 'prev_value': 0, 'change': 0, 'player_num': 1}
2023-01-15 18:30:40,774 : INFO : EventManager : Event: ======'player_m5shotmade'====== Args={'value': 0, 'prev_value': 0, 'change': 0, 'player_num': 1}
2023-01-15 18:30:40,774 : INFO : EventManager : Event: ======'player_m6shotmade'====== Args={'value': 0, 'prev_value': 0, 'change': 0, 'player_num': 1}
2023-01-15 18:30:40,774 : INFO : EventManager : Event: ======'player_m7shotmade'====== Args={'value': 0, 'prev_value': 0, 'change': 0, 'player_num': 1}
2023-01-15 18:30:40,775 : INFO : EventManager : Event: ======'player_m8shotmade'====== Args={'value': 0, 'prev_value': 0, 'change': 0, 'player_num': 1}
2023-01-15 18:30:40,775 : INFO : EventManager : Event: ======'player_m9shotmade'====== Args={'value': 0, 'prev_value': 0, 'change': 0, 'player_num': 1}
2023-01-15 18:30:40,775 : INFO : EventManager : Event: ======'player_m1_active'====== Args={'value': 0, 'prev_value': 0, 'change': 0, 'player_num': 1}
2023-01-15 18:30:40,775 : INFO : EventManager : Event: ======'player_m2_active'====== Args={'value': 0, 'prev_value': 0, 'change': 0, 'player_num': 1}
2023-01-15 18:30:40,776 : INFO : EventManager : Event: ======'player_m3_active'====== Args={'value': 0, 'prev_value': 0, 'change': 0, 'player_num': 1}
2023-01-15 18:30:40,776 : INFO : EventManager : Event: ======'player_m4_active'====== Args={'value': 0, 'prev_value': 0, 'change': 0, 'player_num': 1}
2023-01-15 18:30:40,776 : INFO : EventManager : Event: ======'player_m5_active'====== Args={'value': 0, 'prev_value': 0, 'change': 0, 'player_num': 1}
2023-01-15 18:30:40,777 : INFO : EventManager : Event: ======'player_m6_active'====== Args={'value': 0, 'prev_value': 0, 'change': 0, 'player_num': 1}
2023-01-15 18:30:40,777 : INFO : EventManager : Event: ======'player_m7_active'====== Args={'value': 0, 'prev_value': 0, 'change': 0, 'player_num': 1}
2023-01-15 18:30:40,777 : INFO : EventManager : Event: ======'player_m8_active'====== Args={'value': 0, 'prev_value': 0, 'change': 0, 'player_num': 1}
2023-01-15 18:30:40,778 : INFO : EventManager : Event: ======'player_m9_active'====== Args={'value': 0, 'prev_value': 0, 'change': 0, 'player_num': 1}
2023-01-15 18:30:40,778 : INFO : EventManager : Event: ======'player_m1shotremaining'====== Args={'value': 4, 'prev_value': 4, 'change': 0, 'player_num': 1}
2023-01-15 18:30:40,778 : INFO : EventManager : Event: ======'player_m2shotremaining'====== Args={'value': 20, 'prev_value': 20, 'change': 0, 'player_num': 1}
2023-01-15 18:30:40,778 : INFO : EventManager : Event: ======'player_m3shotremaining'====== Args={'value': 4, 'prev_value': 4, 'change': 0, 'player_num': 1}
2023-01-15 18:30:40,779 : INFO : EventManager : Event: ======'player_m4shotremaining'====== Args={'value': 4, 'prev_value': 4, 'change': 0, 'player_num': 1}
2023-01-15 18:30:40,779 : INFO : EventManager : Event: ======'player_m5shotremaining'====== Args={'value': 4, 'prev_value': 4, 'change': 0, 'player_num': 1}
2023-01-15 18:30:40,779 : INFO : EventManager : Event: ======'player_m6shotremaining'====== Args={'value': 4, 'prev_value': 4, 'change': 0, 'player_num': 1}
2023-01-15 18:30:40,779 : INFO : EventManager : Event: ======'player_m7shotremaining'====== Args={'value': 4, 'prev_value': 4, 'change': 0, 'player_num': 1}
2023-01-15 18:30:40,780 : INFO : EventManager : Event: ======'player_m8shotremaining'====== Args={'value': 4, 'prev_value': 4, 'change': 0, 'player_num': 1}
2023-01-15 18:30:40,780 : INFO : EventManager : Event: ======'player_m9shotremaining'====== Args={'value': 4, 'prev_value': 4, 'change': 0, 'player_num': 1}
2023-01-15 18:30:40,780 : INFO : EventManager : Event: ======'player_m1entrynumber_m'====== Args={'value': 1, 'prev_value': 1, 'change': 0, 'player_num': 1}
2023-01-15 18:30:40,780 : INFO : EventManager : Event: ======'player_m2entrynumber_m'====== Args={'value': 1, 'prev_value': 1, 'change': 0, 'player_num': 1}
2023-01-15 18:30:40,781 : INFO : EventManager : Event: ======'player_m3entrynumber_m'====== Args={'value': 1, 'prev_value': 1, 'change': 0, 'player_num': 1}
2023-01-15 18:30:40,781 : INFO : EventManager : Event: ======'player_m4entrynumber_m'====== Args={'value': 1, 'prev_value': 1, 'change': 0, 'player_num': 1}
2023-01-15 18:30:40,781 : INFO : EventManager : Event: ======'player_m5entrynumber_m'====== Args={'value': 1, 'prev_value': 1, 'change': 0, 'player_num': 1}
2023-01-15 18:30:40,782 : INFO : EventManager : Event: ======'player_m6entrynumber_m'====== Args={'value': 1, 'prev_value': 1, 'change': 0, 'player_num': 1}
2023-01-15 18:30:40,782 : INFO : EventManager : Event: ======'player_m7entrynumber_m'====== Args={'value': 1, 'prev_value': 1, 'change': 0, 'player_num': 1}
2023-01-15 18:30:40,782 : INFO : EventManager : Event: ======'player_m8entrynumber_m'====== Args={'value': 1, 'prev_value': 1, 'change': 0, 'player_num': 1}
2023-01-15 18:30:40,782 : INFO : EventManager : Event: ======'player_m9entrynumber_m'====== Args={'value': 1, 'prev_value': 1, 'change': 0, 'player_num': 1}
2023-01-15 18:30:40,783 : INFO : EventManager : Event: ======'player_m1entrynumber'====== Args={'value': 0, 'prev_value': 0, 'change': 0, 'player_num': 1}
2023-01-15 18:30:40,783 : INFO : EventManager : Event: ======'player_m2entrynumber'====== Args={'value': 0, 'prev_value': 0, 'change': 0, 'player_num': 1}
2023-01-15 18:30:40,783 : INFO : EventManager : Event: ======'player_m3entrynumber'====== Args={'value': 0, 'prev_value': 0, 'change': 0, 'player_num': 1}
2023-01-15 18:30:40,783 : INFO : EventManager : Event: ======'player_m4entrynumber'====== Args={'value': 0, 'prev_value': 0, 'change': 0, 'player_num': 1}
2023-01-15 18:30:40,784 : INFO : EventManager : Event: ======'player_m5entrynumber'====== Args={'value': 0, 'prev_value': 0, 'change': 0, 'player_num': 1}
2023-01-15 18:30:40,784 : INFO : EventManager : Event: ======'player_m6entrynumber'====== Args={'value': 0, 'prev_value': 0, 'change': 0, 'player_num': 1}
2023-01-15 18:30:40,784 : INFO : EventManager : Event: ======'player_m7entrynumber'====== Args={'value': 0, 'prev_value': 0, 'change': 0, 'player_num': 1}
2023-01-15 18:30:40,784 : INFO : EventManager : Event: ======'player_m8entrynumber'====== Args={'value': 0, 'prev_value': 0, 'change': 0, 'player_num': 1}
2023-01-15 18:30:40,785 : INFO : EventManager : Event: ======'player_m9entrynumber'====== Args={'value': 0, 'prev_value': 0, 'change': 0, 'player_num': 1}
2023-01-15 18:30:40,785 : INFO : EventManager : Event: ======'player_m10_finished'====== Args={'value': 0, 'prev_value': 0, 'change': 0, 'player_num': 1}
2023-01-15 18:30:40,785 : INFO : EventManager : Event: ======'player_mode_shot_enabled'====== Args={'value': 0, 'prev_value': 0, 'change': 0, 'player_num': 1}
2023-01-15 18:30:40,785 : INFO : EventManager : Event: ======'player_mode_shot_made'====== Args={'value': 0, 'prev_value': 0, 'change': 0, 'player_num': 1}
2023-01-15 18:30:40,786 : INFO : EventManager : Event: ======'player_completed_modes'====== Args={'value': 0, 'prev_value': 0, 'change': 0, 'player_num': 1}
2023-01-15 18:30:40,786 : INFO : EventManager : Event: ======'player_dmg_con_last_jackpot'====== Args={'value': 10000000, 'prev_value': 10000000, 'change': 0, 'player_num': 1}
2023-01-15 18:30:40,786 : INFO : EventManager : Event: ======'player_aa_fire_timer_active'====== Args={'value': 0, 'prev_value': 0, 'change': 0, 'player_num': 1}
2023-01-15 18:30:40,786 : INFO : EventManager : Event: ======'player_lock_lit_1_state'====== Args={'value': 0, 'prev_value': 0, 'change': 0, 'player_num': 1}
2023-01-15 18:30:40,786 : INFO : EventManager : Event: ======'player_lock_lit_2_state'====== Args={'value': 0, 'prev_value': 0, 'change': 0, 'player_num': 1}
2023-01-15 18:30:40,787 : INFO : EventManager : Event: ======'player_freeze_started'====== Args={'value': 0, 'prev_value': 0, 'change': 0, 'player_num': 1}
2023-01-15 18:30:40,787 : INFO : EventManager : Event: ======'player_timer_height'====== Args={'value': 0.0, 'prev_value': 0.0, 'change': 0, 'player_num': 1}
2023-01-15 18:30:40,787 : INFO : EventManager : Event: ======'player_citadel_number'====== Args={'value': 0, 'prev_value': 0, 'change': 0, 'player_num': 1}
2023-01-15 18:30:40,788 : INFO : EventManager : Event: ======'player_torpedo_number'====== Args={'value': 0, 'prev_value': 0, 'change': 0, 'player_num': 1}
2023-01-15 18:30:40,788 : INFO : EventManager : Event: ======'player_citadel_load_number'====== Args={'value': 3, 'prev_value': 3, 'change': 0, 'player_num': 1}
2023-01-15 18:30:40,789 : INFO : EventManager : Event: ======'player_torpedo_load_number'====== Args={'value': 3, 'prev_value': 3, 'change': 0, 'player_num': 1}
2023-01-15 18:30:40,789 : INFO : EventManager : Event: ======'player_citadel_ready'====== Args={'value': 0, 'prev_value': 0, 'change': 0, 'player_num': 1}
2023-01-15 18:30:40,790 : INFO : EventManager : Event: ======'player_torpedo_ready'====== Args={'value': 0, 'prev_value': 0, 'change': 0, 'player_num': 1}
2023-01-15 18:30:40,790 : INFO : EventManager : Event: ======'player_torpedo_dmg'====== Args={'value': 10.0, 'prev_value': 10.0, 'change': 0, 'player_num': 1}
2023-01-15 18:30:40,791 : INFO : EventManager : Event: ======'player_citadel_dmg'====== Args={'value': 10.0, 'prev_value': 10.0, 'change': 0, 'player_num': 1}
2023-01-15 18:30:40,791 : INFO : EventManager : Event: ======'player_fire_dmg'====== Args={'value': 10.0, 'prev_value': 10.0, 'change': 0, 'player_num': 1}
2023-01-15 18:30:40,791 : INFO : EventManager : Event: ======'player_penetration_dmg'====== Args={'value': 10.0, 'prev_value': 10.0, 'change': 0, 'player_num': 1}
2023-01-15 18:30:40,792 : INFO : EventManager : Event: ======'player_modeshotremaining'====== Args={'value': -1, 'prev_value': -1, 'change': 0, 'player_num': 1}
2023-01-15 18:30:40,792 : INFO : EventManager : Event: ======'player_super_lock'====== Args={'value': 0, 'prev_value': 0, 'change': 0, 'player_num': 1}
2023-01-15 18:30:40,792 : INFO : EventManager : Event: ======'player_container_lit'====== Args={'value': 0, 'prev_value': 0, 'change': 0, 'player_num': 1}
2023-01-15 18:30:40,793 : INFO : EventManager : Event: ======'player_addaball_lit'====== Args={'value': 0, 'prev_value': 0, 'change': 0, 'player_num': 1}
2023-01-15 18:30:40,793 : INFO : EventManager : Event: ======'player_more_time_lit'====== Args={'value': 0, 'prev_value': 0, 'change': 0, 'player_num': 1}
2023-01-15 18:30:40,794 : INFO : EventManager : Event: ======'player_ship'====== Args={'value': 'None', 'prev_value': 'None', 'change': False, 'player_num': 1}
2023-01-15 18:30:40,794 : INFO : EventManager : Event: ======'player_language'====== Args={'value': 'None', 'prev_value': 'None', 'change': False, 'player_num': 1}
2023-01-15 18:30:40,794 : INFO : EventManager : Event: ======'player_battle_bumper'====== Args={'value': 'fire', 'prev_value': 'fire', 'change': False, 'player_num': 1}
2023-01-15 18:30:40,795 : INFO : EventManager : Event: ======'player_fire_1_active'====== Args={'value': 0, 'prev_value': 0, 'change': 0, 'player_num': 1}
2023-01-15 18:30:40,795 : INFO : EventManager : Event: ======'player_fire_2_active'====== Args={'value': 0, 'prev_value': 0, 'change': 0, 'player_num': 1}
2023-01-15 18:30:40,795 : INFO : EventManager : Event: ======'player_fire_3_active'====== Args={'value': 0, 'prev_value': 0, 'change': 0, 'player_num': 1}
2023-01-15 18:30:40,796 : INFO : EventManager : Event: ======'player_m1_shot_need'====== Args={'value': 0, 'prev_value': 0, 'change': 0, 'player_num': 1}
2023-01-15 18:30:40,796 : INFO : EventManager : Event: ======'player_m2_shot_need'====== Args={'value': 0, 'prev_value': 0, 'change': 0, 'player_num': 1}
2023-01-15 18:30:40,796 : INFO : EventManager : Event: ======'player_m3_shot_need'====== Args={'value': 0, 'prev_value': 0, 'change': 0, 'player_num': 1}
2023-01-15 18:30:40,797 : INFO : EventManager : Event: ======'player_m4_shot_need'====== Args={'value': 0, 'prev_value': 0, 'change': 0, 'player_num': 1}
2023-01-15 18:30:40,797 : INFO : EventManager : Event: ======'player_m5_shot_need'====== Args={'value': 0, 'prev_value': 0, 'change': 0, 'player_num': 1}
2023-01-15 18:30:40,797 : INFO : EventManager : Event: ======'player_m6_shot_need'====== Args={'value': 0, 'prev_value': 0, 'change': 0, 'player_num': 1}
2023-01-15 18:30:40,798 : INFO : EventManager : Event: ======'player_m7_shot_need'====== Args={'value': 0, 'prev_value': 0, 'change': 0, 'player_num': 1}
2023-01-15 18:30:40,798 : INFO : EventManager : Event: ======'player_m8_shot_need'====== Args={'value': 0, 'prev_value': 0, 'change': 0, 'player_num': 1}
2023-01-15 18:30:40,798 : INFO : EventManager : Event: ======'player_m9_shot_need'====== Args={'value': 0, 'prev_value': 0, 'change': 0, 'player_num': 1}
2023-01-15 18:30:40,799 : INFO : EventManager : Event: ======'player_m10_shot_need'====== Args={'value': 0, 'prev_value': 0, 'change': 0, 'player_num': 1}
2023-01-15 18:30:40,799 : INFO : EventManager : Event: ======'player_m9_phase_1_active'====== Args={'value': 0, 'prev_value': 0, 'change': 0, 'player_num': 1}
2023-01-15 18:30:40,799 : INFO : EventManager : Event: ======'player_m9_phase_2_active'====== Args={'value': 0, 'prev_value': 0, 'change': 0, 'player_num': 1}
2023-01-15 18:30:40,800 : INFO : EventManager : Event: ======'player_bomb_number'====== Args={'value': 0, 'prev_value': 0, 'change': 0, 'player_num': 1}
2023-01-15 18:30:40,800 : INFO : EventManager : Event: ======'player_t_1_1_commander'====== Args={'value': 0, 'prev_value': 0, 'change': 0, 'player_num': 1}
2023-01-15 18:30:40,800 : INFO : EventManager : Event: ======'player_t_1_2_commander'====== Args={'value': 0, 'prev_value': 0, 'change': 0, 'player_num': 1}
2023-01-15 18:30:40,800 : INFO : EventManager : Event: ======'player_t_1_3_commander'====== Args={'value': 0, 'prev_value': 0, 'change': 0, 'player_num': 1}
2023-01-15 18:30:40,801 : INFO : EventManager : Event: ======'player_t_1_4_commander'====== Args={'value': 0, 'prev_value': 0, 'change': 0, 'player_num': 1}
2023-01-15 18:30:40,801 : INFO : EventManager : Event: ======'player_t_2_1_commander'====== Args={'value': 0, 'prev_value': 0, 'change': 0, 'player_num': 1}
2023-01-15 18:30:40,801 : INFO : EventManager : Event: ======'player_t_2_2_commander'====== Args={'value': 0, 'prev_value': 0, 'change': 0, 'player_num': 1}
2023-01-15 18:30:40,801 : INFO : EventManager : Event: ======'player_t_2_3_commander'====== Args={'value': 0, 'prev_value': 0, 'change': 0, 'player_num': 1}
2023-01-15 18:30:40,802 : INFO : EventManager : Event: ======'player_t_2_4_commander'====== Args={'value': 0, 'prev_value': 0, 'change': 0, 'player_num': 1}
2023-01-15 18:30:40,802 : INFO : EventManager : Event: ======'player_t_3_1_commander'====== Args={'value': 0, 'prev_value': 0, 'change': 0, 'player_num': 1}
2023-01-15 18:30:40,802 : INFO : EventManager : Event: ======'player_t_3_2_commander'====== Args={'value': 0, 'prev_value': 0, 'change': 0, 'player_num': 1}
2023-01-15 18:30:40,802 : INFO : EventManager : Event: ======'player_t_3_3_commander'====== Args={'value': 0, 'prev_value': 0, 'change': 0, 'player_num': 1}
2023-01-15 18:30:40,803 : INFO : EventManager : Event: ======'player_t_3_4_commander'====== Args={'value': 0, 'prev_value': 0, 'change': 0, 'player_num': 1}
2023-01-15 18:30:40,803 : INFO : EventManager : Event: ======'player_t_4_1_commander'====== Args={'value': 0, 'prev_value': 0, 'change': 0, 'player_num': 1}
2023-01-15 18:30:40,803 : INFO : EventManager : Event: ======'player_t_4_2_commander'====== Args={'value': 0, 'prev_value': 0, 'change': 0, 'player_num': 1}
2023-01-15 18:30:40,803 : INFO : EventManager : Event: ======'player_t_4_3_commander'====== Args={'value': 0, 'prev_value': 0, 'change': 0, 'player_num': 1}
2023-01-15 18:30:40,804 : INFO : EventManager : Event: ======'player_t_4_4_commander'====== Args={'value': 0, 'prev_value': 0, 'change': 0, 'player_num': 1}
2023-01-15 18:30:40,804 : INFO : EventManager : Event: ======'player_current_commander'====== Args={'value': 1, 'prev_value': 1, 'change': 0, 'player_num': 1}
2023-01-15 18:30:40,804 : INFO : EventManager : Event: ======'player_current_skill_points'====== Args={'value': 0, 'prev_value': 0, 'change': 0, 'player_num': 1}
2023-01-15 18:30:40,805 : INFO : EventManager : Event: ======'player_current_skill_level'====== Args={'value': 0, 'prev_value': 0, 'change': 0, 'player_num': 1}
2023-01-15 18:30:40,805 : INFO : EventManager : Event: ======'player_skill_lit'====== Args={'value': 0, 'prev_value': 0, 'change': 0, 'player_num': 1}
2023-01-15 18:30:40,805 : INFO : EventManager : Event: ======'player_bomb_1_active'====== Args={'value': 0, 'prev_value': 0, 'change': 0, 'player_num': 1}
2023-01-15 18:30:40,806 : INFO : EventManager : Event: ======'player_bomb_2_active'====== Args={'value': 0, 'prev_value': 0, 'change': 0, 'player_num': 1}
2023-01-15 18:30:40,806 : INFO : EventManager : Event: ======'player_bomb_3_active'====== Args={'value': 0, 'prev_value': 0, 'change': 0, 'player_num': 1}
2023-01-15 18:30:40,806 : INFO : EventManager : Event: ======'player_bomb_4_active'====== Args={'value': 0, 'prev_value': 0, 'change': 0, 'player_num': 1}
2023-01-15 18:30:40,807 : INFO : EventManager : Event: ======'player_bomb_5_active'====== Args={'value': 0, 'prev_value': 0, 'change': 0, 'player_num': 1}
2023-01-15 18:30:40,807 : INFO : EventManager : Event: ======'player_bomb_6_active'====== Args={'value': 0, 'prev_value': 0, 'change': 0, 'player_num': 1}
2023-01-15 18:30:40,807 : INFO : EventManager : Event: ======'player_bomb_7_active'====== Args={'value': 0, 'prev_value': 0, 'change': 0, 'player_num': 1}
2023-01-15 18:30:40,808 : INFO : EventManager : Event: ======'player_bomb_8_active'====== Args={'value': 0, 'prev_value': 0, 'change': 0, 'player_num': 1}
2023-01-15 18:30:40,808 : INFO : EventManager : Event: ======'player_bomb_9_active'====== Args={'value': 0, 'prev_value': 0, 'change': 0, 'player_num': 1}
2023-01-15 18:30:40,808 : INFO : EventManager : Event: ======'player_bomb_10_active'====== Args={'value': 0, 'prev_value': 0, 'change': 0, 'player_num': 1}
2023-01-15 18:30:40,809 : INFO : EventManager : Event: ======'player_bomb_11_active'====== Args={'value': 0, 'prev_value': 0, 'change': 0, 'player_num': 1}
2023-01-15 18:30:40,809 : INFO : EventManager : Event: ======'player_bomb_animation_queue'====== Args={'value': 0, 'prev_value': 0, 'change': 0, 'player_num': 1}
2023-01-15 18:30:40,809 : INFO : EventManager : Event: ======'player_bomb_animation_in_progress'====== Args={'value': 0, 'prev_value': 0, 'change': 0, 'player_num': 1}
2023-01-15 18:30:40,810 : INFO : EventManager : Event: ======'player_bomb_animation_completed'====== Args={'value': 0, 'prev_value': 0, 'change': 0, 'player_num': 1}
2023-01-15 18:30:40,810 : INFO : EventManager : Event: ======'player_bomb_animation_no_more'====== Args={'value': 0, 'prev_value': 0, 'change': 0, 'player_num': 1}
2023-01-15 18:30:40,810 : INFO : EventManager : Event: ======'player_aircraft_carrier_in_engage'====== Args={'value': 0, 'prev_value': 0, 'change': 0, 'player_num': 1}
2023-01-15 18:30:40,811 : INFO : EventManager : Event: ======'player_aircraft_carrier_torpedo_dropped'====== Args={'value': 0, 'prev_value': 0, 'change': 0, 'player_num': 1}
2023-01-15 18:30:40,811 : INFO : EventManager : Event: ======'player_spinner_value'====== Args={'value': 0, 'prev_value': 0, 'change': 0, 'player_num': 1}
2023-01-15 18:30:40,811 : INFO : EventManager : Event: ======'player_score'====== Args={'value': 0, 'prev_value': 0, 'change': 0, 'player_num': 1}
2023-01-15 18:30:40,812 : INFO : EventManager : Event: ======'game_started'====== Args={}
2023-01-15 18:30:40,847 : INFO : EventManager : Event: ======'player_turn_will_start'====== Args={'player': <Player 1>, 'number': 1}
2023-01-15 18:30:40,862 : INFO : EventManager : Event: ======'player_turn_starting'====== Args={'player': <Player 1>, 'number': 1}
2023-01-15 18:30:40,863 : INFO : EventManager : Event: ======'player_ball'====== Args={'value': 1, 'prev_value': 0, 'change': 1, 'player_num': 1}
2023-01-15 18:30:40,863 : INFO : EventManager : Event: ======'player_turn_started'====== Args={'player': <Player 1>, 'number': 1}
2023-01-15 18:30:40,864 : INFO : EventManager : Event: ======'ball_will_start'====== Args={'player': 1, 'ball': 1, 'balls_remaining': 2, 'is_extra_ball': False}
2023-01-15 18:30:40,876 : INFO : EventManager : Event: ======'mode_mode_manager_will_start'====== Args={'player': 1, 'ball': 1, 'balls_remaining': 2, 'is_extra_ball': False}
2023-01-15 18:30:40,882 : INFO : EventManager : Event: ======'mode_mode_manager_starting'====== Args={'player': 1, 'ball': 1, 'balls_remaining': 2, 'is_extra_ball': False}
2023-01-15 18:30:40,882 : INFO : Mode.mode_manager : Started. Priority: 300
2023-01-15 18:30:40,883 : INFO : EventManager : Event: ======'modes_active_modes_changed'====== Args={}
2023-01-15 18:30:40,883 : INFO : EventManager : Event: ======'mode_mode_manager_started'====== Args={'player': 1, 'ball': 1, 'balls_remaining': 2, 'is_extra_ball': False}
2023-01-15 18:30:40,883 : INFO : EventManager : Event: ======'ball_starting'====== Args={'player': 1, 'ball': 1, 'balls_remaining': 2, 'is_extra_ball': False}
2023-01-15 18:30:40,932 : INFO : EventManager : Event: ======'mode_port_hole_manager_will_start'====== Args={'queue': <QueuedEvent>, 'player': 1, 'ball': 1, 'balls_remaining': 2, 'is_extra_ball': False}
2023-01-15 18:30:40,934 : INFO : EventManager : Event: ======'mode_port_hole_manager_starting'====== Args={'queue': <QueuedEvent>, 'player': 1, 'ball': 1, 'balls_remaining': 2, 'is_extra_ball': False}
2023-01-15 18:30:40,934 : INFO : EventManager : Event: ======'mode_main_play_will_start'====== Args={'queue': <QueuedEvent>, 'player': 1, 'ball': 1, 'balls_remaining': 2, 'is_extra_ball': False}
2023-01-15 18:30:40,951 : INFO : EventManager : Event: ======'mode_main_play_starting'====== Args={'queue': <QueuedEvent>, 'player': 1, 'ball': 1, 'balls_remaining': 2, 'is_extra_ball': False}
2023-01-15 18:30:40,951 : INFO : EventManager : Event: ======'mode_capture_will_start'====== Args={'queue': <QueuedEvent>, 'player': 1, 'ball': 1, 'balls_remaining': 2, 'is_extra_ball': False}
2023-01-15 18:30:40,953 : INFO : EventManager : Event: ======'mode_capture_starting'====== Args={'queue': <QueuedEvent>, 'player': 1, 'ball': 1, 'balls_remaining': 2, 'is_extra_ball': False}
2023-01-15 18:30:40,954 : INFO : EventManager : Event: ======'mode_value_reset_will_start'====== Args={'queue': <QueuedEvent>, 'player': 1, 'ball': 1, 'balls_remaining': 2, 'is_extra_ball': False}
2023-01-15 18:30:40,954 : INFO : EventManager : Event: ======'mode_value_reset_starting'====== Args={'queue': <QueuedEvent>, 'player': 1, 'ball': 1, 'balls_remaining': 2, 'is_extra_ball': False}
2023-01-15 18:30:40,954 : INFO : Mode.value_reset : Started. Priority: 100
2023-01-15 18:30:40,954 : INFO : EventManager : Event: ======'modes_active_modes_changed'====== Args={}
2023-01-15 18:30:40,955 : INFO : EventManager : Event: ======'mode_value_reset_started'====== Args={'queue': <QueuedEvent>, 'player': 1, 'ball': 1, 'balls_remaining': 2, 'is_extra_ball': False}
2023-01-15 18:30:40,955 : INFO : Mode.port_hole_manager : Started. Priority: 100
2023-01-15 18:30:40,956 : INFO : EventManager : Event: ======'modes_active_modes_changed'====== Args={}
2023-01-15 18:30:40,956 : INFO : EventManager : Event: ======'mode_port_hole_manager_started'====== Args={'queue': <QueuedEvent>, 'player': 1, 'ball': 1, 'balls_remaining': 2, 'is_extra_ball': False}
2023-01-15 18:30:40,957 : INFO : EventManager : Event: ======'balls_in_play'====== Args={'balls': 1}
2023-01-15 18:30:40,957 : INFO : EventManager : Event: ======'ball_started'====== Args={'player': 1, 'ball': 1, 'balls_remaining': 2, 'is_extra_ball': False}
2023-01-15 18:30:40,958 : INFO : EventManager : Event: ======'logicblock_bonusX_counter_updated'====== Args={'value': 2, 'enabled': True}
2023-01-15 18:30:40,958 : INFO : EventManager : Event: ======'logicblock_bomb_counter_updated'====== Args={'value': 3, 'enabled': True}
2023-01-15 18:30:40,958 : INFO : EventManager : Event: ======'logicblock_bomb_animation_counter_updated'====== Args={'value': 3, 'enabled': True}
2023-01-15 18:30:40,959 : INFO : EventManager : Event: ======'logicblock_bonusX_counter_updated'====== Args={'value': 2, 'enabled': True}
2023-01-15 18:30:40,959 : INFO : EventManager : Event: ======'logicblock_bomb_counter_updated'====== Args={'value': 3, 'enabled': True}
2023-01-15 18:30:40,959 : INFO : EventManager : Event: ======'logicblock_bomb_animation_counter_updated'====== Args={'value': 3, 'enabled': True}
2023-01-15 18:30:40,960 : INFO : Mode.main_play : Started. Priority: 100
2023-01-15 18:30:40,960 : INFO : EventManager : Event: ======'modes_active_modes_changed'====== Args={}
2023-01-15 18:30:40,960 : INFO : EventManager : Event: ======'mode_main_play_started'====== Args={'queue': <QueuedEvent>, 'player': 1, 'ball': 1, 'balls_remaining': 2, 'is_extra_ball': False}
2023-01-15 18:30:40,960 : INFO : EventManager : Event: ======'logicblock_capture_counter_updated'====== Args={'value': 6, 'enabled': True}
2023-01-15 18:30:40,960 : INFO : EventManager : Event: ======'logicblock_capture_counter_updated'====== Args={'value': 6, 'enabled': True}
2023-01-15 18:30:40,961 : INFO : Mode.capture : Started. Priority: 100
2023-01-15 18:30:40,961 : INFO : EventManager : Event: ======'modes_active_modes_changed'====== Args={}
2023-01-15 18:30:40,961 : INFO : EventManager : Event: ======'mode_capture_started'====== Args={'queue': <QueuedEvent>, 'player': 1, 'ball': 1, 'balls_remaining': 2, 'is_extra_ball': False}
2023-01-15 18:30:40,961 : INFO : EventManager : Event: ======'mode_skill_shot_will_start'====== Args={'player': 1, 'ball': 1, 'balls_remaining': 2, 'is_extra_ball': False}
2023-01-15 18:30:40,962 : INFO : EventManager : Event: ======'achievement_skillshot_1_changed_state'====== Args={'restore': False, 'state': 'enabled', 'selected': False}
2023-01-15 18:30:40,962 : INFO : EventManager : Event: ======'achievement_skillshot_1_state_enabled'====== Args={'restore': False, 'state': 'enabled', 'selected': False}
2023-01-15 18:30:40,962 : INFO : EventManager : Event: ======'achievement_skillshot_2_changed_state'====== Args={'restore': False, 'state': 'disabled', 'selected': False}
2023-01-15 18:30:40,962 : INFO : EventManager : Event: ======'achievement_skillshot_2_state_disabled'====== Args={'restore': False, 'state': 'disabled', 'selected': False}
2023-01-15 18:30:40,963 : INFO : EventManager : Event: ======'achievement_skillshot_3_changed_state'====== Args={'restore': False, 'state': 'disabled', 'selected': False}
2023-01-15 18:30:40,963 : INFO : EventManager : Event: ======'achievement_skillshot_3_state_disabled'====== Args={'restore': False, 'state': 'disabled', 'selected': False}
2023-01-15 18:30:40,963 : INFO : EventManager : Event: ======'achievement_skillshot_4_changed_state'====== Args={'restore': False, 'state': 'disabled', 'selected': False}
2023-01-15 18:30:40,964 : INFO : EventManager : Event: ======'achievement_skillshot_4_state_disabled'====== Args={'restore': False, 'state': 'disabled', 'selected': False}
2023-01-15 18:30:40,964 : INFO : EventManager : Event: ======'achievement_skillshot_5_changed_state'====== Args={'restore': False, 'state': 'disabled', 'selected': False}
2023-01-15 18:30:40,964 : INFO : EventManager : Event: ======'achievement_skillshot_5_state_disabled'====== Args={'restore': False, 'state': 'disabled', 'selected': False}
2023-01-15 18:30:40,964 : INFO : EventManager : Event: ======'achievement_skillshot_6_changed_state'====== Args={'restore': False, 'state': 'disabled', 'selected': False}
2023-01-15 18:30:40,965 : INFO : EventManager : Event: ======'achievement_skillshot_6_state_disabled'====== Args={'restore': False, 'state': 'disabled', 'selected': False}
2023-01-15 18:30:40,965 : INFO : EventManager : Event: ======'achievement_skillshot_7_changed_state'====== Args={'restore': False, 'state': 'disabled', 'selected': False}
2023-01-15 18:30:40,965 : INFO : EventManager : Event: ======'achievement_skillshot_7_state_disabled'====== Args={'restore': False, 'state': 'disabled', 'selected': False}
2023-01-15 18:30:40,966 : INFO : EventManager : Event: ======'achievement_skillshot_8_changed_state'====== Args={'restore': False, 'state': 'disabled', 'selected': False}
2023-01-15 18:30:40,966 : INFO : EventManager : Event: ======'achievement_skillshot_8_state_disabled'====== Args={'restore': False, 'state': 'disabled', 'selected': False}
2023-01-15 18:30:40,968 : INFO : EventManager : Event: ======'mode_skill_shot_starting'====== Args={'player': 1, 'ball': 1, 'balls_remaining': 2, 'is_extra_ball': False}
2023-01-15 18:30:40,968 : INFO : EventManager : Event: ======'mode_mode_timer_will_start'====== Args={'player': 1, 'ball': 1, 'balls_remaining': 2, 'is_extra_ball': False}
2023-01-15 18:30:40,970 : INFO : EventManager : Event: ======'mode_timer_disable'====== Args={}
2023-01-15 18:30:40,971 : INFO : EventManager : Event: ======'mode_mode_timer_starting'====== Args={'player': 1, 'ball': 1, 'balls_remaining': 2, 'is_extra_ball': False}
2023-01-15 18:30:40,971 : INFO : EventManager : Event: ======'mode_bomb_will_start'====== Args={'player': 1, 'ball': 1, 'balls_remaining': 2, 'is_extra_ball': False}
2023-01-15 18:30:40,971 : INFO : EventManager : Event: ======'bomb_2_started'====== Args={}
2023-01-15 18:30:40,974 : INFO : EventManager : Event: ======'mode_bomb_starting'====== Args={'player': 1, 'ball': 1, 'balls_remaining': 2, 'is_extra_ball': False}
2023-01-15 18:30:40,974 : INFO : EventManager : Event: ======'mode_salvo_lit_will_start'====== Args={'player': 1, 'ball': 1, 'balls_remaining': 2, 'is_extra_ball': False}
2023-01-15 18:30:40,974 : INFO : EventManager : Event: ======'player_shot_ricochet_1_enabled'====== Args={'value': True, 'prev_value': 0, 'change': 1, 'player_num': 1}
2023-01-15 18:30:40,988 : INFO : EventManager : Event: ======'player_shot_ricochet_2_enabled'====== Args={'value': True, 'prev_value': 0, 'change': 1, 'player_num': 1}
2023-01-15 18:30:40,990 : INFO : EventManager : Event: ======'player_shot_ricochet_3_enabled'====== Args={'value': True, 'prev_value': 0, 'change': 1, 'player_num': 1}
2023-01-15 18:30:40,991 : INFO : EventManager : Event: ======'player_shot_ricochet_4_enabled'====== Args={'value': True, 'prev_value': 0, 'change': 1, 'player_num': 1}
2023-01-15 18:30:40,991 : INFO : EventManager : Event: ======'ricochet_targets_complete'====== Args={'state': 'unlit'}
2023-01-15 18:30:40,991 : INFO : EventManager : Event: ======'ricochet_targets_unlit_complete'====== Args={}
2023-01-15 18:30:40,992 : INFO : EventManager : Event: ======'mode_salvo_lit_starting'====== Args={'player': 1, 'ball': 1, 'balls_remaining': 2, 'is_extra_ball': False}
2023-01-15 18:30:40,992 : INFO : EventManager : Event: ======'mode_container_will_start'====== Args={'player': 1, 'ball': 1, 'balls_remaining': 2, 'is_extra_ball': False}
2023-01-15 18:30:40,993 : INFO : EventManager : Event: ======'player_shot_lane_A_enabled'====== Args={'value': True, 'prev_value': 0, 'change': 1, 'player_num': 1}
2023-01-15 18:30:40,994 : INFO : EventManager : Event: ======'player_shot_lane_B_enabled'====== Args={'value': True, 'prev_value': 0, 'change': 1, 'player_num': 1}
2023-01-15 18:30:40,994 : INFO : EventManager : Event: ======'player_shot_lane_C_enabled'====== Args={'value': True, 'prev_value': 0, 'change': 1, 'player_num': 1}
2023-01-15 18:30:40,995 : INFO : EventManager : Event: ======'player_shot_lane_D_enabled'====== Args={'value': True, 'prev_value': 0, 'change': 1, 'player_num': 1}
2023-01-15 18:30:40,995 : INFO : EventManager : Event: ======'player_shot_lane_E_enabled'====== Args={'value': True, 'prev_value': 0, 'change': 1, 'player_num': 1}
2023-01-15 18:30:40,996 : INFO : EventManager : Event: ======'container_lanes_complete'====== Args={'state': 'unlit'}
2023-01-15 18:30:40,996 : INFO : EventManager : Event: ======'container_lanes_unlit_complete'====== Args={}
2023-01-15 18:30:40,997 : INFO : EventManager : Unordered handler for class ConfigPlayer.event_player/events on event slide_container_ball_text_removed with priority 100. Handlers: [RegisteredHandler(callback=<bound method ConfigPlayer.config_play_callback of ConfigPlayer.event_player/events>, priority=100, kwargs={'calling_context': 'slide_container_ball_text_removed', 'mode': <Mode.port_hole_manager>, 'settings': {'port_check_phase_3_finished': {'priority': 0}}}, key=UUID('5f2ba7b1-362b-43ce-a15e-cdc3763830ac'), condition=None, blocking_facility=None), RegisteredHandler(callback=<bound method ConfigPlayer.config_play_callback of ConfigPlayer.event_player/events>, priority=100, kwargs={'calling_context': 'slide_container_ball_text_removed', 'mode': <Mode.container>, 'settings': {'container_slide_end': {'priority': 0}}}, key=UUID('670133fa-42ef-4aa1-b23d-65812f3ddf3e'), condition=None, blocking_facility=None)]. The order of those handlers is not defined and they will be executed in random order. This might lead to race conditions and potential bugs.
2023-01-15 18:30:40,999 : INFO : EventManager : Event: ======'mode_container_starting'====== Args={'player': 1, 'ball': 1, 'balls_remaining': 2, 'is_extra_ball': False}
2023-01-15 18:30:40,999 : INFO : EventManager : Event: ======'mode_drednaught_will_start'====== Args={'player': 1, 'ball': 1, 'balls_remaining': 2, 'is_extra_ball': False}
2023-01-15 18:30:40,999 : INFO : EventManager : Event: ======'mode_drednaught_starting'====== Args={'player': 1, 'ball': 1, 'balls_remaining': 2, 'is_extra_ball': False}
2023-01-15 18:30:41,000 : INFO : EventManager : Event: ======'mode_hc_lock_lit_will_start'====== Args={'player': 1, 'ball': 1, 'balls_remaining': 2, 'is_extra_ball': False}
2023-01-15 18:30:41,000 : INFO : EventManager : Event: ======'player_shot_lock_lit_1_enabled'====== Args={'value': True, 'prev_value': 0, 'change': 1, 'player_num': 1}
2023-01-15 18:30:41,001 : INFO : EventManager : Event: ======'player_shot_lock_lit_2_enabled'====== Args={'value': True, 'prev_value': 0, 'change': 1, 'player_num': 1}
2023-01-15 18:30:41,001 : INFO : EventManager : Event: ======'lock_lits_complete'====== Args={'state': 'unlit'}
2023-01-15 18:30:41,001 : INFO : EventManager : Event: ======'lock_lits_unlit_complete'====== Args={}
2023-01-15 18:30:41,003 : INFO : EventManager : Event: ======'mode_hc_lock_lit_starting'====== Args={'player': 1, 'ball': 1, 'balls_remaining': 2, 'is_extra_ball': False}
2023-01-15 18:30:41,003 : INFO : EventManager : Event: ======'mode_commander_skill_manager_will_start'====== Args={'player': 1, 'ball': 1, 'balls_remaining': 2, 'is_extra_ball': False}
2023-01-15 18:30:41,006 : INFO : EventManager : Event: ======'mode_commander_skill_manager_starting'====== Args={'player': 1, 'ball': 1, 'balls_remaining': 2, 'is_extra_ball': False}
2023-01-15 18:30:41,006 : INFO : EventManager : Event: ======'mode_battle_manager_will_start'====== Args={'player': 1, 'ball': 1, 'balls_remaining': 2, 'is_extra_ball': False}
2023-01-15 18:30:41,008 : INFO : EventManager : Event: ======'mode_battle_manager_starting'====== Args={'player': 1, 'ball': 1, 'balls_remaining': 2, 'is_extra_ball': False}
2023-01-15 18:30:41,008 : INFO : EventManager : Event: ======'mode_mode_lit_will_start'====== Args={'player': 1, 'ball': 1, 'balls_remaining': 2, 'is_extra_ball': False}
2023-01-15 18:30:41,008 : INFO : EventManager : Event: ======'achievement_mode_1_changed_state'====== Args={'restore': False, 'state': 'disabled', 'selected': False}
2023-01-15 18:30:41,008 : INFO : EventManager : Event: ======'achievement_mode_1_state_disabled'====== Args={'restore': False, 'state': 'disabled', 'selected': False}
2023-01-15 18:30:41,009 : INFO : EventManager : Event: ======'achievement_mode_2_changed_state'====== Args={'restore': False, 'state': 'disabled', 'selected': False}
2023-01-15 18:30:41,009 : INFO : EventManager : Event: ======'achievement_mode_2_state_disabled'====== Args={'restore': False, 'state': 'disabled', 'selected': False}
2023-01-15 18:30:41,010 : INFO : EventManager : Event: ======'achievement_mode_3_changed_state'====== Args={'restore': False, 'state': 'disabled', 'selected': False}
2023-01-15 18:30:41,010 : INFO : EventManager : Event: ======'achievement_mode_3_state_disabled'====== Args={'restore': False, 'state': 'disabled', 'selected': False}
2023-01-15 18:30:41,010 : INFO : EventManager : Event: ======'achievement_mode_4_changed_state'====== Args={'restore': False, 'state': 'disabled', 'selected': False}
2023-01-15 18:30:41,010 : INFO : EventManager : Event: ======'achievement_mode_4_state_disabled'====== Args={'restore': False, 'state': 'disabled', 'selected': False}
2023-01-15 18:30:41,011 : INFO : EventManager : Event: ======'achievement_mode_5_changed_state'====== Args={'restore': False, 'state': 'disabled', 'selected': False}
2023-01-15 18:30:41,011 : INFO : EventManager : Event: ======'achievement_mode_5_state_disabled'====== Args={'restore': False, 'state': 'disabled', 'selected': False}
2023-01-15 18:30:41,011 : INFO : EventManager : Event: ======'achievement_mode_6_changed_state'====== Args={'restore': False, 'state': 'disabled', 'selected': False}
2023-01-15 18:30:41,012 : INFO : EventManager : Event: ======'achievement_mode_6_state_disabled'====== Args={'restore': False, 'state': 'disabled', 'selected': False}
2023-01-15 18:30:41,012 : INFO : EventManager : Event: ======'achievement_mode_7_changed_state'====== Args={'restore': False, 'state': 'disabled', 'selected': False}
2023-01-15 18:30:41,012 : INFO : EventManager : Event: ======'achievement_mode_7_state_disabled'====== Args={'restore': False, 'state': 'disabled', 'selected': False}
2023-01-15 18:30:41,013 : INFO : EventManager : Event: ======'achievement_mode_8_changed_state'====== Args={'restore': False, 'state': 'disabled', 'selected': False}
2023-01-15 18:30:41,013 : INFO : EventManager : Event: ======'achievement_mode_8_state_disabled'====== Args={'restore': False, 'state': 'disabled', 'selected': False}
2023-01-15 18:30:41,013 : INFO : EventManager : Event: ======'achievement_mode_9_changed_state'====== Args={'restore': False, 'state': 'disabled', 'selected': False}
2023-01-15 18:30:41,013 : INFO : EventManager : Event: ======'achievement_mode_9_state_disabled'====== Args={'restore': False, 'state': 'disabled', 'selected': False}
2023-01-15 18:30:41,014 : INFO : EventManager : Event: ======'achievement_mode_10_changed_state'====== Args={'restore': False, 'state': 'disabled', 'selected': False}
2023-01-15 18:30:41,014 : INFO : EventManager : Event: ======'achievement_mode_10_state_disabled'====== Args={'restore': False, 'state': 'disabled', 'selected': False}
2023-01-15 18:30:41,018 : INFO : EventManager : Event: ======'mode_mode_lit_starting'====== Args={'player': 1, 'ball': 1, 'balls_remaining': 2, 'is_extra_ball': False}
2023-01-15 18:30:41,018 : INFO : EventManager : Event: ======'mode_detonation_will_start'====== Args={'player': 1, 'ball': 1, 'balls_remaining': 2, 'is_extra_ball': False}
2023-01-15 18:30:41,018 : INFO : EventManager : Event: ======'player_shot_detonation_lit_enabled'====== Args={'value': True, 'prev_value': 0, 'change': 1, 'player_num': 1}
2023-01-15 18:30:41,019 : INFO : EventManager : Event: ======'player_shot_detonation_enabled'====== Args={'value': False, 'prev_value': 0, 'change': 0, 'player_num': 1}
2023-01-15 18:30:41,020 : INFO : EventManager : Event: ======'mode_detonation_starting'====== Args={'player': 1, 'ball': 1, 'balls_remaining': 2, 'is_extra_ball': False}
2023-01-15 18:30:41,020 : INFO : EventManager : Event: ======'player_DMGValue'====== Args={'value': 120000000, 'prev_value': 10000000, 'change': 110000000, 'player_num': 1}
2023-01-15 18:30:41,020 : INFO : EventManager : Event: ======'player_JetValue'====== Args={'value': 500000, 'prev_value': 5000000, 'change': -4500000, 'player_num': 1}
2023-01-15 18:30:41,021 : INFO : EventManager : Event: ======'player_BonusX'====== Args={'value': 1, 'prev_value': 0, 'change': 1, 'player_num': 1}
2023-01-15 18:30:41,021 : INFO : EventManager : Event: ======'ball_save_main_ball_save_enabled'====== Args={}
2023-01-15 18:30:41,023 : INFO : state_machine.hc_multiball : Transitioning from lock_lit_state to lock_lit_state
2023-01-15 18:30:41,023 : INFO : EventManager : Event: ======'lock_lit_stopped'====== Args={}
2023-01-15 18:30:41,024 : INFO : EventManager : Event: ======'lock_lit_started'====== Args={}
2023-01-15 18:30:41,024 : INFO : EventManager : Event: ======'player_shot_lock_lit_1_enabled'====== Args={'value': False, 'prev_value': True, 'change': -1, 'player_num': 1}
2023-01-15 18:30:41,025 : INFO : EventManager : Event: ======'player_shot_lock_lit_2_enabled'====== Args={'value': False, 'prev_value': True, 'change': -1, 'player_num': 1}
2023-01-15 18:30:41,025 : INFO : EventManager : Event: ======'player_shot_lock_lit_1_enabled'====== Args={'value': True, 'prev_value': False, 'change': 1, 'player_num': 1}
2023-01-15 18:30:41,026 : INFO : EventManager : Event: ======'player_shot_lock_lit_2_enabled'====== Args={'value': True, 'prev_value': False, 'change': 1, 'player_num': 1}
2023-01-15 18:30:41,027 : INFO : EventManager : Event: ======'player_bonusX_progress_number'====== Args={'value': 2, 'prev_value': 0, 'change': 2, 'player_num': 1}
2023-01-15 18:30:41,027 : INFO : EventManager : Event: ======'player_bomb_progress_number'====== Args={'value': 3, 'prev_value': 0, 'change': 3, 'player_num': 1}
2023-01-15 18:30:41,028 : INFO : Mode.detonation : Started. Priority: 100
2023-01-15 18:30:41,028 : INFO : EventManager : Event: ======'modes_active_modes_changed'====== Args={}
2023-01-15 18:30:41,028 : INFO : EventManager : Event: ======'mode_detonation_started'====== Args={'player': 1, 'ball': 1, 'balls_remaining': 2, 'is_extra_ball': False}
2023-01-15 18:30:41,029 : INFO : Mode.mode_lit : Started. Priority: 100
2023-01-15 18:30:41,029 : INFO : EventManager : Event: ======'modes_active_modes_changed'====== Args={}
2023-01-15 18:30:41,029 : INFO : EventManager : Event: ======'mode_mode_lit_started'====== Args={'player': 1, 'ball': 1, 'balls_remaining': 2, 'is_extra_ball': False}
2023-01-15 18:30:41,030 : INFO : EventManager : Event: ======'achievement_mode_1_changed_state'====== Args={'restore': False, 'state': 'enabled', 'selected': False}
2023-01-15 18:30:41,030 : INFO : EventManager : Event: ======'achievement_mode_1_state_enabled'====== Args={'restore': False, 'state': 'enabled', 'selected': False}
2023-01-15 18:30:41,030 : INFO : EventManager : Event: ======'achievement_mode_2_changed_state'====== Args={'restore': False, 'state': 'enabled', 'selected': False}
2023-01-15 18:30:41,030 : INFO : EventManager : Event: ======'achievement_mode_2_state_enabled'====== Args={'restore': False, 'state': 'enabled', 'selected': False}
2023-01-15 18:30:41,031 : INFO : EventManager : Event: ======'achievement_mode_3_changed_state'====== Args={'restore': False, 'state': 'enabled', 'selected': False}
2023-01-15 18:30:41,031 : INFO : EventManager : Event: ======'achievement_mode_3_state_enabled'====== Args={'restore': False, 'state': 'enabled', 'selected': False}
2023-01-15 18:30:41,031 : INFO : EventManager : Event: ======'achievement_mode_4_changed_state'====== Args={'restore': False, 'state': 'enabled', 'selected': False}
2023-01-15 18:30:41,031 : INFO : EventManager : Event: ======'achievement_mode_4_state_enabled'====== Args={'restore': False, 'state': 'enabled', 'selected': False}
2023-01-15 18:30:41,031 : INFO : EventManager : Event: ======'achievement_mode_5_changed_state'====== Args={'restore': False, 'state': 'enabled', 'selected': False}
2023-01-15 18:30:41,032 : INFO : EventManager : Event: ======'achievement_mode_5_state_enabled'====== Args={'restore': False, 'state': 'enabled', 'selected': False}
2023-01-15 18:30:41,032 : INFO : EventManager : Event: ======'achievement_mode_6_changed_state'====== Args={'restore': False, 'state': 'enabled', 'selected': False}
2023-01-15 18:30:41,032 : INFO : EventManager : Event: ======'achievement_mode_6_state_enabled'====== Args={'restore': False, 'state': 'enabled', 'selected': False}
2023-01-15 18:30:41,032 : INFO : EventManager : Event: ======'achievement_mode_7_changed_state'====== Args={'restore': False, 'state': 'enabled', 'selected': False}
2023-01-15 18:30:41,033 : INFO : EventManager : Event: ======'achievement_mode_7_state_enabled'====== Args={'restore': False, 'state': 'enabled', 'selected': False}
2023-01-15 18:30:41,033 : INFO : EventManager : Event: ======'achievement_mode_8_changed_state'====== Args={'restore': False, 'state': 'enabled', 'selected': False}
2023-01-15 18:30:41,033 : INFO : EventManager : Event: ======'achievement_mode_8_state_enabled'====== Args={'restore': False, 'state': 'enabled', 'selected': False}
2023-01-15 18:30:41,033 : INFO : EventManager : Event: ======'achievement_mode_9_changed_state'====== Args={'restore': False, 'state': 'enabled', 'selected': False}
2023-01-15 18:30:41,034 : INFO : EventManager : Event: ======'achievement_mode_9_state_enabled'====== Args={'restore': False, 'state': 'enabled', 'selected': False}
2023-01-15 18:30:41,034 : INFO : EventManager : Event: ======'achievement_mode_10_changed_state'====== Args={'restore': False, 'state': 'enabled', 'selected': False}
2023-01-15 18:30:41,034 : INFO : EventManager : Event: ======'achievement_mode_10_state_enabled'====== Args={'restore': False, 'state': 'enabled', 'selected': False}
2023-01-15 18:30:41,035 : INFO : EventManager : Event: ======'achievement_mode_8_changed_state'====== Args={'restore': False, 'state': 'enabled', 'selected': True}
2023-01-15 18:30:41,035 : INFO : EventManager : Event: ======'achievement_mode_8_state_enabled'====== Args={'restore': False, 'state': 'enabled', 'selected': True}
2023-01-15 18:30:41,035 : INFO : EventManager : Event: ======'achievement_mode_8_state_selected'====== Args={'restore': False, 'state': 'enabled', 'selected': True}
2023-01-15 18:30:41,036 : INFO : Mode.commander_skill_manager : Started. Priority: 100
2023-01-15 18:30:41,036 : INFO : EventManager : Event: ======'modes_active_modes_changed'====== Args={}
2023-01-15 18:30:41,036 : INFO : EventManager : Event: ======'mode_commander_skill_manager_started'====== Args={'player': 1, 'ball': 1, 'balls_remaining': 2, 'is_extra_ball': False}
2023-01-15 18:30:41,037 : INFO : Mode.hc_lock_lit : Started. Priority: 100
2023-01-15 18:30:41,037 : INFO : EventManager : Event: ======'modes_active_modes_changed'====== Args={}
2023-01-15 18:30:41,037 : INFO : EventManager : Event: ======'mode_hc_lock_lit_started'====== Args={'player': 1, 'ball': 1, 'balls_remaining': 2, 'is_extra_ball': False}
2023-01-15 18:30:41,037 : INFO : Mode.drednaught : Started. Priority: 100
2023-01-15 18:30:41,037 : INFO : EventManager : Event: ======'modes_active_modes_changed'====== Args={}
2023-01-15 18:30:41,037 : INFO : EventManager : Event: ======'mode_drednaught_started'====== Args={'player': 1, 'ball': 1, 'balls_remaining': 2, 'is_extra_ball': False}
2023-01-15 18:30:41,038 : INFO : EventManager : Event: ======'player_take_dmg_score'====== Args={'value': 18000000, 'prev_value': 0, 'change': 18000000, 'player_num': 1}
2023-01-15 18:30:41,038 : INFO : EventManager : Event: ======'player_ReceivedDMGshow'====== Args={'value': 0, 'prev_value': 0, 'change': 0, 'player_num': 1}
2023-01-15 18:30:41,038 : INFO : Mode.container : Started. Priority: 100
2023-01-15 18:30:41,038 : INFO : EventManager : Event: ======'modes_active_modes_changed'====== Args={}
2023-01-15 18:30:41,039 : INFO : EventManager : Event: ======'mode_container_started'====== Args={'player': 1, 'ball': 1, 'balls_remaining': 2, 'is_extra_ball': False}
2023-01-15 18:30:41,039 : INFO : Mode.salvo_lit : Started. Priority: 100
2023-01-15 18:30:41,039 : INFO : EventManager : Event: ======'modes_active_modes_changed'====== Args={}
2023-01-15 18:30:41,040 : INFO : EventManager : Event: ======'mode_salvo_lit_started'====== Args={'player': 1, 'ball': 1, 'balls_remaining': 2, 'is_extra_ball': False}
2023-01-15 18:30:41,040 : INFO : Mode.bomb : Started. Priority: 100
2023-01-15 18:30:41,040 : INFO : EventManager : Event: ======'modes_active_modes_changed'====== Args={}
2023-01-15 18:30:41,040 : INFO : EventManager : Event: ======'mode_bomb_started'====== Args={'player': 1, 'ball': 1, 'balls_remaining': 2, 'is_extra_ball': False}
2023-01-15 18:30:41,040 : INFO : Mode.mode_timer : Started. Priority: 100
2023-01-15 18:30:41,040 : INFO : EventManager : Event: ======'modes_active_modes_changed'====== Args={}
2023-01-15 18:30:41,041 : INFO : EventManager : Event: ======'mode_mode_timer_started'====== Args={'player': 1, 'ball': 1, 'balls_remaining': 2, 'is_extra_ball': False}
2023-01-15 18:30:41,041 : INFO : Mode.skill_shot : Started. Priority: 150
2023-01-15 18:30:41,041 : INFO : EventManager : Event: ======'modes_active_modes_changed'====== Args={}
2023-01-15 18:30:41,041 : INFO : EventManager : Event: ======'mode_skill_shot_started'====== Args={'player': 1, 'ball': 1, 'balls_remaining': 2, 'is_extra_ball': False}
2023-01-15 18:30:41,042 : INFO : EventManager : Event: ======'achievement_skillshot_1_changed_state'====== Args={'restore': False, 'state': 'enabled', 'selected': True}
2023-01-15 18:30:41,042 : INFO : EventManager : Event: ======'achievement_skillshot_1_state_enabled'====== Args={'restore': False, 'state': 'enabled', 'selected': True}
2023-01-15 18:30:41,043 : INFO : EventManager : Event: ======'skillshot_1_selected'====== Args={'restore': False, 'state': 'enabled', 'selected': True}
2023-01-15 18:30:41,044 : INFO : EventManager : Event: ======'achievement_skillshot_2_changed_state'====== Args={'restore': False, 'state': 'enabled', 'selected': False}
2023-01-15 18:30:41,045 : INFO : EventManager : Event: ======'achievement_skillshot_2_state_enabled'====== Args={'restore': False, 'state': 'enabled', 'selected': False}
2023-01-15 18:30:41,045 : INFO : EventManager : Event: ======'achievement_skillshot_3_changed_state'====== Args={'restore': False, 'state': 'enabled', 'selected': False}
2023-01-15 18:30:41,045 : INFO : EventManager : Event: ======'achievement_skillshot_3_state_enabled'====== Args={'restore': False, 'state': 'enabled', 'selected': False}
2023-01-15 18:30:41,046 : INFO : EventManager : Event: ======'achievement_skillshot_4_changed_state'====== Args={'restore': False, 'state': 'enabled', 'selected': False}
2023-01-15 18:30:41,046 : INFO : EventManager : Event: ======'achievement_skillshot_4_state_enabled'====== Args={'restore': False, 'state': 'enabled', 'selected': False}
2023-01-15 18:30:41,046 : INFO : EventManager : Event: ======'achievement_skillshot_5_changed_state'====== Args={'restore': False, 'state': 'enabled', 'selected': False}
2023-01-15 18:30:41,047 : INFO : EventManager : Event: ======'achievement_skillshot_5_state_enabled'====== Args={'restore': False, 'state': 'enabled', 'selected': False}
2023-01-15 18:30:41,047 : INFO : EventManager : Event: ======'achievement_skillshot_6_changed_state'====== Args={'restore': False, 'state': 'enabled', 'selected': False}
2023-01-15 18:30:41,047 : INFO : EventManager : Event: ======'achievement_skillshot_6_state_enabled'====== Args={'restore': False, 'state': 'enabled', 'selected': False}
2023-01-15 18:30:41,047 : INFO : EventManager : Event: ======'achievement_skillshot_7_changed_state'====== Args={'restore': False, 'state': 'enabled', 'selected': False}
2023-01-15 18:30:41,048 : INFO : EventManager : Event: ======'achievement_skillshot_7_state_enabled'====== Args={'restore': False, 'state': 'enabled', 'selected': False}
2023-01-15 18:30:41,048 : INFO : EventManager : Event: ======'achievement_skillshot_8_changed_state'====== Args={'restore': False, 'state': 'enabled', 'selected': False}
2023-01-15 18:30:41,048 : INFO : EventManager : Event: ======'achievement_skillshot_8_state_enabled'====== Args={'restore': False, 'state': 'enabled', 'selected': False}
2023-01-15 18:30:41,098 : INFO : EventManager : Event: ======'logicblock_battle_counter_updated'====== Args={'value': 5, 'enabled': False}
2023-01-15 18:30:41,098 : INFO : Mode.battle_manager : Started. Priority: 100
2023-01-15 18:30:41,098 : INFO : EventManager : Event: ======'modes_active_modes_changed'====== Args={}
2023-01-15 18:30:41,098 : INFO : EventManager : Event: ======'mode_battle_manager_started'====== Args={'player': 1, 'ball': 1, 'balls_remaining': 2, 'is_extra_ball': False}
2023-01-15 18:30:41,098 : INFO : EventManager : Event: ======'player_battle_lit_score'====== Args={'value': 5, 'prev_value': 0, 'change': 5, 'player_num': 1}
2023-01-15 18:30:41,099 : INFO : EventManager : Event: ======'logicblock_battle_counter_updated'====== Args={'value': 5, 'enabled': True}
2023-01-15 18:30:41,100 : INFO : EventManager : Event: ======'single_player_ball_started'====== Args={}
2023-01-15 18:30:41,100 : INFO : EventManager : Event: ======'slide_prelaunch_slide_created'====== Args={'_from_bcp': True}
2023-01-15 18:30:41,114 : INFO : EventManager : Event: ======'slide_prelaunch_slide_active'====== Args={'_from_bcp': True}
2023-01-15 18:30:41,160 : INFO : ball_device.bd_plunger : Setting up player-controlled eject. Balls: 1, Target: <playfield.playfield>, player_controlled_eject_event: s_plunger_button_active
2023-01-15 18:30:41,161 : INFO : EventManager : Event: ======'balldevice_balls_available'====== Args={}
2023-01-15 18:30:41,161 : INFO : EventManager : Event: ======'slide_base_slide_created'====== Args={'_from_bcp': True}
2023-01-15 18:30:41,162 : INFO : ball_device.bd_trough : State: waiting_for_target_ready
2023-01-15 18:30:41,162 : INFO : EventManager : Event: ======'balldevice_bd_trough_ball_eject_attempt'====== Args={'balls': 1, 'target': <ball_device.bd_plunger>, 'source': <ball_device.bd_trough>, 'mechanical_eject': True, 'num_attempts': 0}
2023-01-15 18:30:41,163 : INFO : ball_device.bd_plunger : State: waiting_for_ball
2023-01-15 18:30:41,163 : INFO : ball_device.bd_trough : State: ejecting
2023-01-15 18:30:41,163 : INFO : ball_device.bd_trough : Ejecting ball to <ball_device.bd_plunger>
2023-01-15 18:30:41,163 : INFO : EventManager : Event: ======'balldevice_bd_trough_ejecting_ball'====== Args={'balls': 1, 'target': <ball_device.bd_plunger>, 'source': <ball_device.bd_trough>, 'mechanical_eject': True, 'num_attempts': 0}
2023-01-15 18:30:41,164 : INFO : ball_device.bd_trough : Wait for ball to leave device
2023-01-15 18:30:41,164 : INFO : coil.c_trough_eject : Pulsing Driver for 20ms (1.0 pulse_power)
2023-01-15 18:30:41,164 : INFO : SwitchController : <<<<<<< 's_trough1' inactive >>>>>>>
2023-01-15 18:30:41,178 : INFO : ball_device.bd_trough : State: ball_left
2023-01-15 18:30:41,178 : INFO : ball_device.bd_trough : Ball left
2023-01-15 18:30:41,178 : INFO : ball_device.bd_trough : Wait for confirm with timeout 10.0
2023-01-15 18:30:41,274 : INFO : SwitchController : <<<<<<< 's_plunger' active >>>>>>>
2023-01-15 18:30:41,274 : INFO : EventManager : Event: ======'machine_var_audits_switches_s_plunger'====== Args={'value': 4065, 'prev_value': 4064, 'change': 1}
2023-01-15 18:30:41,595 : INFO : ball_device.bd_plunger : Received ball from <ball_device.bd_trough>
2023-01-15 18:30:41,595 : INFO : EventManager : Event: ======'balldevice_bd_plunger_ball_enter'====== Args={'new_balls': 1, 'unclaimed_balls': 0, 'new_available_balls': 0, 'device': <ball_device.bd_plunger>}
2023-01-15 18:30:41,596 : INFO : EventManager : Event: ======'balldevice_bd_plunger_ball_entered'====== Args={'new_balls': 0, 'device': <ball_device.bd_plunger>}
2023-01-15 18:30:41,596 : INFO : EventManager : Event: ======'balldevice_bd_plunger_ball_count_changed'====== Args={'balls': 1}
2023-01-15 18:30:41,596 : INFO : ball_device.bd_trough : Got eject confirm
2023-01-15 18:30:41,596 : INFO : ball_device.bd_trough : Eject successful
2023-01-15 18:30:41,596 : INFO : EventManager : Event: ======'balldevice_bd_trough_ball_eject_success'====== Args={'balls': 1, 'target': <ball_device.bd_plunger>}
2023-01-15 18:30:41,597 : INFO : EventManager : Event: ======'balldevice_bd_trough_ball_count_changed'====== Args={'balls': 4}
2023-01-15 18:30:41,597 : INFO : ball_device.bd_trough : State: idle
2023-01-15 18:30:41,597 : INFO : ball_device.bd_plunger : State: waiting_for_target_ready
2023-01-15 18:30:41,598 : INFO : EventManager : Event: ======'balldevice_bd_plunger_ball_eject_attempt'====== Args={'balls': 1, 'target': <playfield.playfield>, 'source': <ball_device.bd_plunger>, 'mechanical_eject': True, 'num_attempts': 0}
2023-01-15 18:30:41,598 : INFO : ball_device.bd_plunger : State: ejecting
2023-01-15 18:30:41,598 : INFO : ball_device.bd_plunger : Ejecting ball to <playfield.playfield>
2023-01-15 18:30:41,598 : INFO : EventManager : Event: ======'balldevice_bd_plunger_ejecting_ball'====== Args={'balls': 1, 'target': <playfield.playfield>, 'source': <ball_device.bd_plunger>, 'mechanical_eject': True, 'num_attempts': 0}
2023-01-15 18:30:41,599 : INFO : ball_device.bd_plunger : Wait for ball to leave device
2023-01-15 18:30:45,100 : INFO : SwitchController : <<<<<<< 's_right_flipper' active >>>>>>>
2023-01-15 18:30:45,100 : INFO : EventManager : Event: ======'s_right_flipper_active'====== Args={}
2023-01-15 18:30:45,101 : INFO : EventManager : Event: ======'machine_var_audits_switches_s_right_flipper'====== Args={'value': 4179, 'prev_value': 4178, 'change': 1}
2023-01-15 18:30:45,125 : INFO : EventManager : Event: ======'achievement_skillshot_1_changed_state'====== Args={'restore': False, 'state': 'enabled', 'selected': False}
2023-01-15 18:30:45,125 : INFO : EventManager : Event: ======'achievement_skillshot_1_state_enabled'====== Args={'restore': False, 'state': 'enabled', 'selected': False}
2023-01-15 18:30:45,126 : INFO : EventManager : Event: ======'achievement_skillshot_2_changed_state'====== Args={'restore': False, 'state': 'enabled', 'selected': True}
2023-01-15 18:30:45,126 : INFO : EventManager : Event: ======'achievement_skillshot_2_state_enabled'====== Args={'restore': False, 'state': 'enabled', 'selected': True}
2023-01-15 18:30:45,127 : INFO : EventManager : Event: ======'skillshot_2_selected'====== Args={'restore': False, 'state': 'enabled', 'selected': True}
2023-01-15 18:30:45,127 : INFO : EventManager : Event: ======'achievement_mode_8_changed_state'====== Args={'restore': False, 'state': 'enabled', 'selected': False}
2023-01-15 18:30:45,127 : INFO : EventManager : Event: ======'achievement_mode_8_state_enabled'====== Args={'restore': False, 'state': 'enabled', 'selected': False}
2023-01-15 18:30:45,128 : INFO : EventManager : Event: ======'achievement_mode_9_changed_state'====== Args={'restore': False, 'state': 'enabled', 'selected': True}
2023-01-15 18:30:45,128 : INFO : EventManager : Event: ======'achievement_mode_9_state_enabled'====== Args={'restore': False, 'state': 'enabled', 'selected': True}
2023-01-15 18:30:45,128 : INFO : EventManager : Event: ======'achievement_mode_9_state_selected'====== Args={'restore': False, 'state': 'enabled', 'selected': True}
2023-01-15 18:30:45,129 : INFO : state_machine.mode_memory_state_machine : Transitioning from left to right
2023-01-15 18:30:48,119 : INFO : EventManager : Event: ======'flipper_cradle'====== Args={}
2023-01-15 18:31:35,768 : INFO : SwitchController : <<<<<<< 's_left_flipper' active >>>>>>>
2023-01-15 18:31:35,769 : INFO : EventManager : Event: ======'s_left_flipper_active'====== Args={}
2023-01-15 18:31:35,769 : INFO : EventManager : Event: ======'machine_var_audits_switches_s_left_flipper'====== Args={'value': 1434, 'prev_value': 1433, 'change': 1}
2023-01-15 18:31:35,779 : INFO : EventManager : Event: ======'achievement_skillshot_2_changed_state'====== Args={'restore': False, 'state': 'enabled', 'selected': False}
2023-01-15 18:31:35,779 : INFO : EventManager : Event: ======'achievement_skillshot_2_state_enabled'====== Args={'restore': False, 'state': 'enabled', 'selected': False}
2023-01-15 18:31:35,780 : INFO : EventManager : Event: ======'achievement_skillshot_3_changed_state'====== Args={'restore': False, 'state': 'enabled', 'selected': True}
2023-01-15 18:31:35,780 : INFO : EventManager : Event: ======'achievement_skillshot_3_state_enabled'====== Args={'restore': False, 'state': 'enabled', 'selected': True}
2023-01-15 18:31:35,780 : INFO : EventManager : Event: ======'skillshot_3_selected'====== Args={'restore': False, 'state': 'enabled', 'selected': True}
2023-01-15 18:31:35,781 : INFO : EventManager : Event: ======'achievement_mode_9_changed_state'====== Args={'restore': False, 'state': 'enabled', 'selected': False}
2023-01-15 18:31:35,781 : INFO : EventManager : Event: ======'achievement_mode_9_state_enabled'====== Args={'restore': False, 'state': 'enabled', 'selected': False}
2023-01-15 18:31:35,782 : INFO : EventManager : Event: ======'achievement_mode_8_changed_state'====== Args={'restore': False, 'state': 'enabled', 'selected': True}
2023-01-15 18:31:35,782 : INFO : EventManager : Event: ======'achievement_mode_8_state_enabled'====== Args={'restore': False, 'state': 'enabled', 'selected': True}
2023-01-15 18:31:35,783 : INFO : EventManager : Event: ======'achievement_mode_8_state_selected'====== Args={'restore': False, 'state': 'enabled', 'selected': True}
2023-01-15 18:31:35,783 : INFO : state_machine.mode_memory_state_machine : Transitioning from right to left
2023-01-15 18:31:35,860 : INFO : EventManager : Event: ======'both_flippers'====== Args={'triggering_group': 1, 'triggering_switch': 's_left_flipper'}
2023-01-15 18:31:35,861 : INFO : SwitchController : <<<<<<< 's_left_flipper' inactive >>>>>>>
2023-01-15 18:31:35,861 : INFO : EventManager : Event: ======'both_flippers_one'====== Args={'triggering_group': 1, 'triggering_switch': 's_left_flipper'}
2023-01-15 18:31:53,802 : INFO : SwitchController : <<<<<<< 's_start' active >>>>>>>
2023-01-15 18:31:53,802 : INFO : EventManager : Event: ======'sw_start'====== Args={}
2023-01-15 18:31:53,802 : INFO : EventManager : Event: ======'machine_var_audits_switches_s_start'====== Args={'value': 141, 'prev_value': 140, 'change': 1}
2023-01-15 18:31:53,824 : INFO : EventManager : Event: ======'player_add_request'====== Args={}
2023-01-15 18:31:53,826 : INFO : EventManager : Event: ======'player_will_add'====== Args={'number': 2}
2023-01-15 18:31:53,829 : INFO : EventManager : Event: ======'player_adding'====== Args={'player': <Player 2>, 'number': 2}
2023-01-15 18:31:53,829 : INFO : EventManager : Event: ======'player_added'====== Args={'player': <Player 2>, 'num': 2}
2023-01-15 18:31:53,830 : INFO : Mode.game : Player added successfully. Total players: 2
2023-01-15 18:31:53,830 : INFO : EventManager : Event: ======'multiplayer_game'====== Args={}
2023-01-15 18:31:53,830 : INFO : EventManager : Event: ======'player_index'====== Args={'value': 1, 'prev_value': 1, 'change': 0, 'player_num': 2}
2023-01-15 18:31:53,831 : INFO : EventManager : Event: ======'player_number'====== Args={'value': 2, 'prev_value': 2, 'change': 0, 'player_num': 2}
2023-01-15 18:31:53,831 : INFO : EventManager : Event: ======'player_ReceivedDMG'====== Args={'value': 0, 'prev_value': 0, 'change': 0, 'player_num': 2}
2023-01-15 18:31:53,831 : INFO : EventManager : Event: ======'player_DMGValue'====== Args={'value': 10000000, 'prev_value': 10000000, 'change': 0, 'player_num': 2}
2023-01-15 18:31:53,832 : INFO : EventManager : Event: ======'player_JetValue'====== Args={'value': 5000000, 'prev_value': 5000000, 'change': 0, 'player_num': 2}
2023-01-15 18:31:53,832 : INFO : EventManager : Event: ======'player_BonusX'====== Args={'value': 0, 'prev_value': 0, 'change': 0, 'player_num': 2}
2023-01-15 18:31:53,832 : INFO : EventManager : Event: ======'player_m1shotmade'====== Args={'value': 0, 'prev_value': 0, 'change': 0, 'player_num': 2}
2023-01-15 18:31:53,832 : INFO : EventManager : Event: ======'player_m2shotmade'====== Args={'value': 0, 'prev_value': 0, 'change': 0, 'player_num': 2}
2023-01-15 18:31:53,833 : INFO : EventManager : Event: ======'player_m3shotmade'====== Args={'value': 0, 'prev_value': 0, 'change': 0, 'player_num': 2}
2023-01-15 18:31:53,833 : INFO : EventManager : Event: ======'player_m4shotmade'====== Args={'value': 0, 'prev_value': 0, 'change': 0, 'player_num': 2}
2023-01-15 18:31:53,833 : INFO : EventManager : Event: ======'player_m5shotmade'====== Args={'value': 0, 'prev_value': 0, 'change': 0, 'player_num': 2}
2023-01-15 18:31:53,833 : INFO : EventManager : Event: ======'player_m6shotmade'====== Args={'value': 0, 'prev_value': 0, 'change': 0, 'player_num': 2}
2023-01-15 18:31:53,834 : INFO : EventManager : Event: ======'player_m7shotmade'====== Args={'value': 0, 'prev_value': 0, 'change': 0, 'player_num': 2}
2023-01-15 18:31:53,834 : INFO : EventManager : Event: ======'player_m8shotmade'====== Args={'value': 0, 'prev_value': 0, 'change': 0, 'player_num': 2}
2023-01-15 18:31:53,834 : INFO : EventManager : Event: ======'player_m9shotmade'====== Args={'value': 0, 'prev_value': 0, 'change': 0, 'player_num': 2}
2023-01-15 18:31:53,834 : INFO : EventManager : Event: ======'player_m1_active'====== Args={'value': 0, 'prev_value': 0, 'change': 0, 'player_num': 2}
2023-01-15 18:31:53,835 : INFO : EventManager : Event: ======'player_m2_active'====== Args={'value': 0, 'prev_value': 0, 'change': 0, 'player_num': 2}
2023-01-15 18:31:53,835 : INFO : EventManager : Event: ======'player_m3_active'====== Args={'value': 0, 'prev_value': 0, 'change': 0, 'player_num': 2}
2023-01-15 18:31:53,835 : INFO : EventManager : Event: ======'player_m4_active'====== Args={'value': 0, 'prev_value': 0, 'change': 0, 'player_num': 2}
2023-01-15 18:31:53,835 : INFO : EventManager : Event: ======'player_m5_active'====== Args={'value': 0, 'prev_value': 0, 'change': 0, 'player_num': 2}
2023-01-15 18:31:53,835 : INFO : EventManager : Event: ======'player_m6_active'====== Args={'value': 0, 'prev_value': 0, 'change': 0, 'player_num': 2}
2023-01-15 18:31:53,836 : INFO : EventManager : Event: ======'player_m7_active'====== Args={'value': 0, 'prev_value': 0, 'change': 0, 'player_num': 2}
2023-01-15 18:31:53,836 : INFO : EventManager : Event: ======'player_m8_active'====== Args={'value': 0, 'prev_value': 0, 'change': 0, 'player_num': 2}
2023-01-15 18:31:53,836 : INFO : EventManager : Event: ======'player_m9_active'====== Args={'value': 0, 'prev_value': 0, 'change': 0, 'player_num': 2}
2023-01-15 18:31:53,836 : INFO : EventManager : Event: ======'player_m1shotremaining'====== Args={'value': 4, 'prev_value': 4, 'change': 0, 'player_num': 2}
2023-01-15 18:31:53,837 : INFO : EventManager : Event: ======'player_m2shotremaining'====== Args={'value': 20, 'prev_value': 20, 'change': 0, 'player_num': 2}
2023-01-15 18:31:53,837 : INFO : EventManager : Event: ======'player_m3shotremaining'====== Args={'value': 4, 'prev_value': 4, 'change': 0, 'player_num': 2}
2023-01-15 18:31:53,837 : INFO : EventManager : Event: ======'player_m4shotremaining'====== Args={'value': 4, 'prev_value': 4, 'change': 0, 'player_num': 2}
2023-01-15 18:31:53,837 : INFO : EventManager : Event: ======'player_m5shotremaining'====== Args={'value': 4, 'prev_value': 4, 'change': 0, 'player_num': 2}
2023-01-15 18:31:53,838 : INFO : EventManager : Event: ======'player_m6shotremaining'====== Args={'value': 4, 'prev_value': 4, 'change': 0, 'player_num': 2}
2023-01-15 18:31:53,838 : INFO : EventManager : Event: ======'player_m7shotremaining'====== Args={'value': 4, 'prev_value': 4, 'change': 0, 'player_num': 2}
2023-01-15 18:31:53,838 : INFO : EventManager : Event: ======'player_m8shotremaining'====== Args={'value': 4, 'prev_value': 4, 'change': 0, 'player_num': 2}
2023-01-15 18:31:53,838 : INFO : EventManager : Event: ======'player_m9shotremaining'====== Args={'value': 4, 'prev_value': 4, 'change': 0, 'player_num': 2}
2023-01-15 18:31:53,839 : INFO : EventManager : Event: ======'player_m1entrynumber_m'====== Args={'value': 1, 'prev_value': 1, 'change': 0, 'player_num': 2}
2023-01-15 18:31:53,839 : INFO : EventManager : Event: ======'player_m2entrynumber_m'====== Args={'value': 1, 'prev_value': 1, 'change': 0, 'player_num': 2}
2023-01-15 18:31:53,839 : INFO : EventManager : Event: ======'player_m3entrynumber_m'====== Args={'value': 1, 'prev_value': 1, 'change': 0, 'player_num': 2}
2023-01-15 18:31:53,840 : INFO : EventManager : Event: ======'player_m4entrynumber_m'====== Args={'value': 1, 'prev_value': 1, 'change': 0, 'player_num': 2}
2023-01-15 18:31:53,840 : INFO : EventManager : Event: ======'player_m5entrynumber_m'====== Args={'value': 1, 'prev_value': 1, 'change': 0, 'player_num': 2}
2023-01-15 18:31:53,840 : INFO : EventManager : Event: ======'player_m6entrynumber_m'====== Args={'value': 1, 'prev_value': 1, 'change': 0, 'player_num': 2}
2023-01-15 18:31:53,840 : INFO : EventManager : Event: ======'player_m7entrynumber_m'====== Args={'value': 1, 'prev_value': 1, 'change': 0, 'player_num': 2}
2023-01-15 18:31:53,841 : INFO : EventManager : Event: ======'player_m8entrynumber_m'====== Args={'value': 1, 'prev_value': 1, 'change': 0, 'player_num': 2}
2023-01-15 18:31:53,841 : INFO : EventManager : Event: ======'player_m9entrynumber_m'====== Args={'value': 1, 'prev_value': 1, 'change': 0, 'player_num': 2}
2023-01-15 18:31:53,841 : INFO : EventManager : Event: ======'player_m1entrynumber'====== Args={'value': 0, 'prev_value': 0, 'change': 0, 'player_num': 2}
2023-01-15 18:31:53,841 : INFO : EventManager : Event: ======'player_m2entrynumber'====== Args={'value': 0, 'prev_value': 0, 'change': 0, 'player_num': 2}
2023-01-15 18:31:53,842 : INFO : EventManager : Event: ======'player_m3entrynumber'====== Args={'value': 0, 'prev_value': 0, 'change': 0, 'player_num': 2}
2023-01-15 18:31:53,842 : INFO : EventManager : Event: ======'player_m4entrynumber'====== Args={'value': 0, 'prev_value': 0, 'change': 0, 'player_num': 2}
2023-01-15 18:31:53,842 : INFO : EventManager : Event: ======'player_m5entrynumber'====== Args={'value': 0, 'prev_value': 0, 'change': 0, 'player_num': 2}
2023-01-15 18:31:53,842 : INFO : EventManager : Event: ======'player_m6entrynumber'====== Args={'value': 0, 'prev_value': 0, 'change': 0, 'player_num': 2}
2023-01-15 18:31:53,843 : INFO : EventManager : Event: ======'player_m7entrynumber'====== Args={'value': 0, 'prev_value': 0, 'change': 0, 'player_num': 2}
2023-01-15 18:31:53,843 : INFO : EventManager : Event: ======'player_m8entrynumber'====== Args={'value': 0, 'prev_value': 0, 'change': 0, 'player_num': 2}
2023-01-15 18:31:53,843 : INFO : EventManager : Event: ======'player_m9entrynumber'====== Args={'value': 0, 'prev_value': 0, 'change': 0, 'player_num': 2}
2023-01-15 18:31:53,843 : INFO : EventManager : Event: ======'player_m10_finished'====== Args={'value': 0, 'prev_value': 0, 'change': 0, 'player_num': 2}
2023-01-15 18:31:53,844 : INFO : EventManager : Event: ======'player_mode_shot_enabled'====== Args={'value': 0, 'prev_value': 0, 'change': 0, 'player_num': 2}
2023-01-15 18:31:53,844 : INFO : EventManager : Event: ======'player_mode_shot_made'====== Args={'value': 0, 'prev_value': 0, 'change': 0, 'player_num': 2}
2023-01-15 18:31:53,844 : INFO : EventManager : Event: ======'player_completed_modes'====== Args={'value': 0, 'prev_value': 0, 'change': 0, 'player_num': 2}
2023-01-15 18:31:53,844 : INFO : EventManager : Event: ======'player_dmg_con_last_jackpot'====== Args={'value': 10000000, 'prev_value': 10000000, 'change': 0, 'player_num': 2}
2023-01-15 18:31:53,845 : INFO : EventManager : Event: ======'player_aa_fire_timer_active'====== Args={'value': 0, 'prev_value': 0, 'change': 0, 'player_num': 2}
2023-01-15 18:31:53,845 : INFO : EventManager : Event: ======'player_lock_lit_1_state'====== Args={'value': 0, 'prev_value': 0, 'change': 0, 'player_num': 2}
2023-01-15 18:31:53,845 : INFO : EventManager : Event: ======'player_lock_lit_2_state'====== Args={'value': 0, 'prev_value': 0, 'change': 0, 'player_num': 2}
2023-01-15 18:31:53,845 : INFO : EventManager : Event: ======'player_freeze_started'====== Args={'value': 0, 'prev_value': 0, 'change': 0, 'player_num': 2}
2023-01-15 18:31:53,846 : INFO : EventManager : Event: ======'player_timer_height'====== Args={'value': 0.0, 'prev_value': 0.0, 'change': 0, 'player_num': 2}
2023-01-15 18:31:53,846 : INFO : EventManager : Event: ======'player_citadel_number'====== Args={'value': 0, 'prev_value': 0, 'change': 0, 'player_num': 2}
2023-01-15 18:31:53,846 : INFO : EventManager : Event: ======'player_torpedo_number'====== Args={'value': 0, 'prev_value': 0, 'change': 0, 'player_num': 2}
2023-01-15 18:31:53,846 : INFO : EventManager : Event: ======'player_citadel_load_number'====== Args={'value': 3, 'prev_value': 3, 'change': 0, 'player_num': 2}
2023-01-15 18:31:53,847 : INFO : EventManager : Event: ======'player_torpedo_load_number'====== Args={'value': 3, 'prev_value': 3, 'change': 0, 'player_num': 2}
2023-01-15 18:31:53,847 : INFO : EventManager : Event: ======'player_citadel_ready'====== Args={'value': 0, 'prev_value': 0, 'change': 0, 'player_num': 2}
2023-01-15 18:31:53,847 : INFO : EventManager : Event: ======'player_torpedo_ready'====== Args={'value': 0, 'prev_value': 0, 'change': 0, 'player_num': 2}
2023-01-15 18:31:53,847 : INFO : EventManager : Event: ======'player_torpedo_dmg'====== Args={'value': 10.0, 'prev_value': 10.0, 'change': 0, 'player_num': 2}
2023-01-15 18:31:53,848 : INFO : EventManager : Event: ======'player_citadel_dmg'====== Args={'value': 10.0, 'prev_value': 10.0, 'change': 0, 'player_num': 2}
2023-01-15 18:31:53,848 : INFO : EventManager : Event: ======'player_fire_dmg'====== Args={'value': 10.0, 'prev_value': 10.0, 'change': 0, 'player_num': 2}
2023-01-15 18:31:53,848 : INFO : EventManager : Event: ======'player_penetration_dmg'====== Args={'value': 10.0, 'prev_value': 10.0, 'change': 0, 'player_num': 2}
2023-01-15 18:31:53,848 : INFO : EventManager : Event: ======'player_modeshotremaining'====== Args={'value': -1, 'prev_value': -1, 'change': 0, 'player_num': 2}
2023-01-15 18:31:53,849 : INFO : EventManager : Event: ======'player_super_lock'====== Args={'value': 0, 'prev_value': 0, 'change': 0, 'player_num': 2}
2023-01-15 18:31:53,849 : INFO : EventManager : Event: ======'player_container_lit'====== Args={'value': 0, 'prev_value': 0, 'change': 0, 'player_num': 2}
2023-01-15 18:31:53,849 : INFO : EventManager : Event: ======'player_addaball_lit'====== Args={'value': 0, 'prev_value': 0, 'change': 0, 'player_num': 2}
2023-01-15 18:31:53,849 : INFO : EventManager : Event: ======'player_more_time_lit'====== Args={'value': 0, 'prev_value': 0, 'change': 0, 'player_num': 2}
2023-01-15 18:31:53,850 : INFO : EventManager : Event: ======'player_ship'====== Args={'value': 'None', 'prev_value': 'None', 'change': False, 'player_num': 2}
2023-01-15 18:31:53,850 : INFO : EventManager : Event: ======'player_language'====== Args={'value': 'None', 'prev_value': 'None', 'change': False, 'player_num': 2}
2023-01-15 18:31:53,850 : INFO : EventManager : Event: ======'player_battle_bumper'====== Args={'value': 'fire', 'prev_value': 'fire', 'change': False, 'player_num': 2}
2023-01-15 18:31:53,850 : INFO : EventManager : Event: ======'player_fire_1_active'====== Args={'value': 0, 'prev_value': 0, 'change': 0, 'player_num': 2}
2023-01-15 18:31:53,851 : INFO : EventManager : Event: ======'player_fire_2_active'====== Args={'value': 0, 'prev_value': 0, 'change': 0, 'player_num': 2}
2023-01-15 18:31:53,851 : INFO : EventManager : Event: ======'player_fire_3_active'====== Args={'value': 0, 'prev_value': 0, 'change': 0, 'player_num': 2}
2023-01-15 18:31:53,851 : INFO : EventManager : Event: ======'player_m1_shot_need'====== Args={'value': 0, 'prev_value': 0, 'change': 0, 'player_num': 2}
2023-01-15 18:31:53,851 : INFO : EventManager : Event: ======'player_m2_shot_need'====== Args={'value': 0, 'prev_value': 0, 'change': 0, 'player_num': 2}
2023-01-15 18:31:53,852 : INFO : EventManager : Event: ======'player_m3_shot_need'====== Args={'value': 0, 'prev_value': 0, 'change': 0, 'player_num': 2}
2023-01-15 18:31:53,852 : INFO : EventManager : Event: ======'player_m4_shot_need'====== Args={'value': 0, 'prev_value': 0, 'change': 0, 'player_num': 2}
2023-01-15 18:31:53,852 : INFO : EventManager : Event: ======'player_m5_shot_need'====== Args={'value': 0, 'prev_value': 0, 'change': 0, 'player_num': 2}
2023-01-15 18:31:53,852 : INFO : EventManager : Event: ======'player_m6_shot_need'====== Args={'value': 0, 'prev_value': 0, 'change': 0, 'player_num': 2}
2023-01-15 18:31:53,853 : INFO : EventManager : Event: ======'player_m7_shot_need'====== Args={'value': 0, 'prev_value': 0, 'change': 0, 'player_num': 2}
2023-01-15 18:31:53,853 : INFO : EventManager : Event: ======'player_m8_shot_need'====== Args={'value': 0, 'prev_value': 0, 'change': 0, 'player_num': 2}
2023-01-15 18:31:53,853 : INFO : EventManager : Event: ======'player_m9_shot_need'====== Args={'value': 0, 'prev_value': 0, 'change': 0, 'player_num': 2}
2023-01-15 18:31:53,853 : INFO : EventManager : Event: ======'player_m10_shot_need'====== Args={'value': 0, 'prev_value': 0, 'change': 0, 'player_num': 2}
2023-01-15 18:31:53,854 : INFO : EventManager : Event: ======'player_m9_phase_1_active'====== Args={'value': 0, 'prev_value': 0, 'change': 0, 'player_num': 2}
2023-01-15 18:31:53,854 : INFO : EventManager : Event: ======'player_m9_phase_2_active'====== Args={'value': 0, 'prev_value': 0, 'change': 0, 'player_num': 2}
2023-01-15 18:31:53,854 : INFO : EventManager : Event: ======'player_bomb_number'====== Args={'value': 0, 'prev_value': 0, 'change': 0, 'player_num': 2}
2023-01-15 18:31:53,855 : INFO : EventManager : Event: ======'player_t_1_1_commander'====== Args={'value': 0, 'prev_value': 0, 'change': 0, 'player_num': 2}
2023-01-15 18:31:53,855 : INFO : EventManager : Event: ======'player_t_1_2_commander'====== Args={'value': 0, 'prev_value': 0, 'change': 0, 'player_num': 2}
2023-01-15 18:31:53,855 : INFO : EventManager : Event: ======'player_t_1_3_commander'====== Args={'value': 0, 'prev_value': 0, 'change': 0, 'player_num': 2}
2023-01-15 18:31:53,855 : INFO : EventManager : Event: ======'player_t_1_4_commander'====== Args={'value': 0, 'prev_value': 0, 'change': 0, 'player_num': 2}
2023-01-15 18:31:53,856 : INFO : EventManager : Event: ======'player_t_2_1_commander'====== Args={'value': 0, 'prev_value': 0, 'change': 0, 'player_num': 2}
2023-01-15 18:31:53,856 : INFO : EventManager : Event: ======'player_t_2_2_commander'====== Args={'value': 0, 'prev_value': 0, 'change': 0, 'player_num': 2}
2023-01-15 18:31:53,856 : INFO : EventManager : Event: ======'player_t_2_3_commander'====== Args={'value': 0, 'prev_value': 0, 'change': 0, 'player_num': 2}
2023-01-15 18:31:53,856 : INFO : EventManager : Event: ======'player_t_2_4_commander'====== Args={'value': 0, 'prev_value': 0, 'change': 0, 'player_num': 2}
2023-01-15 18:31:53,857 : INFO : EventManager : Event: ======'player_t_3_1_commander'====== Args={'value': 0, 'prev_value': 0, 'change': 0, 'player_num': 2}
2023-01-15 18:31:53,857 : INFO : EventManager : Event: ======'player_t_3_2_commander'====== Args={'value': 0, 'prev_value': 0, 'change': 0, 'player_num': 2}
2023-01-15 18:31:53,857 : INFO : EventManager : Event: ======'player_t_3_3_commander'====== Args={'value': 0, 'prev_value': 0, 'change': 0, 'player_num': 2}
2023-01-15 18:31:53,857 : INFO : EventManager : Event: ======'player_t_3_4_commander'====== Args={'value': 0, 'prev_value': 0, 'change': 0, 'player_num': 2}
2023-01-15 18:31:53,858 : INFO : EventManager : Event: ======'player_t_4_1_commander'====== Args={'value': 0, 'prev_value': 0, 'change': 0, 'player_num': 2}
2023-01-15 18:31:53,858 : INFO : EventManager : Event: ======'player_t_4_2_commander'====== Args={'value': 0, 'prev_value': 0, 'change': 0, 'player_num': 2}
2023-01-15 18:31:53,858 : INFO : EventManager : Event: ======'player_t_4_3_commander'====== Args={'value': 0, 'prev_value': 0, 'change': 0, 'player_num': 2}
2023-01-15 18:31:53,858 : INFO : EventManager : Event: ======'player_t_4_4_commander'====== Args={'value': 0, 'prev_value': 0, 'change': 0, 'player_num': 2}
2023-01-15 18:31:53,859 : INFO : EventManager : Event: ======'player_current_commander'====== Args={'value': 1, 'prev_value': 1, 'change': 0, 'player_num': 2}
2023-01-15 18:31:53,859 : INFO : EventManager : Event: ======'player_current_skill_points'====== Args={'value': 0, 'prev_value': 0, 'change': 0, 'player_num': 2}
2023-01-15 18:31:53,859 : INFO : EventManager : Event: ======'player_current_skill_level'====== Args={'value': 0, 'prev_value': 0, 'change': 0, 'player_num': 2}
2023-01-15 18:31:53,860 : INFO : EventManager : Event: ======'player_skill_lit'====== Args={'value': 0, 'prev_value': 0, 'change': 0, 'player_num': 2}
2023-01-15 18:31:53,860 : INFO : EventManager : Event: ======'player_bomb_1_active'====== Args={'value': 0, 'prev_value': 0, 'change': 0, 'player_num': 2}
2023-01-15 18:31:53,860 : INFO : EventManager : Event: ======'player_bomb_2_active'====== Args={'value': 0, 'prev_value': 0, 'change': 0, 'player_num': 2}
2023-01-15 18:31:53,860 : INFO : EventManager : Event: ======'player_bomb_3_active'====== Args={'value': 0, 'prev_value': 0, 'change': 0, 'player_num': 2}
2023-01-15 18:31:53,861 : INFO : EventManager : Event: ======'player_bomb_4_active'====== Args={'value': 0, 'prev_value': 0, 'change': 0, 'player_num': 2}
2023-01-15 18:31:53,861 : INFO : EventManager : Event: ======'player_bomb_5_active'====== Args={'value': 0, 'prev_value': 0, 'change': 0, 'player_num': 2}
2023-01-15 18:31:53,861 : INFO : EventManager : Event: ======'player_bomb_6_active'====== Args={'value': 0, 'prev_value': 0, 'change': 0, 'player_num': 2}
2023-01-15 18:31:53,861 : INFO : EventManager : Event: ======'player_bomb_7_active'====== Args={'value': 0, 'prev_value': 0, 'change': 0, 'player_num': 2}
2023-01-15 18:31:53,862 : INFO : EventManager : Event: ======'player_bomb_8_active'====== Args={'value': 0, 'prev_value': 0, 'change': 0, 'player_num': 2}
2023-01-15 18:31:53,862 : INFO : EventManager : Event: ======'player_bomb_9_active'====== Args={'value': 0, 'prev_value': 0, 'change': 0, 'player_num': 2}
2023-01-15 18:31:53,862 : INFO : EventManager : Event: ======'player_bomb_10_active'====== Args={'value': 0, 'prev_value': 0, 'change': 0, 'player_num': 2}
2023-01-15 18:31:53,862 : INFO : EventManager : Event: ======'player_bomb_11_active'====== Args={'value': 0, 'prev_value': 0, 'change': 0, 'player_num': 2}
2023-01-15 18:31:53,863 : INFO : EventManager : Event: ======'player_bomb_animation_queue'====== Args={'value': 0, 'prev_value': 0, 'change': 0, 'player_num': 2}
2023-01-15 18:31:53,863 : INFO : EventManager : Event: ======'player_bomb_animation_in_progress'====== Args={'value': 0, 'prev_value': 0, 'change': 0, 'player_num': 2}
2023-01-15 18:31:53,863 : INFO : EventManager : Event: ======'player_bomb_animation_completed'====== Args={'value': 0, 'prev_value': 0, 'change': 0, 'player_num': 2}
2023-01-15 18:31:53,864 : INFO : EventManager : Event: ======'player_bomb_animation_no_more'====== Args={'value': 0, 'prev_value': 0, 'change': 0, 'player_num': 2}
2023-01-15 18:31:53,864 : INFO : EventManager : Event: ======'player_aircraft_carrier_in_engage'====== Args={'value': 0, 'prev_value': 0, 'change': 0, 'player_num': 2}
2023-01-15 18:31:53,864 : INFO : EventManager : Event: ======'player_aircraft_carrier_torpedo_dropped'====== Args={'value': 0, 'prev_value': 0, 'change': 0, 'player_num': 2}
2023-01-15 18:31:53,864 : INFO : EventManager : Event: ======'player_spinner_value'====== Args={'value': 0, 'prev_value': 0, 'change': 0, 'player_num': 2}
2023-01-15 18:31:53,865 : INFO : EventManager : Event: ======'player_score'====== Args={'value': 0, 'prev_value': 0, 'change': 0, 'player_num': 2}
2023-01-15 18:31:53,866 : INFO : EventManager : Event: ======'check_bomb'====== Args={'priority': 0}
2023-01-15 18:31:53,866 : INFO : EventManager : Event: ======'check_bomb_2'====== Args={'priority': 0}
2023-01-15 18:31:53,881 : INFO : EventManager : Event: ======'slide_base_slide_removed'====== Args={'_from_bcp': True}
2023-01-15 18:31:53,881 : INFO : EventManager : Event: ======'slide_multiplayer_slide_created'====== Args={'_from_bcp': True}
2023-01-15 18:31:53,935 : INFO : SwitchController : <<<<<<< 's_start' inactive >>>>>>>
2023-01-15 18:31:54,895 : INFO : EventManager : Event: ======'end_advance_bomb_animation_slide'====== Args={'priority': 0}
2023-01-15 18:31:54,896 : INFO : EventManager : Event: ======'set_bomb_animation_counter_3'====== Args={'priority': 0}
2023-01-15 18:31:59,465 : INFO : Machine : Shutting down...
2023-01-15 18:31:59,465 : INFO : EventManager : Event: ======'shutdown'====== Args={}
2023-01-15 18:31:59,468 : INFO : root : MPF run loop ended.
