2024-09-05 18:44:36,079 : INFO : root : Loading config.
2024-09-05 18:44:36,091 : INFO : YamlMultifileConfigLoader : Machine config file #1: config.yaml
2024-09-05 18:44:36,091 : INFO : ConfigProcessor : Loading config from cache: C:\Users\dell\AppData\Local\Temp\823390186140f561069e51d67517f5d0.mpf_cache
2024-09-05 18:44:36,173 : INFO : ConfigProcessor : Loading config from cache: C:\Users\dell\AppData\Local\Temp\59a64183768b31a5bf2b8a1c5fa05afc.mpf_cache
2024-09-05 18:44:36,173 : INFO : ConfigProcessor : Loading config from cache: C:\Users\dell\AppData\Local\Temp\e4aaedaa0a5d6d283bdf8896bd678b71.mpf_cache
2024-09-05 18:44:36,174 : INFO : ConfigProcessor : Loading config from cache: C:\Users\dell\AppData\Local\Temp\59a64183768b31a5bf2b8a1c5fa05afc.mpf_cache
2024-09-05 18:44:36,174 : INFO : ConfigProcessor : Loading config from cache: C:\Users\dell\AppData\Local\Temp\d05889abdb32f5a85db64ac2e197f4ff.mpf_cache
2024-09-05 18:44:36,175 : INFO : ConfigProcessor : Loading config from cache: C:\Users\dell\AppData\Local\Temp\434c2e3a52e1507818428e1c584a9ae0.mpf_cache
2024-09-05 18:44:36,175 : INFO : ConfigProcessor : Loading config from cache: C:\Users\dell\AppData\Local\Temp\c96ee90647ae5b034e2dd42c348c42ad.mpf_cache
2024-09-05 18:44:36,176 : INFO : ConfigProcessor : Loading config from cache: C:\Users\dell\AppData\Local\Temp\ca0415bb38fd20ce1ae72b2592ece46e.mpf_cache
2024-09-05 18:44:36,176 : INFO : ConfigProcessor : Loading config from cache: C:\Users\dell\AppData\Local\Temp\72e9fea1cb562e40024eb5e8538ccaf2.mpf_cache
2024-09-05 18:44:36,177 : INFO : ConfigProcessor : Loading config from cache: C:\Users\dell\AppData\Local\Temp\c22c03646c3330fed25ec0d2c1900176.mpf_cache
2024-09-05 18:44:36,178 : INFO : ConfigProcessor : Loading config from cache: C:\Users\dell\AppData\Local\Temp\4f40b51a2a6ab6b3327b174347355c6f.mpf_cache
2024-09-05 18:44:36,178 : INFO : ConfigProcessor : Loading config from cache: C:\Users\dell\AppData\Local\Temp\39fabcdae38f081491893b3f9bf3922e.mpf_cache
2024-09-05 18:44:36,183 : INFO : ConfigProcessor : Loading config from cache: C:\Users\dell\AppData\Local\Temp\f18cd76783971ff471759940af4bc5eb.mpf_cache
2024-09-05 18:44:36,189 : INFO : ConfigProcessor : Loading config from cache: C:\Users\dell\AppData\Local\Temp\943ecf72a5798e3efec3d4f70c6ce1d2.mpf_cache
2024-09-05 18:44:36,195 : INFO : ConfigProcessor : Loading config from cache: C:\Users\dell\AppData\Local\Temp\04d9c03061fa17a1f6b23081f79db9ab.mpf_cache
2024-09-05 18:44:36,200 : INFO : ConfigProcessor : Loading config from cache: C:\Users\dell\AppData\Local\Temp\1ff29be1d22fb14fe5fd1c82a6918df4.mpf_cache
2024-09-05 18:44:36,206 : INFO : ConfigProcessor : Loading config from cache: C:\Users\dell\AppData\Local\Temp\f0ffd5ecaddfe34035bf3b1779215a88.mpf_cache
2024-09-05 18:44:36,211 : INFO : ConfigProcessor : Loading config from cache: C:\Users\dell\AppData\Local\Temp\b0de444617e3bf30a07f755a6d4831cc.mpf_cache
2024-09-05 18:44:36,216 : INFO : ConfigProcessor : Loading config from cache: C:\Users\dell\AppData\Local\Temp\200a9b2dddbe7706ffb4c4426b6d54a8.mpf_cache
2024-09-05 18:44:36,221 : INFO : ConfigProcessor : Loading config from cache: C:\Users\dell\AppData\Local\Temp\5ab98d4be1e8de85bea62364890eb2e9.mpf_cache
2024-09-05 18:44:36,226 : INFO : ConfigProcessor : Loading config from cache: C:\Users\dell\AppData\Local\Temp\4303dca7489148da2d256fc831cf8c96.mpf_cache
2024-09-05 18:44:36,230 : INFO : ConfigProcessor : Loading config from cache: C:\Users\dell\AppData\Local\Temp\e8fceecd8f65a6a7269e98c7961bbf6a.mpf_cache
2024-09-05 18:44:36,235 : INFO : ConfigProcessor : Loading config from cache: C:\Users\dell\AppData\Local\Temp\c84d6d08bf6f923cbcccfeeea02d2c8a.mpf_cache
2024-09-05 18:44:36,240 : INFO : ConfigProcessor : Loading config from cache: C:\Users\dell\AppData\Local\Temp\159a0b7ffc6de2ed1a8cdcd57b7df3c0.mpf_cache
2024-09-05 18:44:36,245 : INFO : ConfigProcessor : Loading config from cache: C:\Users\dell\AppData\Local\Temp\dd71d04ba3f4dce8325f2504de3de352.mpf_cache
2024-09-05 18:44:36,251 : INFO : ConfigProcessor : Loading config from cache: C:\Users\dell\AppData\Local\Temp\47da5935da57327449007069e0d0551c.mpf_cache
2024-09-05 18:44:36,257 : INFO : ConfigProcessor : Loading config from cache: C:\Users\dell\AppData\Local\Temp\b1234e2c44a33609dc2af4760c4a3f89.mpf_cache
2024-09-05 18:44:36,263 : INFO : ConfigProcessor : Loading config from cache: C:\Users\dell\AppData\Local\Temp\7ab9985e2a62b75a325504808417b1e7.mpf_cache
2024-09-05 18:44:36,269 : INFO : ConfigProcessor : Loading config from cache: C:\Users\dell\AppData\Local\Temp\466eddfec572894d9eb472ce07aa5fba.mpf_cache
2024-09-05 18:44:36,274 : INFO : ConfigProcessor : Loading config from cache: C:\Users\dell\AppData\Local\Temp\93429a2a8e0859f6546b68f40c2a4656.mpf_cache
2024-09-05 18:44:36,278 : INFO : ConfigProcessor : Loading config from cache: C:\Users\dell\AppData\Local\Temp\95ae88fb094583fa2b4097c6df179650.mpf_cache
2024-09-05 18:44:36,283 : INFO : ConfigProcessor : Loading config from cache: C:\Users\dell\AppData\Local\Temp\de2d3fc178b15ce3807fa4ab35b9c965.mpf_cache
2024-09-05 18:44:36,291 : INFO : ConfigProcessor : Loading config from cache: C:\Users\dell\AppData\Local\Temp\0c80ca2179989d09b86c78c19ec87d9b.mpf_cache
2024-09-05 18:44:36,297 : INFO : ConfigProcessor : Loading config from cache: C:\Users\dell\AppData\Local\Temp\95e265efe14e4eb05d8d5c5689c9ae6b.mpf_cache
2024-09-05 18:44:36,302 : INFO : ConfigProcessor : Loading config from cache: C:\Users\dell\AppData\Local\Temp\ba047bbdc168fca96d58d351c4240916.mpf_cache
2024-09-05 18:44:36,308 : INFO : ConfigProcessor : Loading config from cache: C:\Users\dell\AppData\Local\Temp\7c1900736275ba8a713cfe77e991e929.mpf_cache
2024-09-05 18:44:36,313 : INFO : ConfigProcessor : Loading config from cache: C:\Users\dell\AppData\Local\Temp\db3d1ab92e5d5c563b40d82372434517.mpf_cache
2024-09-05 18:44:36,318 : INFO : ConfigProcessor : Loading config from cache: C:\Users\dell\AppData\Local\Temp\78980531363184480bbd7075661ced33.mpf_cache
2024-09-05 18:44:36,323 : INFO : ConfigProcessor : Loading config from cache: C:\Users\dell\AppData\Local\Temp\efcf079e5af2b94e88dae4e07273acc8.mpf_cache
2024-09-05 18:44:36,329 : INFO : ConfigProcessor : Loading config from cache: C:\Users\dell\AppData\Local\Temp\44231afd4be159e8c99041e8eb88670e.mpf_cache
2024-09-05 18:44:36,334 : INFO : ConfigProcessor : Loading config from cache: C:\Users\dell\AppData\Local\Temp\2b5357265150b67996b1d26df60329cf.mpf_cache
2024-09-05 18:44:36,340 : INFO : ConfigProcessor : Loading config from cache: C:\Users\dell\AppData\Local\Temp\6d62665f0d27f04673542af594d4fd9b.mpf_cache
2024-09-05 18:44:36,344 : INFO : ConfigProcessor : Loading config from cache: C:\Users\dell\AppData\Local\Temp\3748cd4146dd8769dc8203d243b40460.mpf_cache
2024-09-05 18:44:36,348 : INFO : ConfigProcessor : Loading config from cache: C:\Users\dell\AppData\Local\Temp\17743d86d766158b74063aba6bc1c32c.mpf_cache
2024-09-05 18:44:36,353 : INFO : ConfigProcessor : Loading config from cache: C:\Users\dell\AppData\Local\Temp\f880dfaba64907cc1c8d35fe4f9ee098.mpf_cache
2024-09-05 18:44:36,357 : INFO : ConfigProcessor : Loading config from cache: C:\Users\dell\AppData\Local\Temp\b3315542fefac86d8251965e4eddcee0.mpf_cache
2024-09-05 18:44:36,361 : INFO : ConfigProcessor : Loading config from cache: C:\Users\dell\AppData\Local\Temp\c87ce6071caf9b8e671d40e32f84144f.mpf_cache
2024-09-05 18:44:36,365 : INFO : ConfigProcessor : Loading config from cache: C:\Users\dell\AppData\Local\Temp\2896a43e0d61e3501c9963d4b59c6ee0.mpf_cache
2024-09-05 18:44:36,369 : INFO : ConfigProcessor : Loading config from cache: C:\Users\dell\AppData\Local\Temp\ff8f94bde3fa94916ad1b7409fed77bd.mpf_cache
2024-09-05 18:44:36,374 : INFO : ConfigProcessor : Loading config from cache: C:\Users\dell\AppData\Local\Temp\053da04979f77c811527e2c0f3ca94fb.mpf_cache
2024-09-05 18:44:36,378 : INFO : ConfigProcessor : Loading config from cache: C:\Users\dell\AppData\Local\Temp\76437d1e292ff239f4f9dc05fbdd5cdf.mpf_cache
2024-09-05 18:44:36,382 : INFO : ConfigProcessor : Loading config from cache: C:\Users\dell\AppData\Local\Temp\a103f9965307e92153b3826866cd7d56.mpf_cache
2024-09-05 18:44:36,386 : INFO : ConfigProcessor : Loading config from cache: C:\Users\dell\AppData\Local\Temp\edf282469509fb91fe2444b6848262a1.mpf_cache
2024-09-05 18:44:36,391 : INFO : ConfigProcessor : Loading config from cache: C:\Users\dell\AppData\Local\Temp\b8da0a805f864daaf4908642bfd2e7fd.mpf_cache
2024-09-05 18:44:36,395 : INFO : ConfigProcessor : Loading config from cache: C:\Users\dell\AppData\Local\Temp\57bc401cb4a04615f5b5aa4ba6a61eb7.mpf_cache
2024-09-05 18:44:36,399 : INFO : ConfigProcessor : Loading config from cache: C:\Users\dell\AppData\Local\Temp\fee9cc2b93cb113814269e4a59231078.mpf_cache
2024-09-05 18:44:36,403 : INFO : ConfigProcessor : Loading config from cache: C:\Users\dell\AppData\Local\Temp\fcb209f5756d4056b66c34a3e9f20f60.mpf_cache
2024-09-05 18:44:36,411 : INFO : ConfigProcessor : Loading config from cache: C:\Users\dell\AppData\Local\Temp\797d5c88f37a3f4c1eda6cc76ebd1d4b.mpf_cache
2024-09-05 18:44:36,415 : INFO : ConfigProcessor : Loading config from cache: C:\Users\dell\AppData\Local\Temp\fd8f672dffbfb9b282859f7185f62437.mpf_cache
2024-09-05 18:44:36,420 : INFO : ConfigProcessor : Loading config from cache: C:\Users\dell\AppData\Local\Temp\986b6c77a360e7ca0a5b736ec9bfb4fa.mpf_cache
2024-09-05 18:44:36,424 : INFO : ConfigProcessor : Loading config from cache: C:\Users\dell\AppData\Local\Temp\851e1d46f2be32b89fdca6ef94995943.mpf_cache
2024-09-05 18:44:36,428 : INFO : ConfigProcessor : Loading config from cache: C:\Users\dell\AppData\Local\Temp\95f5997d9c4798b115eb453656d93a1f.mpf_cache
2024-09-05 18:44:36,433 : INFO : ConfigProcessor : Loading config from cache: C:\Users\dell\AppData\Local\Temp\804b9a1ad2b0368c8378a1697de79431.mpf_cache
2024-09-05 18:44:36,437 : INFO : ConfigProcessor : Loading config from cache: C:\Users\dell\AppData\Local\Temp\3f05176740ce9b1ce630d9f26057f472.mpf_cache
2024-09-05 18:44:36,441 : INFO : ConfigProcessor : Loading config from cache: C:\Users\dell\AppData\Local\Temp\d75c6855c6bfc342a42171d44ee55d0f.mpf_cache
2024-09-05 18:44:36,446 : INFO : ConfigProcessor : Loading config from cache: C:\Users\dell\AppData\Local\Temp\c03af884f77fd2edff48f1f1b29a0001.mpf_cache
2024-09-05 18:44:36,450 : INFO : ConfigProcessor : Loading config from cache: C:\Users\dell\AppData\Local\Temp\125cf4d7d8d0f7b14ac4e9b5c5fc6dd9.mpf_cache
2024-09-05 18:44:36,454 : INFO : ConfigProcessor : Loading config from cache: C:\Users\dell\AppData\Local\Temp\e98bbe1017594ac8f5dc55070bdaec1b.mpf_cache
2024-09-05 18:44:36,458 : INFO : ConfigProcessor : Loading config from cache: C:\Users\dell\AppData\Local\Temp\540f9a41a139edc7fb3c0d3fef764d79.mpf_cache
2024-09-05 18:44:36,462 : INFO : ConfigProcessor : Loading config from cache: C:\Users\dell\AppData\Local\Temp\66310f6b7da6aa9e1e12a092b4e5ea1e.mpf_cache
2024-09-05 18:44:36,466 : INFO : ConfigProcessor : Loading config from cache: C:\Users\dell\AppData\Local\Temp\e39b84c1f1807716ec310701a6bf0d73.mpf_cache
2024-09-05 18:44:36,471 : INFO : ConfigProcessor : Loading config from cache: C:\Users\dell\AppData\Local\Temp\a3a3c1b8b3198ac6ffa6b5064057ae07.mpf_cache
2024-09-05 18:44:36,476 : INFO : ConfigProcessor : Loading config from cache: C:\Users\dell\AppData\Local\Temp\4eebc146e222c8d9b7fa4d2858e69ea1.mpf_cache
2024-09-05 18:44:36,481 : INFO : ConfigProcessor : Loading config from cache: C:\Users\dell\AppData\Local\Temp\e126248c44ebfdee710b05c2b7d5fe82.mpf_cache
2024-09-05 18:44:36,485 : INFO : ConfigProcessor : Loading config from cache: C:\Users\dell\AppData\Local\Temp\69ecee52b21d2a851426dcc7135d38ea.mpf_cache
2024-09-05 18:44:36,490 : INFO : ConfigProcessor : Loading config from cache: C:\Users\dell\AppData\Local\Temp\56ece61e32d3cc2ed53dd325a47460b4.mpf_cache
2024-09-05 18:44:36,505 : INFO : ConfigProcessor : Loading config from cache: C:\Users\dell\AppData\Local\Temp\d0b1dbeaceec3deef73ab0fce07cd740.mpf_cache
2024-09-05 18:44:36,520 : INFO : ConfigProcessor : Loading config from cache: C:\Users\dell\AppData\Local\Temp\3d3afc7fea552c2bae3e6e1d92aa1a26.mpf_cache
2024-09-05 18:44:36,524 : INFO : ConfigProcessor : Loading config from cache: C:\Users\dell\AppData\Local\Temp\4bd243ad0d8c16d00a837306cf5c3d29.mpf_cache
2024-09-05 18:44:36,529 : INFO : ConfigProcessor : Loading config from cache: C:\Users\dell\AppData\Local\Temp\7f312b640f6d5109d8d1be2a05f128e8.mpf_cache
2024-09-05 18:44:36,533 : INFO : ConfigProcessor : Loading config from cache: C:\Users\dell\AppData\Local\Temp\67980d6a57506cd4da44486112b91bec.mpf_cache
2024-09-05 18:44:36,538 : INFO : ConfigProcessor : Loading config from cache: C:\Users\dell\AppData\Local\Temp\9ec3c911ae7e15f7065133c529810f95.mpf_cache
2024-09-05 18:44:36,542 : INFO : ConfigProcessor : Loading config from cache: C:\Users\dell\AppData\Local\Temp\930069940b749f97f86d219b2ddeacf1.mpf_cache
2024-09-05 18:44:36,546 : INFO : ConfigProcessor : Loading config from cache: C:\Users\dell\AppData\Local\Temp\650f26d6333e64d21657a8ef260f5acf.mpf_cache
2024-09-05 18:44:36,551 : INFO : ConfigProcessor : Loading config from cache: C:\Users\dell\AppData\Local\Temp\7fe69373349de136ea08d265848ee2de.mpf_cache
2024-09-05 18:44:36,555 : INFO : ConfigProcessor : Loading config from cache: C:\Users\dell\AppData\Local\Temp\24196d5bffa5766d9b4a62f9ae23e660.mpf_cache
2024-09-05 18:44:36,560 : INFO : ConfigProcessor : Loading config from cache: C:\Users\dell\AppData\Local\Temp\5f56171e4007003f2e0029bfa218d47c.mpf_cache
2024-09-05 18:44:36,564 : INFO : ConfigProcessor : Loading config from cache: C:\Users\dell\AppData\Local\Temp\9828dc3aacab1158f9e233d43cb3fe1f.mpf_cache
2024-09-05 18:44:36,569 : INFO : ConfigProcessor : Loading config from cache: C:\Users\dell\AppData\Local\Temp\93dd7129697f51b97f6c3186dcf43a8c.mpf_cache
2024-09-05 18:44:36,573 : INFO : ConfigProcessor : Loading config from cache: C:\Users\dell\AppData\Local\Temp\854a9aa5d57e7e92df5c4ac62cddaec0.mpf_cache
2024-09-05 18:44:36,576 : INFO : ConfigProcessor : Loading config from cache: C:\Users\dell\AppData\Local\Temp\4a17f5ab6f47bd6cbffa808b6eeea916.mpf_cache
2024-09-05 18:44:36,580 : INFO : ConfigProcessor : Loading config from cache: C:\Users\dell\AppData\Local\Temp\87b77888918ca02abc6ea55edabaa1e0.mpf_cache
2024-09-05 18:44:36,585 : INFO : ConfigProcessor : Loading config from cache: C:\Users\dell\AppData\Local\Temp\2e8097eb902f0db673edff67ef20cd70.mpf_cache
2024-09-05 18:44:36,589 : INFO : ConfigProcessor : Loading config from cache: C:\Users\dell\AppData\Local\Temp\6dda5ce3394e1c203b91cdb4c3bc5158.mpf_cache
2024-09-05 18:44:36,593 : INFO : ConfigProcessor : Loading config from cache: C:\Users\dell\AppData\Local\Temp\801d82c75b08baf8aba110a640054dee.mpf_cache
2024-09-05 18:44:36,597 : INFO : ConfigProcessor : Loading config from cache: C:\Users\dell\AppData\Local\Temp\6d7eeb6b67afdec81637282a9dda6782.mpf_cache
2024-09-05 18:44:36,601 : INFO : ConfigProcessor : Loading config from cache: C:\Users\dell\AppData\Local\Temp\f18efe2c04100550263acd9a8a6038af.mpf_cache
2024-09-05 18:44:36,605 : INFO : ConfigProcessor : Loading config from cache: C:\Users\dell\AppData\Local\Temp\77dfdfbf7011c8796e93f9e4ee745691.mpf_cache
2024-09-05 18:44:36,610 : INFO : ConfigProcessor : Loading config from cache: C:\Users\dell\AppData\Local\Temp\55e62533d8b0090336fcaf5380faf342.mpf_cache
2024-09-05 18:44:36,614 : INFO : ConfigProcessor : Loading config from cache: C:\Users\dell\AppData\Local\Temp\9fa4a25ee32f55bf2c6a76fb59d8bbaf.mpf_cache
2024-09-05 18:44:36,618 : INFO : ConfigProcessor : Loading config from cache: C:\Users\dell\AppData\Local\Temp\7e90ab1bc560333dd4b4d9f4aaf6bf62.mpf_cache
2024-09-05 18:44:36,623 : INFO : ConfigProcessor : Loading config from cache: C:\Users\dell\AppData\Local\Temp\24505a0d42d384632078d94085b52904.mpf_cache
2024-09-05 18:44:36,628 : INFO : ConfigProcessor : Loading config from cache: C:\Users\dell\AppData\Local\Temp\d2e2dee5d391f181bf417bbfa62b8ee2.mpf_cache
2024-09-05 18:44:36,633 : INFO : ConfigProcessor : Loading config from cache: C:\Users\dell\AppData\Local\Temp\4398dc713d774371f49c655025259670.mpf_cache
2024-09-05 18:44:36,637 : INFO : ConfigProcessor : Loading config from cache: C:\Users\dell\AppData\Local\Temp\2a10046c74e5eb8ef0ed9d338302b7e2.mpf_cache
2024-09-05 18:44:36,642 : INFO : ConfigProcessor : Loading config from cache: C:\Users\dell\AppData\Local\Temp\1976a772a16c7f14b7c542c255637f22.mpf_cache
2024-09-05 18:44:36,647 : INFO : ConfigProcessor : Loading config from cache: C:\Users\dell\AppData\Local\Temp\91df8e0ae0e44730ed622ea2efb74e97.mpf_cache
2024-09-05 18:44:36,652 : INFO : ConfigProcessor : Loading config from cache: C:\Users\dell\AppData\Local\Temp\dff6fabdd3c60a7e52618c514c4d53bb.mpf_cache
2024-09-05 18:44:36,656 : INFO : ConfigProcessor : Loading config from cache: C:\Users\dell\AppData\Local\Temp\b00ca6d895de68a8daf4555cf943ba58.mpf_cache
2024-09-05 18:44:36,661 : INFO : ConfigProcessor : Loading config from cache: C:\Users\dell\AppData\Local\Temp\b5b8a4db5bea0726b6595532599dafa3.mpf_cache
2024-09-05 18:44:36,665 : INFO : ConfigProcessor : Loading config from cache: C:\Users\dell\AppData\Local\Temp\69fdf32f8b1f00ca71933bfdf818d181.mpf_cache
2024-09-05 18:44:36,669 : INFO : ConfigProcessor : Loading config from cache: C:\Users\dell\AppData\Local\Temp\2ea47c81ed4f8a69c675021c80778e85.mpf_cache
2024-09-05 18:44:36,673 : INFO : ConfigProcessor : Loading config from cache: C:\Users\dell\AppData\Local\Temp\4341f22727a1b0f8b478ff6fc7114278.mpf_cache
2024-09-05 18:44:36,677 : INFO : ConfigProcessor : Loading config from cache: C:\Users\dell\AppData\Local\Temp\34b907b0c1988670c99198ad34048e9b.mpf_cache
2024-09-05 18:44:36,682 : INFO : ConfigProcessor : Loading config from cache: C:\Users\dell\AppData\Local\Temp\3078b120455821a73c8c6f8a1dceab4f.mpf_cache
2024-09-05 18:44:36,686 : INFO : ConfigProcessor : Loading config from cache: C:\Users\dell\AppData\Local\Temp\d95a17e65a2b41e386a7fc14bcda65fd.mpf_cache
2024-09-05 18:44:36,690 : INFO : ConfigProcessor : Loading config from cache: C:\Users\dell\AppData\Local\Temp\70a3dc288dcfdeeb747f888700969697.mpf_cache
2024-09-05 18:44:36,695 : INFO : ConfigProcessor : Loading config from cache: C:\Users\dell\AppData\Local\Temp\a545989d29acb91f9b5046622b67b4ed.mpf_cache
2024-09-05 18:44:36,699 : INFO : ConfigProcessor : Loading config from cache: C:\Users\dell\AppData\Local\Temp\8d6f9c7ff9c39db68f4d155bf8492fbe.mpf_cache
2024-09-05 18:44:36,703 : INFO : ConfigProcessor : Loading config from cache: C:\Users\dell\AppData\Local\Temp\155f4ce74e2bf17af8dbff2a4763087f.mpf_cache
2024-09-05 18:44:36,708 : INFO : ConfigProcessor : Loading config from cache: C:\Users\dell\AppData\Local\Temp\1f327f8ed4990105250a8e68ccfd880b.mpf_cache
2024-09-05 18:44:36,713 : INFO : ConfigProcessor : Loading config from cache: C:\Users\dell\AppData\Local\Temp\631f1a0f4495ddfec417d1e517d075ee.mpf_cache
2024-09-05 18:44:36,717 : INFO : ConfigProcessor : Loading config from cache: C:\Users\dell\AppData\Local\Temp\58d128190d1d0b57398f3d0bb3d51665.mpf_cache
2024-09-05 18:44:36,722 : INFO : ConfigProcessor : Loading config from cache: C:\Users\dell\AppData\Local\Temp\3a392e0f36204bd15fe7f620a9abd8a5.mpf_cache
2024-09-05 18:44:36,726 : INFO : ConfigProcessor : Loading config from cache: C:\Users\dell\AppData\Local\Temp\a21cdf4e7d11d0ddd588c2361820cd3f.mpf_cache
2024-09-05 18:44:36,731 : INFO : ConfigProcessor : Loading config from cache: C:\Users\dell\AppData\Local\Temp\c985e32e9d44f65a2b4ce21de0879b93.mpf_cache
2024-09-05 18:44:36,735 : INFO : ConfigProcessor : Loading config from cache: C:\Users\dell\AppData\Local\Temp\53b5443f454133ae1b362b3b93db77cb.mpf_cache
2024-09-05 18:44:36,739 : INFO : ConfigProcessor : Loading config from cache: C:\Users\dell\AppData\Local\Temp\3931d087bd0a337e7115b05d59ca5799.mpf_cache
2024-09-05 18:44:36,744 : INFO : ConfigProcessor : Loading config from cache: C:\Users\dell\AppData\Local\Temp\4b9dbb62597032bf50b643d8dab4e70a.mpf_cache
2024-09-05 18:44:36,748 : INFO : ConfigProcessor : Loading config from cache: C:\Users\dell\AppData\Local\Temp\765fb0e29c5e0a3c4df63af3a63a2aa9.mpf_cache
2024-09-05 18:44:36,753 : INFO : ConfigProcessor : Loading config from cache: C:\Users\dell\AppData\Local\Temp\92bd7ddb78685ce3872fdffddbf4066b.mpf_cache
2024-09-05 18:44:36,757 : INFO : ConfigProcessor : Loading config from cache: C:\Users\dell\AppData\Local\Temp\f17b18f8fc49aa4015f8aaed5fe0310c.mpf_cache
2024-09-05 18:44:36,762 : INFO : ConfigProcessor : Loading config from cache: C:\Users\dell\AppData\Local\Temp\6025440fe966918e9010659c75a84677.mpf_cache
2024-09-05 18:44:36,766 : INFO : ConfigProcessor : Loading config from cache: C:\Users\dell\AppData\Local\Temp\cfdf05d29e2db67703b682b9e2f3ca3c.mpf_cache
2024-09-05 18:44:36,770 : INFO : ConfigProcessor : Loading config from cache: C:\Users\dell\AppData\Local\Temp\d94e10a03295440a68c0665192595ed1.mpf_cache
2024-09-05 18:44:36,774 : INFO : ConfigProcessor : Loading config from cache: C:\Users\dell\AppData\Local\Temp\01f102dbddb32abe391845f1f1fb6297.mpf_cache
2024-09-05 18:44:36,778 : INFO : ConfigProcessor : Loading config from cache: C:\Users\dell\AppData\Local\Temp\31f678389d4048ccede53f3d9bb6ebf4.mpf_cache
2024-09-05 18:44:36,782 : INFO : ConfigProcessor : Loading config from cache: C:\Users\dell\AppData\Local\Temp\b22da84cc4aef91ed7f9bc0328a0f1b4.mpf_cache
2024-09-05 18:44:36,786 : INFO : ConfigProcessor : Loading config from cache: C:\Users\dell\AppData\Local\Temp\da1fede4c95c7878b99d619776f98fd7.mpf_cache
2024-09-05 18:44:36,791 : INFO : ConfigProcessor : Loading config from cache: C:\Users\dell\AppData\Local\Temp\cc30193cdee974cc13426b098027cee1.mpf_cache
2024-09-05 18:44:36,795 : INFO : ConfigProcessor : Loading config from cache: C:\Users\dell\AppData\Local\Temp\58e69a62c4f703cc84058f6193109d31.mpf_cache
2024-09-05 18:44:36,799 : INFO : ConfigProcessor : Loading config from cache: C:\Users\dell\AppData\Local\Temp\e6a4926517ab55f9ed1b3658c3e4007c.mpf_cache
2024-09-05 18:44:36,803 : INFO : ConfigProcessor : Loading config from cache: C:\Users\dell\AppData\Local\Temp\66ee654434268f21d59a1a197a33e84e.mpf_cache
2024-09-05 18:44:36,807 : INFO : ConfigProcessor : Loading config from cache: C:\Users\dell\AppData\Local\Temp\0ad8a8c62d71fd6db5e688e34997c124.mpf_cache
2024-09-05 18:44:36,811 : INFO : ConfigProcessor : Loading config from cache: C:\Users\dell\AppData\Local\Temp\986ed299862bf4d6a9ee043620eb4411.mpf_cache
2024-09-05 18:44:36,815 : INFO : ConfigProcessor : Loading config from cache: C:\Users\dell\AppData\Local\Temp\85def6e32b8790efec9df62810edf89f.mpf_cache
2024-09-05 18:44:36,819 : INFO : ConfigProcessor : Loading config from cache: C:\Users\dell\AppData\Local\Temp\b4b8bbe6eb89ffab7b0a5bdc28aa737c.mpf_cache
2024-09-05 18:44:36,823 : INFO : ConfigProcessor : Loading config from cache: C:\Users\dell\AppData\Local\Temp\234f7aa8fcdaed8506c3f7e3d1434348.mpf_cache
2024-09-05 18:44:36,827 : INFO : ConfigProcessor : Loading config from cache: C:\Users\dell\AppData\Local\Temp\836170f935ca4f3a3c83dd48d4288e22.mpf_cache
2024-09-05 18:44:36,830 : INFO : ConfigProcessor : Loading config from cache: C:\Users\dell\AppData\Local\Temp\0a4bf4f558c6de89fd1636f30c6211d9.mpf_cache
2024-09-05 18:44:36,835 : INFO : ConfigProcessor : Loading config from cache: C:\Users\dell\AppData\Local\Temp\3936448b27d8bfc57c517bc3bf9d3aa2.mpf_cache
2024-09-05 18:44:36,839 : INFO : ConfigProcessor : Loading config from cache: C:\Users\dell\AppData\Local\Temp\73d13f131bebf83032dc613efdff3522.mpf_cache
2024-09-05 18:44:36,843 : INFO : ConfigProcessor : Loading config from cache: C:\Users\dell\AppData\Local\Temp\20beca28b497152ca0fd3409b83d4b87.mpf_cache
2024-09-05 18:44:36,847 : INFO : ConfigProcessor : Loading config from cache: C:\Users\dell\AppData\Local\Temp\e816efa2a54094e8cd44dabebc7784df.mpf_cache
2024-09-05 18:44:36,852 : INFO : ConfigProcessor : Loading config from cache: C:\Users\dell\AppData\Local\Temp\ec91b3a5e4d650dc4f7371582fb38eed.mpf_cache
2024-09-05 18:44:36,856 : INFO : ConfigProcessor : Loading config from cache: C:\Users\dell\AppData\Local\Temp\9a1a1c28ae640e16df86b556a2688443.mpf_cache
2024-09-05 18:44:36,861 : INFO : ConfigProcessor : Loading config from cache: C:\Users\dell\AppData\Local\Temp\3463b2a86a39355c183f674ae2b12038.mpf_cache
2024-09-05 18:44:36,865 : INFO : ConfigProcessor : Loading config from cache: C:\Users\dell\AppData\Local\Temp\6e6719c61d3fa021e7d679c2f24e1608.mpf_cache
2024-09-05 18:44:36,869 : INFO : ConfigProcessor : Loading config from cache: C:\Users\dell\AppData\Local\Temp\aa69a2c5c0adb7f9c40b6db4f1ca3483.mpf_cache
2024-09-05 18:44:36,873 : INFO : ConfigProcessor : Loading config from cache: C:\Users\dell\AppData\Local\Temp\971ebba8800a659d7a8e99cb206beff7.mpf_cache
2024-09-05 18:44:36,877 : INFO : ConfigProcessor : Loading config from cache: C:\Users\dell\AppData\Local\Temp\07e13f5cf5882efd50a16f81bcde4606.mpf_cache
2024-09-05 18:44:36,881 : INFO : ConfigProcessor : Loading config from cache: C:\Users\dell\AppData\Local\Temp\48a45c572b20481e47ff005f73695e50.mpf_cache
2024-09-05 18:44:36,886 : INFO : ConfigProcessor : Loading config from cache: C:\Users\dell\AppData\Local\Temp\f12c25ef7bc56249cbbfe26e4a8634a0.mpf_cache
2024-09-05 18:44:36,890 : INFO : ConfigProcessor : Loading config from cache: C:\Users\dell\AppData\Local\Temp\7058dd9e75ad4dd97e6d02eda1f8d5f4.mpf_cache
2024-09-05 18:44:36,893 : INFO : ConfigProcessor : Loading config from cache: C:\Users\dell\AppData\Local\Temp\47777129294a1397780765ae2671e381.mpf_cache
2024-09-05 18:44:36,897 : INFO : ConfigProcessor : Loading config from cache: C:\Users\dell\AppData\Local\Temp\a26dda2f3898e9b95a688d2faa147e67.mpf_cache
2024-09-05 18:44:36,902 : INFO : ConfigProcessor : Loading config from cache: C:\Users\dell\AppData\Local\Temp\fbd33e7aab60e9ffed5e28859db24a15.mpf_cache
2024-09-05 18:44:36,906 : INFO : ConfigProcessor : Loading config from cache: C:\Users\dell\AppData\Local\Temp\64f60477c2da2625fa9ef2a86d50bb34.mpf_cache
2024-09-05 18:44:36,910 : INFO : ConfigProcessor : Loading config from cache: C:\Users\dell\AppData\Local\Temp\49b862cde9d22907c81f839348639a1f.mpf_cache
2024-09-05 18:44:36,915 : INFO : ConfigProcessor : Loading config from cache: C:\Users\dell\AppData\Local\Temp\21dda72cc57cadcf698e50094b8ee97d.mpf_cache
2024-09-05 18:44:36,930 : INFO : ConfigProcessor : Loading config from cache: C:\Users\dell\AppData\Local\Temp\f9ee12ee8bbd05f85378a9386ceacce5.mpf_cache
2024-09-05 18:44:36,935 : INFO : ConfigProcessor : Loading config from cache: C:\Users\dell\AppData\Local\Temp\0394fc9fe8dda0bc8c420287c11c8aae.mpf_cache
2024-09-05 18:44:36,940 : INFO : ConfigProcessor : Loading config from cache: C:\Users\dell\AppData\Local\Temp\812e1e327d6ef9a51d487328d0586885.mpf_cache
2024-09-05 18:44:36,944 : INFO : ConfigProcessor : Loading config from cache: C:\Users\dell\AppData\Local\Temp\70cf3c9830d27e79cc1fda7cb07bc23d.mpf_cache
2024-09-05 18:44:36,949 : INFO : ConfigProcessor : Loading config from cache: C:\Users\dell\AppData\Local\Temp\db70c5aab62dca0f645afe12f6eb7df3.mpf_cache
2024-09-05 18:44:36,955 : INFO : Machine : Mission Pinball Framework Core Engine v0.54.6
2024-09-05 18:44:36,955 : INFO : Machine : Command line arguments: {'no_load_cache': False, 'create_config_cache': True, 'bcp': True, 'configfile': ['config.yaml'], 'force_assets_load': False, 'jsonlogging': False, 'logfile': 'logs\\2024-09-05-18-44-36-mpf-DESKTOP-7A962BJ.log', 'pause': False, 'production': False, 'text_ui': True, 'loglevel': 15, 'consoleloglevel': 20, 'force_platform': None, 'syslog_address': None, 'mc_file_name': None, 'no_sound': False}
2024-09-05 18:44:36,955 : INFO : Machine : MPF path: c:\users\dell\appdata\local\programs\python\python36\lib\site-packages\mpf
2024-09-05 18:44:36,955 : INFO : Machine : Machine path: E:\MPF\wows\wows
2024-09-05 18:44:36,955 : INFO : Machine : Platform: win32
2024-09-05 18:44:36,955 : INFO : Machine : Python executable location: c:\users\dell\appdata\local\programs\python\python36\python.exe
2024-09-05 18:44:36,955 : INFO : Machine : Python version: 3.6.4 (64-bit)
2024-09-05 18:44:36,957 : INFO : Machine : Initialise MPF.
2024-09-05 18:44:37,236 : INFO : Pin2DmdDevice : Connecting to Pin2DMD RGB DMD
2024-09-05 18:44:37,248 : INFO : Pin2DmdDevice : Connected to Pin2DMD
2024-09-05 18:44:37,249 : INFO : EventManager : Event: ======'machine_var_credits_string'====== Args={'value': 'FREE PLAY', 'prev_value': None, 'change': True}
2024-09-05 18:44:37,295 : INFO : EventManager : Event: ======'machine_var_player1_score'====== Args={'value': 0, 'prev_value': None, 'change': True}
2024-09-05 18:44:37,295 : INFO : EventManager : Event: ======'machine_var_mv_dmg_con_time'====== Args={'value': 9, 'prev_value': None, 'change': True}
2024-09-05 18:44:37,296 : INFO : EventManager : Event: ======'machine_var_mv_bomb_1_cost'====== Args={'value': 1, 'prev_value': None, 'change': True}
2024-09-05 18:44:37,296 : INFO : EventManager : Event: ======'machine_var_mv_bomb_2_cost'====== Args={'value': 1, 'prev_value': None, 'change': True}
2024-09-05 18:44:37,296 : INFO : EventManager : Event: ======'machine_var_mv_bomb_3_cost'====== Args={'value': 1, 'prev_value': None, 'change': True}
2024-09-05 18:44:37,296 : INFO : EventManager : Event: ======'machine_var_mv_bomb_4_cost'====== Args={'value': 1, 'prev_value': None, 'change': True}
2024-09-05 18:44:37,296 : INFO : EventManager : Event: ======'machine_var_mv_bomb_5_cost'====== Args={'value': 1, 'prev_value': None, 'change': True}
2024-09-05 18:44:37,296 : INFO : EventManager : Event: ======'machine_var_mv_bomb_6_cost'====== Args={'value': 1, 'prev_value': None, 'change': True}
2024-09-05 18:44:37,296 : INFO : EventManager : Event: ======'machine_var_mv_bomb_7_and_9_cost'====== Args={'value': 1, 'prev_value': None, 'change': True}
2024-09-05 18:44:37,296 : INFO : EventManager : Event: ======'machine_var_mv_bomb_8_cost'====== Args={'value': 1, 'prev_value': None, 'change': True}
2024-09-05 18:44:37,296 : INFO : EventManager : Event: ======'machine_var_mv_bomb_10_cost'====== Args={'value': 1, 'prev_value': None, 'change': True}
2024-09-05 18:44:37,296 : INFO : EventManager : Event: ======'machine_var_mv_bomb_mode_cost'====== Args={'value': 1, 'prev_value': None, 'change': True}
2024-09-05 18:44:37,296 : INFO : EventManager : Event: ======'machine_var_mpf_version'====== Args={'value': 'MPF v0.54.6', 'prev_value': None, 'change': True}
2024-09-05 18:44:37,296 : INFO : EventManager : Event: ======'machine_var_mpf_extended_version'====== Args={'value': 'MPF v0.54.6, Config version:5, Show version: 5, BCP version:1.1', 'prev_value': None, 'change': True}
2024-09-05 18:44:37,296 : INFO : EventManager : Event: ======'machine_var_python_version'====== Args={'value': '3.6.4', 'prev_value': None, 'change': True}
2024-09-05 18:44:37,297 : INFO : EventManager : Event: ======'machine_var_platform'====== Args={'value': 'Windows-10-10.0.19041-SP0', 'prev_value': None, 'change': True}
2024-09-05 18:44:37,297 : INFO : EventManager : Event: ======'machine_var_platform_system'====== Args={'value': 'Windows', 'prev_value': None, 'change': True}
2024-09-05 18:44:37,297 : INFO : EventManager : Event: ======'machine_var_platform_release'====== Args={'value': '10', 'prev_value': None, 'change': True}
2024-09-05 18:44:37,297 : INFO : EventManager : Event: ======'machine_var_platform_version'====== Args={'value': '10.0.19041', 'prev_value': None, 'change': True}
2024-09-05 18:44:37,297 : INFO : EventManager : Event: ======'machine_var_platform_machine'====== Args={'value': 'AMD64', 'prev_value': None, 'change': True}
2024-09-05 18:44:37,297 : INFO : EventManager : Event: ======'init_phase_1'====== Args={}
2024-09-05 18:44:37,946 : INFO : EventManager : Event: ======'logicblock_m1_delay_updated'====== Args={'value': 0, 'enabled': True}
2024-09-05 18:44:37,946 : INFO : EventManager : Event: ======'logicblock_m1_delay_updated'====== Args={'value': 0, 'enabled': True}
2024-09-05 18:44:37,946 : INFO : EventManager : Event: ======'logicblock_capture_global_counter_updated'====== Args={'value': 6, 'enabled': True}
2024-09-05 18:44:37,946 : INFO : EventManager : Event: ======'logicblock_capture_global_counter_updated'====== Args={'value': 6, 'enabled': True}
2024-09-05 18:44:37,947 : INFO : EventManager : Event: ======'main_state'====== Args={}
2024-09-05 18:44:37,948 : INFO : EventManager : Event: ======'IGNORE'====== Args={}
2024-09-05 18:44:37,948 : INFO : EventManager : Event: ======'lock_lit_started'====== Args={}
2024-09-05 18:44:37,949 : INFO : EventManager : Event: ======'disable_mode'====== Args={}
2024-09-05 18:44:37,949 : INFO : EventManager : Event: ======'multiball_inactive'====== Args={}
2024-09-05 18:44:37,949 : INFO : EventManager : Event: ======'lite_detonation_start'====== Args={}
2024-09-05 18:44:37,950 : INFO : EventManager : Event: ======'battle_inactive'====== Args={}
2024-09-05 18:44:37,950 : INFO : EventManager : Event: ======'HAGYDFIGYELMENKIVUL'====== Args={}
2024-09-05 18:44:37,951 : INFO : EventManager : Event: ======'enable_citadel_diverter'====== Args={}
2024-09-05 18:44:37,951 : INFO : EventManager : Event: ======'commander_1_changed'====== Args={}
2024-09-05 18:44:37,957 : WARNING : Mode.capture : Can only start mode capture during a game. Aborting start.
2024-09-05 18:44:37,957 : WARNING : Mode.drednaught : Can only start mode drednaught during a game. Aborting start.
2024-09-05 18:44:37,957 : WARNING : Mode.confederate : Can only start mode confederate during a game. Aborting start.
2024-09-05 18:44:37,957 : WARNING : Mode.main_play : Can only start mode main_play during a game. Aborting start.
2024-09-05 18:44:37,957 : WARNING : Mode.hc_lock_lit : Can only start mode hc_lock_lit during a game. Aborting start.
2024-09-05 18:44:37,961 : INFO : EventManager : Event: ======'init_phase_2'====== Args={}
2024-09-05 18:44:37,961 : INFO : SwitchController : Found active switch: ('2', <Platform.SmartVirtual>) <switch.s_trough1>
2024-09-05 18:44:37,961 : INFO : SwitchController : Found active switch: ('3', <Platform.SmartVirtual>) <switch.s_trough2>
2024-09-05 18:44:37,961 : INFO : SwitchController : Found active switch: ('4', <Platform.SmartVirtual>) <switch.s_trough3>
2024-09-05 18:44:37,961 : INFO : SwitchController : Found active switch: ('5', <Platform.SmartVirtual>) <switch.s_trough4>
2024-09-05 18:44:37,961 : INFO : SwitchController : Found active switch: ('6', <Platform.SmartVirtual>) <switch.s_trough5>
2024-09-05 18:44:37,961 : INFO : SwitchController : Found active switch: ('7', <Platform.SmartVirtual>) <switch.s_trough6>
2024-09-05 18:44:38,004 : INFO : EventManager : Event: ======'machine_var_score1_label'====== Args={'value': 'GRAND ADMIRAL', 'prev_value': None, 'change': True}
2024-09-05 18:44:38,005 : INFO : EventManager : Event: ======'machine_var_score1_name'====== Args={'value': 'SBA', 'prev_value': None, 'change': True}
2024-09-05 18:44:38,005 : INFO : EventManager : Event: ======'machine_var_score1_value'====== Args={'value': 1000000000, 'prev_value': None, 'change': True}
2024-09-05 18:44:38,005 : INFO : EventManager : Event: ======'machine_var_score2_label'====== Args={'value': 'ADMIRAL 1', 'prev_value': None, 'change': True}
2024-09-05 18:44:38,005 : INFO : EventManager : Event: ======'machine_var_score2_name'====== Args={'value': 'OCP', 'prev_value': None, 'change': True}
2024-09-05 18:44:38,005 : INFO : EventManager : Event: ======'machine_var_score2_value'====== Args={'value': 900000000, 'prev_value': None, 'change': True}
2024-09-05 18:44:38,005 : INFO : EventManager : Event: ======'machine_var_score3_label'====== Args={'value': 'ADMIRAL 2', 'prev_value': None, 'change': True}
2024-09-05 18:44:38,005 : INFO : EventManager : Event: ======'machine_var_score3_name'====== Args={'value': 'AND', 'prev_value': None, 'change': True}
2024-09-05 18:44:38,005 : INFO : EventManager : Event: ======'machine_var_score3_value'====== Args={'value': 800000000, 'prev_value': None, 'change': True}
2024-09-05 18:44:38,005 : INFO : EventManager : Event: ======'machine_var_score4_label'====== Args={'value': 'ADMIRAL 3', 'prev_value': None, 'change': True}
2024-09-05 18:44:38,006 : INFO : EventManager : Event: ======'machine_var_score4_name'====== Args={'value': 'W G', 'prev_value': None, 'change': True}
2024-09-05 18:44:38,006 : INFO : EventManager : Event: ======'machine_var_score4_value'====== Args={'value': 700000000, 'prev_value': None, 'change': True}
2024-09-05 18:44:38,006 : INFO : EventManager : Event: ======'machine_var_score5_label'====== Args={'value': 'ADMIRAL 4', 'prev_value': None, 'change': True}
2024-09-05 18:44:38,006 : INFO : EventManager : Event: ======'machine_var_score5_name'====== Args={'value': 'WOW', 'prev_value': None, 'change': True}
2024-09-05 18:44:38,006 : INFO : EventManager : Event: ======'machine_var_score5_value'====== Args={'value': 600000000, 'prev_value': None, 'change': True}
2024-09-05 18:44:38,006 : INFO : EventManager : Event: ======'bcp_connection_attempt'====== Args={'name': 'local_display', 'host': 'localhost', 'port': 5050}
2024-09-05 18:44:38,008 : INFO : BCPClientSocket : Connecting BCP to 'local_display' at localhost:5050...
2024-09-05 18:44:40,141 : INFO : BCPClientSocket : Connected BCP to 'local_display' localhost:5050
2024-09-05 18:44:40,142 : INFO : EventManager : Event: ======'bcp_clients_connected'====== Args={}
2024-09-05 18:44:40,154 : INFO : EventManager : Event: ======'machine_var_mc_version'====== Args={'value': 'MPF-MC v0.54.2', 'prev_value': None, 'change': True}
2024-09-05 18:44:40,155 : INFO : ball_device.bd_trough : State: idle
2024-09-05 18:44:40,163 : INFO : EventManager : Event: ======'machine_var_mc_extended_version'====== Args={'value': 'MPF-MC v0.54.2 (config_version=5, BCP v1.1, Requires MPF v0.54.0)', 'prev_value': None, 'change': True}
2024-09-05 18:44:40,176 : INFO : EventManager : Event: ======'machine_var_master_volume'====== Args={'value': 1.0, 'prev_value': None, 'change': True}
2024-09-05 18:44:40,177 : INFO : ball_device.bd_plunger : State: idle
2024-09-05 18:44:40,185 : INFO : ball_device.bd_saucer : State: idle
2024-09-05 18:44:40,185 : INFO : ball_device.bd_main_hole : State: idle
2024-09-05 18:44:40,186 : INFO : ball_device.bd_hc_lock : State: idle
2024-09-05 18:44:40,215 : INFO : EventManager : Event: ======'init_phase_3'====== Args={}
2024-09-05 18:44:40,338 : INFO : EventManager : Event: ======'init_phase_4'====== Args={}
2024-09-05 18:44:40,339 : INFO : BallController : Initial balls found: 5
2024-09-05 18:44:40,340 : INFO : EventManager : Event: ======'machine_var_audits_events_game_ended'====== Args={'value': 1, 'prev_value': None, 'change': True}
2024-09-05 18:44:40,340 : INFO : EventManager : Event: ======'machine_var_audits_events_game_started'====== Args={'value': 653, 'prev_value': None, 'change': True}
2024-09-05 18:44:40,340 : INFO : EventManager : Event: ======'machine_var_audits_player_score'====== Args={'value': {'average': 0.0, 'top': [0], 'total': 1}, 'prev_value': None, 'change': True}
2024-09-05 18:44:40,341 : INFO : EventManager : Event: ======'machine_var_audits_shots_battle_shot'====== Args={'value': 66, 'prev_value': None, 'change': True}
2024-09-05 18:44:40,341 : INFO : EventManager : Event: ======'machine_var_audits_shots_confederate_1'====== Args={'value': 13, 'prev_value': None, 'change': True}
2024-09-05 18:44:40,341 : INFO : EventManager : Event: ======'machine_var_audits_shots_confederate_2'====== Args={'value': 235, 'prev_value': None, 'change': True}
2024-09-05 18:44:40,341 : INFO : EventManager : Event: ======'machine_var_audits_shots_confederate_3'====== Args={'value': 91, 'prev_value': None, 'change': True}
2024-09-05 18:44:40,341 : INFO : EventManager : Event: ======'machine_var_audits_shots_confederate_4'====== Args={'value': 29, 'prev_value': None, 'change': True}
2024-09-05 18:44:40,342 : INFO : EventManager : Event: ======'machine_var_audits_shots_confederate_5'====== Args={'value': 10, 'prev_value': None, 'change': True}
2024-09-05 18:44:40,342 : INFO : EventManager : Event: ======'machine_var_audits_shots_confederate_6'====== Args={'value': 399, 'prev_value': None, 'change': True}
2024-09-05 18:44:40,342 : INFO : EventManager : Event: ======'machine_var_audits_shots_detonation'====== Args={'value': 42, 'prev_value': None, 'change': True}
2024-09-05 18:44:40,342 : INFO : EventManager : Event: ======'machine_var_audits_shots_detonation_lit'====== Args={'value': 172, 'prev_value': None, 'change': True}
2024-09-05 18:44:40,342 : INFO : EventManager : Event: ======'machine_var_audits_shots_dmg_con_1'====== Args={'value': 96, 'prev_value': None, 'change': True}
2024-09-05 18:44:40,343 : INFO : EventManager : Event: ======'machine_var_audits_shots_dmg_con_2'====== Args={'value': 122, 'prev_value': None, 'change': True}
2024-09-05 18:44:40,343 : INFO : EventManager : Event: ======'machine_var_audits_shots_dmg_con_3'====== Args={'value': 84, 'prev_value': None, 'change': True}
2024-09-05 18:44:40,343 : INFO : EventManager : Event: ======'machine_var_audits_shots_dmg_con_4'====== Args={'value': 101, 'prev_value': None, 'change': True}
2024-09-05 18:44:40,343 : INFO : EventManager : Event: ======'machine_var_audits_shots_dmg_con_5'====== Args={'value': 78, 'prev_value': None, 'change': True}
2024-09-05 18:44:40,343 : INFO : EventManager : Event: ======'machine_var_audits_shots_dmg_con_6'====== Args={'value': 99, 'prev_value': None, 'change': True}
2024-09-05 18:44:40,344 : INFO : EventManager : Event: ======'machine_var_audits_shots_dmg_con_add_time_1'====== Args={'value': 32, 'prev_value': None, 'change': True}
2024-09-05 18:44:40,344 : INFO : EventManager : Event: ======'machine_var_audits_shots_dmg_con_add_time_2'====== Args={'value': 43, 'prev_value': None, 'change': True}
2024-09-05 18:44:40,344 : INFO : EventManager : Event: ======'machine_var_audits_shots_dmg_con_add_time_3'====== Args={'value': 24, 'prev_value': None, 'change': True}
2024-09-05 18:44:40,344 : INFO : EventManager : Event: ======'machine_var_audits_shots_dmg_con_add_time_4'====== Args={'value': 21, 'prev_value': None, 'change': True}
2024-09-05 18:44:40,344 : INFO : EventManager : Event: ======'machine_var_audits_shots_jackpot_1'====== Args={'value': 79, 'prev_value': None, 'change': True}
2024-09-05 18:44:40,345 : INFO : EventManager : Event: ======'machine_var_audits_shots_jackpot_2'====== Args={'value': 107, 'prev_value': None, 'change': True}
2024-09-05 18:44:40,345 : INFO : EventManager : Event: ======'machine_var_audits_shots_jackpot_3'====== Args={'value': 91, 'prev_value': None, 'change': True}
2024-09-05 18:44:40,346 : INFO : EventManager : Event: ======'machine_var_audits_shots_jackpot_4'====== Args={'value': 41, 'prev_value': None, 'change': True}
2024-09-05 18:44:40,346 : INFO : EventManager : Event: ======'machine_var_audits_shots_jackpot_5'====== Args={'value': 42, 'prev_value': None, 'change': True}
2024-09-05 18:44:40,346 : INFO : EventManager : Event: ======'machine_var_audits_shots_jackpot_6'====== Args={'value': 51, 'prev_value': None, 'change': True}
2024-09-05 18:44:40,346 : INFO : EventManager : Event: ======'machine_var_audits_shots_lane_A'====== Args={'value': 125, 'prev_value': None, 'change': True}
2024-09-05 18:44:40,347 : INFO : EventManager : Event: ======'machine_var_audits_shots_lane_B'====== Args={'value': 146, 'prev_value': None, 'change': True}
2024-09-05 18:44:40,347 : INFO : EventManager : Event: ======'machine_var_audits_shots_lane_C'====== Args={'value': 348, 'prev_value': None, 'change': True}
2024-09-05 18:44:40,347 : INFO : EventManager : Event: ======'machine_var_audits_shots_lane_D'====== Args={'value': 361, 'prev_value': None, 'change': True}
2024-09-05 18:44:40,347 : INFO : EventManager : Event: ======'machine_var_audits_shots_lane_E'====== Args={'value': 139, 'prev_value': None, 'change': True}
2024-09-05 18:44:40,348 : INFO : EventManager : Event: ======'machine_var_audits_shots_lock_lit_1'====== Args={'value': 1594, 'prev_value': None, 'change': True}
2024-09-05 18:44:40,348 : INFO : EventManager : Event: ======'machine_var_audits_shots_lock_lit_2'====== Args={'value': 1508, 'prev_value': None, 'change': True}
2024-09-05 18:44:40,348 : INFO : EventManager : Event: ======'machine_var_audits_shots_ricochet_1'====== Args={'value': 173, 'prev_value': None, 'change': True}
2024-09-05 18:44:40,348 : INFO : EventManager : Event: ======'machine_var_audits_shots_ricochet_2'====== Args={'value': 685, 'prev_value': None, 'change': True}
2024-09-05 18:44:40,349 : INFO : EventManager : Event: ======'machine_var_audits_shots_ricochet_3'====== Args={'value': 91, 'prev_value': None, 'change': True}
2024-09-05 18:44:40,349 : INFO : EventManager : Event: ======'machine_var_audits_shots_ricochet_4'====== Args={'value': 49, 'prev_value': None, 'change': True}
2024-09-05 18:44:40,349 : INFO : EventManager : Event: ======'machine_var_audits_shots_ricochet_5'====== Args={'value': 3, 'prev_value': None, 'change': True}
2024-09-05 18:44:40,350 : INFO : EventManager : Event: ======'machine_var_audits_switches_s_action_button'====== Args={'value': 45, 'prev_value': None, 'change': True}
2024-09-05 18:44:40,350 : INFO : EventManager : Event: ======'machine_var_audits_switches_s_bumper_1'====== Args={'value': 735, 'prev_value': None, 'change': True}
2024-09-05 18:44:40,350 : INFO : EventManager : Event: ======'machine_var_audits_switches_s_bumper_2'====== Args={'value': 223, 'prev_value': None, 'change': True}
2024-09-05 18:44:40,351 : INFO : EventManager : Event: ======'machine_var_audits_switches_s_bumper_3'====== Args={'value': 667, 'prev_value': None, 'change': True}
2024-09-05 18:44:40,351 : INFO : EventManager : Event: ======'machine_var_audits_switches_s_center_ramp'====== Args={'value': 114, 'prev_value': None, 'change': True}
2024-09-05 18:44:40,351 : INFO : EventManager : Event: ======'machine_var_audits_switches_s_citadel'====== Args={'value': 75, 'prev_value': None, 'change': True}
2024-09-05 18:44:40,351 : INFO : EventManager : Event: ======'machine_var_audits_switches_s_citadel_lock'====== Args={'value': 255, 'prev_value': None, 'change': True}
2024-09-05 18:44:40,352 : INFO : EventManager : Event: ======'machine_var_audits_switches_s_conning_tower'====== Args={'value': 4, 'prev_value': None, 'change': True}
2024-09-05 18:44:40,352 : INFO : EventManager : Event: ======'machine_var_audits_switches_s_detonation'====== Args={'value': 172, 'prev_value': None, 'change': True}
2024-09-05 18:44:40,352 : INFO : EventManager : Event: ======'machine_var_audits_switches_s_detonation_lit'====== Args={'value': 24, 'prev_value': None, 'change': True}
2024-09-05 18:44:40,352 : INFO : EventManager : Event: ======'machine_var_audits_switches_s_dmg_1'====== Args={'value': 2704, 'prev_value': None, 'change': True}
2024-09-05 18:44:40,353 : INFO : EventManager : Event: ======'machine_var_audits_switches_s_dmg_2'====== Args={'value': 65, 'prev_value': None, 'change': True}
2024-09-05 18:44:40,353 : INFO : EventManager : Event: ======'machine_var_audits_switches_s_dmg_3'====== Args={'value': 20, 'prev_value': None, 'change': True}
2024-09-05 18:44:40,353 : INFO : EventManager : Event: ======'machine_var_audits_switches_s_dmg_4'====== Args={'value': 27, 'prev_value': None, 'change': True}
2024-09-05 18:44:40,354 : INFO : EventManager : Event: ======'machine_var_audits_switches_s_dmg_5'====== Args={'value': 26, 'prev_value': None, 'change': True}
2024-09-05 18:44:40,354 : INFO : EventManager : Event: ======'machine_var_audits_switches_s_dmg_6'====== Args={'value': 139, 'prev_value': None, 'change': True}
2024-09-05 18:44:40,354 : INFO : EventManager : Event: ======'machine_var_audits_switches_s_dmg_7'====== Args={'value': 293, 'prev_value': None, 'change': True}
2024-09-05 18:44:40,354 : INFO : EventManager : Event: ======'machine_var_audits_switches_s_drop_target'====== Args={'value': 2094, 'prev_value': None, 'change': True}
2024-09-05 18:44:40,355 : INFO : EventManager : Event: ======'machine_var_audits_switches_s_jet_hole'====== Args={'value': 0, 'prev_value': None, 'change': True}
2024-09-05 18:44:40,355 : INFO : EventManager : Event: ======'machine_var_audits_switches_s_jet_lane'====== Args={'value': 1, 'prev_value': None, 'change': True}
2024-09-05 18:44:40,355 : INFO : EventManager : Event: ======'machine_var_audits_switches_s_kickback'====== Args={'value': 0, 'prev_value': None, 'change': True}
2024-09-05 18:44:40,356 : INFO : EventManager : Event: ======'machine_var_audits_switches_s_kickback_target_1'====== Args={'value': 0, 'prev_value': None, 'change': True}
2024-09-05 18:44:40,356 : INFO : EventManager : Event: ======'machine_var_audits_switches_s_kickback_target_2'====== Args={'value': 0, 'prev_value': None, 'change': True}
2024-09-05 18:44:40,357 : INFO : EventManager : Event: ======'machine_var_audits_switches_s_kickback_target_3'====== Args={'value': 6, 'prev_value': None, 'change': True}
2024-09-05 18:44:40,357 : INFO : EventManager : Event: ======'machine_var_audits_switches_s_kickback_terget_1'====== Args={'value': 0, 'prev_value': None, 'change': True}
2024-09-05 18:44:40,358 : INFO : EventManager : Event: ======'machine_var_audits_switches_s_left_flipper'====== Args={'value': 1472, 'prev_value': None, 'change': True}
2024-09-05 18:44:40,358 : INFO : EventManager : Event: ======'machine_var_audits_switches_s_left_hole'====== Args={'value': 0, 'prev_value': None, 'change': True}
2024-09-05 18:44:40,359 : INFO : EventManager : Event: ======'machine_var_audits_switches_s_left_inlane'====== Args={'value': 349, 'prev_value': None, 'change': True}
2024-09-05 18:44:40,359 : INFO : EventManager : Event: ======'machine_var_audits_switches_s_left_loop_made'====== Args={'value': 244, 'prev_value': None, 'change': True}
2024-09-05 18:44:40,359 : INFO : EventManager : Event: ======'machine_var_audits_switches_s_left_loop_pre'====== Args={'value': 201, 'prev_value': None, 'change': True}
2024-09-05 18:44:40,360 : INFO : EventManager : Event: ======'machine_var_audits_switches_s_left_mid_inlane'====== Args={'value': 146, 'prev_value': None, 'change': True}
2024-09-05 18:44:40,360 : INFO : EventManager : Event: ======'machine_var_audits_switches_s_left_outlane'====== Args={'value': 125, 'prev_value': None, 'change': True}
2024-09-05 18:44:40,361 : INFO : EventManager : Event: ======'machine_var_audits_switches_s_left_ramp_made'====== Args={'value': 2009, 'prev_value': None, 'change': True}
2024-09-05 18:44:40,361 : INFO : EventManager : Event: ======'machine_var_audits_switches_s_left_ramp_pre'====== Args={'value': 273, 'prev_value': None, 'change': True}
2024-09-05 18:44:40,362 : INFO : EventManager : Event: ======'machine_var_audits_switches_s_left_slingshot'====== Args={'value': 33, 'prev_value': None, 'change': True}
2024-09-05 18:44:40,362 : INFO : EventManager : Event: ======'machine_var_audits_switches_s_lock_1'====== Args={'value': 427, 'prev_value': None, 'change': True}
2024-09-05 18:44:40,362 : INFO : EventManager : Event: ======'machine_var_audits_switches_s_lock_2'====== Args={'value': 439, 'prev_value': None, 'change': True}
2024-09-05 18:44:40,376 : INFO : EventManager : Event: ======'machine_var_audits_switches_s_lock_3'====== Args={'value': 522, 'prev_value': None, 'change': True}
2024-09-05 18:44:40,376 : INFO : EventManager : Event: ======'machine_var_audits_switches_s_magnet_switch'====== Args={'value': 0, 'prev_value': None, 'change': True}
2024-09-05 18:44:40,377 : INFO : EventManager : Event: ======'machine_var_audits_switches_s_main_hole'====== Args={'value': 1061, 'prev_value': None, 'change': True}
2024-09-05 18:44:40,377 : INFO : EventManager : Event: ======'machine_var_audits_switches_s_pen_1'====== Args={'value': 819, 'prev_value': None, 'change': True}
2024-09-05 18:44:40,378 : INFO : EventManager : Event: ======'machine_var_audits_switches_s_pen_2'====== Args={'value': 96, 'prev_value': None, 'change': True}
2024-09-05 18:44:40,378 : INFO : EventManager : Event: ======'machine_var_audits_switches_s_pen_3'====== Args={'value': 322, 'prev_value': None, 'change': True}
2024-09-05 18:44:40,378 : INFO : EventManager : Event: ======'machine_var_audits_switches_s_pen_4'====== Args={'value': 5, 'prev_value': None, 'change': True}
2024-09-05 18:44:40,379 : INFO : EventManager : Event: ======'machine_var_audits_switches_s_pen_5'====== Args={'value': 2, 'prev_value': None, 'change': True}
2024-09-05 18:44:40,379 : INFO : EventManager : Event: ======'machine_var_audits_switches_s_pen_6'====== Args={'value': 8, 'prev_value': None, 'change': True}
2024-09-05 18:44:40,380 : INFO : EventManager : Event: ======'machine_var_audits_switches_s_plunger'====== Args={'value': 4088, 'prev_value': None, 'change': True}
2024-09-05 18:44:40,380 : INFO : EventManager : Event: ======'machine_var_audits_switches_s_plunger_button'====== Args={'value': 5, 'prev_value': None, 'change': True}
2024-09-05 18:44:40,380 : INFO : EventManager : Event: ======'machine_var_audits_switches_s_ricochet_1'====== Args={'value': 197, 'prev_value': None, 'change': True}
2024-09-05 18:44:40,381 : INFO : EventManager : Event: ======'machine_var_audits_switches_s_ricochet_2'====== Args={'value': 692, 'prev_value': None, 'change': True}
2024-09-05 18:44:40,381 : INFO : EventManager : Event: ======'machine_var_audits_switches_s_ricochet_3'====== Args={'value': 93, 'prev_value': None, 'change': True}
2024-09-05 18:44:40,381 : INFO : EventManager : Event: ======'machine_var_audits_switches_s_ricochet_4'====== Args={'value': 54, 'prev_value': None, 'change': True}
2024-09-05 18:44:40,382 : INFO : EventManager : Event: ======'machine_var_audits_switches_s_ricochet_5'====== Args={'value': 8, 'prev_value': None, 'change': True}
2024-09-05 18:44:40,382 : INFO : EventManager : Event: ======'machine_var_audits_switches_s_right_flipper'====== Args={'value': 4236, 'prev_value': None, 'change': True}
2024-09-05 18:44:40,382 : INFO : EventManager : Event: ======'machine_var_audits_switches_s_right_hole'====== Args={'value': 26, 'prev_value': None, 'change': True}
2024-09-05 18:44:40,383 : INFO : EventManager : Event: ======'machine_var_audits_switches_s_right_inlane'====== Args={'value': 363, 'prev_value': None, 'change': True}
2024-09-05 18:44:40,383 : INFO : EventManager : Event: ======'machine_var_audits_switches_s_right_loop_made'====== Args={'value': 83, 'prev_value': None, 'change': True}
2024-09-05 18:44:40,384 : INFO : EventManager : Event: ======'machine_var_audits_switches_s_right_loop_pre'====== Args={'value': 71, 'prev_value': None, 'change': True}
2024-09-05 18:44:40,384 : INFO : EventManager : Event: ======'machine_var_audits_switches_s_right_outlane'====== Args={'value': 141, 'prev_value': None, 'change': True}
2024-09-05 18:44:40,384 : INFO : EventManager : Event: ======'machine_var_audits_switches_s_right_ramp_made'====== Args={'value': 1706, 'prev_value': None, 'change': True}
2024-09-05 18:44:40,385 : INFO : EventManager : Event: ======'machine_var_audits_switches_s_right_ramp_pre'====== Args={'value': 83, 'prev_value': None, 'change': True}
2024-09-05 18:44:40,385 : INFO : EventManager : Event: ======'machine_var_audits_switches_s_right_slingshot'====== Args={'value': 132, 'prev_value': None, 'change': True}
2024-09-05 18:44:40,385 : INFO : EventManager : Event: ======'machine_var_audits_switches_s_right_small_ramp'====== Args={'value': 0, 'prev_value': None, 'change': True}
2024-09-05 18:44:40,386 : INFO : EventManager : Event: ======'machine_var_audits_switches_s_right_tunnel'====== Args={'value': 0, 'prev_value': None, 'change': True}
2024-09-05 18:44:40,386 : INFO : EventManager : Event: ======'machine_var_audits_switches_s_saucer'====== Args={'value': 0, 'prev_value': None, 'change': True}
2024-09-05 18:44:40,387 : INFO : EventManager : Event: ======'machine_var_audits_switches_s_side_hole'====== Args={'value': 318, 'prev_value': None, 'change': True}
2024-09-05 18:44:40,388 : INFO : EventManager : Event: ======'machine_var_audits_switches_s_side_ramp_made'====== Args={'value': 1132, 'prev_value': None, 'change': True}
2024-09-05 18:44:40,388 : INFO : EventManager : Event: ======'machine_var_audits_switches_s_side_ramp_pre'====== Args={'value': 113, 'prev_value': None, 'change': True}
2024-09-05 18:44:40,388 : INFO : EventManager : Event: ======'machine_var_audits_switches_s_spinner'====== Args={'value': 0, 'prev_value': None, 'change': True}
2024-09-05 18:44:40,389 : INFO : EventManager : Event: ======'machine_var_audits_switches_s_start'====== Args={'value': 150, 'prev_value': None, 'change': True}
2024-09-05 18:44:40,389 : INFO : EventManager : Event: ======'machine_var_audits_switches_s_torpedo'====== Args={'value': 739, 'prev_value': None, 'change': True}
2024-09-05 18:44:40,390 : INFO : EventManager : Event: ======'machine_var_audits_switches_s_torpedo_lane'====== Args={'value': 2, 'prev_value': None, 'change': True}
2024-09-05 18:44:40,390 : INFO : EventManager : Event: ======'machine_var_audits_switches_s_torpedo_pre'====== Args={'value': 0, 'prev_value': None, 'change': True}
2024-09-05 18:44:40,391 : INFO : EventManager : Event: ======'machine_var_audits_switches_s_trough1'====== Args={'value': 658, 'prev_value': None, 'change': True}
2024-09-05 18:44:40,391 : INFO : EventManager : Event: ======'machine_var_audits_switches_s_trough2'====== Args={'value': 105, 'prev_value': None, 'change': True}
2024-09-05 18:44:40,392 : INFO : EventManager : Event: ======'machine_var_audits_switches_s_trough3'====== Args={'value': 82, 'prev_value': None, 'change': True}
2024-09-05 18:44:40,392 : INFO : EventManager : Event: ======'machine_var_audits_switches_s_trough4'====== Args={'value': 34, 'prev_value': None, 'change': True}
2024-09-05 18:44:40,393 : INFO : EventManager : Event: ======'machine_var_audits_switches_s_trough5'====== Args={'value': 2, 'prev_value': None, 'change': True}
2024-09-05 18:44:40,394 : INFO : EventManager : Event: ======'machine_var_audits_switches_s_trough6'====== Args={'value': 1, 'prev_value': None, 'change': True}
2024-09-05 18:44:40,394 : INFO : EventManager : Event: ======'machine_var_audits_switches_s_trough_jam'====== Args={'value': 0, 'prev_value': None, 'change': True}
2024-09-05 18:44:40,395 : INFO : EventManager : Event: ======'init_phase_5'====== Args={}
2024-09-05 18:44:40,417 : INFO : EventManager : Event: ======'init_done'====== Args={}
2024-09-05 18:44:40,418 : INFO : EventManager : Event: ======'machine_reset_phase_1'====== Args={}
2024-09-05 18:44:40,435 : INFO : EventManager : Event: ======'machine_reset_phase_2'====== Args={}
2024-09-05 18:44:40,435 : INFO : EventManager : Event: ======'machine_reset_phase_3'====== Args={}
2024-09-05 18:44:40,436 : INFO : EventManager : Event: ======'diverter_citadel_diverter_deactivating'====== Args={}
2024-09-05 18:44:40,436 : INFO : coil.c_loop_diverter : Disabling Driver
2024-09-05 18:44:40,436 : INFO : EventManager : Event: ======'diverter_torpedo_peg_deactivating'====== Args={}
2024-09-05 18:44:40,436 : INFO : coil.c_torpedo_peg : Disabling Driver
2024-09-05 18:44:40,436 : INFO : EventManager : Event: ======'reset_complete'====== Args={}
2024-09-05 18:44:40,436 : INFO : EventManager : Event: ======'mode_attract_will_start'====== Args={}
2024-09-05 18:44:40,436 : INFO : EventManager : Event: ======'mode_attract_starting'====== Args={}
2024-09-05 18:44:40,436 : INFO : Mode.attract : Started. Priority: 10
2024-09-05 18:44:40,436 : INFO : EventManager : Event: ======'modes_active_modes_changed'====== Args={}
2024-09-05 18:44:40,436 : INFO : EventManager : Event: ======'mode_attract_started'====== Args={}
2024-09-05 18:44:40,437 : INFO : EventManager : Event: ======'collecting_balls_complete'====== Args={}
2024-09-05 18:44:40,490 : INFO : EventManager : Event: ======'slide_attract_game_over_slide_created'====== Args={'_from_bcp': True}
2024-09-05 18:44:40,490 : INFO : EventManager : Event: ======'slide_attract_game_over_slide_active'====== Args={'_from_bcp': True}
2024-09-05 18:44:40,490 : INFO : Machine : Starting the main run loop.
2024-09-05 18:44:40,692 : INFO : BcpServer : New client connected.
2024-09-05 18:44:42,090 : INFO : SwitchController : <<<<<<< 's_start' active >>>>>>>
2024-09-05 18:44:42,158 : INFO : SwitchController : <<<<<<< 's_start' inactive >>>>>>>
2024-09-05 18:44:42,159 : INFO : EventManager : Event: ======'request_to_start_game'====== Args={}
2024-09-05 18:44:42,159 : INFO : EventManager : Event: ======'game_start'====== Args={'buttons': [], 'hold_time': 0.07800000000003138}
2024-09-05 18:44:42,159 : INFO : EventManager : Event: ======'mode_game_will_start'====== Args={'buttons': [], 'hold_time': 0.07800000000003138}
2024-09-05 18:44:42,162 : INFO : EventManager : Event: ======'mode_game_starting'====== Args={'buttons': [], 'hold_time': 0.07800000000003138}
2024-09-05 18:44:42,163 : INFO : EventManager : Event: ======'mode_attract_will_stop'====== Args={}
2024-09-05 18:44:42,163 : INFO : EventManager : Event: ======'mode_attract_stopping'====== Args={}
2024-09-05 18:44:42,163 : INFO : Mode.attract : Stopped.
2024-09-05 18:44:42,163 : INFO : EventManager : Event: ======'modes_active_modes_changed'====== Args={}
2024-09-05 18:44:42,163 : INFO : EventManager : Event: ======'mode_attract_stopped'====== Args={}
2024-09-05 18:44:42,164 : INFO : EventManager : Event: ======'clear'====== Args={'key': 'attract'}
2024-09-05 18:44:42,164 : INFO : Mode.game : Started. Priority: 20
2024-09-05 18:44:42,164 : INFO : EventManager : Event: ======'modes_active_modes_changed'====== Args={}
2024-09-05 18:44:42,164 : INFO : EventManager : Event: ======'mode_game_started'====== Args={'buttons': [], 'hold_time': 0.07800000000003138}
2024-09-05 18:44:42,175 : INFO : EventManager : Event: ======'game_will_start'====== Args={}
2024-09-05 18:44:42,190 : INFO : EventManager : Event: ======'slide_attract_game_over_slide_removed'====== Args={'_from_bcp': True}
2024-09-05 18:44:42,190 : INFO : EventManager : Event: ======'slide_dmd_blank_active'====== Args={'_from_bcp': True}
2024-09-05 18:44:42,190 : INFO : EventManager : Event: ======'game_starting'====== Args={'game': <Mode.game>}
2024-09-05 18:44:42,191 : INFO : EventManager : Event: ======'player_add_request'====== Args={}
2024-09-05 18:44:42,191 : INFO : EventManager : Event: ======'player_will_add'====== Args={'number': 1}
2024-09-05 18:44:42,193 : INFO : EventManager : Event: ======'player_adding'====== Args={'player': <Player 1>, 'number': 1}
2024-09-05 18:44:42,193 : INFO : EventManager : Event: ======'player_added'====== Args={'player': <Player 1>, 'num': 1}
2024-09-05 18:44:42,194 : INFO : Mode.game : Player added successfully. Total players: 1
2024-09-05 18:44:42,194 : INFO : EventManager : Event: ======'player_index'====== Args={'value': 0, 'prev_value': 0, 'change': 0, 'player_num': 1}
2024-09-05 18:44:42,194 : INFO : EventManager : Event: ======'player_number'====== Args={'value': 1, 'prev_value': 1, 'change': 0, 'player_num': 1}
2024-09-05 18:44:42,194 : INFO : EventManager : Event: ======'player_ReceivedDMG'====== Args={'value': 0, 'prev_value': 0, 'change': 0, 'player_num': 1}
2024-09-05 18:44:42,194 : INFO : EventManager : Event: ======'player_DMGValue'====== Args={'value': 10000000, 'prev_value': 10000000, 'change': 0, 'player_num': 1}
2024-09-05 18:44:42,194 : INFO : EventManager : Event: ======'player_JetValue'====== Args={'value': 5000000, 'prev_value': 5000000, 'change': 0, 'player_num': 1}
2024-09-05 18:44:42,195 : INFO : EventManager : Event: ======'player_BonusX'====== Args={'value': 0, 'prev_value': 0, 'change': 0, 'player_num': 1}
2024-09-05 18:44:42,195 : INFO : EventManager : Event: ======'player_m1shotmade'====== Args={'value': 0, 'prev_value': 0, 'change': 0, 'player_num': 1}
2024-09-05 18:44:42,196 : INFO : EventManager : Event: ======'player_m2shotmade'====== Args={'value': 0, 'prev_value': 0, 'change': 0, 'player_num': 1}
2024-09-05 18:44:42,196 : INFO : EventManager : Event: ======'player_m3shotmade'====== Args={'value': 0, 'prev_value': 0, 'change': 0, 'player_num': 1}
2024-09-05 18:44:42,196 : INFO : EventManager : Event: ======'player_m4shotmade'====== Args={'value': 0, 'prev_value': 0, 'change': 0, 'player_num': 1}
2024-09-05 18:44:42,196 : INFO : EventManager : Event: ======'player_m5shotmade'====== Args={'value': 0, 'prev_value': 0, 'change': 0, 'player_num': 1}
2024-09-05 18:44:42,197 : INFO : EventManager : Event: ======'player_m6shotmade'====== Args={'value': 0, 'prev_value': 0, 'change': 0, 'player_num': 1}
2024-09-05 18:44:42,197 : INFO : EventManager : Event: ======'player_m7shotmade'====== Args={'value': 0, 'prev_value': 0, 'change': 0, 'player_num': 1}
2024-09-05 18:44:42,197 : INFO : EventManager : Event: ======'player_m8shotmade'====== Args={'value': 0, 'prev_value': 0, 'change': 0, 'player_num': 1}
2024-09-05 18:44:42,197 : INFO : EventManager : Event: ======'player_m9shotmade'====== Args={'value': 0, 'prev_value': 0, 'change': 0, 'player_num': 1}
2024-09-05 18:44:42,198 : INFO : EventManager : Event: ======'player_m1_active'====== Args={'value': 0, 'prev_value': 0, 'change': 0, 'player_num': 1}
2024-09-05 18:44:42,198 : INFO : EventManager : Event: ======'player_m2_active'====== Args={'value': 0, 'prev_value': 0, 'change': 0, 'player_num': 1}
2024-09-05 18:44:42,198 : INFO : EventManager : Event: ======'player_m3_active'====== Args={'value': 0, 'prev_value': 0, 'change': 0, 'player_num': 1}
2024-09-05 18:44:42,198 : INFO : EventManager : Event: ======'player_m4_active'====== Args={'value': 0, 'prev_value': 0, 'change': 0, 'player_num': 1}
2024-09-05 18:44:42,199 : INFO : EventManager : Event: ======'player_m5_active'====== Args={'value': 0, 'prev_value': 0, 'change': 0, 'player_num': 1}
2024-09-05 18:44:42,199 : INFO : EventManager : Event: ======'player_m6_active'====== Args={'value': 0, 'prev_value': 0, 'change': 0, 'player_num': 1}
2024-09-05 18:44:42,199 : INFO : EventManager : Event: ======'player_m7_active'====== Args={'value': 0, 'prev_value': 0, 'change': 0, 'player_num': 1}
2024-09-05 18:44:42,199 : INFO : EventManager : Event: ======'player_m8_active'====== Args={'value': 0, 'prev_value': 0, 'change': 0, 'player_num': 1}
2024-09-05 18:44:42,200 : INFO : EventManager : Event: ======'player_m9_active'====== Args={'value': 0, 'prev_value': 0, 'change': 0, 'player_num': 1}
2024-09-05 18:44:42,200 : INFO : EventManager : Event: ======'player_m1shotremaining'====== Args={'value': 4, 'prev_value': 4, 'change': 0, 'player_num': 1}
2024-09-05 18:44:42,200 : INFO : EventManager : Event: ======'player_m2shotremaining'====== Args={'value': 20, 'prev_value': 20, 'change': 0, 'player_num': 1}
2024-09-05 18:44:42,200 : INFO : EventManager : Event: ======'player_m3shotremaining'====== Args={'value': 4, 'prev_value': 4, 'change': 0, 'player_num': 1}
2024-09-05 18:44:42,201 : INFO : EventManager : Event: ======'player_m4shotremaining'====== Args={'value': 4, 'prev_value': 4, 'change': 0, 'player_num': 1}
2024-09-05 18:44:42,201 : INFO : EventManager : Event: ======'player_m5shotremaining'====== Args={'value': 4, 'prev_value': 4, 'change': 0, 'player_num': 1}
2024-09-05 18:44:42,201 : INFO : EventManager : Event: ======'player_m6shotremaining'====== Args={'value': 4, 'prev_value': 4, 'change': 0, 'player_num': 1}
2024-09-05 18:44:42,201 : INFO : EventManager : Event: ======'player_m7shotremaining'====== Args={'value': 4, 'prev_value': 4, 'change': 0, 'player_num': 1}
2024-09-05 18:44:42,202 : INFO : EventManager : Event: ======'player_m8shotremaining'====== Args={'value': 4, 'prev_value': 4, 'change': 0, 'player_num': 1}
2024-09-05 18:44:42,202 : INFO : EventManager : Event: ======'player_m9shotremaining'====== Args={'value': 4, 'prev_value': 4, 'change': 0, 'player_num': 1}
2024-09-05 18:44:42,202 : INFO : EventManager : Event: ======'player_m1entrynumber_m'====== Args={'value': 1, 'prev_value': 1, 'change': 0, 'player_num': 1}
2024-09-05 18:44:42,202 : INFO : EventManager : Event: ======'player_m2entrynumber_m'====== Args={'value': 1, 'prev_value': 1, 'change': 0, 'player_num': 1}
2024-09-05 18:44:42,202 : INFO : EventManager : Event: ======'player_m3entrynumber_m'====== Args={'value': 1, 'prev_value': 1, 'change': 0, 'player_num': 1}
2024-09-05 18:44:42,203 : INFO : EventManager : Event: ======'player_m4entrynumber_m'====== Args={'value': 1, 'prev_value': 1, 'change': 0, 'player_num': 1}
2024-09-05 18:44:42,203 : INFO : EventManager : Event: ======'player_m5entrynumber_m'====== Args={'value': 1, 'prev_value': 1, 'change': 0, 'player_num': 1}
2024-09-05 18:44:42,203 : INFO : EventManager : Event: ======'player_m6entrynumber_m'====== Args={'value': 1, 'prev_value': 1, 'change': 0, 'player_num': 1}
2024-09-05 18:44:42,203 : INFO : EventManager : Event: ======'player_m7entrynumber_m'====== Args={'value': 1, 'prev_value': 1, 'change': 0, 'player_num': 1}
2024-09-05 18:44:42,204 : INFO : EventManager : Event: ======'player_m8entrynumber_m'====== Args={'value': 1, 'prev_value': 1, 'change': 0, 'player_num': 1}
2024-09-05 18:44:42,204 : INFO : EventManager : Event: ======'player_m9entrynumber_m'====== Args={'value': 1, 'prev_value': 1, 'change': 0, 'player_num': 1}
2024-09-05 18:44:42,204 : INFO : EventManager : Event: ======'player_m1entrynumber'====== Args={'value': 0, 'prev_value': 0, 'change': 0, 'player_num': 1}
2024-09-05 18:44:42,204 : INFO : EventManager : Event: ======'player_m2entrynumber'====== Args={'value': 0, 'prev_value': 0, 'change': 0, 'player_num': 1}
2024-09-05 18:44:42,205 : INFO : EventManager : Event: ======'player_m3entrynumber'====== Args={'value': 0, 'prev_value': 0, 'change': 0, 'player_num': 1}
2024-09-05 18:44:42,205 : INFO : EventManager : Event: ======'player_m4entrynumber'====== Args={'value': 0, 'prev_value': 0, 'change': 0, 'player_num': 1}
2024-09-05 18:44:42,205 : INFO : EventManager : Event: ======'player_m5entrynumber'====== Args={'value': 0, 'prev_value': 0, 'change': 0, 'player_num': 1}
2024-09-05 18:44:42,205 : INFO : EventManager : Event: ======'player_m6entrynumber'====== Args={'value': 0, 'prev_value': 0, 'change': 0, 'player_num': 1}
2024-09-05 18:44:42,206 : INFO : EventManager : Event: ======'player_m7entrynumber'====== Args={'value': 0, 'prev_value': 0, 'change': 0, 'player_num': 1}
2024-09-05 18:44:42,206 : INFO : EventManager : Event: ======'player_m8entrynumber'====== Args={'value': 0, 'prev_value': 0, 'change': 0, 'player_num': 1}
2024-09-05 18:44:42,206 : INFO : EventManager : Event: ======'player_m9entrynumber'====== Args={'value': 0, 'prev_value': 0, 'change': 0, 'player_num': 1}
2024-09-05 18:44:42,206 : INFO : EventManager : Event: ======'player_m10_finished'====== Args={'value': 0, 'prev_value': 0, 'change': 0, 'player_num': 1}
2024-09-05 18:44:42,206 : INFO : EventManager : Event: ======'player_mode_shot_enabled'====== Args={'value': 0, 'prev_value': 0, 'change': 0, 'player_num': 1}
2024-09-05 18:44:42,207 : INFO : EventManager : Event: ======'player_mode_shot_made'====== Args={'value': 0, 'prev_value': 0, 'change': 0, 'player_num': 1}
2024-09-05 18:44:42,207 : INFO : EventManager : Event: ======'player_completed_modes'====== Args={'value': 0, 'prev_value': 0, 'change': 0, 'player_num': 1}
2024-09-05 18:44:42,207 : INFO : EventManager : Event: ======'player_dmg_con_last_jackpot'====== Args={'value': 10000000, 'prev_value': 10000000, 'change': 0, 'player_num': 1}
2024-09-05 18:44:42,207 : INFO : EventManager : Event: ======'player_aa_fire_timer_active'====== Args={'value': 0, 'prev_value': 0, 'change': 0, 'player_num': 1}
2024-09-05 18:44:42,208 : INFO : EventManager : Event: ======'player_lock_lit_1_state'====== Args={'value': 0, 'prev_value': 0, 'change': 0, 'player_num': 1}
2024-09-05 18:44:42,208 : INFO : EventManager : Event: ======'player_lock_lit_2_state'====== Args={'value': 0, 'prev_value': 0, 'change': 0, 'player_num': 1}
2024-09-05 18:44:42,208 : INFO : EventManager : Event: ======'player_freeze_started'====== Args={'value': 0, 'prev_value': 0, 'change': 0, 'player_num': 1}
2024-09-05 18:44:42,208 : INFO : EventManager : Event: ======'player_timer_height'====== Args={'value': 0.0, 'prev_value': 0.0, 'change': 0, 'player_num': 1}
2024-09-05 18:44:42,209 : INFO : EventManager : Event: ======'player_citadel_number'====== Args={'value': 0, 'prev_value': 0, 'change': 0, 'player_num': 1}
2024-09-05 18:44:42,209 : INFO : EventManager : Event: ======'player_torpedo_number'====== Args={'value': 0, 'prev_value': 0, 'change': 0, 'player_num': 1}
2024-09-05 18:44:42,209 : INFO : EventManager : Event: ======'player_citadel_load_number'====== Args={'value': 3, 'prev_value': 3, 'change': 0, 'player_num': 1}
2024-09-05 18:44:42,209 : INFO : EventManager : Event: ======'player_torpedo_load_number'====== Args={'value': 3, 'prev_value': 3, 'change': 0, 'player_num': 1}
2024-09-05 18:44:42,210 : INFO : EventManager : Event: ======'player_citadel_ready'====== Args={'value': 0, 'prev_value': 0, 'change': 0, 'player_num': 1}
2024-09-05 18:44:42,210 : INFO : EventManager : Event: ======'player_torpedo_ready'====== Args={'value': 0, 'prev_value': 0, 'change': 0, 'player_num': 1}
2024-09-05 18:44:42,210 : INFO : EventManager : Event: ======'player_torpedo_dmg'====== Args={'value': 10.0, 'prev_value': 10.0, 'change': 0, 'player_num': 1}
2024-09-05 18:44:42,210 : INFO : EventManager : Event: ======'player_citadel_dmg'====== Args={'value': 10.0, 'prev_value': 10.0, 'change': 0, 'player_num': 1}
2024-09-05 18:44:42,211 : INFO : EventManager : Event: ======'player_fire_dmg'====== Args={'value': 10.0, 'prev_value': 10.0, 'change': 0, 'player_num': 1}
2024-09-05 18:44:42,211 : INFO : EventManager : Event: ======'player_penetration_dmg'====== Args={'value': 10.0, 'prev_value': 10.0, 'change': 0, 'player_num': 1}
2024-09-05 18:44:42,211 : INFO : EventManager : Event: ======'player_modeshotremaining'====== Args={'value': -1, 'prev_value': -1, 'change': 0, 'player_num': 1}
2024-09-05 18:44:42,211 : INFO : EventManager : Event: ======'player_super_lock'====== Args={'value': 0, 'prev_value': 0, 'change': 0, 'player_num': 1}
2024-09-05 18:44:42,211 : INFO : EventManager : Event: ======'player_container_lit'====== Args={'value': 0, 'prev_value': 0, 'change': 0, 'player_num': 1}
2024-09-05 18:44:42,212 : INFO : EventManager : Event: ======'player_addaball_lit'====== Args={'value': 0, 'prev_value': 0, 'change': 0, 'player_num': 1}
2024-09-05 18:44:42,212 : INFO : EventManager : Event: ======'player_more_time_lit'====== Args={'value': 0, 'prev_value': 0, 'change': 0, 'player_num': 1}
2024-09-05 18:44:42,212 : INFO : EventManager : Event: ======'player_ship'====== Args={'value': 'None', 'prev_value': 'None', 'change': False, 'player_num': 1}
2024-09-05 18:44:42,212 : INFO : EventManager : Event: ======'player_language'====== Args={'value': 'None', 'prev_value': 'None', 'change': False, 'player_num': 1}
2024-09-05 18:44:42,213 : INFO : EventManager : Event: ======'player_battle_bumper'====== Args={'value': 'fire', 'prev_value': 'fire', 'change': False, 'player_num': 1}
2024-09-05 18:44:42,213 : INFO : EventManager : Event: ======'player_fire_1_active'====== Args={'value': 0, 'prev_value': 0, 'change': 0, 'player_num': 1}
2024-09-05 18:44:42,213 : INFO : EventManager : Event: ======'player_fire_2_active'====== Args={'value': 0, 'prev_value': 0, 'change': 0, 'player_num': 1}
2024-09-05 18:44:42,213 : INFO : EventManager : Event: ======'player_fire_3_active'====== Args={'value': 0, 'prev_value': 0, 'change': 0, 'player_num': 1}
2024-09-05 18:44:42,214 : INFO : EventManager : Event: ======'player_m1_shot_need'====== Args={'value': 0, 'prev_value': 0, 'change': 0, 'player_num': 1}
2024-09-05 18:44:42,228 : INFO : EventManager : Event: ======'player_m2_shot_need'====== Args={'value': 0, 'prev_value': 0, 'change': 0, 'player_num': 1}
2024-09-05 18:44:42,229 : INFO : EventManager : Event: ======'player_m3_shot_need'====== Args={'value': 0, 'prev_value': 0, 'change': 0, 'player_num': 1}
2024-09-05 18:44:42,229 : INFO : EventManager : Event: ======'player_m4_shot_need'====== Args={'value': 0, 'prev_value': 0, 'change': 0, 'player_num': 1}
2024-09-05 18:44:42,229 : INFO : EventManager : Event: ======'player_m5_shot_need'====== Args={'value': 0, 'prev_value': 0, 'change': 0, 'player_num': 1}
2024-09-05 18:44:42,230 : INFO : EventManager : Event: ======'player_m6_shot_need'====== Args={'value': 0, 'prev_value': 0, 'change': 0, 'player_num': 1}
2024-09-05 18:44:42,230 : INFO : EventManager : Event: ======'player_m7_shot_need'====== Args={'value': 0, 'prev_value': 0, 'change': 0, 'player_num': 1}
2024-09-05 18:44:42,230 : INFO : EventManager : Event: ======'player_m8_shot_need'====== Args={'value': 0, 'prev_value': 0, 'change': 0, 'player_num': 1}
2024-09-05 18:44:42,230 : INFO : EventManager : Event: ======'player_m9_shot_need'====== Args={'value': 0, 'prev_value': 0, 'change': 0, 'player_num': 1}
2024-09-05 18:44:42,230 : INFO : EventManager : Event: ======'player_m10_shot_need'====== Args={'value': 0, 'prev_value': 0, 'change': 0, 'player_num': 1}
2024-09-05 18:44:42,231 : INFO : EventManager : Event: ======'player_m9_phase_1_active'====== Args={'value': 0, 'prev_value': 0, 'change': 0, 'player_num': 1}
2024-09-05 18:44:42,231 : INFO : EventManager : Event: ======'player_m9_phase_2_active'====== Args={'value': 0, 'prev_value': 0, 'change': 0, 'player_num': 1}
2024-09-05 18:44:42,231 : INFO : EventManager : Event: ======'player_bomb_number'====== Args={'value': 0, 'prev_value': 0, 'change': 0, 'player_num': 1}
2024-09-05 18:44:42,232 : INFO : EventManager : Event: ======'player_t_1_1_commander'====== Args={'value': 0, 'prev_value': 0, 'change': 0, 'player_num': 1}
2024-09-05 18:44:42,232 : INFO : EventManager : Event: ======'player_t_1_2_commander'====== Args={'value': 0, 'prev_value': 0, 'change': 0, 'player_num': 1}
2024-09-05 18:44:42,232 : INFO : EventManager : Event: ======'player_t_1_3_commander'====== Args={'value': 0, 'prev_value': 0, 'change': 0, 'player_num': 1}
2024-09-05 18:44:42,232 : INFO : EventManager : Event: ======'player_t_1_4_commander'====== Args={'value': 0, 'prev_value': 0, 'change': 0, 'player_num': 1}
2024-09-05 18:44:42,233 : INFO : EventManager : Event: ======'player_t_2_1_commander'====== Args={'value': 0, 'prev_value': 0, 'change': 0, 'player_num': 1}
2024-09-05 18:44:42,233 : INFO : EventManager : Event: ======'player_t_2_2_commander'====== Args={'value': 0, 'prev_value': 0, 'change': 0, 'player_num': 1}
2024-09-05 18:44:42,233 : INFO : EventManager : Event: ======'player_t_2_3_commander'====== Args={'value': 0, 'prev_value': 0, 'change': 0, 'player_num': 1}
2024-09-05 18:44:42,233 : INFO : EventManager : Event: ======'player_t_2_4_commander'====== Args={'value': 0, 'prev_value': 0, 'change': 0, 'player_num': 1}
2024-09-05 18:44:42,234 : INFO : EventManager : Event: ======'player_t_3_1_commander'====== Args={'value': 0, 'prev_value': 0, 'change': 0, 'player_num': 1}
2024-09-05 18:44:42,234 : INFO : EventManager : Event: ======'player_t_3_2_commander'====== Args={'value': 0, 'prev_value': 0, 'change': 0, 'player_num': 1}
2024-09-05 18:44:42,234 : INFO : EventManager : Event: ======'player_t_3_3_commander'====== Args={'value': 0, 'prev_value': 0, 'change': 0, 'player_num': 1}
2024-09-05 18:44:42,235 : INFO : EventManager : Event: ======'player_t_3_4_commander'====== Args={'value': 0, 'prev_value': 0, 'change': 0, 'player_num': 1}
2024-09-05 18:44:42,235 : INFO : EventManager : Event: ======'player_t_4_1_commander'====== Args={'value': 0, 'prev_value': 0, 'change': 0, 'player_num': 1}
2024-09-05 18:44:42,235 : INFO : EventManager : Event: ======'player_t_4_2_commander'====== Args={'value': 0, 'prev_value': 0, 'change': 0, 'player_num': 1}
2024-09-05 18:44:42,235 : INFO : EventManager : Event: ======'player_t_4_3_commander'====== Args={'value': 0, 'prev_value': 0, 'change': 0, 'player_num': 1}
2024-09-05 18:44:42,236 : INFO : EventManager : Event: ======'player_t_4_4_commander'====== Args={'value': 0, 'prev_value': 0, 'change': 0, 'player_num': 1}
2024-09-05 18:44:42,236 : INFO : EventManager : Event: ======'player_current_commander'====== Args={'value': 1, 'prev_value': 1, 'change': 0, 'player_num': 1}
2024-09-05 18:44:42,236 : INFO : EventManager : Event: ======'player_current_skill_points'====== Args={'value': 0, 'prev_value': 0, 'change': 0, 'player_num': 1}
2024-09-05 18:44:42,236 : INFO : EventManager : Event: ======'player_current_skill_level'====== Args={'value': 0, 'prev_value': 0, 'change': 0, 'player_num': 1}
2024-09-05 18:44:42,237 : INFO : EventManager : Event: ======'player_skill_lit'====== Args={'value': 0, 'prev_value': 0, 'change': 0, 'player_num': 1}
2024-09-05 18:44:42,237 : INFO : EventManager : Event: ======'player_bomb_1_active'====== Args={'value': 0, 'prev_value': 0, 'change': 0, 'player_num': 1}
2024-09-05 18:44:42,237 : INFO : EventManager : Event: ======'player_bomb_2_active'====== Args={'value': 0, 'prev_value': 0, 'change': 0, 'player_num': 1}
2024-09-05 18:44:42,238 : INFO : EventManager : Event: ======'player_bomb_3_active'====== Args={'value': 0, 'prev_value': 0, 'change': 0, 'player_num': 1}
2024-09-05 18:44:42,238 : INFO : EventManager : Event: ======'player_bomb_4_active'====== Args={'value': 0, 'prev_value': 0, 'change': 0, 'player_num': 1}
2024-09-05 18:44:42,238 : INFO : EventManager : Event: ======'player_bomb_5_active'====== Args={'value': 0, 'prev_value': 0, 'change': 0, 'player_num': 1}
2024-09-05 18:44:42,238 : INFO : EventManager : Event: ======'player_bomb_6_active'====== Args={'value': 0, 'prev_value': 0, 'change': 0, 'player_num': 1}
2024-09-05 18:44:42,239 : INFO : EventManager : Event: ======'player_bomb_7_active'====== Args={'value': 0, 'prev_value': 0, 'change': 0, 'player_num': 1}
2024-09-05 18:44:42,239 : INFO : EventManager : Event: ======'player_bomb_8_active'====== Args={'value': 0, 'prev_value': 0, 'change': 0, 'player_num': 1}
2024-09-05 18:44:42,239 : INFO : EventManager : Event: ======'player_bomb_9_active'====== Args={'value': 0, 'prev_value': 0, 'change': 0, 'player_num': 1}
2024-09-05 18:44:42,239 : INFO : EventManager : Event: ======'player_bomb_10_active'====== Args={'value': 0, 'prev_value': 0, 'change': 0, 'player_num': 1}
2024-09-05 18:44:42,240 : INFO : EventManager : Event: ======'player_bomb_11_active'====== Args={'value': 0, 'prev_value': 0, 'change': 0, 'player_num': 1}
2024-09-05 18:44:42,240 : INFO : EventManager : Event: ======'player_bomb_animation_queue'====== Args={'value': 0, 'prev_value': 0, 'change': 0, 'player_num': 1}
2024-09-05 18:44:42,240 : INFO : EventManager : Event: ======'player_bomb_animation_in_progress'====== Args={'value': 0, 'prev_value': 0, 'change': 0, 'player_num': 1}
2024-09-05 18:44:42,240 : INFO : EventManager : Event: ======'player_bomb_animation_completed'====== Args={'value': 0, 'prev_value': 0, 'change': 0, 'player_num': 1}
2024-09-05 18:44:42,241 : INFO : EventManager : Event: ======'player_bomb_animation_no_more'====== Args={'value': 0, 'prev_value': 0, 'change': 0, 'player_num': 1}
2024-09-05 18:44:42,241 : INFO : EventManager : Event: ======'player_aircraft_carrier_in_engage'====== Args={'value': 0, 'prev_value': 0, 'change': 0, 'player_num': 1}
2024-09-05 18:44:42,241 : INFO : EventManager : Event: ======'player_aircraft_carrier_torpedo_dropped'====== Args={'value': 0, 'prev_value': 0, 'change': 0, 'player_num': 1}
2024-09-05 18:44:42,241 : INFO : EventManager : Event: ======'player_spinner_value'====== Args={'value': 0, 'prev_value': 0, 'change': 0, 'player_num': 1}
2024-09-05 18:44:42,242 : INFO : EventManager : Event: ======'player_score'====== Args={'value': 0, 'prev_value': 0, 'change': 0, 'player_num': 1}
2024-09-05 18:44:42,243 : INFO : EventManager : Event: ======'game_started'====== Args={}
2024-09-05 18:44:42,279 : INFO : EventManager : Event: ======'player_turn_will_start'====== Args={'player': <Player 1>, 'number': 1}
2024-09-05 18:44:42,293 : INFO : EventManager : Event: ======'player_turn_starting'====== Args={'player': <Player 1>, 'number': 1}
2024-09-05 18:44:42,294 : INFO : EventManager : Event: ======'player_ball'====== Args={'value': 1, 'prev_value': 0, 'change': 1, 'player_num': 1}
2024-09-05 18:44:42,294 : INFO : EventManager : Event: ======'player_turn_started'====== Args={'player': <Player 1>, 'number': 1}
2024-09-05 18:44:42,295 : INFO : EventManager : Event: ======'ball_will_start'====== Args={'player': 1, 'ball': 1, 'balls_remaining': 2, 'is_extra_ball': False}
2024-09-05 18:44:42,307 : INFO : EventManager : Event: ======'mode_mode_manager_will_start'====== Args={'player': 1, 'ball': 1, 'balls_remaining': 2, 'is_extra_ball': False}
2024-09-05 18:44:42,313 : INFO : EventManager : Event: ======'mode_mode_manager_starting'====== Args={'player': 1, 'ball': 1, 'balls_remaining': 2, 'is_extra_ball': False}
2024-09-05 18:44:42,313 : INFO : Mode.mode_manager : Started. Priority: 300
2024-09-05 18:44:42,313 : INFO : EventManager : Event: ======'modes_active_modes_changed'====== Args={}
2024-09-05 18:44:42,313 : INFO : EventManager : Event: ======'mode_mode_manager_started'====== Args={'player': 1, 'ball': 1, 'balls_remaining': 2, 'is_extra_ball': False}
2024-09-05 18:44:42,314 : INFO : EventManager : Event: ======'ball_starting'====== Args={'player': 1, 'ball': 1, 'balls_remaining': 2, 'is_extra_ball': False}
2024-09-05 18:44:42,363 : INFO : EventManager : Event: ======'mode_capture_will_start'====== Args={'queue': <QueuedEvent>, 'player': 1, 'ball': 1, 'balls_remaining': 2, 'is_extra_ball': False}
2024-09-05 18:44:42,366 : INFO : EventManager : Event: ======'mode_capture_starting'====== Args={'queue': <QueuedEvent>, 'player': 1, 'ball': 1, 'balls_remaining': 2, 'is_extra_ball': False}
2024-09-05 18:44:42,366 : INFO : EventManager : Event: ======'mode_port_hole_manager_will_start'====== Args={'queue': <QueuedEvent>, 'player': 1, 'ball': 1, 'balls_remaining': 2, 'is_extra_ball': False}
2024-09-05 18:44:42,367 : INFO : EventManager : Event: ======'mode_port_hole_manager_starting'====== Args={'queue': <QueuedEvent>, 'player': 1, 'ball': 1, 'balls_remaining': 2, 'is_extra_ball': False}
2024-09-05 18:44:42,367 : INFO : EventManager : Event: ======'mode_value_reset_will_start'====== Args={'queue': <QueuedEvent>, 'player': 1, 'ball': 1, 'balls_remaining': 2, 'is_extra_ball': False}
2024-09-05 18:44:42,368 : INFO : EventManager : Event: ======'mode_value_reset_starting'====== Args={'queue': <QueuedEvent>, 'player': 1, 'ball': 1, 'balls_remaining': 2, 'is_extra_ball': False}
2024-09-05 18:44:42,368 : INFO : EventManager : Event: ======'mode_main_play_will_start'====== Args={'queue': <QueuedEvent>, 'player': 1, 'ball': 1, 'balls_remaining': 2, 'is_extra_ball': False}
2024-09-05 18:44:42,371 : INFO : EventManager : Event: ======'mode_main_play_starting'====== Args={'queue': <QueuedEvent>, 'player': 1, 'ball': 1, 'balls_remaining': 2, 'is_extra_ball': False}
2024-09-05 18:44:42,372 : INFO : Mode.value_reset : Started. Priority: 100
2024-09-05 18:44:42,372 : INFO : EventManager : Event: ======'modes_active_modes_changed'====== Args={}
2024-09-05 18:44:42,372 : INFO : EventManager : Event: ======'mode_value_reset_started'====== Args={'queue': <QueuedEvent>, 'player': 1, 'ball': 1, 'balls_remaining': 2, 'is_extra_ball': False}
2024-09-05 18:44:42,372 : INFO : Mode.port_hole_manager : Started. Priority: 100
2024-09-05 18:44:42,372 : INFO : EventManager : Event: ======'modes_active_modes_changed'====== Args={}
2024-09-05 18:44:42,373 : INFO : EventManager : Event: ======'mode_port_hole_manager_started'====== Args={'queue': <QueuedEvent>, 'player': 1, 'ball': 1, 'balls_remaining': 2, 'is_extra_ball': False}
2024-09-05 18:44:42,373 : INFO : EventManager : Event: ======'balls_in_play'====== Args={'balls': 1}
2024-09-05 18:44:42,373 : INFO : EventManager : Event: ======'ball_started'====== Args={'player': 1, 'ball': 1, 'balls_remaining': 2, 'is_extra_ball': False}
2024-09-05 18:44:42,374 : INFO : EventManager : Event: ======'logicblock_capture_counter_updated'====== Args={'value': 6, 'enabled': True}
2024-09-05 18:44:42,374 : INFO : EventManager : Event: ======'logicblock_capture_counter_updated'====== Args={'value': 6, 'enabled': True}
2024-09-05 18:44:42,374 : INFO : Mode.capture : Started. Priority: 100
2024-09-05 18:44:42,374 : INFO : EventManager : Event: ======'modes_active_modes_changed'====== Args={}
2024-09-05 18:44:42,375 : INFO : EventManager : Event: ======'mode_capture_started'====== Args={'queue': <QueuedEvent>, 'player': 1, 'ball': 1, 'balls_remaining': 2, 'is_extra_ball': False}
2024-09-05 18:44:42,375 : INFO : EventManager : Event: ======'logicblock_bonusX_counter_updated'====== Args={'value': 2, 'enabled': True}
2024-09-05 18:44:42,375 : INFO : EventManager : Event: ======'logicblock_bomb_counter_updated'====== Args={'value': 3, 'enabled': True}
2024-09-05 18:44:42,376 : INFO : EventManager : Event: ======'logicblock_bomb_animation_counter_updated'====== Args={'value': 3, 'enabled': True}
2024-09-05 18:44:42,376 : INFO : EventManager : Event: ======'logicblock_bonusX_counter_updated'====== Args={'value': 2, 'enabled': True}
2024-09-05 18:44:42,376 : INFO : EventManager : Event: ======'logicblock_bomb_counter_updated'====== Args={'value': 3, 'enabled': True}
2024-09-05 18:44:42,376 : INFO : EventManager : Event: ======'logicblock_bomb_animation_counter_updated'====== Args={'value': 3, 'enabled': True}
2024-09-05 18:44:42,376 : INFO : Mode.main_play : Started. Priority: 100
2024-09-05 18:44:42,377 : INFO : EventManager : Event: ======'modes_active_modes_changed'====== Args={}
2024-09-05 18:44:42,377 : INFO : EventManager : Event: ======'mode_main_play_started'====== Args={'queue': <QueuedEvent>, 'player': 1, 'ball': 1, 'balls_remaining': 2, 'is_extra_ball': False}
2024-09-05 18:44:42,377 : INFO : EventManager : Event: ======'mode_skill_shot_will_start'====== Args={'player': 1, 'ball': 1, 'balls_remaining': 2, 'is_extra_ball': False}
2024-09-05 18:44:42,377 : INFO : EventManager : Event: ======'achievement_skillshot_1_changed_state'====== Args={'restore': False, 'state': 'enabled', 'selected': False}
2024-09-05 18:44:42,378 : INFO : EventManager : Event: ======'achievement_skillshot_1_state_enabled'====== Args={'restore': False, 'state': 'enabled', 'selected': False}
2024-09-05 18:44:42,378 : INFO : EventManager : Event: ======'achievement_skillshot_2_changed_state'====== Args={'restore': False, 'state': 'disabled', 'selected': False}
2024-09-05 18:44:42,378 : INFO : EventManager : Event: ======'achievement_skillshot_2_state_disabled'====== Args={'restore': False, 'state': 'disabled', 'selected': False}
2024-09-05 18:44:42,392 : INFO : EventManager : Event: ======'achievement_skillshot_3_changed_state'====== Args={'restore': False, 'state': 'disabled', 'selected': False}
2024-09-05 18:44:42,392 : INFO : EventManager : Event: ======'achievement_skillshot_3_state_disabled'====== Args={'restore': False, 'state': 'disabled', 'selected': False}
2024-09-05 18:44:42,393 : INFO : EventManager : Event: ======'achievement_skillshot_4_changed_state'====== Args={'restore': False, 'state': 'disabled', 'selected': False}
2024-09-05 18:44:42,393 : INFO : EventManager : Event: ======'achievement_skillshot_4_state_disabled'====== Args={'restore': False, 'state': 'disabled', 'selected': False}
2024-09-05 18:44:42,393 : INFO : EventManager : Event: ======'achievement_skillshot_5_changed_state'====== Args={'restore': False, 'state': 'disabled', 'selected': False}
2024-09-05 18:44:42,394 : INFO : EventManager : Event: ======'achievement_skillshot_5_state_disabled'====== Args={'restore': False, 'state': 'disabled', 'selected': False}
2024-09-05 18:44:42,394 : INFO : EventManager : Event: ======'achievement_skillshot_6_changed_state'====== Args={'restore': False, 'state': 'disabled', 'selected': False}
2024-09-05 18:44:42,394 : INFO : EventManager : Event: ======'achievement_skillshot_6_state_disabled'====== Args={'restore': False, 'state': 'disabled', 'selected': False}
2024-09-05 18:44:42,394 : INFO : EventManager : Event: ======'achievement_skillshot_7_changed_state'====== Args={'restore': False, 'state': 'disabled', 'selected': False}
2024-09-05 18:44:42,395 : INFO : EventManager : Event: ======'achievement_skillshot_7_state_disabled'====== Args={'restore': False, 'state': 'disabled', 'selected': False}
2024-09-05 18:44:42,395 : INFO : EventManager : Event: ======'achievement_skillshot_8_changed_state'====== Args={'restore': False, 'state': 'disabled', 'selected': False}
2024-09-05 18:44:42,395 : INFO : EventManager : Event: ======'achievement_skillshot_8_state_disabled'====== Args={'restore': False, 'state': 'disabled', 'selected': False}
2024-09-05 18:44:42,397 : INFO : EventManager : Event: ======'mode_skill_shot_starting'====== Args={'player': 1, 'ball': 1, 'balls_remaining': 2, 'is_extra_ball': False}
2024-09-05 18:44:42,398 : INFO : EventManager : Event: ======'mode_salvo_lit_will_start'====== Args={'player': 1, 'ball': 1, 'balls_remaining': 2, 'is_extra_ball': False}
2024-09-05 18:44:42,398 : INFO : EventManager : Event: ======'player_shot_ricochet_1_enabled'====== Args={'value': True, 'prev_value': 0, 'change': 1, 'player_num': 1}
2024-09-05 18:44:42,398 : INFO : EventManager : Event: ======'player_shot_ricochet_2_enabled'====== Args={'value': True, 'prev_value': 0, 'change': 1, 'player_num': 1}
2024-09-05 18:44:42,399 : INFO : EventManager : Event: ======'player_shot_ricochet_3_enabled'====== Args={'value': True, 'prev_value': 0, 'change': 1, 'player_num': 1}
2024-09-05 18:44:42,400 : INFO : EventManager : Event: ======'player_shot_ricochet_4_enabled'====== Args={'value': True, 'prev_value': 0, 'change': 1, 'player_num': 1}
2024-09-05 18:44:42,400 : INFO : EventManager : Event: ======'ricochet_targets_complete'====== Args={'state': 'unlit'}
2024-09-05 18:44:42,400 : INFO : EventManager : Event: ======'ricochet_targets_unlit_complete'====== Args={}
2024-09-05 18:44:42,401 : INFO : EventManager : Event: ======'mode_salvo_lit_starting'====== Args={'player': 1, 'ball': 1, 'balls_remaining': 2, 'is_extra_ball': False}
2024-09-05 18:44:42,401 : INFO : EventManager : Event: ======'mode_container_will_start'====== Args={'player': 1, 'ball': 1, 'balls_remaining': 2, 'is_extra_ball': False}
2024-09-05 18:44:42,402 : INFO : EventManager : Event: ======'player_shot_lane_A_enabled'====== Args={'value': True, 'prev_value': 0, 'change': 1, 'player_num': 1}
2024-09-05 18:44:42,402 : INFO : EventManager : Event: ======'player_shot_lane_B_enabled'====== Args={'value': True, 'prev_value': 0, 'change': 1, 'player_num': 1}
2024-09-05 18:44:42,403 : INFO : EventManager : Event: ======'player_shot_lane_C_enabled'====== Args={'value': True, 'prev_value': 0, 'change': 1, 'player_num': 1}
2024-09-05 18:44:42,404 : INFO : EventManager : Event: ======'player_shot_lane_D_enabled'====== Args={'value': True, 'prev_value': 0, 'change': 1, 'player_num': 1}
2024-09-05 18:44:42,404 : INFO : EventManager : Event: ======'player_shot_lane_E_enabled'====== Args={'value': True, 'prev_value': 0, 'change': 1, 'player_num': 1}
2024-09-05 18:44:42,405 : INFO : EventManager : Event: ======'container_lanes_complete'====== Args={'state': 'unlit'}
2024-09-05 18:44:42,405 : INFO : EventManager : Event: ======'container_lanes_unlit_complete'====== Args={}
2024-09-05 18:44:42,406 : INFO : EventManager : Unordered handler for class ConfigPlayer.event_player/events on event slide_container_ball_text_removed with priority 100. Handlers: [RegisteredHandler(callback=<bound method ConfigPlayer.config_play_callback of ConfigPlayer.event_player/events>, priority=100, kwargs={'calling_context': 'slide_container_ball_text_removed', 'mode': <Mode.port_hole_manager>, 'settings': {'port_check_phase_3_finished': {'priority': 0}}}, key=UUID('fec41881-c2af-4247-b025-22c967ae6c91'), condition=None, blocking_facility=None), RegisteredHandler(callback=<bound method ConfigPlayer.config_play_callback of ConfigPlayer.event_player/events>, priority=100, kwargs={'calling_context': 'slide_container_ball_text_removed', 'mode': <Mode.container>, 'settings': {'container_slide_end': {'priority': 0}}}, key=UUID('b37d1f47-0e70-4773-bc22-932271557cb9'), condition=None, blocking_facility=None)]. The order of those handlers is not defined and they will be executed in random order. This might lead to race conditions and potential bugs.
2024-09-05 18:44:42,407 : INFO : EventManager : Event: ======'mode_container_starting'====== Args={'player': 1, 'ball': 1, 'balls_remaining': 2, 'is_extra_ball': False}
2024-09-05 18:44:42,408 : INFO : EventManager : Event: ======'mode_battle_manager_will_start'====== Args={'player': 1, 'ball': 1, 'balls_remaining': 2, 'is_extra_ball': False}
2024-09-05 18:44:42,409 : INFO : EventManager : Event: ======'mode_battle_manager_starting'====== Args={'player': 1, 'ball': 1, 'balls_remaining': 2, 'is_extra_ball': False}
2024-09-05 18:44:42,410 : INFO : EventManager : Event: ======'mode_bomb_will_start'====== Args={'player': 1, 'ball': 1, 'balls_remaining': 2, 'is_extra_ball': False}
2024-09-05 18:44:42,410 : INFO : EventManager : Event: ======'bomb_2_started'====== Args={}
2024-09-05 18:44:42,411 : INFO : EventManager : Event: ======'mode_bomb_starting'====== Args={'player': 1, 'ball': 1, 'balls_remaining': 2, 'is_extra_ball': False}
2024-09-05 18:44:42,412 : INFO : EventManager : Event: ======'mode_commander_skill_manager_will_start'====== Args={'player': 1, 'ball': 1, 'balls_remaining': 2, 'is_extra_ball': False}
2024-09-05 18:44:42,414 : INFO : EventManager : Event: ======'mode_commander_skill_manager_starting'====== Args={'player': 1, 'ball': 1, 'balls_remaining': 2, 'is_extra_ball': False}
2024-09-05 18:44:42,415 : INFO : EventManager : Event: ======'mode_detonation_will_start'====== Args={'player': 1, 'ball': 1, 'balls_remaining': 2, 'is_extra_ball': False}
2024-09-05 18:44:42,415 : INFO : EventManager : Event: ======'player_shot_detonation_lit_enabled'====== Args={'value': True, 'prev_value': 0, 'change': 1, 'player_num': 1}
2024-09-05 18:44:42,415 : INFO : EventManager : Event: ======'player_shot_detonation_enabled'====== Args={'value': False, 'prev_value': 0, 'change': 0, 'player_num': 1}
2024-09-05 18:44:42,416 : INFO : EventManager : Event: ======'mode_detonation_starting'====== Args={'player': 1, 'ball': 1, 'balls_remaining': 2, 'is_extra_ball': False}
2024-09-05 18:44:42,417 : INFO : EventManager : Event: ======'mode_mode_lit_will_start'====== Args={'player': 1, 'ball': 1, 'balls_remaining': 2, 'is_extra_ball': False}
2024-09-05 18:44:42,417 : INFO : EventManager : Event: ======'achievement_mode_1_changed_state'====== Args={'restore': False, 'state': 'disabled', 'selected': False}
2024-09-05 18:44:42,418 : INFO : EventManager : Event: ======'achievement_mode_1_state_disabled'====== Args={'restore': False, 'state': 'disabled', 'selected': False}
2024-09-05 18:44:42,418 : INFO : EventManager : Event: ======'achievement_mode_2_changed_state'====== Args={'restore': False, 'state': 'disabled', 'selected': False}
2024-09-05 18:44:42,418 : INFO : EventManager : Event: ======'achievement_mode_2_state_disabled'====== Args={'restore': False, 'state': 'disabled', 'selected': False}
2024-09-05 18:44:42,419 : INFO : EventManager : Event: ======'achievement_mode_3_changed_state'====== Args={'restore': False, 'state': 'disabled', 'selected': False}
2024-09-05 18:44:42,419 : INFO : EventManager : Event: ======'achievement_mode_3_state_disabled'====== Args={'restore': False, 'state': 'disabled', 'selected': False}
2024-09-05 18:44:42,419 : INFO : EventManager : Event: ======'achievement_mode_4_changed_state'====== Args={'restore': False, 'state': 'disabled', 'selected': False}
2024-09-05 18:44:42,420 : INFO : EventManager : Event: ======'achievement_mode_4_state_disabled'====== Args={'restore': False, 'state': 'disabled', 'selected': False}
2024-09-05 18:44:42,420 : INFO : EventManager : Event: ======'achievement_mode_5_changed_state'====== Args={'restore': False, 'state': 'disabled', 'selected': False}
2024-09-05 18:44:42,420 : INFO : EventManager : Event: ======'achievement_mode_5_state_disabled'====== Args={'restore': False, 'state': 'disabled', 'selected': False}
2024-09-05 18:44:42,421 : INFO : EventManager : Event: ======'achievement_mode_6_changed_state'====== Args={'restore': False, 'state': 'disabled', 'selected': False}
2024-09-05 18:44:42,421 : INFO : EventManager : Event: ======'achievement_mode_6_state_disabled'====== Args={'restore': False, 'state': 'disabled', 'selected': False}
2024-09-05 18:44:42,421 : INFO : EventManager : Event: ======'achievement_mode_7_changed_state'====== Args={'restore': False, 'state': 'disabled', 'selected': False}
2024-09-05 18:44:42,421 : INFO : EventManager : Event: ======'achievement_mode_7_state_disabled'====== Args={'restore': False, 'state': 'disabled', 'selected': False}
2024-09-05 18:44:42,422 : INFO : EventManager : Event: ======'achievement_mode_8_changed_state'====== Args={'restore': False, 'state': 'disabled', 'selected': False}
2024-09-05 18:44:42,422 : INFO : EventManager : Event: ======'achievement_mode_8_state_disabled'====== Args={'restore': False, 'state': 'disabled', 'selected': False}
2024-09-05 18:44:42,422 : INFO : EventManager : Event: ======'achievement_mode_9_changed_state'====== Args={'restore': False, 'state': 'disabled', 'selected': False}
2024-09-05 18:44:42,423 : INFO : EventManager : Event: ======'achievement_mode_9_state_disabled'====== Args={'restore': False, 'state': 'disabled', 'selected': False}
2024-09-05 18:44:42,423 : INFO : EventManager : Event: ======'achievement_mode_10_changed_state'====== Args={'restore': False, 'state': 'disabled', 'selected': False}
2024-09-05 18:44:42,423 : INFO : EventManager : Event: ======'achievement_mode_10_state_disabled'====== Args={'restore': False, 'state': 'disabled', 'selected': False}
2024-09-05 18:44:42,427 : INFO : EventManager : Event: ======'mode_mode_lit_starting'====== Args={'player': 1, 'ball': 1, 'balls_remaining': 2, 'is_extra_ball': False}
2024-09-05 18:44:42,427 : INFO : EventManager : Event: ======'mode_drednaught_will_start'====== Args={'player': 1, 'ball': 1, 'balls_remaining': 2, 'is_extra_ball': False}
2024-09-05 18:44:42,428 : INFO : EventManager : Event: ======'mode_drednaught_starting'====== Args={'player': 1, 'ball': 1, 'balls_remaining': 2, 'is_extra_ball': False}
2024-09-05 18:44:42,428 : INFO : EventManager : Event: ======'mode_hc_lock_lit_will_start'====== Args={'player': 1, 'ball': 1, 'balls_remaining': 2, 'is_extra_ball': False}
2024-09-05 18:44:42,429 : INFO : EventManager : Event: ======'player_shot_lock_lit_1_enabled'====== Args={'value': True, 'prev_value': 0, 'change': 1, 'player_num': 1}
2024-09-05 18:44:42,429 : INFO : EventManager : Event: ======'player_shot_lock_lit_2_enabled'====== Args={'value': True, 'prev_value': 0, 'change': 1, 'player_num': 1}
2024-09-05 18:44:42,430 : INFO : EventManager : Event: ======'lock_lits_complete'====== Args={'state': 'unlit'}
2024-09-05 18:44:42,430 : INFO : EventManager : Event: ======'lock_lits_unlit_complete'====== Args={}
2024-09-05 18:44:42,432 : INFO : EventManager : Event: ======'mode_hc_lock_lit_starting'====== Args={'player': 1, 'ball': 1, 'balls_remaining': 2, 'is_extra_ball': False}
2024-09-05 18:44:42,432 : INFO : EventManager : Event: ======'mode_mode_timer_will_start'====== Args={'player': 1, 'ball': 1, 'balls_remaining': 2, 'is_extra_ball': False}
2024-09-05 18:44:42,434 : INFO : EventManager : Event: ======'mode_timer_disable'====== Args={}
2024-09-05 18:44:42,435 : INFO : EventManager : Event: ======'mode_mode_timer_starting'====== Args={'player': 1, 'ball': 1, 'balls_remaining': 2, 'is_extra_ball': False}
2024-09-05 18:44:42,435 : INFO : EventManager : Event: ======'player_DMGValue'====== Args={'value': 120000000, 'prev_value': 10000000, 'change': 110000000, 'player_num': 1}
2024-09-05 18:44:42,435 : INFO : EventManager : Event: ======'player_JetValue'====== Args={'value': 500000, 'prev_value': 5000000, 'change': -4500000, 'player_num': 1}
2024-09-05 18:44:42,436 : INFO : EventManager : Event: ======'player_BonusX'====== Args={'value': 1, 'prev_value': 0, 'change': 1, 'player_num': 1}
2024-09-05 18:44:42,436 : INFO : EventManager : Event: ======'ball_save_main_ball_save_enabled'====== Args={}
2024-09-05 18:44:42,437 : INFO : state_machine.hc_multiball : Transitioning from lock_lit_state to lock_lit_state
2024-09-05 18:44:42,437 : INFO : EventManager : Event: ======'lock_lit_stopped'====== Args={}
2024-09-05 18:44:42,438 : INFO : EventManager : Event: ======'lock_lit_started'====== Args={}
2024-09-05 18:44:42,439 : INFO : EventManager : Event: ======'player_shot_lock_lit_1_enabled'====== Args={'value': False, 'prev_value': True, 'change': -1, 'player_num': 1}
2024-09-05 18:44:42,439 : INFO : EventManager : Event: ======'player_shot_lock_lit_2_enabled'====== Args={'value': False, 'prev_value': True, 'change': -1, 'player_num': 1}
2024-09-05 18:44:42,440 : INFO : EventManager : Event: ======'player_shot_lock_lit_1_enabled'====== Args={'value': True, 'prev_value': False, 'change': 1, 'player_num': 1}
2024-09-05 18:44:42,440 : INFO : EventManager : Event: ======'player_shot_lock_lit_2_enabled'====== Args={'value': True, 'prev_value': False, 'change': 1, 'player_num': 1}
2024-09-05 18:44:42,441 : INFO : EventManager : Event: ======'player_bonusX_progress_number'====== Args={'value': 2, 'prev_value': 0, 'change': 2, 'player_num': 1}
2024-09-05 18:44:42,441 : INFO : EventManager : Event: ======'player_bomb_progress_number'====== Args={'value': 3, 'prev_value': 0, 'change': 3, 'player_num': 1}
2024-09-05 18:44:42,442 : INFO : Mode.mode_timer : Started. Priority: 100
2024-09-05 18:44:42,442 : INFO : EventManager : Event: ======'modes_active_modes_changed'====== Args={}
2024-09-05 18:44:42,442 : INFO : EventManager : Event: ======'mode_mode_timer_started'====== Args={'player': 1, 'ball': 1, 'balls_remaining': 2, 'is_extra_ball': False}
2024-09-05 18:44:42,442 : INFO : Mode.hc_lock_lit : Started. Priority: 100
2024-09-05 18:44:42,442 : INFO : EventManager : Event: ======'modes_active_modes_changed'====== Args={}
2024-09-05 18:44:42,443 : INFO : EventManager : Event: ======'mode_hc_lock_lit_started'====== Args={'player': 1, 'ball': 1, 'balls_remaining': 2, 'is_extra_ball': False}
2024-09-05 18:44:42,443 : INFO : Mode.drednaught : Started. Priority: 100
2024-09-05 18:44:42,443 : INFO : EventManager : Event: ======'modes_active_modes_changed'====== Args={}
2024-09-05 18:44:42,443 : INFO : EventManager : Event: ======'mode_drednaught_started'====== Args={'player': 1, 'ball': 1, 'balls_remaining': 2, 'is_extra_ball': False}
2024-09-05 18:44:42,444 : INFO : EventManager : Event: ======'player_take_dmg_score'====== Args={'value': 18000000, 'prev_value': 0, 'change': 18000000, 'player_num': 1}
2024-09-05 18:44:42,444 : INFO : EventManager : Event: ======'player_ReceivedDMGshow'====== Args={'value': 0, 'prev_value': 0, 'change': 0, 'player_num': 1}
2024-09-05 18:44:42,444 : INFO : Mode.mode_lit : Started. Priority: 100
2024-09-05 18:44:42,444 : INFO : EventManager : Event: ======'modes_active_modes_changed'====== Args={}
2024-09-05 18:44:42,444 : INFO : EventManager : Event: ======'mode_mode_lit_started'====== Args={'player': 1, 'ball': 1, 'balls_remaining': 2, 'is_extra_ball': False}
2024-09-05 18:44:42,445 : INFO : EventManager : Event: ======'achievement_mode_1_changed_state'====== Args={'restore': False, 'state': 'enabled', 'selected': False}
2024-09-05 18:44:42,445 : INFO : EventManager : Event: ======'achievement_mode_1_state_enabled'====== Args={'restore': False, 'state': 'enabled', 'selected': False}
2024-09-05 18:44:42,445 : INFO : EventManager : Event: ======'achievement_mode_2_changed_state'====== Args={'restore': False, 'state': 'enabled', 'selected': False}
2024-09-05 18:44:42,446 : INFO : EventManager : Event: ======'achievement_mode_2_state_enabled'====== Args={'restore': False, 'state': 'enabled', 'selected': False}
2024-09-05 18:44:42,446 : INFO : EventManager : Event: ======'achievement_mode_3_changed_state'====== Args={'restore': False, 'state': 'enabled', 'selected': False}
2024-09-05 18:44:42,446 : INFO : EventManager : Event: ======'achievement_mode_3_state_enabled'====== Args={'restore': False, 'state': 'enabled', 'selected': False}
2024-09-05 18:44:42,446 : INFO : EventManager : Event: ======'achievement_mode_4_changed_state'====== Args={'restore': False, 'state': 'enabled', 'selected': False}
2024-09-05 18:44:42,447 : INFO : EventManager : Event: ======'achievement_mode_4_state_enabled'====== Args={'restore': False, 'state': 'enabled', 'selected': False}
2024-09-05 18:44:42,447 : INFO : EventManager : Event: ======'achievement_mode_5_changed_state'====== Args={'restore': False, 'state': 'enabled', 'selected': False}
2024-09-05 18:44:42,447 : INFO : EventManager : Event: ======'achievement_mode_5_state_enabled'====== Args={'restore': False, 'state': 'enabled', 'selected': False}
2024-09-05 18:44:42,447 : INFO : EventManager : Event: ======'achievement_mode_6_changed_state'====== Args={'restore': False, 'state': 'enabled', 'selected': False}
2024-09-05 18:44:42,447 : INFO : EventManager : Event: ======'achievement_mode_6_state_enabled'====== Args={'restore': False, 'state': 'enabled', 'selected': False}
2024-09-05 18:44:42,448 : INFO : EventManager : Event: ======'achievement_mode_7_changed_state'====== Args={'restore': False, 'state': 'enabled', 'selected': False}
2024-09-05 18:44:42,448 : INFO : EventManager : Event: ======'achievement_mode_7_state_enabled'====== Args={'restore': False, 'state': 'enabled', 'selected': False}
2024-09-05 18:44:42,448 : INFO : EventManager : Event: ======'achievement_mode_8_changed_state'====== Args={'restore': False, 'state': 'enabled', 'selected': False}
2024-09-05 18:44:42,448 : INFO : EventManager : Event: ======'achievement_mode_8_state_enabled'====== Args={'restore': False, 'state': 'enabled', 'selected': False}
2024-09-05 18:44:42,449 : INFO : EventManager : Event: ======'achievement_mode_9_changed_state'====== Args={'restore': False, 'state': 'enabled', 'selected': False}
2024-09-05 18:44:42,449 : INFO : EventManager : Event: ======'achievement_mode_9_state_enabled'====== Args={'restore': False, 'state': 'enabled', 'selected': False}
2024-09-05 18:44:42,449 : INFO : EventManager : Event: ======'achievement_mode_10_changed_state'====== Args={'restore': False, 'state': 'enabled', 'selected': False}
2024-09-05 18:44:42,449 : INFO : EventManager : Event: ======'achievement_mode_10_state_enabled'====== Args={'restore': False, 'state': 'enabled', 'selected': False}
2024-09-05 18:44:42,450 : INFO : EventManager : Event: ======'achievement_mode_3_changed_state'====== Args={'restore': False, 'state': 'enabled', 'selected': True}
2024-09-05 18:44:42,450 : INFO : EventManager : Event: ======'achievement_mode_3_state_enabled'====== Args={'restore': False, 'state': 'enabled', 'selected': True}
2024-09-05 18:44:42,450 : INFO : EventManager : Event: ======'achievement_mode_3_state_selected'====== Args={'restore': False, 'state': 'enabled', 'selected': True}
2024-09-05 18:44:42,451 : INFO : Mode.detonation : Started. Priority: 100
2024-09-05 18:44:42,451 : INFO : EventManager : Event: ======'modes_active_modes_changed'====== Args={}
2024-09-05 18:44:42,451 : INFO : EventManager : Event: ======'mode_detonation_started'====== Args={'player': 1, 'ball': 1, 'balls_remaining': 2, 'is_extra_ball': False}
2024-09-05 18:44:42,452 : INFO : Mode.commander_skill_manager : Started. Priority: 100
2024-09-05 18:44:42,452 : INFO : EventManager : Event: ======'modes_active_modes_changed'====== Args={}
2024-09-05 18:44:42,452 : INFO : EventManager : Event: ======'mode_commander_skill_manager_started'====== Args={'player': 1, 'ball': 1, 'balls_remaining': 2, 'is_extra_ball': False}
2024-09-05 18:44:42,453 : INFO : Mode.bomb : Started. Priority: 100
2024-09-05 18:44:42,453 : INFO : EventManager : Event: ======'modes_active_modes_changed'====== Args={}
2024-09-05 18:44:42,453 : INFO : EventManager : Event: ======'mode_bomb_started'====== Args={'player': 1, 'ball': 1, 'balls_remaining': 2, 'is_extra_ball': False}
2024-09-05 18:44:42,453 : INFO : Mode.container : Started. Priority: 100
2024-09-05 18:44:42,453 : INFO : EventManager : Event: ======'modes_active_modes_changed'====== Args={}
2024-09-05 18:44:42,453 : INFO : EventManager : Event: ======'mode_container_started'====== Args={'player': 1, 'ball': 1, 'balls_remaining': 2, 'is_extra_ball': False}
2024-09-05 18:44:42,454 : INFO : Mode.salvo_lit : Started. Priority: 100
2024-09-05 18:44:42,454 : INFO : EventManager : Event: ======'modes_active_modes_changed'====== Args={}
2024-09-05 18:44:42,454 : INFO : EventManager : Event: ======'mode_salvo_lit_started'====== Args={'player': 1, 'ball': 1, 'balls_remaining': 2, 'is_extra_ball': False}
2024-09-05 18:44:42,454 : INFO : Mode.skill_shot : Started. Priority: 150
2024-09-05 18:44:42,455 : INFO : EventManager : Event: ======'modes_active_modes_changed'====== Args={}
2024-09-05 18:44:42,455 : INFO : EventManager : Event: ======'mode_skill_shot_started'====== Args={'player': 1, 'ball': 1, 'balls_remaining': 2, 'is_extra_ball': False}
2024-09-05 18:44:42,455 : INFO : EventManager : Event: ======'achievement_skillshot_1_changed_state'====== Args={'restore': False, 'state': 'enabled', 'selected': True}
2024-09-05 18:44:42,456 : INFO : EventManager : Event: ======'achievement_skillshot_1_state_enabled'====== Args={'restore': False, 'state': 'enabled', 'selected': True}
2024-09-05 18:44:42,456 : INFO : EventManager : Event: ======'skillshot_1_selected'====== Args={'restore': False, 'state': 'enabled', 'selected': True}
2024-09-05 18:44:42,456 : INFO : EventManager : Event: ======'achievement_skillshot_2_changed_state'====== Args={'restore': False, 'state': 'enabled', 'selected': False}
2024-09-05 18:44:42,457 : INFO : EventManager : Event: ======'achievement_skillshot_2_state_enabled'====== Args={'restore': False, 'state': 'enabled', 'selected': False}
2024-09-05 18:44:42,457 : INFO : EventManager : Event: ======'achievement_skillshot_3_changed_state'====== Args={'restore': False, 'state': 'enabled', 'selected': False}
2024-09-05 18:44:42,457 : INFO : EventManager : Event: ======'achievement_skillshot_3_state_enabled'====== Args={'restore': False, 'state': 'enabled', 'selected': False}
2024-09-05 18:44:42,457 : INFO : EventManager : Event: ======'achievement_skillshot_4_changed_state'====== Args={'restore': False, 'state': 'enabled', 'selected': False}
2024-09-05 18:44:42,457 : INFO : EventManager : Event: ======'achievement_skillshot_4_state_enabled'====== Args={'restore': False, 'state': 'enabled', 'selected': False}
2024-09-05 18:44:42,458 : INFO : EventManager : Event: ======'achievement_skillshot_5_changed_state'====== Args={'restore': False, 'state': 'enabled', 'selected': False}
2024-09-05 18:44:42,458 : INFO : EventManager : Event: ======'achievement_skillshot_5_state_enabled'====== Args={'restore': False, 'state': 'enabled', 'selected': False}
2024-09-05 18:44:42,458 : INFO : EventManager : Event: ======'achievement_skillshot_6_changed_state'====== Args={'restore': False, 'state': 'enabled', 'selected': False}
2024-09-05 18:44:42,458 : INFO : EventManager : Event: ======'achievement_skillshot_6_state_enabled'====== Args={'restore': False, 'state': 'enabled', 'selected': False}
2024-09-05 18:44:42,459 : INFO : EventManager : Event: ======'achievement_skillshot_7_changed_state'====== Args={'restore': False, 'state': 'enabled', 'selected': False}
2024-09-05 18:44:42,459 : INFO : EventManager : Event: ======'achievement_skillshot_7_state_enabled'====== Args={'restore': False, 'state': 'enabled', 'selected': False}
2024-09-05 18:44:42,459 : INFO : EventManager : Event: ======'achievement_skillshot_8_changed_state'====== Args={'restore': False, 'state': 'enabled', 'selected': False}
2024-09-05 18:44:42,459 : INFO : EventManager : Event: ======'achievement_skillshot_8_state_enabled'====== Args={'restore': False, 'state': 'enabled', 'selected': False}
2024-09-05 18:44:42,507 : INFO : EventManager : Event: ======'logicblock_battle_counter_updated'====== Args={'value': 5, 'enabled': False}
2024-09-05 18:44:42,507 : INFO : Mode.battle_manager : Started. Priority: 100
2024-09-05 18:44:42,507 : INFO : EventManager : Event: ======'modes_active_modes_changed'====== Args={}
2024-09-05 18:44:42,507 : INFO : EventManager : Event: ======'mode_battle_manager_started'====== Args={'player': 1, 'ball': 1, 'balls_remaining': 2, 'is_extra_ball': False}
2024-09-05 18:44:42,508 : INFO : EventManager : Event: ======'player_battle_lit_score'====== Args={'value': 5, 'prev_value': 0, 'change': 5, 'player_num': 1}
2024-09-05 18:44:42,508 : INFO : EventManager : Event: ======'logicblock_battle_counter_updated'====== Args={'value': 5, 'enabled': True}
2024-09-05 18:44:42,508 : INFO : EventManager : Event: ======'single_player_ball_started'====== Args={}
2024-09-05 18:44:42,509 : INFO : EventManager : Event: ======'slide_prelaunch_slide_created'====== Args={'_from_bcp': True}
2024-09-05 18:44:42,523 : INFO : EventManager : Event: ======'slide_prelaunch_slide_active'====== Args={'_from_bcp': True}
2024-09-05 18:44:42,567 : INFO : ball_device.bd_plunger : Setting up player-controlled eject. Balls: 1, Target: <playfield.playfield>, player_controlled_eject_event: s_plunger_button_active
2024-09-05 18:44:42,567 : INFO : EventManager : Event: ======'balldevice_balls_available'====== Args={}
2024-09-05 18:44:42,568 : INFO : EventManager : Event: ======'slide_base_slide_created'====== Args={'_from_bcp': True}
2024-09-05 18:44:42,569 : INFO : ball_device.bd_trough : State: waiting_for_target_ready
2024-09-05 18:44:42,569 : INFO : EventManager : Event: ======'balldevice_bd_trough_ball_eject_attempt'====== Args={'balls': 1, 'target': <ball_device.bd_plunger>, 'source': <ball_device.bd_trough>, 'mechanical_eject': True, 'num_attempts': 0}
2024-09-05 18:44:42,569 : INFO : ball_device.bd_plunger : State: waiting_for_ball
2024-09-05 18:44:42,570 : INFO : ball_device.bd_trough : State: ejecting
2024-09-05 18:44:42,570 : INFO : ball_device.bd_trough : Ejecting ball to <ball_device.bd_plunger>
2024-09-05 18:44:42,570 : INFO : EventManager : Event: ======'balldevice_bd_trough_ejecting_ball'====== Args={'balls': 1, 'target': <ball_device.bd_plunger>, 'source': <ball_device.bd_trough>, 'mechanical_eject': True, 'num_attempts': 0}
2024-09-05 18:44:42,571 : INFO : ball_device.bd_trough : Wait for ball to leave device
2024-09-05 18:44:42,571 : INFO : coil.c_trough_eject : Pulsing Driver for 20ms (1.0 pulse_power)
2024-09-05 18:44:42,571 : INFO : SwitchController : <<<<<<< 's_trough1' inactive >>>>>>>
2024-09-05 18:44:42,582 : INFO : ball_device.bd_trough : State: ball_left
2024-09-05 18:44:42,583 : INFO : ball_device.bd_trough : Ball left
2024-09-05 18:44:42,583 : INFO : ball_device.bd_trough : Wait for confirm with timeout 10.0
2024-09-05 18:44:42,682 : INFO : SwitchController : <<<<<<< 's_plunger' active >>>>>>>
2024-09-05 18:44:42,682 : INFO : EventManager : Event: ======'machine_var_audits_switches_s_plunger'====== Args={'value': 4089, 'prev_value': 4088, 'change': 1}
2024-09-05 18:44:42,987 : INFO : ball_device.bd_plunger : Received ball from <ball_device.bd_trough>
2024-09-05 18:44:42,987 : INFO : EventManager : Event: ======'balldevice_bd_plunger_ball_enter'====== Args={'new_balls': 1, 'unclaimed_balls': 0, 'new_available_balls': 0, 'device': <ball_device.bd_plunger>}
2024-09-05 18:44:42,988 : INFO : EventManager : Event: ======'balldevice_bd_plunger_ball_entered'====== Args={'new_balls': 0, 'device': <ball_device.bd_plunger>}
2024-09-05 18:44:42,988 : INFO : EventManager : Event: ======'balldevice_bd_plunger_ball_count_changed'====== Args={'balls': 1}
2024-09-05 18:44:42,988 : INFO : ball_device.bd_trough : Got eject confirm
2024-09-05 18:44:42,988 : INFO : ball_device.bd_trough : Eject successful
2024-09-05 18:44:42,988 : INFO : EventManager : Event: ======'balldevice_bd_trough_ball_eject_success'====== Args={'balls': 1, 'target': <ball_device.bd_plunger>}
2024-09-05 18:44:42,989 : INFO : EventManager : Event: ======'balldevice_bd_trough_ball_count_changed'====== Args={'balls': 4}
2024-09-05 18:44:42,989 : INFO : ball_device.bd_trough : State: idle
2024-09-05 18:44:42,989 : INFO : ball_device.bd_plunger : State: waiting_for_target_ready
2024-09-05 18:44:42,989 : INFO : EventManager : Event: ======'balldevice_bd_plunger_ball_eject_attempt'====== Args={'balls': 1, 'target': <playfield.playfield>, 'source': <ball_device.bd_plunger>, 'mechanical_eject': True, 'num_attempts': 0}
2024-09-05 18:44:42,990 : INFO : ball_device.bd_plunger : State: ejecting
2024-09-05 18:44:42,990 : INFO : ball_device.bd_plunger : Ejecting ball to <playfield.playfield>
2024-09-05 18:44:42,990 : INFO : EventManager : Event: ======'balldevice_bd_plunger_ejecting_ball'====== Args={'balls': 1, 'target': <playfield.playfield>, 'source': <ball_device.bd_plunger>, 'mechanical_eject': True, 'num_attempts': 0}
2024-09-05 18:44:42,990 : INFO : ball_device.bd_plunger : Wait for ball to leave device
2024-09-05 18:44:43,663 : INFO : SwitchController : <<<<<<< 's_right_slingshot' active >>>>>>>
2024-09-05 18:44:43,663 : INFO : EventManager : Event: ======'s_right_slingshot_active'====== Args={}
2024-09-05 18:44:43,663 : INFO : EventManager : Event: ======'playfield_active'====== Args={}
2024-09-05 18:44:43,663 : INFO : EventManager : Event: ======'machine_var_audits_switches_s_right_slingshot'====== Args={'value': 133, 'prev_value': 132, 'change': 1}
2024-09-05 18:44:43,664 : INFO : EventManager : Event: ======'enable_citadel_diverter'====== Args={'priority': 0}
2024-09-05 18:44:43,664 : INFO : EventManager : Event: ======'diverter_citadel_diverter_enabling'====== Args={'auto': False}
2024-09-05 18:44:43,761 : INFO : SwitchController : <<<<<<< 's_right_slingshot' inactive >>>>>>>
2024-09-05 18:44:44,949 : INFO : SwitchController : <<<<<<< 's_left_slingshot' active >>>>>>>
2024-09-05 18:44:44,949 : INFO : EventManager : Event: ======'s_left_slingshot_active'====== Args={}
2024-09-05 18:44:44,949 : INFO : EventManager : Event: ======'playfield_active'====== Args={}
2024-09-05 18:44:44,949 : INFO : EventManager : Event: ======'machine_var_audits_switches_s_left_slingshot'====== Args={'value': 34, 'prev_value': 33, 'change': 1}
2024-09-05 18:44:44,960 : INFO : EventManager : Event: ======'disable_citadel_diverter'====== Args={'priority': 0}
2024-09-05 18:44:44,961 : INFO : EventManager : Event: ======'diverter_citadel_diverter_disabling'====== Args={'auto': False}
2024-09-05 18:44:45,080 : INFO : SwitchController : <<<<<<< 's_left_slingshot' inactive >>>>>>>
2024-09-05 18:44:49,364 : INFO : SwitchController : <<<<<<< 's_left_inlane' active >>>>>>>
2024-09-05 18:44:49,364 : INFO : EventManager : Event: ======'s_left_inlane_active'====== Args={}
2024-09-05 18:44:49,364 : INFO : EventManager : Event: ======'machine_var_audits_switches_s_left_inlane'====== Args={'value': 350, 'prev_value': 349, 'change': 1}
2024-09-05 18:44:49,366 : INFO : EventManager : Event: ======'playfield_active'====== Args={}
2024-09-05 18:44:49,375 : INFO : EventManager : Event: ======'player_shot_lane_C'====== Args={'value': 1, 'prev_value': 0, 'change': 1, 'player_num': 1}
2024-09-05 18:44:49,376 : INFO : EventManager : Event: ======'machine_var_audits_shots_lane_C'====== Args={'value': 349, 'prev_value': 348, 'change': 1}
2024-09-05 18:44:49,376 : INFO : EventManager : Event: ======'lane_C_hit'====== Args={'profile': 'default', 'state': 'unlit', 'advancing': True}
2024-09-05 18:44:49,377 : INFO : EventManager : Event: ======'lane_C_default_hit'====== Args={'profile': 'default', 'state': 'unlit', 'advancing': True}
2024-09-05 18:44:49,377 : INFO : EventManager : Event: ======'lane_C_default_unlit_hit'====== Args={'profile': 'default', 'state': 'unlit', 'advancing': True}
2024-09-05 18:44:49,377 : INFO : EventManager : Event: ======'lane_C_unlit_hit'====== Args={'profile': 'default', 'state': 'unlit', 'advancing': True}
2024-09-05 18:44:49,377 : INFO : EventManager : Event: ======'mode_capture_award_will_start'====== Args={}
2024-09-05 18:44:49,377 : INFO : EventManager : Event: ======'achievement_hold_bonus_changed_state'====== Args={'restore': False, 'state': 'enabled', 'selected': False}
2024-09-05 18:44:49,378 : INFO : EventManager : Event: ======'achievement_hold_bonus_state_enabled'====== Args={'restore': False, 'state': 'enabled', 'selected': False}
2024-09-05 18:44:49,378 : INFO : EventManager : Event: ======'achievement_hold_jet_changed_state'====== Args={'restore': False, 'state': 'enabled', 'selected': False}
2024-09-05 18:44:49,378 : INFO : EventManager : Event: ======'achievement_hold_jet_state_enabled'====== Args={'restore': False, 'state': 'enabled', 'selected': False}
2024-09-05 18:44:49,378 : INFO : EventManager : Event: ======'achievement_hold_dmg_changed_state'====== Args={'restore': False, 'state': 'enabled', 'selected': False}
2024-09-05 18:44:49,379 : INFO : EventManager : Event: ======'achievement_hold_dmg_state_enabled'====== Args={'restore': False, 'state': 'enabled', 'selected': False}
2024-09-05 18:44:49,379 : INFO : EventManager : Event: ======'achievement_max_jet_changed_state'====== Args={'restore': False, 'state': 'enabled', 'selected': False}
2024-09-05 18:44:49,379 : INFO : EventManager : Event: ======'achievement_max_jet_state_enabled'====== Args={'restore': False, 'state': 'enabled', 'selected': False}
2024-09-05 18:44:49,380 : INFO : EventManager : Event: ======'achievement_max_dmg_changed_state'====== Args={'restore': False, 'state': 'enabled', 'selected': False}
2024-09-05 18:44:49,380 : INFO : EventManager : Event: ======'achievement_max_dmg_state_enabled'====== Args={'restore': False, 'state': 'enabled', 'selected': False}
2024-09-05 18:44:49,382 : INFO : EventManager : Event: ======'mode_capture_award_starting'====== Args={}
2024-09-05 18:44:49,395 : INFO : EventManager : Event: ======'container_lanes_hit'====== Args={}
2024-09-05 18:44:49,396 : INFO : EventManager : Event: ======'container_lanes_unlit_hit'====== Args={}
2024-09-05 18:44:49,396 : INFO : EventManager : Event: ======'achievement_hold_jet_changed_state'====== Args={'restore': False, 'state': 'enabled', 'selected': True}
2024-09-05 18:44:49,396 : INFO : EventManager : Event: ======'achievement_hold_jet_state_enabled'====== Args={'restore': False, 'state': 'enabled', 'selected': True}
2024-09-05 18:44:49,396 : INFO : EventManager : Event: ======'check_capture_award_slides'====== Args={'restore': False, 'state': 'enabled', 'selected': True}
2024-09-05 18:44:49,397 : INFO : EventManager : Event: ======'highlight_hold_jet'====== Args={'restore': False, 'state': 'enabled', 'selected': True}
2024-09-05 18:44:49,397 : INFO : Mode.capture_award : Started. Priority: 100
2024-09-05 18:44:49,397 : INFO : EventManager : Event: ======'modes_active_modes_changed'====== Args={}
2024-09-05 18:44:49,397 : INFO : EventManager : Event: ======'mode_capture_award_started'====== Args={}
2024-09-05 18:44:49,431 : INFO : EventManager : Event: ======'slide_capture_award_slide_created'====== Args={'_from_bcp': True}
2024-09-05 18:44:49,486 : INFO : SwitchController : <<<<<<< 's_left_inlane' inactive >>>>>>>
2024-09-05 18:44:50,872 : INFO : SwitchController : <<<<<<< 's_left_mid_inlane' active >>>>>>>
2024-09-05 18:44:50,872 : INFO : EventManager : Event: ======'s_left_mid_inlane_active'====== Args={}
2024-09-05 18:44:50,872 : INFO : EventManager : Event: ======'machine_var_audits_switches_s_left_mid_inlane'====== Args={'value': 147, 'prev_value': 146, 'change': 1}
2024-09-05 18:44:50,873 : INFO : EventManager : Event: ======'playfield_active'====== Args={}
2024-09-05 18:44:50,873 : INFO : EventManager : Event: ======'player_shot_lane_B'====== Args={'value': 1, 'prev_value': 0, 'change': 1, 'player_num': 1}
2024-09-05 18:44:50,874 : INFO : EventManager : Event: ======'machine_var_audits_shots_lane_B'====== Args={'value': 147, 'prev_value': 146, 'change': 1}
2024-09-05 18:44:50,875 : INFO : EventManager : Event: ======'lane_B_hit'====== Args={'profile': 'default', 'state': 'unlit', 'advancing': True}
2024-09-05 18:44:50,875 : INFO : EventManager : Event: ======'lane_B_default_hit'====== Args={'profile': 'default', 'state': 'unlit', 'advancing': True}
2024-09-05 18:44:50,875 : INFO : EventManager : Event: ======'lane_B_default_unlit_hit'====== Args={'profile': 'default', 'state': 'unlit', 'advancing': True}
2024-09-05 18:44:50,875 : INFO : EventManager : Event: ======'lane_B_unlit_hit'====== Args={'profile': 'default', 'state': 'unlit', 'advancing': True}
2024-09-05 18:44:50,876 : INFO : EventManager : Event: ======'container_lanes_hit'====== Args={}
2024-09-05 18:44:50,876 : INFO : EventManager : Event: ======'container_lanes_unlit_hit'====== Args={}
2024-09-05 18:44:51,024 : INFO : SwitchController : <<<<<<< 's_left_mid_inlane' inactive >>>>>>>
2024-09-05 18:44:54,634 : INFO : SwitchController : <<<<<<< 's_saucer' active >>>>>>>
2024-09-05 18:44:54,634 : INFO : EventManager : Event: ======'machine_var_audits_switches_s_saucer'====== Args={'value': 1, 'prev_value': 0, 'change': 1}
2024-09-05 18:44:54,750 : INFO : SwitchController : <<<<<<< 's_saucer' inactive >>>>>>>
2024-09-05 18:44:55,672 : INFO : SwitchController : <<<<<<< 's_right_tunnel' active >>>>>>>
2024-09-05 18:44:55,672 : INFO : EventManager : Event: ======'machine_var_audits_switches_s_right_tunnel'====== Args={'value': 1, 'prev_value': 0, 'change': 1}
2024-09-05 18:44:55,790 : INFO : SwitchController : <<<<<<< 's_right_tunnel' inactive >>>>>>>
2024-09-05 18:44:57,791 : INFO : SwitchController : <<<<<<< 's_left_slingshot' active >>>>>>>
2024-09-05 18:44:57,791 : INFO : EventManager : Event: ======'s_left_slingshot_active'====== Args={}
2024-09-05 18:44:57,791 : INFO : EventManager : Event: ======'playfield_active'====== Args={}
2024-09-05 18:44:57,791 : INFO : EventManager : Event: ======'machine_var_audits_switches_s_left_slingshot'====== Args={'value': 35, 'prev_value': 34, 'change': 1}
2024-09-05 18:44:57,801 : INFO : EventManager : Event: ======'disable_citadel_diverter'====== Args={'priority': 0}
2024-09-05 18:44:57,802 : INFO : EventManager : Event: ======'diverter_citadel_diverter_disabling'====== Args={'auto': False}
2024-09-05 18:44:57,872 : INFO : SwitchController : <<<<<<< 's_left_slingshot' inactive >>>>>>>
2024-09-05 18:44:58,631 : INFO : SwitchController : <<<<<<< 's_left_slingshot' active >>>>>>>
2024-09-05 18:44:58,631 : INFO : EventManager : Event: ======'s_left_slingshot_active'====== Args={}
2024-09-05 18:44:58,631 : INFO : EventManager : Event: ======'playfield_active'====== Args={}
2024-09-05 18:44:58,631 : INFO : EventManager : Event: ======'machine_var_audits_switches_s_left_slingshot'====== Args={'value': 36, 'prev_value': 35, 'change': 1}
2024-09-05 18:44:58,632 : INFO : EventManager : Event: ======'disable_citadel_diverter'====== Args={'priority': 0}
2024-09-05 18:44:58,632 : INFO : EventManager : Event: ======'diverter_citadel_diverter_disabling'====== Args={'auto': False}
2024-09-05 18:44:58,723 : INFO : SwitchController : <<<<<<< 's_left_slingshot' inactive >>>>>>>
2024-09-05 18:45:01,055 : INFO : SwitchController : <<<<<<< 's_right_flipper' active >>>>>>>
2024-09-05 18:45:01,055 : INFO : EventManager : Event: ======'s_right_flipper_active'====== Args={}
2024-09-05 18:45:01,055 : INFO : EventManager : Event: ======'machine_var_audits_switches_s_right_flipper'====== Args={'value': 4237, 'prev_value': 4236, 'change': 1}
2024-09-05 18:45:01,066 : INFO : EventManager : Event: ======'achievement_skillshot_1_changed_state'====== Args={'restore': False, 'state': 'enabled', 'selected': False}
2024-09-05 18:45:01,067 : INFO : EventManager : Event: ======'achievement_skillshot_1_state_enabled'====== Args={'restore': False, 'state': 'enabled', 'selected': False}
2024-09-05 18:45:01,067 : INFO : EventManager : Event: ======'achievement_skillshot_2_changed_state'====== Args={'restore': False, 'state': 'enabled', 'selected': True}
2024-09-05 18:45:01,067 : INFO : EventManager : Event: ======'achievement_skillshot_2_state_enabled'====== Args={'restore': False, 'state': 'enabled', 'selected': True}
2024-09-05 18:45:01,067 : INFO : EventManager : Event: ======'skillshot_2_selected'====== Args={'restore': False, 'state': 'enabled', 'selected': True}
2024-09-05 18:45:01,068 : INFO : EventManager : Event: ======'player_shot_lane_B'====== Args={'value': 0, 'prev_value': 1, 'change': -1, 'player_num': 1}
2024-09-05 18:45:01,068 : INFO : EventManager : Event: ======'player_shot_lane_D'====== Args={'value': 1, 'prev_value': 0, 'change': 1, 'player_num': 1}
2024-09-05 18:45:01,070 : INFO : EventManager : Event: ======'achievement_mode_3_changed_state'====== Args={'restore': False, 'state': 'enabled', 'selected': False}
2024-09-05 18:45:01,070 : INFO : EventManager : Event: ======'achievement_mode_3_state_enabled'====== Args={'restore': False, 'state': 'enabled', 'selected': False}
2024-09-05 18:45:01,070 : INFO : EventManager : Event: ======'achievement_mode_4_changed_state'====== Args={'restore': False, 'state': 'enabled', 'selected': True}
2024-09-05 18:45:01,071 : INFO : EventManager : Event: ======'achievement_mode_4_state_enabled'====== Args={'restore': False, 'state': 'enabled', 'selected': True}
2024-09-05 18:45:01,071 : INFO : EventManager : Event: ======'achievement_mode_4_state_selected'====== Args={'restore': False, 'state': 'enabled', 'selected': True}
2024-09-05 18:45:01,071 : INFO : EventManager : Event: ======'achievement_hold_jet_changed_state'====== Args={'restore': False, 'state': 'enabled', 'selected': False}
2024-09-05 18:45:01,072 : INFO : EventManager : Event: ======'achievement_hold_jet_state_enabled'====== Args={'restore': False, 'state': 'enabled', 'selected': False}
2024-09-05 18:45:01,072 : INFO : EventManager : Event: ======'achievement_hold_dmg_changed_state'====== Args={'restore': False, 'state': 'enabled', 'selected': True}
2024-09-05 18:45:01,072 : INFO : EventManager : Event: ======'achievement_hold_dmg_state_enabled'====== Args={'restore': False, 'state': 'enabled', 'selected': True}
2024-09-05 18:45:01,072 : INFO : EventManager : Event: ======'check_capture_award_slides'====== Args={'restore': False, 'state': 'enabled', 'selected': True}
2024-09-05 18:45:01,073 : INFO : EventManager : Event: ======'highlight_hold_dmg'====== Args={'restore': False, 'state': 'enabled', 'selected': True}
2024-09-05 18:45:01,073 : INFO : state_machine.mode_memory_state_machine : Transitioning from left to right
2024-09-05 18:45:01,177 : INFO : SwitchController : <<<<<<< 's_right_flipper' inactive >>>>>>>
2024-09-05 18:45:01,289 : INFO : SwitchController : <<<<<<< 's_right_flipper' active >>>>>>>
2024-09-05 18:45:01,290 : INFO : EventManager : Event: ======'s_right_flipper_active'====== Args={}
2024-09-05 18:45:01,290 : INFO : EventManager : Event: ======'machine_var_audits_switches_s_right_flipper'====== Args={'value': 4238, 'prev_value': 4237, 'change': 1}
2024-09-05 18:45:01,291 : INFO : EventManager : Event: ======'achievement_skillshot_2_changed_state'====== Args={'restore': False, 'state': 'enabled', 'selected': False}
2024-09-05 18:45:01,291 : INFO : EventManager : Event: ======'achievement_skillshot_2_state_enabled'====== Args={'restore': False, 'state': 'enabled', 'selected': False}
2024-09-05 18:45:01,291 : INFO : EventManager : Event: ======'achievement_skillshot_3_changed_state'====== Args={'restore': False, 'state': 'enabled', 'selected': True}
2024-09-05 18:45:01,291 : INFO : EventManager : Event: ======'achievement_skillshot_3_state_enabled'====== Args={'restore': False, 'state': 'enabled', 'selected': True}
2024-09-05 18:45:01,292 : INFO : EventManager : Event: ======'skillshot_3_selected'====== Args={'restore': False, 'state': 'enabled', 'selected': True}
2024-09-05 18:45:01,292 : INFO : EventManager : Event: ======'player_shot_lane_C'====== Args={'value': 0, 'prev_value': 1, 'change': -1, 'player_num': 1}
2024-09-05 18:45:01,293 : INFO : EventManager : Event: ======'player_shot_lane_E'====== Args={'value': 1, 'prev_value': 0, 'change': 1, 'player_num': 1}
2024-09-05 18:45:01,293 : INFO : EventManager : Event: ======'achievement_mode_4_changed_state'====== Args={'restore': False, 'state': 'enabled', 'selected': False}
2024-09-05 18:45:01,293 : INFO : EventManager : Event: ======'achievement_mode_4_state_enabled'====== Args={'restore': False, 'state': 'enabled', 'selected': False}
2024-09-05 18:45:01,294 : INFO : EventManager : Event: ======'achievement_mode_5_changed_state'====== Args={'restore': False, 'state': 'enabled', 'selected': True}
2024-09-05 18:45:01,294 : INFO : EventManager : Event: ======'achievement_mode_5_state_enabled'====== Args={'restore': False, 'state': 'enabled', 'selected': True}
2024-09-05 18:45:01,294 : INFO : EventManager : Event: ======'achievement_mode_5_state_selected'====== Args={'restore': False, 'state': 'enabled', 'selected': True}
2024-09-05 18:45:01,295 : INFO : EventManager : Event: ======'achievement_hold_dmg_changed_state'====== Args={'restore': False, 'state': 'enabled', 'selected': False}
2024-09-05 18:45:01,295 : INFO : EventManager : Event: ======'achievement_hold_dmg_state_enabled'====== Args={'restore': False, 'state': 'enabled', 'selected': False}
2024-09-05 18:45:01,295 : INFO : EventManager : Event: ======'achievement_max_jet_changed_state'====== Args={'restore': False, 'state': 'enabled', 'selected': True}
2024-09-05 18:45:01,295 : INFO : EventManager : Event: ======'achievement_max_jet_state_enabled'====== Args={'restore': False, 'state': 'enabled', 'selected': True}
2024-09-05 18:45:01,296 : INFO : EventManager : Event: ======'check_capture_award_slides'====== Args={'restore': False, 'state': 'enabled', 'selected': True}
2024-09-05 18:45:01,296 : INFO : EventManager : Event: ======'highlight_max_jet'====== Args={'restore': False, 'state': 'enabled', 'selected': True}
2024-09-05 18:45:01,365 : INFO : SwitchController : <<<<<<< 's_right_flipper' inactive >>>>>>>
2024-09-05 18:45:01,449 : INFO : SwitchController : <<<<<<< 's_right_flipper' active >>>>>>>
2024-09-05 18:45:01,449 : INFO : EventManager : Event: ======'s_right_flipper_active'====== Args={}
2024-09-05 18:45:01,449 : INFO : EventManager : Event: ======'machine_var_audits_switches_s_right_flipper'====== Args={'value': 4239, 'prev_value': 4238, 'change': 1}
2024-09-05 18:45:01,450 : INFO : EventManager : Event: ======'achievement_skillshot_3_changed_state'====== Args={'restore': False, 'state': 'enabled', 'selected': False}
2024-09-05 18:45:01,450 : INFO : EventManager : Event: ======'achievement_skillshot_3_state_enabled'====== Args={'restore': False, 'state': 'enabled', 'selected': False}
2024-09-05 18:45:01,451 : INFO : EventManager : Event: ======'achievement_skillshot_4_changed_state'====== Args={'restore': False, 'state': 'enabled', 'selected': True}
2024-09-05 18:45:01,451 : INFO : EventManager : Event: ======'achievement_skillshot_4_state_enabled'====== Args={'restore': False, 'state': 'enabled', 'selected': True}
2024-09-05 18:45:01,451 : INFO : EventManager : Event: ======'skillshot_4_selected'====== Args={'restore': False, 'state': 'enabled', 'selected': True}
2024-09-05 18:45:01,451 : INFO : EventManager : Event: ======'player_shot_lane_A'====== Args={'value': 1, 'prev_value': 0, 'change': 1, 'player_num': 1}
2024-09-05 18:45:01,452 : INFO : EventManager : Event: ======'player_shot_lane_D'====== Args={'value': 0, 'prev_value': 1, 'change': -1, 'player_num': 1}
2024-09-05 18:45:01,453 : INFO : EventManager : Event: ======'achievement_mode_5_changed_state'====== Args={'restore': False, 'state': 'enabled', 'selected': False}
2024-09-05 18:45:01,453 : INFO : EventManager : Event: ======'achievement_mode_5_state_enabled'====== Args={'restore': False, 'state': 'enabled', 'selected': False}
2024-09-05 18:45:01,454 : INFO : EventManager : Event: ======'achievement_mode_6_changed_state'====== Args={'restore': False, 'state': 'enabled', 'selected': True}
2024-09-05 18:45:01,454 : INFO : EventManager : Event: ======'achievement_mode_6_state_enabled'====== Args={'restore': False, 'state': 'enabled', 'selected': True}
2024-09-05 18:45:01,454 : INFO : EventManager : Event: ======'achievement_mode_6_state_selected'====== Args={'restore': False, 'state': 'enabled', 'selected': True}
2024-09-05 18:45:01,454 : INFO : EventManager : Event: ======'achievement_max_jet_changed_state'====== Args={'restore': False, 'state': 'enabled', 'selected': False}
2024-09-05 18:45:01,455 : INFO : EventManager : Event: ======'achievement_max_jet_state_enabled'====== Args={'restore': False, 'state': 'enabled', 'selected': False}
2024-09-05 18:45:01,455 : INFO : EventManager : Event: ======'achievement_max_dmg_changed_state'====== Args={'restore': False, 'state': 'enabled', 'selected': True}
2024-09-05 18:45:01,455 : INFO : EventManager : Event: ======'achievement_max_dmg_state_enabled'====== Args={'restore': False, 'state': 'enabled', 'selected': True}
2024-09-05 18:45:01,455 : INFO : EventManager : Event: ======'check_capture_award_slides'====== Args={'restore': False, 'state': 'enabled', 'selected': True}
2024-09-05 18:45:01,456 : INFO : EventManager : Event: ======'highlight_max_dmg'====== Args={'restore': False, 'state': 'enabled', 'selected': True}
2024-09-05 18:45:01,528 : INFO : SwitchController : <<<<<<< 's_right_flipper' inactive >>>>>>>
2024-09-05 18:45:01,943 : INFO : SwitchController : <<<<<<< 's_right_flipper' active >>>>>>>
2024-09-05 18:45:01,943 : INFO : EventManager : Event: ======'s_right_flipper_active'====== Args={}
2024-09-05 18:45:01,943 : INFO : EventManager : Event: ======'machine_var_audits_switches_s_right_flipper'====== Args={'value': 4240, 'prev_value': 4239, 'change': 1}
2024-09-05 18:45:01,944 : INFO : EventManager : Event: ======'achievement_skillshot_4_changed_state'====== Args={'restore': False, 'state': 'enabled', 'selected': False}
2024-09-05 18:45:01,944 : INFO : EventManager : Event: ======'achievement_skillshot_4_state_enabled'====== Args={'restore': False, 'state': 'enabled', 'selected': False}
2024-09-05 18:45:01,945 : INFO : EventManager : Event: ======'achievement_skillshot_5_changed_state'====== Args={'restore': False, 'state': 'enabled', 'selected': True}
2024-09-05 18:45:01,945 : INFO : EventManager : Event: ======'achievement_skillshot_5_state_enabled'====== Args={'restore': False, 'state': 'enabled', 'selected': True}
2024-09-05 18:45:01,945 : INFO : EventManager : Event: ======'skillshot_5_selected'====== Args={'restore': False, 'state': 'enabled', 'selected': True}
2024-09-05 18:45:01,946 : INFO : EventManager : Event: ======'player_shot_lane_B'====== Args={'value': 1, 'prev_value': 0, 'change': 1, 'player_num': 1}
2024-09-05 18:45:01,946 : INFO : EventManager : Event: ======'player_shot_lane_E'====== Args={'value': 0, 'prev_value': 1, 'change': -1, 'player_num': 1}
2024-09-05 18:45:01,947 : INFO : EventManager : Event: ======'achievement_mode_6_changed_state'====== Args={'restore': False, 'state': 'enabled', 'selected': False}
2024-09-05 18:45:01,947 : INFO : EventManager : Event: ======'achievement_mode_6_state_enabled'====== Args={'restore': False, 'state': 'enabled', 'selected': False}
2024-09-05 18:45:01,947 : INFO : EventManager : Event: ======'achievement_mode_7_changed_state'====== Args={'restore': False, 'state': 'enabled', 'selected': True}
2024-09-05 18:45:01,948 : INFO : EventManager : Event: ======'achievement_mode_7_state_enabled'====== Args={'restore': False, 'state': 'enabled', 'selected': True}
2024-09-05 18:45:01,948 : INFO : EventManager : Event: ======'achievement_mode_7_state_selected'====== Args={'restore': False, 'state': 'enabled', 'selected': True}
2024-09-05 18:45:01,948 : INFO : EventManager : Event: ======'achievement_max_dmg_changed_state'====== Args={'restore': False, 'state': 'enabled', 'selected': False}
2024-09-05 18:45:01,948 : INFO : EventManager : Event: ======'achievement_max_dmg_state_enabled'====== Args={'restore': False, 'state': 'enabled', 'selected': False}
2024-09-05 18:45:01,949 : INFO : EventManager : Event: ======'achievement_hold_bonus_changed_state'====== Args={'restore': False, 'state': 'enabled', 'selected': True}
2024-09-05 18:45:01,949 : INFO : EventManager : Event: ======'achievement_hold_bonus_state_enabled'====== Args={'restore': False, 'state': 'enabled', 'selected': True}
2024-09-05 18:45:01,949 : INFO : EventManager : Event: ======'check_capture_award_slides'====== Args={'restore': False, 'state': 'enabled', 'selected': True}
2024-09-05 18:45:01,950 : INFO : EventManager : Event: ======'highlight_hold_bonus'====== Args={'restore': False, 'state': 'enabled', 'selected': True}
2024-09-05 18:45:02,031 : INFO : SwitchController : <<<<<<< 's_right_flipper' inactive >>>>>>>
2024-09-05 18:45:02,173 : INFO : SwitchController : <<<<<<< 's_right_flipper' active >>>>>>>
2024-09-05 18:45:02,173 : INFO : EventManager : Event: ======'s_right_flipper_active'====== Args={}
2024-09-05 18:45:02,173 : INFO : EventManager : Event: ======'machine_var_audits_switches_s_right_flipper'====== Args={'value': 4241, 'prev_value': 4240, 'change': 1}
2024-09-05 18:45:02,174 : INFO : EventManager : Event: ======'achievement_skillshot_5_changed_state'====== Args={'restore': False, 'state': 'enabled', 'selected': False}
2024-09-05 18:45:02,174 : INFO : EventManager : Event: ======'achievement_skillshot_5_state_enabled'====== Args={'restore': False, 'state': 'enabled', 'selected': False}
2024-09-05 18:45:02,175 : INFO : EventManager : Event: ======'achievement_skillshot_6_changed_state'====== Args={'restore': False, 'state': 'enabled', 'selected': True}
2024-09-05 18:45:02,175 : INFO : EventManager : Event: ======'achievement_skillshot_6_state_enabled'====== Args={'restore': False, 'state': 'enabled', 'selected': True}
2024-09-05 18:45:02,175 : INFO : EventManager : Event: ======'skillshot_4_selected'====== Args={'restore': False, 'state': 'enabled', 'selected': True}
2024-09-05 18:45:02,175 : INFO : EventManager : Event: ======'player_shot_lane_A'====== Args={'value': 0, 'prev_value': 1, 'change': -1, 'player_num': 1}
2024-09-05 18:45:02,176 : INFO : EventManager : Event: ======'player_shot_lane_C'====== Args={'value': 1, 'prev_value': 0, 'change': 1, 'player_num': 1}
2024-09-05 18:45:02,177 : INFO : EventManager : Event: ======'achievement_mode_7_changed_state'====== Args={'restore': False, 'state': 'enabled', 'selected': False}
2024-09-05 18:45:02,177 : INFO : EventManager : Event: ======'achievement_mode_7_state_enabled'====== Args={'restore': False, 'state': 'enabled', 'selected': False}
2024-09-05 18:45:02,177 : INFO : EventManager : Event: ======'achievement_mode_8_changed_state'====== Args={'restore': False, 'state': 'enabled', 'selected': True}
2024-09-05 18:45:02,178 : INFO : EventManager : Event: ======'achievement_mode_8_state_enabled'====== Args={'restore': False, 'state': 'enabled', 'selected': True}
2024-09-05 18:45:02,178 : INFO : EventManager : Event: ======'achievement_mode_8_state_selected'====== Args={'restore': False, 'state': 'enabled', 'selected': True}
2024-09-05 18:45:02,178 : INFO : EventManager : Event: ======'achievement_hold_bonus_changed_state'====== Args={'restore': False, 'state': 'enabled', 'selected': False}
2024-09-05 18:45:02,178 : INFO : EventManager : Event: ======'achievement_hold_bonus_state_enabled'====== Args={'restore': False, 'state': 'enabled', 'selected': False}
2024-09-05 18:45:02,179 : INFO : EventManager : Event: ======'achievement_hold_jet_changed_state'====== Args={'restore': False, 'state': 'enabled', 'selected': True}
2024-09-05 18:45:02,179 : INFO : EventManager : Event: ======'achievement_hold_jet_state_enabled'====== Args={'restore': False, 'state': 'enabled', 'selected': True}
2024-09-05 18:45:02,179 : INFO : EventManager : Event: ======'check_capture_award_slides'====== Args={'restore': False, 'state': 'enabled', 'selected': True}
2024-09-05 18:45:02,180 : INFO : EventManager : Event: ======'highlight_hold_jet'====== Args={'restore': False, 'state': 'enabled', 'selected': True}
2024-09-05 18:45:02,236 : INFO : SwitchController : <<<<<<< 's_right_flipper' inactive >>>>>>>
2024-09-05 18:45:02,389 : INFO : SwitchController : <<<<<<< 's_right_flipper' active >>>>>>>
2024-09-05 18:45:02,389 : INFO : EventManager : Event: ======'s_right_flipper_active'====== Args={}
2024-09-05 18:45:02,389 : INFO : EventManager : Event: ======'machine_var_audits_switches_s_right_flipper'====== Args={'value': 4242, 'prev_value': 4241, 'change': 1}
2024-09-05 18:45:02,390 : INFO : EventManager : Event: ======'achievement_skillshot_6_changed_state'====== Args={'restore': False, 'state': 'enabled', 'selected': False}
2024-09-05 18:45:02,390 : INFO : EventManager : Event: ======'achievement_skillshot_6_state_enabled'====== Args={'restore': False, 'state': 'enabled', 'selected': False}
2024-09-05 18:45:02,391 : INFO : EventManager : Event: ======'achievement_skillshot_7_changed_state'====== Args={'restore': False, 'state': 'enabled', 'selected': True}
2024-09-05 18:45:02,391 : INFO : EventManager : Event: ======'achievement_skillshot_7_state_enabled'====== Args={'restore': False, 'state': 'enabled', 'selected': True}
2024-09-05 18:45:02,391 : INFO : EventManager : Event: ======'skillshot_3_selected'====== Args={'restore': False, 'state': 'enabled', 'selected': True}
2024-09-05 18:45:02,392 : INFO : EventManager : Event: ======'player_shot_lane_B'====== Args={'value': 0, 'prev_value': 1, 'change': -1, 'player_num': 1}
2024-09-05 18:45:02,392 : INFO : EventManager : Event: ======'player_shot_lane_D'====== Args={'value': 1, 'prev_value': 0, 'change': 1, 'player_num': 1}
2024-09-05 18:45:02,393 : INFO : EventManager : Event: ======'achievement_mode_8_changed_state'====== Args={'restore': False, 'state': 'enabled', 'selected': False}
2024-09-05 18:45:02,393 : INFO : EventManager : Event: ======'achievement_mode_8_state_enabled'====== Args={'restore': False, 'state': 'enabled', 'selected': False}
2024-09-05 18:45:02,393 : INFO : EventManager : Event: ======'achievement_mode_9_changed_state'====== Args={'restore': False, 'state': 'enabled', 'selected': True}
2024-09-05 18:45:02,394 : INFO : EventManager : Event: ======'achievement_mode_9_state_enabled'====== Args={'restore': False, 'state': 'enabled', 'selected': True}
2024-09-05 18:45:02,394 : INFO : EventManager : Event: ======'achievement_mode_9_state_selected'====== Args={'restore': False, 'state': 'enabled', 'selected': True}
2024-09-05 18:45:02,394 : INFO : EventManager : Event: ======'achievement_hold_jet_changed_state'====== Args={'restore': False, 'state': 'enabled', 'selected': False}
2024-09-05 18:45:02,394 : INFO : EventManager : Event: ======'achievement_hold_jet_state_enabled'====== Args={'restore': False, 'state': 'enabled', 'selected': False}
2024-09-05 18:45:02,395 : INFO : EventManager : Event: ======'achievement_hold_dmg_changed_state'====== Args={'restore': False, 'state': 'enabled', 'selected': True}
2024-09-05 18:45:02,395 : INFO : EventManager : Event: ======'achievement_hold_dmg_state_enabled'====== Args={'restore': False, 'state': 'enabled', 'selected': True}
2024-09-05 18:45:02,395 : INFO : EventManager : Event: ======'check_capture_award_slides'====== Args={'restore': False, 'state': 'enabled', 'selected': True}
2024-09-05 18:45:02,395 : INFO : EventManager : Event: ======'highlight_hold_dmg'====== Args={'restore': False, 'state': 'enabled', 'selected': True}
2024-09-05 18:45:02,464 : INFO : SwitchController : <<<<<<< 's_right_flipper' inactive >>>>>>>
2024-09-05 18:45:02,587 : INFO : SwitchController : <<<<<<< 's_right_flipper' active >>>>>>>
2024-09-05 18:45:02,587 : INFO : EventManager : Event: ======'s_right_flipper_active'====== Args={}
2024-09-05 18:45:02,587 : INFO : EventManager : Event: ======'machine_var_audits_switches_s_right_flipper'====== Args={'value': 4243, 'prev_value': 4242, 'change': 1}
2024-09-05 18:45:02,588 : INFO : EventManager : Event: ======'achievement_skillshot_7_changed_state'====== Args={'restore': False, 'state': 'enabled', 'selected': False}
2024-09-05 18:45:02,588 : INFO : EventManager : Event: ======'achievement_skillshot_7_state_enabled'====== Args={'restore': False, 'state': 'enabled', 'selected': False}
2024-09-05 18:45:02,589 : INFO : EventManager : Event: ======'achievement_skillshot_8_changed_state'====== Args={'restore': False, 'state': 'enabled', 'selected': True}
2024-09-05 18:45:02,589 : INFO : EventManager : Event: ======'achievement_skillshot_8_state_enabled'====== Args={'restore': False, 'state': 'enabled', 'selected': True}
2024-09-05 18:45:02,589 : INFO : EventManager : Event: ======'skillshot_2_selected'====== Args={'restore': False, 'state': 'enabled', 'selected': True}
2024-09-05 18:45:02,590 : INFO : EventManager : Event: ======'player_shot_lane_C'====== Args={'value': 0, 'prev_value': 1, 'change': -1, 'player_num': 1}
2024-09-05 18:45:02,590 : INFO : EventManager : Event: ======'player_shot_lane_E'====== Args={'value': 1, 'prev_value': 0, 'change': 1, 'player_num': 1}
2024-09-05 18:45:02,591 : INFO : EventManager : Event: ======'achievement_mode_9_changed_state'====== Args={'restore': False, 'state': 'enabled', 'selected': False}
2024-09-05 18:45:02,591 : INFO : EventManager : Event: ======'achievement_mode_9_state_enabled'====== Args={'restore': False, 'state': 'enabled', 'selected': False}
2024-09-05 18:45:02,591 : INFO : EventManager : Event: ======'achievement_mode_10_changed_state'====== Args={'restore': False, 'state': 'enabled', 'selected': True}
2024-09-05 18:45:02,591 : INFO : EventManager : Event: ======'achievement_mode_10_state_enabled'====== Args={'restore': False, 'state': 'enabled', 'selected': True}
2024-09-05 18:45:02,592 : INFO : EventManager : Event: ======'achievement_mode_10_state_selected'====== Args={'restore': False, 'state': 'enabled', 'selected': True}
2024-09-05 18:45:02,592 : INFO : EventManager : Event: ======'achievement_hold_dmg_changed_state'====== Args={'restore': False, 'state': 'enabled', 'selected': False}
2024-09-05 18:45:02,592 : INFO : EventManager : Event: ======'achievement_hold_dmg_state_enabled'====== Args={'restore': False, 'state': 'enabled', 'selected': False}
2024-09-05 18:45:02,593 : INFO : EventManager : Event: ======'achievement_max_jet_changed_state'====== Args={'restore': False, 'state': 'enabled', 'selected': True}
2024-09-05 18:45:02,593 : INFO : EventManager : Event: ======'achievement_max_jet_state_enabled'====== Args={'restore': False, 'state': 'enabled', 'selected': True}
2024-09-05 18:45:02,593 : INFO : EventManager : Event: ======'check_capture_award_slides'====== Args={'restore': False, 'state': 'enabled', 'selected': True}
2024-09-05 18:45:02,593 : INFO : EventManager : Event: ======'highlight_max_jet'====== Args={'restore': False, 'state': 'enabled', 'selected': True}
2024-09-05 18:45:02,659 : INFO : SwitchController : <<<<<<< 's_right_flipper' inactive >>>>>>>
2024-09-05 18:45:02,758 : INFO : SwitchController : <<<<<<< 's_right_flipper' active >>>>>>>
2024-09-05 18:45:02,758 : INFO : EventManager : Event: ======'s_right_flipper_active'====== Args={}
2024-09-05 18:45:02,758 : INFO : EventManager : Event: ======'machine_var_audits_switches_s_right_flipper'====== Args={'value': 4244, 'prev_value': 4243, 'change': 1}
2024-09-05 18:45:02,759 : INFO : EventManager : Event: ======'achievement_skillshot_8_changed_state'====== Args={'restore': False, 'state': 'enabled', 'selected': False}
2024-09-05 18:45:02,759 : INFO : EventManager : Event: ======'achievement_skillshot_8_state_enabled'====== Args={'restore': False, 'state': 'enabled', 'selected': False}
2024-09-05 18:45:02,760 : INFO : EventManager : Event: ======'achievement_skillshot_1_changed_state'====== Args={'restore': False, 'state': 'enabled', 'selected': True}
2024-09-05 18:45:02,760 : INFO : EventManager : Event: ======'achievement_skillshot_1_state_enabled'====== Args={'restore': False, 'state': 'enabled', 'selected': True}
2024-09-05 18:45:02,760 : INFO : EventManager : Event: ======'skillshot_1_selected'====== Args={'restore': False, 'state': 'enabled', 'selected': True}
2024-09-05 18:45:02,761 : INFO : EventManager : Event: ======'player_shot_lane_A'====== Args={'value': 1, 'prev_value': 0, 'change': 1, 'player_num': 1}
2024-09-05 18:45:02,761 : INFO : EventManager : Event: ======'player_shot_lane_D'====== Args={'value': 0, 'prev_value': 1, 'change': -1, 'player_num': 1}
2024-09-05 18:45:02,762 : INFO : EventManager : Event: ======'achievement_mode_10_changed_state'====== Args={'restore': False, 'state': 'enabled', 'selected': False}
2024-09-05 18:45:02,762 : INFO : EventManager : Event: ======'achievement_mode_10_state_enabled'====== Args={'restore': False, 'state': 'enabled', 'selected': False}
2024-09-05 18:45:02,762 : INFO : EventManager : Event: ======'achievement_mode_1_changed_state'====== Args={'restore': False, 'state': 'enabled', 'selected': True}
2024-09-05 18:45:02,763 : INFO : EventManager : Event: ======'achievement_mode_1_state_enabled'====== Args={'restore': False, 'state': 'enabled', 'selected': True}
2024-09-05 18:45:02,763 : INFO : EventManager : Event: ======'achievement_mode_1_state_selected'====== Args={'restore': False, 'state': 'enabled', 'selected': True}
2024-09-05 18:45:02,763 : INFO : EventManager : Event: ======'achievement_max_jet_changed_state'====== Args={'restore': False, 'state': 'enabled', 'selected': False}
2024-09-05 18:45:02,763 : INFO : EventManager : Event: ======'achievement_max_jet_state_enabled'====== Args={'restore': False, 'state': 'enabled', 'selected': False}
2024-09-05 18:45:02,764 : INFO : EventManager : Event: ======'achievement_max_dmg_changed_state'====== Args={'restore': False, 'state': 'enabled', 'selected': True}
2024-09-05 18:45:02,764 : INFO : EventManager : Event: ======'achievement_max_dmg_state_enabled'====== Args={'restore': False, 'state': 'enabled', 'selected': True}
2024-09-05 18:45:02,764 : INFO : EventManager : Event: ======'check_capture_award_slides'====== Args={'restore': False, 'state': 'enabled', 'selected': True}
2024-09-05 18:45:02,764 : INFO : EventManager : Event: ======'highlight_max_dmg'====== Args={'restore': False, 'state': 'enabled', 'selected': True}
2024-09-05 18:45:02,830 : INFO : SwitchController : <<<<<<< 's_right_flipper' inactive >>>>>>>
2024-09-05 18:45:02,925 : INFO : SwitchController : <<<<<<< 's_right_flipper' active >>>>>>>
2024-09-05 18:45:02,925 : INFO : EventManager : Event: ======'s_right_flipper_active'====== Args={}
2024-09-05 18:45:02,926 : INFO : EventManager : Event: ======'machine_var_audits_switches_s_right_flipper'====== Args={'value': 4245, 'prev_value': 4244, 'change': 1}
2024-09-05 18:45:02,927 : INFO : EventManager : Event: ======'achievement_skillshot_1_changed_state'====== Args={'restore': False, 'state': 'enabled', 'selected': False}
2024-09-05 18:45:02,927 : INFO : EventManager : Event: ======'achievement_skillshot_1_state_enabled'====== Args={'restore': False, 'state': 'enabled', 'selected': False}
2024-09-05 18:45:02,927 : INFO : EventManager : Event: ======'achievement_skillshot_2_changed_state'====== Args={'restore': False, 'state': 'enabled', 'selected': True}
2024-09-05 18:45:02,927 : INFO : EventManager : Event: ======'achievement_skillshot_2_state_enabled'====== Args={'restore': False, 'state': 'enabled', 'selected': True}
2024-09-05 18:45:02,928 : INFO : EventManager : Event: ======'skillshot_2_selected'====== Args={'restore': False, 'state': 'enabled', 'selected': True}
2024-09-05 18:45:02,928 : INFO : EventManager : Event: ======'player_shot_lane_B'====== Args={'value': 1, 'prev_value': 0, 'change': 1, 'player_num': 1}
2024-09-05 18:45:02,942 : INFO : EventManager : Event: ======'player_shot_lane_E'====== Args={'value': 0, 'prev_value': 1, 'change': -1, 'player_num': 1}
2024-09-05 18:45:02,943 : INFO : EventManager : Event: ======'achievement_mode_1_changed_state'====== Args={'restore': False, 'state': 'enabled', 'selected': False}
2024-09-05 18:45:02,943 : INFO : EventManager : Event: ======'achievement_mode_1_state_enabled'====== Args={'restore': False, 'state': 'enabled', 'selected': False}
2024-09-05 18:45:02,943 : INFO : EventManager : Event: ======'achievement_mode_2_changed_state'====== Args={'restore': False, 'state': 'enabled', 'selected': True}
2024-09-05 18:45:02,944 : INFO : EventManager : Event: ======'achievement_mode_2_state_enabled'====== Args={'restore': False, 'state': 'enabled', 'selected': True}
2024-09-05 18:45:02,944 : INFO : EventManager : Event: ======'achievement_mode_2_state_selected'====== Args={'restore': False, 'state': 'enabled', 'selected': True}
2024-09-05 18:45:02,944 : INFO : EventManager : Event: ======'achievement_max_dmg_changed_state'====== Args={'restore': False, 'state': 'enabled', 'selected': False}
2024-09-05 18:45:02,944 : INFO : EventManager : Event: ======'achievement_max_dmg_state_enabled'====== Args={'restore': False, 'state': 'enabled', 'selected': False}
2024-09-05 18:45:02,945 : INFO : EventManager : Event: ======'achievement_hold_bonus_changed_state'====== Args={'restore': False, 'state': 'enabled', 'selected': True}
2024-09-05 18:45:02,945 : INFO : EventManager : Event: ======'achievement_hold_bonus_state_enabled'====== Args={'restore': False, 'state': 'enabled', 'selected': True}
2024-09-05 18:45:02,945 : INFO : EventManager : Event: ======'check_capture_award_slides'====== Args={'restore': False, 'state': 'enabled', 'selected': True}
2024-09-05 18:45:02,946 : INFO : EventManager : Event: ======'highlight_hold_bonus'====== Args={'restore': False, 'state': 'enabled', 'selected': True}
2024-09-05 18:45:02,980 : INFO : SwitchController : <<<<<<< 's_right_flipper' inactive >>>>>>>
2024-09-05 18:45:04,941 : INFO : SwitchController : <<<<<<< 's_main_hole' active >>>>>>>
2024-09-05 18:45:04,941 : INFO : EventManager : Event: ======'s_main_hole_active'====== Args={}
2024-09-05 18:45:04,941 : INFO : EventManager : Event: ======'machine_var_audits_switches_s_main_hole'====== Args={'value': 1062, 'prev_value': 1061, 'change': 1}
2024-09-05 18:45:04,952 : INFO : EventManager : Event: ======'mode_timer_pause_event'====== Args={'priority': 0}
2024-09-05 18:45:04,952 : INFO : EventManager : Event: ======'mode_timer_quick_pause_start'====== Args={'priority': 0}
2024-09-05 18:45:04,953 : INFO : EventManager : Event: ======'mode_timer_quick_pause_starting'====== Args={}
2024-09-05 18:45:04,966 : INFO : EventManager : Event: ======'mode_timer_quick_stop'====== Args={}
2024-09-05 18:45:04,967 : INFO : Timer.mode_countdown_delay : Stopping Timer
2024-09-05 18:45:04,967 : INFO : EventManager : Event: ======'timer_mode_countdown_delay_stopped'====== Args={'ticks': 2, 'ticks_remaining': 0}
2024-09-05 18:45:05,448 : INFO : EventManager : Event: ======'balldevice_bd_main_hole_ball_count_changed'====== Args={'balls': 1}
2024-09-05 18:45:05,449 : INFO : ball_device.bd_main_hole : Received unexpected ball
2024-09-05 18:45:05,449 : INFO : EventManager : Event: ======'balldevice_captured_from_playfield'====== Args={'balls': 1}
2024-09-05 18:45:05,449 : INFO : EventManager : Event: ======'sw_playfield_active'====== Args={'balls': 1}
2024-09-05 18:45:05,449 : INFO : EventManager : Event: ======'playfield_active'====== Args={}
2024-09-05 18:45:05,450 : INFO : EventManager : Event: ======'playfield_ball_count_change'====== Args={'balls': -1, 'change': -1}
2024-09-05 18:45:05,450 : INFO : EventManager : Event: ======'balldevice_playfield_ball_enter'====== Args={'new_balls': 1, 'unclaimed_balls': 1, 'device': <playfield.playfield>}
2024-09-05 18:45:05,450 : INFO : EventManager : Event: ======'playfield_ball_count_change'====== Args={'balls': 0, 'change': 1}
2024-09-05 18:45:05,451 : INFO : BallController : Found a new ball which was captured from playfield. Known balls: 6
2024-09-05 18:45:05,451 : INFO : EventManager : Event: ======'found_new_ball'====== Args={}
2024-09-05 18:45:05,451 : INFO : EventManager : Event: ======'balldevice_bd_main_hole_ball_enter'====== Args={'new_balls': 1, 'unclaimed_balls': 1, 'new_available_balls': 1, 'device': <ball_device.bd_main_hole>}
2024-09-05 18:45:05,452 : INFO : ball_device.bd_main_hole : Ejecting 1 unexpected balls using path deque([<ball_device.bd_main_hole>, <playfield.playfield>])
2024-09-05 18:45:05,452 : INFO : EventManager : Event: ======'balldevice_balls_available'====== Args={}
2024-09-05 18:45:05,453 : INFO : EventManager : Event: ======'balldevice_balls_available'====== Args={}
2024-09-05 18:45:05,453 : INFO : EventManager : Event: ======'balldevice_bd_main_hole_ball_entered'====== Args={'new_balls': 1, 'device': <ball_device.bd_main_hole>}
2024-09-05 18:45:05,453 : INFO : ball_device.bd_main_hole : State: waiting_for_target_ready
2024-09-05 18:45:05,454 : INFO : EventManager : Event: ======'balldevice_bd_main_hole_ball_eject_attempt'====== Args={'balls': 1, 'target': <playfield.playfield>, 'source': <ball_device.bd_main_hole>, 'mechanical_eject': False, 'num_attempts': 0}
2024-09-05 18:45:05,454 : INFO : EventManager : Event: ======'start_port_queue'====== Args={}
2024-09-05 18:45:05,455 : INFO : EventManager : Event: ======'start_fire_search'====== Args={'priority': 0}
2024-09-05 18:45:05,455 : INFO : EventManager : Event: ======'port_check_phase_1'====== Args={}
2024-09-05 18:45:05,469 : INFO : EventManager : Event: ======'port_check_phase_1_started'====== Args={}
2024-09-05 18:45:05,470 : INFO : EventManager : Event: ======'port_check_phase_1_finished'====== Args={'priority': 0}
2024-09-05 18:45:05,470 : INFO : EventManager : Event: ======'port_check_phase_1_end'====== Args={}
2024-09-05 18:45:05,470 : INFO : EventManager : Event: ======'port_check_phase_2'====== Args={}
2024-09-05 18:45:05,471 : INFO : EventManager : Event: ======'port_check_phase_2_started'====== Args={}
2024-09-05 18:45:05,471 : INFO : EventManager : Event: ======'start_mode'====== Args={'priority': 0}
2024-09-05 18:45:05,471 : INFO : EventManager : Event: ======'starting_mode_countdown'====== Args={}
2024-09-05 18:45:05,472 : INFO : EventManager : Event: ======'achievement_skillshot_2_changed_state'====== Args={'restore': False, 'state': 'started', 'selected': False}
2024-09-05 18:45:05,472 : INFO : EventManager : Event: ======'award_skillshot_2'====== Args={'restore': False, 'state': 'started', 'selected': False}
2024-09-05 18:45:05,473 : INFO : EventManager : Event: ======'achievement_mode_2_changed_state'====== Args={'restore': False, 'state': 'started', 'selected': False}
2024-09-05 18:45:05,473 : INFO : EventManager : Event: ======'start_mode_2'====== Args={'restore': False, 'state': 'started', 'selected': False}
2024-09-05 18:45:05,473 : INFO : EventManager : Event: ======'mode_will_enabled'====== Args={'restore': False, 'state': 'started', 'selected': False}
2024-09-05 18:45:05,474 : INFO : EventManager : Event: ======'mode_mode_2_will_start'====== Args={'restore': False, 'state': 'started', 'selected': False}
2024-09-05 18:45:05,476 : INFO : EventManager : Event: ======'mode_mode_2_starting'====== Args={'restore': False, 'state': 'started', 'selected': False}
2024-09-05 18:45:05,476 : INFO : EventManager : Event: ======'player_m2_active'====== Args={'value': 1, 'prev_value': 0, 'change': 1, 'player_num': 1}
2024-09-05 18:45:05,477 : INFO : EventManager : Event: ======'mode_starting'====== Args={}
2024-09-05 18:45:05,477 : INFO : EventManager : Event: ======'player_countdown_bar_progress'====== Args={'value': -1, 'prev_value': 0, 'change': -1, 'player_num': 1}
2024-09-05 18:45:05,477 : INFO : EventManager : Event: ======'player_mode_shot_enabled'====== Args={'value': 1, 'prev_value': 0, 'change': 1, 'player_num': 1}
2024-09-05 18:45:05,477 : INFO : EventManager : Event: ======'player_mode_timer_mode_countdown_tick'====== Args={'value': 31, 'prev_value': 0, 'change': 31, 'player_num': 1}
2024-09-05 18:45:05,478 : INFO : EventManager : Event: ======'player_countdown_bar_progress'====== Args={'value': 30, 'prev_value': -1, 'change': 31, 'player_num': 1}
2024-09-05 18:45:05,478 : INFO : EventManager : Event: ======'HAGYDFIGYELMENKIVUL'====== Args={}
2024-09-05 18:45:05,479 : INFO : EventManager : Event: ======'logicblock_mode_2_counter_updated'====== Args={'value': 0, 'enabled': True}
2024-09-05 18:45:05,479 : INFO : EventManager : Event: ======'logicblock_mode_2_counter_updated'====== Args={'value': 0, 'enabled': True}
2024-09-05 18:45:05,479 : INFO : Mode.mode_2 : Started. Priority: 300
2024-09-05 18:45:05,479 : INFO : EventManager : Event: ======'modes_active_modes_changed'====== Args={}
2024-09-05 18:45:05,479 : INFO : EventManager : Event: ======'mode_enabled'====== Args={}
2024-09-05 18:45:05,480 : INFO : EventManager : Event: ======'mode_mode_2_started'====== Args={'restore': False, 'state': 'started', 'selected': False}
2024-09-05 18:45:05,480 : INFO : EventManager : Event: ======'player_modeshotmade'====== Args={'value': 0, 'prev_value': 0, 'change': 0, 'player_num': 1}
2024-09-05 18:45:05,480 : INFO : EventManager : Event: ======'player_more_time_lit'====== Args={'value': 1, 'prev_value': 0, 'change': 1, 'player_num': 1}
2024-09-05 18:45:05,481 : INFO : EventManager : Event: ======'player_modetotal'====== Args={'value': 100000, 'prev_value': 0, 'change': 100000, 'player_num': 1}
2024-09-05 18:45:05,481 : INFO : EventManager : Event: ======'player_score'====== Args={'value': 100000, 'prev_value': 0, 'change': 100000, 'player_num': 1}
2024-09-05 18:45:05,481 : INFO : state_machine.global_state : Transitioning from main to mode
2024-09-05 18:45:05,481 : INFO : EventManager : Event: ======'main_state_stopped'====== Args={}
2024-09-05 18:45:05,482 : INFO : EventManager : Event: ======'mode_state'====== Args={}
2024-09-05 18:45:05,482 : INFO : state_machine.mode_states : Transitioning from lite to active
2024-09-05 18:45:05,483 : INFO : EventManager : Event: ======'enable_mode'====== Args={}
2024-09-05 18:45:05,483 : INFO : EventManager : Event: ======'player_mode_timer_mode_freeze_tick'====== Args={'value': 16, 'prev_value': 0, 'change': 16, 'player_num': 1}
2024-09-05 18:45:05,485 : INFO : EventManager : Event: ======'mode_capture_will_stop'====== Args={}
2024-09-05 18:45:05,485 : INFO : EventManager : Event: ======'mode_capture_stopping'====== Args={}
2024-09-05 18:45:05,485 : INFO : EventManager : Event: ======'mode_main_play_will_stop'====== Args={}
2024-09-05 18:45:05,485 : INFO : EventManager : Event: ======'mode_main_play_stopping'====== Args={}
2024-09-05 18:45:05,485 : INFO : EventManager : Event: ======'mode_drednaught_will_stop'====== Args={}
2024-09-05 18:45:05,486 : INFO : EventManager : Event: ======'mode_drednaught_stopping'====== Args={}
2024-09-05 18:45:05,486 : INFO : EventManager : Event: ======'player_m2entrynumber'====== Args={'value': 1, 'prev_value': 0, 'change': 1, 'player_num': 1}
2024-09-05 18:45:05,486 : INFO : EventManager : Event: ======'player_modeentrynumber'====== Args={'value': 1, 'prev_value': 0, 'change': 1, 'player_num': 1}
2024-09-05 18:45:05,486 : INFO : EventManager : Event: ======'player_m2value'====== Args={'value': 0, 'prev_value': 0, 'change': 0, 'player_num': 1}
2024-09-05 18:45:05,487 : INFO : EventManager : Event: ======'player_entry_modification'====== Args={'value': 1.0, 'prev_value': 0, 'change': 1.0, 'player_num': 1}
2024-09-05 18:45:05,487 : INFO : EventManager : Event: ======'player_m2value'====== Args={'value': 2000000, 'prev_value': 0, 'change': 2000000, 'player_num': 1}
2024-09-05 18:45:05,487 : INFO : Mode.drednaught : Stopped.
2024-09-05 18:45:05,488 : INFO : EventManager : Event: ======'modes_active_modes_changed'====== Args={}
2024-09-05 18:45:05,488 : INFO : EventManager : Event: ======'mode_drednaught_stopped'====== Args={}
2024-09-05 18:45:05,488 : INFO : EventManager : Event: ======'clear'====== Args={'key': 'drednaught'}
2024-09-05 18:45:05,489 : INFO : Mode.main_play : Stopped.
2024-09-05 18:45:05,489 : INFO : EventManager : Event: ======'modes_active_modes_changed'====== Args={}
2024-09-05 18:45:05,489 : INFO : EventManager : Event: ======'mode_main_play_stopped'====== Args={}
2024-09-05 18:45:05,490 : INFO : EventManager : Event: ======'clear'====== Args={'key': 'main_play'}
2024-09-05 18:45:05,490 : INFO : Mode.capture : Stopped.
2024-09-05 18:45:05,490 : INFO : EventManager : Event: ======'modes_active_modes_changed'====== Args={}
2024-09-05 18:45:05,491 : INFO : EventManager : Event: ======'mode_capture_stopped'====== Args={}
2024-09-05 18:45:05,491 : INFO : EventManager : Event: ======'clear'====== Args={'key': 'capture'}
2024-09-05 18:45:05,491 : INFO : EventManager : Event: ======'pause_delay'====== Args={}
2024-09-05 18:45:05,551 : INFO : EventManager : Event: ======'slide_mode_2_start_slide_created'====== Args={'_from_bcp': True}
2024-09-05 18:45:05,552 : INFO : EventManager : Event: ======'slide_mode_2_start_slide_active'====== Args={'_from_bcp': True}
2024-09-05 18:45:06,904 : INFO : EventManager : Event: ======'slide_mode_2_start_slide_text_created'====== Args={'_from_bcp': True}
2024-09-05 18:45:06,905 : INFO : EventManager : Event: ======'slide_mode_2_start_slide_text_active'====== Args={'_from_bcp': True}
2024-09-05 18:45:07,867 : INFO : EventManager : Event: ======'mode_slide_can_start'====== Args={'priority': 0}
2024-09-05 18:45:07,867 : INFO : EventManager : Event: ======'mode_start_slide_end'====== Args={'priority': 0}
2024-09-05 18:45:07,868 : INFO : EventManager : Event: ======'port_check_phase_2_finished'====== Args={'priority': 0}
2024-09-05 18:45:07,869 : INFO : EventManager : Event: ======'mode_enabled'====== Args={}
2024-09-05 18:45:07,869 : INFO : EventManager : Event: ======'port_check_phase_2_end'====== Args={}
2024-09-05 18:45:07,869 : INFO : EventManager : Event: ======'player_score'====== Args={'value': 200000, 'prev_value': 100000, 'change': 100000, 'player_num': 1}
2024-09-05 18:45:07,870 : INFO : EventManager : Event: ======'port_check_phase_3'====== Args={}
2024-09-05 18:45:07,870 : INFO : EventManager : Event: ======'port_check_phase_3_started'====== Args={}
2024-09-05 18:45:07,883 : INFO : EventManager : Event: ======'port_check_phase_3_finished'====== Args={'priority': 0}
2024-09-05 18:45:07,883 : INFO : EventManager : Event: ======'slide_mode_slide_created'====== Args={'_from_bcp': True}
2024-09-05 18:45:07,884 : INFO : EventManager : Event: ======'end_port_queue'====== Args={}
2024-09-05 18:45:07,884 : INFO : ball_device.bd_main_hole : State: ejecting
2024-09-05 18:45:07,884 : INFO : ball_device.bd_main_hole : Ejecting ball to <playfield.playfield>
2024-09-05 18:45:07,884 : INFO : EventManager : Event: ======'balldevice_bd_main_hole_ejecting_ball'====== Args={'balls': 1, 'target': <playfield.playfield>, 'source': <ball_device.bd_main_hole>, 'mechanical_eject': False, 'num_attempts': 0}
2024-09-05 18:45:07,885 : INFO : ball_device.bd_main_hole : Wait for ball to leave device
2024-09-05 18:45:07,885 : INFO : coil.c_scoop_eject : Pulsing Driver for 10ms (1.0 pulse_power)
2024-09-05 18:45:07,885 : INFO : SwitchController : <<<<<<< 's_main_hole' inactive >>>>>>>
2024-09-05 18:45:07,885 : INFO : EventManager : Event: ======'s_main_hole_inactive'====== Args={}
2024-09-05 18:45:07,886 : INFO : EventManager : Event: ======'mode_timer_pause_event'====== Args={'priority': 0}
2024-09-05 18:45:07,899 : INFO : EventManager : Event: ======'start_mode_countdown'====== Args={}
2024-09-05 18:45:07,912 : INFO : state_machine.mode_timer_state : Transitioning from mode_timer_disabled to mode_countdown_pause
2024-09-05 18:45:07,912 : INFO : EventManager : Event: ======'mode_timer_enabled'====== Args={}
2024-09-05 18:45:07,913 : INFO : EventManager : Event: ======'start_delay'====== Args={}
2024-09-05 18:45:07,913 : INFO : EventManager : Event: ======'player_mode_timer_mode_countdown_delay_tick'====== Args={'value': 2, 'prev_value': 0, 'change': 2, 'player_num': 1}
2024-09-05 18:45:07,913 : INFO : Timer.mode_countdown_delay : Starting Timer.
2024-09-05 18:45:07,914 : INFO : EventManager : Event: ======'timer_mode_countdown_delay_started'====== Args={'ticks': 2, 'ticks_remaining': 2}
2024-09-05 18:45:07,914 : INFO : EventManager : Event: ======'timer_mode_countdown_delay_tick'====== Args={'ticks': 2, 'ticks_remaining': 2}
2024-09-05 18:45:07,914 : INFO : EventManager : Event: ======'mode_timer_quick_start'====== Args={}
2024-09-05 18:45:07,915 : INFO : ball_device.bd_main_hole : State: ball_left
2024-09-05 18:45:07,915 : INFO : ball_device.bd_main_hole : Ball left
2024-09-05 18:45:07,915 : INFO : ball_device.bd_main_hole : Wait for confirm with timeout 1.0
2024-09-05 18:45:08,872 : INFO : EventManager : Event: ======'slide_mode_2_start_slide_removed'====== Args={'_from_bcp': True}
2024-09-05 18:45:08,872 : INFO : EventManager : Event: ======'slide_mode_2_start_slide_text_removed'====== Args={'_from_bcp': True}
2024-09-05 18:45:08,873 : INFO : EventManager : Event: ======'slide_mode_slide_active'====== Args={'_from_bcp': True}
2024-09-05 18:45:08,899 : INFO : EventManager : Event: ======'player_mode_timer_mode_countdown_delay_tick'====== Args={'value': 1, 'prev_value': 2, 'change': -1, 'player_num': 1}
2024-09-05 18:45:08,899 : INFO : EventManager : Event: ======'timer_mode_countdown_delay_tick'====== Args={'ticks': 1, 'ticks_remaining': 1}
2024-09-05 18:45:08,900 : INFO : ball_device.bd_main_hole : State: failed_confirm
2024-09-05 18:45:08,900 : INFO : ball_device.bd_main_hole : Got timeout (1.0s) before confirm from <playfield.playfield>
2024-09-05 18:45:08,989 : INFO : ball_device.bd_main_hole : Confirming eject because target is playfield and ball did not return.
2024-09-05 18:45:08,989 : INFO : ball_device.bd_main_hole : Eject successful
2024-09-05 18:45:08,989 : INFO : EventManager : Event: ======'balldevice_bd_main_hole_ball_eject_success'====== Args={'balls': 1, 'target': <playfield.playfield>}
2024-09-05 18:45:08,990 : INFO : EventManager : Event: ======'balldevice_playfield_ball_enter'====== Args={'new_balls': 1, 'unclaimed_balls': 1, 'device': <playfield.playfield>}
2024-09-05 18:45:08,990 : INFO : EventManager : Event: ======'playfield_ball_count_change'====== Args={'balls': 1, 'change': 1}
2024-09-05 18:45:08,990 : INFO : EventManager : Event: ======'balldevice_bd_main_hole_ball_count_changed'====== Args={'balls': 0}
2024-09-05 18:45:08,990 : INFO : ball_device.bd_main_hole : State: idle
2024-09-05 18:45:09,910 : INFO : EventManager : Event: ======'player_mode_timer_mode_countdown_delay_tick'====== Args={'value': 0, 'prev_value': 1, 'change': -1, 'player_num': 1}
2024-09-05 18:45:09,910 : INFO : Timer.mode_countdown_delay : Timer Complete
2024-09-05 18:45:09,910 : INFO : Timer.mode_countdown_delay : Stopping Timer
2024-09-05 18:45:09,910 : INFO : EventManager : Event: ======'timer_mode_countdown_delay_stopped'====== Args={'ticks': 0, 'ticks_remaining': 1}
2024-09-05 18:45:09,910 : INFO : EventManager : Event: ======'timer_mode_countdown_delay_complete'====== Args={'ticks': 0, 'ticks_remaining': 1}
2024-09-05 18:45:09,911 : INFO : state_machine.mode_timer_state : Transitioning from mode_countdown_pause to mode_countdown_run
2024-09-05 18:45:09,911 : INFO : EventManager : Event: ======'stop_delay'====== Args={}
2024-09-05 18:45:09,926 : INFO : EventManager : Event: ======'mode_countdown_run_enabled'====== Args={}
2024-09-05 18:45:09,926 : INFO : Timer.mode_countdown : Starting Timer.
2024-09-05 18:45:09,926 : INFO : EventManager : Event: ======'timer_mode_countdown_started'====== Args={'ticks': 31, 'ticks_remaining': 31}
2024-09-05 18:45:09,926 : INFO : EventManager : Event: ======'timer_mode_countdown_tick'====== Args={'ticks': 31, 'ticks_remaining': 31}
2024-09-05 18:45:10,923 : INFO : EventManager : Event: ======'player_mode_timer_mode_countdown_tick'====== Args={'value': 30, 'prev_value': 31, 'change': -1, 'player_num': 1}
2024-09-05 18:45:10,923 : INFO : EventManager : Event: ======'timer_mode_countdown_tick'====== Args={'ticks': 30, 'ticks_remaining': 30}
2024-09-05 18:45:10,924 : INFO : EventManager : Event: ======'player_countdown_bar_progress'====== Args={'value': 29, 'prev_value': 30, 'change': -1, 'player_num': 1}
2024-09-05 18:45:11,923 : INFO : EventManager : Event: ======'player_mode_timer_mode_countdown_tick'====== Args={'value': 29, 'prev_value': 30, 'change': -1, 'player_num': 1}
2024-09-05 18:45:11,924 : INFO : EventManager : Event: ======'timer_mode_countdown_tick'====== Args={'ticks': 29, 'ticks_remaining': 29}
2024-09-05 18:45:11,924 : INFO : EventManager : Event: ======'player_countdown_bar_progress'====== Args={'value': 28, 'prev_value': 29, 'change': -1, 'player_num': 1}
2024-09-05 18:45:12,000 : INFO : SwitchController : <<<<<<< 's_plunger' inactive >>>>>>>
2024-09-05 18:45:12,015 : INFO : ball_device.bd_plunger : State: ball_left
2024-09-05 18:45:12,015 : INFO : ball_device.bd_plunger : Ball left
2024-09-05 18:45:12,015 : INFO : ball_device.bd_plunger : Wait for confirm with timeout 3.0
2024-09-05 18:45:12,923 : INFO : EventManager : Event: ======'player_mode_timer_mode_countdown_tick'====== Args={'value': 28, 'prev_value': 29, 'change': -1, 'player_num': 1}
2024-09-05 18:45:12,923 : INFO : EventManager : Event: ======'timer_mode_countdown_tick'====== Args={'ticks': 28, 'ticks_remaining': 28}
2024-09-05 18:45:12,924 : INFO : EventManager : Event: ======'player_countdown_bar_progress'====== Args={'value': 27, 'prev_value': 28, 'change': -1, 'player_num': 1}
2024-09-05 18:45:13,153 : INFO : SwitchController : <<<<<<< 's_trough1' active >>>>>>>
2024-09-05 18:45:13,153 : INFO : EventManager : Event: ======'machine_var_audits_switches_s_trough1'====== Args={'value': 659, 'prev_value': 658, 'change': 1}
2024-09-05 18:45:13,461 : INFO : EventManager : Event: ======'balldevice_bd_trough_ball_count_changed'====== Args={'balls': 5}
2024-09-05 18:45:13,461 : INFO : ball_device.bd_trough : Received unexpected ball
2024-09-05 18:45:13,461 : INFO : EventManager : Event: ======'balldevice_captured_from_playfield'====== Args={'balls': 1}
2024-09-05 18:45:13,462 : INFO : EventManager : Event: ======'sw_playfield_active'====== Args={'balls': 1}
2024-09-05 18:45:13,462 : INFO : EventManager : Event: ======'playfield_ball_count_change'====== Args={'balls': 0, 'change': -1}
2024-09-05 18:45:13,462 : INFO : EventManager : Event: ======'balldevice_bd_trough_ball_enter'====== Args={'new_balls': 1, 'unclaimed_balls': 1, 'new_available_balls': 1, 'device': <ball_device.bd_trough>}
2024-09-05 18:45:13,463 : INFO : EventManager : Event: ======'ball_drain'====== Args={'device': <ball_device.bd_trough>, 'balls': 1}
2024-09-05 18:45:13,463 : INFO : EventManager : Event: ======'ball_save_main_ball_save_saving_ball'====== Args={'balls': 1, 'early_save': False}
2024-09-05 18:45:13,463 : INFO : EventManager : Event: ======'ball_save_main_ball_save_disabled'====== Args={}
2024-09-05 18:45:13,464 : INFO : EventManager : Event: ======'balldevice_balls_available'====== Args={}
2024-09-05 18:45:13,464 : INFO : EventManager : Event: ======'balldevice_bd_trough_ball_entered'====== Args={'new_balls': 1, 'device': <ball_device.bd_trough>}
2024-09-05 18:45:13,475 : INFO : EventManager : Event: ======'slide_ball_saved_slide_created'====== Args={'_from_bcp': True}
2024-09-05 18:45:13,479 : INFO : EventManager : Event: ======'slide_ball_saved_slide_active'====== Args={'_from_bcp': True}
2024-09-05 18:45:13,923 : INFO : EventManager : Event: ======'player_mode_timer_mode_countdown_tick'====== Args={'value': 27, 'prev_value': 28, 'change': -1, 'player_num': 1}
2024-09-05 18:45:13,923 : INFO : EventManager : Event: ======'timer_mode_countdown_tick'====== Args={'ticks': 27, 'ticks_remaining': 27}
2024-09-05 18:45:13,924 : INFO : EventManager : Event: ======'player_countdown_bar_progress'====== Args={'value': 26, 'prev_value': 27, 'change': -1, 'player_num': 1}
2024-09-05 18:45:14,454 : INFO : ball_device.bd_plunger : Adding 1 ball(s) to the eject_queue with target <playfield.playfield>.
2024-09-05 18:45:14,454 : INFO : EventManager : Event: ======'balldevice_balls_available'====== Args={}
2024-09-05 18:45:14,455 : INFO : ball_device.bd_trough : State: waiting_for_target_ready
2024-09-05 18:45:14,455 : INFO : EventManager : Event: ======'balldevice_bd_trough_ball_eject_attempt'====== Args={'balls': 1, 'target': <ball_device.bd_plunger>, 'source': <ball_device.bd_trough>, 'mechanical_eject': False, 'num_attempts': 0}
2024-09-05 18:45:14,471 : INFO : EventManager : Event: ======'slide_ball_saved_slide_removed'====== Args={'_from_bcp': True}
2024-09-05 18:45:14,473 : INFO : EventManager : Event: ======'slide_mode_slide_active'====== Args={'_from_bcp': True}
2024-09-05 18:45:14,923 : INFO : EventManager : Event: ======'player_mode_timer_mode_countdown_tick'====== Args={'value': 26, 'prev_value': 27, 'change': -1, 'player_num': 1}
2024-09-05 18:45:14,923 : INFO : EventManager : Event: ======'timer_mode_countdown_tick'====== Args={'ticks': 26, 'ticks_remaining': 26}
2024-09-05 18:45:14,924 : INFO : EventManager : Event: ======'player_countdown_bar_progress'====== Args={'value': 25, 'prev_value': 26, 'change': -1, 'player_num': 1}
2024-09-05 18:45:15,029 : INFO : ball_device.bd_plunger : State: failed_confirm
2024-09-05 18:45:15,030 : INFO : ball_device.bd_plunger : Got timeout (3.0s) before confirm from <playfield.playfield>
2024-09-05 18:45:15,114 : INFO : ball_device.bd_plunger : Confirming eject because target is playfield and ball did not return.
2024-09-05 18:45:15,114 : INFO : ball_device.bd_plunger : Eject successful
2024-09-05 18:45:15,114 : INFO : EventManager : Event: ======'balldevice_bd_plunger_ball_eject_success'====== Args={'balls': 1, 'target': <playfield.playfield>}
2024-09-05 18:45:15,114 : INFO : EventManager : Event: ======'balldevice_playfield_ball_enter'====== Args={'new_balls': 1, 'unclaimed_balls': 1, 'device': <playfield.playfield>}
2024-09-05 18:45:15,114 : INFO : EventManager : Event: ======'playfield_ball_count_change'====== Args={'balls': 1, 'change': 1}
2024-09-05 18:45:15,115 : INFO : EventManager : Event: ======'balldevice_bd_plunger_ball_count_changed'====== Args={'balls': 0}
2024-09-05 18:45:15,115 : INFO : ball_device.bd_plunger : State: idle
2024-09-05 18:45:15,115 : INFO : ball_device.bd_trough : State: ejecting
2024-09-05 18:45:15,116 : INFO : ball_device.bd_trough : Ejecting ball to <ball_device.bd_plunger>
2024-09-05 18:45:15,116 : INFO : EventManager : Event: ======'balldevice_bd_trough_ejecting_ball'====== Args={'balls': 1, 'target': <ball_device.bd_plunger>, 'source': <ball_device.bd_trough>, 'mechanical_eject': False, 'num_attempts': 0}
2024-09-05 18:45:15,117 : INFO : ball_device.bd_trough : Wait for ball to leave device
2024-09-05 18:45:15,117 : INFO : coil.c_trough_eject : Pulsing Driver for 20ms (1.0 pulse_power)
2024-09-05 18:45:15,117 : INFO : SwitchController : <<<<<<< 's_trough1' inactive >>>>>>>
2024-09-05 18:45:15,117 : INFO : ball_device.bd_plunger : State: waiting_for_ball
2024-09-05 18:45:15,144 : INFO : ball_device.bd_trough : State: ball_left
2024-09-05 18:45:15,145 : INFO : ball_device.bd_trough : Ball left
2024-09-05 18:45:15,145 : INFO : ball_device.bd_trough : Wait for confirm with timeout 10.0
2024-09-05 18:45:15,222 : INFO : SwitchController : <<<<<<< 's_plunger' active >>>>>>>
2024-09-05 18:45:15,222 : INFO : EventManager : Event: ======'machine_var_audits_switches_s_plunger'====== Args={'value': 4090, 'prev_value': 4089, 'change': 1}
2024-09-05 18:45:15,540 : INFO : ball_device.bd_plunger : Received ball from <ball_device.bd_trough>
2024-09-05 18:45:15,540 : INFO : EventManager : Event: ======'balldevice_bd_plunger_ball_enter'====== Args={'new_balls': 1, 'unclaimed_balls': 0, 'new_available_balls': 0, 'device': <ball_device.bd_plunger>}
2024-09-05 18:45:15,541 : INFO : EventManager : Event: ======'balldevice_bd_plunger_ball_entered'====== Args={'new_balls': 0, 'device': <ball_device.bd_plunger>}
2024-09-05 18:45:15,541 : INFO : EventManager : Event: ======'balldevice_bd_plunger_ball_count_changed'====== Args={'balls': 1}
2024-09-05 18:45:15,541 : INFO : ball_device.bd_trough : Got eject confirm
2024-09-05 18:45:15,542 : INFO : ball_device.bd_trough : Eject successful
2024-09-05 18:45:15,542 : INFO : EventManager : Event: ======'balldevice_bd_trough_ball_eject_success'====== Args={'balls': 1, 'target': <ball_device.bd_plunger>}
2024-09-05 18:45:15,542 : INFO : EventManager : Event: ======'balldevice_bd_trough_ball_count_changed'====== Args={'balls': 4}
2024-09-05 18:45:15,542 : INFO : ball_device.bd_trough : State: idle
2024-09-05 18:45:15,542 : INFO : ball_device.bd_plunger : State: waiting_for_target_ready
2024-09-05 18:45:15,542 : INFO : EventManager : Event: ======'balldevice_bd_plunger_ball_eject_attempt'====== Args={'balls': 1, 'target': <playfield.playfield>, 'source': <ball_device.bd_plunger>, 'mechanical_eject': False, 'num_attempts': 0}
2024-09-05 18:45:15,543 : INFO : ball_device.bd_plunger : State: ejecting
2024-09-05 18:45:15,543 : INFO : ball_device.bd_plunger : Ejecting ball to <playfield.playfield>
2024-09-05 18:45:15,543 : INFO : EventManager : Event: ======'balldevice_bd_plunger_ejecting_ball'====== Args={'balls': 1, 'target': <playfield.playfield>, 'source': <ball_device.bd_plunger>, 'mechanical_eject': False, 'num_attempts': 0}
2024-09-05 18:45:15,544 : INFO : ball_device.bd_plunger : Wait for ball to leave device
2024-09-05 18:45:15,544 : INFO : coil.c_plunger : Pulsing Driver for 10ms (1.0 pulse_power)
2024-09-05 18:45:15,544 : INFO : SwitchController : <<<<<<< 's_plunger' inactive >>>>>>>
2024-09-05 18:45:15,571 : INFO : ball_device.bd_plunger : State: ball_left
2024-09-05 18:45:15,571 : INFO : ball_device.bd_plunger : Ball left
2024-09-05 18:45:15,571 : INFO : ball_device.bd_plunger : Wait for confirm with timeout 3.0
2024-09-05 18:45:15,924 : INFO : EventManager : Event: ======'player_mode_timer_mode_countdown_tick'====== Args={'value': 25, 'prev_value': 26, 'change': -1, 'player_num': 1}
2024-09-05 18:45:15,924 : INFO : EventManager : Event: ======'timer_mode_countdown_tick'====== Args={'ticks': 25, 'ticks_remaining': 25}
2024-09-05 18:45:15,925 : INFO : EventManager : Event: ======'player_countdown_bar_progress'====== Args={'value': 24, 'prev_value': 25, 'change': -1, 'player_num': 1}
2024-09-05 18:45:16,924 : INFO : EventManager : Event: ======'player_mode_timer_mode_countdown_tick'====== Args={'value': 24, 'prev_value': 25, 'change': -1, 'player_num': 1}
2024-09-05 18:45:16,924 : INFO : EventManager : Event: ======'timer_mode_countdown_tick'====== Args={'ticks': 24, 'ticks_remaining': 24}
2024-09-05 18:45:16,924 : INFO : EventManager : Event: ======'player_countdown_bar_progress'====== Args={'value': 23, 'prev_value': 24, 'change': -1, 'player_num': 1}
2024-09-05 18:45:16,946 : INFO : SwitchController : <<<<<<< 's_trough1' active >>>>>>>
2024-09-05 18:45:16,946 : INFO : EventManager : Event: ======'machine_var_audits_switches_s_trough1'====== Args={'value': 660, 'prev_value': 659, 'change': 1}
2024-09-05 18:45:17,255 : INFO : EventManager : Event: ======'balldevice_bd_trough_ball_count_changed'====== Args={'balls': 5}
2024-09-05 18:45:17,255 : INFO : ball_device.bd_trough : Received unexpected ball
2024-09-05 18:45:17,255 : INFO : EventManager : Event: ======'balldevice_captured_from_playfield'====== Args={'balls': 1}
2024-09-05 18:45:17,255 : INFO : EventManager : Event: ======'sw_playfield_active'====== Args={'balls': 1}
2024-09-05 18:45:17,256 : INFO : EventManager : Event: ======'playfield_ball_count_change'====== Args={'balls': 0, 'change': -1}
2024-09-05 18:45:17,256 : INFO : EventManager : Event: ======'balldevice_bd_trough_ball_enter'====== Args={'new_balls': 1, 'unclaimed_balls': 1, 'new_available_balls': 1, 'device': <ball_device.bd_trough>}
2024-09-05 18:45:17,257 : INFO : EventManager : Event: ======'ball_drain'====== Args={'device': <ball_device.bd_trough>, 'balls': 1}
2024-09-05 18:45:17,257 : INFO : EventManager : Event: ======'ball_will_end'====== Args={}
2024-09-05 18:45:17,258 : INFO : EventManager : Event: ======'balldevice_balls_available'====== Args={}
2024-09-05 18:45:17,258 : INFO : EventManager : Event: ======'balldevice_bd_trough_ball_entered'====== Args={'new_balls': 1, 'device': <ball_device.bd_trough>}
2024-09-05 18:45:17,259 : INFO : EventManager : Event: ======'end_mode'====== Args={'priority': 0}
2024-09-05 18:45:17,259 : INFO : EventManager : Event: ======'enable_mode_total'====== Args={'priority': 0}
2024-09-05 18:45:17,260 : INFO : EventManager : Event: ======'end_mode_2'====== Args={'priority': 0}
2024-09-05 18:45:17,261 : INFO : EventManager : Event: ======'mode_2_unfinished'====== Args={'priority': 0}
2024-09-05 18:45:17,261 : INFO : EventManager : Event: ======'mode_base_started'====== Args={'priority': 0}
2024-09-05 18:45:17,261 : INFO : EventManager : Event: ======'pause_countdown'====== Args={'priority': 0}
2024-09-05 18:45:17,262 : INFO : EventManager : Event: ======'pause_delay'====== Args={'priority': 0}
2024-09-05 18:45:17,262 : INFO : EventManager : Event: ======'player_bomb_number_adv'====== Args={'value': 0, 'prev_value': 0, 'change': 0, 'player_num': 1}
2024-09-05 18:45:17,262 : INFO : state_machine.global_state : Transitioning from mode to main
2024-09-05 18:45:17,262 : INFO : EventManager : Event: ======'mode_state_stopped'====== Args={}
2024-09-05 18:45:17,263 : INFO : EventManager : Event: ======'main_state'====== Args={}
2024-09-05 18:45:17,264 : INFO : EventManager : Event: ======'mode_mode_2_will_stop'====== Args={}
2024-09-05 18:45:17,264 : INFO : EventManager : Event: ======'mode_mode_2_stopping'====== Args={}
2024-09-05 18:45:17,264 : INFO : EventManager : Event: ======'player_m2_active'====== Args={'value': 0, 'prev_value': 1, 'change': -1, 'player_num': 1}
2024-09-05 18:45:17,264 : INFO : EventManager : Event: ======'achievement_mode_2_changed_state'====== Args={'restore': False, 'state': 'stopped', 'selected': False}
2024-09-05 18:45:17,265 : INFO : EventManager : Event: ======'achievement_mode_2_state_stopped'====== Args={'restore': False, 'state': 'stopped', 'selected': False}
2024-09-05 18:45:17,265 : INFO : EventManager : Event: ======'mode_2_end_progress_slide_add'====== Args={'priority': 0}
2024-09-05 18:45:17,266 : INFO : EventManager : Event: ======'achievement_mode_3_changed_state'====== Args={'restore': False, 'state': 'enabled', 'selected': True}
2024-09-05 18:45:17,266 : INFO : EventManager : Event: ======'achievement_mode_3_state_enabled'====== Args={'restore': False, 'state': 'enabled', 'selected': True}
2024-09-05 18:45:17,267 : INFO : EventManager : Event: ======'achievement_mode_3_state_selected'====== Args={'restore': False, 'state': 'enabled', 'selected': True}
2024-09-05 18:45:17,267 : INFO : EventManager : Event: ======'mode_capture_will_start'====== Args={}
2024-09-05 18:45:17,270 : INFO : EventManager : Event: ======'mode_capture_starting'====== Args={}
2024-09-05 18:45:17,270 : INFO : EventManager : Event: ======'mode_drednaught_will_start'====== Args={}
2024-09-05 18:45:17,271 : INFO : EventManager : Event: ======'mode_drednaught_starting'====== Args={}
2024-09-05 18:45:17,271 : INFO : EventManager : Event: ======'mode_confederate_will_start'====== Args={}
2024-09-05 18:45:17,271 : INFO : EventManager : Event: ======'player_shot_confederate_1_enabled'====== Args={'value': True, 'prev_value': 0, 'change': 1, 'player_num': 1}
2024-09-05 18:45:17,272 : INFO : EventManager : Event: ======'player_shot_confederate_2_enabled'====== Args={'value': True, 'prev_value': 0, 'change': 1, 'player_num': 1}
2024-09-05 18:45:17,272 : INFO : EventManager : Event: ======'player_shot_confederate_3_enabled'====== Args={'value': True, 'prev_value': 0, 'change': 1, 'player_num': 1}
2024-09-05 18:45:17,273 : INFO : EventManager : Event: ======'player_shot_confederate_4_enabled'====== Args={'value': True, 'prev_value': 0, 'change': 1, 'player_num': 1}
2024-09-05 18:45:17,274 : INFO : EventManager : Event: ======'player_shot_confederate_5_enabled'====== Args={'value': True, 'prev_value': 0, 'change': 1, 'player_num': 1}
2024-09-05 18:45:17,274 : INFO : EventManager : Event: ======'player_shot_confederate_6_enabled'====== Args={'value': True, 'prev_value': 0, 'change': 1, 'player_num': 1}
2024-09-05 18:45:17,275 : INFO : EventManager : Event: ======'mode_confederate_starting'====== Args={}
2024-09-05 18:45:17,275 : INFO : EventManager : Event: ======'mode_main_play_will_start'====== Args={}
2024-09-05 18:45:17,293 : INFO : EventManager : Event: ======'mode_main_play_starting'====== Args={}
2024-09-05 18:45:17,294 : INFO : state_machine.mode_total_state : Transitioning from disabled to enabled
2024-09-05 18:45:17,294 : INFO : EventManager : Event: ======'IGNORE'====== Args={}
2024-09-05 18:45:17,295 : INFO : Mode.confederate : Started. Priority: 100
2024-09-05 18:45:17,295 : INFO : EventManager : Event: ======'modes_active_modes_changed'====== Args={}
2024-09-05 18:45:17,295 : INFO : EventManager : Event: ======'mode_confederate_started'====== Args={}
2024-09-05 18:45:17,295 : INFO : Mode.drednaught : Started. Priority: 100
2024-09-05 18:45:17,295 : INFO : EventManager : Event: ======'modes_active_modes_changed'====== Args={}
2024-09-05 18:45:17,296 : INFO : EventManager : Event: ======'mode_drednaught_started'====== Args={}
2024-09-05 18:45:17,296 : INFO : Mode.mode_2 : Stopped.
2024-09-05 18:45:17,296 : INFO : EventManager : Event: ======'modes_active_modes_changed'====== Args={}
2024-09-05 18:45:17,297 : INFO : EventManager : Event: ======'mode_disabled'====== Args={}
2024-09-05 18:45:17,297 : INFO : EventManager : Event: ======'mode_mode_2_stopped'====== Args={}
2024-09-05 18:45:17,298 : INFO : EventManager : Event: ======'clear'====== Args={'key': 'mode_2'}
2024-09-05 18:45:17,298 : INFO : state_machine.mode_states : Transitioning from active to lite
2024-09-05 18:45:17,298 : INFO : EventManager : Event: ======'disable_mode'====== Args={}
2024-09-05 18:45:17,299 : INFO : Timer.aa_fire_expire_timer : Stopping Timer
2024-09-05 18:45:17,299 : INFO : EventManager : Event: ======'timer_aa_fire_expire_timer_stopped'====== Args={'ticks': 2, 'ticks_remaining': 0}
2024-09-05 18:45:17,299 : INFO : EventManager : Event: ======'logicblock_capture_counter_updated'====== Args={'value': 6, 'enabled': True}
2024-09-05 18:45:17,300 : INFO : EventManager : Event: ======'logicblock_capture_counter_updated'====== Args={'value': 6, 'enabled': True}
2024-09-05 18:45:17,300 : INFO : Mode.capture : Started. Priority: 100
2024-09-05 18:45:17,300 : INFO : EventManager : Event: ======'modes_active_modes_changed'====== Args={}
2024-09-05 18:45:17,300 : INFO : EventManager : Event: ======'mode_capture_started'====== Args={}
2024-09-05 18:45:17,300 : INFO : EventManager : Event: ======'logicblock_bonusX_counter_updated'====== Args={'value': 2, 'enabled': True}
2024-09-05 18:45:17,301 : INFO : EventManager : Event: ======'logicblock_bomb_counter_updated'====== Args={'value': 3, 'enabled': True}
2024-09-05 18:45:17,301 : INFO : EventManager : Event: ======'logicblock_bomb_animation_counter_updated'====== Args={'value': 3, 'enabled': True}
2024-09-05 18:45:17,301 : INFO : EventManager : Event: ======'logicblock_bonusX_counter_updated'====== Args={'value': 2, 'enabled': True}
2024-09-05 18:45:17,301 : INFO : EventManager : Event: ======'logicblock_bomb_counter_updated'====== Args={'value': 3, 'enabled': True}
2024-09-05 18:45:17,302 : INFO : EventManager : Event: ======'logicblock_bomb_animation_counter_updated'====== Args={'value': 3, 'enabled': True}
2024-09-05 18:45:17,302 : INFO : Mode.main_play : Started. Priority: 100
2024-09-05 18:45:17,302 : INFO : EventManager : Event: ======'modes_active_modes_changed'====== Args={}
2024-09-05 18:45:17,303 : INFO : EventManager : Event: ======'mode_main_play_started'====== Args={}
2024-09-05 18:45:17,305 : INFO : EventManager : Event: ======'ball_ending'====== Args={}
2024-09-05 18:45:17,344 : INFO : EventManager : Event: ======'slide_base_slide_removed'====== Args={'_from_bcp': True}
2024-09-05 18:45:17,344 : INFO : EventManager : Event: ======'slide_mode_end_completed_slide_created'====== Args={'_from_bcp': True}
2024-09-05 18:45:17,344 : INFO : EventManager : Event: ======'slide_mode_slide_removed'====== Args={'_from_bcp': True}
2024-09-05 18:45:17,345 : INFO : EventManager : Event: ======'slide_mode_end_completed_slide_active'====== Args={'_from_bcp': True}
2024-09-05 18:45:17,345 : INFO : EventManager : Event: ======'mode_mode_manager_will_stop'====== Args={}
2024-09-05 18:45:17,346 : INFO : EventManager : Event: ======'mode_mode_manager_stopping'====== Args={}
2024-09-05 18:45:17,346 : INFO : EventManager : Event: ======'mode_skill_shot_will_stop'====== Args={}
2024-09-05 18:45:17,346 : INFO : EventManager : Event: ======'mode_skill_shot_stopping'====== Args={}
2024-09-05 18:45:17,346 : INFO : EventManager : Event: ======'mode_value_reset_will_stop'====== Args={}
2024-09-05 18:45:17,346 : INFO : EventManager : Event: ======'mode_value_reset_stopping'====== Args={}
2024-09-05 18:45:17,347 : INFO : EventManager : Event: ======'mode_salvo_lit_will_stop'====== Args={}
2024-09-05 18:45:17,347 : INFO : EventManager : Event: ======'mode_salvo_lit_stopping'====== Args={}
2024-09-05 18:45:17,347 : INFO : EventManager : Event: ======'mode_port_hole_manager_will_stop'====== Args={}
2024-09-05 18:45:17,347 : INFO : EventManager : Event: ======'mode_port_hole_manager_stopping'====== Args={}
2024-09-05 18:45:17,347 : INFO : EventManager : Event: ======'mode_mode_timer_will_stop'====== Args={}
2024-09-05 18:45:17,347 : INFO : EventManager : Event: ======'mode_mode_timer_stopping'====== Args={}
2024-09-05 18:45:17,348 : INFO : EventManager : Event: ======'mode_mode_lit_will_stop'====== Args={}
2024-09-05 18:45:17,348 : INFO : EventManager : Event: ======'mode_mode_lit_stopping'====== Args={}
2024-09-05 18:45:17,348 : INFO : EventManager : Event: ======'mode_main_play_will_stop'====== Args={}
2024-09-05 18:45:17,348 : INFO : EventManager : Event: ======'mode_main_play_stopping'====== Args={}
2024-09-05 18:45:17,348 : INFO : EventManager : Event: ======'mode_hc_lock_lit_will_stop'====== Args={}
2024-09-05 18:45:17,348 : INFO : EventManager : Event: ======'mode_hc_lock_lit_stopping'====== Args={}
2024-09-05 18:45:17,349 : INFO : EventManager : Event: ======'mode_drednaught_will_stop'====== Args={}
2024-09-05 18:45:17,349 : INFO : EventManager : Event: ======'mode_drednaught_stopping'====== Args={}
2024-09-05 18:45:17,349 : INFO : EventManager : Event: ======'mode_detonation_will_stop'====== Args={}
2024-09-05 18:45:17,349 : INFO : EventManager : Event: ======'mode_detonation_stopping'====== Args={}
2024-09-05 18:45:17,349 : INFO : EventManager : Event: ======'mode_container_will_stop'====== Args={}
2024-09-05 18:45:17,349 : INFO : EventManager : Event: ======'mode_container_stopping'====== Args={}
2024-09-05 18:45:17,350 : INFO : EventManager : Event: ======'mode_confederate_will_stop'====== Args={}
2024-09-05 18:45:17,350 : INFO : EventManager : Event: ======'mode_confederate_stopping'====== Args={}
2024-09-05 18:45:17,350 : INFO : EventManager : Event: ======'mode_commander_skill_manager_will_stop'====== Args={}
2024-09-05 18:45:17,350 : INFO : EventManager : Event: ======'mode_commander_skill_manager_stopping'====== Args={}
2024-09-05 18:45:17,350 : INFO : EventManager : Event: ======'mode_capture_award_will_stop'====== Args={}
2024-09-05 18:45:17,350 : INFO : EventManager : Event: ======'mode_capture_award_stopping'====== Args={}
2024-09-05 18:45:17,351 : INFO : EventManager : Event: ======'mode_capture_will_stop'====== Args={}
2024-09-05 18:45:17,351 : INFO : EventManager : Event: ======'mode_capture_stopping'====== Args={}
2024-09-05 18:45:17,351 : INFO : EventManager : Event: ======'mode_bomb_will_stop'====== Args={}
2024-09-05 18:45:17,351 : INFO : EventManager : Event: ======'mode_bomb_stopping'====== Args={}
2024-09-05 18:45:17,351 : INFO : EventManager : Event: ======'mode_battle_manager_will_stop'====== Args={}
2024-09-05 18:45:17,352 : INFO : EventManager : Event: ======'mode_battle_manager_stopping'====== Args={}
2024-09-05 18:45:17,352 : INFO : Mode.battle_manager : Stopped.
2024-09-05 18:45:17,352 : INFO : EventManager : Event: ======'modes_active_modes_changed'====== Args={}
2024-09-05 18:45:17,352 : INFO : EventManager : Event: ======'mode_battle_manager_stopped'====== Args={}
2024-09-05 18:45:17,353 : INFO : EventManager : Event: ======'clear'====== Args={'key': 'battle_manager'}
2024-09-05 18:45:17,354 : INFO : Mode.bomb : Stopped.
2024-09-05 18:45:17,354 : INFO : EventManager : Event: ======'modes_active_modes_changed'====== Args={}
2024-09-05 18:45:17,354 : INFO : EventManager : Event: ======'mode_bomb_stopped'====== Args={}
2024-09-05 18:45:17,354 : INFO : EventManager : Event: ======'clear'====== Args={'key': 'bomb'}
2024-09-05 18:45:17,355 : INFO : Mode.capture : Stopped.
2024-09-05 18:45:17,355 : INFO : EventManager : Event: ======'modes_active_modes_changed'====== Args={}
2024-09-05 18:45:17,355 : INFO : EventManager : Event: ======'mode_capture_stopped'====== Args={}
2024-09-05 18:45:17,355 : INFO : EventManager : Event: ======'clear'====== Args={'key': 'capture'}
2024-09-05 18:45:17,356 : INFO : Mode.capture_award : Stopped.
2024-09-05 18:45:17,356 : INFO : EventManager : Event: ======'modes_active_modes_changed'====== Args={}
2024-09-05 18:45:17,357 : INFO : EventManager : Event: ======'mode_capture_award_stopped'====== Args={}
2024-09-05 18:45:17,357 : INFO : EventManager : Event: ======'clear'====== Args={'key': 'capture_award'}
2024-09-05 18:45:17,358 : INFO : Mode.commander_skill_manager : Stopped.
2024-09-05 18:45:17,358 : INFO : EventManager : Event: ======'modes_active_modes_changed'====== Args={}
2024-09-05 18:45:17,358 : INFO : EventManager : Event: ======'mode_commander_skill_manager_stopped'====== Args={}
2024-09-05 18:45:17,359 : INFO : EventManager : Event: ======'clear'====== Args={'key': 'commander_skill_manager'}
2024-09-05 18:45:17,359 : INFO : Mode.confederate : Stopped.
2024-09-05 18:45:17,359 : INFO : EventManager : Event: ======'modes_active_modes_changed'====== Args={}
2024-09-05 18:45:17,359 : INFO : EventManager : Event: ======'mode_confederate_stopped'====== Args={}
2024-09-05 18:45:17,360 : INFO : EventManager : Event: ======'clear'====== Args={'key': 'confederate'}
2024-09-05 18:45:17,360 : INFO : Mode.container : Stopped.
2024-09-05 18:45:17,360 : INFO : EventManager : Event: ======'modes_active_modes_changed'====== Args={}
2024-09-05 18:45:17,361 : INFO : EventManager : Event: ======'mode_container_stopped'====== Args={}
2024-09-05 18:45:17,361 : INFO : EventManager : Event: ======'clear'====== Args={'key': 'container'}
2024-09-05 18:45:17,362 : INFO : Mode.detonation : Stopped.
2024-09-05 18:45:17,362 : INFO : EventManager : Event: ======'modes_active_modes_changed'====== Args={}
2024-09-05 18:45:17,363 : INFO : EventManager : Event: ======'mode_detonation_stopped'====== Args={}
2024-09-05 18:45:17,363 : INFO : EventManager : Event: ======'clear'====== Args={'key': 'detonation'}
2024-09-05 18:45:17,364 : INFO : Mode.drednaught : Stopped.
2024-09-05 18:45:17,364 : INFO : EventManager : Event: ======'modes_active_modes_changed'====== Args={}
2024-09-05 18:45:17,364 : INFO : EventManager : Event: ======'mode_drednaught_stopped'====== Args={}
2024-09-05 18:45:17,364 : INFO : EventManager : Event: ======'clear'====== Args={'key': 'drednaught'}
2024-09-05 18:45:17,365 : INFO : Mode.hc_lock_lit : Stopped.
2024-09-05 18:45:17,365 : INFO : EventManager : Event: ======'modes_active_modes_changed'====== Args={}
2024-09-05 18:45:17,365 : INFO : EventManager : Event: ======'mode_hc_lock_lit_stopped'====== Args={}
2024-09-05 18:45:17,365 : INFO : EventManager : Event: ======'clear'====== Args={'key': 'hc_lock_lit'}
2024-09-05 18:45:17,367 : INFO : Mode.main_play : Stopped.
2024-09-05 18:45:17,367 : INFO : EventManager : Event: ======'modes_active_modes_changed'====== Args={}
2024-09-05 18:45:17,368 : INFO : EventManager : Event: ======'mode_main_play_stopped'====== Args={}
2024-09-05 18:45:17,368 : INFO : EventManager : Event: ======'clear'====== Args={'key': 'main_play'}
2024-09-05 18:45:17,368 : INFO : Mode.mode_lit : Stopped.
2024-09-05 18:45:17,368 : INFO : EventManager : Event: ======'modes_active_modes_changed'====== Args={}
2024-09-05 18:45:17,369 : INFO : EventManager : Event: ======'mode_mode_lit_stopped'====== Args={}
2024-09-05 18:45:17,369 : INFO : EventManager : Event: ======'clear'====== Args={'key': 'mode_lit'}
2024-09-05 18:45:17,370 : INFO : Mode.mode_timer : Stopped.
2024-09-05 18:45:17,370 : INFO : EventManager : Event: ======'modes_active_modes_changed'====== Args={}
2024-09-05 18:45:17,371 : INFO : EventManager : Event: ======'mode_mode_timer_stopped'====== Args={}
2024-09-05 18:45:17,371 : INFO : EventManager : Event: ======'clear'====== Args={'key': 'mode_timer'}
2024-09-05 18:45:17,371 : INFO : Timer.mode_freeze : Stopping Timer
2024-09-05 18:45:17,371 : INFO : EventManager : Event: ======'timer_mode_freeze_stopped'====== Args={'ticks': 16, 'ticks_remaining': 16}
2024-09-05 18:45:17,372 : INFO : Timer.mode_finish : Stopping Timer
2024-09-05 18:45:17,372 : INFO : EventManager : Event: ======'timer_mode_finish_stopped'====== Args={'ticks': 2, 'ticks_remaining': 0}
2024-09-05 18:45:17,372 : INFO : Timer.mode_countdown_delay : Stopping Timer
2024-09-05 18:45:17,372 : INFO : EventManager : Event: ======'timer_mode_countdown_delay_stopped'====== Args={'ticks': 0, 'ticks_remaining': 1}
2024-09-05 18:45:17,372 : INFO : Timer.mode_countdown : Stopping Timer
2024-09-05 18:45:17,372 : INFO : EventManager : Event: ======'timer_mode_countdown_stopped'====== Args={'ticks': 24, 'ticks_remaining': 24}
2024-09-05 18:45:17,373 : INFO : Timer.mode_overtime : Stopping Timer
2024-09-05 18:45:17,373 : INFO : EventManager : Event: ======'timer_mode_overtime_stopped'====== Args={'ticks': 5, 'ticks_remaining': 0}
2024-09-05 18:45:17,373 : INFO : Mode.port_hole_manager : Stopped.
2024-09-05 18:45:17,373 : INFO : EventManager : Event: ======'modes_active_modes_changed'====== Args={}
2024-09-05 18:45:17,374 : INFO : EventManager : Event: ======'mode_port_hole_manager_stopped'====== Args={}
2024-09-05 18:45:17,374 : INFO : EventManager : Event: ======'clear'====== Args={'key': 'port_hole_manager'}
2024-09-05 18:45:17,374 : INFO : Mode.salvo_lit : Stopped.
2024-09-05 18:45:17,374 : INFO : EventManager : Event: ======'modes_active_modes_changed'====== Args={}
2024-09-05 18:45:17,375 : INFO : EventManager : Event: ======'mode_salvo_lit_stopped'====== Args={}
2024-09-05 18:45:17,375 : INFO : EventManager : Event: ======'clear'====== Args={'key': 'salvo_lit'}
2024-09-05 18:45:17,376 : INFO : Mode.value_reset : Stopped.
2024-09-05 18:45:17,376 : INFO : EventManager : Event: ======'modes_active_modes_changed'====== Args={}
2024-09-05 18:45:17,376 : INFO : EventManager : Event: ======'mode_value_reset_stopped'====== Args={}
2024-09-05 18:45:17,376 : INFO : EventManager : Event: ======'clear'====== Args={'key': 'value_reset'}
2024-09-05 18:45:17,377 : INFO : Mode.skill_shot : Stopped.
2024-09-05 18:45:17,377 : INFO : EventManager : Event: ======'modes_active_modes_changed'====== Args={}
2024-09-05 18:45:17,377 : INFO : EventManager : Event: ======'mode_skill_shot_stopped'====== Args={}
2024-09-05 18:45:17,378 : INFO : EventManager : Event: ======'clear'====== Args={'key': 'skill_shot'}
2024-09-05 18:45:17,378 : INFO : Mode.mode_manager : Stopped.
2024-09-05 18:45:17,378 : INFO : EventManager : Event: ======'modes_active_modes_changed'====== Args={}
2024-09-05 18:45:17,379 : INFO : EventManager : Event: ======'mode_mode_manager_stopped'====== Args={}
2024-09-05 18:45:17,380 : INFO : EventManager : Event: ======'clear'====== Args={'key': 'mode_manager'}
2024-09-05 18:45:17,380 : INFO : EventManager : Event: ======'ball_drain_phase_1_will_start'====== Args={}
2024-09-05 18:45:17,446 : INFO : EventManager : Event: ======'ball_drain_phase_1_starting'====== Args={}
2024-09-05 18:45:17,446 : INFO : EventManager : Event: ======'slide_capture_award_slide_removed'====== Args={'_from_bcp': True}
2024-09-05 18:45:17,447 : INFO : EventManager : Event: ======'ball_drain_phase_1_started'====== Args={}
2024-09-05 18:45:17,462 : INFO : EventManager : Event: ======'slide_prelaunch_slide_removed'====== Args={'_from_bcp': True}
2024-09-05 18:45:18,564 : INFO : ball_device.bd_plunger : State: failed_confirm
2024-09-05 18:45:18,565 : INFO : ball_device.bd_plunger : Got timeout (3.0s) before confirm from <playfield.playfield>
2024-09-05 18:45:18,678 : INFO : ball_device.bd_plunger : Confirming eject because target is playfield and ball did not return.
2024-09-05 18:45:18,678 : INFO : ball_device.bd_plunger : Eject successful
2024-09-05 18:45:18,678 : INFO : EventManager : Event: ======'balldevice_bd_plunger_ball_eject_success'====== Args={'balls': 1, 'target': <playfield.playfield>}
2024-09-05 18:45:18,678 : INFO : EventManager : Event: ======'balldevice_playfield_ball_enter'====== Args={'new_balls': 1, 'unclaimed_balls': 1, 'device': <playfield.playfield>}
2024-09-05 18:45:18,679 : INFO : EventManager : Event: ======'playfield_ball_count_change'====== Args={'balls': 1, 'change': 1}
2024-09-05 18:45:18,679 : INFO : EventManager : Event: ======'balldevice_bd_plunger_ball_count_changed'====== Args={'balls': 0}
2024-09-05 18:45:18,679 : INFO : ball_device.bd_plunger : State: idle
2024-09-05 18:45:19,282 : INFO : EventManager : Event: ======'mode_2_end_progress_slide_transition_add'====== Args={'priority': 0}
2024-09-05 18:45:19,282 : INFO : EventManager : Event: ======'mode_2_end_progress_slide_remove'====== Args={'priority': 0}
2024-09-05 18:45:19,282 : INFO : EventManager : Event: ======'mode_2_end_total_progress_slide_add'====== Args={'priority': 0}
2024-09-05 18:45:20,610 : INFO : EventManager : Event: ======'mode_2_end_progress_slide_transition_remove'====== Args={'priority': 0}
2024-09-05 18:45:22,618 : INFO : EventManager : Event: ======'ball_drain_phase_1_checked'====== Args={'priority': 0}
2024-09-05 18:45:22,618 : INFO : EventManager : Event: ======'disable_mode_total'====== Args={'priority': 0}
2024-09-05 18:45:22,618 : INFO : EventManager : Event: ======'VALAMI'====== Args={'priority': 0}
2024-09-05 18:45:22,618 : INFO : EventManager : Event: ======'mode_2_end_total_progress_slide_remove'====== Args={'priority': 0}
2024-09-05 18:45:22,619 : INFO : EventManager : Event: ======'mode_completed_finished'====== Args={'priority': 0}
2024-09-05 18:45:22,619 : INFO : EventManager : Event: ======'mode_state_machine_reset'====== Args={'priority': 0}
2024-09-05 18:45:22,620 : INFO : state_machine.mode_total_state : Transitioning from enabled to disabled
2024-09-05 18:45:22,621 : INFO : EventManager : Event: ======'IGNORE'====== Args={}
2024-09-05 18:45:22,621 : INFO : EventManager : Event: ======'ball_ending_checked'====== Args={}
2024-09-05 18:45:22,622 : INFO : EventManager : Event: ======'ball_ended'====== Args={}
2024-09-05 18:45:22,622 : INFO : EventManager : Event: ======'player_turn_will_end'====== Args={'player': <Player 1>, 'number': 1}
2024-09-05 18:45:22,635 : INFO : EventManager : Event: ======'player_turn_ending'====== Args={'player': <Player 1>, 'number': 1}
2024-09-05 18:45:22,635 : INFO : EventManager : Event: ======'player_turn_ended'====== Args={'player': <Player 1>, 'number': 1}
2024-09-05 18:45:22,636 : INFO : EventManager : Event: ======'player_turn_will_start'====== Args={'player': <Player 1>, 'number': 1}
2024-09-05 18:45:22,637 : INFO : EventManager : Event: ======'player_turn_starting'====== Args={'player': <Player 1>, 'number': 1}
2024-09-05 18:45:22,637 : INFO : EventManager : Event: ======'player_ball'====== Args={'value': 2, 'prev_value': 1, 'change': 1, 'player_num': 1}
2024-09-05 18:45:22,637 : INFO : EventManager : Event: ======'player_turn_started'====== Args={'player': <Player 1>, 'number': 1}
2024-09-05 18:45:22,639 : INFO : EventManager : Event: ======'ball_will_start'====== Args={'player': 1, 'ball': 2, 'balls_remaining': 1, 'is_extra_ball': False}
2024-09-05 18:45:22,651 : INFO : EventManager : Event: ======'mode_mode_manager_will_start'====== Args={'player': 1, 'ball': 2, 'balls_remaining': 1, 'is_extra_ball': False}
2024-09-05 18:45:22,670 : INFO : EventManager : Event: ======'mode_mode_manager_starting'====== Args={'player': 1, 'ball': 2, 'balls_remaining': 1, 'is_extra_ball': False}
2024-09-05 18:45:22,671 : INFO : Mode.mode_manager : Started. Priority: 300
2024-09-05 18:45:22,671 : INFO : EventManager : Event: ======'modes_active_modes_changed'====== Args={}
2024-09-05 18:45:22,671 : INFO : EventManager : Event: ======'mode_mode_manager_started'====== Args={'player': 1, 'ball': 2, 'balls_remaining': 1, 'is_extra_ball': False}
2024-09-05 18:45:22,671 : INFO : EventManager : Event: ======'ball_starting'====== Args={'player': 1, 'ball': 2, 'balls_remaining': 1, 'is_extra_ball': False}
2024-09-05 18:45:22,710 : INFO : EventManager : Event: ======'slide_mode_end_completed_slide_removed'====== Args={'_from_bcp': True}
2024-09-05 18:45:22,710 : INFO : EventManager : Event: ======'slide_dmd_blank_active'====== Args={'_from_bcp': True}
2024-09-05 18:45:22,711 : INFO : EventManager : Event: ======'mode_capture_will_start'====== Args={'queue': <QueuedEvent>, 'player': 1, 'ball': 2, 'balls_remaining': 1, 'is_extra_ball': False}
2024-09-05 18:45:22,726 : INFO : EventManager : Event: ======'mode_capture_starting'====== Args={'queue': <QueuedEvent>, 'player': 1, 'ball': 2, 'balls_remaining': 1, 'is_extra_ball': False}
2024-09-05 18:45:22,726 : INFO : EventManager : Event: ======'mode_port_hole_manager_will_start'====== Args={'queue': <QueuedEvent>, 'player': 1, 'ball': 2, 'balls_remaining': 1, 'is_extra_ball': False}
2024-09-05 18:45:22,728 : INFO : EventManager : Event: ======'mode_port_hole_manager_starting'====== Args={'queue': <QueuedEvent>, 'player': 1, 'ball': 2, 'balls_remaining': 1, 'is_extra_ball': False}
2024-09-05 18:45:22,728 : INFO : EventManager : Event: ======'mode_value_reset_will_start'====== Args={'queue': <QueuedEvent>, 'player': 1, 'ball': 2, 'balls_remaining': 1, 'is_extra_ball': False}
2024-09-05 18:45:22,728 : INFO : EventManager : Event: ======'mode_value_reset_starting'====== Args={'queue': <QueuedEvent>, 'player': 1, 'ball': 2, 'balls_remaining': 1, 'is_extra_ball': False}
2024-09-05 18:45:22,728 : INFO : EventManager : Event: ======'mode_main_play_will_start'====== Args={'queue': <QueuedEvent>, 'player': 1, 'ball': 2, 'balls_remaining': 1, 'is_extra_ball': False}
2024-09-05 18:45:22,732 : INFO : EventManager : Event: ======'mode_main_play_starting'====== Args={'queue': <QueuedEvent>, 'player': 1, 'ball': 2, 'balls_remaining': 1, 'is_extra_ball': False}
2024-09-05 18:45:22,732 : INFO : Mode.value_reset : Started. Priority: 100
2024-09-05 18:45:22,732 : INFO : EventManager : Event: ======'modes_active_modes_changed'====== Args={}
2024-09-05 18:45:22,733 : INFO : EventManager : Event: ======'mode_value_reset_started'====== Args={'queue': <QueuedEvent>, 'player': 1, 'ball': 2, 'balls_remaining': 1, 'is_extra_ball': False}
2024-09-05 18:45:22,733 : INFO : Mode.port_hole_manager : Started. Priority: 100
2024-09-05 18:45:22,733 : INFO : EventManager : Event: ======'modes_active_modes_changed'====== Args={}
2024-09-05 18:45:22,733 : INFO : EventManager : Event: ======'mode_port_hole_manager_started'====== Args={'queue': <QueuedEvent>, 'player': 1, 'ball': 2, 'balls_remaining': 1, 'is_extra_ball': False}
2024-09-05 18:45:22,734 : INFO : EventManager : Event: ======'balls_in_play'====== Args={'balls': 1}
2024-09-05 18:45:22,734 : INFO : EventManager : Event: ======'ball_started'====== Args={'player': 1, 'ball': 2, 'balls_remaining': 1, 'is_extra_ball': False}
2024-09-05 18:45:22,735 : INFO : EventManager : Event: ======'logicblock_capture_counter_updated'====== Args={'value': 6, 'enabled': True}
2024-09-05 18:45:22,735 : INFO : EventManager : Event: ======'logicblock_capture_counter_updated'====== Args={'value': 6, 'enabled': True}
2024-09-05 18:45:22,735 : INFO : Mode.capture : Started. Priority: 100
2024-09-05 18:45:22,735 : INFO : EventManager : Event: ======'modes_active_modes_changed'====== Args={}
2024-09-05 18:45:22,735 : INFO : EventManager : Event: ======'mode_capture_started'====== Args={'queue': <QueuedEvent>, 'player': 1, 'ball': 2, 'balls_remaining': 1, 'is_extra_ball': False}
2024-09-05 18:45:22,736 : INFO : EventManager : Event: ======'logicblock_bonusX_counter_updated'====== Args={'value': 2, 'enabled': True}
2024-09-05 18:45:22,736 : INFO : EventManager : Event: ======'logicblock_bomb_counter_updated'====== Args={'value': 3, 'enabled': True}
2024-09-05 18:45:22,737 : INFO : EventManager : Event: ======'logicblock_bomb_animation_counter_updated'====== Args={'value': 3, 'enabled': True}
2024-09-05 18:45:22,737 : INFO : EventManager : Event: ======'logicblock_bonusX_counter_updated'====== Args={'value': 2, 'enabled': True}
2024-09-05 18:45:22,737 : INFO : EventManager : Event: ======'logicblock_bomb_counter_updated'====== Args={'value': 3, 'enabled': True}
2024-09-05 18:45:22,737 : INFO : EventManager : Event: ======'logicblock_bomb_animation_counter_updated'====== Args={'value': 3, 'enabled': True}
2024-09-05 18:45:22,738 : INFO : Mode.main_play : Started. Priority: 100
2024-09-05 18:45:22,738 : INFO : EventManager : Event: ======'modes_active_modes_changed'====== Args={}
2024-09-05 18:45:22,738 : INFO : EventManager : Event: ======'mode_main_play_started'====== Args={'queue': <QueuedEvent>, 'player': 1, 'ball': 2, 'balls_remaining': 1, 'is_extra_ball': False}
2024-09-05 18:45:22,738 : INFO : EventManager : Event: ======'mode_skill_shot_will_start'====== Args={'player': 1, 'ball': 2, 'balls_remaining': 1, 'is_extra_ball': False}
2024-09-05 18:45:22,738 : INFO : EventManager : Event: ======'achievement_skillshot_1_changed_state'====== Args={'restore': True, 'state': 'enabled', 'selected': False}
2024-09-05 18:45:22,739 : INFO : EventManager : Event: ======'achievement_skillshot_1_state_enabled'====== Args={'restore': True, 'state': 'enabled', 'selected': False}
2024-09-05 18:45:22,739 : INFO : EventManager : Event: ======'achievement_skillshot_2_changed_state'====== Args={'restore': True, 'state': 'stopped', 'selected': False}
2024-09-05 18:45:22,739 : INFO : EventManager : Event: ======'achievement_skillshot_2_state_stopped'====== Args={'restore': True, 'state': 'stopped', 'selected': False}
2024-09-05 18:45:22,740 : INFO : EventManager : Event: ======'achievement_skillshot_3_changed_state'====== Args={'restore': True, 'state': 'enabled', 'selected': False}
2024-09-05 18:45:22,740 : INFO : EventManager : Event: ======'achievement_skillshot_3_state_enabled'====== Args={'restore': True, 'state': 'enabled', 'selected': False}
2024-09-05 18:45:22,740 : INFO : EventManager : Event: ======'achievement_skillshot_4_changed_state'====== Args={'restore': True, 'state': 'enabled', 'selected': False}
2024-09-05 18:45:22,740 : INFO : EventManager : Event: ======'achievement_skillshot_4_state_enabled'====== Args={'restore': True, 'state': 'enabled', 'selected': False}
2024-09-05 18:45:22,741 : INFO : EventManager : Event: ======'achievement_skillshot_5_changed_state'====== Args={'restore': True, 'state': 'enabled', 'selected': False}
2024-09-05 18:45:22,741 : INFO : EventManager : Event: ======'achievement_skillshot_5_state_enabled'====== Args={'restore': True, 'state': 'enabled', 'selected': False}
2024-09-05 18:45:22,741 : INFO : EventManager : Event: ======'achievement_skillshot_6_changed_state'====== Args={'restore': True, 'state': 'enabled', 'selected': False}
2024-09-05 18:45:22,741 : INFO : EventManager : Event: ======'achievement_skillshot_6_state_enabled'====== Args={'restore': True, 'state': 'enabled', 'selected': False}
2024-09-05 18:45:22,742 : INFO : EventManager : Event: ======'achievement_skillshot_7_changed_state'====== Args={'restore': True, 'state': 'enabled', 'selected': False}
2024-09-05 18:45:22,742 : INFO : EventManager : Event: ======'achievement_skillshot_7_state_enabled'====== Args={'restore': True, 'state': 'enabled', 'selected': False}
2024-09-05 18:45:22,742 : INFO : EventManager : Event: ======'achievement_skillshot_8_changed_state'====== Args={'restore': True, 'state': 'enabled', 'selected': False}
2024-09-05 18:45:22,742 : INFO : EventManager : Event: ======'achievement_skillshot_8_state_enabled'====== Args={'restore': True, 'state': 'enabled', 'selected': False}
2024-09-05 18:45:22,744 : INFO : EventManager : Event: ======'mode_skill_shot_starting'====== Args={'player': 1, 'ball': 2, 'balls_remaining': 1, 'is_extra_ball': False}
2024-09-05 18:45:22,745 : INFO : EventManager : Event: ======'mode_salvo_lit_will_start'====== Args={'player': 1, 'ball': 2, 'balls_remaining': 1, 'is_extra_ball': False}
2024-09-05 18:45:22,745 : INFO : EventManager : Event: ======'ricochet_targets_complete'====== Args={'state': 'unlit'}
2024-09-05 18:45:22,745 : INFO : EventManager : Event: ======'ricochet_targets_unlit_complete'====== Args={}
2024-09-05 18:45:22,746 : INFO : EventManager : Event: ======'mode_salvo_lit_starting'====== Args={'player': 1, 'ball': 2, 'balls_remaining': 1, 'is_extra_ball': False}
2024-09-05 18:45:22,746 : INFO : EventManager : Event: ======'mode_container_will_start'====== Args={'player': 1, 'ball': 2, 'balls_remaining': 1, 'is_extra_ball': False}
2024-09-05 18:45:22,748 : INFO : EventManager : Unordered handler for class ConfigPlayer.event_player/events on event slide_container_ball_text_removed with priority 100. Handlers: [RegisteredHandler(callback=<bound method ConfigPlayer.config_play_callback of ConfigPlayer.event_player/events>, priority=100, kwargs={'calling_context': 'slide_container_ball_text_removed', 'mode': <Mode.port_hole_manager>, 'settings': {'port_check_phase_3_finished': {'priority': 0}}}, key=UUID('b4bcec81-8f81-4422-8f1e-f519377d1f26'), condition=None, blocking_facility=None), RegisteredHandler(callback=<bound method ConfigPlayer.config_play_callback of ConfigPlayer.event_player/events>, priority=100, kwargs={'calling_context': 'slide_container_ball_text_removed', 'mode': <Mode.container>, 'settings': {'container_slide_end': {'priority': 0}}}, key=UUID('9f00f749-4e0e-46a8-ab0b-c9703f47e039'), condition=None, blocking_facility=None)]. The order of those handlers is not defined and they will be executed in random order. This might lead to race conditions and potential bugs.
2024-09-05 18:45:22,763 : INFO : EventManager : Event: ======'mode_container_starting'====== Args={'player': 1, 'ball': 2, 'balls_remaining': 1, 'is_extra_ball': False}
2024-09-05 18:45:22,763 : INFO : EventManager : Event: ======'mode_battle_manager_will_start'====== Args={'player': 1, 'ball': 2, 'balls_remaining': 1, 'is_extra_ball': False}
2024-09-05 18:45:22,764 : INFO : EventManager : Event: ======'mode_battle_manager_starting'====== Args={'player': 1, 'ball': 2, 'balls_remaining': 1, 'is_extra_ball': False}
2024-09-05 18:45:22,764 : INFO : EventManager : Event: ======'mode_bomb_will_start'====== Args={'player': 1, 'ball': 2, 'balls_remaining': 1, 'is_extra_ball': False}
2024-09-05 18:45:22,765 : INFO : EventManager : Event: ======'bomb_2_started'====== Args={}
2024-09-05 18:45:22,766 : INFO : EventManager : Event: ======'mode_bomb_starting'====== Args={'player': 1, 'ball': 2, 'balls_remaining': 1, 'is_extra_ball': False}
2024-09-05 18:45:22,767 : INFO : EventManager : Event: ======'mode_commander_skill_manager_will_start'====== Args={'player': 1, 'ball': 2, 'balls_remaining': 1, 'is_extra_ball': False}
2024-09-05 18:45:22,769 : INFO : EventManager : Event: ======'mode_commander_skill_manager_starting'====== Args={'player': 1, 'ball': 2, 'balls_remaining': 1, 'is_extra_ball': False}
2024-09-05 18:45:22,770 : INFO : EventManager : Event: ======'mode_detonation_will_start'====== Args={'player': 1, 'ball': 2, 'balls_remaining': 1, 'is_extra_ball': False}
2024-09-05 18:45:22,771 : INFO : EventManager : Event: ======'mode_detonation_starting'====== Args={'player': 1, 'ball': 2, 'balls_remaining': 1, 'is_extra_ball': False}
2024-09-05 18:45:22,771 : INFO : EventManager : Event: ======'mode_mode_lit_will_start'====== Args={'player': 1, 'ball': 2, 'balls_remaining': 1, 'is_extra_ball': False}
2024-09-05 18:45:22,771 : INFO : EventManager : Event: ======'achievement_mode_1_changed_state'====== Args={'restore': True, 'state': 'enabled', 'selected': False}
2024-09-05 18:45:22,772 : INFO : EventManager : Event: ======'achievement_mode_1_state_enabled'====== Args={'restore': True, 'state': 'enabled', 'selected': False}
2024-09-05 18:45:22,772 : INFO : EventManager : Event: ======'achievement_mode_2_changed_state'====== Args={'restore': True, 'state': 'stopped', 'selected': False}
2024-09-05 18:45:22,772 : INFO : EventManager : Event: ======'achievement_mode_2_state_stopped'====== Args={'restore': True, 'state': 'stopped', 'selected': False}
2024-09-05 18:45:22,772 : INFO : EventManager : Event: ======'achievement_mode_3_changed_state'====== Args={'restore': True, 'state': 'enabled', 'selected': True}
2024-09-05 18:45:22,773 : INFO : EventManager : Event: ======'achievement_mode_3_state_enabled'====== Args={'restore': True, 'state': 'enabled', 'selected': True}
2024-09-05 18:45:22,773 : INFO : EventManager : Event: ======'achievement_mode_3_state_selected'====== Args={'restore': True, 'state': 'enabled', 'selected': True}
2024-09-05 18:45:22,773 : INFO : EventManager : Event: ======'achievement_mode_4_changed_state'====== Args={'restore': True, 'state': 'enabled', 'selected': False}
2024-09-05 18:45:22,773 : INFO : EventManager : Event: ======'achievement_mode_4_state_enabled'====== Args={'restore': True, 'state': 'enabled', 'selected': False}
2024-09-05 18:45:22,774 : INFO : EventManager : Event: ======'achievement_mode_5_changed_state'====== Args={'restore': True, 'state': 'enabled', 'selected': False}
2024-09-05 18:45:22,774 : INFO : EventManager : Event: ======'achievement_mode_5_state_enabled'====== Args={'restore': True, 'state': 'enabled', 'selected': False}
2024-09-05 18:45:22,774 : INFO : EventManager : Event: ======'achievement_mode_6_changed_state'====== Args={'restore': True, 'state': 'enabled', 'selected': False}
2024-09-05 18:45:22,774 : INFO : EventManager : Event: ======'achievement_mode_6_state_enabled'====== Args={'restore': True, 'state': 'enabled', 'selected': False}
2024-09-05 18:45:22,775 : INFO : EventManager : Event: ======'achievement_mode_7_changed_state'====== Args={'restore': True, 'state': 'enabled', 'selected': False}
2024-09-05 18:45:22,775 : INFO : EventManager : Event: ======'achievement_mode_7_state_enabled'====== Args={'restore': True, 'state': 'enabled', 'selected': False}
2024-09-05 18:45:22,775 : INFO : EventManager : Event: ======'achievement_mode_8_changed_state'====== Args={'restore': True, 'state': 'enabled', 'selected': False}
2024-09-05 18:45:22,776 : INFO : EventManager : Event: ======'achievement_mode_8_state_enabled'====== Args={'restore': True, 'state': 'enabled', 'selected': False}
2024-09-05 18:45:22,776 : INFO : EventManager : Event: ======'achievement_mode_9_changed_state'====== Args={'restore': True, 'state': 'enabled', 'selected': False}
2024-09-05 18:45:22,776 : INFO : EventManager : Event: ======'achievement_mode_9_state_enabled'====== Args={'restore': True, 'state': 'enabled', 'selected': False}
2024-09-05 18:45:22,777 : INFO : EventManager : Event: ======'achievement_mode_10_changed_state'====== Args={'restore': True, 'state': 'enabled', 'selected': False}
2024-09-05 18:45:22,777 : INFO : EventManager : Event: ======'achievement_mode_10_state_enabled'====== Args={'restore': True, 'state': 'enabled', 'selected': False}
2024-09-05 18:45:22,780 : INFO : EventManager : Event: ======'mode_mode_lit_starting'====== Args={'player': 1, 'ball': 2, 'balls_remaining': 1, 'is_extra_ball': False}
2024-09-05 18:45:22,781 : INFO : EventManager : Event: ======'mode_drednaught_will_start'====== Args={'player': 1, 'ball': 2, 'balls_remaining': 1, 'is_extra_ball': False}
2024-09-05 18:45:22,781 : INFO : EventManager : Event: ======'mode_drednaught_starting'====== Args={'player': 1, 'ball': 2, 'balls_remaining': 1, 'is_extra_ball': False}
2024-09-05 18:45:22,782 : INFO : EventManager : Event: ======'mode_hc_lock_lit_will_start'====== Args={'player': 1, 'ball': 2, 'balls_remaining': 1, 'is_extra_ball': False}
2024-09-05 18:45:22,782 : INFO : EventManager : Event: ======'lock_lits_complete'====== Args={'state': 'unlit'}
2024-09-05 18:45:22,783 : INFO : EventManager : Event: ======'lock_lits_unlit_complete'====== Args={}
2024-09-05 18:45:22,784 : INFO : EventManager : Event: ======'mode_hc_lock_lit_starting'====== Args={'player': 1, 'ball': 2, 'balls_remaining': 1, 'is_extra_ball': False}
2024-09-05 18:45:22,784 : INFO : EventManager : Event: ======'mode_mode_timer_will_start'====== Args={'player': 1, 'ball': 2, 'balls_remaining': 1, 'is_extra_ball': False}
2024-09-05 18:45:22,784 : INFO : EventManager : Event: ======'player_mode_timer_mode_countdown_tick'====== Args={'value': 31, 'prev_value': 24, 'change': 7, 'player_num': 1}
2024-09-05 18:45:22,785 : INFO : EventManager : Event: ======'player_mode_timer_mode_countdown_delay_tick'====== Args={'value': 2, 'prev_value': 0, 'change': 2, 'player_num': 1}
2024-09-05 18:45:22,786 : INFO : EventManager : Event: ======'player_mode_timer_mode_overtime_tick'====== Args={'value': 5, 'prev_value': 0, 'change': 5, 'player_num': 1}
2024-09-05 18:45:22,787 : INFO : EventManager : Event: ======'player_mode_timer_mode_finish_tick'====== Args={'value': 2, 'prev_value': 0, 'change': 2, 'player_num': 1}
2024-09-05 18:45:22,787 : INFO : EventManager : Event: ======'mode_timer_disable'====== Args={}
2024-09-05 18:45:22,788 : INFO : EventManager : Event: ======'mode_mode_timer_starting'====== Args={'player': 1, 'ball': 2, 'balls_remaining': 1, 'is_extra_ball': False}
2024-09-05 18:45:22,789 : INFO : EventManager : Event: ======'ball_save_main_ball_save_enabled'====== Args={}
2024-09-05 18:45:22,790 : INFO : state_machine.hc_multiball : Transitioning from lock_lit_state to lock_lit_state
2024-09-05 18:45:22,790 : INFO : EventManager : Event: ======'lock_lit_stopped'====== Args={}
2024-09-05 18:45:22,791 : INFO : EventManager : Event: ======'lock_lit_started'====== Args={}
2024-09-05 18:45:22,791 : INFO : EventManager : Event: ======'player_countdown_bar_progress'====== Args={'value': 30, 'prev_value': 23, 'change': 7, 'player_num': 1}
2024-09-05 18:45:22,792 : INFO : EventManager : Event: ======'player_shot_lock_lit_1_enabled'====== Args={'value': False, 'prev_value': True, 'change': -1, 'player_num': 1}
2024-09-05 18:45:22,792 : INFO : EventManager : Event: ======'player_shot_lock_lit_2_enabled'====== Args={'value': False, 'prev_value': True, 'change': -1, 'player_num': 1}
2024-09-05 18:45:22,793 : INFO : EventManager : Event: ======'player_shot_lock_lit_1_enabled'====== Args={'value': True, 'prev_value': False, 'change': 1, 'player_num': 1}
2024-09-05 18:45:22,793 : INFO : EventManager : Event: ======'player_shot_lock_lit_2_enabled'====== Args={'value': True, 'prev_value': False, 'change': 1, 'player_num': 1}
2024-09-05 18:45:22,794 : INFO : Mode.mode_timer : Started. Priority: 100
2024-09-05 18:45:22,794 : INFO : EventManager : Event: ======'modes_active_modes_changed'====== Args={}
2024-09-05 18:45:22,795 : INFO : EventManager : Event: ======'mode_mode_timer_started'====== Args={'player': 1, 'ball': 2, 'balls_remaining': 1, 'is_extra_ball': False}
2024-09-05 18:45:22,795 : INFO : Mode.hc_lock_lit : Started. Priority: 100
2024-09-05 18:45:22,795 : INFO : EventManager : Event: ======'modes_active_modes_changed'====== Args={}
2024-09-05 18:45:22,795 : INFO : EventManager : Event: ======'mode_hc_lock_lit_started'====== Args={'player': 1, 'ball': 2, 'balls_remaining': 1, 'is_extra_ball': False}
2024-09-05 18:45:22,796 : INFO : Mode.drednaught : Started. Priority: 100
2024-09-05 18:45:22,796 : INFO : EventManager : Event: ======'modes_active_modes_changed'====== Args={}
2024-09-05 18:45:22,796 : INFO : EventManager : Event: ======'mode_drednaught_started'====== Args={'player': 1, 'ball': 2, 'balls_remaining': 1, 'is_extra_ball': False}
2024-09-05 18:45:22,796 : INFO : Mode.mode_lit : Started. Priority: 100
2024-09-05 18:45:22,797 : INFO : EventManager : Event: ======'modes_active_modes_changed'====== Args={}
2024-09-05 18:45:22,797 : INFO : EventManager : Event: ======'mode_mode_lit_started'====== Args={'player': 1, 'ball': 2, 'balls_remaining': 1, 'is_extra_ball': False}
2024-09-05 18:45:22,798 : INFO : Mode.detonation : Started. Priority: 100
2024-09-05 18:45:22,798 : INFO : EventManager : Event: ======'modes_active_modes_changed'====== Args={}
2024-09-05 18:45:22,798 : INFO : EventManager : Event: ======'mode_detonation_started'====== Args={'player': 1, 'ball': 2, 'balls_remaining': 1, 'is_extra_ball': False}
2024-09-05 18:45:22,798 : INFO : Mode.commander_skill_manager : Started. Priority: 100
2024-09-05 18:45:22,798 : INFO : EventManager : Event: ======'modes_active_modes_changed'====== Args={}
2024-09-05 18:45:22,798 : INFO : EventManager : Event: ======'mode_commander_skill_manager_started'====== Args={'player': 1, 'ball': 2, 'balls_remaining': 1, 'is_extra_ball': False}
2024-09-05 18:45:22,799 : INFO : Mode.bomb : Started. Priority: 100
2024-09-05 18:45:22,799 : INFO : EventManager : Event: ======'modes_active_modes_changed'====== Args={}
2024-09-05 18:45:22,799 : INFO : EventManager : Event: ======'mode_bomb_started'====== Args={'player': 1, 'ball': 2, 'balls_remaining': 1, 'is_extra_ball': False}
2024-09-05 18:45:22,800 : INFO : Mode.container : Started. Priority: 100
2024-09-05 18:45:22,800 : INFO : EventManager : Event: ======'modes_active_modes_changed'====== Args={}
2024-09-05 18:45:22,800 : INFO : EventManager : Event: ======'mode_container_started'====== Args={'player': 1, 'ball': 2, 'balls_remaining': 1, 'is_extra_ball': False}
2024-09-05 18:45:22,800 : INFO : Mode.salvo_lit : Started. Priority: 100
2024-09-05 18:45:22,800 : INFO : EventManager : Event: ======'modes_active_modes_changed'====== Args={}
2024-09-05 18:45:22,801 : INFO : EventManager : Event: ======'mode_salvo_lit_started'====== Args={'player': 1, 'ball': 2, 'balls_remaining': 1, 'is_extra_ball': False}
2024-09-05 18:45:22,801 : INFO : Mode.skill_shot : Started. Priority: 150
2024-09-05 18:45:22,801 : INFO : EventManager : Event: ======'modes_active_modes_changed'====== Args={}
2024-09-05 18:45:22,801 : INFO : EventManager : Event: ======'mode_skill_shot_started'====== Args={'player': 1, 'ball': 2, 'balls_remaining': 1, 'is_extra_ball': False}
2024-09-05 18:45:22,802 : INFO : EventManager : Event: ======'achievement_skillshot_7_changed_state'====== Args={'restore': False, 'state': 'enabled', 'selected': True}
2024-09-05 18:45:22,802 : INFO : EventManager : Event: ======'achievement_skillshot_7_state_enabled'====== Args={'restore': False, 'state': 'enabled', 'selected': True}
2024-09-05 18:45:22,802 : INFO : EventManager : Event: ======'skillshot_3_selected'====== Args={'restore': False, 'state': 'enabled', 'selected': True}
2024-09-05 18:45:22,854 : INFO : EventManager : Event: ======'logicblock_battle_counter_updated'====== Args={'value': 5, 'enabled': True}
2024-09-05 18:45:22,854 : INFO : Mode.battle_manager : Started. Priority: 100
2024-09-05 18:45:22,854 : INFO : EventManager : Event: ======'modes_active_modes_changed'====== Args={}
2024-09-05 18:45:22,855 : INFO : EventManager : Event: ======'mode_battle_manager_started'====== Args={'player': 1, 'ball': 2, 'balls_remaining': 1, 'is_extra_ball': False}
2024-09-05 18:45:22,855 : INFO : EventManager : Event: ======'logicblock_battle_counter_updated'====== Args={'value': 5, 'enabled': True}
2024-09-05 18:45:22,856 : INFO : EventManager : Event: ======'single_player_ball_started'====== Args={}
2024-09-05 18:45:22,856 : INFO : EventManager : Event: ======'slide_prelaunch_slide_created'====== Args={'_from_bcp': True}
2024-09-05 18:45:22,870 : INFO : EventManager : Event: ======'slide_prelaunch_slide_active'====== Args={'_from_bcp': True}
2024-09-05 18:45:22,916 : INFO : ball_device.bd_plunger : Setting up player-controlled eject. Balls: 1, Target: <playfield.playfield>, player_controlled_eject_event: s_plunger_button_active
2024-09-05 18:45:22,917 : INFO : EventManager : Event: ======'balldevice_balls_available'====== Args={}
2024-09-05 18:45:22,917 : INFO : EventManager : Event: ======'slide_base_slide_created'====== Args={'_from_bcp': True}
2024-09-05 18:45:22,918 : INFO : ball_device.bd_trough : State: waiting_for_target_ready
2024-09-05 18:45:22,918 : INFO : EventManager : Event: ======'balldevice_bd_trough_ball_eject_attempt'====== Args={'balls': 1, 'target': <ball_device.bd_plunger>, 'source': <ball_device.bd_trough>, 'mechanical_eject': True, 'num_attempts': 0}
2024-09-05 18:45:22,919 : INFO : ball_device.bd_plunger : State: waiting_for_ball
2024-09-05 18:45:22,919 : INFO : ball_device.bd_trough : State: ejecting
2024-09-05 18:45:22,919 : INFO : ball_device.bd_trough : Ejecting ball to <ball_device.bd_plunger>
2024-09-05 18:45:22,920 : INFO : EventManager : Event: ======'balldevice_bd_trough_ejecting_ball'====== Args={'balls': 1, 'target': <ball_device.bd_plunger>, 'source': <ball_device.bd_trough>, 'mechanical_eject': True, 'num_attempts': 0}
2024-09-05 18:45:22,920 : INFO : ball_device.bd_trough : Wait for ball to leave device
2024-09-05 18:45:22,920 : INFO : coil.c_trough_eject : Pulsing Driver for 20ms (1.0 pulse_power)
2024-09-05 18:45:22,921 : INFO : SwitchController : <<<<<<< 's_trough1' inactive >>>>>>>
2024-09-05 18:45:22,932 : INFO : ball_device.bd_trough : State: ball_left
2024-09-05 18:45:22,933 : INFO : ball_device.bd_trough : Ball left
2024-09-05 18:45:22,933 : INFO : ball_device.bd_trough : Wait for confirm with timeout 10.0
2024-09-05 18:45:23,004 : INFO : SwitchController : <<<<<<< 's_plunger' active >>>>>>>
2024-09-05 18:45:23,004 : INFO : EventManager : Event: ======'machine_var_audits_switches_s_plunger'====== Args={'value': 4091, 'prev_value': 4090, 'change': 1}
2024-09-05 18:45:23,319 : INFO : ball_device.bd_plunger : Received ball from <ball_device.bd_trough>
2024-09-05 18:45:23,319 : INFO : EventManager : Event: ======'balldevice_bd_plunger_ball_enter'====== Args={'new_balls': 1, 'unclaimed_balls': 0, 'new_available_balls': 0, 'device': <ball_device.bd_plunger>}
2024-09-05 18:45:23,320 : INFO : EventManager : Event: ======'balldevice_bd_plunger_ball_entered'====== Args={'new_balls': 0, 'device': <ball_device.bd_plunger>}
2024-09-05 18:45:23,320 : INFO : EventManager : Event: ======'balldevice_bd_plunger_ball_count_changed'====== Args={'balls': 1}
2024-09-05 18:45:23,320 : INFO : ball_device.bd_trough : Got eject confirm
2024-09-05 18:45:23,320 : INFO : ball_device.bd_trough : Eject successful
2024-09-05 18:45:23,320 : INFO : EventManager : Event: ======'balldevice_bd_trough_ball_eject_success'====== Args={'balls': 1, 'target': <ball_device.bd_plunger>}
2024-09-05 18:45:23,321 : INFO : EventManager : Event: ======'balldevice_bd_trough_ball_count_changed'====== Args={'balls': 4}
2024-09-05 18:45:23,321 : INFO : ball_device.bd_trough : State: idle
2024-09-05 18:45:23,321 : INFO : ball_device.bd_plunger : State: waiting_for_target_ready
2024-09-05 18:45:23,321 : INFO : EventManager : Event: ======'balldevice_bd_plunger_ball_eject_attempt'====== Args={'balls': 1, 'target': <playfield.playfield>, 'source': <ball_device.bd_plunger>, 'mechanical_eject': True, 'num_attempts': 0}
2024-09-05 18:45:23,322 : INFO : ball_device.bd_plunger : State: ejecting
2024-09-05 18:45:23,322 : INFO : ball_device.bd_plunger : Ejecting ball to <playfield.playfield>
2024-09-05 18:45:23,322 : INFO : EventManager : Event: ======'balldevice_bd_plunger_ejecting_ball'====== Args={'balls': 1, 'target': <playfield.playfield>, 'source': <ball_device.bd_plunger>, 'mechanical_eject': True, 'num_attempts': 0}
2024-09-05 18:45:23,323 : INFO : ball_device.bd_plunger : Wait for ball to leave device
2024-09-05 18:45:30,248 : INFO : SwitchController : <<<<<<< 's_left_slingshot' active >>>>>>>
2024-09-05 18:45:30,248 : INFO : EventManager : Event: ======'s_left_slingshot_active'====== Args={}
2024-09-05 18:45:30,248 : INFO : EventManager : Event: ======'machine_var_audits_switches_s_left_slingshot'====== Args={'value': 37, 'prev_value': 36, 'change': 1}
2024-09-05 18:45:30,273 : INFO : EventManager : Event: ======'disable_citadel_diverter'====== Args={'priority': 0}
2024-09-05 18:45:30,273 : INFO : EventManager : Event: ======'diverter_citadel_diverter_disabling'====== Args={'auto': False}
2024-09-05 18:45:30,360 : INFO : SwitchController : <<<<<<< 's_left_slingshot' inactive >>>>>>>
2024-09-05 18:45:34,887 : INFO : SwitchController : <<<<<<< 's_left_ramp_pre' active >>>>>>>
2024-09-05 18:45:34,887 : INFO : EventManager : Event: ======'machine_var_audits_switches_s_left_ramp_pre'====== Args={'value': 274, 'prev_value': 273, 'change': 1}
2024-09-05 18:45:35,015 : INFO : SwitchController : <<<<<<< 's_left_ramp_pre' inactive >>>>>>>
2024-09-05 18:45:40,505 : INFO : SwitchController : <<<<<<< 's_kickback_target_1' active >>>>>>>
2024-09-05 18:45:40,505 : INFO : EventManager : Event: ======'machine_var_audits_switches_s_kickback_target_1'====== Args={'value': 1, 'prev_value': 0, 'change': 1}
2024-09-05 18:45:40,582 : INFO : SwitchController : <<<<<<< 's_kickback_target_1' inactive >>>>>>>
2024-09-05 18:45:41,024 : INFO : SwitchController : <<<<<<< 's_kickback_target_2' active >>>>>>>
2024-09-05 18:45:41,024 : INFO : EventManager : Event: ======'machine_var_audits_switches_s_kickback_target_2'====== Args={'value': 1, 'prev_value': 0, 'change': 1}
2024-09-05 18:45:41,128 : INFO : SwitchController : <<<<<<< 's_kickback_target_2' inactive >>>>>>>
2024-09-05 18:45:41,559 : INFO : SwitchController : <<<<<<< 's_kickback_target_3' active >>>>>>>
2024-09-05 18:45:41,559 : INFO : EventManager : Event: ======'machine_var_audits_switches_s_kickback_target_3'====== Args={'value': 7, 'prev_value': 6, 'change': 1}
2024-09-05 18:45:41,644 : INFO : SwitchController : <<<<<<< 's_kickback_target_3' inactive >>>>>>>
2024-09-05 18:45:43,110 : INFO : SwitchController : <<<<<<< 's_left_inlane' active >>>>>>>
2024-09-05 18:45:43,111 : INFO : EventManager : Event: ======'s_left_inlane_active'====== Args={}
2024-09-05 18:45:43,111 : INFO : EventManager : Event: ======'machine_var_audits_switches_s_left_inlane'====== Args={'value': 351, 'prev_value': 350, 'change': 1}
2024-09-05 18:45:43,112 : INFO : EventManager : Event: ======'player_shot_lane_C'====== Args={'value': 1, 'prev_value': 0, 'change': 1, 'player_num': 1}
2024-09-05 18:45:43,112 : INFO : EventManager : Event: ======'machine_var_audits_shots_lane_C'====== Args={'value': 350, 'prev_value': 349, 'change': 1}
2024-09-05 18:45:43,113 : INFO : EventManager : Event: ======'lane_C_hit'====== Args={'profile': 'default', 'state': 'unlit', 'advancing': True}
2024-09-05 18:45:43,113 : INFO : EventManager : Event: ======'lane_C_default_hit'====== Args={'profile': 'default', 'state': 'unlit', 'advancing': True}
2024-09-05 18:45:43,113 : INFO : EventManager : Event: ======'lane_C_default_unlit_hit'====== Args={'profile': 'default', 'state': 'unlit', 'advancing': True}
2024-09-05 18:45:43,113 : INFO : EventManager : Event: ======'lane_C_unlit_hit'====== Args={'profile': 'default', 'state': 'unlit', 'advancing': True}
2024-09-05 18:45:43,113 : INFO : EventManager : Event: ======'mode_capture_award_will_start'====== Args={}
2024-09-05 18:45:43,113 : INFO : EventManager : Event: ======'achievement_hold_bonus_changed_state'====== Args={'restore': True, 'state': 'enabled', 'selected': True}
2024-09-05 18:45:43,113 : INFO : EventManager : Event: ======'achievement_hold_bonus_state_enabled'====== Args={'restore': True, 'state': 'enabled', 'selected': True}
2024-09-05 18:45:43,113 : INFO : EventManager : Event: ======'check_capture_award_slides'====== Args={'restore': True, 'state': 'enabled', 'selected': True}
2024-09-05 18:45:43,114 : INFO : EventManager : Event: ======'highlight_hold_bonus'====== Args={'restore': True, 'state': 'enabled', 'selected': True}
2024-09-05 18:45:43,114 : INFO : EventManager : Event: ======'achievement_hold_jet_changed_state'====== Args={'restore': True, 'state': 'enabled', 'selected': False}
2024-09-05 18:45:43,114 : INFO : EventManager : Event: ======'achievement_hold_jet_state_enabled'====== Args={'restore': True, 'state': 'enabled', 'selected': False}
2024-09-05 18:45:43,114 : INFO : EventManager : Event: ======'achievement_hold_dmg_changed_state'====== Args={'restore': True, 'state': 'enabled', 'selected': False}
2024-09-05 18:45:43,114 : INFO : EventManager : Event: ======'achievement_hold_dmg_state_enabled'====== Args={'restore': True, 'state': 'enabled', 'selected': False}
2024-09-05 18:45:43,115 : INFO : EventManager : Event: ======'achievement_max_jet_changed_state'====== Args={'restore': True, 'state': 'enabled', 'selected': False}
2024-09-05 18:45:43,115 : INFO : EventManager : Event: ======'achievement_max_jet_state_enabled'====== Args={'restore': True, 'state': 'enabled', 'selected': False}
2024-09-05 18:45:43,115 : INFO : EventManager : Event: ======'achievement_max_dmg_changed_state'====== Args={'restore': True, 'state': 'enabled', 'selected': False}
2024-09-05 18:45:43,115 : INFO : EventManager : Event: ======'achievement_max_dmg_state_enabled'====== Args={'restore': True, 'state': 'enabled', 'selected': False}
2024-09-05 18:45:43,118 : INFO : EventManager : Event: ======'mode_capture_award_starting'====== Args={}
2024-09-05 18:45:43,118 : INFO : EventManager : Event: ======'container_lanes_hit'====== Args={}
2024-09-05 18:45:43,118 : INFO : EventManager : Event: ======'container_lanes_unlit_hit'====== Args={}
2024-09-05 18:45:43,118 : INFO : Mode.capture_award : Started. Priority: 100
2024-09-05 18:45:43,118 : INFO : EventManager : Event: ======'modes_active_modes_changed'====== Args={}
2024-09-05 18:45:43,119 : INFO : EventManager : Event: ======'mode_capture_award_started'====== Args={}
2024-09-05 18:45:43,169 : INFO : EventManager : Event: ======'slide_capture_award_slide_created'====== Args={'_from_bcp': True}
2024-09-05 18:45:43,180 : INFO : SwitchController : <<<<<<< 's_left_inlane' inactive >>>>>>>
2024-09-05 18:45:45,026 : INFO : SwitchController : <<<<<<< 's_action_button' active >>>>>>>
2024-09-05 18:45:45,026 : INFO : EventManager : Event: ======'s_action_button_active'====== Args={}
2024-09-05 18:45:45,027 : INFO : EventManager : Event: ======'machine_var_audits_switches_s_action_button'====== Args={'value': 46, 'prev_value': 45, 'change': 1}
2024-09-05 18:45:45,028 : INFO : EventManager : Event: ======'check_bomb'====== Args={'priority': 0}
2024-09-05 18:45:45,028 : INFO : EventManager : Event: ======'check_bomb_2'====== Args={'priority': 0}
2024-09-05 18:45:45,142 : INFO : SwitchController : <<<<<<< 's_action_button' inactive >>>>>>>
2024-09-05 18:45:46,245 : INFO : SwitchController : <<<<<<< 's_plunger_button' active >>>>>>>
2024-09-05 18:45:46,245 : INFO : EventManager : Event: ======'s_plunger_button_active'====== Args={}
2024-09-05 18:45:46,245 : INFO : EventManager : Event: ======'machine_var_audits_switches_s_plunger_button'====== Args={'value': 6, 'prev_value': 5, 'change': 1}
2024-09-05 18:45:46,284 : INFO : coil.c_plunger : Pulsing Driver for 10ms (1.0 pulse_power)
2024-09-05 18:45:46,284 : INFO : SwitchController : <<<<<<< 's_plunger' inactive >>>>>>>
2024-09-05 18:45:46,297 : INFO : ball_device.bd_plunger : State: ball_left
2024-09-05 18:45:46,297 : INFO : ball_device.bd_plunger : Ball left
2024-09-05 18:45:46,297 : INFO : ball_device.bd_plunger : Wait for confirm with timeout 3.0
2024-09-05 18:45:46,359 : INFO : SwitchController : <<<<<<< 's_plunger_button' inactive >>>>>>>
2024-09-05 18:45:48,622 : INFO : SwitchController : <<<<<<< 's_right_slingshot' active >>>>>>>
2024-09-05 18:45:48,622 : INFO : EventManager : Event: ======'s_right_slingshot_active'====== Args={}
2024-09-05 18:45:48,622 : INFO : EventManager : Event: ======'machine_var_audits_switches_s_right_slingshot'====== Args={'value': 134, 'prev_value': 133, 'change': 1}
2024-09-05 18:45:48,633 : INFO : EventManager : Event: ======'achievement_hold_bonus_changed_state'====== Args={'restore': False, 'state': 'started', 'selected': False}
2024-09-05 18:45:48,633 : INFO : EventManager : Event: ======'award_hold_bonus'====== Args={'restore': False, 'state': 'started', 'selected': False}
2024-09-05 18:45:48,633 : INFO : EventManager : Event: ======'enable_citadel_diverter'====== Args={'priority': 0}
2024-09-05 18:45:48,633 : INFO : EventManager : Event: ======'achievement_hold_bonus_changed_state'====== Args={'restore': False, 'state': 'completed', 'selected': False}
2024-09-05 18:45:48,634 : INFO : EventManager : Event: ======'achievement_hold_bonus_state_completed'====== Args={'restore': False, 'state': 'completed', 'selected': False}
2024-09-05 18:45:48,634 : INFO : EventManager : Event: ======'achievement_hold_dmg_changed_state'====== Args={'restore': False, 'state': 'enabled', 'selected': True}
2024-09-05 18:45:48,634 : INFO : EventManager : Event: ======'achievement_hold_dmg_state_enabled'====== Args={'restore': False, 'state': 'enabled', 'selected': True}
2024-09-05 18:45:48,635 : INFO : EventManager : Event: ======'check_capture_award_slides'====== Args={'restore': False, 'state': 'enabled', 'selected': True}
2024-09-05 18:45:48,635 : INFO : EventManager : Event: ======'highlight_hold_dmg'====== Args={'restore': False, 'state': 'enabled', 'selected': True}
2024-09-05 18:45:48,636 : INFO : EventManager : Event: ======'diverter_citadel_diverter_enabling'====== Args={'auto': False}
2024-09-05 18:45:48,734 : INFO : SwitchController : <<<<<<< 's_right_slingshot' inactive >>>>>>>
2024-09-05 18:45:49,282 : INFO : ball_device.bd_plunger : State: failed_confirm
2024-09-05 18:45:49,282 : INFO : ball_device.bd_plunger : Got timeout (3.0s) before confirm from <playfield.playfield>
2024-09-05 18:45:49,372 : INFO : ball_device.bd_plunger : Confirming eject because target is playfield and ball did not return.
2024-09-05 18:45:49,372 : INFO : ball_device.bd_plunger : Eject successful
2024-09-05 18:45:49,372 : INFO : EventManager : Event: ======'balldevice_bd_plunger_ball_eject_success'====== Args={'balls': 1, 'target': <playfield.playfield>}
2024-09-05 18:45:49,373 : INFO : EventManager : Event: ======'ball_save_main_ball_save_timer_start'====== Args={}
2024-09-05 18:45:49,373 : INFO : EventManager : Event: ======'balldevice_playfield_ball_enter'====== Args={'new_balls': 1, 'unclaimed_balls': 1, 'device': <playfield.playfield>}
2024-09-05 18:45:49,373 : INFO : EventManager : Event: ======'playfield_ball_count_change'====== Args={'balls': 2, 'change': 1}
2024-09-05 18:45:49,374 : INFO : EventManager : Event: ======'balldevice_bd_plunger_ball_count_changed'====== Args={'balls': 0}
2024-09-05 18:45:49,374 : INFO : ball_device.bd_plunger : State: idle
2024-09-05 18:45:49,928 : INFO : SwitchController : <<<<<<< 's_left_slingshot' active >>>>>>>
2024-09-05 18:45:49,928 : INFO : EventManager : Event: ======'s_left_slingshot_active'====== Args={}
2024-09-05 18:45:49,928 : INFO : EventManager : Event: ======'machine_var_audits_switches_s_left_slingshot'====== Args={'value': 38, 'prev_value': 37, 'change': 1}
2024-09-05 18:45:49,929 : INFO : EventManager : Event: ======'disable_citadel_diverter'====== Args={'priority': 0}
2024-09-05 18:45:49,939 : INFO : EventManager : Event: ======'diverter_citadel_diverter_disabling'====== Args={'auto': False}
2024-09-05 18:45:50,018 : INFO : SwitchController : <<<<<<< 's_left_slingshot' inactive >>>>>>>
2024-09-05 18:45:53,122 : INFO : SwitchController : <<<<<<< 's_dmg_1' active >>>>>>>
2024-09-05 18:45:53,122 : INFO : EventManager : Event: ======'sw_take_dmg'====== Args={}
2024-09-05 18:45:53,122 : INFO : EventManager : Event: ======'machine_var_audits_switches_s_dmg_1'====== Args={'value': 2705, 'prev_value': 2704, 'change': 1}
2024-09-05 18:45:53,123 : INFO : EventManager : Event: ======'logicblock_m1_delay_updated'====== Args={'value': 1, 'enabled': True}
2024-09-05 18:45:53,123 : INFO : EventManager : Event: ======'counter_m1_delay_hit'====== Args={'count': 1, 'remaining': 0}
2024-09-05 18:45:53,123 : INFO : EventManager : Event: ======'logicblock_m1_delay_hit'====== Args={'count': 1, 'remaining': 0}
2024-09-05 18:45:53,124 : INFO : EventManager : Event: ======'m1calculate_pre'====== Args={}
2024-09-05 18:45:53,124 : INFO : EventManager : Event: ======'logicblock_m1_delay_updated'====== Args={'value': 0, 'enabled': True}
2024-09-05 18:45:53,133 : INFO : EventManager : Event: ======'player_ReceivedDMG'====== Args={'value': 3, 'prev_value': 0, 'change': 3, 'player_num': 1}
2024-09-05 18:45:53,134 : INFO : EventManager : Event: ======'player_score'====== Args={'value': 18200000, 'prev_value': 200000, 'change': 18000000, 'player_num': 1}
2024-09-05 18:45:53,134 : INFO : EventManager : Event: ======'player_ReceivedDMGshow'====== Args={'value': 3, 'prev_value': 0, 'change': 3, 'player_num': 1}
2024-09-05 18:45:53,148 : INFO : EventManager : Event: ======'slide_take_dmg_slide_created'====== Args={'_from_bcp': True}
2024-09-05 18:45:53,149 : INFO : EventManager : Event: ======'slide_take_dmg_slide_active'====== Args={'_from_bcp': True}
2024-09-05 18:45:53,201 : INFO : SwitchController : <<<<<<< 's_dmg_1' inactive >>>>>>>
2024-09-05 18:45:54,540 : INFO : EventManager : Event: ======'slide_take_dmg_slide_removed'====== Args={'_from_bcp': True}
2024-09-05 18:45:54,543 : INFO : EventManager : Event: ======'slide_prelaunch_slide_active'====== Args={'_from_bcp': True}
2024-09-05 18:45:55,311 : INFO : SwitchController : <<<<<<< 's_dmg_5' active >>>>>>>
2024-09-05 18:45:55,311 : INFO : EventManager : Event: ======'sw_take_dmg'====== Args={}
2024-09-05 18:45:55,311 : INFO : EventManager : Event: ======'machine_var_audits_switches_s_dmg_5'====== Args={'value': 27, 'prev_value': 26, 'change': 1}
2024-09-05 18:45:55,330 : INFO : EventManager : Event: ======'logicblock_m1_delay_updated'====== Args={'value': 1, 'enabled': True}
2024-09-05 18:45:55,336 : INFO : EventManager : Event: ======'counter_m1_delay_hit'====== Args={'count': 1, 'remaining': 0}
2024-09-05 18:45:55,336 : INFO : EventManager : Event: ======'logicblock_m1_delay_hit'====== Args={'count': 1, 'remaining': 0}
2024-09-05 18:45:55,336 : INFO : EventManager : Event: ======'m1calculate_pre'====== Args={}
2024-09-05 18:45:55,336 : INFO : EventManager : Event: ======'logicblock_m1_delay_updated'====== Args={'value': 0, 'enabled': True}
2024-09-05 18:45:55,337 : INFO : EventManager : Event: ======'player_ReceivedDMG'====== Args={'value': 6, 'prev_value': 3, 'change': 3, 'player_num': 1}
2024-09-05 18:45:55,337 : INFO : EventManager : Event: ======'player_score'====== Args={'value': 36200000, 'prev_value': 18200000, 'change': 18000000, 'player_num': 1}
2024-09-05 18:45:55,337 : INFO : EventManager : Event: ======'player_ReceivedDMGshow'====== Args={'value': 6, 'prev_value': 3, 'change': 3, 'player_num': 1}
2024-09-05 18:45:55,373 : INFO : EventManager : Event: ======'slide_take_dmg_slide_removed'====== Args={'_from_bcp': True}
2024-09-05 18:45:55,374 : INFO : EventManager : Event: ======'slide_take_dmg_slide_created'====== Args={'_from_bcp': True}
2024-09-05 18:45:55,374 : INFO : EventManager : Event: ======'slide_take_dmg_slide_active'====== Args={'_from_bcp': True}
2024-09-05 18:45:55,418 : INFO : SwitchController : <<<<<<< 's_dmg_5' inactive >>>>>>>
2024-09-05 18:45:56,365 : INFO : EventManager : Event: ======'ball_save_main_ball_save_hurry_up'====== Args={}
2024-09-05 18:45:56,760 : INFO : EventManager : Event: ======'slide_take_dmg_slide_removed'====== Args={'_from_bcp': True}
2024-09-05 18:45:56,760 : INFO : EventManager : Event: ======'slide_prelaunch_slide_active'====== Args={'_from_bcp': True}
2024-09-05 18:45:58,186 : INFO : SwitchController : <<<<<<< 's_dmg_6' active >>>>>>>
2024-09-05 18:45:58,186 : INFO : EventManager : Event: ======'sw_take_dmg'====== Args={}
2024-09-05 18:45:58,186 : INFO : EventManager : Event: ======'machine_var_audits_switches_s_dmg_6'====== Args={'value': 140, 'prev_value': 139, 'change': 1}
2024-09-05 18:45:58,197 : INFO : EventManager : Event: ======'logicblock_m1_delay_updated'====== Args={'value': 1, 'enabled': True}
2024-09-05 18:45:58,197 : INFO : EventManager : Event: ======'counter_m1_delay_hit'====== Args={'count': 1, 'remaining': 0}
2024-09-05 18:45:58,197 : INFO : EventManager : Event: ======'logicblock_m1_delay_hit'====== Args={'count': 1, 'remaining': 0}
2024-09-05 18:45:58,197 : INFO : EventManager : Event: ======'m1calculate_pre'====== Args={}
2024-09-05 18:45:58,197 : INFO : EventManager : Event: ======'logicblock_m1_delay_updated'====== Args={'value': 0, 'enabled': True}
2024-09-05 18:45:58,198 : INFO : EventManager : Event: ======'player_ReceivedDMG'====== Args={'value': 9, 'prev_value': 6, 'change': 3, 'player_num': 1}
2024-09-05 18:45:58,198 : INFO : EventManager : Event: ======'player_score'====== Args={'value': 54200000, 'prev_value': 36200000, 'change': 18000000, 'player_num': 1}
2024-09-05 18:45:58,198 : INFO : EventManager : Event: ======'player_ReceivedDMGshow'====== Args={'value': 9, 'prev_value': 6, 'change': 3, 'player_num': 1}
2024-09-05 18:45:58,212 : INFO : EventManager : Event: ======'slide_take_dmg_slide_removed'====== Args={'_from_bcp': True}
2024-09-05 18:45:58,212 : INFO : EventManager : Event: ======'slide_take_dmg_slide_created'====== Args={'_from_bcp': True}
2024-09-05 18:45:58,227 : INFO : EventManager : Event: ======'slide_take_dmg_slide_active'====== Args={'_from_bcp': True}
2024-09-05 18:45:58,265 : INFO : SwitchController : <<<<<<< 's_dmg_6' inactive >>>>>>>
2024-09-05 18:45:59,345 : INFO : EventManager : Event: ======'ball_save_main_ball_save_grace_period'====== Args={}
2024-09-05 18:45:59,610 : INFO : EventManager : Event: ======'slide_take_dmg_slide_removed'====== Args={'_from_bcp': True}
2024-09-05 18:45:59,610 : INFO : EventManager : Event: ======'slide_prelaunch_slide_active'====== Args={'_from_bcp': True}
2024-09-05 18:46:00,668 : INFO : SwitchController : <<<<<<< 's_right_inlane' active >>>>>>>
2024-09-05 18:46:00,668 : INFO : EventManager : Event: ======'s_right_inlane_active'====== Args={}
2024-09-05 18:46:00,668 : INFO : EventManager : Event: ======'machine_var_audits_switches_s_right_inlane'====== Args={'value': 364, 'prev_value': 363, 'change': 1}
2024-09-05 18:46:00,669 : INFO : EventManager : Event: ======'mode_mode_wizard_will_start'====== Args={}
2024-09-05 18:46:00,672 : INFO : EventManager : Event: ======'mode_mode_wizard_starting'====== Args={}
2024-09-05 18:46:00,672 : INFO : EventManager : Event: ======'player_shot_lane_D'====== Args={'value': 1, 'prev_value': 0, 'change': 1, 'player_num': 1}
2024-09-05 18:46:00,673 : INFO : EventManager : Event: ======'machine_var_audits_shots_lane_D'====== Args={'value': 362, 'prev_value': 361, 'change': 1}
2024-09-05 18:46:00,674 : INFO : EventManager : Event: ======'lane_D_hit'====== Args={'profile': 'default', 'state': 'unlit', 'advancing': True}
2024-09-05 18:46:00,683 : INFO : EventManager : Event: ======'lane_D_default_hit'====== Args={'profile': 'default', 'state': 'unlit', 'advancing': True}
2024-09-05 18:46:00,683 : INFO : EventManager : Event: ======'lane_D_default_unlit_hit'====== Args={'profile': 'default', 'state': 'unlit', 'advancing': True}
2024-09-05 18:46:00,683 : INFO : EventManager : Event: ======'lane_D_unlit_hit'====== Args={'profile': 'default', 'state': 'unlit', 'advancing': True}
2024-09-05 18:46:00,683 : INFO : EventManager : Event: ======'container_lanes_hit'====== Args={}
2024-09-05 18:46:00,683 : INFO : EventManager : Event: ======'container_lanes_unlit_hit'====== Args={}
2024-09-05 18:46:00,683 : INFO : Mode.mode_wizard : Started. Priority: 300
2024-09-05 18:46:00,684 : INFO : EventManager : Event: ======'modes_active_modes_changed'====== Args={}
2024-09-05 18:46:00,684 : INFO : EventManager : Event: ======'activate_wizard'====== Args={}
2024-09-05 18:46:00,684 : INFO : EventManager : Event: ======'mode_mode_wizard_started'====== Args={}
2024-09-05 18:46:00,684 : INFO : state_machine.global_multiball : Transitioning from inactive to active
2024-09-05 18:46:00,685 : INFO : EventManager : Event: ======'multiball_active'====== Args={}
2024-09-05 18:46:00,685 : INFO : state_machine.global_state : Transitioning from main to wizard
2024-09-05 18:46:00,685 : INFO : EventManager : Event: ======'main_state_stopped'====== Args={}
2024-09-05 18:46:00,686 : INFO : EventManager : Event: ======'wizard_state'====== Args={}
2024-09-05 18:46:00,686 : INFO : EventManager : Event: ======'mode_hc_lock_lit_will_stop'====== Args={}
2024-09-05 18:46:00,686 : INFO : EventManager : Event: ======'mode_hc_lock_lit_stopping'====== Args={}
2024-09-05 18:46:00,687 : INFO : EventManager : Event: ======'logicblock_battle_counter_updated'====== Args={'value': 5, 'enabled': False}
2024-09-05 18:46:00,687 : INFO : EventManager : Event: ======'mode_capture_will_stop'====== Args={}
2024-09-05 18:46:00,687 : INFO : EventManager : Event: ======'mode_capture_stopping'====== Args={}
2024-09-05 18:46:00,687 : INFO : EventManager : Event: ======'mode_main_play_will_stop'====== Args={}
2024-09-05 18:46:00,687 : INFO : EventManager : Event: ======'mode_main_play_stopping'====== Args={}
2024-09-05 18:46:00,687 : INFO : EventManager : Event: ======'mode_drednaught_will_stop'====== Args={}
2024-09-05 18:46:00,687 : INFO : EventManager : Event: ======'mode_drednaught_stopping'====== Args={}
2024-09-05 18:46:00,688 : INFO : EventManager : Event: ======'stop_mode_select'====== Args={'priority': 0}
2024-09-05 18:46:00,688 : INFO : EventManager : Event: ======'turn_off_mode_lit_light'====== Args={'priority': 0}
2024-09-05 18:46:00,688 : INFO : EventManager : Event: ======'achievement_mode_1_changed_state'====== Args={'restore': False, 'state': 'disabled', 'selected': False}
2024-09-05 18:46:00,688 : INFO : EventManager : Event: ======'achievement_mode_1_state_disabled'====== Args={'restore': False, 'state': 'disabled', 'selected': False}
2024-09-05 18:46:00,688 : INFO : EventManager : Event: ======'achievement_mode_2_changed_state'====== Args={'restore': False, 'state': 'disabled', 'selected': False}
2024-09-05 18:46:00,689 : INFO : EventManager : Event: ======'achievement_mode_2_state_disabled'====== Args={'restore': False, 'state': 'disabled', 'selected': False}
2024-09-05 18:46:00,689 : INFO : EventManager : Event: ======'achievement_mode_3_changed_state'====== Args={'restore': False, 'state': 'disabled', 'selected': False}
2024-09-05 18:46:00,689 : INFO : EventManager : Event: ======'achievement_mode_3_state_disabled'====== Args={'restore': False, 'state': 'disabled', 'selected': False}
2024-09-05 18:46:00,690 : INFO : EventManager : Event: ======'achievement_mode_4_changed_state'====== Args={'restore': False, 'state': 'disabled', 'selected': False}
2024-09-05 18:46:00,690 : INFO : EventManager : Event: ======'achievement_mode_4_state_disabled'====== Args={'restore': False, 'state': 'disabled', 'selected': False}
2024-09-05 18:46:00,691 : INFO : EventManager : Event: ======'achievement_mode_5_changed_state'====== Args={'restore': False, 'state': 'disabled', 'selected': False}
2024-09-05 18:46:00,691 : INFO : EventManager : Event: ======'achievement_mode_5_state_disabled'====== Args={'restore': False, 'state': 'disabled', 'selected': False}
2024-09-05 18:46:00,701 : INFO : EventManager : Event: ======'achievement_mode_6_changed_state'====== Args={'restore': False, 'state': 'disabled', 'selected': False}
2024-09-05 18:46:00,701 : INFO : EventManager : Event: ======'achievement_mode_6_state_disabled'====== Args={'restore': False, 'state': 'disabled', 'selected': False}
2024-09-05 18:46:00,701 : INFO : EventManager : Event: ======'achievement_mode_7_changed_state'====== Args={'restore': False, 'state': 'disabled', 'selected': False}
2024-09-05 18:46:00,701 : INFO : EventManager : Event: ======'achievement_mode_7_state_disabled'====== Args={'restore': False, 'state': 'disabled', 'selected': False}
2024-09-05 18:46:00,701 : INFO : EventManager : Event: ======'achievement_mode_8_changed_state'====== Args={'restore': False, 'state': 'disabled', 'selected': False}
2024-09-05 18:46:00,702 : INFO : EventManager : Event: ======'achievement_mode_8_state_disabled'====== Args={'restore': False, 'state': 'disabled', 'selected': False}
2024-09-05 18:46:00,702 : INFO : EventManager : Event: ======'achievement_mode_9_changed_state'====== Args={'restore': False, 'state': 'disabled', 'selected': False}
2024-09-05 18:46:00,702 : INFO : EventManager : Event: ======'achievement_mode_9_state_disabled'====== Args={'restore': False, 'state': 'disabled', 'selected': False}
2024-09-05 18:46:00,702 : INFO : EventManager : Event: ======'achievement_mode_10_changed_state'====== Args={'restore': False, 'state': 'disabled', 'selected': False}
2024-09-05 18:46:00,702 : INFO : EventManager : Event: ======'achievement_mode_10_state_disabled'====== Args={'restore': False, 'state': 'disabled', 'selected': False}
2024-09-05 18:46:00,703 : INFO : EventManager : Event: ======'balls_in_play'====== Args={'balls': 3}
2024-09-05 18:46:00,703 : INFO : ball_device.bd_hc_lock : Adding 0 ball(s) to the eject_queue with target <playfield.playfield>.
2024-09-05 18:46:00,703 : INFO : ball_device.bd_plunger : Adding 3 ball(s) to the eject_queue with target <playfield.playfield>.
2024-09-05 18:46:00,704 : INFO : EventManager : Event: ======'balldevice_balls_available'====== Args={}
2024-09-05 18:46:00,704 : INFO : EventManager : Event: ======'balldevice_balls_available'====== Args={}
2024-09-05 18:46:00,704 : INFO : EventManager : Event: ======'balldevice_balls_available'====== Args={}
2024-09-05 18:46:00,705 : INFO : EventManager : Event: ======'multiball_consumable_multiball_shoot_again_ended'====== Args={}
2024-09-05 18:46:00,705 : INFO : EventManager : Event: ======'multiball_consumable_multiball_started'====== Args={'balls': 3}
2024-09-05 18:46:00,706 : INFO : EventManager : Event: ======'mode_wizard_values_initiating'====== Args={}
2024-09-05 18:46:00,706 : INFO : EventManager : Event: ======'player_wizard_mode_initation_completed'====== Args={'value': 0, 'prev_value': 0, 'change': 0, 'player_num': 1}
2024-09-05 18:46:00,710 : INFO : EventManager : Event: ======'player_m1_shot_need'====== Args={'value': 4, 'prev_value': 0, 'change': 4, 'player_num': 1}
2024-09-05 18:46:00,711 : INFO : EventManager : Event: ======'player_m2_shot_need'====== Args={'value': 20, 'prev_value': 0, 'change': 20, 'player_num': 1}
2024-09-05 18:46:00,711 : INFO : EventManager : Event: ======'player_m3_shot_need'====== Args={'value': 4, 'prev_value': 0, 'change': 4, 'player_num': 1}
2024-09-05 18:46:00,711 : INFO : EventManager : Event: ======'player_m4_shot_need'====== Args={'value': 4, 'prev_value': 0, 'change': 4, 'player_num': 1}
2024-09-05 18:46:00,711 : INFO : EventManager : Event: ======'player_m5_shot_need'====== Args={'value': 4, 'prev_value': 0, 'change': 4, 'player_num': 1}
2024-09-05 18:46:00,711 : INFO : EventManager : Event: ======'player_m6_shot_need'====== Args={'value': 4, 'prev_value': 0, 'change': 4, 'player_num': 1}
2024-09-05 18:46:00,712 : INFO : EventManager : Event: ======'player_m7_shot_need'====== Args={'value': 4, 'prev_value': 0, 'change': 4, 'player_num': 1}
2024-09-05 18:46:00,712 : INFO : EventManager : Event: ======'player_m8_shot_need'====== Args={'value': 4, 'prev_value': 0, 'change': 4, 'player_num': 1}
2024-09-05 18:46:00,712 : INFO : EventManager : Event: ======'player_m9_shot_need'====== Args={'value': 4, 'prev_value': 0, 'change': 4, 'player_num': 1}
2024-09-05 18:46:00,712 : INFO : EventManager : Event: ======'player_m10_shot_need'====== Args={'value': 1, 'prev_value': 0, 'change': 1, 'player_num': 1}
2024-09-05 18:46:00,713 : INFO : EventManager : Event: ======'ball_save_consumable_multiball_ball_save_enabled'====== Args={}
2024-09-05 18:46:00,713 : INFO : EventManager : Event: ======'ball_save_main_ball_save_disabled'====== Args={}
2024-09-05 18:46:00,714 : INFO : EventManager : Event: ======'advance_m1_progress'====== Args={'priority': 0}
2024-09-05 18:46:00,714 : INFO : EventManager : Event: ======'update_wizard_value'====== Args={'priority': 0}
2024-09-05 18:46:00,714 : INFO : EventManager : Event: ======'update_wizard_value'====== Args={'priority': 0}
2024-09-05 18:46:00,715 : INFO : EventManager : Event: ======'player_m2_countdown_progress_1'====== Args={'value': 32, 'prev_value': 0, 'change': 32, 'player_num': 1}
2024-09-05 18:46:00,715 : INFO : EventManager : Event: ======'player_m2_countdown_progress_2'====== Args={'value': 16, 'prev_value': 0, 'change': 16, 'player_num': 1}
2024-09-05 18:46:00,715 : INFO : EventManager : Event: ======'advance_m3_progress'====== Args={'priority': 0}
2024-09-05 18:46:00,715 : INFO : EventManager : Event: ======'update_wizard_value'====== Args={'priority': 0}
2024-09-05 18:46:00,716 : INFO : EventManager : Event: ======'advance_m4_progress'====== Args={'priority': 0}
2024-09-05 18:46:00,716 : INFO : EventManager : Event: ======'update_wizard_value'====== Args={'priority': 0}
2024-09-05 18:46:00,716 : INFO : EventManager : Event: ======'advance_m5_progress'====== Args={'priority': 0}
2024-09-05 18:46:00,716 : INFO : EventManager : Event: ======'update_wizard_value'====== Args={'priority': 0}
2024-09-05 18:46:00,717 : INFO : EventManager : Event: ======'advance_m6_progress'====== Args={'priority': 0}
2024-09-05 18:46:00,717 : INFO : EventManager : Event: ======'update_wizard_value'====== Args={'priority': 0}
2024-09-05 18:46:00,717 : INFO : EventManager : Event: ======'advance_m7_progress'====== Args={'priority': 0}
2024-09-05 18:46:00,717 : INFO : EventManager : Event: ======'update_wizard_value'====== Args={'priority': 0}
2024-09-05 18:46:00,718 : INFO : EventManager : Event: ======'advance_m8_progress'====== Args={'priority': 0}
2024-09-05 18:46:00,718 : INFO : EventManager : Event: ======'update_wizard_value'====== Args={'priority': 0}
2024-09-05 18:46:00,718 : INFO : EventManager : Event: ======'advance_m9_progress'====== Args={'priority': 0}
2024-09-05 18:46:00,718 : INFO : EventManager : Event: ======'update_wizard_value'====== Args={'priority': 0}
2024-09-05 18:46:00,719 : INFO : EventManager : Event: ======'advance_m10_progress'====== Args={'priority': 0}
2024-09-05 18:46:00,719 : INFO : EventManager : Event: ======'update_wizard_value'====== Args={'priority': 0}
2024-09-05 18:46:00,720 : INFO : Mode.drednaught : Stopped.
2024-09-05 18:46:00,720 : INFO : EventManager : Event: ======'modes_active_modes_changed'====== Args={}
2024-09-05 18:46:00,720 : INFO : EventManager : Event: ======'mode_drednaught_stopped'====== Args={}
2024-09-05 18:46:00,721 : INFO : EventManager : Event: ======'clear'====== Args={'key': 'drednaught'}
2024-09-05 18:46:00,721 : INFO : Mode.main_play : Stopped.
2024-09-05 18:46:00,721 : INFO : EventManager : Event: ======'modes_active_modes_changed'====== Args={}
2024-09-05 18:46:00,722 : INFO : EventManager : Event: ======'mode_main_play_stopped'====== Args={}
2024-09-05 18:46:00,722 : INFO : EventManager : Event: ======'clear'====== Args={'key': 'main_play'}
2024-09-05 18:46:00,723 : INFO : Mode.capture : Stopped.
2024-09-05 18:46:00,723 : INFO : EventManager : Event: ======'modes_active_modes_changed'====== Args={}
2024-09-05 18:46:00,723 : INFO : EventManager : Event: ======'mode_capture_stopped'====== Args={}
2024-09-05 18:46:00,724 : INFO : EventManager : Event: ======'clear'====== Args={'key': 'capture'}
2024-09-05 18:46:00,724 : INFO : Mode.hc_lock_lit : Stopped.
2024-09-05 18:46:00,724 : INFO : EventManager : Event: ======'modes_active_modes_changed'====== Args={}
2024-09-05 18:46:00,724 : INFO : EventManager : Event: ======'mode_hc_lock_lit_stopped'====== Args={}
2024-09-05 18:46:00,725 : INFO : EventManager : Event: ======'clear'====== Args={'key': 'hc_lock_lit'}
2024-09-05 18:46:00,767 : INFO : EventManager : Event: ======'HAGYDFIGYELMENKIVUL'====== Args={}
2024-09-05 18:46:00,768 : INFO : EventManager : Event: ======'slide_take_dmg_slide_removed'====== Args={'_from_bcp': True}
2024-09-05 18:46:00,782 : INFO : EventManager : Event: ======'slide_wizard_mode_slide_created'====== Args={'_from_bcp': True}
2024-09-05 18:46:00,782 : INFO : EventManager : Event: ======'slide_wizard_mode_slide_active'====== Args={'_from_bcp': True}
2024-09-05 18:46:00,783 : INFO : SwitchController : <<<<<<< 's_right_inlane' inactive >>>>>>>
2024-09-05 18:46:00,796 : INFO : EventManager : Event: ======'mode_wizard_values_initiated'====== Args={}
2024-09-05 18:46:00,797 : INFO : EventManager : Event: ======'player_wizard_mode_initation_completed'====== Args={'value': 1, 'prev_value': 0, 'change': 1, 'player_num': 1}
2024-09-05 18:46:00,797 : INFO : ball_device.bd_trough : State: waiting_for_target_ready
2024-09-05 18:46:00,797 : INFO : EventManager : Event: ======'balldevice_bd_trough_ball_eject_attempt'====== Args={'balls': 1, 'target': <ball_device.bd_plunger>, 'source': <ball_device.bd_trough>, 'mechanical_eject': False, 'num_attempts': 0}
2024-09-05 18:46:00,797 : INFO : ball_device.bd_plunger : State: waiting_for_ball
2024-09-05 18:46:00,798 : INFO : ball_device.bd_trough : State: ejecting
2024-09-05 18:46:00,798 : INFO : ball_device.bd_trough : Ejecting ball to <ball_device.bd_plunger>
2024-09-05 18:46:00,798 : INFO : EventManager : Event: ======'balldevice_bd_trough_ejecting_ball'====== Args={'balls': 1, 'target': <ball_device.bd_plunger>, 'source': <ball_device.bd_trough>, 'mechanical_eject': False, 'num_attempts': 0}
2024-09-05 18:46:00,799 : INFO : ball_device.bd_trough : Wait for ball to leave device
2024-09-05 18:46:00,799 : INFO : coil.c_trough_eject : Pulsing Driver for 20ms (1.0 pulse_power)
2024-09-05 18:46:00,799 : INFO : SwitchController : <<<<<<< 's_trough2' inactive >>>>>>>
2024-09-05 18:46:00,811 : INFO : ball_device.bd_trough : State: ball_left
2024-09-05 18:46:00,825 : INFO : ball_device.bd_trough : Ball left
2024-09-05 18:46:00,826 : INFO : ball_device.bd_trough : Wait for confirm with timeout 10.0
2024-09-05 18:46:00,905 : INFO : SwitchController : <<<<<<< 's_plunger' active >>>>>>>
2024-09-05 18:46:00,905 : INFO : EventManager : Event: ======'machine_var_audits_switches_s_plunger'====== Args={'value': 4092, 'prev_value': 4091, 'change': 1}
2024-09-05 18:46:01,209 : INFO : ball_device.bd_plunger : Received ball from <ball_device.bd_trough>
2024-09-05 18:46:01,209 : INFO : EventManager : Event: ======'balldevice_bd_plunger_ball_enter'====== Args={'new_balls': 1, 'unclaimed_balls': 0, 'new_available_balls': 0, 'device': <ball_device.bd_plunger>}
2024-09-05 18:46:01,209 : INFO : EventManager : Event: ======'balldevice_bd_plunger_ball_entered'====== Args={'new_balls': 0, 'device': <ball_device.bd_plunger>}
2024-09-05 18:46:01,209 : INFO : EventManager : Event: ======'balldevice_bd_plunger_ball_count_changed'====== Args={'balls': 1}
2024-09-05 18:46:01,210 : INFO : ball_device.bd_trough : Got eject confirm
2024-09-05 18:46:01,210 : INFO : ball_device.bd_trough : Eject successful
2024-09-05 18:46:01,210 : INFO : EventManager : Event: ======'balldevice_bd_trough_ball_eject_success'====== Args={'balls': 1, 'target': <ball_device.bd_plunger>}
2024-09-05 18:46:01,210 : INFO : EventManager : Event: ======'balldevice_bd_trough_ball_count_changed'====== Args={'balls': 3}
2024-09-05 18:46:01,210 : INFO : ball_device.bd_trough : State: idle
2024-09-05 18:46:01,210 : INFO : ball_device.bd_plunger : State: waiting_for_target_ready
2024-09-05 18:46:01,211 : INFO : EventManager : Event: ======'balldevice_bd_plunger_ball_eject_attempt'====== Args={'balls': 1, 'target': <playfield.playfield>, 'source': <ball_device.bd_plunger>, 'mechanical_eject': False, 'num_attempts': 0}
2024-09-05 18:46:01,211 : INFO : ball_device.bd_plunger : State: ejecting
2024-09-05 18:46:01,211 : INFO : ball_device.bd_plunger : Ejecting ball to <playfield.playfield>
2024-09-05 18:46:01,211 : INFO : EventManager : Event: ======'balldevice_bd_plunger_ejecting_ball'====== Args={'balls': 1, 'target': <playfield.playfield>, 'source': <ball_device.bd_plunger>, 'mechanical_eject': False, 'num_attempts': 0}
2024-09-05 18:46:01,212 : INFO : ball_device.bd_plunger : Wait for ball to leave device
2024-09-05 18:46:01,212 : INFO : coil.c_plunger : Pulsing Driver for 10ms (1.0 pulse_power)
2024-09-05 18:46:01,212 : INFO : SwitchController : <<<<<<< 's_plunger' inactive >>>>>>>
2024-09-05 18:46:01,224 : INFO : ball_device.bd_plunger : State: ball_left
2024-09-05 18:46:01,225 : INFO : ball_device.bd_plunger : Ball left
2024-09-05 18:46:01,225 : INFO : ball_device.bd_plunger : Wait for confirm with timeout 3.0
2024-09-05 18:46:01,316 : INFO : ball_device.bd_trough : State: waiting_for_target_ready
2024-09-05 18:46:01,323 : INFO : EventManager : Event: ======'balldevice_bd_trough_ball_eject_attempt'====== Args={'balls': 1, 'target': <ball_device.bd_plunger>, 'source': <ball_device.bd_trough>, 'mechanical_eject': False, 'num_attempts': 0}
2024-09-05 18:46:04,239 : INFO : ball_device.bd_plunger : State: failed_confirm
2024-09-05 18:46:04,240 : INFO : ball_device.bd_plunger : Got timeout (3.0s) before confirm from <playfield.playfield>
2024-09-05 18:46:04,342 : INFO : ball_device.bd_plunger : Confirming eject because target is playfield and ball did not return.
2024-09-05 18:46:04,342 : INFO : ball_device.bd_plunger : Eject successful
2024-09-05 18:46:04,343 : INFO : EventManager : Event: ======'balldevice_bd_plunger_ball_eject_success'====== Args={'balls': 1, 'target': <playfield.playfield>}
2024-09-05 18:46:04,357 : INFO : EventManager : Event: ======'balldevice_playfield_ball_enter'====== Args={'new_balls': 1, 'unclaimed_balls': 1, 'device': <playfield.playfield>}
2024-09-05 18:46:04,358 : INFO : EventManager : Event: ======'playfield_ball_count_change'====== Args={'balls': 3, 'change': 1}
2024-09-05 18:46:04,358 : INFO : EventManager : Event: ======'balldevice_bd_plunger_ball_count_changed'====== Args={'balls': 0}
2024-09-05 18:46:04,358 : INFO : ball_device.bd_plunger : State: idle
2024-09-05 18:46:04,359 : INFO : ball_device.bd_trough : State: ejecting
2024-09-05 18:46:04,359 : INFO : ball_device.bd_trough : Ejecting ball to <ball_device.bd_plunger>
2024-09-05 18:46:04,359 : INFO : EventManager : Event: ======'balldevice_bd_trough_ejecting_ball'====== Args={'balls': 1, 'target': <ball_device.bd_plunger>, 'source': <ball_device.bd_trough>, 'mechanical_eject': False, 'num_attempts': 0}
2024-09-05 18:46:04,360 : INFO : ball_device.bd_trough : Wait for ball to leave device
2024-09-05 18:46:04,360 : INFO : coil.c_trough_eject : Pulsing Driver for 20ms (1.0 pulse_power)
2024-09-05 18:46:04,360 : INFO : SwitchController : <<<<<<< 's_trough3' inactive >>>>>>>
2024-09-05 18:46:04,361 : INFO : ball_device.bd_plunger : State: waiting_for_ball
2024-09-05 18:46:04,374 : INFO : ball_device.bd_trough : State: ball_left
2024-09-05 18:46:04,374 : INFO : ball_device.bd_trough : Ball left
2024-09-05 18:46:04,374 : INFO : ball_device.bd_trough : Wait for confirm with timeout 10.0
2024-09-05 18:46:04,473 : INFO : SwitchController : <<<<<<< 's_plunger' active >>>>>>>
2024-09-05 18:46:04,473 : INFO : EventManager : Event: ======'machine_var_audits_switches_s_plunger'====== Args={'value': 4093, 'prev_value': 4092, 'change': 1}
2024-09-05 18:46:04,797 : INFO : ball_device.bd_plunger : Received ball from <ball_device.bd_trough>
2024-09-05 18:46:04,797 : INFO : EventManager : Event: ======'balldevice_bd_plunger_ball_enter'====== Args={'new_balls': 1, 'unclaimed_balls': 0, 'new_available_balls': 0, 'device': <ball_device.bd_plunger>}
2024-09-05 18:46:04,798 : INFO : EventManager : Event: ======'balldevice_bd_plunger_ball_entered'====== Args={'new_balls': 0, 'device': <ball_device.bd_plunger>}
2024-09-05 18:46:04,798 : INFO : EventManager : Event: ======'balldevice_bd_plunger_ball_count_changed'====== Args={'balls': 1}
2024-09-05 18:46:04,798 : INFO : ball_device.bd_trough : Got eject confirm
2024-09-05 18:46:04,798 : INFO : ball_device.bd_trough : Eject successful
2024-09-05 18:46:04,798 : INFO : EventManager : Event: ======'balldevice_bd_trough_ball_eject_success'====== Args={'balls': 1, 'target': <ball_device.bd_plunger>}
2024-09-05 18:46:04,799 : INFO : EventManager : Event: ======'balldevice_bd_trough_ball_count_changed'====== Args={'balls': 2}
2024-09-05 18:46:04,799 : INFO : ball_device.bd_trough : State: idle
2024-09-05 18:46:04,799 : INFO : ball_device.bd_plunger : State: waiting_for_target_ready
2024-09-05 18:46:04,799 : INFO : EventManager : Event: ======'balldevice_bd_plunger_ball_eject_attempt'====== Args={'balls': 1, 'target': <playfield.playfield>, 'source': <ball_device.bd_plunger>, 'mechanical_eject': False, 'num_attempts': 0}
2024-09-05 18:46:04,799 : INFO : ball_device.bd_plunger : State: ejecting
2024-09-05 18:46:04,799 : INFO : ball_device.bd_plunger : Ejecting ball to <playfield.playfield>
2024-09-05 18:46:04,800 : INFO : EventManager : Event: ======'balldevice_bd_plunger_ejecting_ball'====== Args={'balls': 1, 'target': <playfield.playfield>, 'source': <ball_device.bd_plunger>, 'mechanical_eject': False, 'num_attempts': 0}
2024-09-05 18:46:04,800 : INFO : ball_device.bd_plunger : Wait for ball to leave device
2024-09-05 18:46:04,800 : INFO : coil.c_plunger : Pulsing Driver for 10ms (1.0 pulse_power)
2024-09-05 18:46:04,800 : INFO : SwitchController : <<<<<<< 's_plunger' inactive >>>>>>>
2024-09-05 18:46:04,828 : INFO : ball_device.bd_plunger : State: ball_left
2024-09-05 18:46:04,828 : INFO : ball_device.bd_plunger : Ball left
2024-09-05 18:46:04,828 : INFO : ball_device.bd_plunger : Wait for confirm with timeout 3.0
2024-09-05 18:46:04,876 : INFO : ball_device.bd_trough : State: waiting_for_target_ready
2024-09-05 18:46:04,876 : INFO : EventManager : Event: ======'balldevice_bd_trough_ball_eject_attempt'====== Args={'balls': 1, 'target': <ball_device.bd_plunger>, 'source': <ball_device.bd_trough>, 'mechanical_eject': False, 'num_attempts': 0}
2024-09-05 18:46:05,151 : INFO : SwitchController : <<<<<<< 's_bumper_3' active >>>>>>>
2024-09-05 18:46:05,151 : INFO : EventManager : Event: ======'sw_bumper_hit'====== Args={}
2024-09-05 18:46:05,151 : INFO : EventManager : Event: ======'machine_var_audits_switches_s_bumper_3'====== Args={'value': 668, 'prev_value': 667, 'change': 1}
2024-09-05 18:46:05,152 : INFO : EventManager : Event: ======'m2calculate'====== Args={'priority': 0}
2024-09-05 18:46:05,152 : INFO : EventManager : Event: ======'mode_timer_pause_event'====== Args={'priority': 0}
2024-09-05 18:46:05,152 : INFO : EventManager : Event: ======'player_m2_shot_need'====== Args={'value': 19, 'prev_value': 20, 'change': -1, 'player_num': 1}
2024-09-05 18:46:05,153 : INFO : EventManager : Event: ======'player_score'====== Args={'value': 56200000, 'prev_value': 54200000, 'change': 2000000, 'player_num': 1}
2024-09-05 18:46:05,153 : INFO : EventManager : Event: ======'player_wizard_mode_value'====== Args={'value': 2, 'prev_value': 0, 'change': 2, 'player_num': 1}
2024-09-05 18:46:05,153 : INFO : EventManager : Event: ======'update_wizard_value'====== Args={'priority': 0}
2024-09-05 18:46:05,153 : INFO : EventManager : Event: ======'player_m2_countdown_progress_1'====== Args={'value': 31, 'prev_value': 32, 'change': -1, 'player_num': 1}
2024-09-05 18:46:05,154 : INFO : EventManager : Event: ======'player_m2_countdown_progress_2'====== Args={'value': 15, 'prev_value': 16, 'change': -1, 'player_num': 1}
2024-09-05 18:46:05,154 : INFO : EventManager : Event: ======'show_wizard_value_widget_10'====== Args={}
2024-09-05 18:46:05,223 : INFO : SwitchController : <<<<<<< 's_bumper_3' inactive >>>>>>>
2024-09-05 18:46:05,495 : INFO : SwitchController : <<<<<<< 's_bumper_3' active >>>>>>>
2024-09-05 18:46:05,495 : INFO : EventManager : Event: ======'sw_bumper_hit'====== Args={}
2024-09-05 18:46:05,495 : INFO : EventManager : Event: ======'machine_var_audits_switches_s_bumper_3'====== Args={'value': 669, 'prev_value': 668, 'change': 1}
2024-09-05 18:46:05,496 : INFO : EventManager : Event: ======'m2calculate'====== Args={'priority': 0}
2024-09-05 18:46:05,496 : INFO : EventManager : Event: ======'mode_timer_pause_event'====== Args={'priority': 0}
2024-09-05 18:46:05,496 : INFO : EventManager : Event: ======'player_m2_shot_need'====== Args={'value': 18, 'prev_value': 19, 'change': -1, 'player_num': 1}
2024-09-05 18:46:05,497 : INFO : EventManager : Event: ======'player_score'====== Args={'value': 58200000, 'prev_value': 56200000, 'change': 2000000, 'player_num': 1}
2024-09-05 18:46:05,497 : INFO : EventManager : Event: ======'update_wizard_value'====== Args={'priority': 0}
2024-09-05 18:46:05,497 : INFO : EventManager : Event: ======'player_m2_countdown_progress_1'====== Args={'value': 30, 'prev_value': 31, 'change': -1, 'player_num': 1}
2024-09-05 18:46:05,497 : INFO : EventManager : Event: ======'player_m2_countdown_progress_2'====== Args={'value': 14, 'prev_value': 15, 'change': -1, 'player_num': 1}
2024-09-05 18:46:05,498 : INFO : EventManager : Event: ======'show_wizard_value_widget_9'====== Args={}
2024-09-05 18:46:05,576 : INFO : SwitchController : <<<<<<< 's_bumper_3' inactive >>>>>>>
2024-09-05 18:46:05,808 : INFO : SwitchController : <<<<<<< 's_bumper_3' active >>>>>>>
2024-09-05 18:46:05,808 : INFO : EventManager : Event: ======'sw_bumper_hit'====== Args={}
2024-09-05 18:46:05,808 : INFO : EventManager : Event: ======'machine_var_audits_switches_s_bumper_3'====== Args={'value': 670, 'prev_value': 669, 'change': 1}
2024-09-05 18:46:05,809 : INFO : EventManager : Event: ======'m2calculate'====== Args={'priority': 0}
2024-09-05 18:46:05,810 : INFO : EventManager : Event: ======'mode_timer_pause_event'====== Args={'priority': 0}
2024-09-05 18:46:05,810 : INFO : EventManager : Event: ======'player_m2_shot_need'====== Args={'value': 17, 'prev_value': 18, 'change': -1, 'player_num': 1}
2024-09-05 18:46:05,810 : INFO : EventManager : Event: ======'player_score'====== Args={'value': 60200000, 'prev_value': 58200000, 'change': 2000000, 'player_num': 1}
2024-09-05 18:46:05,811 : INFO : EventManager : Event: ======'update_wizard_value'====== Args={'priority': 0}
2024-09-05 18:46:05,811 : INFO : EventManager : Event: ======'player_m2_countdown_progress_1'====== Args={'value': 29, 'prev_value': 30, 'change': -1, 'player_num': 1}
2024-09-05 18:46:05,811 : INFO : EventManager : Event: ======'player_m2_countdown_progress_2'====== Args={'value': 13, 'prev_value': 14, 'change': -1, 'player_num': 1}
2024-09-05 18:46:05,812 : INFO : EventManager : Event: ======'show_wizard_value_widget_7'====== Args={}
2024-09-05 18:46:05,884 : INFO : SwitchController : <<<<<<< 's_bumper_3' inactive >>>>>>>
2024-09-05 18:46:06,161 : INFO : SwitchController : <<<<<<< 's_bumper_3' active >>>>>>>
2024-09-05 18:46:06,161 : INFO : EventManager : Event: ======'sw_bumper_hit'====== Args={}
2024-09-05 18:46:06,161 : INFO : EventManager : Event: ======'machine_var_audits_switches_s_bumper_3'====== Args={'value': 671, 'prev_value': 670, 'change': 1}
2024-09-05 18:46:06,162 : INFO : EventManager : Event: ======'m2calculate'====== Args={'priority': 0}
2024-09-05 18:46:06,162 : INFO : EventManager : Event: ======'mode_timer_pause_event'====== Args={'priority': 0}
2024-09-05 18:46:06,163 : INFO : EventManager : Event: ======'player_m2_shot_need'====== Args={'value': 16, 'prev_value': 17, 'change': -1, 'player_num': 1}
2024-09-05 18:46:06,163 : INFO : EventManager : Event: ======'player_score'====== Args={'value': 62200000, 'prev_value': 60200000, 'change': 2000000, 'player_num': 1}
2024-09-05 18:46:06,163 : INFO : EventManager : Event: ======'update_wizard_value'====== Args={'priority': 0}
2024-09-05 18:46:06,163 : INFO : EventManager : Event: ======'player_m2_countdown_progress_1'====== Args={'value': 28, 'prev_value': 29, 'change': -1, 'player_num': 1}
2024-09-05 18:46:06,163 : INFO : EventManager : Event: ======'player_m2_countdown_progress_2'====== Args={'value': 12, 'prev_value': 13, 'change': -1, 'player_num': 1}
2024-09-05 18:46:06,164 : INFO : EventManager : Event: ======'show_wizard_value_widget_6'====== Args={}
2024-09-05 18:46:06,240 : INFO : SwitchController : <<<<<<< 's_bumper_3' inactive >>>>>>>
2024-09-05 18:46:06,393 : INFO : SwitchController : <<<<<<< 's_bumper_3' active >>>>>>>
2024-09-05 18:46:06,393 : INFO : EventManager : Event: ======'sw_bumper_hit'====== Args={}
2024-09-05 18:46:06,394 : INFO : EventManager : Event: ======'machine_var_audits_switches_s_bumper_3'====== Args={'value': 672, 'prev_value': 671, 'change': 1}
2024-09-05 18:46:06,394 : INFO : EventManager : Event: ======'m2calculate'====== Args={'priority': 0}
2024-09-05 18:46:06,395 : INFO : EventManager : Event: ======'mode_timer_pause_event'====== Args={'priority': 0}
2024-09-05 18:46:06,395 : INFO : EventManager : Event: ======'player_m2_shot_need'====== Args={'value': 15, 'prev_value': 16, 'change': -1, 'player_num': 1}
2024-09-05 18:46:06,395 : INFO : EventManager : Event: ======'player_score'====== Args={'value': 64200000, 'prev_value': 62200000, 'change': 2000000, 'player_num': 1}
2024-09-05 18:46:06,395 : INFO : EventManager : Event: ======'update_wizard_value'====== Args={'priority': 0}
2024-09-05 18:46:06,395 : INFO : EventManager : Event: ======'show_wizard_value_widget_8'====== Args={}
2024-09-05 18:46:06,442 : INFO : SwitchController : <<<<<<< 's_bumper_3' inactive >>>>>>>
2024-09-05 18:46:06,572 : INFO : SwitchController : <<<<<<< 's_bumper_3' active >>>>>>>
2024-09-05 18:46:06,572 : INFO : EventManager : Event: ======'sw_bumper_hit'====== Args={}
2024-09-05 18:46:06,573 : INFO : EventManager : Event: ======'machine_var_audits_switches_s_bumper_3'====== Args={'value': 673, 'prev_value': 672, 'change': 1}
2024-09-05 18:46:06,574 : INFO : EventManager : Event: ======'m2calculate'====== Args={'priority': 0}
2024-09-05 18:46:06,574 : INFO : EventManager : Event: ======'mode_timer_pause_event'====== Args={'priority': 0}
2024-09-05 18:46:06,574 : INFO : EventManager : Event: ======'player_m2_shot_need'====== Args={'value': 14, 'prev_value': 15, 'change': -1, 'player_num': 1}
2024-09-05 18:46:06,574 : INFO : EventManager : Event: ======'player_score'====== Args={'value': 66200000, 'prev_value': 64200000, 'change': 2000000, 'player_num': 1}
2024-09-05 18:46:06,575 : INFO : EventManager : Event: ======'update_wizard_value'====== Args={'priority': 0}
2024-09-05 18:46:06,575 : INFO : EventManager : Event: ======'player_m2_countdown_progress_1'====== Args={'value': 27, 'prev_value': 28, 'change': -1, 'player_num': 1}
2024-09-05 18:46:06,575 : INFO : EventManager : Event: ======'player_m2_countdown_progress_2'====== Args={'value': 11, 'prev_value': 12, 'change': -1, 'player_num': 1}
2024-09-05 18:46:06,576 : INFO : EventManager : Event: ======'show_wizard_value_widget_5'====== Args={}
2024-09-05 18:46:06,643 : INFO : SwitchController : <<<<<<< 's_bumper_3' inactive >>>>>>>
2024-09-05 18:46:06,720 : INFO : SwitchController : <<<<<<< 's_bumper_3' active >>>>>>>
2024-09-05 18:46:06,721 : INFO : EventManager : Event: ======'sw_bumper_hit'====== Args={}
2024-09-05 18:46:06,721 : INFO : EventManager : Event: ======'machine_var_audits_switches_s_bumper_3'====== Args={'value': 674, 'prev_value': 673, 'change': 1}
2024-09-05 18:46:06,722 : INFO : EventManager : Event: ======'m2calculate'====== Args={'priority': 0}
2024-09-05 18:46:06,722 : INFO : EventManager : Event: ======'mode_timer_pause_event'====== Args={'priority': 0}
2024-09-05 18:46:06,722 : INFO : EventManager : Event: ======'player_m2_shot_need'====== Args={'value': 13, 'prev_value': 14, 'change': -1, 'player_num': 1}
2024-09-05 18:46:06,723 : INFO : EventManager : Event: ======'player_score'====== Args={'value': 68200000, 'prev_value': 66200000, 'change': 2000000, 'player_num': 1}
2024-09-05 18:46:06,723 : INFO : EventManager : Event: ======'update_wizard_value'====== Args={'priority': 0}
2024-09-05 18:46:06,723 : INFO : EventManager : Event: ======'player_m2_countdown_progress_1'====== Args={'value': 26, 'prev_value': 27, 'change': -1, 'player_num': 1}
2024-09-05 18:46:06,724 : INFO : EventManager : Event: ======'player_m2_countdown_progress_2'====== Args={'value': 10, 'prev_value': 11, 'change': -1, 'player_num': 1}
2024-09-05 18:46:06,724 : INFO : EventManager : Event: ======'show_wizard_value_widget_2'====== Args={}
2024-09-05 18:46:06,799 : INFO : SwitchController : <<<<<<< 's_bumper_3' inactive >>>>>>>
2024-09-05 18:46:06,888 : INFO : SwitchController : <<<<<<< 's_bumper_3' active >>>>>>>
2024-09-05 18:46:06,888 : INFO : EventManager : Event: ======'sw_bumper_hit'====== Args={}
2024-09-05 18:46:06,888 : INFO : EventManager : Event: ======'machine_var_audits_switches_s_bumper_3'====== Args={'value': 675, 'prev_value': 674, 'change': 1}
2024-09-05 18:46:06,889 : INFO : EventManager : Event: ======'m2calculate'====== Args={'priority': 0}
2024-09-05 18:46:06,889 : INFO : EventManager : Event: ======'mode_timer_pause_event'====== Args={'priority': 0}
2024-09-05 18:46:06,890 : INFO : EventManager : Event: ======'player_m2_shot_need'====== Args={'value': 12, 'prev_value': 13, 'change': -1, 'player_num': 1}
2024-09-05 18:46:06,890 : INFO : EventManager : Event: ======'player_score'====== Args={'value': 70200000, 'prev_value': 68200000, 'change': 2000000, 'player_num': 1}
2024-09-05 18:46:06,890 : INFO : EventManager : Event: ======'update_wizard_value'====== Args={'priority': 0}
2024-09-05 18:46:06,890 : INFO : EventManager : Event: ======'player_m2_countdown_progress_1'====== Args={'value': 25, 'prev_value': 26, 'change': -1, 'player_num': 1}
2024-09-05 18:46:06,890 : INFO : EventManager : Event: ======'player_m2_countdown_progress_2'====== Args={'value': 9, 'prev_value': 10, 'change': -1, 'player_num': 1}
2024-09-05 18:46:06,891 : INFO : EventManager : Event: ======'show_wizard_value_widget_1'====== Args={}
2024-09-05 18:46:06,961 : INFO : SwitchController : <<<<<<< 's_bumper_3' inactive >>>>>>>
2024-09-05 18:46:07,076 : INFO : SwitchController : <<<<<<< 's_bumper_3' active >>>>>>>
2024-09-05 18:46:07,076 : INFO : EventManager : Event: ======'sw_bumper_hit'====== Args={}
2024-09-05 18:46:07,077 : INFO : EventManager : Event: ======'machine_var_audits_switches_s_bumper_3'====== Args={'value': 676, 'prev_value': 675, 'change': 1}
2024-09-05 18:46:07,077 : INFO : EventManager : Event: ======'m2calculate'====== Args={'priority': 0}
2024-09-05 18:46:07,078 : INFO : EventManager : Event: ======'mode_timer_pause_event'====== Args={'priority': 0}
2024-09-05 18:46:07,078 : INFO : EventManager : Event: ======'player_m2_shot_need'====== Args={'value': 11, 'prev_value': 12, 'change': -1, 'player_num': 1}
2024-09-05 18:46:07,078 : INFO : EventManager : Event: ======'player_score'====== Args={'value': 72200000, 'prev_value': 70200000, 'change': 2000000, 'player_num': 1}
2024-09-05 18:46:07,079 : INFO : EventManager : Event: ======'update_wizard_value'====== Args={'priority': 0}
2024-09-05 18:46:07,079 : INFO : EventManager : Event: ======'player_m2_countdown_progress_1'====== Args={'value': 24, 'prev_value': 25, 'change': -1, 'player_num': 1}
2024-09-05 18:46:07,079 : INFO : EventManager : Event: ======'player_m2_countdown_progress_2'====== Args={'value': 8, 'prev_value': 9, 'change': -1, 'player_num': 1}
2024-09-05 18:46:07,080 : INFO : EventManager : Event: ======'show_wizard_value_widget_4'====== Args={}
2024-09-05 18:46:07,129 : INFO : SwitchController : <<<<<<< 's_bumper_3' inactive >>>>>>>
2024-09-05 18:46:07,244 : INFO : SwitchController : <<<<<<< 's_bumper_3' active >>>>>>>
2024-09-05 18:46:07,244 : INFO : EventManager : Event: ======'sw_bumper_hit'====== Args={}
2024-09-05 18:46:07,244 : INFO : EventManager : Event: ======'machine_var_audits_switches_s_bumper_3'====== Args={'value': 677, 'prev_value': 676, 'change': 1}
2024-09-05 18:46:07,245 : INFO : EventManager : Event: ======'m2calculate'====== Args={'priority': 0}
2024-09-05 18:46:07,245 : INFO : EventManager : Event: ======'mode_timer_pause_event'====== Args={'priority': 0}
2024-09-05 18:46:07,245 : INFO : EventManager : Event: ======'player_m2_shot_need'====== Args={'value': 10, 'prev_value': 11, 'change': -1, 'player_num': 1}
2024-09-05 18:46:07,246 : INFO : EventManager : Event: ======'player_score'====== Args={'value': 74200000, 'prev_value': 72200000, 'change': 2000000, 'player_num': 1}
2024-09-05 18:46:07,246 : INFO : EventManager : Event: ======'update_wizard_value'====== Args={'priority': 0}
2024-09-05 18:46:07,246 : INFO : EventManager : Event: ======'show_wizard_value_widget_3'====== Args={}
2024-09-05 18:46:07,329 : INFO : SwitchController : <<<<<<< 's_bumper_3' inactive >>>>>>>
2024-09-05 18:46:07,428 : INFO : SwitchController : <<<<<<< 's_bumper_3' active >>>>>>>
2024-09-05 18:46:07,428 : INFO : EventManager : Event: ======'sw_bumper_hit'====== Args={}
2024-09-05 18:46:07,429 : INFO : EventManager : Event: ======'machine_var_audits_switches_s_bumper_3'====== Args={'value': 678, 'prev_value': 677, 'change': 1}
2024-09-05 18:46:07,429 : INFO : EventManager : Event: ======'m2calculate'====== Args={'priority': 0}
2024-09-05 18:46:07,430 : INFO : EventManager : Event: ======'mode_timer_pause_event'====== Args={'priority': 0}
2024-09-05 18:46:07,430 : INFO : EventManager : Event: ======'player_m2_shot_need'====== Args={'value': 9, 'prev_value': 10, 'change': -1, 'player_num': 1}
2024-09-05 18:46:07,430 : INFO : EventManager : Event: ======'player_score'====== Args={'value': 76200000, 'prev_value': 74200000, 'change': 2000000, 'player_num': 1}
2024-09-05 18:46:07,431 : INFO : EventManager : Event: ======'update_wizard_value'====== Args={'priority': 0}
2024-09-05 18:46:07,431 : INFO : EventManager : Event: ======'player_m2_countdown_progress_1'====== Args={'value': 23, 'prev_value': 24, 'change': -1, 'player_num': 1}
2024-09-05 18:46:07,431 : INFO : EventManager : Event: ======'player_m2_countdown_progress_2'====== Args={'value': 7, 'prev_value': 8, 'change': -1, 'player_num': 1}
2024-09-05 18:46:07,432 : INFO : EventManager : Event: ======'show_wizard_value_widget_10'====== Args={}
2024-09-05 18:46:07,510 : INFO : SwitchController : <<<<<<< 's_bumper_3' inactive >>>>>>>
2024-09-05 18:46:07,610 : INFO : SwitchController : <<<<<<< 's_bumper_3' active >>>>>>>
2024-09-05 18:46:07,611 : INFO : EventManager : Event: ======'sw_bumper_hit'====== Args={}
2024-09-05 18:46:07,611 : INFO : EventManager : Event: ======'machine_var_audits_switches_s_bumper_3'====== Args={'value': 679, 'prev_value': 678, 'change': 1}
2024-09-05 18:46:07,612 : INFO : EventManager : Event: ======'m2calculate'====== Args={'priority': 0}
2024-09-05 18:46:07,612 : INFO : EventManager : Event: ======'mode_timer_pause_event'====== Args={'priority': 0}
2024-09-05 18:46:07,612 : INFO : EventManager : Event: ======'player_m2_shot_need'====== Args={'value': 8, 'prev_value': 9, 'change': -1, 'player_num': 1}
2024-09-05 18:46:07,612 : INFO : EventManager : Event: ======'player_score'====== Args={'value': 78200000, 'prev_value': 76200000, 'change': 2000000, 'player_num': 1}
2024-09-05 18:46:07,612 : INFO : EventManager : Event: ======'update_wizard_value'====== Args={'priority': 0}
2024-09-05 18:46:07,628 : INFO : EventManager : Event: ======'player_m2_countdown_progress_1'====== Args={'value': 22, 'prev_value': 23, 'change': -1, 'player_num': 1}
2024-09-05 18:46:07,628 : INFO : EventManager : Event: ======'player_m2_countdown_progress_2'====== Args={'value': 6, 'prev_value': 7, 'change': -1, 'player_num': 1}
2024-09-05 18:46:07,629 : INFO : EventManager : Event: ======'show_wizard_value_widget_9'====== Args={}
2024-09-05 18:46:07,676 : INFO : SwitchController : <<<<<<< 's_bumper_3' inactive >>>>>>>
2024-09-05 18:46:07,793 : INFO : SwitchController : <<<<<<< 's_bumper_3' active >>>>>>>
2024-09-05 18:46:07,794 : INFO : EventManager : Event: ======'sw_bumper_hit'====== Args={}
2024-09-05 18:46:07,794 : INFO : EventManager : Event: ======'machine_var_audits_switches_s_bumper_3'====== Args={'value': 680, 'prev_value': 679, 'change': 1}
2024-09-05 18:46:07,794 : INFO : EventManager : Event: ======'m2calculate'====== Args={'priority': 0}
2024-09-05 18:46:07,795 : INFO : EventManager : Event: ======'mode_timer_pause_event'====== Args={'priority': 0}
2024-09-05 18:46:07,795 : INFO : EventManager : Event: ======'player_m2_shot_need'====== Args={'value': 7, 'prev_value': 8, 'change': -1, 'player_num': 1}
2024-09-05 18:46:07,795 : INFO : EventManager : Event: ======'player_score'====== Args={'value': 80200000, 'prev_value': 78200000, 'change': 2000000, 'player_num': 1}
2024-09-05 18:46:07,795 : INFO : EventManager : Event: ======'update_wizard_value'====== Args={'priority': 0}
2024-09-05 18:46:07,796 : INFO : EventManager : Event: ======'player_m2_countdown_progress_1'====== Args={'value': 21, 'prev_value': 22, 'change': -1, 'player_num': 1}
2024-09-05 18:46:07,796 : INFO : EventManager : Event: ======'player_m2_countdown_progress_2'====== Args={'value': 5, 'prev_value': 6, 'change': -1, 'player_num': 1}
2024-09-05 18:46:07,796 : INFO : EventManager : Event: ======'show_wizard_value_widget_2'====== Args={}
2024-09-05 18:46:07,832 : INFO : ball_device.bd_plunger : State: failed_confirm
2024-09-05 18:46:07,832 : INFO : ball_device.bd_plunger : Got timeout (3.0s) before confirm from <playfield.playfield>
2024-09-05 18:46:07,870 : INFO : SwitchController : <<<<<<< 's_bumper_3' inactive >>>>>>>
2024-09-05 18:46:07,947 : INFO : ball_device.bd_plunger : Confirming eject because target is playfield and ball did not return.
2024-09-05 18:46:07,947 : INFO : ball_device.bd_plunger : Eject successful
2024-09-05 18:46:07,947 : INFO : EventManager : Event: ======'balldevice_bd_plunger_ball_eject_success'====== Args={'balls': 1, 'target': <playfield.playfield>}
2024-09-05 18:46:07,948 : INFO : EventManager : Event: ======'balldevice_playfield_ball_enter'====== Args={'new_balls': 1, 'unclaimed_balls': 1, 'device': <playfield.playfield>}
2024-09-05 18:46:07,948 : INFO : EventManager : Event: ======'playfield_ball_count_change'====== Args={'balls': 4, 'change': 1}
2024-09-05 18:46:07,948 : INFO : EventManager : Event: ======'balldevice_bd_plunger_ball_count_changed'====== Args={'balls': 0}
2024-09-05 18:46:07,948 : INFO : ball_device.bd_plunger : State: idle
2024-09-05 18:46:07,948 : INFO : ball_device.bd_trough : State: ejecting
2024-09-05 18:46:07,949 : INFO : ball_device.bd_trough : Ejecting ball to <ball_device.bd_plunger>
2024-09-05 18:46:07,949 : INFO : EventManager : Event: ======'balldevice_bd_trough_ejecting_ball'====== Args={'balls': 1, 'target': <ball_device.bd_plunger>, 'source': <ball_device.bd_trough>, 'mechanical_eject': False, 'num_attempts': 0}
2024-09-05 18:46:07,949 : INFO : ball_device.bd_trough : Wait for ball to leave device
2024-09-05 18:46:07,949 : INFO : coil.c_trough_eject : Pulsing Driver for 20ms (1.0 pulse_power)
2024-09-05 18:46:07,949 : INFO : SwitchController : <<<<<<< 's_trough4' inactive >>>>>>>
2024-09-05 18:46:07,949 : INFO : ball_device.bd_plunger : State: waiting_for_ball
2024-09-05 18:46:07,963 : INFO : ball_device.bd_trough : State: ball_left
2024-09-05 18:46:07,963 : INFO : ball_device.bd_trough : Ball left
2024-09-05 18:46:07,963 : INFO : ball_device.bd_trough : Wait for confirm with timeout 10.0
2024-09-05 18:46:08,032 : INFO : SwitchController : <<<<<<< 's_plunger' active >>>>>>>
2024-09-05 18:46:08,033 : INFO : EventManager : Event: ======'machine_var_audits_switches_s_plunger'====== Args={'value': 4094, 'prev_value': 4093, 'change': 1}
2024-09-05 18:46:08,263 : INFO : SwitchController : <<<<<<< 's_bumper_3' active >>>>>>>
2024-09-05 18:46:08,263 : INFO : EventManager : Event: ======'sw_bumper_hit'====== Args={}
2024-09-05 18:46:08,263 : INFO : EventManager : Event: ======'machine_var_audits_switches_s_bumper_3'====== Args={'value': 681, 'prev_value': 680, 'change': 1}
2024-09-05 18:46:08,264 : INFO : EventManager : Event: ======'m2calculate'====== Args={'priority': 0}
2024-09-05 18:46:08,264 : INFO : EventManager : Event: ======'mode_timer_pause_event'====== Args={'priority': 0}
2024-09-05 18:46:08,264 : INFO : EventManager : Event: ======'player_m2_shot_need'====== Args={'value': 6, 'prev_value': 7, 'change': -1, 'player_num': 1}
2024-09-05 18:46:08,264 : INFO : EventManager : Event: ======'player_score'====== Args={'value': 82200000, 'prev_value': 80200000, 'change': 2000000, 'player_num': 1}
2024-09-05 18:46:08,265 : INFO : EventManager : Event: ======'update_wizard_value'====== Args={'priority': 0}
2024-09-05 18:46:08,265 : INFO : EventManager : Event: ======'player_m2_countdown_progress_1'====== Args={'value': 20, 'prev_value': 21, 'change': -1, 'player_num': 1}
2024-09-05 18:46:08,265 : INFO : EventManager : Event: ======'player_m2_countdown_progress_2'====== Args={'value': 4, 'prev_value': 5, 'change': -1, 'player_num': 1}
2024-09-05 18:46:08,265 : INFO : EventManager : Event: ======'show_wizard_value_widget_4'====== Args={}
2024-09-05 18:46:08,345 : INFO : SwitchController : <<<<<<< 's_bumper_3' inactive >>>>>>>
2024-09-05 18:46:08,345 : INFO : ball_device.bd_plunger : Received ball from <ball_device.bd_trough>
2024-09-05 18:46:08,345 : INFO : EventManager : Event: ======'balldevice_bd_plunger_ball_enter'====== Args={'new_balls': 1, 'unclaimed_balls': 0, 'new_available_balls': 0, 'device': <ball_device.bd_plunger>}
2024-09-05 18:46:08,358 : INFO : EventManager : Event: ======'balldevice_bd_plunger_ball_entered'====== Args={'new_balls': 0, 'device': <ball_device.bd_plunger>}
2024-09-05 18:46:08,359 : INFO : EventManager : Event: ======'balldevice_bd_plunger_ball_count_changed'====== Args={'balls': 1}
2024-09-05 18:46:08,359 : INFO : ball_device.bd_trough : Got eject confirm
2024-09-05 18:46:08,359 : INFO : ball_device.bd_trough : Eject successful
2024-09-05 18:46:08,359 : INFO : EventManager : Event: ======'balldevice_bd_trough_ball_eject_success'====== Args={'balls': 1, 'target': <ball_device.bd_plunger>}
2024-09-05 18:46:08,359 : INFO : ball_device.bd_plunger : State: waiting_for_target_ready
2024-09-05 18:46:08,359 : INFO : EventManager : Event: ======'balldevice_bd_plunger_ball_eject_attempt'====== Args={'balls': 1, 'target': <playfield.playfield>, 'source': <ball_device.bd_plunger>, 'mechanical_eject': False, 'num_attempts': 0}
2024-09-05 18:46:08,360 : INFO : ball_device.bd_plunger : State: ejecting
2024-09-05 18:46:08,360 : INFO : ball_device.bd_plunger : Ejecting ball to <playfield.playfield>
2024-09-05 18:46:08,360 : INFO : EventManager : Event: ======'balldevice_bd_plunger_ejecting_ball'====== Args={'balls': 1, 'target': <playfield.playfield>, 'source': <ball_device.bd_plunger>, 'mechanical_eject': False, 'num_attempts': 0}
2024-09-05 18:46:08,360 : INFO : EventManager : Event: ======'balldevice_bd_trough_ball_count_changed'====== Args={'balls': 1}
2024-09-05 18:46:08,360 : INFO : ball_device.bd_trough : State: idle
2024-09-05 18:46:08,361 : INFO : ball_device.bd_plunger : Wait for ball to leave device
2024-09-05 18:46:08,361 : INFO : coil.c_plunger : Pulsing Driver for 10ms (1.0 pulse_power)
2024-09-05 18:46:08,361 : INFO : SwitchController : <<<<<<< 's_plunger' inactive >>>>>>>
2024-09-05 18:46:08,389 : INFO : ball_device.bd_plunger : State: ball_left
2024-09-05 18:46:08,390 : INFO : ball_device.bd_plunger : Ball left
2024-09-05 18:46:08,390 : INFO : ball_device.bd_plunger : Wait for confirm with timeout 3.0
2024-09-05 18:46:08,504 : INFO : SwitchController : <<<<<<< 's_bumper_3' active >>>>>>>
2024-09-05 18:46:08,504 : INFO : EventManager : Event: ======'sw_bumper_hit'====== Args={}
2024-09-05 18:46:08,504 : INFO : EventManager : Event: ======'machine_var_audits_switches_s_bumper_3'====== Args={'value': 682, 'prev_value': 681, 'change': 1}
2024-09-05 18:46:08,506 : INFO : EventManager : Event: ======'m2calculate'====== Args={'priority': 0}
2024-09-05 18:46:08,506 : INFO : EventManager : Event: ======'mode_timer_pause_event'====== Args={'priority': 0}
2024-09-05 18:46:08,506 : INFO : EventManager : Event: ======'player_m2_shot_need'====== Args={'value': 5, 'prev_value': 6, 'change': -1, 'player_num': 1}
2024-09-05 18:46:08,507 : INFO : EventManager : Event: ======'player_score'====== Args={'value': 84200000, 'prev_value': 82200000, 'change': 2000000, 'player_num': 1}
2024-09-05 18:46:08,507 : INFO : EventManager : Event: ======'update_wizard_value'====== Args={'priority': 0}
2024-09-05 18:46:08,508 : INFO : EventManager : Event: ======'show_wizard_value_widget_6'====== Args={}
2024-09-05 18:46:08,580 : INFO : SwitchController : <<<<<<< 's_bumper_3' inactive >>>>>>>
2024-09-05 18:46:08,673 : INFO : SwitchController : <<<<<<< 's_bumper_3' active >>>>>>>
2024-09-05 18:46:08,674 : INFO : EventManager : Event: ======'sw_bumper_hit'====== Args={}
2024-09-05 18:46:08,674 : INFO : EventManager : Event: ======'machine_var_audits_switches_s_bumper_3'====== Args={'value': 683, 'prev_value': 682, 'change': 1}
2024-09-05 18:46:08,675 : INFO : EventManager : Event: ======'m2calculate'====== Args={'priority': 0}
2024-09-05 18:46:08,675 : INFO : EventManager : Event: ======'mode_timer_pause_event'====== Args={'priority': 0}
2024-09-05 18:46:08,675 : INFO : EventManager : Event: ======'player_m2_shot_need'====== Args={'value': 4, 'prev_value': 5, 'change': -1, 'player_num': 1}
2024-09-05 18:46:08,676 : INFO : EventManager : Event: ======'player_score'====== Args={'value': 86200000, 'prev_value': 84200000, 'change': 2000000, 'player_num': 1}
2024-09-05 18:46:08,676 : INFO : EventManager : Event: ======'update_wizard_value'====== Args={'priority': 0}
2024-09-05 18:46:08,676 : INFO : EventManager : Event: ======'player_m2_countdown_progress_1'====== Args={'value': 19, 'prev_value': 20, 'change': -1, 'player_num': 1}
2024-09-05 18:46:08,676 : INFO : EventManager : Event: ======'player_m2_countdown_progress_2'====== Args={'value': 3, 'prev_value': 4, 'change': -1, 'player_num': 1}
2024-09-05 18:46:08,677 : INFO : EventManager : Event: ======'show_wizard_value_widget_7'====== Args={}
2024-09-05 18:46:08,732 : INFO : SwitchController : <<<<<<< 's_bumper_3' inactive >>>>>>>
2024-09-05 18:46:08,826 : INFO : SwitchController : <<<<<<< 's_bumper_3' active >>>>>>>
2024-09-05 18:46:08,826 : INFO : EventManager : Event: ======'sw_bumper_hit'====== Args={}
2024-09-05 18:46:08,826 : INFO : EventManager : Event: ======'machine_var_audits_switches_s_bumper_3'====== Args={'value': 684, 'prev_value': 683, 'change': 1}
2024-09-05 18:46:08,827 : INFO : EventManager : Event: ======'m2calculate'====== Args={'priority': 0}
2024-09-05 18:46:08,827 : INFO : EventManager : Event: ======'mode_timer_pause_event'====== Args={'priority': 0}
2024-09-05 18:46:08,828 : INFO : EventManager : Event: ======'player_m2_shot_need'====== Args={'value': 3, 'prev_value': 4, 'change': -1, 'player_num': 1}
2024-09-05 18:46:08,828 : INFO : EventManager : Event: ======'player_score'====== Args={'value': 88200000, 'prev_value': 86200000, 'change': 2000000, 'player_num': 1}
2024-09-05 18:46:08,828 : INFO : EventManager : Event: ======'update_wizard_value'====== Args={'priority': 0}
2024-09-05 18:46:08,828 : INFO : EventManager : Event: ======'player_m2_countdown_progress_1'====== Args={'value': 18, 'prev_value': 19, 'change': -1, 'player_num': 1}
2024-09-05 18:46:08,828 : INFO : EventManager : Event: ======'player_m2_countdown_progress_2'====== Args={'value': 2, 'prev_value': 3, 'change': -1, 'player_num': 1}
2024-09-05 18:46:08,842 : INFO : EventManager : Event: ======'show_wizard_value_widget_3'====== Args={}
2024-09-05 18:46:08,902 : INFO : SwitchController : <<<<<<< 's_bumper_3' inactive >>>>>>>
2024-09-05 18:46:09,021 : INFO : SwitchController : <<<<<<< 's_bumper_3' active >>>>>>>
2024-09-05 18:46:09,021 : INFO : EventManager : Event: ======'sw_bumper_hit'====== Args={}
2024-09-05 18:46:09,022 : INFO : EventManager : Event: ======'machine_var_audits_switches_s_bumper_3'====== Args={'value': 685, 'prev_value': 684, 'change': 1}
2024-09-05 18:46:09,022 : INFO : EventManager : Event: ======'m2calculate'====== Args={'priority': 0}
2024-09-05 18:46:09,023 : INFO : EventManager : Event: ======'mode_timer_pause_event'====== Args={'priority': 0}
2024-09-05 18:46:09,023 : INFO : EventManager : Event: ======'player_m2_shot_need'====== Args={'value': 2, 'prev_value': 3, 'change': -1, 'player_num': 1}
2024-09-05 18:46:09,038 : INFO : EventManager : Event: ======'player_score'====== Args={'value': 90200000, 'prev_value': 88200000, 'change': 2000000, 'player_num': 1}
2024-09-05 18:46:09,038 : INFO : EventManager : Event: ======'update_wizard_value'====== Args={'priority': 0}
2024-09-05 18:46:09,038 : INFO : EventManager : Event: ======'player_m2_countdown_progress_1'====== Args={'value': 17, 'prev_value': 18, 'change': -1, 'player_num': 1}
2024-09-05 18:46:09,039 : INFO : EventManager : Event: ======'player_m2_countdown_progress_2'====== Args={'value': 1, 'prev_value': 2, 'change': -1, 'player_num': 1}
2024-09-05 18:46:09,039 : INFO : EventManager : Event: ======'show_wizard_value_widget_8'====== Args={}
2024-09-05 18:46:09,076 : INFO : SwitchController : <<<<<<< 's_bumper_3' inactive >>>>>>>
2024-09-05 18:46:09,164 : INFO : SwitchController : <<<<<<< 's_bumper_3' active >>>>>>>
2024-09-05 18:46:09,165 : INFO : EventManager : Event: ======'sw_bumper_hit'====== Args={}
2024-09-05 18:46:09,165 : INFO : EventManager : Event: ======'machine_var_audits_switches_s_bumper_3'====== Args={'value': 686, 'prev_value': 685, 'change': 1}
2024-09-05 18:46:09,166 : INFO : EventManager : Event: ======'m2calculate'====== Args={'priority': 0}
2024-09-05 18:46:09,166 : INFO : EventManager : Event: ======'mode_timer_pause_event'====== Args={'priority': 0}
2024-09-05 18:46:09,166 : INFO : EventManager : Event: ======'player_m2_shot_need'====== Args={'value': 1, 'prev_value': 2, 'change': -1, 'player_num': 1}
2024-09-05 18:46:09,167 : INFO : EventManager : Event: ======'player_score'====== Args={'value': 92200000, 'prev_value': 90200000, 'change': 2000000, 'player_num': 1}
2024-09-05 18:46:09,167 : INFO : EventManager : Event: ======'update_wizard_value'====== Args={'priority': 0}
2024-09-05 18:46:09,167 : INFO : EventManager : Event: ======'player_m2_countdown_progress_1'====== Args={'value': 16, 'prev_value': 17, 'change': -1, 'player_num': 1}
2024-09-05 18:46:09,167 : INFO : EventManager : Event: ======'player_m2_countdown_progress_2'====== Args={'value': 0, 'prev_value': 1, 'change': -1, 'player_num': 1}
2024-09-05 18:46:09,168 : INFO : EventManager : Event: ======'show_wizard_value_widget_1'====== Args={}
2024-09-05 18:46:09,250 : INFO : SwitchController : <<<<<<< 's_bumper_3' inactive >>>>>>>
2024-09-05 18:46:09,336 : INFO : SwitchController : <<<<<<< 's_bumper_3' active >>>>>>>
2024-09-05 18:46:09,336 : INFO : EventManager : Event: ======'sw_bumper_hit'====== Args={}
2024-09-05 18:46:09,336 : INFO : EventManager : Event: ======'machine_var_audits_switches_s_bumper_3'====== Args={'value': 687, 'prev_value': 686, 'change': 1}
2024-09-05 18:46:09,337 : INFO : EventManager : Event: ======'m2calculate'====== Args={'priority': 0}
2024-09-05 18:46:09,337 : INFO : EventManager : Event: ======'mode_timer_pause_event'====== Args={'priority': 0}
2024-09-05 18:46:09,337 : INFO : EventManager : Event: ======'player_m2_shot_need'====== Args={'value': 0, 'prev_value': 1, 'change': -1, 'player_num': 1}
2024-09-05 18:46:09,350 : INFO : EventManager : Event: ======'player_score'====== Args={'value': 94200000, 'prev_value': 92200000, 'change': 2000000, 'player_num': 1}
2024-09-05 18:46:09,353 : INFO : EventManager : Event: ======'update_wizard_value'====== Args={'priority': 0}
2024-09-05 18:46:09,354 : INFO : EventManager : Event: ======'show_wizard_value_widget_5'====== Args={}
2024-09-05 18:46:09,406 : INFO : SwitchController : <<<<<<< 's_bumper_3' inactive >>>>>>>
2024-09-05 18:46:09,499 : INFO : SwitchController : <<<<<<< 's_bumper_3' active >>>>>>>
2024-09-05 18:46:09,499 : INFO : EventManager : Event: ======'sw_bumper_hit'====== Args={}
2024-09-05 18:46:09,499 : INFO : EventManager : Event: ======'machine_var_audits_switches_s_bumper_3'====== Args={'value': 688, 'prev_value': 687, 'change': 1}
2024-09-05 18:46:09,500 : INFO : EventManager : Event: ======'m2calculate'====== Args={'priority': 0}
2024-09-05 18:46:09,500 : INFO : EventManager : Event: ======'mode_timer_pause_event'====== Args={'priority': 0}
2024-09-05 18:46:09,558 : INFO : SwitchController : <<<<<<< 's_bumper_3' inactive >>>>>>>
2024-09-05 18:46:11,387 : INFO : ball_device.bd_plunger : State: failed_confirm
2024-09-05 18:46:11,387 : INFO : ball_device.bd_plunger : Got timeout (3.0s) before confirm from <playfield.playfield>
2024-09-05 18:46:11,486 : INFO : ball_device.bd_plunger : Confirming eject because target is playfield and ball did not return.
2024-09-05 18:46:11,486 : INFO : ball_device.bd_plunger : Eject successful
2024-09-05 18:46:11,486 : INFO : EventManager : Event: ======'balldevice_bd_plunger_ball_eject_success'====== Args={'balls': 1, 'target': <playfield.playfield>}
2024-09-05 18:46:11,488 : INFO : EventManager : Event: ======'balldevice_playfield_ball_enter'====== Args={'new_balls': 1, 'unclaimed_balls': 1, 'device': <playfield.playfield>}
2024-09-05 18:46:11,488 : INFO : EventManager : Event: ======'playfield_ball_count_change'====== Args={'balls': 5, 'change': 1}
2024-09-05 18:46:11,488 : INFO : EventManager : Event: ======'balldevice_bd_plunger_ball_count_changed'====== Args={'balls': 0}
2024-09-05 18:46:11,488 : INFO : ball_device.bd_plunger : State: idle
2024-09-05 18:46:13,415 : INFO : SwitchController : <<<<<<< 's_trough4' active >>>>>>>
2024-09-05 18:46:13,415 : INFO : EventManager : Event: ======'machine_var_audits_switches_s_trough4'====== Args={'value': 35, 'prev_value': 34, 'change': 1}
2024-09-05 18:46:13,723 : INFO : EventManager : Event: ======'balldevice_bd_trough_ball_count_changed'====== Args={'balls': 2}
2024-09-05 18:46:13,724 : INFO : ball_device.bd_trough : Received unexpected ball
2024-09-05 18:46:13,724 : INFO : EventManager : Event: ======'balldevice_captured_from_playfield'====== Args={'balls': 1}
2024-09-05 18:46:13,724 : INFO : EventManager : Event: ======'sw_playfield_active'====== Args={'balls': 1}
2024-09-05 18:46:13,724 : INFO : EventManager : Event: ======'playfield_ball_count_change'====== Args={'balls': 4, 'change': -1}
2024-09-05 18:46:13,725 : INFO : EventManager : Event: ======'balldevice_bd_trough_ball_enter'====== Args={'new_balls': 1, 'unclaimed_balls': 1, 'new_available_balls': 1, 'device': <ball_device.bd_trough>}
2024-09-05 18:46:13,725 : INFO : EventManager : Event: ======'ball_drain'====== Args={'device': <ball_device.bd_trough>, 'balls': 1}
2024-09-05 18:46:13,725 : INFO : EventManager : Event: ======'ball_save_consumable_multiball_ball_save_saving_ball'====== Args={'balls': 1, 'early_save': False}
2024-09-05 18:46:13,726 : INFO : ball_device.bd_plunger : Adding 1 ball(s) to the eject_queue with target <playfield.playfield>.
2024-09-05 18:46:13,726 : INFO : EventManager : Event: ======'balldevice_balls_available'====== Args={}
2024-09-05 18:46:13,726 : INFO : EventManager : Event: ======'multiball_consumable_multiball_ball_lost'====== Args={}
2024-09-05 18:46:13,726 : INFO : EventManager : Event: ======'balldevice_balls_available'====== Args={}
2024-09-05 18:46:13,727 : INFO : EventManager : Event: ======'balldevice_bd_trough_ball_entered'====== Args={'new_balls': 1, 'device': <ball_device.bd_trough>}
2024-09-05 18:46:13,742 : INFO : ball_device.bd_trough : State: waiting_for_target_ready
2024-09-05 18:46:13,742 : INFO : EventManager : Event: ======'balldevice_bd_trough_ball_eject_attempt'====== Args={'balls': 1, 'target': <ball_device.bd_plunger>, 'source': <ball_device.bd_trough>, 'mechanical_eject': False, 'num_attempts': 0}
2024-09-05 18:46:13,743 : INFO : ball_device.bd_plunger : State: waiting_for_ball
2024-09-05 18:46:13,743 : INFO : ball_device.bd_trough : State: ejecting
2024-09-05 18:46:13,743 : INFO : ball_device.bd_trough : Ejecting ball to <ball_device.bd_plunger>
2024-09-05 18:46:13,743 : INFO : EventManager : Event: ======'balldevice_bd_trough_ejecting_ball'====== Args={'balls': 1, 'target': <ball_device.bd_plunger>, 'source': <ball_device.bd_trough>, 'mechanical_eject': False, 'num_attempts': 0}
2024-09-05 18:46:13,743 : INFO : ball_device.bd_trough : Wait for ball to leave device
2024-09-05 18:46:13,743 : INFO : coil.c_trough_eject : Pulsing Driver for 20ms (1.0 pulse_power)
2024-09-05 18:46:13,744 : INFO : SwitchController : <<<<<<< 's_trough4' inactive >>>>>>>
2024-09-05 18:46:13,757 : INFO : ball_device.bd_trough : State: ball_left
2024-09-05 18:46:13,757 : INFO : ball_device.bd_trough : Ball left
2024-09-05 18:46:13,757 : INFO : ball_device.bd_trough : Wait for confirm with timeout 10.0
2024-09-05 18:46:13,857 : INFO : SwitchController : <<<<<<< 's_plunger' active >>>>>>>
2024-09-05 18:46:13,857 : INFO : EventManager : Event: ======'machine_var_audits_switches_s_plunger'====== Args={'value': 4095, 'prev_value': 4094, 'change': 1}
2024-09-05 18:46:14,165 : INFO : ball_device.bd_plunger : Received ball from <ball_device.bd_trough>
2024-09-05 18:46:14,165 : INFO : EventManager : Event: ======'balldevice_bd_plunger_ball_enter'====== Args={'new_balls': 1, 'unclaimed_balls': 0, 'new_available_balls': 0, 'device': <ball_device.bd_plunger>}
2024-09-05 18:46:14,165 : INFO : EventManager : Event: ======'balldevice_bd_plunger_ball_entered'====== Args={'new_balls': 0, 'device': <ball_device.bd_plunger>}
2024-09-05 18:46:14,165 : INFO : EventManager : Event: ======'balldevice_bd_plunger_ball_count_changed'====== Args={'balls': 1}
2024-09-05 18:46:14,166 : INFO : ball_device.bd_trough : Got eject confirm
2024-09-05 18:46:14,166 : INFO : ball_device.bd_trough : Eject successful
2024-09-05 18:46:14,166 : INFO : EventManager : Event: ======'balldevice_bd_trough_ball_eject_success'====== Args={'balls': 1, 'target': <ball_device.bd_plunger>}
2024-09-05 18:46:14,166 : INFO : EventManager : Event: ======'balldevice_bd_trough_ball_count_changed'====== Args={'balls': 1}
2024-09-05 18:46:14,166 : INFO : ball_device.bd_trough : State: idle
2024-09-05 18:46:14,167 : INFO : ball_device.bd_plunger : State: waiting_for_target_ready
2024-09-05 18:46:14,167 : INFO : EventManager : Event: ======'balldevice_bd_plunger_ball_eject_attempt'====== Args={'balls': 1, 'target': <playfield.playfield>, 'source': <ball_device.bd_plunger>, 'mechanical_eject': False, 'num_attempts': 0}
2024-09-05 18:46:14,167 : INFO : ball_device.bd_plunger : State: ejecting
2024-09-05 18:46:14,167 : INFO : ball_device.bd_plunger : Ejecting ball to <playfield.playfield>
2024-09-05 18:46:14,167 : INFO : EventManager : Event: ======'balldevice_bd_plunger_ejecting_ball'====== Args={'balls': 1, 'target': <playfield.playfield>, 'source': <ball_device.bd_plunger>, 'mechanical_eject': False, 'num_attempts': 0}
2024-09-05 18:46:14,168 : INFO : ball_device.bd_plunger : Wait for ball to leave device
2024-09-05 18:46:14,168 : INFO : coil.c_plunger : Pulsing Driver for 10ms (1.0 pulse_power)
2024-09-05 18:46:14,168 : INFO : SwitchController : <<<<<<< 's_plunger' inactive >>>>>>>
2024-09-05 18:46:14,180 : INFO : ball_device.bd_plunger : State: ball_left
2024-09-05 18:46:14,181 : INFO : ball_device.bd_plunger : Ball left
2024-09-05 18:46:14,181 : INFO : ball_device.bd_plunger : Wait for confirm with timeout 3.0
2024-09-05 18:46:14,929 : INFO : SwitchController : <<<<<<< 's_trough4' active >>>>>>>
2024-09-05 18:46:14,929 : INFO : EventManager : Event: ======'machine_var_audits_switches_s_trough4'====== Args={'value': 36, 'prev_value': 35, 'change': 1}
2024-09-05 18:46:15,236 : INFO : EventManager : Event: ======'balldevice_bd_trough_ball_count_changed'====== Args={'balls': 2}
2024-09-05 18:46:15,236 : INFO : ball_device.bd_trough : Received unexpected ball
2024-09-05 18:46:15,236 : INFO : EventManager : Event: ======'balldevice_captured_from_playfield'====== Args={'balls': 1}
2024-09-05 18:46:15,237 : INFO : EventManager : Event: ======'sw_playfield_active'====== Args={'balls': 1}
2024-09-05 18:46:15,237 : INFO : EventManager : Event: ======'playfield_ball_count_change'====== Args={'balls': 3, 'change': -1}
2024-09-05 18:46:15,237 : INFO : EventManager : Event: ======'balldevice_bd_trough_ball_enter'====== Args={'new_balls': 1, 'unclaimed_balls': 1, 'new_available_balls': 1, 'device': <ball_device.bd_trough>}
2024-09-05 18:46:15,238 : INFO : EventManager : Event: ======'ball_drain'====== Args={'device': <ball_device.bd_trough>, 'balls': 1}
2024-09-05 18:46:15,238 : INFO : EventManager : Event: ======'ball_save_consumable_multiball_ball_save_saving_ball'====== Args={'balls': 1, 'early_save': False}
2024-09-05 18:46:15,238 : INFO : ball_device.bd_plunger : Adding 1 ball(s) to the eject_queue with target <playfield.playfield>.
2024-09-05 18:46:15,238 : INFO : EventManager : Event: ======'balldevice_balls_available'====== Args={}
2024-09-05 18:46:15,239 : INFO : EventManager : Event: ======'multiball_consumable_multiball_ball_lost'====== Args={}
2024-09-05 18:46:15,239 : INFO : EventManager : Event: ======'balldevice_balls_available'====== Args={}
2024-09-05 18:46:15,239 : INFO : EventManager : Event: ======'balldevice_bd_trough_ball_entered'====== Args={'new_balls': 1, 'device': <ball_device.bd_trough>}
2024-09-05 18:46:15,240 : INFO : ball_device.bd_trough : State: waiting_for_target_ready
2024-09-05 18:46:15,240 : INFO : EventManager : Event: ======'balldevice_bd_trough_ball_eject_attempt'====== Args={'balls': 1, 'target': <ball_device.bd_plunger>, 'source': <ball_device.bd_trough>, 'mechanical_eject': False, 'num_attempts': 0}
2024-09-05 18:46:16,866 : INFO : SwitchController : <<<<<<< 's_trough3' active >>>>>>>
2024-09-05 18:46:16,866 : INFO : EventManager : Event: ======'machine_var_audits_switches_s_trough3'====== Args={'value': 83, 'prev_value': 82, 'change': 1}
2024-09-05 18:46:17,175 : INFO : ball_device.bd_plunger : State: failed_confirm
2024-09-05 18:46:17,175 : INFO : ball_device.bd_plunger : Got timeout (3.0s) before confirm from <playfield.playfield>
2024-09-05 18:46:17,175 : INFO : EventManager : Event: ======'balldevice_bd_trough_ball_count_changed'====== Args={'balls': 3}
2024-09-05 18:46:17,176 : INFO : ball_device.bd_trough : Received unexpected ball
2024-09-05 18:46:17,176 : INFO : EventManager : Event: ======'balldevice_captured_from_playfield'====== Args={'balls': 1}
2024-09-05 18:46:17,176 : INFO : EventManager : Event: ======'sw_playfield_active'====== Args={'balls': 1}
2024-09-05 18:46:17,176 : INFO : EventManager : Event: ======'playfield_ball_count_change'====== Args={'balls': 2, 'change': -1}
2024-09-05 18:46:17,177 : INFO : EventManager : Event: ======'balldevice_bd_trough_ball_enter'====== Args={'new_balls': 1, 'unclaimed_balls': 1, 'new_available_balls': 1, 'device': <ball_device.bd_trough>}
2024-09-05 18:46:17,177 : INFO : EventManager : Event: ======'ball_drain'====== Args={'device': <ball_device.bd_trough>, 'balls': 1}
2024-09-05 18:46:17,177 : INFO : EventManager : Event: ======'ball_save_consumable_multiball_ball_save_saving_ball'====== Args={'balls': 1, 'early_save': False}
2024-09-05 18:46:17,178 : INFO : ball_device.bd_plunger : Adding 1 ball(s) to the eject_queue with target <playfield.playfield>.
2024-09-05 18:46:17,178 : INFO : EventManager : Event: ======'balldevice_balls_available'====== Args={}
2024-09-05 18:46:17,178 : INFO : EventManager : Event: ======'multiball_consumable_multiball_ball_lost'====== Args={}
2024-09-05 18:46:17,179 : INFO : EventManager : Event: ======'balldevice_balls_available'====== Args={}
2024-09-05 18:46:17,179 : INFO : EventManager : Event: ======'balldevice_bd_trough_ball_entered'====== Args={'new_balls': 1, 'device': <ball_device.bd_trough>}
2024-09-05 18:46:17,287 : INFO : ball_device.bd_plunger : Confirming eject because target is playfield and ball did not return.
2024-09-05 18:46:17,287 : INFO : ball_device.bd_plunger : Eject successful
2024-09-05 18:46:17,287 : INFO : EventManager : Event: ======'balldevice_bd_plunger_ball_eject_success'====== Args={'balls': 1, 'target': <playfield.playfield>}
2024-09-05 18:46:17,287 : INFO : EventManager : Event: ======'balldevice_playfield_ball_enter'====== Args={'new_balls': 1, 'unclaimed_balls': 1, 'device': <playfield.playfield>}
2024-09-05 18:46:17,288 : INFO : EventManager : Event: ======'playfield_ball_count_change'====== Args={'balls': 3, 'change': 1}
2024-09-05 18:46:17,288 : INFO : EventManager : Event: ======'balldevice_bd_plunger_ball_count_changed'====== Args={'balls': 0}
2024-09-05 18:46:17,288 : INFO : ball_device.bd_plunger : State: idle
2024-09-05 18:46:17,289 : INFO : ball_device.bd_trough : State: ejecting
2024-09-05 18:46:17,289 : INFO : ball_device.bd_trough : Ejecting ball to <ball_device.bd_plunger>
2024-09-05 18:46:17,289 : INFO : EventManager : Event: ======'balldevice_bd_trough_ejecting_ball'====== Args={'balls': 1, 'target': <ball_device.bd_plunger>, 'source': <ball_device.bd_trough>, 'mechanical_eject': False, 'num_attempts': 0}
2024-09-05 18:46:17,290 : INFO : ball_device.bd_trough : Wait for ball to leave device
2024-09-05 18:46:17,291 : INFO : coil.c_trough_eject : Pulsing Driver for 20ms (1.0 pulse_power)
2024-09-05 18:46:17,291 : INFO : SwitchController : <<<<<<< 's_trough3' inactive >>>>>>>
2024-09-05 18:46:17,291 : INFO : ball_device.bd_plunger : State: waiting_for_ball
2024-09-05 18:46:17,305 : INFO : ball_device.bd_trough : State: ball_left
2024-09-05 18:46:17,305 : INFO : ball_device.bd_trough : Ball left
2024-09-05 18:46:17,305 : INFO : ball_device.bd_trough : Wait for confirm with timeout 10.0
2024-09-05 18:46:17,401 : INFO : SwitchController : <<<<<<< 's_plunger' active >>>>>>>
2024-09-05 18:46:17,402 : INFO : EventManager : Event: ======'machine_var_audits_switches_s_plunger'====== Args={'value': 4096, 'prev_value': 4095, 'change': 1}
2024-09-05 18:46:17,707 : INFO : ball_device.bd_plunger : Received ball from <ball_device.bd_trough>
2024-09-05 18:46:17,707 : INFO : EventManager : Event: ======'balldevice_bd_plunger_ball_enter'====== Args={'new_balls': 1, 'unclaimed_balls': 0, 'new_available_balls': 0, 'device': <ball_device.bd_plunger>}
2024-09-05 18:46:17,708 : INFO : EventManager : Event: ======'balldevice_bd_plunger_ball_entered'====== Args={'new_balls': 0, 'device': <ball_device.bd_plunger>}
2024-09-05 18:46:17,708 : INFO : EventManager : Event: ======'balldevice_bd_plunger_ball_count_changed'====== Args={'balls': 1}
2024-09-05 18:46:17,708 : INFO : ball_device.bd_trough : Got eject confirm
2024-09-05 18:46:17,708 : INFO : ball_device.bd_trough : Eject successful
2024-09-05 18:46:17,708 : INFO : EventManager : Event: ======'balldevice_bd_trough_ball_eject_success'====== Args={'balls': 1, 'target': <ball_device.bd_plunger>}
2024-09-05 18:46:17,709 : INFO : EventManager : Event: ======'balldevice_bd_trough_ball_count_changed'====== Args={'balls': 2}
2024-09-05 18:46:17,709 : INFO : ball_device.bd_trough : State: idle
2024-09-05 18:46:17,709 : INFO : ball_device.bd_plunger : State: waiting_for_target_ready
2024-09-05 18:46:17,709 : INFO : EventManager : Event: ======'balldevice_bd_plunger_ball_eject_attempt'====== Args={'balls': 1, 'target': <playfield.playfield>, 'source': <ball_device.bd_plunger>, 'mechanical_eject': False, 'num_attempts': 0}
2024-09-05 18:46:17,709 : INFO : ball_device.bd_plunger : State: ejecting
2024-09-05 18:46:17,710 : INFO : ball_device.bd_plunger : Ejecting ball to <playfield.playfield>
2024-09-05 18:46:17,710 : INFO : EventManager : Event: ======'balldevice_bd_plunger_ejecting_ball'====== Args={'balls': 1, 'target': <playfield.playfield>, 'source': <ball_device.bd_plunger>, 'mechanical_eject': False, 'num_attempts': 0}
2024-09-05 18:46:17,710 : INFO : ball_device.bd_plunger : Wait for ball to leave device
2024-09-05 18:46:17,710 : INFO : coil.c_plunger : Pulsing Driver for 10ms (1.0 pulse_power)
2024-09-05 18:46:17,710 : INFO : SwitchController : <<<<<<< 's_plunger' inactive >>>>>>>
2024-09-05 18:46:17,722 : INFO : ball_device.bd_plunger : State: ball_left
2024-09-05 18:46:17,722 : INFO : ball_device.bd_plunger : Ball left
2024-09-05 18:46:17,722 : INFO : ball_device.bd_plunger : Wait for confirm with timeout 3.0
2024-09-05 18:46:17,783 : INFO : ball_device.bd_trough : State: waiting_for_target_ready
2024-09-05 18:46:17,783 : INFO : EventManager : Event: ======'balldevice_bd_trough_ball_eject_attempt'====== Args={'balls': 1, 'target': <ball_device.bd_plunger>, 'source': <ball_device.bd_trough>, 'mechanical_eject': False, 'num_attempts': 0}
2024-09-05 18:46:18,324 : INFO : SwitchController : <<<<<<< 's_trough3' active >>>>>>>
2024-09-05 18:46:18,324 : INFO : EventManager : Event: ======'machine_var_audits_switches_s_trough3'====== Args={'value': 84, 'prev_value': 83, 'change': 1}
2024-09-05 18:46:18,629 : INFO : EventManager : Event: ======'balldevice_bd_trough_ball_count_changed'====== Args={'balls': 3}
2024-09-05 18:46:18,630 : INFO : ball_device.bd_trough : Received unexpected ball
2024-09-05 18:46:18,630 : INFO : EventManager : Event: ======'balldevice_captured_from_playfield'====== Args={'balls': 1}
2024-09-05 18:46:18,630 : INFO : EventManager : Event: ======'sw_playfield_active'====== Args={'balls': 1}
2024-09-05 18:46:18,630 : INFO : EventManager : Event: ======'playfield_ball_count_change'====== Args={'balls': 2, 'change': -1}
2024-09-05 18:46:18,630 : INFO : EventManager : Event: ======'balldevice_bd_trough_ball_enter'====== Args={'new_balls': 1, 'unclaimed_balls': 1, 'new_available_balls': 1, 'device': <ball_device.bd_trough>}
2024-09-05 18:46:18,631 : INFO : EventManager : Event: ======'ball_drain'====== Args={'device': <ball_device.bd_trough>, 'balls': 1}
2024-09-05 18:46:18,631 : INFO : EventManager : Event: ======'ball_save_consumable_multiball_ball_save_saving_ball'====== Args={'balls': 1, 'early_save': False}
2024-09-05 18:46:18,631 : INFO : ball_device.bd_plunger : Adding 1 ball(s) to the eject_queue with target <playfield.playfield>.
2024-09-05 18:46:18,631 : INFO : EventManager : Event: ======'balldevice_balls_available'====== Args={}
2024-09-05 18:46:18,632 : INFO : EventManager : Event: ======'multiball_consumable_multiball_ball_lost'====== Args={}
2024-09-05 18:46:18,632 : INFO : EventManager : Event: ======'balldevice_balls_available'====== Args={}
2024-09-05 18:46:18,632 : INFO : EventManager : Event: ======'balldevice_bd_trough_ball_entered'====== Args={'new_balls': 1, 'device': <ball_device.bd_trough>}
2024-09-05 18:46:19,592 : INFO : SwitchController : <<<<<<< 's_trough2' active >>>>>>>
2024-09-05 18:46:19,592 : INFO : EventManager : Event: ======'machine_var_audits_switches_s_trough2'====== Args={'value': 106, 'prev_value': 105, 'change': 1}
2024-09-05 18:46:19,895 : INFO : EventManager : Event: ======'balldevice_bd_trough_ball_count_changed'====== Args={'balls': 4}
2024-09-05 18:46:19,895 : INFO : ball_device.bd_trough : Received unexpected ball
2024-09-05 18:46:19,895 : INFO : EventManager : Event: ======'balldevice_captured_from_playfield'====== Args={'balls': 1}
2024-09-05 18:46:19,896 : INFO : EventManager : Event: ======'sw_playfield_active'====== Args={'balls': 1}
2024-09-05 18:46:19,896 : INFO : EventManager : Event: ======'playfield_ball_count_change'====== Args={'balls': 1, 'change': -1}
2024-09-05 18:46:19,897 : INFO : EventManager : Event: ======'balldevice_bd_trough_ball_enter'====== Args={'new_balls': 1, 'unclaimed_balls': 1, 'new_available_balls': 1, 'device': <ball_device.bd_trough>}
2024-09-05 18:46:19,897 : INFO : EventManager : Event: ======'ball_drain'====== Args={'device': <ball_device.bd_trough>, 'balls': 1}
2024-09-05 18:46:19,897 : INFO : EventManager : Event: ======'ball_save_consumable_multiball_ball_save_saving_ball'====== Args={'balls': 1, 'early_save': False}
2024-09-05 18:46:19,898 : INFO : ball_device.bd_plunger : Adding 1 ball(s) to the eject_queue with target <playfield.playfield>.
2024-09-05 18:46:19,898 : INFO : EventManager : Event: ======'balldevice_balls_available'====== Args={}
2024-09-05 18:46:19,898 : INFO : EventManager : Event: ======'multiball_consumable_multiball_ball_lost'====== Args={}
2024-09-05 18:46:19,899 : INFO : EventManager : Event: ======'balldevice_balls_available'====== Args={}
2024-09-05 18:46:19,899 : INFO : EventManager : Event: ======'balldevice_bd_trough_ball_entered'====== Args={'new_balls': 1, 'device': <ball_device.bd_trough>}
2024-09-05 18:46:20,738 : INFO : ball_device.bd_plunger : State: failed_confirm
2024-09-05 18:46:20,738 : INFO : ball_device.bd_plunger : Got timeout (3.0s) before confirm from <playfield.playfield>
2024-09-05 18:46:20,852 : INFO : ball_device.bd_plunger : Confirming eject because target is playfield and ball did not return.
2024-09-05 18:46:20,852 : INFO : ball_device.bd_plunger : Eject successful
2024-09-05 18:46:20,852 : INFO : EventManager : Event: ======'balldevice_bd_plunger_ball_eject_success'====== Args={'balls': 1, 'target': <playfield.playfield>}
2024-09-05 18:46:20,852 : INFO : EventManager : Event: ======'balldevice_playfield_ball_enter'====== Args={'new_balls': 1, 'unclaimed_balls': 1, 'device': <playfield.playfield>}
2024-09-05 18:46:20,852 : INFO : EventManager : Event: ======'playfield_ball_count_change'====== Args={'balls': 2, 'change': 1}
2024-09-05 18:46:20,853 : INFO : EventManager : Event: ======'balldevice_bd_plunger_ball_count_changed'====== Args={'balls': 0}
2024-09-05 18:46:20,853 : INFO : ball_device.bd_plunger : State: idle
2024-09-05 18:46:20,853 : INFO : ball_device.bd_trough : State: ejecting
2024-09-05 18:46:20,853 : INFO : ball_device.bd_trough : Ejecting ball to <ball_device.bd_plunger>
2024-09-05 18:46:20,853 : INFO : EventManager : Event: ======'balldevice_bd_trough_ejecting_ball'====== Args={'balls': 1, 'target': <ball_device.bd_plunger>, 'source': <ball_device.bd_trough>, 'mechanical_eject': False, 'num_attempts': 0}
2024-09-05 18:46:20,854 : INFO : ball_device.bd_trough : Wait for ball to leave device
2024-09-05 18:46:20,854 : INFO : coil.c_trough_eject : Pulsing Driver for 20ms (1.0 pulse_power)
2024-09-05 18:46:20,854 : INFO : SwitchController : <<<<<<< 's_trough2' inactive >>>>>>>
2024-09-05 18:46:20,854 : INFO : ball_device.bd_plunger : State: waiting_for_ball
2024-09-05 18:46:20,868 : INFO : ball_device.bd_trough : State: ball_left
2024-09-05 18:46:20,868 : INFO : ball_device.bd_trough : Ball left
2024-09-05 18:46:20,868 : INFO : ball_device.bd_trough : Wait for confirm with timeout 10.0
2024-09-05 18:46:20,968 : INFO : SwitchController : <<<<<<< 's_plunger' active >>>>>>>
2024-09-05 18:46:20,968 : INFO : EventManager : Event: ======'machine_var_audits_switches_s_plunger'====== Args={'value': 4097, 'prev_value': 4096, 'change': 1}
2024-09-05 18:46:21,283 : INFO : ball_device.bd_plunger : Received ball from <ball_device.bd_trough>
2024-09-05 18:46:21,283 : INFO : EventManager : Event: ======'balldevice_bd_plunger_ball_enter'====== Args={'new_balls': 1, 'unclaimed_balls': 0, 'new_available_balls': 0, 'device': <ball_device.bd_plunger>}
2024-09-05 18:46:21,284 : INFO : EventManager : Event: ======'balldevice_bd_plunger_ball_entered'====== Args={'new_balls': 0, 'device': <ball_device.bd_plunger>}
2024-09-05 18:46:21,284 : INFO : EventManager : Event: ======'balldevice_bd_plunger_ball_count_changed'====== Args={'balls': 1}
2024-09-05 18:46:21,284 : INFO : ball_device.bd_trough : Got eject confirm
2024-09-05 18:46:21,284 : INFO : ball_device.bd_trough : Eject successful
2024-09-05 18:46:21,284 : INFO : EventManager : Event: ======'balldevice_bd_trough_ball_eject_success'====== Args={'balls': 1, 'target': <ball_device.bd_plunger>}
2024-09-05 18:46:21,285 : INFO : EventManager : Event: ======'balldevice_bd_trough_ball_count_changed'====== Args={'balls': 3}
2024-09-05 18:46:21,285 : INFO : ball_device.bd_trough : State: idle
2024-09-05 18:46:21,285 : INFO : ball_device.bd_plunger : State: waiting_for_target_ready
2024-09-05 18:46:21,285 : INFO : EventManager : Event: ======'balldevice_bd_plunger_ball_eject_attempt'====== Args={'balls': 1, 'target': <playfield.playfield>, 'source': <ball_device.bd_plunger>, 'mechanical_eject': False, 'num_attempts': 0}
2024-09-05 18:46:21,285 : INFO : ball_device.bd_plunger : State: ejecting
2024-09-05 18:46:21,285 : INFO : ball_device.bd_plunger : Ejecting ball to <playfield.playfield>
2024-09-05 18:46:21,285 : INFO : EventManager : Event: ======'balldevice_bd_plunger_ejecting_ball'====== Args={'balls': 1, 'target': <playfield.playfield>, 'source': <ball_device.bd_plunger>, 'mechanical_eject': False, 'num_attempts': 0}
2024-09-05 18:46:21,286 : INFO : ball_device.bd_plunger : Wait for ball to leave device
2024-09-05 18:46:21,286 : INFO : coil.c_plunger : Pulsing Driver for 10ms (1.0 pulse_power)
2024-09-05 18:46:21,286 : INFO : SwitchController : <<<<<<< 's_plunger' inactive >>>>>>>
2024-09-05 18:46:21,300 : INFO : ball_device.bd_plunger : State: ball_left
2024-09-05 18:46:21,301 : INFO : ball_device.bd_plunger : Ball left
2024-09-05 18:46:21,301 : INFO : ball_device.bd_plunger : Wait for confirm with timeout 3.0
2024-09-05 18:46:21,361 : INFO : ball_device.bd_trough : State: waiting_for_target_ready
2024-09-05 18:46:21,361 : INFO : EventManager : Event: ======'balldevice_bd_trough_ball_eject_attempt'====== Args={'balls': 1, 'target': <ball_device.bd_plunger>, 'source': <ball_device.bd_trough>, 'mechanical_eject': False, 'num_attempts': 0}
2024-09-05 18:46:22,035 : INFO : SwitchController : <<<<<<< 's_trough2' active >>>>>>>
2024-09-05 18:46:22,035 : INFO : EventManager : Event: ======'machine_var_audits_switches_s_trough2'====== Args={'value': 107, 'prev_value': 106, 'change': 1}
2024-09-05 18:46:22,353 : INFO : EventManager : Event: ======'balldevice_bd_trough_ball_count_changed'====== Args={'balls': 4}
2024-09-05 18:46:22,353 : INFO : ball_device.bd_trough : Received unexpected ball
2024-09-05 18:46:22,353 : INFO : EventManager : Event: ======'balldevice_captured_from_playfield'====== Args={'balls': 1}
2024-09-05 18:46:22,354 : INFO : EventManager : Event: ======'sw_playfield_active'====== Args={'balls': 1}
2024-09-05 18:46:22,354 : INFO : EventManager : Event: ======'playfield_ball_count_change'====== Args={'balls': 1, 'change': -1}
2024-09-05 18:46:22,354 : INFO : EventManager : Event: ======'balldevice_bd_trough_ball_enter'====== Args={'new_balls': 1, 'unclaimed_balls': 1, 'new_available_balls': 1, 'device': <ball_device.bd_trough>}
2024-09-05 18:46:22,355 : INFO : EventManager : Event: ======'ball_drain'====== Args={'device': <ball_device.bd_trough>, 'balls': 1}
2024-09-05 18:46:22,355 : INFO : EventManager : Event: ======'ball_save_consumable_multiball_ball_save_saving_ball'====== Args={'balls': 1, 'early_save': False}
2024-09-05 18:46:22,355 : INFO : ball_device.bd_plunger : Adding 1 ball(s) to the eject_queue with target <playfield.playfield>.
2024-09-05 18:46:22,355 : INFO : EventManager : Event: ======'balldevice_balls_available'====== Args={}
2024-09-05 18:46:22,355 : INFO : EventManager : Event: ======'multiball_consumable_multiball_ball_lost'====== Args={}
2024-09-05 18:46:22,355 : INFO : EventManager : Event: ======'balldevice_balls_available'====== Args={}
2024-09-05 18:46:22,356 : INFO : EventManager : Event: ======'balldevice_bd_trough_ball_entered'====== Args={'new_balls': 1, 'device': <ball_device.bd_trough>}
2024-09-05 18:46:24,322 : INFO : ball_device.bd_plunger : State: failed_confirm
2024-09-05 18:46:24,322 : INFO : ball_device.bd_plunger : Got timeout (3.0s) before confirm from <playfield.playfield>
2024-09-05 18:46:24,437 : INFO : ball_device.bd_plunger : Confirming eject because target is playfield and ball did not return.
2024-09-05 18:46:24,437 : INFO : ball_device.bd_plunger : Eject successful
2024-09-05 18:46:24,437 : INFO : EventManager : Event: ======'balldevice_bd_plunger_ball_eject_success'====== Args={'balls': 1, 'target': <playfield.playfield>}
2024-09-05 18:46:24,437 : INFO : EventManager : Event: ======'balldevice_playfield_ball_enter'====== Args={'new_balls': 1, 'unclaimed_balls': 1, 'device': <playfield.playfield>}
2024-09-05 18:46:24,437 : INFO : EventManager : Event: ======'playfield_ball_count_change'====== Args={'balls': 2, 'change': 1}
2024-09-05 18:46:24,438 : INFO : EventManager : Event: ======'balldevice_bd_plunger_ball_count_changed'====== Args={'balls': 0}
2024-09-05 18:46:24,438 : INFO : ball_device.bd_plunger : State: idle
2024-09-05 18:46:24,438 : INFO : ball_device.bd_trough : State: ejecting
2024-09-05 18:46:24,439 : INFO : ball_device.bd_trough : Ejecting ball to <ball_device.bd_plunger>
2024-09-05 18:46:24,439 : INFO : EventManager : Event: ======'balldevice_bd_trough_ejecting_ball'====== Args={'balls': 1, 'target': <ball_device.bd_plunger>, 'source': <ball_device.bd_trough>, 'mechanical_eject': False, 'num_attempts': 0}
2024-09-05 18:46:24,439 : INFO : ball_device.bd_trough : Wait for ball to leave device
2024-09-05 18:46:24,439 : INFO : coil.c_trough_eject : Pulsing Driver for 20ms (1.0 pulse_power)
2024-09-05 18:46:24,439 : INFO : SwitchController : <<<<<<< 's_trough2' inactive >>>>>>>
2024-09-05 18:46:24,440 : INFO : ball_device.bd_plunger : State: waiting_for_ball
2024-09-05 18:46:24,453 : INFO : ball_device.bd_trough : State: ball_left
2024-09-05 18:46:24,453 : INFO : ball_device.bd_trough : Ball left
2024-09-05 18:46:24,453 : INFO : ball_device.bd_trough : Wait for confirm with timeout 10.0
2024-09-05 18:46:24,553 : INFO : SwitchController : <<<<<<< 's_plunger' active >>>>>>>
2024-09-05 18:46:24,553 : INFO : EventManager : Event: ======'machine_var_audits_switches_s_plunger'====== Args={'value': 4098, 'prev_value': 4097, 'change': 1}
2024-09-05 18:46:24,598 : INFO : SwitchController : <<<<<<< 's_trough1' active >>>>>>>
2024-09-05 18:46:24,598 : INFO : EventManager : Event: ======'machine_var_audits_switches_s_trough1'====== Args={'value': 661, 'prev_value': 660, 'change': 1}
2024-09-05 18:46:24,870 : INFO : ball_device.bd_plunger : Received ball from <ball_device.bd_trough>
2024-09-05 18:46:24,870 : INFO : EventManager : Event: ======'balldevice_bd_plunger_ball_enter'====== Args={'new_balls': 1, 'unclaimed_balls': 0, 'new_available_balls': 0, 'device': <ball_device.bd_plunger>}
2024-09-05 18:46:24,871 : INFO : EventManager : Event: ======'balldevice_bd_plunger_ball_entered'====== Args={'new_balls': 0, 'device': <ball_device.bd_plunger>}
2024-09-05 18:46:24,871 : INFO : EventManager : Event: ======'balldevice_bd_plunger_ball_count_changed'====== Args={'balls': 1}
2024-09-05 18:46:24,871 : INFO : ball_device.bd_trough : Got eject confirm
2024-09-05 18:46:24,871 : INFO : ball_device.bd_trough : Eject successful
2024-09-05 18:46:24,871 : INFO : EventManager : Event: ======'balldevice_bd_trough_ball_eject_success'====== Args={'balls': 1, 'target': <ball_device.bd_plunger>}
2024-09-05 18:46:24,872 : INFO : EventManager : Event: ======'balldevice_bd_trough_ball_count_changed'====== Args={'balls': 3}
2024-09-05 18:46:24,872 : INFO : ball_device.bd_trough : State: idle
2024-09-05 18:46:24,872 : INFO : ball_device.bd_plunger : State: waiting_for_target_ready
2024-09-05 18:46:24,872 : INFO : EventManager : Event: ======'balldevice_bd_plunger_ball_eject_attempt'====== Args={'balls': 1, 'target': <playfield.playfield>, 'source': <ball_device.bd_plunger>, 'mechanical_eject': False, 'num_attempts': 0}
2024-09-05 18:46:24,872 : INFO : ball_device.bd_plunger : State: ejecting
2024-09-05 18:46:24,873 : INFO : ball_device.bd_plunger : Ejecting ball to <playfield.playfield>
2024-09-05 18:46:24,873 : INFO : EventManager : Event: ======'balldevice_bd_plunger_ejecting_ball'====== Args={'balls': 1, 'target': <playfield.playfield>, 'source': <ball_device.bd_plunger>, 'mechanical_eject': False, 'num_attempts': 0}
2024-09-05 18:46:24,873 : INFO : ball_device.bd_plunger : Wait for ball to leave device
2024-09-05 18:46:24,873 : INFO : coil.c_plunger : Pulsing Driver for 10ms (1.0 pulse_power)
2024-09-05 18:46:24,873 : INFO : SwitchController : <<<<<<< 's_plunger' inactive >>>>>>>
2024-09-05 18:46:24,900 : INFO : ball_device.bd_plunger : State: ball_left
2024-09-05 18:46:24,901 : INFO : ball_device.bd_plunger : Ball left
2024-09-05 18:46:24,901 : INFO : ball_device.bd_plunger : Wait for confirm with timeout 3.0
2024-09-05 18:46:24,958 : INFO : EventManager : Event: ======'balldevice_bd_trough_ball_count_changed'====== Args={'balls': 4}
2024-09-05 18:46:24,958 : INFO : ball_device.bd_trough : Received unexpected ball
2024-09-05 18:46:24,958 : INFO : EventManager : Event: ======'balldevice_captured_from_playfield'====== Args={'balls': 1}
2024-09-05 18:46:24,959 : INFO : EventManager : Event: ======'sw_playfield_active'====== Args={'balls': 1}
2024-09-05 18:46:24,959 : INFO : EventManager : Event: ======'playfield_ball_count_change'====== Args={'balls': 1, 'change': -1}
2024-09-05 18:46:24,959 : INFO : EventManager : Event: ======'balldevice_bd_trough_ball_enter'====== Args={'new_balls': 1, 'unclaimed_balls': 1, 'new_available_balls': 1, 'device': <ball_device.bd_trough>}
2024-09-05 18:46:24,960 : INFO : EventManager : Event: ======'ball_drain'====== Args={'device': <ball_device.bd_trough>, 'balls': 1}
2024-09-05 18:46:24,960 : INFO : EventManager : Event: ======'ball_save_consumable_multiball_ball_save_saving_ball'====== Args={'balls': 1, 'early_save': False}
2024-09-05 18:46:24,960 : INFO : ball_device.bd_plunger : Adding 1 ball(s) to the eject_queue with target <playfield.playfield>.
2024-09-05 18:46:24,960 : INFO : EventManager : Event: ======'balldevice_balls_available'====== Args={}
2024-09-05 18:46:24,960 : INFO : EventManager : Event: ======'multiball_consumable_multiball_ball_lost'====== Args={}
2024-09-05 18:46:24,961 : INFO : EventManager : Event: ======'balldevice_balls_available'====== Args={}
2024-09-05 18:46:24,961 : INFO : EventManager : Event: ======'balldevice_bd_trough_ball_entered'====== Args={'new_balls': 1, 'device': <ball_device.bd_trough>}
2024-09-05 18:46:24,961 : INFO : ball_device.bd_trough : State: waiting_for_target_ready
2024-09-05 18:46:24,961 : INFO : EventManager : Event: ======'balldevice_bd_trough_ball_eject_attempt'====== Args={'balls': 1, 'target': <ball_device.bd_plunger>, 'source': <ball_device.bd_trough>, 'mechanical_eject': False, 'num_attempts': 0}
2024-09-05 18:46:25,742 : INFO : SwitchController : <<<<<<< 's_trough2' active >>>>>>>
2024-09-05 18:46:25,743 : INFO : EventManager : Event: ======'machine_var_audits_switches_s_trough2'====== Args={'value': 108, 'prev_value': 107, 'change': 1}
2024-09-05 18:46:26,050 : INFO : EventManager : Event: ======'balldevice_bd_trough_ball_count_changed'====== Args={'balls': 5}
2024-09-05 18:46:26,051 : INFO : ball_device.bd_trough : Received unexpected ball
2024-09-05 18:46:26,051 : INFO : EventManager : Event: ======'balldevice_captured_from_playfield'====== Args={'balls': 1}
2024-09-05 18:46:26,051 : INFO : EventManager : Event: ======'sw_playfield_active'====== Args={'balls': 1}
2024-09-05 18:46:26,051 : INFO : EventManager : Event: ======'playfield_ball_count_change'====== Args={'balls': 0, 'change': -1}
2024-09-05 18:46:26,051 : INFO : EventManager : Event: ======'balldevice_bd_trough_ball_enter'====== Args={'new_balls': 1, 'unclaimed_balls': 1, 'new_available_balls': 1, 'device': <ball_device.bd_trough>}
2024-09-05 18:46:26,052 : INFO : EventManager : Event: ======'ball_drain'====== Args={'device': <ball_device.bd_trough>, 'balls': 1}
2024-09-05 18:46:26,052 : INFO : EventManager : Event: ======'ball_save_consumable_multiball_ball_save_saving_ball'====== Args={'balls': 1, 'early_save': False}
2024-09-05 18:46:26,052 : INFO : ball_device.bd_plunger : Adding 1 ball(s) to the eject_queue with target <playfield.playfield>.
2024-09-05 18:46:26,052 : INFO : EventManager : Event: ======'balldevice_balls_available'====== Args={}
2024-09-05 18:46:26,053 : INFO : EventManager : Event: ======'multiball_consumable_multiball_ball_lost'====== Args={}
2024-09-05 18:46:26,053 : INFO : EventManager : Event: ======'balldevice_balls_available'====== Args={}
2024-09-05 18:46:26,053 : INFO : EventManager : Event: ======'balldevice_bd_trough_ball_entered'====== Args={'new_balls': 1, 'device': <ball_device.bd_trough>}
2024-09-05 18:46:27,895 : INFO : ball_device.bd_plunger : State: failed_confirm
2024-09-05 18:46:27,895 : INFO : ball_device.bd_plunger : Got timeout (3.0s) before confirm from <playfield.playfield>
2024-09-05 18:46:27,991 : INFO : ball_device.bd_plunger : Confirming eject because target is playfield and ball did not return.
2024-09-05 18:46:27,991 : INFO : ball_device.bd_plunger : Eject successful
2024-09-05 18:46:27,991 : INFO : EventManager : Event: ======'balldevice_bd_plunger_ball_eject_success'====== Args={'balls': 1, 'target': <playfield.playfield>}
2024-09-05 18:46:27,991 : INFO : EventManager : Event: ======'balldevice_playfield_ball_enter'====== Args={'new_balls': 1, 'unclaimed_balls': 1, 'device': <playfield.playfield>}
2024-09-05 18:46:27,992 : INFO : EventManager : Event: ======'playfield_ball_count_change'====== Args={'balls': 1, 'change': 1}
2024-09-05 18:46:27,992 : INFO : EventManager : Event: ======'balldevice_bd_plunger_ball_count_changed'====== Args={'balls': 0}
2024-09-05 18:46:27,992 : INFO : ball_device.bd_plunger : State: idle
2024-09-05 18:46:27,993 : INFO : ball_device.bd_trough : State: ejecting
2024-09-05 18:46:27,993 : INFO : ball_device.bd_trough : Ejecting ball to <ball_device.bd_plunger>
2024-09-05 18:46:27,993 : INFO : EventManager : Event: ======'balldevice_bd_trough_ejecting_ball'====== Args={'balls': 1, 'target': <ball_device.bd_plunger>, 'source': <ball_device.bd_trough>, 'mechanical_eject': False, 'num_attempts': 0}
2024-09-05 18:46:27,994 : INFO : ball_device.bd_trough : Wait for ball to leave device
2024-09-05 18:46:27,994 : INFO : coil.c_trough_eject : Pulsing Driver for 20ms (1.0 pulse_power)
2024-09-05 18:46:27,994 : INFO : SwitchController : <<<<<<< 's_trough1' inactive >>>>>>>
2024-09-05 18:46:27,994 : INFO : ball_device.bd_plunger : State: waiting_for_ball
2024-09-05 18:46:28,038 : INFO : ball_device.bd_trough : State: ball_left
2024-09-05 18:46:28,039 : INFO : ball_device.bd_trough : Ball left
2024-09-05 18:46:28,039 : INFO : ball_device.bd_trough : Wait for confirm with timeout 10.0
2024-09-05 18:46:28,105 : INFO : SwitchController : <<<<<<< 's_plunger' active >>>>>>>
2024-09-05 18:46:28,105 : INFO : EventManager : Event: ======'machine_var_audits_switches_s_plunger'====== Args={'value': 4099, 'prev_value': 4098, 'change': 1}
2024-09-05 18:46:28,423 : INFO : ball_device.bd_plunger : Received ball from <ball_device.bd_trough>
2024-09-05 18:46:28,423 : INFO : EventManager : Event: ======'balldevice_bd_plunger_ball_enter'====== Args={'new_balls': 1, 'unclaimed_balls': 0, 'new_available_balls': 0, 'device': <ball_device.bd_plunger>}
2024-09-05 18:46:28,424 : INFO : EventManager : Event: ======'balldevice_bd_plunger_ball_entered'====== Args={'new_balls': 0, 'device': <ball_device.bd_plunger>}
2024-09-05 18:46:28,424 : INFO : EventManager : Event: ======'balldevice_bd_plunger_ball_count_changed'====== Args={'balls': 1}
2024-09-05 18:46:28,424 : INFO : ball_device.bd_trough : Got eject confirm
2024-09-05 18:46:28,424 : INFO : ball_device.bd_trough : Eject successful
2024-09-05 18:46:28,424 : INFO : EventManager : Event: ======'balldevice_bd_trough_ball_eject_success'====== Args={'balls': 1, 'target': <ball_device.bd_plunger>}
2024-09-05 18:46:28,425 : INFO : EventManager : Event: ======'balldevice_bd_trough_ball_count_changed'====== Args={'balls': 4}
2024-09-05 18:46:28,425 : INFO : ball_device.bd_trough : State: idle
2024-09-05 18:46:28,425 : INFO : ball_device.bd_plunger : State: waiting_for_target_ready
2024-09-05 18:46:28,425 : INFO : EventManager : Event: ======'balldevice_bd_plunger_ball_eject_attempt'====== Args={'balls': 1, 'target': <playfield.playfield>, 'source': <ball_device.bd_plunger>, 'mechanical_eject': False, 'num_attempts': 0}
2024-09-05 18:46:28,425 : INFO : ball_device.bd_plunger : State: ejecting
2024-09-05 18:46:28,425 : INFO : ball_device.bd_plunger : Ejecting ball to <playfield.playfield>
2024-09-05 18:46:28,425 : INFO : EventManager : Event: ======'balldevice_bd_plunger_ejecting_ball'====== Args={'balls': 1, 'target': <playfield.playfield>, 'source': <ball_device.bd_plunger>, 'mechanical_eject': False, 'num_attempts': 0}
2024-09-05 18:46:28,426 : INFO : ball_device.bd_plunger : Wait for ball to leave device
2024-09-05 18:46:28,426 : INFO : coil.c_plunger : Pulsing Driver for 10ms (1.0 pulse_power)
2024-09-05 18:46:28,426 : INFO : SwitchController : <<<<<<< 's_plunger' inactive >>>>>>>
2024-09-05 18:46:28,454 : INFO : ball_device.bd_plunger : State: ball_left
2024-09-05 18:46:28,455 : INFO : ball_device.bd_plunger : Ball left
2024-09-05 18:46:28,455 : INFO : ball_device.bd_plunger : Wait for confirm with timeout 3.0
2024-09-05 18:46:28,492 : INFO : ball_device.bd_trough : State: waiting_for_target_ready
2024-09-05 18:46:28,492 : INFO : EventManager : Event: ======'balldevice_bd_trough_ball_eject_attempt'====== Args={'balls': 1, 'target': <ball_device.bd_plunger>, 'source': <ball_device.bd_trough>, 'mechanical_eject': False, 'num_attempts': 0}
2024-09-05 18:46:31,458 : INFO : ball_device.bd_plunger : State: failed_confirm
2024-09-05 18:46:31,458 : INFO : ball_device.bd_plunger : Got timeout (3.0s) before confirm from <playfield.playfield>
2024-09-05 18:46:31,552 : INFO : ball_device.bd_plunger : Confirming eject because target is playfield and ball did not return.
2024-09-05 18:46:31,552 : INFO : ball_device.bd_plunger : Eject successful
2024-09-05 18:46:31,552 : INFO : EventManager : Event: ======'balldevice_bd_plunger_ball_eject_success'====== Args={'balls': 1, 'target': <playfield.playfield>}
2024-09-05 18:46:31,552 : INFO : EventManager : Event: ======'balldevice_playfield_ball_enter'====== Args={'new_balls': 1, 'unclaimed_balls': 1, 'device': <playfield.playfield>}
2024-09-05 18:46:31,553 : INFO : EventManager : Event: ======'playfield_ball_count_change'====== Args={'balls': 2, 'change': 1}
2024-09-05 18:46:31,553 : INFO : EventManager : Event: ======'balldevice_bd_plunger_ball_count_changed'====== Args={'balls': 0}
2024-09-05 18:46:31,553 : INFO : ball_device.bd_plunger : State: idle
2024-09-05 18:46:31,554 : INFO : ball_device.bd_trough : State: ejecting
2024-09-05 18:46:31,554 : INFO : ball_device.bd_trough : Ejecting ball to <ball_device.bd_plunger>
2024-09-05 18:46:31,554 : INFO : EventManager : Event: ======'balldevice_bd_trough_ejecting_ball'====== Args={'balls': 1, 'target': <ball_device.bd_plunger>, 'source': <ball_device.bd_trough>, 'mechanical_eject': False, 'num_attempts': 0}
2024-09-05 18:46:31,554 : INFO : ball_device.bd_trough : Wait for ball to leave device
2024-09-05 18:46:31,554 : INFO : coil.c_trough_eject : Pulsing Driver for 20ms (1.0 pulse_power)
2024-09-05 18:46:31,555 : INFO : SwitchController : <<<<<<< 's_trough2' inactive >>>>>>>
2024-09-05 18:46:31,555 : INFO : ball_device.bd_plunger : State: waiting_for_ball
2024-09-05 18:46:31,583 : INFO : ball_device.bd_trough : State: ball_left
2024-09-05 18:46:31,583 : INFO : ball_device.bd_trough : Ball left
2024-09-05 18:46:31,583 : INFO : ball_device.bd_trough : Wait for confirm with timeout 10.0
2024-09-05 18:46:31,657 : INFO : SwitchController : <<<<<<< 's_plunger' active >>>>>>>
2024-09-05 18:46:31,657 : INFO : EventManager : Event: ======'machine_var_audits_switches_s_plunger'====== Args={'value': 4100, 'prev_value': 4099, 'change': 1}
2024-09-05 18:46:31,981 : INFO : ball_device.bd_plunger : Received ball from <ball_device.bd_trough>
2024-09-05 18:46:31,981 : INFO : EventManager : Event: ======'balldevice_bd_plunger_ball_enter'====== Args={'new_balls': 1, 'unclaimed_balls': 0, 'new_available_balls': 0, 'device': <ball_device.bd_plunger>}
2024-09-05 18:46:31,982 : INFO : EventManager : Event: ======'balldevice_bd_plunger_ball_entered'====== Args={'new_balls': 0, 'device': <ball_device.bd_plunger>}
2024-09-05 18:46:31,982 : INFO : EventManager : Event: ======'balldevice_bd_plunger_ball_count_changed'====== Args={'balls': 1}
2024-09-05 18:46:31,982 : INFO : ball_device.bd_trough : Got eject confirm
2024-09-05 18:46:31,982 : INFO : ball_device.bd_trough : Eject successful
2024-09-05 18:46:31,982 : INFO : EventManager : Event: ======'balldevice_bd_trough_ball_eject_success'====== Args={'balls': 1, 'target': <ball_device.bd_plunger>}
2024-09-05 18:46:31,983 : INFO : EventManager : Event: ======'balldevice_bd_trough_ball_count_changed'====== Args={'balls': 3}
2024-09-05 18:46:31,983 : INFO : ball_device.bd_trough : State: idle
2024-09-05 18:46:31,983 : INFO : ball_device.bd_plunger : State: waiting_for_target_ready
2024-09-05 18:46:31,983 : INFO : EventManager : Event: ======'balldevice_bd_plunger_ball_eject_attempt'====== Args={'balls': 1, 'target': <playfield.playfield>, 'source': <ball_device.bd_plunger>, 'mechanical_eject': False, 'num_attempts': 0}
2024-09-05 18:46:31,983 : INFO : ball_device.bd_plunger : State: ejecting
2024-09-05 18:46:31,984 : INFO : ball_device.bd_plunger : Ejecting ball to <playfield.playfield>
2024-09-05 18:46:31,984 : INFO : EventManager : Event: ======'balldevice_bd_plunger_ejecting_ball'====== Args={'balls': 1, 'target': <playfield.playfield>, 'source': <ball_device.bd_plunger>, 'mechanical_eject': False, 'num_attempts': 0}
2024-09-05 18:46:31,985 : INFO : ball_device.bd_plunger : Wait for ball to leave device
2024-09-05 18:46:31,985 : INFO : coil.c_plunger : Pulsing Driver for 10ms (1.0 pulse_power)
2024-09-05 18:46:31,985 : INFO : SwitchController : <<<<<<< 's_plunger' inactive >>>>>>>
2024-09-05 18:46:32,028 : INFO : ball_device.bd_plunger : State: ball_left
2024-09-05 18:46:32,028 : INFO : ball_device.bd_plunger : Ball left
2024-09-05 18:46:32,028 : INFO : ball_device.bd_plunger : Wait for confirm with timeout 3.0
2024-09-05 18:46:32,059 : INFO : ball_device.bd_trough : State: waiting_for_target_ready
2024-09-05 18:46:32,059 : INFO : EventManager : Event: ======'balldevice_bd_trough_ball_eject_attempt'====== Args={'balls': 1, 'target': <ball_device.bd_plunger>, 'source': <ball_device.bd_trough>, 'mechanical_eject': False, 'num_attempts': 0}
2024-09-05 18:46:35,023 : INFO : ball_device.bd_plunger : State: failed_confirm
2024-09-05 18:46:35,023 : INFO : ball_device.bd_plunger : Got timeout (3.0s) before confirm from <playfield.playfield>
2024-09-05 18:46:35,128 : INFO : ball_device.bd_plunger : Confirming eject because target is playfield and ball did not return.
2024-09-05 18:46:35,128 : INFO : ball_device.bd_plunger : Eject successful
2024-09-05 18:46:35,128 : INFO : EventManager : Event: ======'balldevice_bd_plunger_ball_eject_success'====== Args={'balls': 1, 'target': <playfield.playfield>}
2024-09-05 18:46:35,129 : INFO : EventManager : Event: ======'balldevice_playfield_ball_enter'====== Args={'new_balls': 1, 'unclaimed_balls': 1, 'device': <playfield.playfield>}
2024-09-05 18:46:35,129 : INFO : EventManager : Event: ======'playfield_ball_count_change'====== Args={'balls': 3, 'change': 1}
2024-09-05 18:46:35,130 : INFO : EventManager : Event: ======'balldevice_bd_plunger_ball_count_changed'====== Args={'balls': 0}
2024-09-05 18:46:35,130 : INFO : ball_device.bd_plunger : State: idle
2024-09-05 18:46:35,130 : INFO : ball_device.bd_trough : State: ejecting
2024-09-05 18:46:35,130 : INFO : ball_device.bd_trough : Ejecting ball to <ball_device.bd_plunger>
2024-09-05 18:46:35,130 : INFO : EventManager : Event: ======'balldevice_bd_trough_ejecting_ball'====== Args={'balls': 1, 'target': <ball_device.bd_plunger>, 'source': <ball_device.bd_trough>, 'mechanical_eject': False, 'num_attempts': 0}
2024-09-05 18:46:35,131 : INFO : ball_device.bd_trough : Wait for ball to leave device
2024-09-05 18:46:35,131 : INFO : coil.c_trough_eject : Pulsing Driver for 20ms (1.0 pulse_power)
2024-09-05 18:46:35,131 : INFO : SwitchController : <<<<<<< 's_trough3' inactive >>>>>>>
2024-09-05 18:46:35,131 : INFO : ball_device.bd_plunger : State: waiting_for_ball
2024-09-05 18:46:35,145 : INFO : ball_device.bd_trough : State: ball_left
2024-09-05 18:46:35,146 : INFO : ball_device.bd_trough : Ball left
2024-09-05 18:46:35,146 : INFO : ball_device.bd_trough : Wait for confirm with timeout 10.0
2024-09-05 18:46:35,225 : INFO : SwitchController : <<<<<<< 's_plunger' active >>>>>>>
2024-09-05 18:46:35,225 : INFO : EventManager : Event: ======'machine_var_audits_switches_s_plunger'====== Args={'value': 4101, 'prev_value': 4100, 'change': 1}
2024-09-05 18:46:35,534 : INFO : ball_device.bd_plunger : Received ball from <ball_device.bd_trough>
2024-09-05 18:46:35,534 : INFO : EventManager : Event: ======'balldevice_bd_plunger_ball_enter'====== Args={'new_balls': 1, 'unclaimed_balls': 0, 'new_available_balls': 0, 'device': <ball_device.bd_plunger>}
2024-09-05 18:46:35,535 : INFO : EventManager : Event: ======'balldevice_bd_plunger_ball_entered'====== Args={'new_balls': 0, 'device': <ball_device.bd_plunger>}
2024-09-05 18:46:35,535 : INFO : EventManager : Event: ======'balldevice_bd_plunger_ball_count_changed'====== Args={'balls': 1}
2024-09-05 18:46:35,535 : INFO : ball_device.bd_trough : Got eject confirm
2024-09-05 18:46:35,535 : INFO : ball_device.bd_trough : Eject successful
2024-09-05 18:46:35,535 : INFO : EventManager : Event: ======'balldevice_bd_trough_ball_eject_success'====== Args={'balls': 1, 'target': <ball_device.bd_plunger>}
2024-09-05 18:46:35,536 : INFO : EventManager : Event: ======'balldevice_bd_trough_ball_count_changed'====== Args={'balls': 2}
2024-09-05 18:46:35,536 : INFO : ball_device.bd_trough : State: idle
2024-09-05 18:46:35,536 : INFO : ball_device.bd_plunger : State: waiting_for_target_ready
2024-09-05 18:46:35,536 : INFO : EventManager : Event: ======'balldevice_bd_plunger_ball_eject_attempt'====== Args={'balls': 1, 'target': <playfield.playfield>, 'source': <ball_device.bd_plunger>, 'mechanical_eject': False, 'num_attempts': 0}
2024-09-05 18:46:35,536 : INFO : ball_device.bd_plunger : State: ejecting
2024-09-05 18:46:35,537 : INFO : ball_device.bd_plunger : Ejecting ball to <playfield.playfield>
2024-09-05 18:46:35,537 : INFO : EventManager : Event: ======'balldevice_bd_plunger_ejecting_ball'====== Args={'balls': 1, 'target': <playfield.playfield>, 'source': <ball_device.bd_plunger>, 'mechanical_eject': False, 'num_attempts': 0}
2024-09-05 18:46:35,537 : INFO : ball_device.bd_plunger : Wait for ball to leave device
2024-09-05 18:46:35,537 : INFO : coil.c_plunger : Pulsing Driver for 10ms (1.0 pulse_power)
2024-09-05 18:46:35,538 : INFO : SwitchController : <<<<<<< 's_plunger' inactive >>>>>>>
2024-09-05 18:46:35,550 : INFO : ball_device.bd_plunger : State: ball_left
2024-09-05 18:46:35,551 : INFO : ball_device.bd_plunger : Ball left
2024-09-05 18:46:35,551 : INFO : ball_device.bd_plunger : Wait for confirm with timeout 3.0
2024-09-05 18:46:35,655 : INFO : ball_device.bd_trough : State: waiting_for_target_ready
2024-09-05 18:46:35,655 : INFO : EventManager : Event: ======'balldevice_bd_trough_ball_eject_attempt'====== Args={'balls': 1, 'target': <ball_device.bd_plunger>, 'source': <ball_device.bd_trough>, 'mechanical_eject': False, 'num_attempts': 0}
2024-09-05 18:46:37,020 : INFO : Machine : Shutting down...
2024-09-05 18:46:37,020 : INFO : EventManager : Event: ======'shutdown'====== Args={}
2024-09-05 18:46:37,022 : INFO : root : MPF run loop ended.
