2024-11-10 18:39:30,699 : INFO : root : Loading config.
2024-11-10 18:39:30,709 : INFO : YamlMultifileConfigLoader : Machine config file #1: config.yaml
2024-11-10 18:39:30,710 : INFO : ConfigProcessor : Loading config from cache: C:\Users\dell\AppData\Local\Temp\823390186140f561069e51d67517f5d0.mpf_cache
2024-11-10 18:39:30,779 : INFO : ConfigProcessor : Loading config from cache: C:\Users\dell\AppData\Local\Temp\59a64183768b31a5bf2b8a1c5fa05afc.mpf_cache
2024-11-10 18:39:30,779 : INFO : ConfigProcessor : Loading config from cache: C:\Users\dell\AppData\Local\Temp\e4aaedaa0a5d6d283bdf8896bd678b71.mpf_cache
2024-11-10 18:39:30,780 : INFO : ConfigProcessor : Loading config from cache: C:\Users\dell\AppData\Local\Temp\59a64183768b31a5bf2b8a1c5fa05afc.mpf_cache
2024-11-10 18:39:30,780 : INFO : ConfigProcessor : Loading config from cache: C:\Users\dell\AppData\Local\Temp\d05889abdb32f5a85db64ac2e197f4ff.mpf_cache
2024-11-10 18:39:30,781 : INFO : ConfigProcessor : Loading config from cache: C:\Users\dell\AppData\Local\Temp\434c2e3a52e1507818428e1c584a9ae0.mpf_cache
2024-11-10 18:39:30,781 : INFO : ConfigProcessor : Loading config from cache: C:\Users\dell\AppData\Local\Temp\c96ee90647ae5b034e2dd42c348c42ad.mpf_cache
2024-11-10 18:39:30,782 : INFO : ConfigProcessor : Loading config from cache: C:\Users\dell\AppData\Local\Temp\ca0415bb38fd20ce1ae72b2592ece46e.mpf_cache
2024-11-10 18:39:30,782 : INFO : ConfigProcessor : Loading config from cache: C:\Users\dell\AppData\Local\Temp\72e9fea1cb562e40024eb5e8538ccaf2.mpf_cache
2024-11-10 18:39:30,783 : INFO : ConfigProcessor : Loading config from cache: C:\Users\dell\AppData\Local\Temp\c22c03646c3330fed25ec0d2c1900176.mpf_cache
2024-11-10 18:39:30,784 : INFO : ConfigProcessor : Loading config from cache: C:\Users\dell\AppData\Local\Temp\4f40b51a2a6ab6b3327b174347355c6f.mpf_cache
2024-11-10 18:39:30,784 : INFO : ConfigProcessor : Loading config from cache: C:\Users\dell\AppData\Local\Temp\39fabcdae38f081491893b3f9bf3922e.mpf_cache
2024-11-10 18:39:30,785 : INFO : ConfigProcessor : Loading config from cache: C:\Users\dell\AppData\Local\Temp\943ecf72a5798e3efec3d4f70c6ce1d2.mpf_cache
2024-11-10 18:39:30,785 : INFO : ConfigProcessor : Loading config from cache: C:\Users\dell\AppData\Local\Temp\04d9c03061fa17a1f6b23081f79db9ab.mpf_cache
2024-11-10 18:39:30,786 : INFO : ConfigProcessor : Loading config from cache: C:\Users\dell\AppData\Local\Temp\1ff29be1d22fb14fe5fd1c82a6918df4.mpf_cache
2024-11-10 18:39:30,786 : INFO : ConfigProcessor : Loading config from cache: C:\Users\dell\AppData\Local\Temp\f0ffd5ecaddfe34035bf3b1779215a88.mpf_cache
2024-11-10 18:39:30,787 : INFO : ConfigProcessor : Loading config from cache: C:\Users\dell\AppData\Local\Temp\b0de444617e3bf30a07f755a6d4831cc.mpf_cache
2024-11-10 18:39:30,787 : INFO : ConfigProcessor : Loading config from cache: C:\Users\dell\AppData\Local\Temp\200a9b2dddbe7706ffb4c4426b6d54a8.mpf_cache
2024-11-10 18:39:30,788 : INFO : ConfigProcessor : Loading config from cache: C:\Users\dell\AppData\Local\Temp\5ab98d4be1e8de85bea62364890eb2e9.mpf_cache
2024-11-10 18:39:30,788 : INFO : ConfigProcessor : Loading config from cache: C:\Users\dell\AppData\Local\Temp\4303dca7489148da2d256fc831cf8c96.mpf_cache
2024-11-10 18:39:30,789 : INFO : ConfigProcessor : Loading config from cache: C:\Users\dell\AppData\Local\Temp\e8fceecd8f65a6a7269e98c7961bbf6a.mpf_cache
2024-11-10 18:39:30,789 : INFO : ConfigProcessor : Loading config from cache: C:\Users\dell\AppData\Local\Temp\c84d6d08bf6f923cbcccfeeea02d2c8a.mpf_cache
2024-11-10 18:39:30,789 : INFO : ConfigProcessor : Loading config from cache: C:\Users\dell\AppData\Local\Temp\159a0b7ffc6de2ed1a8cdcd57b7df3c0.mpf_cache
2024-11-10 18:39:30,790 : INFO : ConfigProcessor : Loading config from cache: C:\Users\dell\AppData\Local\Temp\dd71d04ba3f4dce8325f2504de3de352.mpf_cache
2024-11-10 18:39:30,790 : INFO : ConfigProcessor : Loading config from cache: C:\Users\dell\AppData\Local\Temp\47da5935da57327449007069e0d0551c.mpf_cache
2024-11-10 18:39:30,791 : INFO : ConfigProcessor : Loading config from cache: C:\Users\dell\AppData\Local\Temp\b1234e2c44a33609dc2af4760c4a3f89.mpf_cache
2024-11-10 18:39:30,792 : INFO : ConfigProcessor : Loading config from cache: C:\Users\dell\AppData\Local\Temp\7ab9985e2a62b75a325504808417b1e7.mpf_cache
2024-11-10 18:39:30,792 : INFO : ConfigProcessor : Loading config from cache: C:\Users\dell\AppData\Local\Temp\466eddfec572894d9eb472ce07aa5fba.mpf_cache
2024-11-10 18:39:30,793 : INFO : ConfigProcessor : Loading config from cache: C:\Users\dell\AppData\Local\Temp\93429a2a8e0859f6546b68f40c2a4656.mpf_cache
2024-11-10 18:39:30,793 : INFO : ConfigProcessor : Loading config from cache: C:\Users\dell\AppData\Local\Temp\95ae88fb094583fa2b4097c6df179650.mpf_cache
2024-11-10 18:39:30,793 : INFO : ConfigProcessor : Loading config from cache: C:\Users\dell\AppData\Local\Temp\de2d3fc178b15ce3807fa4ab35b9c965.mpf_cache
2024-11-10 18:39:30,794 : INFO : ConfigProcessor : Loading config from cache: C:\Users\dell\AppData\Local\Temp\0c80ca2179989d09b86c78c19ec87d9b.mpf_cache
2024-11-10 18:39:30,795 : INFO : ConfigProcessor : Loading config from cache: C:\Users\dell\AppData\Local\Temp\95e265efe14e4eb05d8d5c5689c9ae6b.mpf_cache
2024-11-10 18:39:30,795 : INFO : ConfigProcessor : Loading config from cache: C:\Users\dell\AppData\Local\Temp\ba047bbdc168fca96d58d351c4240916.mpf_cache
2024-11-10 18:39:30,796 : INFO : ConfigProcessor : Loading config from cache: C:\Users\dell\AppData\Local\Temp\7c1900736275ba8a713cfe77e991e929.mpf_cache
2024-11-10 18:39:30,796 : INFO : ConfigProcessor : Loading config from cache: C:\Users\dell\AppData\Local\Temp\db3d1ab92e5d5c563b40d82372434517.mpf_cache
2024-11-10 18:39:30,796 : INFO : ConfigProcessor : Loading config from cache: C:\Users\dell\AppData\Local\Temp\78980531363184480bbd7075661ced33.mpf_cache
2024-11-10 18:39:30,797 : INFO : ConfigProcessor : Loading config from cache: C:\Users\dell\AppData\Local\Temp\efcf079e5af2b94e88dae4e07273acc8.mpf_cache
2024-11-10 18:39:30,797 : INFO : ConfigProcessor : Loading config from cache: C:\Users\dell\AppData\Local\Temp\44231afd4be159e8c99041e8eb88670e.mpf_cache
2024-11-10 18:39:30,798 : INFO : ConfigProcessor : Loading config from cache: C:\Users\dell\AppData\Local\Temp\2b5357265150b67996b1d26df60329cf.mpf_cache
2024-11-10 18:39:30,798 : INFO : ConfigProcessor : Loading config from cache: C:\Users\dell\AppData\Local\Temp\6d62665f0d27f04673542af594d4fd9b.mpf_cache
2024-11-10 18:39:30,799 : INFO : ConfigProcessor : Loading config from cache: C:\Users\dell\AppData\Local\Temp\3748cd4146dd8769dc8203d243b40460.mpf_cache
2024-11-10 18:39:30,799 : INFO : ConfigProcessor : Loading config from cache: C:\Users\dell\AppData\Local\Temp\17743d86d766158b74063aba6bc1c32c.mpf_cache
2024-11-10 18:39:30,799 : INFO : ConfigProcessor : Loading config from cache: C:\Users\dell\AppData\Local\Temp\f880dfaba64907cc1c8d35fe4f9ee098.mpf_cache
2024-11-10 18:39:30,800 : INFO : ConfigProcessor : Loading config from cache: C:\Users\dell\AppData\Local\Temp\b3315542fefac86d8251965e4eddcee0.mpf_cache
2024-11-10 18:39:30,800 : INFO : ConfigProcessor : Loading config from cache: C:\Users\dell\AppData\Local\Temp\c87ce6071caf9b8e671d40e32f84144f.mpf_cache
2024-11-10 18:39:30,800 : INFO : ConfigProcessor : Loading config from cache: C:\Users\dell\AppData\Local\Temp\2896a43e0d61e3501c9963d4b59c6ee0.mpf_cache
2024-11-10 18:39:30,801 : INFO : ConfigProcessor : Loading config from cache: C:\Users\dell\AppData\Local\Temp\ff8f94bde3fa94916ad1b7409fed77bd.mpf_cache
2024-11-10 18:39:30,801 : INFO : ConfigProcessor : Loading config from cache: C:\Users\dell\AppData\Local\Temp\053da04979f77c811527e2c0f3ca94fb.mpf_cache
2024-11-10 18:39:30,802 : INFO : ConfigProcessor : Loading config from cache: C:\Users\dell\AppData\Local\Temp\76437d1e292ff239f4f9dc05fbdd5cdf.mpf_cache
2024-11-10 18:39:30,802 : INFO : ConfigProcessor : Loading config from cache: C:\Users\dell\AppData\Local\Temp\a103f9965307e92153b3826866cd7d56.mpf_cache
2024-11-10 18:39:30,802 : INFO : ConfigProcessor : Loading config from cache: C:\Users\dell\AppData\Local\Temp\edf282469509fb91fe2444b6848262a1.mpf_cache
2024-11-10 18:39:30,803 : INFO : ConfigProcessor : Loading config from cache: C:\Users\dell\AppData\Local\Temp\b8da0a805f864daaf4908642bfd2e7fd.mpf_cache
2024-11-10 18:39:30,803 : INFO : ConfigProcessor : Loading config from cache: C:\Users\dell\AppData\Local\Temp\57bc401cb4a04615f5b5aa4ba6a61eb7.mpf_cache
2024-11-10 18:39:30,803 : INFO : ConfigProcessor : Loading config from cache: C:\Users\dell\AppData\Local\Temp\fee9cc2b93cb113814269e4a59231078.mpf_cache
2024-11-10 18:39:30,804 : INFO : ConfigProcessor : Loading config from cache: C:\Users\dell\AppData\Local\Temp\fcb209f5756d4056b66c34a3e9f20f60.mpf_cache
2024-11-10 18:39:30,804 : INFO : ConfigProcessor : Loading config from cache: C:\Users\dell\AppData\Local\Temp\797d5c88f37a3f4c1eda6cc76ebd1d4b.mpf_cache
2024-11-10 18:39:30,804 : INFO : ConfigProcessor : Loading config from cache: C:\Users\dell\AppData\Local\Temp\fd8f672dffbfb9b282859f7185f62437.mpf_cache
2024-11-10 18:39:30,804 : INFO : ConfigProcessor : Loading config from cache: C:\Users\dell\AppData\Local\Temp\986b6c77a360e7ca0a5b736ec9bfb4fa.mpf_cache
2024-11-10 18:39:30,805 : INFO : ConfigProcessor : Loading config from cache: C:\Users\dell\AppData\Local\Temp\851e1d46f2be32b89fdca6ef94995943.mpf_cache
2024-11-10 18:39:30,805 : INFO : ConfigProcessor : Loading config from cache: C:\Users\dell\AppData\Local\Temp\95f5997d9c4798b115eb453656d93a1f.mpf_cache
2024-11-10 18:39:30,805 : INFO : ConfigProcessor : Loading config from cache: C:\Users\dell\AppData\Local\Temp\804b9a1ad2b0368c8378a1697de79431.mpf_cache
2024-11-10 18:39:30,806 : INFO : ConfigProcessor : Loading config from cache: C:\Users\dell\AppData\Local\Temp\3f05176740ce9b1ce630d9f26057f472.mpf_cache
2024-11-10 18:39:30,806 : INFO : ConfigProcessor : Loading config from cache: C:\Users\dell\AppData\Local\Temp\d75c6855c6bfc342a42171d44ee55d0f.mpf_cache
2024-11-10 18:39:30,806 : INFO : ConfigProcessor : Loading config from cache: C:\Users\dell\AppData\Local\Temp\c03af884f77fd2edff48f1f1b29a0001.mpf_cache
2024-11-10 18:39:30,807 : INFO : ConfigProcessor : Loading config from cache: C:\Users\dell\AppData\Local\Temp\125cf4d7d8d0f7b14ac4e9b5c5fc6dd9.mpf_cache
2024-11-10 18:39:30,807 : INFO : ConfigProcessor : Loading config from cache: C:\Users\dell\AppData\Local\Temp\e98bbe1017594ac8f5dc55070bdaec1b.mpf_cache
2024-11-10 18:39:30,807 : INFO : ConfigProcessor : Loading config from cache: C:\Users\dell\AppData\Local\Temp\540f9a41a139edc7fb3c0d3fef764d79.mpf_cache
2024-11-10 18:39:30,807 : INFO : ConfigProcessor : Loading config from cache: C:\Users\dell\AppData\Local\Temp\66310f6b7da6aa9e1e12a092b4e5ea1e.mpf_cache
2024-11-10 18:39:30,808 : INFO : ConfigProcessor : Loading config from cache: C:\Users\dell\AppData\Local\Temp\e39b84c1f1807716ec310701a6bf0d73.mpf_cache
2024-11-10 18:39:30,808 : INFO : ConfigProcessor : Loading config from cache: C:\Users\dell\AppData\Local\Temp\a3a3c1b8b3198ac6ffa6b5064057ae07.mpf_cache
2024-11-10 18:39:30,808 : INFO : ConfigProcessor : Loading config from cache: C:\Users\dell\AppData\Local\Temp\4eebc146e222c8d9b7fa4d2858e69ea1.mpf_cache
2024-11-10 18:39:30,809 : INFO : ConfigProcessor : Loading config from cache: C:\Users\dell\AppData\Local\Temp\e126248c44ebfdee710b05c2b7d5fe82.mpf_cache
2024-11-10 18:39:30,809 : INFO : ConfigProcessor : Loading config from cache: C:\Users\dell\AppData\Local\Temp\69ecee52b21d2a851426dcc7135d38ea.mpf_cache
2024-11-10 18:39:30,809 : INFO : ConfigProcessor : Loading config from cache: C:\Users\dell\AppData\Local\Temp\56ece61e32d3cc2ed53dd325a47460b4.mpf_cache
2024-11-10 18:39:30,810 : INFO : ConfigProcessor : Loading config from cache: C:\Users\dell\AppData\Local\Temp\d0b1dbeaceec3deef73ab0fce07cd740.mpf_cache
2024-11-10 18:39:30,810 : INFO : ConfigProcessor : Loading config from cache: C:\Users\dell\AppData\Local\Temp\3d3afc7fea552c2bae3e6e1d92aa1a26.mpf_cache
2024-11-10 18:39:30,810 : INFO : ConfigProcessor : Loading config from cache: C:\Users\dell\AppData\Local\Temp\4bd243ad0d8c16d00a837306cf5c3d29.mpf_cache
2024-11-10 18:39:30,810 : INFO : ConfigProcessor : Loading config from cache: C:\Users\dell\AppData\Local\Temp\7f312b640f6d5109d8d1be2a05f128e8.mpf_cache
2024-11-10 18:39:30,811 : INFO : ConfigProcessor : Loading config from cache: C:\Users\dell\AppData\Local\Temp\67980d6a57506cd4da44486112b91bec.mpf_cache
2024-11-10 18:39:30,811 : INFO : ConfigProcessor : Loading config from cache: C:\Users\dell\AppData\Local\Temp\9ec3c911ae7e15f7065133c529810f95.mpf_cache
2024-11-10 18:39:30,811 : INFO : ConfigProcessor : Loading config from cache: C:\Users\dell\AppData\Local\Temp\930069940b749f97f86d219b2ddeacf1.mpf_cache
2024-11-10 18:39:30,812 : INFO : ConfigProcessor : Loading config from cache: C:\Users\dell\AppData\Local\Temp\650f26d6333e64d21657a8ef260f5acf.mpf_cache
2024-11-10 18:39:30,812 : INFO : ConfigProcessor : Loading config from cache: C:\Users\dell\AppData\Local\Temp\7fe69373349de136ea08d265848ee2de.mpf_cache
2024-11-10 18:39:30,812 : INFO : ConfigProcessor : Loading config from cache: C:\Users\dell\AppData\Local\Temp\24196d5bffa5766d9b4a62f9ae23e660.mpf_cache
2024-11-10 18:39:30,812 : INFO : ConfigProcessor : Loading config from cache: C:\Users\dell\AppData\Local\Temp\5f56171e4007003f2e0029bfa218d47c.mpf_cache
2024-11-10 18:39:30,812 : INFO : ConfigProcessor : Loading config from cache: C:\Users\dell\AppData\Local\Temp\9828dc3aacab1158f9e233d43cb3fe1f.mpf_cache
2024-11-10 18:39:30,812 : INFO : ConfigProcessor : Loading config from cache: C:\Users\dell\AppData\Local\Temp\93dd7129697f51b97f6c3186dcf43a8c.mpf_cache
2024-11-10 18:39:30,813 : INFO : ConfigProcessor : Loading config from cache: C:\Users\dell\AppData\Local\Temp\854a9aa5d57e7e92df5c4ac62cddaec0.mpf_cache
2024-11-10 18:39:30,813 : INFO : ConfigProcessor : Loading config from cache: C:\Users\dell\AppData\Local\Temp\4a17f5ab6f47bd6cbffa808b6eeea916.mpf_cache
2024-11-10 18:39:30,813 : INFO : ConfigProcessor : Loading config from cache: C:\Users\dell\AppData\Local\Temp\87b77888918ca02abc6ea55edabaa1e0.mpf_cache
2024-11-10 18:39:30,814 : INFO : ConfigProcessor : Loading config from cache: C:\Users\dell\AppData\Local\Temp\2e8097eb902f0db673edff67ef20cd70.mpf_cache
2024-11-10 18:39:30,814 : INFO : ConfigProcessor : Loading config from cache: C:\Users\dell\AppData\Local\Temp\6dda5ce3394e1c203b91cdb4c3bc5158.mpf_cache
2024-11-10 18:39:30,814 : INFO : ConfigProcessor : Loading config from cache: C:\Users\dell\AppData\Local\Temp\801d82c75b08baf8aba110a640054dee.mpf_cache
2024-11-10 18:39:30,815 : INFO : ConfigProcessor : Loading config from cache: C:\Users\dell\AppData\Local\Temp\6d7eeb6b67afdec81637282a9dda6782.mpf_cache
2024-11-10 18:39:30,815 : INFO : ConfigProcessor : Loading config from cache: C:\Users\dell\AppData\Local\Temp\f18efe2c04100550263acd9a8a6038af.mpf_cache
2024-11-10 18:39:30,815 : INFO : ConfigProcessor : Loading config from cache: C:\Users\dell\AppData\Local\Temp\77dfdfbf7011c8796e93f9e4ee745691.mpf_cache
2024-11-10 18:39:30,815 : INFO : ConfigProcessor : Loading config from cache: C:\Users\dell\AppData\Local\Temp\55e62533d8b0090336fcaf5380faf342.mpf_cache
2024-11-10 18:39:30,817 : INFO : ConfigProcessor : Loading config from cache: C:\Users\dell\AppData\Local\Temp\9fa4a25ee32f55bf2c6a76fb59d8bbaf.mpf_cache
2024-11-10 18:39:30,817 : INFO : ConfigProcessor : Loading config from cache: C:\Users\dell\AppData\Local\Temp\7e90ab1bc560333dd4b4d9f4aaf6bf62.mpf_cache
2024-11-10 18:39:30,817 : INFO : ConfigProcessor : Loading config from cache: C:\Users\dell\AppData\Local\Temp\24505a0d42d384632078d94085b52904.mpf_cache
2024-11-10 18:39:30,817 : INFO : ConfigProcessor : Loading config from cache: C:\Users\dell\AppData\Local\Temp\d2e2dee5d391f181bf417bbfa62b8ee2.mpf_cache
2024-11-10 18:39:30,818 : INFO : ConfigProcessor : Loading config from cache: C:\Users\dell\AppData\Local\Temp\4398dc713d774371f49c655025259670.mpf_cache
2024-11-10 18:39:30,818 : INFO : ConfigProcessor : Loading config from cache: C:\Users\dell\AppData\Local\Temp\2a10046c74e5eb8ef0ed9d338302b7e2.mpf_cache
2024-11-10 18:39:30,818 : INFO : ConfigProcessor : Loading config from cache: C:\Users\dell\AppData\Local\Temp\1976a772a16c7f14b7c542c255637f22.mpf_cache
2024-11-10 18:39:30,818 : INFO : ConfigProcessor : Loading config from cache: C:\Users\dell\AppData\Local\Temp\91df8e0ae0e44730ed622ea2efb74e97.mpf_cache
2024-11-10 18:39:30,818 : INFO : ConfigProcessor : Loading config from cache: C:\Users\dell\AppData\Local\Temp\dff6fabdd3c60a7e52618c514c4d53bb.mpf_cache
2024-11-10 18:39:30,819 : INFO : ConfigProcessor : Loading config from cache: C:\Users\dell\AppData\Local\Temp\b00ca6d895de68a8daf4555cf943ba58.mpf_cache
2024-11-10 18:39:30,819 : INFO : ConfigProcessor : Loading config from cache: C:\Users\dell\AppData\Local\Temp\b5b8a4db5bea0726b6595532599dafa3.mpf_cache
2024-11-10 18:39:30,819 : INFO : ConfigProcessor : Loading config from cache: C:\Users\dell\AppData\Local\Temp\69fdf32f8b1f00ca71933bfdf818d181.mpf_cache
2024-11-10 18:39:30,819 : INFO : ConfigProcessor : Loading config from cache: C:\Users\dell\AppData\Local\Temp\2ea47c81ed4f8a69c675021c80778e85.mpf_cache
2024-11-10 18:39:30,820 : INFO : ConfigProcessor : Loading config from cache: C:\Users\dell\AppData\Local\Temp\4341f22727a1b0f8b478ff6fc7114278.mpf_cache
2024-11-10 18:39:30,820 : INFO : ConfigProcessor : Loading config from cache: C:\Users\dell\AppData\Local\Temp\34b907b0c1988670c99198ad34048e9b.mpf_cache
2024-11-10 18:39:30,820 : INFO : ConfigProcessor : Loading config from cache: C:\Users\dell\AppData\Local\Temp\3078b120455821a73c8c6f8a1dceab4f.mpf_cache
2024-11-10 18:39:30,820 : INFO : ConfigProcessor : Loading config from cache: C:\Users\dell\AppData\Local\Temp\d95a17e65a2b41e386a7fc14bcda65fd.mpf_cache
2024-11-10 18:39:30,821 : INFO : ConfigProcessor : Loading config from cache: C:\Users\dell\AppData\Local\Temp\70a3dc288dcfdeeb747f888700969697.mpf_cache
2024-11-10 18:39:30,821 : INFO : ConfigProcessor : Loading config from cache: C:\Users\dell\AppData\Local\Temp\a545989d29acb91f9b5046622b67b4ed.mpf_cache
2024-11-10 18:39:30,821 : INFO : ConfigProcessor : Loading config from cache: C:\Users\dell\AppData\Local\Temp\8d6f9c7ff9c39db68f4d155bf8492fbe.mpf_cache
2024-11-10 18:39:30,821 : INFO : ConfigProcessor : Loading config from cache: C:\Users\dell\AppData\Local\Temp\155f4ce74e2bf17af8dbff2a4763087f.mpf_cache
2024-11-10 18:39:30,821 : INFO : ConfigProcessor : Loading config from cache: C:\Users\dell\AppData\Local\Temp\1f327f8ed4990105250a8e68ccfd880b.mpf_cache
2024-11-10 18:39:30,821 : INFO : ConfigProcessor : Loading config from cache: C:\Users\dell\AppData\Local\Temp\631f1a0f4495ddfec417d1e517d075ee.mpf_cache
2024-11-10 18:39:30,821 : INFO : ConfigProcessor : Loading config from cache: C:\Users\dell\AppData\Local\Temp\58d128190d1d0b57398f3d0bb3d51665.mpf_cache
2024-11-10 18:39:30,821 : INFO : ConfigProcessor : Loading config from cache: C:\Users\dell\AppData\Local\Temp\3a392e0f36204bd15fe7f620a9abd8a5.mpf_cache
2024-11-10 18:39:30,821 : INFO : ConfigProcessor : Loading config from cache: C:\Users\dell\AppData\Local\Temp\a21cdf4e7d11d0ddd588c2361820cd3f.mpf_cache
2024-11-10 18:39:30,822 : INFO : ConfigProcessor : Loading config from cache: C:\Users\dell\AppData\Local\Temp\c985e32e9d44f65a2b4ce21de0879b93.mpf_cache
2024-11-10 18:39:30,822 : INFO : ConfigProcessor : Loading config from cache: C:\Users\dell\AppData\Local\Temp\53b5443f454133ae1b362b3b93db77cb.mpf_cache
2024-11-10 18:39:30,822 : INFO : ConfigProcessor : Loading config from cache: C:\Users\dell\AppData\Local\Temp\3931d087bd0a337e7115b05d59ca5799.mpf_cache
2024-11-10 18:39:30,822 : INFO : ConfigProcessor : Loading config from cache: C:\Users\dell\AppData\Local\Temp\4b9dbb62597032bf50b643d8dab4e70a.mpf_cache
2024-11-10 18:39:30,823 : INFO : ConfigProcessor : Loading config from cache: C:\Users\dell\AppData\Local\Temp\765fb0e29c5e0a3c4df63af3a63a2aa9.mpf_cache
2024-11-10 18:39:30,823 : INFO : ConfigProcessor : Loading config from cache: C:\Users\dell\AppData\Local\Temp\92bd7ddb78685ce3872fdffddbf4066b.mpf_cache
2024-11-10 18:39:30,823 : INFO : ConfigProcessor : Loading config from cache: C:\Users\dell\AppData\Local\Temp\f17b18f8fc49aa4015f8aaed5fe0310c.mpf_cache
2024-11-10 18:39:30,823 : INFO : ConfigProcessor : Loading config from cache: C:\Users\dell\AppData\Local\Temp\6025440fe966918e9010659c75a84677.mpf_cache
2024-11-10 18:39:30,824 : INFO : ConfigProcessor : Loading config from cache: C:\Users\dell\AppData\Local\Temp\cfdf05d29e2db67703b682b9e2f3ca3c.mpf_cache
2024-11-10 18:39:30,824 : INFO : ConfigProcessor : Loading config from cache: C:\Users\dell\AppData\Local\Temp\d94e10a03295440a68c0665192595ed1.mpf_cache
2024-11-10 18:39:30,824 : INFO : ConfigProcessor : Loading config from cache: C:\Users\dell\AppData\Local\Temp\01f102dbddb32abe391845f1f1fb6297.mpf_cache
2024-11-10 18:39:30,824 : INFO : ConfigProcessor : Loading config from cache: C:\Users\dell\AppData\Local\Temp\31f678389d4048ccede53f3d9bb6ebf4.mpf_cache
2024-11-10 18:39:30,825 : INFO : ConfigProcessor : Loading config from cache: C:\Users\dell\AppData\Local\Temp\b22da84cc4aef91ed7f9bc0328a0f1b4.mpf_cache
2024-11-10 18:39:30,825 : INFO : ConfigProcessor : Loading config from cache: C:\Users\dell\AppData\Local\Temp\da1fede4c95c7878b99d619776f98fd7.mpf_cache
2024-11-10 18:39:30,825 : INFO : ConfigProcessor : Loading config from cache: C:\Users\dell\AppData\Local\Temp\cc30193cdee974cc13426b098027cee1.mpf_cache
2024-11-10 18:39:30,825 : INFO : ConfigProcessor : Loading config from cache: C:\Users\dell\AppData\Local\Temp\58e69a62c4f703cc84058f6193109d31.mpf_cache
2024-11-10 18:39:30,826 : INFO : ConfigProcessor : Loading config from cache: C:\Users\dell\AppData\Local\Temp\e6a4926517ab55f9ed1b3658c3e4007c.mpf_cache
2024-11-10 18:39:30,826 : INFO : ConfigProcessor : Loading config from cache: C:\Users\dell\AppData\Local\Temp\66ee654434268f21d59a1a197a33e84e.mpf_cache
2024-11-10 18:39:30,826 : INFO : ConfigProcessor : Loading config from cache: C:\Users\dell\AppData\Local\Temp\0ad8a8c62d71fd6db5e688e34997c124.mpf_cache
2024-11-10 18:39:30,826 : INFO : ConfigProcessor : Loading config from cache: C:\Users\dell\AppData\Local\Temp\986ed299862bf4d6a9ee043620eb4411.mpf_cache
2024-11-10 18:39:30,827 : INFO : ConfigProcessor : Loading config from cache: C:\Users\dell\AppData\Local\Temp\85def6e32b8790efec9df62810edf89f.mpf_cache
2024-11-10 18:39:30,827 : INFO : ConfigProcessor : Loading config from cache: C:\Users\dell\AppData\Local\Temp\b4b8bbe6eb89ffab7b0a5bdc28aa737c.mpf_cache
2024-11-10 18:39:30,827 : INFO : ConfigProcessor : Loading config from cache: C:\Users\dell\AppData\Local\Temp\234f7aa8fcdaed8506c3f7e3d1434348.mpf_cache
2024-11-10 18:39:30,827 : INFO : ConfigProcessor : Loading config from cache: C:\Users\dell\AppData\Local\Temp\836170f935ca4f3a3c83dd48d4288e22.mpf_cache
2024-11-10 18:39:30,828 : INFO : ConfigProcessor : Loading config from cache: C:\Users\dell\AppData\Local\Temp\0a4bf4f558c6de89fd1636f30c6211d9.mpf_cache
2024-11-10 18:39:30,828 : INFO : ConfigProcessor : Loading config from cache: C:\Users\dell\AppData\Local\Temp\3936448b27d8bfc57c517bc3bf9d3aa2.mpf_cache
2024-11-10 18:39:30,828 : INFO : ConfigProcessor : Loading config from cache: C:\Users\dell\AppData\Local\Temp\73d13f131bebf83032dc613efdff3522.mpf_cache
2024-11-10 18:39:30,828 : INFO : ConfigProcessor : Loading config from cache: C:\Users\dell\AppData\Local\Temp\20beca28b497152ca0fd3409b83d4b87.mpf_cache
2024-11-10 18:39:30,828 : INFO : ConfigProcessor : Loading config from cache: C:\Users\dell\AppData\Local\Temp\e816efa2a54094e8cd44dabebc7784df.mpf_cache
2024-11-10 18:39:30,829 : INFO : ConfigProcessor : Loading config from cache: C:\Users\dell\AppData\Local\Temp\ec91b3a5e4d650dc4f7371582fb38eed.mpf_cache
2024-11-10 18:39:30,829 : INFO : ConfigProcessor : Loading config from cache: C:\Users\dell\AppData\Local\Temp\9a1a1c28ae640e16df86b556a2688443.mpf_cache
2024-11-10 18:39:30,829 : INFO : ConfigProcessor : Loading config from cache: C:\Users\dell\AppData\Local\Temp\3463b2a86a39355c183f674ae2b12038.mpf_cache
2024-11-10 18:39:30,829 : INFO : ConfigProcessor : Loading config from cache: C:\Users\dell\AppData\Local\Temp\6e6719c61d3fa021e7d679c2f24e1608.mpf_cache
2024-11-10 18:39:30,830 : INFO : ConfigProcessor : Loading config from cache: C:\Users\dell\AppData\Local\Temp\aa69a2c5c0adb7f9c40b6db4f1ca3483.mpf_cache
2024-11-10 18:39:30,830 : INFO : ConfigProcessor : Loading config from cache: C:\Users\dell\AppData\Local\Temp\971ebba8800a659d7a8e99cb206beff7.mpf_cache
2024-11-10 18:39:30,830 : INFO : ConfigProcessor : Loading config from cache: C:\Users\dell\AppData\Local\Temp\07e13f5cf5882efd50a16f81bcde4606.mpf_cache
2024-11-10 18:39:30,830 : INFO : ConfigProcessor : Loading config from cache: C:\Users\dell\AppData\Local\Temp\48a45c572b20481e47ff005f73695e50.mpf_cache
2024-11-10 18:39:30,831 : INFO : ConfigProcessor : Loading config from cache: C:\Users\dell\AppData\Local\Temp\f12c25ef7bc56249cbbfe26e4a8634a0.mpf_cache
2024-11-10 18:39:30,831 : INFO : ConfigProcessor : Loading config from cache: C:\Users\dell\AppData\Local\Temp\7058dd9e75ad4dd97e6d02eda1f8d5f4.mpf_cache
2024-11-10 18:39:30,831 : INFO : ConfigProcessor : Loading config from cache: C:\Users\dell\AppData\Local\Temp\47777129294a1397780765ae2671e381.mpf_cache
2024-11-10 18:39:30,831 : INFO : ConfigProcessor : Loading config from cache: C:\Users\dell\AppData\Local\Temp\a26dda2f3898e9b95a688d2faa147e67.mpf_cache
2024-11-10 18:39:30,832 : INFO : ConfigProcessor : Loading config from cache: C:\Users\dell\AppData\Local\Temp\fbd33e7aab60e9ffed5e28859db24a15.mpf_cache
2024-11-10 18:39:30,832 : INFO : ConfigProcessor : Loading config from cache: C:\Users\dell\AppData\Local\Temp\64f60477c2da2625fa9ef2a86d50bb34.mpf_cache
2024-11-10 18:39:30,832 : INFO : ConfigProcessor : Loading config from cache: C:\Users\dell\AppData\Local\Temp\49b862cde9d22907c81f839348639a1f.mpf_cache
2024-11-10 18:39:30,832 : INFO : ConfigProcessor : Loading config from cache: C:\Users\dell\AppData\Local\Temp\21dda72cc57cadcf698e50094b8ee97d.mpf_cache
2024-11-10 18:39:30,833 : INFO : ConfigProcessor : Loading config from cache: C:\Users\dell\AppData\Local\Temp\f9ee12ee8bbd05f85378a9386ceacce5.mpf_cache
2024-11-10 18:39:30,833 : INFO : ConfigProcessor : Loading config from cache: C:\Users\dell\AppData\Local\Temp\0394fc9fe8dda0bc8c420287c11c8aae.mpf_cache
2024-11-10 18:39:30,833 : INFO : ConfigProcessor : Loading config from cache: C:\Users\dell\AppData\Local\Temp\812e1e327d6ef9a51d487328d0586885.mpf_cache
2024-11-10 18:39:30,833 : INFO : ConfigProcessor : Loading config from cache: C:\Users\dell\AppData\Local\Temp\70cf3c9830d27e79cc1fda7cb07bc23d.mpf_cache
2024-11-10 18:39:30,834 : INFO : ConfigProcessor : Loading config from cache: C:\Users\dell\AppData\Local\Temp\db70c5aab62dca0f645afe12f6eb7df3.mpf_cache
2024-11-10 18:39:30,836 : INFO : Machine : Mission Pinball Framework Core Engine v0.54.6
2024-11-10 18:39:30,836 : INFO : Machine : Command line arguments: {'no_load_cache': False, 'create_config_cache': True, 'bcp': True, 'configfile': ['config.yaml'], 'force_assets_load': False, 'jsonlogging': False, 'logfile': 'logs\\2024-11-10-18-39-30-mpf-DESKTOP-7A962BJ.log', 'pause': False, 'production': False, 'text_ui': True, 'loglevel': 15, 'consoleloglevel': 20, 'force_platform': None, 'syslog_address': None, 'mc_file_name': None, 'no_sound': False}
2024-11-10 18:39:30,836 : INFO : Machine : MPF path: c:\users\dell\appdata\local\programs\python\python36\lib\site-packages\mpf
2024-11-10 18:39:30,836 : INFO : Machine : Machine path: E:\MPF\wows\wows
2024-11-10 18:39:30,836 : INFO : Machine : Platform: win32
2024-11-10 18:39:30,836 : INFO : Machine : Python executable location: c:\users\dell\appdata\local\programs\python\python36\python.exe
2024-11-10 18:39:30,836 : INFO : Machine : Python version: 3.6.4 (64-bit)
2024-11-10 18:39:30,837 : INFO : Machine : Initialise MPF.
2024-11-10 18:39:31,116 : INFO : Pin2DmdDevice : Connecting to Pin2DMD RGB DMD
2024-11-10 18:39:31,128 : INFO : Pin2DmdDevice : Connected to Pin2DMD
2024-11-10 18:39:31,128 : INFO : EventManager : Event: ======'machine_var_credits_string'====== Args={'value': 'FREE PLAY', 'prev_value': None, 'change': True}
2024-11-10 18:39:31,187 : INFO : EventManager : Event: ======'machine_var_player1_score'====== Args={'value': 0, 'prev_value': None, 'change': True}
2024-11-10 18:39:31,187 : INFO : EventManager : Event: ======'machine_var_mv_dmg_con_time'====== Args={'value': 9, 'prev_value': None, 'change': True}
2024-11-10 18:39:31,188 : INFO : EventManager : Event: ======'machine_var_mv_bomb_1_cost'====== Args={'value': 1, 'prev_value': None, 'change': True}
2024-11-10 18:39:31,188 : INFO : EventManager : Event: ======'machine_var_mv_bomb_2_cost'====== Args={'value': 1, 'prev_value': None, 'change': True}
2024-11-10 18:39:31,188 : INFO : EventManager : Event: ======'machine_var_mv_bomb_3_cost'====== Args={'value': 1, 'prev_value': None, 'change': True}
2024-11-10 18:39:31,188 : INFO : EventManager : Event: ======'machine_var_mv_bomb_4_cost'====== Args={'value': 1, 'prev_value': None, 'change': True}
2024-11-10 18:39:31,188 : INFO : EventManager : Event: ======'machine_var_mv_bomb_5_cost'====== Args={'value': 1, 'prev_value': None, 'change': True}
2024-11-10 18:39:31,188 : INFO : EventManager : Event: ======'machine_var_mv_bomb_6_cost'====== Args={'value': 1, 'prev_value': None, 'change': True}
2024-11-10 18:39:31,188 : INFO : EventManager : Event: ======'machine_var_mv_bomb_7_and_9_cost'====== Args={'value': 1, 'prev_value': None, 'change': True}
2024-11-10 18:39:31,188 : INFO : EventManager : Event: ======'machine_var_mv_bomb_8_cost'====== Args={'value': 1, 'prev_value': None, 'change': True}
2024-11-10 18:39:31,188 : INFO : EventManager : Event: ======'machine_var_mv_bomb_10_cost'====== Args={'value': 1, 'prev_value': None, 'change': True}
2024-11-10 18:39:31,188 : INFO : EventManager : Event: ======'machine_var_mv_bomb_mode_cost'====== Args={'value': 1, 'prev_value': None, 'change': True}
2024-11-10 18:39:31,188 : INFO : EventManager : Event: ======'machine_var_mpf_version'====== Args={'value': 'MPF v0.54.6', 'prev_value': None, 'change': True}
2024-11-10 18:39:31,188 : INFO : EventManager : Event: ======'machine_var_mpf_extended_version'====== Args={'value': 'MPF v0.54.6, Config version:5, Show version: 5, BCP version:1.1', 'prev_value': None, 'change': True}
2024-11-10 18:39:31,188 : INFO : EventManager : Event: ======'machine_var_python_version'====== Args={'value': '3.6.4', 'prev_value': None, 'change': True}
2024-11-10 18:39:31,188 : INFO : EventManager : Event: ======'machine_var_platform'====== Args={'value': 'Windows-10-10.0.19041-SP0', 'prev_value': None, 'change': True}
2024-11-10 18:39:31,188 : INFO : EventManager : Event: ======'machine_var_platform_system'====== Args={'value': 'Windows', 'prev_value': None, 'change': True}
2024-11-10 18:39:31,189 : INFO : EventManager : Event: ======'machine_var_platform_release'====== Args={'value': '10', 'prev_value': None, 'change': True}
2024-11-10 18:39:31,189 : INFO : EventManager : Event: ======'machine_var_platform_version'====== Args={'value': '10.0.19041', 'prev_value': None, 'change': True}
2024-11-10 18:39:31,189 : INFO : EventManager : Event: ======'machine_var_platform_machine'====== Args={'value': 'AMD64', 'prev_value': None, 'change': True}
2024-11-10 18:39:31,189 : INFO : EventManager : Event: ======'init_phase_1'====== Args={}
2024-11-10 18:39:31,804 : INFO : EventManager : Event: ======'logicblock_m1_delay_updated'====== Args={'value': 0, 'enabled': True}
2024-11-10 18:39:31,805 : INFO : EventManager : Event: ======'logicblock_m1_delay_updated'====== Args={'value': 0, 'enabled': True}
2024-11-10 18:39:31,805 : INFO : EventManager : Event: ======'logicblock_capture_global_counter_updated'====== Args={'value': 6, 'enabled': True}
2024-11-10 18:39:31,805 : INFO : EventManager : Event: ======'logicblock_capture_global_counter_updated'====== Args={'value': 6, 'enabled': True}
2024-11-10 18:39:31,805 : INFO : EventManager : Event: ======'main_state'====== Args={}
2024-11-10 18:39:31,805 : INFO : EventManager : Event: ======'IGNORE'====== Args={}
2024-11-10 18:39:31,805 : INFO : EventManager : Event: ======'lock_lit_started'====== Args={}
2024-11-10 18:39:31,806 : INFO : EventManager : Event: ======'disable_mode'====== Args={}
2024-11-10 18:39:31,806 : INFO : EventManager : Event: ======'multiball_inactive'====== Args={}
2024-11-10 18:39:31,806 : INFO : EventManager : Event: ======'lite_detonation_start'====== Args={}
2024-11-10 18:39:31,806 : INFO : EventManager : Event: ======'battle_inactive'====== Args={}
2024-11-10 18:39:31,806 : INFO : EventManager : Event: ======'HAGYDFIGYELMENKIVUL'====== Args={}
2024-11-10 18:39:31,806 : INFO : EventManager : Event: ======'enable_citadel_diverter'====== Args={}
2024-11-10 18:39:31,806 : INFO : EventManager : Event: ======'commander_1_changed'====== Args={}
2024-11-10 18:39:31,815 : WARNING : Mode.confederate : Can only start mode confederate during a game. Aborting start.
2024-11-10 18:39:31,815 : WARNING : Mode.drednaught : Can only start mode drednaught during a game. Aborting start.
2024-11-10 18:39:31,815 : WARNING : Mode.main_play : Can only start mode main_play during a game. Aborting start.
2024-11-10 18:39:31,815 : WARNING : Mode.capture : Can only start mode capture during a game. Aborting start.
2024-11-10 18:39:31,815 : WARNING : Mode.hc_lock_lit : Can only start mode hc_lock_lit during a game. Aborting start.
2024-11-10 18:39:31,818 : INFO : EventManager : Event: ======'init_phase_2'====== Args={}
2024-11-10 18:39:31,819 : INFO : SwitchController : Found active switch: ('2', <Platform.SmartVirtual>) <switch.s_trough1>
2024-11-10 18:39:31,819 : INFO : SwitchController : Found active switch: ('3', <Platform.SmartVirtual>) <switch.s_trough2>
2024-11-10 18:39:31,819 : INFO : SwitchController : Found active switch: ('4', <Platform.SmartVirtual>) <switch.s_trough3>
2024-11-10 18:39:31,819 : INFO : SwitchController : Found active switch: ('5', <Platform.SmartVirtual>) <switch.s_trough4>
2024-11-10 18:39:31,819 : INFO : SwitchController : Found active switch: ('6', <Platform.SmartVirtual>) <switch.s_trough5>
2024-11-10 18:39:31,819 : INFO : SwitchController : Found active switch: ('7', <Platform.SmartVirtual>) <switch.s_trough6>
2024-11-10 18:39:31,863 : INFO : EventManager : Event: ======'machine_var_score1_label'====== Args={'value': 'GRAND ADMIRAL', 'prev_value': None, 'change': True}
2024-11-10 18:39:31,863 : INFO : EventManager : Event: ======'machine_var_score1_name'====== Args={'value': 'SBA', 'prev_value': None, 'change': True}
2024-11-10 18:39:31,863 : INFO : EventManager : Event: ======'machine_var_score1_value'====== Args={'value': 1000000000, 'prev_value': None, 'change': True}
2024-11-10 18:39:31,863 : INFO : EventManager : Event: ======'machine_var_score2_label'====== Args={'value': 'ADMIRAL 1', 'prev_value': None, 'change': True}
2024-11-10 18:39:31,863 : INFO : EventManager : Event: ======'machine_var_score2_name'====== Args={'value': 'OCP', 'prev_value': None, 'change': True}
2024-11-10 18:39:31,863 : INFO : EventManager : Event: ======'machine_var_score2_value'====== Args={'value': 900000000, 'prev_value': None, 'change': True}
2024-11-10 18:39:31,863 : INFO : EventManager : Event: ======'machine_var_score3_label'====== Args={'value': 'ADMIRAL 2', 'prev_value': None, 'change': True}
2024-11-10 18:39:31,863 : INFO : EventManager : Event: ======'machine_var_score3_name'====== Args={'value': 'AND', 'prev_value': None, 'change': True}
2024-11-10 18:39:31,863 : INFO : EventManager : Event: ======'machine_var_score3_value'====== Args={'value': 800000000, 'prev_value': None, 'change': True}
2024-11-10 18:39:31,864 : INFO : EventManager : Event: ======'machine_var_score4_label'====== Args={'value': 'ADMIRAL 3', 'prev_value': None, 'change': True}
2024-11-10 18:39:31,864 : INFO : EventManager : Event: ======'machine_var_score4_name'====== Args={'value': 'W G', 'prev_value': None, 'change': True}
2024-11-10 18:39:31,864 : INFO : EventManager : Event: ======'machine_var_score4_value'====== Args={'value': 700000000, 'prev_value': None, 'change': True}
2024-11-10 18:39:31,864 : INFO : EventManager : Event: ======'machine_var_score5_label'====== Args={'value': 'ADMIRAL 4', 'prev_value': None, 'change': True}
2024-11-10 18:39:31,864 : INFO : EventManager : Event: ======'machine_var_score5_name'====== Args={'value': 'WOW', 'prev_value': None, 'change': True}
2024-11-10 18:39:31,864 : INFO : EventManager : Event: ======'machine_var_score5_value'====== Args={'value': 600000000, 'prev_value': None, 'change': True}
2024-11-10 18:39:31,864 : INFO : EventManager : Event: ======'bcp_connection_attempt'====== Args={'name': 'local_display', 'host': 'localhost', 'port': 5050}
2024-11-10 18:39:31,866 : INFO : BCPClientSocket : Connecting BCP to 'local_display' at localhost:5050...
2024-11-10 18:39:33,986 : INFO : BCPClientSocket : Connected BCP to 'local_display' localhost:5050
2024-11-10 18:39:33,987 : INFO : EventManager : Event: ======'bcp_clients_connected'====== Args={}
2024-11-10 18:39:33,997 : INFO : ball_device.bd_trough : State: idle
2024-11-10 18:39:33,998 : INFO : ball_device.bd_plunger : State: idle
2024-11-10 18:39:33,998 : INFO : ball_device.bd_saucer : State: idle
2024-11-10 18:39:33,999 : INFO : ball_device.bd_main_hole : State: idle
2024-11-10 18:39:33,999 : INFO : ball_device.bd_hc_lock : State: idle
2024-11-10 18:39:34,063 : INFO : EventManager : Event: ======'init_phase_3'====== Args={}
2024-11-10 18:39:34,149 : INFO : EventManager : Event: ======'machine_var_mc_version'====== Args={'value': 'MPF-MC v0.54.2', 'prev_value': None, 'change': True}
2024-11-10 18:39:34,149 : INFO : EventManager : Event: ======'machine_var_mc_extended_version'====== Args={'value': 'MPF-MC v0.54.2 (config_version=5, BCP v1.1, Requires MPF v0.54.0)', 'prev_value': None, 'change': True}
2024-11-10 18:39:34,153 : INFO : EventManager : Event: ======'machine_var_master_volume'====== Args={'value': 1.0, 'prev_value': None, 'change': True}
2024-11-10 18:39:34,153 : INFO : EventManager : Event: ======'init_phase_4'====== Args={}
2024-11-10 18:39:34,176 : INFO : BallController : Initial balls found: 5
2024-11-10 18:39:34,178 : INFO : EventManager : Event: ======'machine_var_audits_events_game_ended'====== Args={'value': 1, 'prev_value': None, 'change': True}
2024-11-10 18:39:34,178 : INFO : EventManager : Event: ======'machine_var_audits_events_game_started'====== Args={'value': 653, 'prev_value': None, 'change': True}
2024-11-10 18:39:34,178 : INFO : EventManager : Event: ======'machine_var_audits_player_score'====== Args={'value': {'average': 0.0, 'top': [0], 'total': 1}, 'prev_value': None, 'change': True}
2024-11-10 18:39:34,178 : INFO : EventManager : Event: ======'machine_var_audits_shots_battle_shot'====== Args={'value': 66, 'prev_value': None, 'change': True}
2024-11-10 18:39:34,179 : INFO : EventManager : Event: ======'machine_var_audits_shots_confederate_1'====== Args={'value': 13, 'prev_value': None, 'change': True}
2024-11-10 18:39:34,179 : INFO : EventManager : Event: ======'machine_var_audits_shots_confederate_2'====== Args={'value': 235, 'prev_value': None, 'change': True}
2024-11-10 18:39:34,179 : INFO : EventManager : Event: ======'machine_var_audits_shots_confederate_3'====== Args={'value': 91, 'prev_value': None, 'change': True}
2024-11-10 18:39:34,179 : INFO : EventManager : Event: ======'machine_var_audits_shots_confederate_4'====== Args={'value': 29, 'prev_value': None, 'change': True}
2024-11-10 18:39:34,180 : INFO : EventManager : Event: ======'machine_var_audits_shots_confederate_5'====== Args={'value': 10, 'prev_value': None, 'change': True}
2024-11-10 18:39:34,180 : INFO : EventManager : Event: ======'machine_var_audits_shots_confederate_6'====== Args={'value': 399, 'prev_value': None, 'change': True}
2024-11-10 18:39:34,180 : INFO : EventManager : Event: ======'machine_var_audits_shots_detonation'====== Args={'value': 42, 'prev_value': None, 'change': True}
2024-11-10 18:39:34,180 : INFO : EventManager : Event: ======'machine_var_audits_shots_detonation_lit'====== Args={'value': 172, 'prev_value': None, 'change': True}
2024-11-10 18:39:34,181 : INFO : EventManager : Event: ======'machine_var_audits_shots_dmg_con_1'====== Args={'value': 96, 'prev_value': None, 'change': True}
2024-11-10 18:39:34,181 : INFO : EventManager : Event: ======'machine_var_audits_shots_dmg_con_2'====== Args={'value': 122, 'prev_value': None, 'change': True}
2024-11-10 18:39:34,181 : INFO : EventManager : Event: ======'machine_var_audits_shots_dmg_con_3'====== Args={'value': 84, 'prev_value': None, 'change': True}
2024-11-10 18:39:34,182 : INFO : EventManager : Event: ======'machine_var_audits_shots_dmg_con_4'====== Args={'value': 101, 'prev_value': None, 'change': True}
2024-11-10 18:39:34,182 : INFO : EventManager : Event: ======'machine_var_audits_shots_dmg_con_5'====== Args={'value': 78, 'prev_value': None, 'change': True}
2024-11-10 18:39:34,182 : INFO : EventManager : Event: ======'machine_var_audits_shots_dmg_con_6'====== Args={'value': 99, 'prev_value': None, 'change': True}
2024-11-10 18:39:34,182 : INFO : EventManager : Event: ======'machine_var_audits_shots_dmg_con_add_time_1'====== Args={'value': 32, 'prev_value': None, 'change': True}
2024-11-10 18:39:34,183 : INFO : EventManager : Event: ======'machine_var_audits_shots_dmg_con_add_time_2'====== Args={'value': 43, 'prev_value': None, 'change': True}
2024-11-10 18:39:34,183 : INFO : EventManager : Event: ======'machine_var_audits_shots_dmg_con_add_time_3'====== Args={'value': 24, 'prev_value': None, 'change': True}
2024-11-10 18:39:34,183 : INFO : EventManager : Event: ======'machine_var_audits_shots_dmg_con_add_time_4'====== Args={'value': 21, 'prev_value': None, 'change': True}
2024-11-10 18:39:34,184 : INFO : EventManager : Event: ======'machine_var_audits_shots_jackpot_1'====== Args={'value': 79, 'prev_value': None, 'change': True}
2024-11-10 18:39:34,184 : INFO : EventManager : Event: ======'machine_var_audits_shots_jackpot_2'====== Args={'value': 107, 'prev_value': None, 'change': True}
2024-11-10 18:39:34,184 : INFO : EventManager : Event: ======'machine_var_audits_shots_jackpot_3'====== Args={'value': 91, 'prev_value': None, 'change': True}
2024-11-10 18:39:34,185 : INFO : EventManager : Event: ======'machine_var_audits_shots_jackpot_4'====== Args={'value': 41, 'prev_value': None, 'change': True}
2024-11-10 18:39:34,185 : INFO : EventManager : Event: ======'machine_var_audits_shots_jackpot_5'====== Args={'value': 42, 'prev_value': None, 'change': True}
2024-11-10 18:39:34,185 : INFO : EventManager : Event: ======'machine_var_audits_shots_jackpot_6'====== Args={'value': 51, 'prev_value': None, 'change': True}
2024-11-10 18:39:34,186 : INFO : EventManager : Event: ======'machine_var_audits_shots_lane_A'====== Args={'value': 125, 'prev_value': None, 'change': True}
2024-11-10 18:39:34,186 : INFO : EventManager : Event: ======'machine_var_audits_shots_lane_B'====== Args={'value': 147, 'prev_value': None, 'change': True}
2024-11-10 18:39:34,186 : INFO : EventManager : Event: ======'machine_var_audits_shots_lane_C'====== Args={'value': 350, 'prev_value': None, 'change': True}
2024-11-10 18:39:34,186 : INFO : EventManager : Event: ======'machine_var_audits_shots_lane_D'====== Args={'value': 363, 'prev_value': None, 'change': True}
2024-11-10 18:39:34,187 : INFO : EventManager : Event: ======'machine_var_audits_shots_lane_E'====== Args={'value': 140, 'prev_value': None, 'change': True}
2024-11-10 18:39:34,187 : INFO : EventManager : Event: ======'machine_var_audits_shots_lock_lit_1'====== Args={'value': 1595, 'prev_value': None, 'change': True}
2024-11-10 18:39:34,187 : INFO : EventManager : Event: ======'machine_var_audits_shots_lock_lit_2'====== Args={'value': 1508, 'prev_value': None, 'change': True}
2024-11-10 18:39:34,188 : INFO : EventManager : Event: ======'machine_var_audits_shots_ricochet_1'====== Args={'value': 173, 'prev_value': None, 'change': True}
2024-11-10 18:39:34,188 : INFO : EventManager : Event: ======'machine_var_audits_shots_ricochet_2'====== Args={'value': 685, 'prev_value': None, 'change': True}
2024-11-10 18:39:34,188 : INFO : EventManager : Event: ======'machine_var_audits_shots_ricochet_3'====== Args={'value': 91, 'prev_value': None, 'change': True}
2024-11-10 18:39:34,188 : INFO : EventManager : Event: ======'machine_var_audits_shots_ricochet_4'====== Args={'value': 49, 'prev_value': None, 'change': True}
2024-11-10 18:39:34,189 : INFO : EventManager : Event: ======'machine_var_audits_shots_ricochet_5'====== Args={'value': 3, 'prev_value': None, 'change': True}
2024-11-10 18:39:34,189 : INFO : EventManager : Event: ======'machine_var_audits_switches_s_action_button'====== Args={'value': 46, 'prev_value': None, 'change': True}
2024-11-10 18:39:34,189 : INFO : EventManager : Event: ======'machine_var_audits_switches_s_bumper_1'====== Args={'value': 735, 'prev_value': None, 'change': True}
2024-11-10 18:39:34,190 : INFO : EventManager : Event: ======'machine_var_audits_switches_s_bumper_2'====== Args={'value': 223, 'prev_value': None, 'change': True}
2024-11-10 18:39:34,190 : INFO : EventManager : Event: ======'machine_var_audits_switches_s_bumper_3'====== Args={'value': 688, 'prev_value': None, 'change': True}
2024-11-10 18:39:34,190 : INFO : EventManager : Event: ======'machine_var_audits_switches_s_center_ramp'====== Args={'value': 114, 'prev_value': None, 'change': True}
2024-11-10 18:39:34,191 : INFO : EventManager : Event: ======'machine_var_audits_switches_s_citadel'====== Args={'value': 75, 'prev_value': None, 'change': True}
2024-11-10 18:39:34,191 : INFO : EventManager : Event: ======'machine_var_audits_switches_s_citadel_lock'====== Args={'value': 255, 'prev_value': None, 'change': True}
2024-11-10 18:39:34,191 : INFO : EventManager : Event: ======'machine_var_audits_switches_s_conning_tower'====== Args={'value': 4, 'prev_value': None, 'change': True}
2024-11-10 18:39:34,192 : INFO : EventManager : Event: ======'machine_var_audits_switches_s_detonation'====== Args={'value': 172, 'prev_value': None, 'change': True}
2024-11-10 18:39:34,192 : INFO : EventManager : Event: ======'machine_var_audits_switches_s_detonation_lit'====== Args={'value': 24, 'prev_value': None, 'change': True}
2024-11-10 18:39:34,192 : INFO : EventManager : Event: ======'machine_var_audits_switches_s_dmg_1'====== Args={'value': 2705, 'prev_value': None, 'change': True}
2024-11-10 18:39:34,193 : INFO : EventManager : Event: ======'machine_var_audits_switches_s_dmg_2'====== Args={'value': 65, 'prev_value': None, 'change': True}
2024-11-10 18:39:34,193 : INFO : EventManager : Event: ======'machine_var_audits_switches_s_dmg_3'====== Args={'value': 20, 'prev_value': None, 'change': True}
2024-11-10 18:39:34,194 : INFO : EventManager : Event: ======'machine_var_audits_switches_s_dmg_4'====== Args={'value': 28, 'prev_value': None, 'change': True}
2024-11-10 18:39:34,194 : INFO : EventManager : Event: ======'machine_var_audits_switches_s_dmg_5'====== Args={'value': 27, 'prev_value': None, 'change': True}
2024-11-10 18:39:34,194 : INFO : EventManager : Event: ======'machine_var_audits_switches_s_dmg_6'====== Args={'value': 140, 'prev_value': None, 'change': True}
2024-11-10 18:39:34,195 : INFO : EventManager : Event: ======'machine_var_audits_switches_s_dmg_7'====== Args={'value': 293, 'prev_value': None, 'change': True}
2024-11-10 18:39:34,195 : INFO : EventManager : Event: ======'machine_var_audits_switches_s_drop_target'====== Args={'value': 2094, 'prev_value': None, 'change': True}
2024-11-10 18:39:34,195 : INFO : EventManager : Event: ======'machine_var_audits_switches_s_jet_hole'====== Args={'value': 0, 'prev_value': None, 'change': True}
2024-11-10 18:39:34,196 : INFO : EventManager : Event: ======'machine_var_audits_switches_s_jet_lane'====== Args={'value': 1, 'prev_value': None, 'change': True}
2024-11-10 18:39:34,196 : INFO : EventManager : Event: ======'machine_var_audits_switches_s_kickback'====== Args={'value': 0, 'prev_value': None, 'change': True}
2024-11-10 18:39:34,196 : INFO : EventManager : Event: ======'machine_var_audits_switches_s_kickback_target_1'====== Args={'value': 1, 'prev_value': None, 'change': True}
2024-11-10 18:39:34,197 : INFO : EventManager : Event: ======'machine_var_audits_switches_s_kickback_target_2'====== Args={'value': 1, 'prev_value': None, 'change': True}
2024-11-10 18:39:34,197 : INFO : EventManager : Event: ======'machine_var_audits_switches_s_kickback_target_3'====== Args={'value': 7, 'prev_value': None, 'change': True}
2024-11-10 18:39:34,197 : INFO : EventManager : Event: ======'machine_var_audits_switches_s_kickback_terget_1'====== Args={'value': 0, 'prev_value': None, 'change': True}
2024-11-10 18:39:34,198 : INFO : EventManager : Event: ======'machine_var_audits_switches_s_left_flipper'====== Args={'value': 1472, 'prev_value': None, 'change': True}
2024-11-10 18:39:34,198 : INFO : EventManager : Event: ======'machine_var_audits_switches_s_left_hole'====== Args={'value': 0, 'prev_value': None, 'change': True}
2024-11-10 18:39:34,198 : INFO : EventManager : Event: ======'machine_var_audits_switches_s_left_inlane'====== Args={'value': 351, 'prev_value': None, 'change': True}
2024-11-10 18:39:34,199 : INFO : EventManager : Event: ======'machine_var_audits_switches_s_left_loop_made'====== Args={'value': 244, 'prev_value': None, 'change': True}
2024-11-10 18:39:34,199 : INFO : EventManager : Event: ======'machine_var_audits_switches_s_left_loop_pre'====== Args={'value': 201, 'prev_value': None, 'change': True}
2024-11-10 18:39:34,199 : INFO : EventManager : Event: ======'machine_var_audits_switches_s_left_mid_inlane'====== Args={'value': 147, 'prev_value': None, 'change': True}
2024-11-10 18:39:34,200 : INFO : EventManager : Event: ======'machine_var_audits_switches_s_left_outlane'====== Args={'value': 125, 'prev_value': None, 'change': True}
2024-11-10 18:39:34,200 : INFO : EventManager : Event: ======'machine_var_audits_switches_s_left_ramp_made'====== Args={'value': 2010, 'prev_value': None, 'change': True}
2024-11-10 18:39:34,207 : INFO : EventManager : Event: ======'machine_var_audits_switches_s_left_ramp_pre'====== Args={'value': 275, 'prev_value': None, 'change': True}
2024-11-10 18:39:34,207 : INFO : EventManager : Event: ======'machine_var_audits_switches_s_left_slingshot'====== Args={'value': 38, 'prev_value': None, 'change': True}
2024-11-10 18:39:34,207 : INFO : EventManager : Event: ======'machine_var_audits_switches_s_lock_1'====== Args={'value': 427, 'prev_value': None, 'change': True}
2024-11-10 18:39:34,208 : INFO : EventManager : Event: ======'machine_var_audits_switches_s_lock_2'====== Args={'value': 439, 'prev_value': None, 'change': True}
2024-11-10 18:39:34,208 : INFO : EventManager : Event: ======'machine_var_audits_switches_s_lock_3'====== Args={'value': 522, 'prev_value': None, 'change': True}
2024-11-10 18:39:34,208 : INFO : EventManager : Event: ======'machine_var_audits_switches_s_magnet_switch'====== Args={'value': 0, 'prev_value': None, 'change': True}
2024-11-10 18:39:34,209 : INFO : EventManager : Event: ======'machine_var_audits_switches_s_main_hole'====== Args={'value': 1063, 'prev_value': None, 'change': True}
2024-11-10 18:39:34,209 : INFO : EventManager : Event: ======'machine_var_audits_switches_s_pen_1'====== Args={'value': 819, 'prev_value': None, 'change': True}
2024-11-10 18:39:34,209 : INFO : EventManager : Event: ======'machine_var_audits_switches_s_pen_2'====== Args={'value': 96, 'prev_value': None, 'change': True}
2024-11-10 18:39:34,210 : INFO : EventManager : Event: ======'machine_var_audits_switches_s_pen_3'====== Args={'value': 322, 'prev_value': None, 'change': True}
2024-11-10 18:39:34,210 : INFO : EventManager : Event: ======'machine_var_audits_switches_s_pen_4'====== Args={'value': 5, 'prev_value': None, 'change': True}
2024-11-10 18:39:34,210 : INFO : EventManager : Event: ======'machine_var_audits_switches_s_pen_5'====== Args={'value': 2, 'prev_value': None, 'change': True}
2024-11-10 18:39:34,211 : INFO : EventManager : Event: ======'machine_var_audits_switches_s_pen_6'====== Args={'value': 8, 'prev_value': None, 'change': True}
2024-11-10 18:39:34,211 : INFO : EventManager : Event: ======'machine_var_audits_switches_s_plunger'====== Args={'value': 4106, 'prev_value': None, 'change': True}
2024-11-10 18:39:34,211 : INFO : EventManager : Event: ======'machine_var_audits_switches_s_plunger_button'====== Args={'value': 6, 'prev_value': None, 'change': True}
2024-11-10 18:39:34,212 : INFO : EventManager : Event: ======'machine_var_audits_switches_s_ricochet_1'====== Args={'value': 197, 'prev_value': None, 'change': True}
2024-11-10 18:39:34,212 : INFO : EventManager : Event: ======'machine_var_audits_switches_s_ricochet_2'====== Args={'value': 692, 'prev_value': None, 'change': True}
2024-11-10 18:39:34,212 : INFO : EventManager : Event: ======'machine_var_audits_switches_s_ricochet_3'====== Args={'value': 93, 'prev_value': None, 'change': True}
2024-11-10 18:39:34,213 : INFO : EventManager : Event: ======'machine_var_audits_switches_s_ricochet_4'====== Args={'value': 54, 'prev_value': None, 'change': True}
2024-11-10 18:39:34,213 : INFO : EventManager : Event: ======'machine_var_audits_switches_s_ricochet_5'====== Args={'value': 8, 'prev_value': None, 'change': True}
2024-11-10 18:39:34,213 : INFO : EventManager : Event: ======'machine_var_audits_switches_s_right_flipper'====== Args={'value': 4253, 'prev_value': None, 'change': True}
2024-11-10 18:39:34,214 : INFO : EventManager : Event: ======'machine_var_audits_switches_s_right_hole'====== Args={'value': 26, 'prev_value': None, 'change': True}
2024-11-10 18:39:34,214 : INFO : EventManager : Event: ======'machine_var_audits_switches_s_right_inlane'====== Args={'value': 365, 'prev_value': None, 'change': True}
2024-11-10 18:39:34,214 : INFO : EventManager : Event: ======'machine_var_audits_switches_s_right_loop_made'====== Args={'value': 84, 'prev_value': None, 'change': True}
2024-11-10 18:39:34,215 : INFO : EventManager : Event: ======'machine_var_audits_switches_s_right_loop_pre'====== Args={'value': 72, 'prev_value': None, 'change': True}
2024-11-10 18:39:34,215 : INFO : EventManager : Event: ======'machine_var_audits_switches_s_right_outlane'====== Args={'value': 142, 'prev_value': None, 'change': True}
2024-11-10 18:39:34,216 : INFO : EventManager : Event: ======'machine_var_audits_switches_s_right_ramp_made'====== Args={'value': 1706, 'prev_value': None, 'change': True}
2024-11-10 18:39:34,216 : INFO : EventManager : Event: ======'machine_var_audits_switches_s_right_ramp_pre'====== Args={'value': 83, 'prev_value': None, 'change': True}
2024-11-10 18:39:34,216 : INFO : EventManager : Event: ======'machine_var_audits_switches_s_right_slingshot'====== Args={'value': 135, 'prev_value': None, 'change': True}
2024-11-10 18:39:34,217 : INFO : EventManager : Event: ======'machine_var_audits_switches_s_right_small_ramp'====== Args={'value': 0, 'prev_value': None, 'change': True}
2024-11-10 18:39:34,217 : INFO : EventManager : Event: ======'machine_var_audits_switches_s_right_tunnel'====== Args={'value': 1, 'prev_value': None, 'change': True}
2024-11-10 18:39:34,217 : INFO : EventManager : Event: ======'machine_var_audits_switches_s_saucer'====== Args={'value': 1, 'prev_value': None, 'change': True}
2024-11-10 18:39:34,218 : INFO : EventManager : Event: ======'machine_var_audits_switches_s_side_hole'====== Args={'value': 318, 'prev_value': None, 'change': True}
2024-11-10 18:39:34,218 : INFO : EventManager : Event: ======'machine_var_audits_switches_s_side_ramp_made'====== Args={'value': 1132, 'prev_value': None, 'change': True}
2024-11-10 18:39:34,219 : INFO : EventManager : Event: ======'machine_var_audits_switches_s_side_ramp_pre'====== Args={'value': 113, 'prev_value': None, 'change': True}
2024-11-10 18:39:34,219 : INFO : EventManager : Event: ======'machine_var_audits_switches_s_spinner'====== Args={'value': 0, 'prev_value': None, 'change': True}
2024-11-10 18:39:34,226 : INFO : EventManager : Event: ======'machine_var_audits_switches_s_start'====== Args={'value': 150, 'prev_value': None, 'change': True}
2024-11-10 18:39:34,227 : INFO : EventManager : Event: ======'machine_var_audits_switches_s_torpedo'====== Args={'value': 739, 'prev_value': None, 'change': True}
2024-11-10 18:39:34,227 : INFO : EventManager : Event: ======'machine_var_audits_switches_s_torpedo_lane'====== Args={'value': 2, 'prev_value': None, 'change': True}
2024-11-10 18:39:34,228 : INFO : EventManager : Event: ======'machine_var_audits_switches_s_torpedo_pre'====== Args={'value': 0, 'prev_value': None, 'change': True}
2024-11-10 18:39:34,228 : INFO : EventManager : Event: ======'machine_var_audits_switches_s_trough1'====== Args={'value': 661, 'prev_value': None, 'change': True}
2024-11-10 18:39:34,228 : INFO : EventManager : Event: ======'machine_var_audits_switches_s_trough2'====== Args={'value': 108, 'prev_value': None, 'change': True}
2024-11-10 18:39:34,229 : INFO : EventManager : Event: ======'machine_var_audits_switches_s_trough3'====== Args={'value': 84, 'prev_value': None, 'change': True}
2024-11-10 18:39:34,229 : INFO : EventManager : Event: ======'machine_var_audits_switches_s_trough4'====== Args={'value': 36, 'prev_value': None, 'change': True}
2024-11-10 18:39:34,230 : INFO : EventManager : Event: ======'machine_var_audits_switches_s_trough5'====== Args={'value': 2, 'prev_value': None, 'change': True}
2024-11-10 18:39:34,230 : INFO : EventManager : Event: ======'machine_var_audits_switches_s_trough6'====== Args={'value': 1, 'prev_value': None, 'change': True}
2024-11-10 18:39:34,230 : INFO : EventManager : Event: ======'machine_var_audits_switches_s_trough_jam'====== Args={'value': 0, 'prev_value': None, 'change': True}
2024-11-10 18:39:34,231 : INFO : EventManager : Event: ======'init_phase_5'====== Args={}
2024-11-10 18:39:34,268 : INFO : EventManager : Event: ======'init_done'====== Args={}
2024-11-10 18:39:34,282 : INFO : EventManager : Event: ======'machine_reset_phase_1'====== Args={}
2024-11-10 18:39:34,285 : INFO : EventManager : Event: ======'machine_reset_phase_2'====== Args={}
2024-11-10 18:39:34,286 : INFO : EventManager : Event: ======'machine_reset_phase_3'====== Args={}
2024-11-10 18:39:34,286 : INFO : EventManager : Event: ======'diverter_citadel_diverter_deactivating'====== Args={}
2024-11-10 18:39:34,286 : INFO : coil.c_loop_diverter : Disabling Driver
2024-11-10 18:39:34,286 : INFO : EventManager : Event: ======'diverter_torpedo_peg_deactivating'====== Args={}
2024-11-10 18:39:34,286 : INFO : coil.c_torpedo_peg : Disabling Driver
2024-11-10 18:39:34,286 : INFO : EventManager : Event: ======'reset_complete'====== Args={}
2024-11-10 18:39:34,286 : INFO : EventManager : Event: ======'mode_attract_will_start'====== Args={}
2024-11-10 18:39:34,286 : INFO : EventManager : Event: ======'mode_attract_starting'====== Args={}
2024-11-10 18:39:34,286 : INFO : Mode.attract : Started. Priority: 10
2024-11-10 18:39:34,286 : INFO : EventManager : Event: ======'modes_active_modes_changed'====== Args={}
2024-11-10 18:39:34,287 : INFO : EventManager : Event: ======'mode_attract_started'====== Args={}
2024-11-10 18:39:34,287 : INFO : EventManager : Event: ======'collecting_balls_complete'====== Args={}
2024-11-10 18:39:34,339 : INFO : EventManager : Event: ======'slide_attract_game_over_slide_created'====== Args={'_from_bcp': True}
2024-11-10 18:39:34,339 : INFO : EventManager : Event: ======'slide_attract_game_over_slide_active'====== Args={'_from_bcp': True}
2024-11-10 18:39:34,339 : INFO : Machine : Starting the main run loop.
2024-11-10 18:39:34,445 : INFO : BcpServer : New client connected.
2024-11-10 18:39:36,340 : INFO : EventManager : Event: ======'slide_end_mode_8_compIG_created'====== Args={'_from_bcp': True}
2024-11-10 18:39:36,340 : INFO : EventManager : Event: ======'slide_end_mode_8_compIG_active'====== Args={'_from_bcp': True}
2024-11-10 18:39:38,310 : INFO : EventManager : Event: ======'slide_end_mode_8_comp_created'====== Args={'_from_bcp': True}
2024-11-10 18:39:38,316 : INFO : EventManager : Event: ======'slide_end_mode_8_comp_active'====== Args={'_from_bcp': True}
2024-11-10 18:39:40,339 : INFO : EventManager : Event: ======'slide_end_mode_8_co_created'====== Args={'_from_bcp': True}
2024-11-10 18:39:40,340 : INFO : EventManager : Event: ======'slide_end_mode_8_co_active'====== Args={'_from_bcp': True}
2024-11-10 18:39:41,459 : INFO : SwitchController : <<<<<<< 's_start' active >>>>>>>
2024-11-10 18:39:41,523 : INFO : SwitchController : <<<<<<< 's_start' inactive >>>>>>>
2024-11-10 18:39:41,524 : INFO : EventManager : Event: ======'request_to_start_game'====== Args={}
2024-11-10 18:39:41,524 : INFO : EventManager : Event: ======'game_start'====== Args={'buttons': [], 'hold_time': 0.06199999999989814}
2024-11-10 18:39:41,524 : INFO : EventManager : Event: ======'mode_game_will_start'====== Args={'buttons': [], 'hold_time': 0.06199999999989814}
2024-11-10 18:39:41,527 : INFO : EventManager : Event: ======'mode_game_starting'====== Args={'buttons': [], 'hold_time': 0.06199999999989814}
2024-11-10 18:39:41,527 : INFO : EventManager : Event: ======'mode_attract_will_stop'====== Args={}
2024-11-10 18:39:41,527 : INFO : EventManager : Event: ======'mode_attract_stopping'====== Args={}
2024-11-10 18:39:41,527 : INFO : Mode.attract : Stopped.
2024-11-10 18:39:41,527 : INFO : EventManager : Event: ======'modes_active_modes_changed'====== Args={}
2024-11-10 18:39:41,528 : INFO : EventManager : Event: ======'mode_attract_stopped'====== Args={}
2024-11-10 18:39:41,528 : INFO : EventManager : Event: ======'clear'====== Args={'key': 'attract'}
2024-11-10 18:39:41,528 : INFO : Mode.game : Started. Priority: 20
2024-11-10 18:39:41,528 : INFO : EventManager : Event: ======'modes_active_modes_changed'====== Args={}
2024-11-10 18:39:41,528 : INFO : EventManager : Event: ======'mode_game_started'====== Args={'buttons': [], 'hold_time': 0.06199999999989814}
2024-11-10 18:39:41,553 : INFO : EventManager : Event: ======'game_will_start'====== Args={}
2024-11-10 18:39:41,553 : INFO : EventManager : Event: ======'game_starting'====== Args={'game': <Mode.game>}
2024-11-10 18:39:41,554 : INFO : EventManager : Event: ======'slide_attract_game_over_slide_removed'====== Args={'_from_bcp': True}
2024-11-10 18:39:41,554 : INFO : EventManager : Event: ======'slide_end_mode_8_compIG_removed'====== Args={'_from_bcp': True}
2024-11-10 18:39:41,554 : INFO : EventManager : Event: ======'slide_end_mode_8_comp_removed'====== Args={'_from_bcp': True}
2024-11-10 18:39:41,555 : INFO : EventManager : Event: ======'slide_end_mode_8_co_removed'====== Args={'_from_bcp': True}
2024-11-10 18:39:41,555 : INFO : EventManager : Event: ======'slide_dmd_blank_active'====== Args={'_from_bcp': True}
2024-11-10 18:39:41,555 : INFO : EventManager : Event: ======'player_add_request'====== Args={}
2024-11-10 18:39:41,555 : INFO : EventManager : Event: ======'player_will_add'====== Args={'number': 1}
2024-11-10 18:39:41,557 : INFO : EventManager : Event: ======'player_adding'====== Args={'player': <Player 1>, 'number': 1}
2024-11-10 18:39:41,558 : INFO : EventManager : Event: ======'player_added'====== Args={'player': <Player 1>, 'num': 1}
2024-11-10 18:39:41,558 : INFO : Mode.game : Player added successfully. Total players: 1
2024-11-10 18:39:41,558 : INFO : EventManager : Event: ======'player_index'====== Args={'value': 0, 'prev_value': 0, 'change': 0, 'player_num': 1}
2024-11-10 18:39:41,558 : INFO : EventManager : Event: ======'player_number'====== Args={'value': 1, 'prev_value': 1, 'change': 0, 'player_num': 1}
2024-11-10 18:39:41,558 : INFO : EventManager : Event: ======'player_ReceivedDMG'====== Args={'value': 0, 'prev_value': 0, 'change': 0, 'player_num': 1}
2024-11-10 18:39:41,558 : INFO : EventManager : Event: ======'player_DMGValue'====== Args={'value': 10000000, 'prev_value': 10000000, 'change': 0, 'player_num': 1}
2024-11-10 18:39:41,559 : INFO : EventManager : Event: ======'player_JetValue'====== Args={'value': 5000000, 'prev_value': 5000000, 'change': 0, 'player_num': 1}
2024-11-10 18:39:41,559 : INFO : EventManager : Event: ======'player_BonusX'====== Args={'value': 0, 'prev_value': 0, 'change': 0, 'player_num': 1}
2024-11-10 18:39:41,559 : INFO : EventManager : Event: ======'player_m1shotmade'====== Args={'value': 0, 'prev_value': 0, 'change': 0, 'player_num': 1}
2024-11-10 18:39:41,559 : INFO : EventManager : Event: ======'player_m2shotmade'====== Args={'value': 0, 'prev_value': 0, 'change': 0, 'player_num': 1}
2024-11-10 18:39:41,559 : INFO : EventManager : Event: ======'player_m3shotmade'====== Args={'value': 0, 'prev_value': 0, 'change': 0, 'player_num': 1}
2024-11-10 18:39:41,560 : INFO : EventManager : Event: ======'player_m4shotmade'====== Args={'value': 0, 'prev_value': 0, 'change': 0, 'player_num': 1}
2024-11-10 18:39:41,560 : INFO : EventManager : Event: ======'player_m5shotmade'====== Args={'value': 0, 'prev_value': 0, 'change': 0, 'player_num': 1}
2024-11-10 18:39:41,560 : INFO : EventManager : Event: ======'player_m6shotmade'====== Args={'value': 0, 'prev_value': 0, 'change': 0, 'player_num': 1}
2024-11-10 18:39:41,561 : INFO : EventManager : Event: ======'player_m7shotmade'====== Args={'value': 0, 'prev_value': 0, 'change': 0, 'player_num': 1}
2024-11-10 18:39:41,561 : INFO : EventManager : Event: ======'player_m8shotmade'====== Args={'value': 0, 'prev_value': 0, 'change': 0, 'player_num': 1}
2024-11-10 18:39:41,561 : INFO : EventManager : Event: ======'player_m9shotmade'====== Args={'value': 0, 'prev_value': 0, 'change': 0, 'player_num': 1}
2024-11-10 18:39:41,561 : INFO : EventManager : Event: ======'player_m1_active'====== Args={'value': 0, 'prev_value': 0, 'change': 0, 'player_num': 1}
2024-11-10 18:39:41,562 : INFO : EventManager : Event: ======'player_m2_active'====== Args={'value': 0, 'prev_value': 0, 'change': 0, 'player_num': 1}
2024-11-10 18:39:41,562 : INFO : EventManager : Event: ======'player_m3_active'====== Args={'value': 0, 'prev_value': 0, 'change': 0, 'player_num': 1}
2024-11-10 18:39:41,562 : INFO : EventManager : Event: ======'player_m4_active'====== Args={'value': 0, 'prev_value': 0, 'change': 0, 'player_num': 1}
2024-11-10 18:39:41,563 : INFO : EventManager : Event: ======'player_m5_active'====== Args={'value': 0, 'prev_value': 0, 'change': 0, 'player_num': 1}
2024-11-10 18:39:41,563 : INFO : EventManager : Event: ======'player_m6_active'====== Args={'value': 0, 'prev_value': 0, 'change': 0, 'player_num': 1}
2024-11-10 18:39:41,563 : INFO : EventManager : Event: ======'player_m7_active'====== Args={'value': 0, 'prev_value': 0, 'change': 0, 'player_num': 1}
2024-11-10 18:39:41,563 : INFO : EventManager : Event: ======'player_m8_active'====== Args={'value': 0, 'prev_value': 0, 'change': 0, 'player_num': 1}
2024-11-10 18:39:41,564 : INFO : EventManager : Event: ======'player_m9_active'====== Args={'value': 0, 'prev_value': 0, 'change': 0, 'player_num': 1}
2024-11-10 18:39:41,564 : INFO : EventManager : Event: ======'player_m1shotremaining'====== Args={'value': 4, 'prev_value': 4, 'change': 0, 'player_num': 1}
2024-11-10 18:39:41,564 : INFO : EventManager : Event: ======'player_m2shotremaining'====== Args={'value': 20, 'prev_value': 20, 'change': 0, 'player_num': 1}
2024-11-10 18:39:41,564 : INFO : EventManager : Event: ======'player_m3shotremaining'====== Args={'value': 4, 'prev_value': 4, 'change': 0, 'player_num': 1}
2024-11-10 18:39:41,565 : INFO : EventManager : Event: ======'player_m4shotremaining'====== Args={'value': 4, 'prev_value': 4, 'change': 0, 'player_num': 1}
2024-11-10 18:39:41,565 : INFO : EventManager : Event: ======'player_m5shotremaining'====== Args={'value': 4, 'prev_value': 4, 'change': 0, 'player_num': 1}
2024-11-10 18:39:41,565 : INFO : EventManager : Event: ======'player_m6shotremaining'====== Args={'value': 4, 'prev_value': 4, 'change': 0, 'player_num': 1}
2024-11-10 18:39:41,565 : INFO : EventManager : Event: ======'player_m7shotremaining'====== Args={'value': 4, 'prev_value': 4, 'change': 0, 'player_num': 1}
2024-11-10 18:39:41,566 : INFO : EventManager : Event: ======'player_m8shotremaining'====== Args={'value': 4, 'prev_value': 4, 'change': 0, 'player_num': 1}
2024-11-10 18:39:41,566 : INFO : EventManager : Event: ======'player_m9shotremaining'====== Args={'value': 4, 'prev_value': 4, 'change': 0, 'player_num': 1}
2024-11-10 18:39:41,566 : INFO : EventManager : Event: ======'player_m1entrynumber_m'====== Args={'value': 1, 'prev_value': 1, 'change': 0, 'player_num': 1}
2024-11-10 18:39:41,566 : INFO : EventManager : Event: ======'player_m2entrynumber_m'====== Args={'value': 1, 'prev_value': 1, 'change': 0, 'player_num': 1}
2024-11-10 18:39:41,567 : INFO : EventManager : Event: ======'player_m3entrynumber_m'====== Args={'value': 1, 'prev_value': 1, 'change': 0, 'player_num': 1}
2024-11-10 18:39:41,567 : INFO : EventManager : Event: ======'player_m4entrynumber_m'====== Args={'value': 1, 'prev_value': 1, 'change': 0, 'player_num': 1}
2024-11-10 18:39:41,567 : INFO : EventManager : Event: ======'player_m5entrynumber_m'====== Args={'value': 1, 'prev_value': 1, 'change': 0, 'player_num': 1}
2024-11-10 18:39:41,567 : INFO : EventManager : Event: ======'player_m6entrynumber_m'====== Args={'value': 1, 'prev_value': 1, 'change': 0, 'player_num': 1}
2024-11-10 18:39:41,568 : INFO : EventManager : Event: ======'player_m7entrynumber_m'====== Args={'value': 1, 'prev_value': 1, 'change': 0, 'player_num': 1}
2024-11-10 18:39:41,568 : INFO : EventManager : Event: ======'player_m8entrynumber_m'====== Args={'value': 1, 'prev_value': 1, 'change': 0, 'player_num': 1}
2024-11-10 18:39:41,568 : INFO : EventManager : Event: ======'player_m9entrynumber_m'====== Args={'value': 1, 'prev_value': 1, 'change': 0, 'player_num': 1}
2024-11-10 18:39:41,569 : INFO : EventManager : Event: ======'player_m1entrynumber'====== Args={'value': 0, 'prev_value': 0, 'change': 0, 'player_num': 1}
2024-11-10 18:39:41,569 : INFO : EventManager : Event: ======'player_m2entrynumber'====== Args={'value': 0, 'prev_value': 0, 'change': 0, 'player_num': 1}
2024-11-10 18:39:41,569 : INFO : EventManager : Event: ======'player_m3entrynumber'====== Args={'value': 0, 'prev_value': 0, 'change': 0, 'player_num': 1}
2024-11-10 18:39:41,569 : INFO : EventManager : Event: ======'player_m4entrynumber'====== Args={'value': 0, 'prev_value': 0, 'change': 0, 'player_num': 1}
2024-11-10 18:39:41,569 : INFO : EventManager : Event: ======'player_m5entrynumber'====== Args={'value': 0, 'prev_value': 0, 'change': 0, 'player_num': 1}
2024-11-10 18:39:41,570 : INFO : EventManager : Event: ======'player_m6entrynumber'====== Args={'value': 0, 'prev_value': 0, 'change': 0, 'player_num': 1}
2024-11-10 18:39:41,570 : INFO : EventManager : Event: ======'player_m7entrynumber'====== Args={'value': 0, 'prev_value': 0, 'change': 0, 'player_num': 1}
2024-11-10 18:39:41,570 : INFO : EventManager : Event: ======'player_m8entrynumber'====== Args={'value': 0, 'prev_value': 0, 'change': 0, 'player_num': 1}
2024-11-10 18:39:41,571 : INFO : EventManager : Event: ======'player_m9entrynumber'====== Args={'value': 0, 'prev_value': 0, 'change': 0, 'player_num': 1}
2024-11-10 18:39:41,571 : INFO : EventManager : Event: ======'player_m10_finished'====== Args={'value': 0, 'prev_value': 0, 'change': 0, 'player_num': 1}
2024-11-10 18:39:41,571 : INFO : EventManager : Event: ======'player_mode_shot_enabled'====== Args={'value': 0, 'prev_value': 0, 'change': 0, 'player_num': 1}
2024-11-10 18:39:41,572 : INFO : EventManager : Event: ======'player_mode_shot_made'====== Args={'value': 0, 'prev_value': 0, 'change': 0, 'player_num': 1}
2024-11-10 18:39:41,572 : INFO : EventManager : Event: ======'player_completed_modes'====== Args={'value': 0, 'prev_value': 0, 'change': 0, 'player_num': 1}
2024-11-10 18:39:41,572 : INFO : EventManager : Event: ======'player_dmg_con_last_jackpot'====== Args={'value': 10000000, 'prev_value': 10000000, 'change': 0, 'player_num': 1}
2024-11-10 18:39:41,572 : INFO : EventManager : Event: ======'player_aa_fire_timer_active'====== Args={'value': 0, 'prev_value': 0, 'change': 0, 'player_num': 1}
2024-11-10 18:39:41,573 : INFO : EventManager : Event: ======'player_lock_lit_1_state'====== Args={'value': 0, 'prev_value': 0, 'change': 0, 'player_num': 1}
2024-11-10 18:39:41,573 : INFO : EventManager : Event: ======'player_lock_lit_2_state'====== Args={'value': 0, 'prev_value': 0, 'change': 0, 'player_num': 1}
2024-11-10 18:39:41,573 : INFO : EventManager : Event: ======'player_freeze_started'====== Args={'value': 0, 'prev_value': 0, 'change': 0, 'player_num': 1}
2024-11-10 18:39:41,573 : INFO : EventManager : Event: ======'player_timer_height'====== Args={'value': 0.0, 'prev_value': 0.0, 'change': 0, 'player_num': 1}
2024-11-10 18:39:41,573 : INFO : EventManager : Event: ======'player_citadel_number'====== Args={'value': 0, 'prev_value': 0, 'change': 0, 'player_num': 1}
2024-11-10 18:39:41,574 : INFO : EventManager : Event: ======'player_torpedo_number'====== Args={'value': 0, 'prev_value': 0, 'change': 0, 'player_num': 1}
2024-11-10 18:39:41,574 : INFO : EventManager : Event: ======'player_citadel_load_number'====== Args={'value': 3, 'prev_value': 3, 'change': 0, 'player_num': 1}
2024-11-10 18:39:41,574 : INFO : EventManager : Event: ======'player_torpedo_load_number'====== Args={'value': 3, 'prev_value': 3, 'change': 0, 'player_num': 1}
2024-11-10 18:39:41,575 : INFO : EventManager : Event: ======'player_citadel_ready'====== Args={'value': 0, 'prev_value': 0, 'change': 0, 'player_num': 1}
2024-11-10 18:39:41,575 : INFO : EventManager : Event: ======'player_torpedo_ready'====== Args={'value': 0, 'prev_value': 0, 'change': 0, 'player_num': 1}
2024-11-10 18:39:41,575 : INFO : EventManager : Event: ======'player_torpedo_dmg'====== Args={'value': 10.0, 'prev_value': 10.0, 'change': 0, 'player_num': 1}
2024-11-10 18:39:41,576 : INFO : EventManager : Event: ======'player_citadel_dmg'====== Args={'value': 10.0, 'prev_value': 10.0, 'change': 0, 'player_num': 1}
2024-11-10 18:39:41,576 : INFO : EventManager : Event: ======'player_fire_dmg'====== Args={'value': 10.0, 'prev_value': 10.0, 'change': 0, 'player_num': 1}
2024-11-10 18:39:41,576 : INFO : EventManager : Event: ======'player_penetration_dmg'====== Args={'value': 10.0, 'prev_value': 10.0, 'change': 0, 'player_num': 1}
2024-11-10 18:39:41,576 : INFO : EventManager : Event: ======'player_modeshotremaining'====== Args={'value': -1, 'prev_value': -1, 'change': 0, 'player_num': 1}
2024-11-10 18:39:41,590 : INFO : EventManager : Event: ======'player_super_lock'====== Args={'value': 0, 'prev_value': 0, 'change': 0, 'player_num': 1}
2024-11-10 18:39:41,591 : INFO : EventManager : Event: ======'player_container_lit'====== Args={'value': 0, 'prev_value': 0, 'change': 0, 'player_num': 1}
2024-11-10 18:39:41,591 : INFO : EventManager : Event: ======'player_addaball_lit'====== Args={'value': 0, 'prev_value': 0, 'change': 0, 'player_num': 1}
2024-11-10 18:39:41,591 : INFO : EventManager : Event: ======'player_more_time_lit'====== Args={'value': 0, 'prev_value': 0, 'change': 0, 'player_num': 1}
2024-11-10 18:39:41,591 : INFO : EventManager : Event: ======'player_ship'====== Args={'value': 'None', 'prev_value': 'None', 'change': False, 'player_num': 1}
2024-11-10 18:39:41,591 : INFO : EventManager : Event: ======'player_language'====== Args={'value': 'None', 'prev_value': 'None', 'change': False, 'player_num': 1}
2024-11-10 18:39:41,591 : INFO : EventManager : Event: ======'player_battle_bumper'====== Args={'value': 'fire', 'prev_value': 'fire', 'change': False, 'player_num': 1}
2024-11-10 18:39:41,592 : INFO : EventManager : Event: ======'player_fire_1_active'====== Args={'value': 0, 'prev_value': 0, 'change': 0, 'player_num': 1}
2024-11-10 18:39:41,592 : INFO : EventManager : Event: ======'player_fire_2_active'====== Args={'value': 0, 'prev_value': 0, 'change': 0, 'player_num': 1}
2024-11-10 18:39:41,592 : INFO : EventManager : Event: ======'player_fire_3_active'====== Args={'value': 0, 'prev_value': 0, 'change': 0, 'player_num': 1}
2024-11-10 18:39:41,592 : INFO : EventManager : Event: ======'player_m1_shot_need'====== Args={'value': 0, 'prev_value': 0, 'change': 0, 'player_num': 1}
2024-11-10 18:39:41,592 : INFO : EventManager : Event: ======'player_m2_shot_need'====== Args={'value': 0, 'prev_value': 0, 'change': 0, 'player_num': 1}
2024-11-10 18:39:41,592 : INFO : EventManager : Event: ======'player_m3_shot_need'====== Args={'value': 0, 'prev_value': 0, 'change': 0, 'player_num': 1}
2024-11-10 18:39:41,593 : INFO : EventManager : Event: ======'player_m4_shot_need'====== Args={'value': 0, 'prev_value': 0, 'change': 0, 'player_num': 1}
2024-11-10 18:39:41,593 : INFO : EventManager : Event: ======'player_m5_shot_need'====== Args={'value': 0, 'prev_value': 0, 'change': 0, 'player_num': 1}
2024-11-10 18:39:41,594 : INFO : EventManager : Event: ======'player_m6_shot_need'====== Args={'value': 0, 'prev_value': 0, 'change': 0, 'player_num': 1}
2024-11-10 18:39:41,594 : INFO : EventManager : Event: ======'player_m7_shot_need'====== Args={'value': 0, 'prev_value': 0, 'change': 0, 'player_num': 1}
2024-11-10 18:39:41,594 : INFO : EventManager : Event: ======'player_m8_shot_need'====== Args={'value': 0, 'prev_value': 0, 'change': 0, 'player_num': 1}
2024-11-10 18:39:41,594 : INFO : EventManager : Event: ======'player_m9_shot_need'====== Args={'value': 0, 'prev_value': 0, 'change': 0, 'player_num': 1}
2024-11-10 18:39:41,595 : INFO : EventManager : Event: ======'player_m10_shot_need'====== Args={'value': 0, 'prev_value': 0, 'change': 0, 'player_num': 1}
2024-11-10 18:39:41,595 : INFO : EventManager : Event: ======'player_m9_phase_1_active'====== Args={'value': 0, 'prev_value': 0, 'change': 0, 'player_num': 1}
2024-11-10 18:39:41,595 : INFO : EventManager : Event: ======'player_m9_phase_2_active'====== Args={'value': 0, 'prev_value': 0, 'change': 0, 'player_num': 1}
2024-11-10 18:39:41,596 : INFO : EventManager : Event: ======'player_bomb_number'====== Args={'value': 0, 'prev_value': 0, 'change': 0, 'player_num': 1}
2024-11-10 18:39:41,596 : INFO : EventManager : Event: ======'player_t_1_1_commander'====== Args={'value': 0, 'prev_value': 0, 'change': 0, 'player_num': 1}
2024-11-10 18:39:41,596 : INFO : EventManager : Event: ======'player_t_1_2_commander'====== Args={'value': 0, 'prev_value': 0, 'change': 0, 'player_num': 1}
2024-11-10 18:39:41,596 : INFO : EventManager : Event: ======'player_t_1_3_commander'====== Args={'value': 0, 'prev_value': 0, 'change': 0, 'player_num': 1}
2024-11-10 18:39:41,597 : INFO : EventManager : Event: ======'player_t_1_4_commander'====== Args={'value': 0, 'prev_value': 0, 'change': 0, 'player_num': 1}
2024-11-10 18:39:41,597 : INFO : EventManager : Event: ======'player_t_2_1_commander'====== Args={'value': 0, 'prev_value': 0, 'change': 0, 'player_num': 1}
2024-11-10 18:39:41,597 : INFO : EventManager : Event: ======'player_t_2_2_commander'====== Args={'value': 0, 'prev_value': 0, 'change': 0, 'player_num': 1}
2024-11-10 18:39:41,597 : INFO : EventManager : Event: ======'player_t_2_3_commander'====== Args={'value': 0, 'prev_value': 0, 'change': 0, 'player_num': 1}
2024-11-10 18:39:41,598 : INFO : EventManager : Event: ======'player_t_2_4_commander'====== Args={'value': 0, 'prev_value': 0, 'change': 0, 'player_num': 1}
2024-11-10 18:39:41,598 : INFO : EventManager : Event: ======'player_t_3_1_commander'====== Args={'value': 0, 'prev_value': 0, 'change': 0, 'player_num': 1}
2024-11-10 18:39:41,598 : INFO : EventManager : Event: ======'player_t_3_2_commander'====== Args={'value': 0, 'prev_value': 0, 'change': 0, 'player_num': 1}
2024-11-10 18:39:41,598 : INFO : EventManager : Event: ======'player_t_3_3_commander'====== Args={'value': 0, 'prev_value': 0, 'change': 0, 'player_num': 1}
2024-11-10 18:39:41,598 : INFO : EventManager : Event: ======'player_t_3_4_commander'====== Args={'value': 0, 'prev_value': 0, 'change': 0, 'player_num': 1}
2024-11-10 18:39:41,599 : INFO : EventManager : Event: ======'player_t_4_1_commander'====== Args={'value': 0, 'prev_value': 0, 'change': 0, 'player_num': 1}
2024-11-10 18:39:41,599 : INFO : EventManager : Event: ======'player_t_4_2_commander'====== Args={'value': 0, 'prev_value': 0, 'change': 0, 'player_num': 1}
2024-11-10 18:39:41,599 : INFO : EventManager : Event: ======'player_t_4_3_commander'====== Args={'value': 0, 'prev_value': 0, 'change': 0, 'player_num': 1}
2024-11-10 18:39:41,600 : INFO : EventManager : Event: ======'player_t_4_4_commander'====== Args={'value': 0, 'prev_value': 0, 'change': 0, 'player_num': 1}
2024-11-10 18:39:41,600 : INFO : EventManager : Event: ======'player_current_commander'====== Args={'value': 1, 'prev_value': 1, 'change': 0, 'player_num': 1}
2024-11-10 18:39:41,600 : INFO : EventManager : Event: ======'player_current_skill_points'====== Args={'value': 0, 'prev_value': 0, 'change': 0, 'player_num': 1}
2024-11-10 18:39:41,600 : INFO : EventManager : Event: ======'player_current_skill_level'====== Args={'value': 0, 'prev_value': 0, 'change': 0, 'player_num': 1}
2024-11-10 18:39:41,600 : INFO : EventManager : Event: ======'player_skill_lit'====== Args={'value': 0, 'prev_value': 0, 'change': 0, 'player_num': 1}
2024-11-10 18:39:41,601 : INFO : EventManager : Event: ======'player_bomb_1_active'====== Args={'value': 0, 'prev_value': 0, 'change': 0, 'player_num': 1}
2024-11-10 18:39:41,601 : INFO : EventManager : Event: ======'player_bomb_2_active'====== Args={'value': 0, 'prev_value': 0, 'change': 0, 'player_num': 1}
2024-11-10 18:39:41,601 : INFO : EventManager : Event: ======'player_bomb_3_active'====== Args={'value': 0, 'prev_value': 0, 'change': 0, 'player_num': 1}
2024-11-10 18:39:41,601 : INFO : EventManager : Event: ======'player_bomb_4_active'====== Args={'value': 0, 'prev_value': 0, 'change': 0, 'player_num': 1}
2024-11-10 18:39:41,602 : INFO : EventManager : Event: ======'player_bomb_5_active'====== Args={'value': 0, 'prev_value': 0, 'change': 0, 'player_num': 1}
2024-11-10 18:39:41,602 : INFO : EventManager : Event: ======'player_bomb_6_active'====== Args={'value': 0, 'prev_value': 0, 'change': 0, 'player_num': 1}
2024-11-10 18:39:41,602 : INFO : EventManager : Event: ======'player_bomb_7_active'====== Args={'value': 0, 'prev_value': 0, 'change': 0, 'player_num': 1}
2024-11-10 18:39:41,602 : INFO : EventManager : Event: ======'player_bomb_8_active'====== Args={'value': 0, 'prev_value': 0, 'change': 0, 'player_num': 1}
2024-11-10 18:39:41,603 : INFO : EventManager : Event: ======'player_bomb_9_active'====== Args={'value': 0, 'prev_value': 0, 'change': 0, 'player_num': 1}
2024-11-10 18:39:41,603 : INFO : EventManager : Event: ======'player_bomb_10_active'====== Args={'value': 0, 'prev_value': 0, 'change': 0, 'player_num': 1}
2024-11-10 18:39:41,603 : INFO : EventManager : Event: ======'player_bomb_11_active'====== Args={'value': 0, 'prev_value': 0, 'change': 0, 'player_num': 1}
2024-11-10 18:39:41,603 : INFO : EventManager : Event: ======'player_bomb_animation_queue'====== Args={'value': 0, 'prev_value': 0, 'change': 0, 'player_num': 1}
2024-11-10 18:39:41,604 : INFO : EventManager : Event: ======'player_bomb_animation_in_progress'====== Args={'value': 0, 'prev_value': 0, 'change': 0, 'player_num': 1}
2024-11-10 18:39:41,604 : INFO : EventManager : Event: ======'player_bomb_animation_completed'====== Args={'value': 0, 'prev_value': 0, 'change': 0, 'player_num': 1}
2024-11-10 18:39:41,604 : INFO : EventManager : Event: ======'player_bomb_animation_no_more'====== Args={'value': 0, 'prev_value': 0, 'change': 0, 'player_num': 1}
2024-11-10 18:39:41,604 : INFO : EventManager : Event: ======'player_aircraft_carrier_in_engage'====== Args={'value': 0, 'prev_value': 0, 'change': 0, 'player_num': 1}
2024-11-10 18:39:41,605 : INFO : EventManager : Event: ======'player_aircraft_carrier_torpedo_dropped'====== Args={'value': 0, 'prev_value': 0, 'change': 0, 'player_num': 1}
2024-11-10 18:39:41,605 : INFO : EventManager : Event: ======'player_spinner_value'====== Args={'value': 0, 'prev_value': 0, 'change': 0, 'player_num': 1}
2024-11-10 18:39:41,605 : INFO : EventManager : Event: ======'player_score'====== Args={'value': 0, 'prev_value': 0, 'change': 0, 'player_num': 1}
2024-11-10 18:39:41,606 : INFO : EventManager : Event: ======'game_started'====== Args={}
2024-11-10 18:39:41,643 : INFO : EventManager : Event: ======'player_turn_will_start'====== Args={'player': <Player 1>, 'number': 1}
2024-11-10 18:39:41,643 : INFO : EventManager : Event: ======'player_turn_starting'====== Args={'player': <Player 1>, 'number': 1}
2024-11-10 18:39:41,657 : INFO : EventManager : Event: ======'player_ball'====== Args={'value': 1, 'prev_value': 0, 'change': 1, 'player_num': 1}
2024-11-10 18:39:41,658 : INFO : EventManager : Event: ======'player_turn_started'====== Args={'player': <Player 1>, 'number': 1}
2024-11-10 18:39:41,659 : INFO : EventManager : Event: ======'ball_will_start'====== Args={'player': 1, 'ball': 1, 'balls_remaining': 2, 'is_extra_ball': False}
2024-11-10 18:39:41,671 : INFO : EventManager : Event: ======'mode_mode_manager_will_start'====== Args={'player': 1, 'ball': 1, 'balls_remaining': 2, 'is_extra_ball': False}
2024-11-10 18:39:41,677 : INFO : EventManager : Event: ======'mode_mode_manager_starting'====== Args={'player': 1, 'ball': 1, 'balls_remaining': 2, 'is_extra_ball': False}
2024-11-10 18:39:41,677 : INFO : Mode.mode_manager : Started. Priority: 300
2024-11-10 18:39:41,677 : INFO : EventManager : Event: ======'modes_active_modes_changed'====== Args={}
2024-11-10 18:39:41,677 : INFO : EventManager : Event: ======'mode_mode_manager_started'====== Args={'player': 1, 'ball': 1, 'balls_remaining': 2, 'is_extra_ball': False}
2024-11-10 18:39:41,678 : INFO : EventManager : Event: ======'ball_starting'====== Args={'player': 1, 'ball': 1, 'balls_remaining': 2, 'is_extra_ball': False}
2024-11-10 18:39:41,728 : INFO : EventManager : Event: ======'mode_value_reset_will_start'====== Args={'queue': <QueuedEvent>, 'player': 1, 'ball': 1, 'balls_remaining': 2, 'is_extra_ball': False}
2024-11-10 18:39:41,728 : INFO : EventManager : Event: ======'mode_value_reset_starting'====== Args={'queue': <QueuedEvent>, 'player': 1, 'ball': 1, 'balls_remaining': 2, 'is_extra_ball': False}
2024-11-10 18:39:41,728 : INFO : EventManager : Event: ======'mode_port_hole_manager_will_start'====== Args={'queue': <QueuedEvent>, 'player': 1, 'ball': 1, 'balls_remaining': 2, 'is_extra_ball': False}
2024-11-10 18:39:41,730 : INFO : EventManager : Event: ======'mode_port_hole_manager_starting'====== Args={'queue': <QueuedEvent>, 'player': 1, 'ball': 1, 'balls_remaining': 2, 'is_extra_ball': False}
2024-11-10 18:39:41,730 : INFO : EventManager : Event: ======'mode_main_play_will_start'====== Args={'queue': <QueuedEvent>, 'player': 1, 'ball': 1, 'balls_remaining': 2, 'is_extra_ball': False}
2024-11-10 18:39:41,733 : INFO : EventManager : Event: ======'mode_main_play_starting'====== Args={'queue': <QueuedEvent>, 'player': 1, 'ball': 1, 'balls_remaining': 2, 'is_extra_ball': False}
2024-11-10 18:39:41,733 : INFO : EventManager : Event: ======'mode_capture_will_start'====== Args={'queue': <QueuedEvent>, 'player': 1, 'ball': 1, 'balls_remaining': 2, 'is_extra_ball': False}
2024-11-10 18:39:41,735 : INFO : EventManager : Event: ======'mode_capture_starting'====== Args={'queue': <QueuedEvent>, 'player': 1, 'ball': 1, 'balls_remaining': 2, 'is_extra_ball': False}
2024-11-10 18:39:41,735 : INFO : Mode.port_hole_manager : Started. Priority: 100
2024-11-10 18:39:41,735 : INFO : EventManager : Event: ======'modes_active_modes_changed'====== Args={}
2024-11-10 18:39:41,736 : INFO : EventManager : Event: ======'mode_port_hole_manager_started'====== Args={'queue': <QueuedEvent>, 'player': 1, 'ball': 1, 'balls_remaining': 2, 'is_extra_ball': False}
2024-11-10 18:39:41,736 : INFO : Mode.value_reset : Started. Priority: 100
2024-11-10 18:39:41,736 : INFO : EventManager : Event: ======'modes_active_modes_changed'====== Args={}
2024-11-10 18:39:41,736 : INFO : EventManager : Event: ======'mode_value_reset_started'====== Args={'queue': <QueuedEvent>, 'player': 1, 'ball': 1, 'balls_remaining': 2, 'is_extra_ball': False}
2024-11-10 18:39:41,737 : INFO : EventManager : Event: ======'balls_in_play'====== Args={'balls': 1}
2024-11-10 18:39:41,737 : INFO : EventManager : Event: ======'ball_started'====== Args={'player': 1, 'ball': 1, 'balls_remaining': 2, 'is_extra_ball': False}
2024-11-10 18:39:41,738 : INFO : EventManager : Event: ======'logicblock_bonusX_counter_updated'====== Args={'value': 2, 'enabled': True}
2024-11-10 18:39:41,738 : INFO : EventManager : Event: ======'logicblock_bomb_counter_updated'====== Args={'value': 3, 'enabled': True}
2024-11-10 18:39:41,738 : INFO : EventManager : Event: ======'logicblock_bomb_animation_counter_updated'====== Args={'value': 3, 'enabled': True}
2024-11-10 18:39:41,738 : INFO : EventManager : Event: ======'logicblock_bonusX_counter_updated'====== Args={'value': 2, 'enabled': True}
2024-11-10 18:39:41,738 : INFO : EventManager : Event: ======'logicblock_bomb_counter_updated'====== Args={'value': 3, 'enabled': True}
2024-11-10 18:39:41,739 : INFO : EventManager : Event: ======'logicblock_bomb_animation_counter_updated'====== Args={'value': 3, 'enabled': True}
2024-11-10 18:39:41,739 : INFO : Mode.main_play : Started. Priority: 100
2024-11-10 18:39:41,739 : INFO : EventManager : Event: ======'modes_active_modes_changed'====== Args={}
2024-11-10 18:39:41,739 : INFO : EventManager : Event: ======'mode_main_play_started'====== Args={'queue': <QueuedEvent>, 'player': 1, 'ball': 1, 'balls_remaining': 2, 'is_extra_ball': False}
2024-11-10 18:39:41,753 : INFO : EventManager : Event: ======'logicblock_capture_counter_updated'====== Args={'value': 6, 'enabled': True}
2024-11-10 18:39:41,753 : INFO : EventManager : Event: ======'logicblock_capture_counter_updated'====== Args={'value': 6, 'enabled': True}
2024-11-10 18:39:41,753 : INFO : Mode.capture : Started. Priority: 100
2024-11-10 18:39:41,753 : INFO : EventManager : Event: ======'modes_active_modes_changed'====== Args={}
2024-11-10 18:39:41,754 : INFO : EventManager : Event: ======'mode_capture_started'====== Args={'queue': <QueuedEvent>, 'player': 1, 'ball': 1, 'balls_remaining': 2, 'is_extra_ball': False}
2024-11-10 18:39:41,754 : INFO : EventManager : Event: ======'mode_mode_lit_will_start'====== Args={'player': 1, 'ball': 1, 'balls_remaining': 2, 'is_extra_ball': False}
2024-11-10 18:39:41,754 : INFO : EventManager : Event: ======'achievement_mode_1_changed_state'====== Args={'restore': False, 'state': 'disabled', 'selected': False}
2024-11-10 18:39:41,755 : INFO : EventManager : Event: ======'achievement_mode_1_state_disabled'====== Args={'restore': False, 'state': 'disabled', 'selected': False}
2024-11-10 18:39:41,755 : INFO : EventManager : Event: ======'achievement_mode_2_changed_state'====== Args={'restore': False, 'state': 'disabled', 'selected': False}
2024-11-10 18:39:41,755 : INFO : EventManager : Event: ======'achievement_mode_2_state_disabled'====== Args={'restore': False, 'state': 'disabled', 'selected': False}
2024-11-10 18:39:41,755 : INFO : EventManager : Event: ======'achievement_mode_3_changed_state'====== Args={'restore': False, 'state': 'disabled', 'selected': False}
2024-11-10 18:39:41,755 : INFO : EventManager : Event: ======'achievement_mode_3_state_disabled'====== Args={'restore': False, 'state': 'disabled', 'selected': False}
2024-11-10 18:39:41,756 : INFO : EventManager : Event: ======'achievement_mode_4_changed_state'====== Args={'restore': False, 'state': 'disabled', 'selected': False}
2024-11-10 18:39:41,756 : INFO : EventManager : Event: ======'achievement_mode_4_state_disabled'====== Args={'restore': False, 'state': 'disabled', 'selected': False}
2024-11-10 18:39:41,756 : INFO : EventManager : Event: ======'achievement_mode_5_changed_state'====== Args={'restore': False, 'state': 'disabled', 'selected': False}
2024-11-10 18:39:41,756 : INFO : EventManager : Event: ======'achievement_mode_5_state_disabled'====== Args={'restore': False, 'state': 'disabled', 'selected': False}
2024-11-10 18:39:41,756 : INFO : EventManager : Event: ======'achievement_mode_6_changed_state'====== Args={'restore': False, 'state': 'disabled', 'selected': False}
2024-11-10 18:39:41,756 : INFO : EventManager : Event: ======'achievement_mode_6_state_disabled'====== Args={'restore': False, 'state': 'disabled', 'selected': False}
2024-11-10 18:39:41,757 : INFO : EventManager : Event: ======'achievement_mode_7_changed_state'====== Args={'restore': False, 'state': 'disabled', 'selected': False}
2024-11-10 18:39:41,757 : INFO : EventManager : Event: ======'achievement_mode_7_state_disabled'====== Args={'restore': False, 'state': 'disabled', 'selected': False}
2024-11-10 18:39:41,757 : INFO : EventManager : Event: ======'achievement_mode_8_changed_state'====== Args={'restore': False, 'state': 'disabled', 'selected': False}
2024-11-10 18:39:41,757 : INFO : EventManager : Event: ======'achievement_mode_8_state_disabled'====== Args={'restore': False, 'state': 'disabled', 'selected': False}
2024-11-10 18:39:41,757 : INFO : EventManager : Event: ======'achievement_mode_9_changed_state'====== Args={'restore': False, 'state': 'disabled', 'selected': False}
2024-11-10 18:39:41,758 : INFO : EventManager : Event: ======'achievement_mode_9_state_disabled'====== Args={'restore': False, 'state': 'disabled', 'selected': False}
2024-11-10 18:39:41,758 : INFO : EventManager : Event: ======'achievement_mode_10_changed_state'====== Args={'restore': False, 'state': 'disabled', 'selected': False}
2024-11-10 18:39:41,759 : INFO : EventManager : Event: ======'achievement_mode_10_state_disabled'====== Args={'restore': False, 'state': 'disabled', 'selected': False}
2024-11-10 18:39:41,762 : INFO : EventManager : Event: ======'mode_mode_lit_starting'====== Args={'player': 1, 'ball': 1, 'balls_remaining': 2, 'is_extra_ball': False}
2024-11-10 18:39:41,763 : INFO : EventManager : Event: ======'mode_salvo_lit_will_start'====== Args={'player': 1, 'ball': 1, 'balls_remaining': 2, 'is_extra_ball': False}
2024-11-10 18:39:41,763 : INFO : EventManager : Event: ======'player_shot_ricochet_1_enabled'====== Args={'value': True, 'prev_value': 0, 'change': 1, 'player_num': 1}
2024-11-10 18:39:41,763 : INFO : EventManager : Event: ======'player_shot_ricochet_2_enabled'====== Args={'value': True, 'prev_value': 0, 'change': 1, 'player_num': 1}
2024-11-10 18:39:41,764 : INFO : EventManager : Event: ======'player_shot_ricochet_3_enabled'====== Args={'value': True, 'prev_value': 0, 'change': 1, 'player_num': 1}
2024-11-10 18:39:41,764 : INFO : EventManager : Event: ======'player_shot_ricochet_4_enabled'====== Args={'value': True, 'prev_value': 0, 'change': 1, 'player_num': 1}
2024-11-10 18:39:41,765 : INFO : EventManager : Event: ======'ricochet_targets_complete'====== Args={'state': 'unlit'}
2024-11-10 18:39:41,765 : INFO : EventManager : Event: ======'ricochet_targets_unlit_complete'====== Args={}
2024-11-10 18:39:41,766 : INFO : EventManager : Event: ======'mode_salvo_lit_starting'====== Args={'player': 1, 'ball': 1, 'balls_remaining': 2, 'is_extra_ball': False}
2024-11-10 18:39:41,766 : INFO : EventManager : Event: ======'mode_hc_lock_lit_will_start'====== Args={'player': 1, 'ball': 1, 'balls_remaining': 2, 'is_extra_ball': False}
2024-11-10 18:39:41,766 : INFO : EventManager : Event: ======'player_shot_lock_lit_1_enabled'====== Args={'value': True, 'prev_value': 0, 'change': 1, 'player_num': 1}
2024-11-10 18:39:41,766 : INFO : EventManager : Event: ======'player_shot_lock_lit_2_enabled'====== Args={'value': True, 'prev_value': 0, 'change': 1, 'player_num': 1}
2024-11-10 18:39:41,767 : INFO : EventManager : Event: ======'lock_lits_complete'====== Args={'state': 'unlit'}
2024-11-10 18:39:41,767 : INFO : EventManager : Event: ======'lock_lits_unlit_complete'====== Args={}
2024-11-10 18:39:41,769 : INFO : EventManager : Event: ======'mode_hc_lock_lit_starting'====== Args={'player': 1, 'ball': 1, 'balls_remaining': 2, 'is_extra_ball': False}
2024-11-10 18:39:41,769 : INFO : EventManager : Event: ======'mode_drednaught_will_start'====== Args={'player': 1, 'ball': 1, 'balls_remaining': 2, 'is_extra_ball': False}
2024-11-10 18:39:41,769 : INFO : EventManager : Event: ======'mode_drednaught_starting'====== Args={'player': 1, 'ball': 1, 'balls_remaining': 2, 'is_extra_ball': False}
2024-11-10 18:39:41,769 : INFO : EventManager : Event: ======'mode_bomb_will_start'====== Args={'player': 1, 'ball': 1, 'balls_remaining': 2, 'is_extra_ball': False}
2024-11-10 18:39:41,770 : INFO : EventManager : Event: ======'bomb_2_started'====== Args={}
2024-11-10 18:39:41,771 : INFO : EventManager : Event: ======'mode_bomb_starting'====== Args={'player': 1, 'ball': 1, 'balls_remaining': 2, 'is_extra_ball': False}
2024-11-10 18:39:41,772 : INFO : EventManager : Event: ======'mode_commander_skill_manager_will_start'====== Args={'player': 1, 'ball': 1, 'balls_remaining': 2, 'is_extra_ball': False}
2024-11-10 18:39:41,774 : INFO : EventManager : Event: ======'mode_commander_skill_manager_starting'====== Args={'player': 1, 'ball': 1, 'balls_remaining': 2, 'is_extra_ball': False}
2024-11-10 18:39:41,774 : INFO : EventManager : Event: ======'mode_detonation_will_start'====== Args={'player': 1, 'ball': 1, 'balls_remaining': 2, 'is_extra_ball': False}
2024-11-10 18:39:41,774 : INFO : EventManager : Event: ======'player_shot_detonation_lit_enabled'====== Args={'value': True, 'prev_value': 0, 'change': 1, 'player_num': 1}
2024-11-10 18:39:41,775 : INFO : EventManager : Event: ======'player_shot_detonation_enabled'====== Args={'value': False, 'prev_value': 0, 'change': 0, 'player_num': 1}
2024-11-10 18:39:41,776 : INFO : EventManager : Event: ======'mode_detonation_starting'====== Args={'player': 1, 'ball': 1, 'balls_remaining': 2, 'is_extra_ball': False}
2024-11-10 18:39:41,776 : INFO : EventManager : Event: ======'mode_mode_timer_will_start'====== Args={'player': 1, 'ball': 1, 'balls_remaining': 2, 'is_extra_ball': False}
2024-11-10 18:39:41,778 : INFO : EventManager : Event: ======'mode_timer_disable'====== Args={}
2024-11-10 18:39:41,778 : INFO : EventManager : Event: ======'mode_mode_timer_starting'====== Args={'player': 1, 'ball': 1, 'balls_remaining': 2, 'is_extra_ball': False}
2024-11-10 18:39:41,778 : INFO : EventManager : Event: ======'mode_battle_manager_will_start'====== Args={'player': 1, 'ball': 1, 'balls_remaining': 2, 'is_extra_ball': False}
2024-11-10 18:39:41,780 : INFO : EventManager : Event: ======'mode_battle_manager_starting'====== Args={'player': 1, 'ball': 1, 'balls_remaining': 2, 'is_extra_ball': False}
2024-11-10 18:39:41,780 : INFO : EventManager : Event: ======'mode_container_will_start'====== Args={'player': 1, 'ball': 1, 'balls_remaining': 2, 'is_extra_ball': False}
2024-11-10 18:39:41,780 : INFO : EventManager : Event: ======'player_shot_lane_A_enabled'====== Args={'value': True, 'prev_value': 0, 'change': 1, 'player_num': 1}
2024-11-10 18:39:41,780 : INFO : EventManager : Event: ======'player_shot_lane_B_enabled'====== Args={'value': True, 'prev_value': 0, 'change': 1, 'player_num': 1}
2024-11-10 18:39:41,781 : INFO : EventManager : Event: ======'player_shot_lane_C_enabled'====== Args={'value': True, 'prev_value': 0, 'change': 1, 'player_num': 1}
2024-11-10 18:39:41,781 : INFO : EventManager : Event: ======'player_shot_lane_D_enabled'====== Args={'value': True, 'prev_value': 0, 'change': 1, 'player_num': 1}
2024-11-10 18:39:41,782 : INFO : EventManager : Event: ======'player_shot_lane_E_enabled'====== Args={'value': True, 'prev_value': 0, 'change': 1, 'player_num': 1}
2024-11-10 18:39:41,782 : INFO : EventManager : Event: ======'container_lanes_complete'====== Args={'state': 'unlit'}
2024-11-10 18:39:41,782 : INFO : EventManager : Event: ======'container_lanes_unlit_complete'====== Args={}
2024-11-10 18:39:41,783 : INFO : EventManager : Unordered handler for class ConfigPlayer.event_player/events on event slide_container_ball_text_removed with priority 100. Handlers: [RegisteredHandler(callback=<bound method ConfigPlayer.config_play_callback of ConfigPlayer.event_player/events>, priority=100, kwargs={'calling_context': 'slide_container_ball_text_removed', 'mode': <Mode.port_hole_manager>, 'settings': {'port_check_phase_3_finished': {'priority': 0}}}, key=UUID('adb30b7b-f7d5-4e8b-95ae-c007135e0e55'), condition=None, blocking_facility=None), RegisteredHandler(callback=<bound method ConfigPlayer.config_play_callback of ConfigPlayer.event_player/events>, priority=100, kwargs={'calling_context': 'slide_container_ball_text_removed', 'mode': <Mode.container>, 'settings': {'container_slide_end': {'priority': 0}}}, key=UUID('649b8237-f493-4df0-aadb-8eaf2d9b63f2'), condition=None, blocking_facility=None)]. The order of those handlers is not defined and they will be executed in random order. This might lead to race conditions and potential bugs.
2024-11-10 18:39:41,784 : INFO : EventManager : Event: ======'mode_container_starting'====== Args={'player': 1, 'ball': 1, 'balls_remaining': 2, 'is_extra_ball': False}
2024-11-10 18:39:41,785 : INFO : EventManager : Event: ======'player_DMGValue'====== Args={'value': 120000000, 'prev_value': 10000000, 'change': 110000000, 'player_num': 1}
2024-11-10 18:39:41,785 : INFO : EventManager : Event: ======'player_JetValue'====== Args={'value': 500000, 'prev_value': 5000000, 'change': -4500000, 'player_num': 1}
2024-11-10 18:39:41,785 : INFO : EventManager : Event: ======'player_BonusX'====== Args={'value': 1, 'prev_value': 0, 'change': 1, 'player_num': 1}
2024-11-10 18:39:41,786 : INFO : EventManager : Event: ======'ball_save_main_ball_save_enabled'====== Args={}
2024-11-10 18:39:41,786 : INFO : state_machine.hc_multiball : Transitioning from lock_lit_state to lock_lit_state
2024-11-10 18:39:41,787 : INFO : EventManager : Event: ======'lock_lit_stopped'====== Args={}
2024-11-10 18:39:41,787 : INFO : EventManager : Event: ======'lock_lit_started'====== Args={}
2024-11-10 18:39:41,787 : INFO : EventManager : Event: ======'player_shot_lock_lit_1_enabled'====== Args={'value': False, 'prev_value': True, 'change': -1, 'player_num': 1}
2024-11-10 18:39:41,788 : INFO : EventManager : Event: ======'player_shot_lock_lit_2_enabled'====== Args={'value': False, 'prev_value': True, 'change': -1, 'player_num': 1}
2024-11-10 18:39:41,788 : INFO : EventManager : Event: ======'player_shot_lock_lit_1_enabled'====== Args={'value': True, 'prev_value': False, 'change': 1, 'player_num': 1}
2024-11-10 18:39:41,789 : INFO : EventManager : Event: ======'player_shot_lock_lit_2_enabled'====== Args={'value': True, 'prev_value': False, 'change': 1, 'player_num': 1}
2024-11-10 18:39:41,789 : INFO : EventManager : Event: ======'player_bonusX_progress_number'====== Args={'value': 2, 'prev_value': 0, 'change': 2, 'player_num': 1}
2024-11-10 18:39:41,790 : INFO : EventManager : Event: ======'player_bomb_progress_number'====== Args={'value': 3, 'prev_value': 0, 'change': 3, 'player_num': 1}
2024-11-10 18:39:41,790 : INFO : Mode.container : Started. Priority: 100
2024-11-10 18:39:41,790 : INFO : EventManager : Event: ======'modes_active_modes_changed'====== Args={}
2024-11-10 18:39:41,791 : INFO : EventManager : Event: ======'mode_container_started'====== Args={'player': 1, 'ball': 1, 'balls_remaining': 2, 'is_extra_ball': False}
2024-11-10 18:39:41,791 : INFO : Mode.mode_timer : Started. Priority: 100
2024-11-10 18:39:41,791 : INFO : EventManager : Event: ======'modes_active_modes_changed'====== Args={}
2024-11-10 18:39:41,791 : INFO : EventManager : Event: ======'mode_mode_timer_started'====== Args={'player': 1, 'ball': 1, 'balls_remaining': 2, 'is_extra_ball': False}
2024-11-10 18:39:41,792 : INFO : Mode.detonation : Started. Priority: 100
2024-11-10 18:39:41,792 : INFO : EventManager : Event: ======'modes_active_modes_changed'====== Args={}
2024-11-10 18:39:41,792 : INFO : EventManager : Event: ======'mode_detonation_started'====== Args={'player': 1, 'ball': 1, 'balls_remaining': 2, 'is_extra_ball': False}
2024-11-10 18:39:41,792 : INFO : Mode.commander_skill_manager : Started. Priority: 100
2024-11-10 18:39:41,792 : INFO : EventManager : Event: ======'modes_active_modes_changed'====== Args={}
2024-11-10 18:39:41,793 : INFO : EventManager : Event: ======'mode_commander_skill_manager_started'====== Args={'player': 1, 'ball': 1, 'balls_remaining': 2, 'is_extra_ball': False}
2024-11-10 18:39:41,793 : INFO : Mode.bomb : Started. Priority: 100
2024-11-10 18:39:41,793 : INFO : EventManager : Event: ======'modes_active_modes_changed'====== Args={}
2024-11-10 18:39:41,793 : INFO : EventManager : Event: ======'mode_bomb_started'====== Args={'player': 1, 'ball': 1, 'balls_remaining': 2, 'is_extra_ball': False}
2024-11-10 18:39:41,794 : INFO : Mode.drednaught : Started. Priority: 100
2024-11-10 18:39:41,794 : INFO : EventManager : Event: ======'modes_active_modes_changed'====== Args={}
2024-11-10 18:39:41,794 : INFO : EventManager : Event: ======'mode_drednaught_started'====== Args={'player': 1, 'ball': 1, 'balls_remaining': 2, 'is_extra_ball': False}
2024-11-10 18:39:41,794 : INFO : EventManager : Event: ======'player_take_dmg_score'====== Args={'value': 18000000, 'prev_value': 0, 'change': 18000000, 'player_num': 1}
2024-11-10 18:39:41,795 : INFO : EventManager : Event: ======'player_ReceivedDMGshow'====== Args={'value': 0, 'prev_value': 0, 'change': 0, 'player_num': 1}
2024-11-10 18:39:41,795 : INFO : Mode.hc_lock_lit : Started. Priority: 100
2024-11-10 18:39:41,795 : INFO : EventManager : Event: ======'modes_active_modes_changed'====== Args={}
2024-11-10 18:39:41,795 : INFO : EventManager : Event: ======'mode_hc_lock_lit_started'====== Args={'player': 1, 'ball': 1, 'balls_remaining': 2, 'is_extra_ball': False}
2024-11-10 18:39:41,796 : INFO : Mode.salvo_lit : Started. Priority: 100
2024-11-10 18:39:41,796 : INFO : EventManager : Event: ======'modes_active_modes_changed'====== Args={}
2024-11-10 18:39:41,796 : INFO : EventManager : Event: ======'mode_salvo_lit_started'====== Args={'player': 1, 'ball': 1, 'balls_remaining': 2, 'is_extra_ball': False}
2024-11-10 18:39:41,796 : INFO : Mode.mode_lit : Started. Priority: 100
2024-11-10 18:39:41,797 : INFO : EventManager : Event: ======'modes_active_modes_changed'====== Args={}
2024-11-10 18:39:41,797 : INFO : EventManager : Event: ======'mode_mode_lit_started'====== Args={'player': 1, 'ball': 1, 'balls_remaining': 2, 'is_extra_ball': False}
2024-11-10 18:39:41,797 : INFO : EventManager : Event: ======'achievement_mode_1_changed_state'====== Args={'restore': False, 'state': 'enabled', 'selected': False}
2024-11-10 18:39:41,798 : INFO : EventManager : Event: ======'achievement_mode_1_state_enabled'====== Args={'restore': False, 'state': 'enabled', 'selected': False}
2024-11-10 18:39:41,798 : INFO : EventManager : Event: ======'achievement_mode_2_changed_state'====== Args={'restore': False, 'state': 'enabled', 'selected': False}
2024-11-10 18:39:41,798 : INFO : EventManager : Event: ======'achievement_mode_2_state_enabled'====== Args={'restore': False, 'state': 'enabled', 'selected': False}
2024-11-10 18:39:41,798 : INFO : EventManager : Event: ======'achievement_mode_3_changed_state'====== Args={'restore': False, 'state': 'enabled', 'selected': False}
2024-11-10 18:39:41,799 : INFO : EventManager : Event: ======'achievement_mode_3_state_enabled'====== Args={'restore': False, 'state': 'enabled', 'selected': False}
2024-11-10 18:39:41,799 : INFO : EventManager : Event: ======'achievement_mode_4_changed_state'====== Args={'restore': False, 'state': 'enabled', 'selected': False}
2024-11-10 18:39:41,799 : INFO : EventManager : Event: ======'achievement_mode_4_state_enabled'====== Args={'restore': False, 'state': 'enabled', 'selected': False}
2024-11-10 18:39:41,799 : INFO : EventManager : Event: ======'achievement_mode_5_changed_state'====== Args={'restore': False, 'state': 'enabled', 'selected': False}
2024-11-10 18:39:41,799 : INFO : EventManager : Event: ======'achievement_mode_5_state_enabled'====== Args={'restore': False, 'state': 'enabled', 'selected': False}
2024-11-10 18:39:41,800 : INFO : EventManager : Event: ======'achievement_mode_6_changed_state'====== Args={'restore': False, 'state': 'enabled', 'selected': False}
2024-11-10 18:39:41,800 : INFO : EventManager : Event: ======'achievement_mode_6_state_enabled'====== Args={'restore': False, 'state': 'enabled', 'selected': False}
2024-11-10 18:39:41,800 : INFO : EventManager : Event: ======'achievement_mode_7_changed_state'====== Args={'restore': False, 'state': 'enabled', 'selected': False}
2024-11-10 18:39:41,800 : INFO : EventManager : Event: ======'achievement_mode_7_state_enabled'====== Args={'restore': False, 'state': 'enabled', 'selected': False}
2024-11-10 18:39:41,801 : INFO : EventManager : Event: ======'achievement_mode_8_changed_state'====== Args={'restore': False, 'state': 'enabled', 'selected': False}
2024-11-10 18:39:41,801 : INFO : EventManager : Event: ======'achievement_mode_8_state_enabled'====== Args={'restore': False, 'state': 'enabled', 'selected': False}
2024-11-10 18:39:41,801 : INFO : EventManager : Event: ======'achievement_mode_9_changed_state'====== Args={'restore': False, 'state': 'enabled', 'selected': False}
2024-11-10 18:39:41,801 : INFO : EventManager : Event: ======'achievement_mode_9_state_enabled'====== Args={'restore': False, 'state': 'enabled', 'selected': False}
2024-11-10 18:39:41,802 : INFO : EventManager : Event: ======'achievement_mode_10_changed_state'====== Args={'restore': False, 'state': 'enabled', 'selected': False}
2024-11-10 18:39:41,802 : INFO : EventManager : Event: ======'achievement_mode_10_state_enabled'====== Args={'restore': False, 'state': 'enabled', 'selected': False}
2024-11-10 18:39:41,802 : INFO : EventManager : Event: ======'achievement_mode_10_changed_state'====== Args={'restore': False, 'state': 'enabled', 'selected': True}
2024-11-10 18:39:41,803 : INFO : EventManager : Event: ======'achievement_mode_10_state_enabled'====== Args={'restore': False, 'state': 'enabled', 'selected': True}
2024-11-10 18:39:41,803 : INFO : EventManager : Event: ======'achievement_mode_10_state_selected'====== Args={'restore': False, 'state': 'enabled', 'selected': True}
2024-11-10 18:39:41,856 : INFO : EventManager : Event: ======'logicblock_battle_counter_updated'====== Args={'value': 5, 'enabled': False}
2024-11-10 18:39:41,856 : INFO : Mode.battle_manager : Started. Priority: 100
2024-11-10 18:39:41,856 : INFO : EventManager : Event: ======'modes_active_modes_changed'====== Args={}
2024-11-10 18:39:41,857 : INFO : EventManager : Event: ======'mode_battle_manager_started'====== Args={'player': 1, 'ball': 1, 'balls_remaining': 2, 'is_extra_ball': False}
2024-11-10 18:39:41,857 : INFO : EventManager : Event: ======'player_battle_lit_score'====== Args={'value': 5, 'prev_value': 0, 'change': 5, 'player_num': 1}
2024-11-10 18:39:41,857 : INFO : EventManager : Event: ======'logicblock_battle_counter_updated'====== Args={'value': 5, 'enabled': True}
2024-11-10 18:39:41,858 : INFO : EventManager : Event: ======'single_player_ball_started'====== Args={}
2024-11-10 18:39:41,904 : INFO : ball_device.bd_plunger : Setting up player-controlled eject. Balls: 1, Target: <playfield.playfield>, player_controlled_eject_event: s_plunger_button_active
2024-11-10 18:39:41,904 : INFO : EventManager : Event: ======'balldevice_balls_available'====== Args={}
2024-11-10 18:39:41,905 : INFO : EventManager : Event: ======'slide_base_slide_created'====== Args={'_from_bcp': True}
2024-11-10 18:39:41,905 : INFO : EventManager : Event: ======'slide_base_slide_active'====== Args={'_from_bcp': True}
2024-11-10 18:39:41,924 : INFO : ball_device.bd_trough : State: waiting_for_target_ready
2024-11-10 18:39:41,924 : INFO : EventManager : Event: ======'balldevice_bd_trough_ball_eject_attempt'====== Args={'balls': 1, 'target': <ball_device.bd_plunger>, 'source': <ball_device.bd_trough>, 'mechanical_eject': True, 'num_attempts': 0}
2024-11-10 18:39:41,925 : INFO : ball_device.bd_plunger : State: waiting_for_ball
2024-11-10 18:39:41,925 : INFO : ball_device.bd_trough : State: ejecting
2024-11-10 18:39:41,925 : INFO : ball_device.bd_trough : Ejecting ball to <ball_device.bd_plunger>
2024-11-10 18:39:41,925 : INFO : EventManager : Event: ======'balldevice_bd_trough_ejecting_ball'====== Args={'balls': 1, 'target': <ball_device.bd_plunger>, 'source': <ball_device.bd_trough>, 'mechanical_eject': True, 'num_attempts': 0}
2024-11-10 18:39:41,926 : INFO : ball_device.bd_trough : Wait for ball to leave device
2024-11-10 18:39:41,926 : INFO : coil.c_trough_eject : Pulsing Driver for 20ms (1.0 pulse_power)
2024-11-10 18:39:41,926 : INFO : SwitchController : <<<<<<< 's_trough1' inactive >>>>>>>
2024-11-10 18:39:41,946 : INFO : ball_device.bd_trough : State: ball_left
2024-11-10 18:39:41,946 : INFO : ball_device.bd_trough : Ball left
2024-11-10 18:39:41,946 : INFO : ball_device.bd_trough : Wait for confirm with timeout 10.0
2024-11-10 18:39:42,018 : INFO : SwitchController : <<<<<<< 's_plunger' active >>>>>>>
2024-11-10 18:39:42,018 : INFO : EventManager : Event: ======'machine_var_audits_switches_s_plunger'====== Args={'value': 4107, 'prev_value': 4106, 'change': 1}
2024-11-10 18:39:42,333 : INFO : ball_device.bd_plunger : Received ball from <ball_device.bd_trough>
2024-11-10 18:39:42,333 : INFO : EventManager : Event: ======'balldevice_bd_plunger_ball_enter'====== Args={'new_balls': 1, 'unclaimed_balls': 0, 'new_available_balls': 0, 'device': <ball_device.bd_plunger>}
2024-11-10 18:39:42,333 : INFO : EventManager : Event: ======'balldevice_bd_plunger_ball_entered'====== Args={'new_balls': 0, 'device': <ball_device.bd_plunger>}
2024-11-10 18:39:42,333 : INFO : EventManager : Event: ======'balldevice_bd_plunger_ball_count_changed'====== Args={'balls': 1}
2024-11-10 18:39:42,334 : INFO : ball_device.bd_trough : Got eject confirm
2024-11-10 18:39:42,334 : INFO : ball_device.bd_trough : Eject successful
2024-11-10 18:39:42,334 : INFO : EventManager : Event: ======'balldevice_bd_trough_ball_eject_success'====== Args={'balls': 1, 'target': <ball_device.bd_plunger>}
2024-11-10 18:39:42,334 : INFO : EventManager : Event: ======'balldevice_bd_trough_ball_count_changed'====== Args={'balls': 4}
2024-11-10 18:39:42,334 : INFO : ball_device.bd_trough : State: idle
2024-11-10 18:39:42,334 : INFO : ball_device.bd_plunger : State: waiting_for_target_ready
2024-11-10 18:39:42,334 : INFO : EventManager : Event: ======'balldevice_bd_plunger_ball_eject_attempt'====== Args={'balls': 1, 'target': <playfield.playfield>, 'source': <ball_device.bd_plunger>, 'mechanical_eject': True, 'num_attempts': 0}
2024-11-10 18:39:42,335 : INFO : ball_device.bd_plunger : State: ejecting
2024-11-10 18:39:42,335 : INFO : ball_device.bd_plunger : Ejecting ball to <playfield.playfield>
2024-11-10 18:39:42,335 : INFO : EventManager : Event: ======'balldevice_bd_plunger_ejecting_ball'====== Args={'balls': 1, 'target': <playfield.playfield>, 'source': <ball_device.bd_plunger>, 'mechanical_eject': True, 'num_attempts': 0}
2024-11-10 18:39:42,336 : INFO : ball_device.bd_plunger : Wait for ball to leave device
2024-11-10 18:40:02,024 : INFO : SwitchController : <<<<<<< 's_right_flipper' active >>>>>>>
2024-11-10 18:40:02,024 : INFO : EventManager : Event: ======'s_right_flipper_active'====== Args={}
2024-11-10 18:40:02,024 : INFO : EventManager : Event: ======'machine_var_audits_switches_s_right_flipper'====== Args={'value': 4254, 'prev_value': 4253, 'change': 1}
2024-11-10 18:40:02,034 : INFO : EventManager : Event: ======'achievement_mode_10_changed_state'====== Args={'restore': False, 'state': 'enabled', 'selected': False}
2024-11-10 18:40:02,034 : INFO : EventManager : Event: ======'achievement_mode_10_state_enabled'====== Args={'restore': False, 'state': 'enabled', 'selected': False}
2024-11-10 18:40:02,034 : INFO : EventManager : Event: ======'achievement_mode_1_changed_state'====== Args={'restore': False, 'state': 'enabled', 'selected': True}
2024-11-10 18:40:02,034 : INFO : EventManager : Event: ======'achievement_mode_1_state_enabled'====== Args={'restore': False, 'state': 'enabled', 'selected': True}
2024-11-10 18:40:02,035 : INFO : EventManager : Event: ======'achievement_mode_1_state_selected'====== Args={'restore': False, 'state': 'enabled', 'selected': True}
2024-11-10 18:40:02,035 : INFO : state_machine.mode_memory_state_machine : Transitioning from left to right
2024-11-10 18:40:02,083 : INFO : SwitchController : <<<<<<< 's_right_flipper' inactive >>>>>>>
2024-11-10 18:40:03,227 : INFO : SwitchController : <<<<<<< 's_main_hole' active >>>>>>>
2024-11-10 18:40:03,227 : INFO : EventManager : Event: ======'s_main_hole_active'====== Args={}
2024-11-10 18:40:03,227 : INFO : EventManager : Event: ======'machine_var_audits_switches_s_main_hole'====== Args={'value': 1064, 'prev_value': 1063, 'change': 1}
2024-11-10 18:40:03,228 : INFO : EventManager : Event: ======'mode_timer_pause_event'====== Args={'priority': 0}
2024-11-10 18:40:03,228 : INFO : EventManager : Event: ======'mode_timer_quick_pause_start'====== Args={'priority': 0}
2024-11-10 18:40:03,228 : INFO : EventManager : Event: ======'mode_timer_quick_pause_starting'====== Args={}
2024-11-10 18:40:03,252 : INFO : EventManager : Event: ======'mode_timer_quick_stop'====== Args={}
2024-11-10 18:40:03,267 : INFO : Timer.mode_countdown_delay : Stopping Timer
2024-11-10 18:40:03,267 : INFO : EventManager : Event: ======'timer_mode_countdown_delay_stopped'====== Args={'ticks': 2, 'ticks_remaining': 0}
2024-11-10 18:40:03,718 : INFO : EventManager : Event: ======'balldevice_bd_main_hole_ball_count_changed'====== Args={'balls': 1}
2024-11-10 18:40:03,718 : INFO : ball_device.bd_main_hole : Received unexpected ball
2024-11-10 18:40:03,718 : INFO : EventManager : Event: ======'balldevice_captured_from_playfield'====== Args={'balls': 1}
2024-11-10 18:40:03,718 : INFO : EventManager : Event: ======'sw_playfield_active'====== Args={'balls': 1}
2024-11-10 18:40:03,719 : INFO : EventManager : Event: ======'playfield_active'====== Args={}
2024-11-10 18:40:03,719 : INFO : EventManager : Event: ======'playfield_ball_count_change'====== Args={'balls': -1, 'change': -1}
2024-11-10 18:40:03,719 : INFO : EventManager : Event: ======'balldevice_playfield_ball_enter'====== Args={'new_balls': 1, 'unclaimed_balls': 1, 'device': <playfield.playfield>}
2024-11-10 18:40:03,720 : INFO : EventManager : Event: ======'playfield_ball_count_change'====== Args={'balls': 0, 'change': 1}
2024-11-10 18:40:03,720 : INFO : BallController : Found a new ball which was captured from playfield. Known balls: 6
2024-11-10 18:40:03,720 : INFO : EventManager : Event: ======'found_new_ball'====== Args={}
2024-11-10 18:40:03,720 : INFO : EventManager : Event: ======'balldevice_bd_main_hole_ball_enter'====== Args={'new_balls': 1, 'unclaimed_balls': 1, 'new_available_balls': 1, 'device': <ball_device.bd_main_hole>}
2024-11-10 18:40:03,720 : INFO : ball_device.bd_main_hole : Ejecting 1 unexpected balls using path deque([<ball_device.bd_main_hole>, <playfield.playfield>])
2024-11-10 18:40:03,721 : INFO : EventManager : Event: ======'balldevice_balls_available'====== Args={}
2024-11-10 18:40:03,721 : INFO : EventManager : Event: ======'balldevice_balls_available'====== Args={}
2024-11-10 18:40:03,721 : INFO : EventManager : Event: ======'balldevice_bd_main_hole_ball_entered'====== Args={'new_balls': 1, 'device': <ball_device.bd_main_hole>}
2024-11-10 18:40:03,722 : INFO : ball_device.bd_main_hole : State: waiting_for_target_ready
2024-11-10 18:40:03,722 : INFO : EventManager : Event: ======'balldevice_bd_main_hole_ball_eject_attempt'====== Args={'balls': 1, 'target': <playfield.playfield>, 'source': <ball_device.bd_main_hole>, 'mechanical_eject': False, 'num_attempts': 0}
2024-11-10 18:40:03,723 : INFO : EventManager : Event: ======'start_port_queue'====== Args={}
2024-11-10 18:40:03,723 : INFO : EventManager : Event: ======'start_fire_search'====== Args={'priority': 0}
2024-11-10 18:40:03,723 : INFO : EventManager : Event: ======'port_check_phase_1'====== Args={}
2024-11-10 18:40:03,724 : INFO : EventManager : Event: ======'port_check_phase_1_started'====== Args={}
2024-11-10 18:40:03,724 : INFO : EventManager : Event: ======'port_check_phase_1_finished'====== Args={'priority': 0}
2024-11-10 18:40:03,724 : INFO : EventManager : Event: ======'port_check_phase_1_end'====== Args={}
2024-11-10 18:40:03,725 : INFO : EventManager : Event: ======'port_check_phase_2'====== Args={}
2024-11-10 18:40:03,725 : INFO : EventManager : Event: ======'port_check_phase_2_started'====== Args={}
2024-11-10 18:40:03,725 : INFO : EventManager : Event: ======'start_mode'====== Args={'priority': 0}
2024-11-10 18:40:03,726 : INFO : EventManager : Event: ======'starting_mode_countdown'====== Args={}
2024-11-10 18:40:03,726 : INFO : EventManager : Event: ======'achievement_mode_1_changed_state'====== Args={'restore': False, 'state': 'started', 'selected': False}
2024-11-10 18:40:03,726 : INFO : EventManager : Event: ======'start_mode_1'====== Args={'restore': False, 'state': 'started', 'selected': False}
2024-11-10 18:40:03,726 : INFO : EventManager : Event: ======'mode_will_enabled'====== Args={'restore': False, 'state': 'started', 'selected': False}
2024-11-10 18:40:03,727 : INFO : EventManager : Event: ======'mode_mode_1_will_start'====== Args={'restore': False, 'state': 'started', 'selected': False}
2024-11-10 18:40:03,728 : INFO : EventManager : Event: ======'mode_mode_1_starting'====== Args={'restore': False, 'state': 'started', 'selected': False}
2024-11-10 18:40:03,728 : INFO : EventManager : Event: ======'player_m1_active'====== Args={'value': 1, 'prev_value': 0, 'change': 1, 'player_num': 1}
2024-11-10 18:40:03,729 : INFO : EventManager : Event: ======'mode_starting'====== Args={}
2024-11-10 18:40:03,729 : INFO : EventManager : Event: ======'player_countdown_bar_progress'====== Args={'value': -1, 'prev_value': 0, 'change': -1, 'player_num': 1}
2024-11-10 18:40:03,729 : INFO : EventManager : Event: ======'player_mode_shot_enabled'====== Args={'value': 1, 'prev_value': 0, 'change': 1, 'player_num': 1}
2024-11-10 18:40:03,730 : INFO : EventManager : Event: ======'player_mode_timer_mode_countdown_tick'====== Args={'value': 31, 'prev_value': 0, 'change': 31, 'player_num': 1}
2024-11-10 18:40:03,730 : INFO : EventManager : Event: ======'player_countdown_bar_progress'====== Args={'value': 30, 'prev_value': -1, 'change': 31, 'player_num': 1}
2024-11-10 18:40:03,730 : INFO : Mode.mode_1 : Started. Priority: 300
2024-11-10 18:40:03,730 : INFO : EventManager : Event: ======'modes_active_modes_changed'====== Args={}
2024-11-10 18:40:03,730 : INFO : EventManager : Event: ======'mode_enabled'====== Args={}
2024-11-10 18:40:03,731 : INFO : EventManager : Event: ======'mode_mode_1_started'====== Args={'restore': False, 'state': 'started', 'selected': False}
2024-11-10 18:40:03,731 : INFO : EventManager : Event: ======'player_modeshotmade'====== Args={'value': 0, 'prev_value': 0, 'change': 0, 'player_num': 1}
2024-11-10 18:40:03,731 : INFO : EventManager : Event: ======'player_more_time_lit'====== Args={'value': 1, 'prev_value': 0, 'change': 1, 'player_num': 1}
2024-11-10 18:40:03,732 : INFO : EventManager : Event: ======'player_modetotal'====== Args={'value': 100000, 'prev_value': 0, 'change': 100000, 'player_num': 1}
2024-11-10 18:40:03,732 : INFO : EventManager : Event: ======'player_score'====== Args={'value': 100000, 'prev_value': 0, 'change': 100000, 'player_num': 1}
2024-11-10 18:40:03,732 : INFO : state_machine.global_state : Transitioning from main to mode
2024-11-10 18:40:03,732 : INFO : EventManager : Event: ======'main_state_stopped'====== Args={}
2024-11-10 18:40:03,733 : INFO : EventManager : Event: ======'mode_state'====== Args={}
2024-11-10 18:40:03,733 : INFO : state_machine.mode_states : Transitioning from lite to active
2024-11-10 18:40:03,733 : INFO : EventManager : Event: ======'enable_mode'====== Args={}
2024-11-10 18:40:03,733 : INFO : EventManager : Event: ======'player_mode_timer_mode_freeze_tick'====== Args={'value': 16, 'prev_value': 0, 'change': 16, 'player_num': 1}
2024-11-10 18:40:03,734 : INFO : EventManager : Event: ======'mode_main_play_will_stop'====== Args={}
2024-11-10 18:40:03,735 : INFO : EventManager : Event: ======'mode_main_play_stopping'====== Args={}
2024-11-10 18:40:03,735 : INFO : EventManager : Event: ======'mode_capture_will_stop'====== Args={}
2024-11-10 18:40:03,735 : INFO : EventManager : Event: ======'mode_capture_stopping'====== Args={}
2024-11-10 18:40:03,735 : INFO : EventManager : Event: ======'mode_drednaught_will_stop'====== Args={}
2024-11-10 18:40:03,735 : INFO : EventManager : Event: ======'mode_drednaught_stopping'====== Args={}
2024-11-10 18:40:03,736 : INFO : EventManager : Event: ======'player_m1entrynumber'====== Args={'value': 1, 'prev_value': 0, 'change': 1, 'player_num': 1}
2024-11-10 18:40:03,736 : INFO : EventManager : Event: ======'player_modeentrynumber'====== Args={'value': 1, 'prev_value': 0, 'change': 1, 'player_num': 1}
2024-11-10 18:40:03,736 : INFO : EventManager : Event: ======'player_m1value'====== Args={'value': 0, 'prev_value': 0, 'change': 0, 'player_num': 1}
2024-11-10 18:40:03,736 : INFO : EventManager : Event: ======'player_entry_modification'====== Args={'value': 1.0, 'prev_value': 0, 'change': 1.0, 'player_num': 1}
2024-11-10 18:40:03,737 : INFO : EventManager : Event: ======'player_m1value'====== Args={'value': 600000, 'prev_value': 0, 'change': 600000, 'player_num': 1}
2024-11-10 18:40:03,737 : INFO : Mode.drednaught : Stopped.
2024-11-10 18:40:03,737 : INFO : EventManager : Event: ======'modes_active_modes_changed'====== Args={}
2024-11-10 18:40:03,738 : INFO : EventManager : Event: ======'mode_drednaught_stopped'====== Args={}
2024-11-10 18:40:03,738 : INFO : EventManager : Event: ======'clear'====== Args={'key': 'drednaught'}
2024-11-10 18:40:03,738 : INFO : Mode.capture : Stopped.
2024-11-10 18:40:03,738 : INFO : EventManager : Event: ======'modes_active_modes_changed'====== Args={}
2024-11-10 18:40:03,739 : INFO : EventManager : Event: ======'mode_capture_stopped'====== Args={}
2024-11-10 18:40:03,739 : INFO : EventManager : Event: ======'clear'====== Args={'key': 'capture'}
2024-11-10 18:40:03,739 : INFO : Mode.main_play : Stopped.
2024-11-10 18:40:03,739 : INFO : EventManager : Event: ======'modes_active_modes_changed'====== Args={}
2024-11-10 18:40:03,740 : INFO : EventManager : Event: ======'mode_main_play_stopped'====== Args={}
2024-11-10 18:40:03,740 : INFO : EventManager : Event: ======'clear'====== Args={'key': 'main_play'}
2024-11-10 18:40:03,741 : INFO : EventManager : Event: ======'HAGYDFIGYELMENKIVUL'====== Args={}
2024-11-10 18:40:03,741 : INFO : EventManager : Event: ======'pause_delay'====== Args={}
2024-11-10 18:40:03,798 : INFO : EventManager : Event: ======'slide_mode_1_start_slide_created'====== Args={'_from_bcp': True}
2024-11-10 18:40:03,798 : INFO : EventManager : Event: ======'slide_mode_1_start_slide_active'====== Args={'_from_bcp': True}
2024-11-10 18:40:05,140 : INFO : EventManager : Event: ======'slide_mode_1_start_slide_text_created'====== Args={'_from_bcp': True}
2024-11-10 18:40:05,140 : INFO : EventManager : Event: ======'slide_mode_1_start_slide_text_active'====== Args={'_from_bcp': True}
2024-11-10 18:40:06,116 : INFO : EventManager : Event: ======'mode_slide_can_start'====== Args={'priority': 0}
2024-11-10 18:40:06,116 : INFO : EventManager : Event: ======'mode_start_slide_end'====== Args={'priority': 0}
2024-11-10 18:40:06,117 : INFO : EventManager : Event: ======'port_check_phase_2_finished'====== Args={'priority': 0}
2024-11-10 18:40:06,117 : INFO : EventManager : Event: ======'mode_enabled'====== Args={}
2024-11-10 18:40:06,117 : INFO : EventManager : Event: ======'port_check_phase_2_end'====== Args={}
2024-11-10 18:40:06,117 : INFO : EventManager : Event: ======'player_score'====== Args={'value': 200000, 'prev_value': 100000, 'change': 100000, 'player_num': 1}
2024-11-10 18:40:06,118 : INFO : EventManager : Event: ======'port_check_phase_3'====== Args={}
2024-11-10 18:40:06,118 : INFO : EventManager : Event: ======'port_check_phase_3_started'====== Args={}
2024-11-10 18:40:06,130 : INFO : EventManager : Event: ======'port_check_phase_3_finished'====== Args={'priority': 0}
2024-11-10 18:40:06,130 : INFO : EventManager : Event: ======'end_port_queue'====== Args={}
2024-11-10 18:40:06,131 : INFO : EventManager : Event: ======'slide_mode_slide_created'====== Args={'_from_bcp': True}
2024-11-10 18:40:06,131 : INFO : ball_device.bd_main_hole : State: ejecting
2024-11-10 18:40:06,131 : INFO : ball_device.bd_main_hole : Ejecting ball to <playfield.playfield>
2024-11-10 18:40:06,131 : INFO : EventManager : Event: ======'balldevice_bd_main_hole_ejecting_ball'====== Args={'balls': 1, 'target': <playfield.playfield>, 'source': <ball_device.bd_main_hole>, 'mechanical_eject': False, 'num_attempts': 0}
2024-11-10 18:40:06,132 : INFO : ball_device.bd_main_hole : Wait for ball to leave device
2024-11-10 18:40:06,132 : INFO : coil.c_scoop_eject : Pulsing Driver for 10ms (1.0 pulse_power)
2024-11-10 18:40:06,132 : INFO : SwitchController : <<<<<<< 's_main_hole' inactive >>>>>>>
2024-11-10 18:40:06,132 : INFO : EventManager : Event: ======'s_main_hole_inactive'====== Args={}
2024-11-10 18:40:06,132 : INFO : EventManager : Event: ======'mode_timer_pause_event'====== Args={'priority': 0}
2024-11-10 18:40:06,144 : INFO : EventManager : Event: ======'start_mode_countdown'====== Args={}
2024-11-10 18:40:06,144 : INFO : state_machine.mode_timer_state : Transitioning from mode_timer_disabled to mode_countdown_pause
2024-11-10 18:40:06,144 : INFO : EventManager : Event: ======'mode_timer_enabled'====== Args={}
2024-11-10 18:40:06,145 : INFO : EventManager : Event: ======'start_delay'====== Args={}
2024-11-10 18:40:06,145 : INFO : EventManager : Event: ======'player_mode_timer_mode_countdown_delay_tick'====== Args={'value': 2, 'prev_value': 0, 'change': 2, 'player_num': 1}
2024-11-10 18:40:06,146 : INFO : Timer.mode_countdown_delay : Starting Timer.
2024-11-10 18:40:06,146 : INFO : EventManager : Event: ======'timer_mode_countdown_delay_started'====== Args={'ticks': 2, 'ticks_remaining': 2}
2024-11-10 18:40:06,146 : INFO : EventManager : Event: ======'timer_mode_countdown_delay_tick'====== Args={'ticks': 2, 'ticks_remaining': 2}
2024-11-10 18:40:06,146 : INFO : EventManager : Event: ======'mode_timer_quick_start'====== Args={}
2024-11-10 18:40:06,147 : INFO : ball_device.bd_main_hole : State: ball_left
2024-11-10 18:40:06,147 : INFO : ball_device.bd_main_hole : Ball left
2024-11-10 18:40:06,147 : INFO : ball_device.bd_main_hole : Wait for confirm with timeout 1.0
2024-11-10 18:40:07,139 : INFO : EventManager : Event: ======'player_mode_timer_mode_countdown_delay_tick'====== Args={'value': 1, 'prev_value': 2, 'change': -1, 'player_num': 1}
2024-11-10 18:40:07,140 : INFO : EventManager : Event: ======'timer_mode_countdown_delay_tick'====== Args={'ticks': 1, 'ticks_remaining': 1}
2024-11-10 18:40:07,140 : INFO : EventManager : Event: ======'slide_mode_1_start_slide_removed'====== Args={'_from_bcp': True}
2024-11-10 18:40:07,141 : INFO : ball_device.bd_main_hole : State: failed_confirm
2024-11-10 18:40:07,141 : INFO : ball_device.bd_main_hole : Got timeout (1.0s) before confirm from <playfield.playfield>
2024-11-10 18:40:07,141 : INFO : EventManager : Event: ======'slide_mode_1_start_slide_text_removed'====== Args={'_from_bcp': True}
2024-11-10 18:40:07,141 : INFO : EventManager : Event: ======'slide_mode_slide_active'====== Args={'_from_bcp': True}
2024-11-10 18:40:07,254 : INFO : ball_device.bd_main_hole : Confirming eject because target is playfield and ball did not return.
2024-11-10 18:40:07,254 : INFO : ball_device.bd_main_hole : Eject successful
2024-11-10 18:40:07,254 : INFO : EventManager : Event: ======'balldevice_bd_main_hole_ball_eject_success'====== Args={'balls': 1, 'target': <playfield.playfield>}
2024-11-10 18:40:07,255 : INFO : EventManager : Event: ======'balldevice_playfield_ball_enter'====== Args={'new_balls': 1, 'unclaimed_balls': 1, 'device': <playfield.playfield>}
2024-11-10 18:40:07,255 : INFO : EventManager : Event: ======'playfield_ball_count_change'====== Args={'balls': 1, 'change': 1}
2024-11-10 18:40:07,256 : INFO : EventManager : Event: ======'balldevice_bd_main_hole_ball_count_changed'====== Args={'balls': 0}
2024-11-10 18:40:07,256 : INFO : ball_device.bd_main_hole : State: idle
2024-11-10 18:40:08,128 : INFO : EventManager : Event: ======'player_mode_timer_mode_countdown_delay_tick'====== Args={'value': 0, 'prev_value': 1, 'change': -1, 'player_num': 1}
2024-11-10 18:40:08,128 : INFO : Timer.mode_countdown_delay : Timer Complete
2024-11-10 18:40:08,128 : INFO : Timer.mode_countdown_delay : Stopping Timer
2024-11-10 18:40:08,128 : INFO : EventManager : Event: ======'timer_mode_countdown_delay_stopped'====== Args={'ticks': 0, 'ticks_remaining': 1}
2024-11-10 18:40:08,129 : INFO : EventManager : Event: ======'timer_mode_countdown_delay_complete'====== Args={'ticks': 0, 'ticks_remaining': 1}
2024-11-10 18:40:08,129 : INFO : state_machine.mode_timer_state : Transitioning from mode_countdown_pause to mode_countdown_run
2024-11-10 18:40:08,129 : INFO : EventManager : Event: ======'stop_delay'====== Args={}
2024-11-10 18:40:08,130 : INFO : EventManager : Event: ======'mode_countdown_run_enabled'====== Args={}
2024-11-10 18:40:08,130 : INFO : Timer.mode_countdown : Starting Timer.
2024-11-10 18:40:08,130 : INFO : EventManager : Event: ======'timer_mode_countdown_started'====== Args={'ticks': 31, 'ticks_remaining': 31}
2024-11-10 18:40:08,130 : INFO : EventManager : Event: ======'timer_mode_countdown_tick'====== Args={'ticks': 31, 'ticks_remaining': 31}
2024-11-10 18:40:09,141 : INFO : EventManager : Event: ======'player_mode_timer_mode_countdown_tick'====== Args={'value': 30, 'prev_value': 31, 'change': -1, 'player_num': 1}
2024-11-10 18:40:09,141 : INFO : EventManager : Event: ======'timer_mode_countdown_tick'====== Args={'ticks': 30, 'ticks_remaining': 30}
2024-11-10 18:40:09,142 : INFO : EventManager : Event: ======'player_countdown_bar_progress'====== Args={'value': 29, 'prev_value': 30, 'change': -1, 'player_num': 1}
2024-11-10 18:40:10,152 : INFO : EventManager : Event: ======'player_mode_timer_mode_countdown_tick'====== Args={'value': 29, 'prev_value': 30, 'change': -1, 'player_num': 1}
2024-11-10 18:40:10,152 : INFO : EventManager : Event: ======'timer_mode_countdown_tick'====== Args={'ticks': 29, 'ticks_remaining': 29}
2024-11-10 18:40:10,152 : INFO : EventManager : Event: ======'player_countdown_bar_progress'====== Args={'value': 28, 'prev_value': 29, 'change': -1, 'player_num': 1}
2024-11-10 18:40:10,299 : INFO : SwitchController : <<<<<<< 's_dmg_1' active >>>>>>>
2024-11-10 18:40:10,299 : INFO : EventManager : Event: ======'sw_take_dmg'====== Args={}
2024-11-10 18:40:10,299 : INFO : EventManager : Event: ======'machine_var_audits_switches_s_dmg_1'====== Args={'value': 2706, 'prev_value': 2705, 'change': 1}
2024-11-10 18:40:10,300 : INFO : EventManager : Event: ======'logicblock_m1_delay_updated'====== Args={'value': 1, 'enabled': True}
2024-11-10 18:40:10,300 : INFO : EventManager : Event: ======'counter_m1_delay_hit'====== Args={'count': 1, 'remaining': 0}
2024-11-10 18:40:10,301 : INFO : EventManager : Event: ======'logicblock_m1_delay_hit'====== Args={'count': 1, 'remaining': 0}
2024-11-10 18:40:10,301 : INFO : EventManager : Event: ======'m1calculate_pre'====== Args={}
2024-11-10 18:40:10,311 : INFO : EventManager : Event: ======'logicblock_m1_delay_updated'====== Args={'value': 0, 'enabled': True}
2024-11-10 18:40:10,311 : INFO : EventManager : Event: ======'m1calculate'====== Args={'priority': 0}
2024-11-10 18:40:10,312 : INFO : EventManager : Event: ======'player_modetotal'====== Args={'value': 700000, 'prev_value': 100000, 'change': 600000, 'player_num': 1}
2024-11-10 18:40:10,312 : INFO : EventManager : Event: ======'player_score'====== Args={'value': 800000, 'prev_value': 200000, 'change': 600000, 'player_num': 1}
2024-11-10 18:40:10,312 : INFO : EventManager : Event: ======'player_m1shotmade'====== Args={'value': 1, 'prev_value': 0, 'change': 1, 'player_num': 1}
2024-11-10 18:40:10,312 : INFO : EventManager : Event: ======'player_mode_shot_made'====== Args={'value': 1, 'prev_value': 0, 'change': 1, 'player_num': 1}
2024-11-10 18:40:10,312 : INFO : EventManager : Event: ======'player_m1shotremaining'====== Args={'value': 3, 'prev_value': 4, 'change': -1, 'player_num': 1}
2024-11-10 18:40:10,313 : INFO : EventManager : Event: ======'player_modeshotremaining'====== Args={'value': 3, 'prev_value': -1, 'change': 4, 'player_num': 1}
2024-11-10 18:40:10,341 : INFO : EventManager : Event: ======'slide_mode_1_shot_made_slide_1_created'====== Args={'_from_bcp': True}
2024-11-10 18:40:10,342 : INFO : EventManager : Event: ======'slide_mode_1_shot_made_slide_1_active'====== Args={'_from_bcp': True}
2024-11-10 18:40:10,379 : INFO : SwitchController : <<<<<<< 's_dmg_1' inactive >>>>>>>
2024-11-10 18:40:11,149 : INFO : EventManager : Event: ======'player_mode_timer_mode_countdown_tick'====== Args={'value': 28, 'prev_value': 29, 'change': -1, 'player_num': 1}
2024-11-10 18:40:11,149 : INFO : EventManager : Event: ======'timer_mode_countdown_tick'====== Args={'ticks': 28, 'ticks_remaining': 28}
2024-11-10 18:40:11,150 : INFO : EventManager : Event: ======'player_countdown_bar_progress'====== Args={'value': 27, 'prev_value': 28, 'change': -1, 'player_num': 1}
2024-11-10 18:40:12,127 : INFO : EventManager : Event: ======'player_mode_timer_mode_countdown_tick'====== Args={'value': 27, 'prev_value': 28, 'change': -1, 'player_num': 1}
2024-11-10 18:40:12,127 : INFO : EventManager : Event: ======'timer_mode_countdown_tick'====== Args={'ticks': 27, 'ticks_remaining': 27}
2024-11-10 18:40:12,127 : INFO : EventManager : Event: ======'player_countdown_bar_progress'====== Args={'value': 26, 'prev_value': 27, 'change': -1, 'player_num': 1}
2024-11-10 18:40:13,141 : INFO : EventManager : Event: ======'player_mode_timer_mode_countdown_tick'====== Args={'value': 26, 'prev_value': 27, 'change': -1, 'player_num': 1}
2024-11-10 18:40:13,141 : INFO : EventManager : Event: ======'timer_mode_countdown_tick'====== Args={'ticks': 26, 'ticks_remaining': 26}
2024-11-10 18:40:13,141 : INFO : EventManager : Event: ======'player_countdown_bar_progress'====== Args={'value': 25, 'prev_value': 26, 'change': -1, 'player_num': 1}
2024-11-10 18:40:13,440 : INFO : EventManager : Event: ======'slide_mode_1_shot_made_slide_1_removed'====== Args={'_from_bcp': True}
2024-11-10 18:40:13,441 : INFO : EventManager : Event: ======'slide_mode_slide_active'====== Args={'_from_bcp': True}
2024-11-10 18:40:14,153 : INFO : EventManager : Event: ======'player_mode_timer_mode_countdown_tick'====== Args={'value': 25, 'prev_value': 26, 'change': -1, 'player_num': 1}
2024-11-10 18:40:14,153 : INFO : EventManager : Event: ======'timer_mode_countdown_tick'====== Args={'ticks': 25, 'ticks_remaining': 25}
2024-11-10 18:40:14,154 : INFO : EventManager : Event: ======'player_countdown_bar_progress'====== Args={'value': 24, 'prev_value': 25, 'change': -1, 'player_num': 1}
2024-11-10 18:40:15,145 : INFO : EventManager : Event: ======'player_mode_timer_mode_countdown_tick'====== Args={'value': 24, 'prev_value': 25, 'change': -1, 'player_num': 1}
2024-11-10 18:40:15,145 : INFO : EventManager : Event: ======'timer_mode_countdown_tick'====== Args={'ticks': 24, 'ticks_remaining': 24}
2024-11-10 18:40:15,146 : INFO : EventManager : Event: ======'player_countdown_bar_progress'====== Args={'value': 23, 'prev_value': 24, 'change': -1, 'player_num': 1}
2024-11-10 18:40:16,144 : INFO : EventManager : Event: ======'player_mode_timer_mode_countdown_tick'====== Args={'value': 23, 'prev_value': 24, 'change': -1, 'player_num': 1}
2024-11-10 18:40:16,145 : INFO : EventManager : Event: ======'timer_mode_countdown_tick'====== Args={'ticks': 23, 'ticks_remaining': 23}
2024-11-10 18:40:16,145 : INFO : EventManager : Event: ======'player_countdown_bar_progress'====== Args={'value': 22, 'prev_value': 23, 'change': -1, 'player_num': 1}
2024-11-10 18:40:17,144 : INFO : EventManager : Event: ======'player_mode_timer_mode_countdown_tick'====== Args={'value': 22, 'prev_value': 23, 'change': -1, 'player_num': 1}
2024-11-10 18:40:17,144 : INFO : EventManager : Event: ======'timer_mode_countdown_tick'====== Args={'ticks': 22, 'ticks_remaining': 22}
2024-11-10 18:40:17,145 : INFO : EventManager : Event: ======'player_countdown_bar_progress'====== Args={'value': 21, 'prev_value': 22, 'change': -1, 'player_num': 1}
2024-11-10 18:40:17,192 : INFO : SwitchController : <<<<<<< 's_trough1' active >>>>>>>
2024-11-10 18:40:17,192 : INFO : EventManager : Event: ======'machine_var_audits_switches_s_trough1'====== Args={'value': 662, 'prev_value': 661, 'change': 1}
2024-11-10 18:40:17,505 : INFO : EventManager : Event: ======'balldevice_bd_trough_ball_count_changed'====== Args={'balls': 5}
2024-11-10 18:40:17,505 : INFO : ball_device.bd_trough : Received unexpected ball
2024-11-10 18:40:17,505 : INFO : EventManager : Event: ======'balldevice_captured_from_playfield'====== Args={'balls': 1}
2024-11-10 18:40:17,506 : INFO : EventManager : Event: ======'sw_playfield_active'====== Args={'balls': 1}
2024-11-10 18:40:17,506 : INFO : EventManager : Event: ======'playfield_ball_count_change'====== Args={'balls': 0, 'change': -1}
2024-11-10 18:40:17,506 : INFO : EventManager : Event: ======'balldevice_bd_trough_ball_enter'====== Args={'new_balls': 1, 'unclaimed_balls': 1, 'new_available_balls': 1, 'device': <ball_device.bd_trough>}
2024-11-10 18:40:17,506 : INFO : EventManager : Event: ======'ball_drain'====== Args={'device': <ball_device.bd_trough>, 'balls': 1}
2024-11-10 18:40:17,507 : INFO : EventManager : Event: ======'ball_save_main_ball_save_saving_ball'====== Args={'balls': 1, 'early_save': False}
2024-11-10 18:40:17,507 : INFO : EventManager : Event: ======'ball_save_main_ball_save_disabled'====== Args={}
2024-11-10 18:40:17,508 : INFO : EventManager : Event: ======'balldevice_balls_available'====== Args={}
2024-11-10 18:40:17,508 : INFO : EventManager : Event: ======'balldevice_bd_trough_ball_entered'====== Args={'new_balls': 1, 'device': <ball_device.bd_trough>}
2024-11-10 18:40:17,533 : INFO : EventManager : Event: ======'slide_ball_saved_slide_created'====== Args={'_from_bcp': True}
2024-11-10 18:40:17,533 : INFO : EventManager : Event: ======'slide_ball_saved_slide_active'====== Args={'_from_bcp': True}
2024-11-10 18:40:18,153 : INFO : EventManager : Event: ======'player_mode_timer_mode_countdown_tick'====== Args={'value': 21, 'prev_value': 22, 'change': -1, 'player_num': 1}
2024-11-10 18:40:18,153 : INFO : EventManager : Event: ======'timer_mode_countdown_tick'====== Args={'ticks': 21, 'ticks_remaining': 21}
2024-11-10 18:40:18,154 : INFO : EventManager : Event: ======'player_countdown_bar_progress'====== Args={'value': 20, 'prev_value': 21, 'change': -1, 'player_num': 1}
2024-11-10 18:40:18,525 : INFO : ball_device.bd_plunger : Adding 1 ball(s) to the eject_queue with target <playfield.playfield>.
2024-11-10 18:40:18,525 : INFO : EventManager : Event: ======'balldevice_balls_available'====== Args={}
2024-11-10 18:40:18,526 : INFO : EventManager : Event: ======'slide_ball_saved_slide_removed'====== Args={'_from_bcp': True}
2024-11-10 18:40:18,526 : INFO : EventManager : Event: ======'slide_mode_slide_active'====== Args={'_from_bcp': True}
2024-11-10 18:40:18,526 : INFO : ball_device.bd_trough : State: waiting_for_target_ready
2024-11-10 18:40:18,527 : INFO : EventManager : Event: ======'balldevice_bd_trough_ball_eject_attempt'====== Args={'balls': 1, 'target': <ball_device.bd_plunger>, 'source': <ball_device.bd_trough>, 'mechanical_eject': False, 'num_attempts': 0}
2024-11-10 18:40:19,150 : INFO : EventManager : Event: ======'player_mode_timer_mode_countdown_tick'====== Args={'value': 20, 'prev_value': 21, 'change': -1, 'player_num': 1}
2024-11-10 18:40:19,150 : INFO : EventManager : Event: ======'timer_mode_countdown_tick'====== Args={'ticks': 20, 'ticks_remaining': 20}
2024-11-10 18:40:19,150 : INFO : EventManager : Event: ======'player_countdown_bar_progress'====== Args={'value': 19, 'prev_value': 20, 'change': -1, 'player_num': 1}
2024-11-10 18:40:20,149 : INFO : EventManager : Event: ======'player_mode_timer_mode_countdown_tick'====== Args={'value': 19, 'prev_value': 20, 'change': -1, 'player_num': 1}
2024-11-10 18:40:20,149 : INFO : EventManager : Event: ======'timer_mode_countdown_tick'====== Args={'ticks': 19, 'ticks_remaining': 19}
2024-11-10 18:40:20,150 : INFO : EventManager : Event: ======'player_countdown_bar_progress'====== Args={'value': 18, 'prev_value': 19, 'change': -1, 'player_num': 1}
2024-11-10 18:40:20,647 : INFO : SwitchController : <<<<<<< 's_plunger' inactive >>>>>>>
2024-11-10 18:40:20,659 : INFO : ball_device.bd_plunger : State: ball_left
2024-11-10 18:40:20,659 : INFO : ball_device.bd_plunger : Ball left
2024-11-10 18:40:20,659 : INFO : ball_device.bd_plunger : Wait for confirm with timeout 3.0
2024-11-10 18:40:21,146 : INFO : EventManager : Event: ======'player_mode_timer_mode_countdown_tick'====== Args={'value': 18, 'prev_value': 19, 'change': -1, 'player_num': 1}
2024-11-10 18:40:21,146 : INFO : EventManager : Event: ======'timer_mode_countdown_tick'====== Args={'ticks': 18, 'ticks_remaining': 18}
2024-11-10 18:40:21,146 : INFO : EventManager : Event: ======'player_countdown_bar_progress'====== Args={'value': 17, 'prev_value': 18, 'change': -1, 'player_num': 1}
2024-11-10 18:40:22,144 : INFO : EventManager : Event: ======'player_mode_timer_mode_countdown_tick'====== Args={'value': 17, 'prev_value': 18, 'change': -1, 'player_num': 1}
2024-11-10 18:40:22,145 : INFO : EventManager : Event: ======'timer_mode_countdown_tick'====== Args={'ticks': 17, 'ticks_remaining': 17}
2024-11-10 18:40:22,145 : INFO : EventManager : Event: ======'player_countdown_bar_progress'====== Args={'value': 16, 'prev_value': 17, 'change': -1, 'player_num': 1}
2024-11-10 18:40:23,153 : INFO : EventManager : Event: ======'player_mode_timer_mode_countdown_tick'====== Args={'value': 16, 'prev_value': 17, 'change': -1, 'player_num': 1}
2024-11-10 18:40:23,153 : INFO : EventManager : Event: ======'timer_mode_countdown_tick'====== Args={'ticks': 16, 'ticks_remaining': 16}
2024-11-10 18:40:23,154 : INFO : EventManager : Event: ======'player_countdown_bar_progress'====== Args={'value': 15, 'prev_value': 16, 'change': -1, 'player_num': 1}
2024-11-10 18:40:23,656 : INFO : ball_device.bd_plunger : State: failed_confirm
2024-11-10 18:40:23,656 : INFO : ball_device.bd_plunger : Got timeout (3.0s) before confirm from <playfield.playfield>
2024-11-10 18:40:23,756 : INFO : ball_device.bd_plunger : Confirming eject because target is playfield and ball did not return.
2024-11-10 18:40:23,756 : INFO : ball_device.bd_plunger : Eject successful
2024-11-10 18:40:23,756 : INFO : EventManager : Event: ======'balldevice_bd_plunger_ball_eject_success'====== Args={'balls': 1, 'target': <playfield.playfield>}
2024-11-10 18:40:23,757 : INFO : EventManager : Event: ======'balldevice_playfield_ball_enter'====== Args={'new_balls': 1, 'unclaimed_balls': 1, 'device': <playfield.playfield>}
2024-11-10 18:40:23,757 : INFO : EventManager : Event: ======'playfield_ball_count_change'====== Args={'balls': 1, 'change': 1}
2024-11-10 18:40:23,757 : INFO : EventManager : Event: ======'balldevice_bd_plunger_ball_count_changed'====== Args={'balls': 0}
2024-11-10 18:40:23,758 : INFO : ball_device.bd_plunger : State: idle
2024-11-10 18:40:23,758 : INFO : ball_device.bd_trough : State: ejecting
2024-11-10 18:40:23,758 : INFO : ball_device.bd_trough : Ejecting ball to <ball_device.bd_plunger>
2024-11-10 18:40:23,758 : INFO : EventManager : Event: ======'balldevice_bd_trough_ejecting_ball'====== Args={'balls': 1, 'target': <ball_device.bd_plunger>, 'source': <ball_device.bd_trough>, 'mechanical_eject': False, 'num_attempts': 0}
2024-11-10 18:40:23,759 : INFO : ball_device.bd_trough : Wait for ball to leave device
2024-11-10 18:40:23,759 : INFO : coil.c_trough_eject : Pulsing Driver for 20ms (1.0 pulse_power)
2024-11-10 18:40:23,759 : INFO : SwitchController : <<<<<<< 's_trough1' inactive >>>>>>>
2024-11-10 18:40:23,759 : INFO : ball_device.bd_plunger : State: waiting_for_ball
2024-11-10 18:40:23,772 : INFO : ball_device.bd_trough : State: ball_left
2024-11-10 18:40:23,773 : INFO : ball_device.bd_trough : Ball left
2024-11-10 18:40:23,773 : INFO : ball_device.bd_trough : Wait for confirm with timeout 10.0
2024-11-10 18:40:23,866 : INFO : SwitchController : <<<<<<< 's_plunger' active >>>>>>>
2024-11-10 18:40:23,866 : INFO : EventManager : Event: ======'machine_var_audits_switches_s_plunger'====== Args={'value': 4108, 'prev_value': 4107, 'change': 1}
2024-11-10 18:40:24,151 : INFO : EventManager : Event: ======'player_mode_timer_mode_countdown_tick'====== Args={'value': 15, 'prev_value': 16, 'change': -1, 'player_num': 1}
2024-11-10 18:40:24,152 : INFO : EventManager : Event: ======'timer_mode_countdown_tick'====== Args={'ticks': 15, 'ticks_remaining': 15}
2024-11-10 18:40:24,152 : INFO : EventManager : Event: ======'player_countdown_bar_progress'====== Args={'value': 14, 'prev_value': 15, 'change': -1, 'player_num': 1}
2024-11-10 18:40:24,189 : INFO : ball_device.bd_plunger : Received ball from <ball_device.bd_trough>
2024-11-10 18:40:24,189 : INFO : EventManager : Event: ======'balldevice_bd_plunger_ball_enter'====== Args={'new_balls': 1, 'unclaimed_balls': 0, 'new_available_balls': 0, 'device': <ball_device.bd_plunger>}
2024-11-10 18:40:24,189 : INFO : EventManager : Event: ======'balldevice_bd_plunger_ball_entered'====== Args={'new_balls': 0, 'device': <ball_device.bd_plunger>}
2024-11-10 18:40:24,189 : INFO : EventManager : Event: ======'balldevice_bd_plunger_ball_count_changed'====== Args={'balls': 1}
2024-11-10 18:40:24,189 : INFO : ball_device.bd_trough : Got eject confirm
2024-11-10 18:40:24,190 : INFO : ball_device.bd_trough : Eject successful
2024-11-10 18:40:24,190 : INFO : EventManager : Event: ======'balldevice_bd_trough_ball_eject_success'====== Args={'balls': 1, 'target': <ball_device.bd_plunger>}
2024-11-10 18:40:24,190 : INFO : EventManager : Event: ======'balldevice_bd_trough_ball_count_changed'====== Args={'balls': 4}
2024-11-10 18:40:24,190 : INFO : ball_device.bd_trough : State: idle
2024-11-10 18:40:24,190 : INFO : ball_device.bd_plunger : State: waiting_for_target_ready
2024-11-10 18:40:24,190 : INFO : EventManager : Event: ======'balldevice_bd_plunger_ball_eject_attempt'====== Args={'balls': 1, 'target': <playfield.playfield>, 'source': <ball_device.bd_plunger>, 'mechanical_eject': False, 'num_attempts': 0}
2024-11-10 18:40:24,191 : INFO : ball_device.bd_plunger : State: ejecting
2024-11-10 18:40:24,191 : INFO : ball_device.bd_plunger : Ejecting ball to <playfield.playfield>
2024-11-10 18:40:24,191 : INFO : EventManager : Event: ======'balldevice_bd_plunger_ejecting_ball'====== Args={'balls': 1, 'target': <playfield.playfield>, 'source': <ball_device.bd_plunger>, 'mechanical_eject': False, 'num_attempts': 0}
2024-11-10 18:40:24,192 : INFO : ball_device.bd_plunger : Wait for ball to leave device
2024-11-10 18:40:24,192 : INFO : coil.c_plunger : Pulsing Driver for 10ms (1.0 pulse_power)
2024-11-10 18:40:24,192 : INFO : SwitchController : <<<<<<< 's_plunger' inactive >>>>>>>
2024-11-10 18:40:24,205 : INFO : ball_device.bd_plunger : State: ball_left
2024-11-10 18:40:24,205 : INFO : ball_device.bd_plunger : Ball left
2024-11-10 18:40:24,205 : INFO : ball_device.bd_plunger : Wait for confirm with timeout 3.0
2024-11-10 18:40:25,145 : INFO : EventManager : Event: ======'player_mode_timer_mode_countdown_tick'====== Args={'value': 14, 'prev_value': 15, 'change': -1, 'player_num': 1}
2024-11-10 18:40:25,146 : INFO : EventManager : Event: ======'timer_mode_countdown_tick'====== Args={'ticks': 14, 'ticks_remaining': 14}
2024-11-10 18:40:25,146 : INFO : EventManager : Event: ======'player_countdown_bar_progress'====== Args={'value': 13, 'prev_value': 14, 'change': -1, 'player_num': 1}
2024-11-10 18:40:26,144 : INFO : EventManager : Event: ======'player_mode_timer_mode_countdown_tick'====== Args={'value': 13, 'prev_value': 14, 'change': -1, 'player_num': 1}
2024-11-10 18:40:26,145 : INFO : EventManager : Event: ======'timer_mode_countdown_tick'====== Args={'ticks': 13, 'ticks_remaining': 13}
2024-11-10 18:40:26,145 : INFO : EventManager : Event: ======'player_countdown_bar_progress'====== Args={'value': 12, 'prev_value': 13, 'change': -1, 'player_num': 1}
2024-11-10 18:40:27,155 : INFO : EventManager : Event: ======'player_mode_timer_mode_countdown_tick'====== Args={'value': 12, 'prev_value': 13, 'change': -1, 'player_num': 1}
2024-11-10 18:40:27,155 : INFO : EventManager : Event: ======'timer_mode_countdown_tick'====== Args={'ticks': 12, 'ticks_remaining': 12}
2024-11-10 18:40:27,156 : INFO : EventManager : Event: ======'player_countdown_bar_progress'====== Args={'value': 11, 'prev_value': 12, 'change': -1, 'player_num': 1}
2024-11-10 18:40:27,220 : INFO : ball_device.bd_plunger : State: failed_confirm
2024-11-10 18:40:27,220 : INFO : ball_device.bd_plunger : Got timeout (3.0s) before confirm from <playfield.playfield>
2024-11-10 18:40:27,330 : INFO : ball_device.bd_plunger : Confirming eject because target is playfield and ball did not return.
2024-11-10 18:40:27,330 : INFO : ball_device.bd_plunger : Eject successful
2024-11-10 18:40:27,330 : INFO : EventManager : Event: ======'balldevice_bd_plunger_ball_eject_success'====== Args={'balls': 1, 'target': <playfield.playfield>}
2024-11-10 18:40:27,335 : INFO : EventManager : Event: ======'balldevice_playfield_ball_enter'====== Args={'new_balls': 1, 'unclaimed_balls': 1, 'device': <playfield.playfield>}
2024-11-10 18:40:27,335 : INFO : EventManager : Event: ======'playfield_ball_count_change'====== Args={'balls': 2, 'change': 1}
2024-11-10 18:40:27,335 : INFO : EventManager : Event: ======'balldevice_bd_plunger_ball_count_changed'====== Args={'balls': 0}
2024-11-10 18:40:27,336 : INFO : ball_device.bd_plunger : State: idle
2024-11-10 18:40:28,154 : INFO : EventManager : Event: ======'player_mode_timer_mode_countdown_tick'====== Args={'value': 11, 'prev_value': 12, 'change': -1, 'player_num': 1}
2024-11-10 18:40:28,155 : INFO : EventManager : Event: ======'timer_mode_countdown_tick'====== Args={'ticks': 11, 'ticks_remaining': 11}
2024-11-10 18:40:28,155 : INFO : EventManager : Event: ======'player_countdown_bar_progress'====== Args={'value': 10, 'prev_value': 11, 'change': -1, 'player_num': 1}
2024-11-10 18:40:29,130 : INFO : EventManager : Event: ======'player_mode_timer_mode_countdown_tick'====== Args={'value': 10, 'prev_value': 11, 'change': -1, 'player_num': 1}
2024-11-10 18:40:29,130 : INFO : EventManager : Event: ======'timer_mode_countdown_tick'====== Args={'ticks': 10, 'ticks_remaining': 10}
2024-11-10 18:40:29,131 : INFO : EventManager : Event: ======'player_countdown_bar_progress'====== Args={'value': 9, 'prev_value': 10, 'change': -1, 'player_num': 1}
2024-11-10 18:40:30,152 : INFO : EventManager : Event: ======'player_mode_timer_mode_countdown_tick'====== Args={'value': 9, 'prev_value': 10, 'change': -1, 'player_num': 1}
2024-11-10 18:40:30,154 : INFO : EventManager : Event: ======'timer_mode_countdown_tick'====== Args={'ticks': 9, 'ticks_remaining': 9}
2024-11-10 18:40:30,154 : INFO : EventManager : Event: ======'player_countdown_bar_progress'====== Args={'value': 8, 'prev_value': 9, 'change': -1, 'player_num': 1}
2024-11-10 18:40:31,144 : INFO : EventManager : Event: ======'player_mode_timer_mode_countdown_tick'====== Args={'value': 8, 'prev_value': 9, 'change': -1, 'player_num': 1}
2024-11-10 18:40:31,144 : INFO : EventManager : Event: ======'timer_mode_countdown_tick'====== Args={'ticks': 8, 'ticks_remaining': 8}
2024-11-10 18:40:31,145 : INFO : EventManager : Event: ======'player_countdown_bar_progress'====== Args={'value': 7, 'prev_value': 8, 'change': -1, 'player_num': 1}
2024-11-10 18:40:32,143 : INFO : EventManager : Event: ======'player_mode_timer_mode_countdown_tick'====== Args={'value': 7, 'prev_value': 8, 'change': -1, 'player_num': 1}
2024-11-10 18:40:32,144 : INFO : EventManager : Event: ======'timer_mode_countdown_tick'====== Args={'ticks': 7, 'ticks_remaining': 7}
2024-11-10 18:40:32,144 : INFO : EventManager : Event: ======'player_countdown_bar_progress'====== Args={'value': 6, 'prev_value': 7, 'change': -1, 'player_num': 1}
2024-11-10 18:40:33,151 : INFO : EventManager : Event: ======'player_mode_timer_mode_countdown_tick'====== Args={'value': 6, 'prev_value': 7, 'change': -1, 'player_num': 1}
2024-11-10 18:40:33,151 : INFO : EventManager : Event: ======'timer_mode_countdown_tick'====== Args={'ticks': 6, 'ticks_remaining': 6}
2024-11-10 18:40:33,152 : INFO : EventManager : Event: ======'player_countdown_bar_progress'====== Args={'value': 5, 'prev_value': 6, 'change': -1, 'player_num': 1}
2024-11-10 18:40:34,149 : INFO : EventManager : Event: ======'player_mode_timer_mode_countdown_tick'====== Args={'value': 5, 'prev_value': 6, 'change': -1, 'player_num': 1}
2024-11-10 18:40:34,149 : INFO : EventManager : Event: ======'timer_mode_countdown_tick'====== Args={'ticks': 5, 'ticks_remaining': 5}
2024-11-10 18:40:34,150 : INFO : EventManager : Event: ======'player_countdown_bar_progress'====== Args={'value': 4, 'prev_value': 5, 'change': -1, 'player_num': 1}
2024-11-10 18:40:35,128 : INFO : EventManager : Event: ======'player_mode_timer_mode_countdown_tick'====== Args={'value': 4, 'prev_value': 5, 'change': -1, 'player_num': 1}
2024-11-10 18:40:35,128 : INFO : EventManager : Event: ======'timer_mode_countdown_tick'====== Args={'ticks': 4, 'ticks_remaining': 4}
2024-11-10 18:40:35,129 : INFO : EventManager : Event: ======'player_countdown_bar_progress'====== Args={'value': 3, 'prev_value': 4, 'change': -1, 'player_num': 1}
2024-11-10 18:40:36,141 : INFO : EventManager : Event: ======'player_mode_timer_mode_countdown_tick'====== Args={'value': 3, 'prev_value': 4, 'change': -1, 'player_num': 1}
2024-11-10 18:40:36,141 : INFO : EventManager : Event: ======'timer_mode_countdown_tick'====== Args={'ticks': 3, 'ticks_remaining': 3}
2024-11-10 18:40:36,142 : INFO : EventManager : Event: ======'player_countdown_bar_progress'====== Args={'value': 2, 'prev_value': 3, 'change': -1, 'player_num': 1}
2024-11-10 18:40:37,152 : INFO : EventManager : Event: ======'player_mode_timer_mode_countdown_tick'====== Args={'value': 2, 'prev_value': 3, 'change': -1, 'player_num': 1}
2024-11-10 18:40:37,152 : INFO : EventManager : Event: ======'timer_mode_countdown_tick'====== Args={'ticks': 2, 'ticks_remaining': 2}
2024-11-10 18:40:37,152 : INFO : EventManager : Event: ======'player_countdown_bar_progress'====== Args={'value': 1, 'prev_value': 2, 'change': -1, 'player_num': 1}
2024-11-10 18:40:38,148 : INFO : EventManager : Event: ======'player_mode_timer_mode_countdown_tick'====== Args={'value': 1, 'prev_value': 2, 'change': -1, 'player_num': 1}
2024-11-10 18:40:38,148 : INFO : EventManager : Event: ======'timer_mode_countdown_tick'====== Args={'ticks': 1, 'ticks_remaining': 1}
2024-11-10 18:40:38,148 : INFO : EventManager : Event: ======'player_countdown_bar_progress'====== Args={'value': 0, 'prev_value': 1, 'change': -1, 'player_num': 1}
2024-11-10 18:40:39,129 : INFO : EventManager : Event: ======'player_mode_timer_mode_countdown_tick'====== Args={'value': 0, 'prev_value': 1, 'change': -1, 'player_num': 1}
2024-11-10 18:40:39,130 : INFO : Timer.mode_countdown : Timer Complete
2024-11-10 18:40:39,130 : INFO : Timer.mode_countdown : Stopping Timer
2024-11-10 18:40:39,130 : INFO : EventManager : Event: ======'timer_mode_countdown_stopped'====== Args={'ticks': 0, 'ticks_remaining': 1}
2024-11-10 18:40:39,130 : INFO : EventManager : Event: ======'timer_mode_countdown_complete'====== Args={'ticks': 0, 'ticks_remaining': 1}
2024-11-10 18:40:39,131 : INFO : state_machine.mode_timer_state : Transitioning from mode_countdown_run to mode_overtime_run
2024-11-10 18:40:39,131 : INFO : EventManager : Event: ======'mode_countdown_run_disabled'====== Args={}
2024-11-10 18:40:39,131 : INFO : EventManager : Event: ======'mode_overtime_run_enabled'====== Args={}
2024-11-10 18:40:39,131 : INFO : Timer.mode_countdown : Stopping Timer
2024-11-10 18:40:39,132 : INFO : EventManager : Event: ======'timer_mode_countdown_stopped'====== Args={'ticks': 0, 'ticks_remaining': 1}
2024-11-10 18:40:39,132 : INFO : Timer.mode_overtime : Starting Timer.
2024-11-10 18:40:39,132 : INFO : EventManager : Event: ======'timer_mode_overtime_started'====== Args={'ticks': 5, 'ticks_remaining': 5}
2024-11-10 18:40:39,132 : INFO : EventManager : Event: ======'timer_mode_overtime_tick'====== Args={'ticks': 5, 'ticks_remaining': 5}
2024-11-10 18:40:40,141 : INFO : EventManager : Event: ======'player_mode_timer_mode_overtime_tick'====== Args={'value': 4, 'prev_value': 0, 'change': 4, 'player_num': 1}
2024-11-10 18:40:40,141 : INFO : EventManager : Event: ======'timer_mode_overtime_tick'====== Args={'ticks': 4, 'ticks_remaining': 4}
2024-11-10 18:40:41,150 : INFO : EventManager : Event: ======'player_mode_timer_mode_overtime_tick'====== Args={'value': 3, 'prev_value': 4, 'change': -1, 'player_num': 1}
2024-11-10 18:40:41,150 : INFO : EventManager : Event: ======'timer_mode_overtime_tick'====== Args={'ticks': 3, 'ticks_remaining': 3}
2024-11-10 18:40:42,127 : INFO : EventManager : Event: ======'player_mode_timer_mode_overtime_tick'====== Args={'value': 2, 'prev_value': 3, 'change': -1, 'player_num': 1}
2024-11-10 18:40:42,127 : INFO : EventManager : Event: ======'timer_mode_overtime_tick'====== Args={'ticks': 2, 'ticks_remaining': 2}
2024-11-10 18:40:43,151 : INFO : EventManager : Event: ======'player_mode_timer_mode_overtime_tick'====== Args={'value': 1, 'prev_value': 2, 'change': -1, 'player_num': 1}
2024-11-10 18:40:43,152 : INFO : EventManager : Event: ======'timer_mode_overtime_tick'====== Args={'ticks': 1, 'ticks_remaining': 1}
2024-11-10 18:40:44,145 : INFO : EventManager : Event: ======'player_mode_timer_mode_overtime_tick'====== Args={'value': 0, 'prev_value': 1, 'change': -1, 'player_num': 1}
2024-11-10 18:40:44,145 : INFO : Timer.mode_overtime : Timer Complete
2024-11-10 18:40:44,145 : INFO : Timer.mode_overtime : Stopping Timer
2024-11-10 18:40:44,145 : INFO : EventManager : Event: ======'timer_mode_overtime_stopped'====== Args={'ticks': 0, 'ticks_remaining': 1}
2024-11-10 18:40:44,146 : INFO : EventManager : Event: ======'timer_mode_overtime_complete'====== Args={'ticks': 0, 'ticks_remaining': 1}
2024-11-10 18:40:44,146 : INFO : EventManager : Event: ======'end_mode'====== Args={'priority': 0}
2024-11-10 18:40:44,146 : INFO : state_machine.mode_timer_state : Transitioning from mode_overtime_run to mode_timer_disabled
2024-11-10 18:40:44,147 : INFO : EventManager : Event: ======'mode_overtime_run_disabled'====== Args={}
2024-11-10 18:40:44,147 : INFO : EventManager : Event: ======'mode_timer_disable'====== Args={}
2024-11-10 18:40:44,147 : INFO : EventManager : Event: ======'end_mode_1'====== Args={'priority': 0}
2024-11-10 18:40:44,147 : INFO : EventManager : Event: ======'mode_1_unfinished'====== Args={'priority': 0}
2024-11-10 18:40:44,148 : INFO : EventManager : Event: ======'mode_base_started'====== Args={'priority': 0}
2024-11-10 18:40:44,148 : INFO : EventManager : Event: ======'pause_countdown'====== Args={'priority': 0}
2024-11-10 18:40:44,148 : INFO : EventManager : Event: ======'pause_delay'====== Args={'priority': 0}
2024-11-10 18:40:44,148 : INFO : EventManager : Event: ======'player_bomb_number_adv'====== Args={'value': 0, 'prev_value': 0, 'change': 0, 'player_num': 1}
2024-11-10 18:40:44,148 : INFO : state_machine.global_state : Transitioning from mode to main
2024-11-10 18:40:44,148 : INFO : EventManager : Event: ======'mode_state_stopped'====== Args={}
2024-11-10 18:40:44,149 : INFO : EventManager : Event: ======'main_state'====== Args={}
2024-11-10 18:40:44,149 : INFO : EventManager : Event: ======'mode_mode_1_will_stop'====== Args={}
2024-11-10 18:40:44,149 : INFO : EventManager : Event: ======'mode_mode_1_stopping'====== Args={}
2024-11-10 18:40:44,150 : INFO : EventManager : Event: ======'player_m1_active'====== Args={'value': 0, 'prev_value': 1, 'change': -1, 'player_num': 1}
2024-11-10 18:40:44,150 : INFO : EventManager : Event: ======'achievement_mode_1_changed_state'====== Args={'restore': False, 'state': 'stopped', 'selected': False}
2024-11-10 18:40:44,150 : INFO : EventManager : Event: ======'achievement_mode_1_state_stopped'====== Args={'restore': False, 'state': 'stopped', 'selected': False}
2024-11-10 18:40:44,151 : INFO : EventManager : Event: ======'mode_1_end_progress_slide_add'====== Args={'priority': 0}
2024-11-10 18:40:44,152 : INFO : EventManager : Event: ======'achievement_mode_9_changed_state'====== Args={'restore': False, 'state': 'enabled', 'selected': True}
2024-11-10 18:40:44,152 : INFO : EventManager : Event: ======'achievement_mode_9_state_enabled'====== Args={'restore': False, 'state': 'enabled', 'selected': True}
2024-11-10 18:40:44,152 : INFO : EventManager : Event: ======'achievement_mode_9_state_selected'====== Args={'restore': False, 'state': 'enabled', 'selected': True}
2024-11-10 18:40:44,153 : INFO : EventManager : Event: ======'mode_confederate_will_start'====== Args={}
2024-11-10 18:40:44,153 : INFO : EventManager : Event: ======'player_shot_confederate_1_enabled'====== Args={'value': True, 'prev_value': 0, 'change': 1, 'player_num': 1}
2024-11-10 18:40:44,154 : INFO : EventManager : Event: ======'player_shot_confederate_2_enabled'====== Args={'value': True, 'prev_value': 0, 'change': 1, 'player_num': 1}
2024-11-10 18:40:44,154 : INFO : EventManager : Event: ======'player_shot_confederate_3_enabled'====== Args={'value': True, 'prev_value': 0, 'change': 1, 'player_num': 1}
2024-11-10 18:40:44,155 : INFO : EventManager : Event: ======'player_shot_confederate_4_enabled'====== Args={'value': True, 'prev_value': 0, 'change': 1, 'player_num': 1}
2024-11-10 18:40:44,155 : INFO : EventManager : Event: ======'player_shot_confederate_5_enabled'====== Args={'value': True, 'prev_value': 0, 'change': 1, 'player_num': 1}
2024-11-10 18:40:44,156 : INFO : EventManager : Event: ======'player_shot_confederate_6_enabled'====== Args={'value': True, 'prev_value': 0, 'change': 1, 'player_num': 1}
2024-11-10 18:40:44,156 : INFO : EventManager : Event: ======'mode_confederate_starting'====== Args={}
2024-11-10 18:40:44,156 : INFO : EventManager : Event: ======'mode_drednaught_will_start'====== Args={}
2024-11-10 18:40:44,157 : INFO : EventManager : Event: ======'mode_drednaught_starting'====== Args={}
2024-11-10 18:40:44,157 : INFO : EventManager : Event: ======'mode_main_play_will_start'====== Args={}
2024-11-10 18:40:44,160 : INFO : EventManager : Event: ======'mode_main_play_starting'====== Args={}
2024-11-10 18:40:44,161 : INFO : EventManager : Event: ======'mode_capture_will_start'====== Args={}
2024-11-10 18:40:44,163 : INFO : EventManager : Event: ======'mode_capture_starting'====== Args={}
2024-11-10 18:40:44,163 : INFO : Timer.mode_overtime : Stopping Timer
2024-11-10 18:40:44,163 : INFO : EventManager : Event: ======'timer_mode_overtime_stopped'====== Args={'ticks': 0, 'ticks_remaining': 1}
2024-11-10 18:40:44,163 : INFO : Mode.drednaught : Started. Priority: 100
2024-11-10 18:40:44,163 : INFO : EventManager : Event: ======'modes_active_modes_changed'====== Args={}
2024-11-10 18:40:44,163 : INFO : EventManager : Event: ======'mode_drednaught_started'====== Args={}
2024-11-10 18:40:44,164 : INFO : Mode.confederate : Started. Priority: 100
2024-11-10 18:40:44,164 : INFO : EventManager : Event: ======'modes_active_modes_changed'====== Args={}
2024-11-10 18:40:44,164 : INFO : EventManager : Event: ======'mode_confederate_started'====== Args={}
2024-11-10 18:40:44,164 : INFO : Mode.mode_1 : Stopped.
2024-11-10 18:40:44,164 : INFO : EventManager : Event: ======'modes_active_modes_changed'====== Args={}
2024-11-10 18:40:44,165 : INFO : EventManager : Event: ======'mode_disabled'====== Args={}
2024-11-10 18:40:44,165 : INFO : EventManager : Event: ======'mode_mode_1_stopped'====== Args={}
2024-11-10 18:40:44,165 : INFO : EventManager : Event: ======'clear'====== Args={'key': 'mode_1'}
2024-11-10 18:40:44,165 : INFO : state_machine.mode_states : Transitioning from active to lite
2024-11-10 18:40:44,165 : INFO : EventManager : Event: ======'disable_mode'====== Args={}
2024-11-10 18:40:44,166 : INFO : EventManager : Event: ======'logicblock_bonusX_counter_updated'====== Args={'value': 2, 'enabled': True}
2024-11-10 18:40:44,166 : INFO : EventManager : Event: ======'logicblock_bomb_counter_updated'====== Args={'value': 3, 'enabled': True}
2024-11-10 18:40:44,166 : INFO : EventManager : Event: ======'logicblock_bomb_animation_counter_updated'====== Args={'value': 3, 'enabled': True}
2024-11-10 18:40:44,166 : INFO : EventManager : Event: ======'logicblock_bonusX_counter_updated'====== Args={'value': 2, 'enabled': True}
2024-11-10 18:40:44,167 : INFO : EventManager : Event: ======'logicblock_bomb_counter_updated'====== Args={'value': 3, 'enabled': True}
2024-11-10 18:40:44,167 : INFO : EventManager : Event: ======'logicblock_bomb_animation_counter_updated'====== Args={'value': 3, 'enabled': True}
2024-11-10 18:40:44,167 : INFO : Mode.main_play : Started. Priority: 100
2024-11-10 18:40:44,167 : INFO : EventManager : Event: ======'modes_active_modes_changed'====== Args={}
2024-11-10 18:40:44,167 : INFO : EventManager : Event: ======'mode_main_play_started'====== Args={}
2024-11-10 18:40:44,167 : INFO : EventManager : Event: ======'logicblock_capture_counter_updated'====== Args={'value': 6, 'enabled': True}
2024-11-10 18:40:44,167 : INFO : EventManager : Event: ======'logicblock_capture_counter_updated'====== Args={'value': 6, 'enabled': True}
2024-11-10 18:40:44,167 : INFO : Mode.capture : Started. Priority: 100
2024-11-10 18:40:44,167 : INFO : EventManager : Event: ======'modes_active_modes_changed'====== Args={}
2024-11-10 18:40:44,168 : INFO : EventManager : Event: ======'mode_capture_started'====== Args={}
2024-11-10 18:40:44,207 : INFO : EventManager : Event: ======'slide_mode_end_completed_slide_created'====== Args={'_from_bcp': True}
2024-11-10 18:40:44,207 : INFO : EventManager : Event: ======'slide_mode_slide_removed'====== Args={'_from_bcp': True}
2024-11-10 18:40:44,207 : INFO : EventManager : Event: ======'slide_mode_end_completed_slide_active'====== Args={'_from_bcp': True}
2024-11-10 18:40:46,160 : INFO : EventManager : Event: ======'mode_1_end_progress_slide_transition_add'====== Args={'priority': 0}
2024-11-10 18:40:46,160 : INFO : EventManager : Event: ======'mode_1_end_progress_slide_remove'====== Args={'priority': 0}
2024-11-10 18:40:46,160 : INFO : EventManager : Event: ======'mode_1_end_total_progress_slide_add'====== Args={'priority': 0}
2024-11-10 18:40:47,488 : INFO : EventManager : Event: ======'mode_1_end_progress_slide_transition_remove'====== Args={'priority': 0}
2024-11-10 18:40:49,484 : INFO : EventManager : Event: ======'mode_1_end_total_progress_slide_remove'====== Args={'priority': 0}
2024-11-10 18:40:49,484 : INFO : EventManager : Event: ======'mode_completed_finished'====== Args={'priority': 0}
2024-11-10 18:40:49,485 : INFO : EventManager : Event: ======'ball_drain_phase_1_checked'====== Args={'priority': 0}
2024-11-10 18:40:49,485 : INFO : EventManager : Event: ======'disable_mode_total'====== Args={'priority': 0}
2024-11-10 18:40:49,485 : INFO : EventManager : Event: ======'VALAMI'====== Args={'priority': 0}
2024-11-10 18:40:49,486 : INFO : EventManager : Event: ======'mode_state_machine_reset'====== Args={'priority': 0}
2024-11-10 18:40:49,502 : INFO : EventManager : Event: ======'slide_mode_end_completed_slide_removed'====== Args={'_from_bcp': True}
2024-11-10 18:40:49,502 : INFO : EventManager : Event: ======'slide_base_slide_active'====== Args={'_from_bcp': True}
2024-11-10 18:40:53,839 : INFO : SwitchController : <<<<<<< 's_right_ramp_made' active >>>>>>>
2024-11-10 18:40:53,840 : INFO : EventManager : Event: ======'s_right_ramp_made_active'====== Args={}
2024-11-10 18:40:53,840 : INFO : EventManager : Event: ======'sw_capture'====== Args={}
2024-11-10 18:40:53,840 : INFO : EventManager : Event: ======'machine_var_audits_switches_s_right_ramp_made'====== Args={'value': 1707, 'prev_value': 1706, 'change': 1}
2024-11-10 18:40:53,841 : INFO : EventManager : Event: ======'player_shot_lock_lit_2'====== Args={'value': 1, 'prev_value': 0, 'change': 1, 'player_num': 1}
2024-11-10 18:40:53,851 : INFO : EventManager : Event: ======'machine_var_audits_shots_lock_lit_2'====== Args={'value': 1509, 'prev_value': 1508, 'change': 1}
2024-11-10 18:40:53,851 : INFO : EventManager : Event: ======'lock_lit_2_hit'====== Args={'profile': 'lock_lit_profile', 'state': 'unlit', 'advancing': True}
2024-11-10 18:40:53,851 : INFO : EventManager : Event: ======'lock_lit_2_lock_lit_profile_hit'====== Args={'profile': 'lock_lit_profile', 'state': 'unlit', 'advancing': True}
2024-11-10 18:40:53,852 : INFO : EventManager : Event: ======'lock_lit_2_lock_lit_profile_unlit_hit'====== Args={'profile': 'lock_lit_profile', 'state': 'unlit', 'advancing': True}
2024-11-10 18:40:53,852 : INFO : EventManager : Event: ======'lock_lit_2_unlit_hit'====== Args={'profile': 'lock_lit_profile', 'state': 'unlit', 'advancing': True}
2024-11-10 18:40:53,852 : INFO : EventManager : Event: ======'player_shot_confederate_6'====== Args={'value': 1, 'prev_value': 0, 'change': 1, 'player_num': 1}
2024-11-10 18:40:53,860 : INFO : EventManager : Event: ======'machine_var_audits_shots_confederate_6'====== Args={'value': 400, 'prev_value': 399, 'change': 1}
2024-11-10 18:40:53,861 : INFO : EventManager : Event: ======'confederate_6_hit'====== Args={'profile': 'confederate_profile', 'state': 'unlit', 'advancing': True}
2024-11-10 18:40:53,861 : INFO : EventManager : Event: ======'confederate_6_confederate_profile_hit'====== Args={'profile': 'confederate_profile', 'state': 'unlit', 'advancing': True}
2024-11-10 18:40:53,861 : INFO : EventManager : Event: ======'confederate_6_confederate_profile_unlit_hit'====== Args={'profile': 'confederate_profile', 'state': 'unlit', 'advancing': True}
2024-11-10 18:40:53,861 : INFO : EventManager : Event: ======'confederate_6_unlit_hit'====== Args={'profile': 'confederate_profile', 'state': 'unlit', 'advancing': True}
2024-11-10 18:40:53,861 : INFO : EventManager : Event: ======'lock_lits_hit'====== Args={}
2024-11-10 18:40:53,861 : INFO : EventManager : Event: ======'lock_lits_unlit_hit'====== Args={}
2024-11-10 18:40:53,861 : INFO : EventManager : Event: ======'logicblock_capture_counter_updated'====== Args={'value': 5, 'enabled': True}
2024-11-10 18:40:53,862 : INFO : EventManager : Event: ======'advance_capturing'====== Args={'count': 5, 'remaining': -5}
2024-11-10 18:40:53,883 : INFO : EventManager : Event: ======'slide_capturing_slide_created'====== Args={'_from_bcp': True}
2024-11-10 18:40:53,883 : INFO : EventManager : Event: ======'slide_capturing_slide_active'====== Args={'_from_bcp': True}
2024-11-10 18:40:53,897 : INFO : EventManager : Event: ======'active_capturing_widget_1_1'====== Args={'priority': 0}
2024-11-10 18:40:53,898 : INFO : EventManager : Event: ======'check_capturing_letter'====== Args={'priority': 0}
2024-11-10 18:40:53,906 : INFO : SwitchController : <<<<<<< 's_right_ramp_made' inactive >>>>>>>
2024-11-10 18:40:54,485 : INFO : EventManager : Event: ======'remove_capturing_widget_1_1'====== Args={'priority': 0}
2024-11-10 18:40:54,486 : INFO : EventManager : Event: ======'active_capturing_widget_1_2'====== Args={'priority': 0}
2024-11-10 18:40:54,875 : INFO : EventManager : Event: ======'slide_capturing_slide_removed'====== Args={'_from_bcp': True}
2024-11-10 18:40:54,875 : INFO : EventManager : Event: ======'slide_base_slide_active'====== Args={'_from_bcp': True}
2024-11-10 18:40:55,475 : INFO : EventManager : Event: ======'remove_capturing_widget_1_2'====== Args={'priority': 0}
2024-11-10 18:40:55,475 : INFO : EventManager : Event: ======'remove_capturing_letter'====== Args={'priority': 0}
2024-11-10 18:40:55,964 : INFO : SwitchController : <<<<<<< 's_left_ramp_made' active >>>>>>>
2024-11-10 18:40:55,965 : INFO : EventManager : Event: ======'s_left_ramp_made_active'====== Args={}
2024-11-10 18:40:55,965 : INFO : EventManager : Event: ======'sw_capture'====== Args={}
2024-11-10 18:40:55,965 : INFO : EventManager : Event: ======'machine_var_audits_switches_s_left_ramp_made'====== Args={'value': 2011, 'prev_value': 2010, 'change': 1}
2024-11-10 18:40:55,976 : INFO : EventManager : Event: ======'player_shot_lock_lit_1'====== Args={'value': 1, 'prev_value': 0, 'change': 1, 'player_num': 1}
2024-11-10 18:40:55,976 : INFO : EventManager : Event: ======'machine_var_audits_shots_lock_lit_1'====== Args={'value': 1596, 'prev_value': 1595, 'change': 1}
2024-11-10 18:40:55,977 : INFO : EventManager : Event: ======'lock_lit_1_hit'====== Args={'profile': 'lock_lit_profile', 'state': 'unlit', 'advancing': True}
2024-11-10 18:40:55,977 : INFO : EventManager : Event: ======'lock_lit_1_lock_lit_profile_hit'====== Args={'profile': 'lock_lit_profile', 'state': 'unlit', 'advancing': True}
2024-11-10 18:40:55,977 : INFO : EventManager : Event: ======'lock_lit_1_lock_lit_profile_unlit_hit'====== Args={'profile': 'lock_lit_profile', 'state': 'unlit', 'advancing': True}
2024-11-10 18:40:55,977 : INFO : EventManager : Event: ======'lock_lit_1_unlit_hit'====== Args={'profile': 'lock_lit_profile', 'state': 'unlit', 'advancing': True}
2024-11-10 18:40:55,978 : INFO : EventManager : Event: ======'player_shot_confederate_2'====== Args={'value': 1, 'prev_value': 0, 'change': 1, 'player_num': 1}
2024-11-10 18:40:55,978 : INFO : EventManager : Event: ======'machine_var_audits_shots_confederate_2'====== Args={'value': 236, 'prev_value': 235, 'change': 1}
2024-11-10 18:40:55,979 : INFO : EventManager : Event: ======'confederate_2_hit'====== Args={'profile': 'confederate_profile', 'state': 'unlit', 'advancing': True}
2024-11-10 18:40:55,979 : INFO : EventManager : Event: ======'confederate_2_confederate_profile_hit'====== Args={'profile': 'confederate_profile', 'state': 'unlit', 'advancing': True}
2024-11-10 18:40:55,979 : INFO : EventManager : Event: ======'confederate_2_confederate_profile_unlit_hit'====== Args={'profile': 'confederate_profile', 'state': 'unlit', 'advancing': True}
2024-11-10 18:40:55,979 : INFO : EventManager : Event: ======'confederate_2_unlit_hit'====== Args={'profile': 'confederate_profile', 'state': 'unlit', 'advancing': True}
2024-11-10 18:40:55,979 : INFO : EventManager : Event: ======'lock_lits_complete'====== Args={'state': 'lit'}
2024-11-10 18:40:55,979 : INFO : EventManager : Event: ======'lock_lits_lit_complete'====== Args={}
2024-11-10 18:40:55,979 : INFO : EventManager : Event: ======'lock_lits_hit'====== Args={}
2024-11-10 18:40:55,979 : INFO : EventManager : Event: ======'lock_lits_unlit_hit'====== Args={}
2024-11-10 18:40:55,979 : INFO : state_machine.hc_multiball : Transitioning from lock_lit_state to lock_state
2024-11-10 18:40:55,980 : INFO : EventManager : Event: ======'lock_lit_stopped'====== Args={}
2024-11-10 18:40:55,980 : INFO : EventManager : Event: ======'lock_started'====== Args={}
2024-11-10 18:40:55,980 : INFO : EventManager : Event: ======'player_shot_lock_lit_1_enabled'====== Args={'value': False, 'prev_value': True, 'change': -1, 'player_num': 1}
2024-11-10 18:40:55,981 : INFO : EventManager : Event: ======'player_shot_lock_lit_2_enabled'====== Args={'value': False, 'prev_value': True, 'change': -1, 'player_num': 1}
2024-11-10 18:40:55,981 : INFO : EventManager : Event: ======'logicblock_capture_counter_updated'====== Args={'value': 4, 'enabled': True}
2024-11-10 18:40:55,982 : INFO : EventManager : Event: ======'advance_capturing'====== Args={'count': 4, 'remaining': -4}
2024-11-10 18:40:56,010 : INFO : EventManager : Event: ======'slide_capturing_slide_removed'====== Args={'_from_bcp': True}
2024-11-10 18:40:56,010 : INFO : EventManager : Event: ======'slide_capturing_slide_created'====== Args={'_from_bcp': True}
2024-11-10 18:40:56,010 : INFO : EventManager : Event: ======'slide_capturing_slide_active'====== Args={'_from_bcp': True}
2024-11-10 18:40:56,011 : INFO : EventManager : Event: ======'active_capturing_widget_2_1'====== Args={'priority': 0}
2024-11-10 18:40:56,011 : INFO : EventManager : Event: ======'check_capturing_letter'====== Args={'priority': 0}
2024-11-10 18:40:56,025 : INFO : SwitchController : <<<<<<< 's_left_ramp_made' inactive >>>>>>>
2024-11-10 18:40:56,582 : INFO : EventManager : Event: ======'remove_capturing_widget_2_1'====== Args={'priority': 0}
2024-11-10 18:40:56,582 : INFO : EventManager : Event: ======'active_capturing_widget_2_2'====== Args={'priority': 0}
2024-11-10 18:40:57,000 : INFO : EventManager : Event: ======'slide_capturing_slide_removed'====== Args={'_from_bcp': True}
2024-11-10 18:40:57,000 : INFO : EventManager : Event: ======'slide_base_slide_active'====== Args={'_from_bcp': True}
2024-11-10 18:40:57,597 : INFO : EventManager : Event: ======'remove_capturing_widget_2_2'====== Args={'priority': 0}
2024-11-10 18:40:57,597 : INFO : EventManager : Event: ======'remove_capturing_letter'====== Args={'priority': 0}
2024-11-10 18:40:58,096 : INFO : SwitchController : <<<<<<< 's_lock_3' active >>>>>>>
2024-11-10 18:40:58,096 : INFO : EventManager : Event: ======'machine_var_audits_switches_s_lock_3'====== Args={'value': 523, 'prev_value': 522, 'change': 1}
2024-11-10 18:40:58,625 : INFO : EventManager : Event: ======'balldevice_bd_hc_lock_ball_count_changed'====== Args={'balls': 1}
2024-11-10 18:40:58,625 : INFO : ball_device.bd_hc_lock : Received unexpected ball
2024-11-10 18:40:58,625 : INFO : EventManager : Event: ======'balldevice_captured_from_playfield'====== Args={'balls': 1}
2024-11-10 18:40:58,626 : INFO : EventManager : Event: ======'sw_playfield_active'====== Args={'balls': 1}
2024-11-10 18:40:58,626 : INFO : EventManager : Event: ======'playfield_ball_count_change'====== Args={'balls': 1, 'change': -1}
2024-11-10 18:40:58,626 : INFO : EventManager : Event: ======'balldevice_bd_hc_lock_ball_enter'====== Args={'new_balls': 1, 'unclaimed_balls': 1, 'new_available_balls': 1, 'device': <ball_device.bd_hc_lock>}
2024-11-10 18:40:58,626 : INFO : EventManager : Event: ======'player_high_caliber_locked_balls'====== Args={'value': 1, 'prev_value': 0, 'change': 1, 'player_num': 1}
2024-11-10 18:40:58,627 : INFO : ball_device.bd_plunger : Adding 1 ball(s) to the eject_queue with target <playfield.playfield>.
2024-11-10 18:40:58,627 : INFO : EventManager : Event: ======'balldevice_balls_available'====== Args={}
2024-11-10 18:40:58,627 : INFO : EventManager : Event: ======'balldevice_balls_available'====== Args={}
2024-11-10 18:40:58,627 : INFO : EventManager : Event: ======'balldevice_bd_hc_lock_ball_entered'====== Args={'new_balls': 1, 'device': <ball_device.bd_hc_lock>}
2024-11-10 18:40:58,628 : INFO : EventManager : Event: ======'multiball_lock_high_caliber_locked_ball'====== Args={'total_balls_locked': 1}
2024-11-10 18:40:58,628 : INFO : EventManager : Event: ======'enable_lock_lit_state'====== Args={'priority': 0}
2024-11-10 18:40:58,628 : INFO : state_machine.hc_multiball : Transitioning from lock_state to lock_lit_state
2024-11-10 18:40:58,628 : INFO : EventManager : Event: ======'lock_stopped'====== Args={}
2024-11-10 18:40:58,629 : INFO : EventManager : Event: ======'lock_lit_started'====== Args={}
2024-11-10 18:40:58,629 : INFO : EventManager : Event: ======'player_shot_lock_lit_1'====== Args={'value': 0, 'prev_value': 1, 'change': -1, 'player_num': 1}
2024-11-10 18:40:58,630 : INFO : EventManager : Event: ======'player_shot_lock_lit_1_enabled'====== Args={'value': True, 'prev_value': False, 'change': 1, 'player_num': 1}
2024-11-10 18:40:58,630 : INFO : EventManager : Event: ======'player_shot_lock_lit_2'====== Args={'value': 0, 'prev_value': 1, 'change': -1, 'player_num': 1}
2024-11-10 18:40:58,631 : INFO : EventManager : Event: ======'player_shot_lock_lit_2_enabled'====== Args={'value': True, 'prev_value': False, 'change': 1, 'player_num': 1}
2024-11-10 18:40:58,631 : INFO : ball_device.bd_trough : State: waiting_for_target_ready
2024-11-10 18:40:58,632 : INFO : EventManager : Event: ======'balldevice_bd_trough_ball_eject_attempt'====== Args={'balls': 1, 'target': <ball_device.bd_plunger>, 'source': <ball_device.bd_trough>, 'mechanical_eject': False, 'num_attempts': 0}
2024-11-10 18:40:58,632 : INFO : ball_device.bd_plunger : State: waiting_for_ball
2024-11-10 18:40:58,632 : INFO : ball_device.bd_trough : State: ejecting
2024-11-10 18:40:58,633 : INFO : ball_device.bd_trough : Ejecting ball to <ball_device.bd_plunger>
2024-11-10 18:40:58,633 : INFO : EventManager : Event: ======'balldevice_bd_trough_ejecting_ball'====== Args={'balls': 1, 'target': <ball_device.bd_plunger>, 'source': <ball_device.bd_trough>, 'mechanical_eject': False, 'num_attempts': 0}
2024-11-10 18:40:58,633 : INFO : ball_device.bd_trough : Wait for ball to leave device
2024-11-10 18:40:58,633 : INFO : coil.c_trough_eject : Pulsing Driver for 20ms (1.0 pulse_power)
2024-11-10 18:40:58,634 : INFO : SwitchController : <<<<<<< 's_trough2' inactive >>>>>>>
2024-11-10 18:40:58,646 : INFO : ball_device.bd_trough : State: ball_left
2024-11-10 18:40:58,646 : INFO : ball_device.bd_trough : Ball left
2024-11-10 18:40:58,647 : INFO : ball_device.bd_trough : Wait for confirm with timeout 10.0
2024-11-10 18:40:58,738 : INFO : SwitchController : <<<<<<< 's_plunger' active >>>>>>>
2024-11-10 18:40:58,739 : INFO : EventManager : Event: ======'machine_var_audits_switches_s_plunger'====== Args={'value': 4109, 'prev_value': 4108, 'change': 1}
2024-11-10 18:40:59,047 : INFO : ball_device.bd_plunger : Received ball from <ball_device.bd_trough>
2024-11-10 18:40:59,047 : INFO : EventManager : Event: ======'balldevice_bd_plunger_ball_enter'====== Args={'new_balls': 1, 'unclaimed_balls': 0, 'new_available_balls': 0, 'device': <ball_device.bd_plunger>}
2024-11-10 18:40:59,047 : INFO : EventManager : Event: ======'balldevice_bd_plunger_ball_entered'====== Args={'new_balls': 0, 'device': <ball_device.bd_plunger>}
2024-11-10 18:40:59,047 : INFO : EventManager : Event: ======'balldevice_bd_plunger_ball_count_changed'====== Args={'balls': 1}
2024-11-10 18:40:59,047 : INFO : ball_device.bd_trough : Got eject confirm
2024-11-10 18:40:59,047 : INFO : ball_device.bd_trough : Eject successful
2024-11-10 18:40:59,047 : INFO : EventManager : Event: ======'balldevice_bd_trough_ball_eject_success'====== Args={'balls': 1, 'target': <ball_device.bd_plunger>}
2024-11-10 18:40:59,047 : INFO : EventManager : Event: ======'balldevice_bd_trough_ball_count_changed'====== Args={'balls': 3}
2024-11-10 18:40:59,048 : INFO : ball_device.bd_trough : State: idle
2024-11-10 18:40:59,048 : INFO : ball_device.bd_plunger : State: waiting_for_target_ready
2024-11-10 18:40:59,048 : INFO : EventManager : Event: ======'balldevice_bd_plunger_ball_eject_attempt'====== Args={'balls': 1, 'target': <playfield.playfield>, 'source': <ball_device.bd_plunger>, 'mechanical_eject': False, 'num_attempts': 0}
2024-11-10 18:40:59,048 : INFO : ball_device.bd_plunger : State: ejecting
2024-11-10 18:40:59,048 : INFO : ball_device.bd_plunger : Ejecting ball to <playfield.playfield>
2024-11-10 18:40:59,048 : INFO : EventManager : Event: ======'balldevice_bd_plunger_ejecting_ball'====== Args={'balls': 1, 'target': <playfield.playfield>, 'source': <ball_device.bd_plunger>, 'mechanical_eject': False, 'num_attempts': 0}
2024-11-10 18:40:59,049 : INFO : ball_device.bd_plunger : Wait for ball to leave device
2024-11-10 18:40:59,049 : INFO : coil.c_plunger : Pulsing Driver for 10ms (1.0 pulse_power)
2024-11-10 18:40:59,049 : INFO : SwitchController : <<<<<<< 's_plunger' inactive >>>>>>>
2024-11-10 18:40:59,061 : INFO : ball_device.bd_plunger : State: ball_left
2024-11-10 18:40:59,061 : INFO : ball_device.bd_plunger : Ball left
2024-11-10 18:40:59,061 : INFO : ball_device.bd_plunger : Wait for confirm with timeout 3.0
2024-11-10 18:40:59,702 : INFO : SwitchController : <<<<<<< 's_left_ramp_made' active >>>>>>>
2024-11-10 18:40:59,702 : INFO : EventManager : Event: ======'s_left_ramp_made_active'====== Args={}
2024-11-10 18:40:59,702 : INFO : EventManager : Event: ======'sw_capture'====== Args={}
2024-11-10 18:40:59,702 : INFO : EventManager : Event: ======'machine_var_audits_switches_s_left_ramp_made'====== Args={'value': 2012, 'prev_value': 2011, 'change': 1}
2024-11-10 18:40:59,703 : INFO : EventManager : Event: ======'player_shot_confederate_2'====== Args={'value': 2, 'prev_value': 1, 'change': 1, 'player_num': 1}
2024-11-10 18:40:59,704 : INFO : EventManager : Event: ======'machine_var_audits_shots_confederate_2'====== Args={'value': 237, 'prev_value': 236, 'change': 1}
2024-11-10 18:40:59,705 : INFO : EventManager : Event: ======'confederate_2_hit'====== Args={'profile': 'confederate_profile', 'state': 'flash', 'advancing': True}
2024-11-10 18:40:59,705 : INFO : EventManager : Event: ======'confederate_2_confederate_profile_hit'====== Args={'profile': 'confederate_profile', 'state': 'flash', 'advancing': True}
2024-11-10 18:40:59,705 : INFO : EventManager : Event: ======'confederate_2_confederate_profile_flash_hit'====== Args={'profile': 'confederate_profile', 'state': 'flash', 'advancing': True}
2024-11-10 18:40:59,705 : INFO : EventManager : Event: ======'confederate_2_flash_hit'====== Args={'profile': 'confederate_profile', 'state': 'flash', 'advancing': True}
2024-11-10 18:40:59,705 : INFO : EventManager : Event: ======'player_shot_lock_lit_1'====== Args={'value': 1, 'prev_value': 0, 'change': 1, 'player_num': 1}
2024-11-10 18:40:59,706 : INFO : EventManager : Event: ======'machine_var_audits_shots_lock_lit_1'====== Args={'value': 1597, 'prev_value': 1596, 'change': 1}
2024-11-10 18:40:59,706 : INFO : EventManager : Event: ======'lock_lit_1_hit'====== Args={'profile': 'lock_lit_profile', 'state': 'unlit', 'advancing': True}
2024-11-10 18:40:59,707 : INFO : EventManager : Event: ======'lock_lit_1_lock_lit_profile_hit'====== Args={'profile': 'lock_lit_profile', 'state': 'unlit', 'advancing': True}
2024-11-10 18:40:59,707 : INFO : EventManager : Event: ======'lock_lit_1_lock_lit_profile_unlit_hit'====== Args={'profile': 'lock_lit_profile', 'state': 'unlit', 'advancing': True}
2024-11-10 18:40:59,707 : INFO : EventManager : Event: ======'lock_lit_1_unlit_hit'====== Args={'profile': 'lock_lit_profile', 'state': 'unlit', 'advancing': True}
2024-11-10 18:40:59,707 : INFO : EventManager : Event: ======'lock_lits_hit'====== Args={}
2024-11-10 18:40:59,707 : INFO : EventManager : Event: ======'lock_lits_unlit_hit'====== Args={}
2024-11-10 18:40:59,707 : INFO : EventManager : Event: ======'logicblock_capture_counter_updated'====== Args={'value': 3, 'enabled': True}
2024-11-10 18:40:59,707 : INFO : EventManager : Event: ======'advance_capturing'====== Args={'count': 3, 'remaining': -3}
2024-11-10 18:40:59,728 : INFO : EventManager : Event: ======'slide_capturing_slide_removed'====== Args={'_from_bcp': True}
2024-11-10 18:40:59,736 : INFO : EventManager : Event: ======'slide_capturing_slide_created'====== Args={'_from_bcp': True}
2024-11-10 18:40:59,736 : INFO : EventManager : Event: ======'slide_capturing_slide_active'====== Args={'_from_bcp': True}
2024-11-10 18:40:59,737 : INFO : EventManager : Event: ======'active_capturing_widget_3_1'====== Args={'priority': 0}
2024-11-10 18:40:59,737 : INFO : EventManager : Event: ======'check_capturing_letter'====== Args={'priority': 0}
2024-11-10 18:40:59,792 : INFO : SwitchController : <<<<<<< 's_left_ramp_made' inactive >>>>>>>
2024-11-10 18:41:00,323 : INFO : EventManager : Event: ======'remove_capturing_widget_3_1'====== Args={'priority': 0}
2024-11-10 18:41:00,324 : INFO : EventManager : Event: ======'active_capturing_widget_3_2'====== Args={'priority': 0}
2024-11-10 18:41:00,730 : INFO : EventManager : Event: ======'slide_capturing_slide_removed'====== Args={'_from_bcp': True}
2024-11-10 18:41:00,731 : INFO : EventManager : Event: ======'slide_base_slide_active'====== Args={'_from_bcp': True}
2024-11-10 18:41:01,264 : INFO : SwitchController : <<<<<<< 's_right_ramp_made' active >>>>>>>
2024-11-10 18:41:01,264 : INFO : EventManager : Event: ======'s_right_ramp_made_active'====== Args={}
2024-11-10 18:41:01,264 : INFO : EventManager : Event: ======'sw_capture'====== Args={}
2024-11-10 18:41:01,264 : INFO : EventManager : Event: ======'machine_var_audits_switches_s_right_ramp_made'====== Args={'value': 1708, 'prev_value': 1707, 'change': 1}
2024-11-10 18:41:01,265 : INFO : EventManager : Event: ======'player_shot_confederate_6'====== Args={'value': 2, 'prev_value': 1, 'change': 1, 'player_num': 1}
2024-11-10 18:41:01,265 : INFO : EventManager : Event: ======'machine_var_audits_shots_confederate_6'====== Args={'value': 401, 'prev_value': 400, 'change': 1}
2024-11-10 18:41:01,275 : INFO : EventManager : Event: ======'confederate_6_hit'====== Args={'profile': 'confederate_profile', 'state': 'flash', 'advancing': True}
2024-11-10 18:41:01,275 : INFO : EventManager : Event: ======'confederate_6_confederate_profile_hit'====== Args={'profile': 'confederate_profile', 'state': 'flash', 'advancing': True}
2024-11-10 18:41:01,275 : INFO : EventManager : Event: ======'confederate_6_confederate_profile_flash_hit'====== Args={'profile': 'confederate_profile', 'state': 'flash', 'advancing': True}
2024-11-10 18:41:01,275 : INFO : EventManager : Event: ======'confederate_6_flash_hit'====== Args={'profile': 'confederate_profile', 'state': 'flash', 'advancing': True}
2024-11-10 18:41:01,275 : INFO : EventManager : Event: ======'player_shot_lock_lit_2'====== Args={'value': 1, 'prev_value': 0, 'change': 1, 'player_num': 1}
2024-11-10 18:41:01,276 : INFO : EventManager : Event: ======'machine_var_audits_shots_lock_lit_2'====== Args={'value': 1510, 'prev_value': 1509, 'change': 1}
2024-11-10 18:41:01,276 : INFO : EventManager : Event: ======'lock_lit_2_hit'====== Args={'profile': 'lock_lit_profile', 'state': 'unlit', 'advancing': True}
2024-11-10 18:41:01,276 : INFO : EventManager : Event: ======'lock_lit_2_lock_lit_profile_hit'====== Args={'profile': 'lock_lit_profile', 'state': 'unlit', 'advancing': True}
2024-11-10 18:41:01,276 : INFO : EventManager : Event: ======'lock_lit_2_lock_lit_profile_unlit_hit'====== Args={'profile': 'lock_lit_profile', 'state': 'unlit', 'advancing': True}
2024-11-10 18:41:01,277 : INFO : EventManager : Event: ======'lock_lit_2_unlit_hit'====== Args={'profile': 'lock_lit_profile', 'state': 'unlit', 'advancing': True}
2024-11-10 18:41:01,277 : INFO : EventManager : Event: ======'lock_lits_complete'====== Args={'state': 'lit'}
2024-11-10 18:41:01,277 : INFO : EventManager : Event: ======'lock_lits_lit_complete'====== Args={}
2024-11-10 18:41:01,277 : INFO : EventManager : Event: ======'lock_lits_hit'====== Args={}
2024-11-10 18:41:01,277 : INFO : EventManager : Event: ======'lock_lits_unlit_hit'====== Args={}
2024-11-10 18:41:01,277 : INFO : state_machine.hc_multiball : Transitioning from lock_lit_state to lock_state
2024-11-10 18:41:01,277 : INFO : EventManager : Event: ======'lock_lit_stopped'====== Args={}
2024-11-10 18:41:01,278 : INFO : EventManager : Event: ======'lock_started'====== Args={}
2024-11-10 18:41:01,278 : INFO : EventManager : Event: ======'player_shot_lock_lit_1_enabled'====== Args={'value': False, 'prev_value': True, 'change': -1, 'player_num': 1}
2024-11-10 18:41:01,278 : INFO : EventManager : Event: ======'player_shot_lock_lit_2_enabled'====== Args={'value': False, 'prev_value': True, 'change': -1, 'player_num': 1}
2024-11-10 18:41:01,279 : INFO : EventManager : Event: ======'logicblock_capture_counter_updated'====== Args={'value': 2, 'enabled': True}
2024-11-10 18:41:01,279 : INFO : EventManager : Event: ======'advance_capturing'====== Args={'count': 2, 'remaining': -2}
2024-11-10 18:41:01,309 : INFO : EventManager : Event: ======'slide_capturing_slide_removed'====== Args={'_from_bcp': True}
2024-11-10 18:41:01,309 : INFO : EventManager : Event: ======'slide_capturing_slide_created'====== Args={'_from_bcp': True}
2024-11-10 18:41:01,309 : INFO : EventManager : Event: ======'slide_capturing_slide_active'====== Args={'_from_bcp': True}
2024-11-10 18:41:01,310 : INFO : EventManager : Event: ======'active_capturing_widget_4_1'====== Args={'priority': 0}
2024-11-10 18:41:01,310 : INFO : EventManager : Event: ======'check_capturing_letter'====== Args={'priority': 0}
2024-11-10 18:41:01,344 : INFO : EventManager : Event: ======'remove_capturing_widget_3_2'====== Args={'priority': 0}
2024-11-10 18:41:01,344 : INFO : EventManager : Event: ======'remove_capturing_letter'====== Args={'priority': 0}
2024-11-10 18:41:01,352 : INFO : SwitchController : <<<<<<< 's_right_ramp_made' inactive >>>>>>>
2024-11-10 18:41:01,891 : INFO : EventManager : Event: ======'remove_capturing_widget_4_1'====== Args={'priority': 0}
2024-11-10 18:41:01,892 : INFO : EventManager : Event: ======'active_capturing_widget_4_2'====== Args={'priority': 0}
2024-11-10 18:41:02,057 : INFO : ball_device.bd_plunger : State: failed_confirm
2024-11-10 18:41:02,057 : INFO : ball_device.bd_plunger : Got timeout (3.0s) before confirm from <playfield.playfield>
2024-11-10 18:41:02,149 : INFO : ball_device.bd_plunger : Confirming eject because target is playfield and ball did not return.
2024-11-10 18:41:02,149 : INFO : ball_device.bd_plunger : Eject successful
2024-11-10 18:41:02,149 : INFO : EventManager : Event: ======'balldevice_bd_plunger_ball_eject_success'====== Args={'balls': 1, 'target': <playfield.playfield>}
2024-11-10 18:41:02,149 : INFO : EventManager : Event: ======'balldevice_playfield_ball_enter'====== Args={'new_balls': 1, 'unclaimed_balls': 1, 'device': <playfield.playfield>}
2024-11-10 18:41:02,149 : INFO : EventManager : Event: ======'playfield_ball_count_change'====== Args={'balls': 2, 'change': 1}
2024-11-10 18:41:02,150 : INFO : EventManager : Event: ======'balldevice_bd_plunger_ball_count_changed'====== Args={'balls': 0}
2024-11-10 18:41:02,150 : INFO : ball_device.bd_plunger : State: idle
2024-11-10 18:41:02,300 : INFO : EventManager : Event: ======'slide_capturing_slide_removed'====== Args={'_from_bcp': True}
2024-11-10 18:41:02,300 : INFO : EventManager : Event: ======'slide_base_slide_active'====== Args={'_from_bcp': True}
2024-11-10 18:41:02,891 : INFO : EventManager : Event: ======'remove_capturing_widget_4_2'====== Args={'priority': 0}
2024-11-10 18:41:02,891 : INFO : EventManager : Event: ======'remove_capturing_letter'====== Args={'priority': 0}
2024-11-10 18:41:03,259 : INFO : SwitchController : <<<<<<< 's_lock_2' active >>>>>>>
2024-11-10 18:41:03,259 : INFO : EventManager : Event: ======'machine_var_audits_switches_s_lock_2'====== Args={'value': 440, 'prev_value': 439, 'change': 1}
2024-11-10 18:41:03,756 : INFO : EventManager : Event: ======'balldevice_bd_hc_lock_ball_count_changed'====== Args={'balls': 2}
2024-11-10 18:41:03,756 : INFO : ball_device.bd_hc_lock : Received unexpected ball
2024-11-10 18:41:03,756 : INFO : EventManager : Event: ======'balldevice_captured_from_playfield'====== Args={'balls': 1}
2024-11-10 18:41:03,757 : INFO : EventManager : Event: ======'sw_playfield_active'====== Args={'balls': 1}
2024-11-10 18:41:03,757 : INFO : EventManager : Event: ======'playfield_ball_count_change'====== Args={'balls': 1, 'change': -1}
2024-11-10 18:41:03,757 : INFO : EventManager : Event: ======'balldevice_bd_hc_lock_ball_enter'====== Args={'new_balls': 1, 'unclaimed_balls': 1, 'new_available_balls': 1, 'device': <ball_device.bd_hc_lock>}
2024-11-10 18:41:03,758 : INFO : EventManager : Event: ======'player_high_caliber_locked_balls'====== Args={'value': 2, 'prev_value': 1, 'change': 1, 'player_num': 1}
2024-11-10 18:41:03,758 : INFO : ball_device.bd_plunger : Adding 1 ball(s) to the eject_queue with target <playfield.playfield>.
2024-11-10 18:41:03,758 : INFO : EventManager : Event: ======'balldevice_balls_available'====== Args={}
2024-11-10 18:41:03,759 : INFO : EventManager : Event: ======'balldevice_balls_available'====== Args={}
2024-11-10 18:41:03,759 : INFO : EventManager : Event: ======'balldevice_bd_hc_lock_ball_entered'====== Args={'new_balls': 1, 'device': <ball_device.bd_hc_lock>}
2024-11-10 18:41:03,759 : INFO : EventManager : Event: ======'multiball_lock_high_caliber_locked_ball'====== Args={'total_balls_locked': 2}
2024-11-10 18:41:03,760 : INFO : EventManager : Event: ======'enable_lock_lit_state'====== Args={'priority': 0}
2024-11-10 18:41:03,760 : INFO : state_machine.hc_multiball : Transitioning from lock_state to lock_lit_state
2024-11-10 18:41:03,760 : INFO : EventManager : Event: ======'lock_stopped'====== Args={}
2024-11-10 18:41:03,761 : INFO : EventManager : Event: ======'lock_lit_started'====== Args={}
2024-11-10 18:41:03,762 : INFO : EventManager : Event: ======'player_shot_lock_lit_1'====== Args={'value': 0, 'prev_value': 1, 'change': -1, 'player_num': 1}
2024-11-10 18:41:03,762 : INFO : EventManager : Event: ======'player_shot_lock_lit_1_enabled'====== Args={'value': True, 'prev_value': False, 'change': 1, 'player_num': 1}
2024-11-10 18:41:03,763 : INFO : EventManager : Event: ======'player_shot_lock_lit_2'====== Args={'value': 0, 'prev_value': 1, 'change': -1, 'player_num': 1}
2024-11-10 18:41:03,763 : INFO : EventManager : Event: ======'player_shot_lock_lit_2_enabled'====== Args={'value': True, 'prev_value': False, 'change': 1, 'player_num': 1}
2024-11-10 18:41:03,764 : INFO : ball_device.bd_trough : State: waiting_for_target_ready
2024-11-10 18:41:03,764 : INFO : EventManager : Event: ======'balldevice_bd_trough_ball_eject_attempt'====== Args={'balls': 1, 'target': <ball_device.bd_plunger>, 'source': <ball_device.bd_trough>, 'mechanical_eject': False, 'num_attempts': 0}
2024-11-10 18:41:03,764 : INFO : ball_device.bd_plunger : State: waiting_for_ball
2024-11-10 18:41:03,765 : INFO : ball_device.bd_trough : State: ejecting
2024-11-10 18:41:03,765 : INFO : ball_device.bd_trough : Ejecting ball to <ball_device.bd_plunger>
2024-11-10 18:41:03,765 : INFO : EventManager : Event: ======'balldevice_bd_trough_ejecting_ball'====== Args={'balls': 1, 'target': <ball_device.bd_plunger>, 'source': <ball_device.bd_trough>, 'mechanical_eject': False, 'num_attempts': 0}
2024-11-10 18:41:03,766 : INFO : ball_device.bd_trough : Wait for ball to leave device
2024-11-10 18:41:03,766 : INFO : coil.c_trough_eject : Pulsing Driver for 20ms (1.0 pulse_power)
2024-11-10 18:41:03,766 : INFO : SwitchController : <<<<<<< 's_trough3' inactive >>>>>>>
2024-11-10 18:41:03,779 : INFO : ball_device.bd_trough : State: ball_left
2024-11-10 18:41:03,787 : INFO : ball_device.bd_trough : Ball left
2024-11-10 18:41:03,787 : INFO : ball_device.bd_trough : Wait for confirm with timeout 10.0
2024-11-10 18:41:03,869 : INFO : SwitchController : <<<<<<< 's_plunger' active >>>>>>>
2024-11-10 18:41:03,869 : INFO : EventManager : Event: ======'machine_var_audits_switches_s_plunger'====== Args={'value': 4110, 'prev_value': 4109, 'change': 1}
2024-11-10 18:41:04,186 : INFO : ball_device.bd_plunger : Received ball from <ball_device.bd_trough>
2024-11-10 18:41:04,186 : INFO : EventManager : Event: ======'balldevice_bd_plunger_ball_enter'====== Args={'new_balls': 1, 'unclaimed_balls': 0, 'new_available_balls': 0, 'device': <ball_device.bd_plunger>}
2024-11-10 18:41:04,187 : INFO : EventManager : Event: ======'balldevice_bd_plunger_ball_entered'====== Args={'new_balls': 0, 'device': <ball_device.bd_plunger>}
2024-11-10 18:41:04,187 : INFO : EventManager : Event: ======'balldevice_bd_plunger_ball_count_changed'====== Args={'balls': 1}
2024-11-10 18:41:04,187 : INFO : ball_device.bd_trough : Got eject confirm
2024-11-10 18:41:04,187 : INFO : ball_device.bd_trough : Eject successful
2024-11-10 18:41:04,187 : INFO : EventManager : Event: ======'balldevice_bd_trough_ball_eject_success'====== Args={'balls': 1, 'target': <ball_device.bd_plunger>}
2024-11-10 18:41:04,188 : INFO : EventManager : Event: ======'balldevice_bd_trough_ball_count_changed'====== Args={'balls': 2}
2024-11-10 18:41:04,188 : INFO : ball_device.bd_trough : State: idle
2024-11-10 18:41:04,188 : INFO : ball_device.bd_plunger : State: waiting_for_target_ready
2024-11-10 18:41:04,188 : INFO : EventManager : Event: ======'balldevice_bd_plunger_ball_eject_attempt'====== Args={'balls': 1, 'target': <playfield.playfield>, 'source': <ball_device.bd_plunger>, 'mechanical_eject': False, 'num_attempts': 0}
2024-11-10 18:41:04,189 : INFO : ball_device.bd_plunger : State: ejecting
2024-11-10 18:41:04,189 : INFO : ball_device.bd_plunger : Ejecting ball to <playfield.playfield>
2024-11-10 18:41:04,189 : INFO : EventManager : Event: ======'balldevice_bd_plunger_ejecting_ball'====== Args={'balls': 1, 'target': <playfield.playfield>, 'source': <ball_device.bd_plunger>, 'mechanical_eject': False, 'num_attempts': 0}
2024-11-10 18:41:04,190 : INFO : ball_device.bd_plunger : Wait for ball to leave device
2024-11-10 18:41:04,190 : INFO : coil.c_plunger : Pulsing Driver for 10ms (1.0 pulse_power)
2024-11-10 18:41:04,190 : INFO : SwitchController : <<<<<<< 's_plunger' inactive >>>>>>>
2024-11-10 18:41:04,202 : INFO : ball_device.bd_plunger : State: ball_left
2024-11-10 18:41:04,203 : INFO : ball_device.bd_plunger : Ball left
2024-11-10 18:41:04,203 : INFO : ball_device.bd_plunger : Wait for confirm with timeout 3.0
2024-11-10 18:41:04,612 : INFO : SwitchController : <<<<<<< 's_left_ramp_made' active >>>>>>>
2024-11-10 18:41:04,612 : INFO : EventManager : Event: ======'s_left_ramp_made_active'====== Args={}
2024-11-10 18:41:04,612 : INFO : EventManager : Event: ======'sw_capture'====== Args={}
2024-11-10 18:41:04,612 : INFO : EventManager : Event: ======'machine_var_audits_switches_s_left_ramp_made'====== Args={'value': 2013, 'prev_value': 2012, 'change': 1}
2024-11-10 18:41:04,613 : INFO : EventManager : Event: ======'machine_var_audits_shots_confederate_2'====== Args={'value': 238, 'prev_value': 237, 'change': 1}
2024-11-10 18:41:04,614 : INFO : EventManager : Event: ======'confederate_2_hit'====== Args={'profile': 'confederate_profile', 'state': 'lit', 'advancing': False}
2024-11-10 18:41:04,614 : INFO : EventManager : Event: ======'confederate_2_confederate_profile_hit'====== Args={'profile': 'confederate_profile', 'state': 'lit', 'advancing': False}
2024-11-10 18:41:04,614 : INFO : EventManager : Event: ======'confederate_2_confederate_profile_lit_hit'====== Args={'profile': 'confederate_profile', 'state': 'lit', 'advancing': False}
2024-11-10 18:41:04,614 : INFO : EventManager : Event: ======'confederate_2_lit_hit'====== Args={'profile': 'confederate_profile', 'state': 'lit', 'advancing': False}
2024-11-10 18:41:04,615 : INFO : EventManager : Event: ======'player_shot_lock_lit_1'====== Args={'value': 1, 'prev_value': 0, 'change': 1, 'player_num': 1}
2024-11-10 18:41:04,615 : INFO : EventManager : Event: ======'machine_var_audits_shots_lock_lit_1'====== Args={'value': 1598, 'prev_value': 1597, 'change': 1}
2024-11-10 18:41:04,616 : INFO : EventManager : Event: ======'lock_lit_1_hit'====== Args={'profile': 'lock_lit_profile', 'state': 'unlit', 'advancing': True}
2024-11-10 18:41:04,616 : INFO : EventManager : Event: ======'lock_lit_1_lock_lit_profile_hit'====== Args={'profile': 'lock_lit_profile', 'state': 'unlit', 'advancing': True}
2024-11-10 18:41:04,616 : INFO : EventManager : Event: ======'lock_lit_1_lock_lit_profile_unlit_hit'====== Args={'profile': 'lock_lit_profile', 'state': 'unlit', 'advancing': True}
2024-11-10 18:41:04,616 : INFO : EventManager : Event: ======'lock_lit_1_unlit_hit'====== Args={'profile': 'lock_lit_profile', 'state': 'unlit', 'advancing': True}
2024-11-10 18:41:04,617 : INFO : EventManager : Event: ======'lock_lits_hit'====== Args={}
2024-11-10 18:41:04,617 : INFO : EventManager : Event: ======'lock_lits_unlit_hit'====== Args={}
2024-11-10 18:41:04,617 : INFO : EventManager : Event: ======'logicblock_capture_counter_updated'====== Args={'value': 1, 'enabled': True}
2024-11-10 18:41:04,617 : INFO : EventManager : Event: ======'advance_capturing'====== Args={'count': 1, 'remaining': -1}
2024-11-10 18:41:04,631 : INFO : EventManager : Event: ======'slide_capturing_slide_removed'====== Args={'_from_bcp': True}
2024-11-10 18:41:04,631 : INFO : EventManager : Event: ======'slide_capturing_slide_created'====== Args={'_from_bcp': True}
2024-11-10 18:41:04,631 : INFO : EventManager : Event: ======'slide_capturing_slide_active'====== Args={'_from_bcp': True}
2024-11-10 18:41:04,632 : INFO : EventManager : Event: ======'active_capturing_widget_5_1'====== Args={'priority': 0}
2024-11-10 18:41:04,632 : INFO : EventManager : Event: ======'check_capturing_letter'====== Args={'priority': 0}
2024-11-10 18:41:04,701 : INFO : SwitchController : <<<<<<< 's_left_ramp_made' inactive >>>>>>>
2024-11-10 18:41:05,223 : INFO : EventManager : Event: ======'remove_capturing_widget_5_1'====== Args={'priority': 0}
2024-11-10 18:41:05,223 : INFO : EventManager : Event: ======'active_capturing_widget_5_2'====== Args={'priority': 0}
2024-11-10 18:41:05,627 : INFO : EventManager : Event: ======'slide_capturing_slide_removed'====== Args={'_from_bcp': True}
2024-11-10 18:41:05,627 : INFO : EventManager : Event: ======'slide_base_slide_active'====== Args={'_from_bcp': True}
2024-11-10 18:41:06,220 : INFO : EventManager : Event: ======'remove_capturing_widget_5_2'====== Args={'priority': 0}
2024-11-10 18:41:06,220 : INFO : EventManager : Event: ======'remove_capturing_letter'====== Args={'priority': 0}
2024-11-10 18:41:06,691 : INFO : SwitchController : <<<<<<< 's_right_ramp_made' active >>>>>>>
2024-11-10 18:41:06,691 : INFO : EventManager : Event: ======'s_right_ramp_made_active'====== Args={}
2024-11-10 18:41:06,691 : INFO : EventManager : Event: ======'sw_capture'====== Args={}
2024-11-10 18:41:06,692 : INFO : EventManager : Event: ======'machine_var_audits_switches_s_right_ramp_made'====== Args={'value': 1709, 'prev_value': 1708, 'change': 1}
2024-11-10 18:41:06,701 : INFO : EventManager : Event: ======'machine_var_audits_shots_confederate_6'====== Args={'value': 402, 'prev_value': 401, 'change': 1}
2024-11-10 18:41:06,701 : INFO : EventManager : Event: ======'confederate_6_hit'====== Args={'profile': 'confederate_profile', 'state': 'lit', 'advancing': False}
2024-11-10 18:41:06,701 : INFO : EventManager : Event: ======'confederate_6_confederate_profile_hit'====== Args={'profile': 'confederate_profile', 'state': 'lit', 'advancing': False}
2024-11-10 18:41:06,701 : INFO : EventManager : Event: ======'confederate_6_confederate_profile_lit_hit'====== Args={'profile': 'confederate_profile', 'state': 'lit', 'advancing': False}
2024-11-10 18:41:06,701 : INFO : EventManager : Event: ======'confederate_6_lit_hit'====== Args={'profile': 'confederate_profile', 'state': 'lit', 'advancing': False}
2024-11-10 18:41:06,701 : INFO : EventManager : Event: ======'player_shot_lock_lit_2'====== Args={'value': 1, 'prev_value': 0, 'change': 1, 'player_num': 1}
2024-11-10 18:41:06,702 : INFO : EventManager : Event: ======'machine_var_audits_shots_lock_lit_2'====== Args={'value': 1511, 'prev_value': 1510, 'change': 1}
2024-11-10 18:41:06,702 : INFO : EventManager : Event: ======'lock_lit_2_hit'====== Args={'profile': 'lock_lit_profile', 'state': 'unlit', 'advancing': True}
2024-11-10 18:41:06,702 : INFO : EventManager : Event: ======'lock_lit_2_lock_lit_profile_hit'====== Args={'profile': 'lock_lit_profile', 'state': 'unlit', 'advancing': True}
2024-11-10 18:41:06,702 : INFO : EventManager : Event: ======'lock_lit_2_lock_lit_profile_unlit_hit'====== Args={'profile': 'lock_lit_profile', 'state': 'unlit', 'advancing': True}
2024-11-10 18:41:06,703 : INFO : EventManager : Event: ======'lock_lit_2_unlit_hit'====== Args={'profile': 'lock_lit_profile', 'state': 'unlit', 'advancing': True}
2024-11-10 18:41:06,703 : INFO : EventManager : Event: ======'lock_lits_complete'====== Args={'state': 'lit'}
2024-11-10 18:41:06,703 : INFO : EventManager : Event: ======'lock_lits_lit_complete'====== Args={}
2024-11-10 18:41:06,703 : INFO : EventManager : Event: ======'lock_lits_hit'====== Args={}
2024-11-10 18:41:06,704 : INFO : EventManager : Event: ======'lock_lits_unlit_hit'====== Args={}
2024-11-10 18:41:06,704 : INFO : state_machine.hc_multiball : Transitioning from lock_lit_state to lock_state
2024-11-10 18:41:06,704 : INFO : EventManager : Event: ======'lock_lit_stopped'====== Args={}
2024-11-10 18:41:06,704 : INFO : EventManager : Event: ======'lock_started'====== Args={}
2024-11-10 18:41:06,705 : INFO : EventManager : Event: ======'player_shot_lock_lit_1_enabled'====== Args={'value': False, 'prev_value': True, 'change': -1, 'player_num': 1}
2024-11-10 18:41:06,705 : INFO : EventManager : Event: ======'player_shot_lock_lit_2_enabled'====== Args={'value': False, 'prev_value': True, 'change': -1, 'player_num': 1}
2024-11-10 18:41:06,706 : INFO : EventManager : Event: ======'logicblock_capture_counter_updated'====== Args={'value': 0, 'enabled': True}
2024-11-10 18:41:06,706 : INFO : EventManager : Event: ======'advance_capturing'====== Args={'count': 0, 'remaining': 0}
2024-11-10 18:41:06,707 : INFO : EventManager : Event: ======'activate_capture'====== Args={}
2024-11-10 18:41:06,707 : INFO : EventManager : Event: ======'logicblock_capture_counter_updated'====== Args={'value': 6, 'enabled': True}
2024-11-10 18:41:06,707 : INFO : state_machine.global_state : Transitioning from main to capture
2024-11-10 18:41:06,707 : INFO : EventManager : Event: ======'main_state_stopped'====== Args={}
2024-11-10 18:41:06,708 : INFO : EventManager : Event: ======'capture_state'====== Args={}
2024-11-10 18:41:06,708 : INFO : EventManager : Event: ======'mode_confederate_will_stop'====== Args={}
2024-11-10 18:41:06,708 : INFO : EventManager : Event: ======'mode_confederate_stopping'====== Args={}
2024-11-10 18:41:06,708 : INFO : EventManager : Event: ======'mode_drednaught_will_stop'====== Args={}
2024-11-10 18:41:06,708 : INFO : EventManager : Event: ======'mode_drednaught_stopping'====== Args={}
2024-11-10 18:41:06,708 : INFO : EventManager : Event: ======'mode_main_play_will_stop'====== Args={}
2024-11-10 18:41:06,709 : INFO : EventManager : Event: ======'mode_main_play_stopping'====== Args={}
2024-11-10 18:41:06,709 : INFO : EventManager : Event: ======'mode_capture_will_stop'====== Args={}
2024-11-10 18:41:06,709 : INFO : EventManager : Event: ======'mode_capture_stopping'====== Args={}
2024-11-10 18:41:06,709 : INFO : EventManager : Event: ======'stop_mode_select'====== Args={'priority': 0}
2024-11-10 18:41:06,710 : INFO : EventManager : Event: ======'turn_off_mode_lit_light'====== Args={'priority': 0}
2024-11-10 18:41:06,710 : INFO : EventManager : Event: ======'achievement_mode_1_changed_state'====== Args={'restore': False, 'state': 'disabled', 'selected': False}
2024-11-10 18:41:06,711 : INFO : EventManager : Event: ======'achievement_mode_1_state_disabled'====== Args={'restore': False, 'state': 'disabled', 'selected': False}
2024-11-10 18:41:06,711 : INFO : EventManager : Event: ======'achievement_mode_2_changed_state'====== Args={'restore': False, 'state': 'disabled', 'selected': False}
2024-11-10 18:41:06,711 : INFO : EventManager : Event: ======'achievement_mode_2_state_disabled'====== Args={'restore': False, 'state': 'disabled', 'selected': False}
2024-11-10 18:41:06,711 : INFO : EventManager : Event: ======'achievement_mode_3_changed_state'====== Args={'restore': False, 'state': 'disabled', 'selected': False}
2024-11-10 18:41:06,712 : INFO : EventManager : Event: ======'achievement_mode_3_state_disabled'====== Args={'restore': False, 'state': 'disabled', 'selected': False}
2024-11-10 18:41:06,712 : INFO : EventManager : Event: ======'achievement_mode_4_changed_state'====== Args={'restore': False, 'state': 'disabled', 'selected': False}
2024-11-10 18:41:06,712 : INFO : EventManager : Event: ======'achievement_mode_4_state_disabled'====== Args={'restore': False, 'state': 'disabled', 'selected': False}
2024-11-10 18:41:06,713 : INFO : EventManager : Event: ======'achievement_mode_5_changed_state'====== Args={'restore': False, 'state': 'disabled', 'selected': False}
2024-11-10 18:41:06,713 : INFO : EventManager : Event: ======'achievement_mode_5_state_disabled'====== Args={'restore': False, 'state': 'disabled', 'selected': False}
2024-11-10 18:41:06,713 : INFO : EventManager : Event: ======'achievement_mode_6_changed_state'====== Args={'restore': False, 'state': 'disabled', 'selected': False}
2024-11-10 18:41:06,713 : INFO : EventManager : Event: ======'achievement_mode_6_state_disabled'====== Args={'restore': False, 'state': 'disabled', 'selected': False}
2024-11-10 18:41:06,714 : INFO : EventManager : Event: ======'achievement_mode_7_changed_state'====== Args={'restore': False, 'state': 'disabled', 'selected': False}
2024-11-10 18:41:06,714 : INFO : EventManager : Event: ======'achievement_mode_7_state_disabled'====== Args={'restore': False, 'state': 'disabled', 'selected': False}
2024-11-10 18:41:06,714 : INFO : EventManager : Event: ======'achievement_mode_8_changed_state'====== Args={'restore': False, 'state': 'disabled', 'selected': False}
2024-11-10 18:41:06,714 : INFO : EventManager : Event: ======'achievement_mode_8_state_disabled'====== Args={'restore': False, 'state': 'disabled', 'selected': False}
2024-11-10 18:41:06,715 : INFO : EventManager : Event: ======'achievement_mode_9_changed_state'====== Args={'restore': False, 'state': 'disabled', 'selected': False}
2024-11-10 18:41:06,715 : INFO : EventManager : Event: ======'achievement_mode_9_state_disabled'====== Args={'restore': False, 'state': 'disabled', 'selected': False}
2024-11-10 18:41:06,715 : INFO : EventManager : Event: ======'achievement_mode_10_changed_state'====== Args={'restore': False, 'state': 'disabled', 'selected': False}
2024-11-10 18:41:06,715 : INFO : EventManager : Event: ======'achievement_mode_10_state_disabled'====== Args={'restore': False, 'state': 'disabled', 'selected': False}
2024-11-10 18:41:06,716 : INFO : EventManager : Event: ======'mode_capture_hurryup_will_start'====== Args={}
2024-11-10 18:41:06,718 : INFO : EventManager : Event: ======'mode_capture_hurryup_starting'====== Args={}
2024-11-10 18:41:06,719 : INFO : Mode.capture_hurryup : Started. Priority: 100
2024-11-10 18:41:06,719 : INFO : EventManager : Event: ======'modes_active_modes_changed'====== Args={}
2024-11-10 18:41:06,719 : INFO : EventManager : Event: ======'mode_capture_hurryup_started'====== Args={}
2024-11-10 18:41:06,719 : INFO : EventManager : Event: ======'player_capture_timer_number'====== Args={'value': 5, 'prev_value': 0, 'change': 5, 'player_num': 1}
2024-11-10 18:41:06,720 : INFO : Mode.capture : Stopped.
2024-11-10 18:41:06,720 : INFO : EventManager : Event: ======'modes_active_modes_changed'====== Args={}
2024-11-10 18:41:06,720 : INFO : EventManager : Event: ======'mode_capture_stopped'====== Args={}
2024-11-10 18:41:06,720 : INFO : EventManager : Event: ======'clear'====== Args={'key': 'capture'}
2024-11-10 18:41:06,721 : INFO : Mode.main_play : Stopped.
2024-11-10 18:41:06,721 : INFO : EventManager : Event: ======'modes_active_modes_changed'====== Args={}
2024-11-10 18:41:06,721 : INFO : EventManager : Event: ======'mode_main_play_stopped'====== Args={}
2024-11-10 18:41:06,722 : INFO : EventManager : Event: ======'clear'====== Args={'key': 'main_play'}
2024-11-10 18:41:06,722 : INFO : Mode.drednaught : Stopped.
2024-11-10 18:41:06,722 : INFO : EventManager : Event: ======'modes_active_modes_changed'====== Args={}
2024-11-10 18:41:06,723 : INFO : EventManager : Event: ======'mode_drednaught_stopped'====== Args={}
2024-11-10 18:41:06,723 : INFO : EventManager : Event: ======'clear'====== Args={'key': 'drednaught'}
2024-11-10 18:41:06,723 : INFO : Mode.confederate : Stopped.
2024-11-10 18:41:06,723 : INFO : EventManager : Event: ======'modes_active_modes_changed'====== Args={}
2024-11-10 18:41:06,723 : INFO : EventManager : Event: ======'mode_confederate_stopped'====== Args={}
2024-11-10 18:41:06,723 : INFO : EventManager : Event: ======'clear'====== Args={'key': 'confederate'}
2024-11-10 18:41:06,778 : INFO : SwitchController : <<<<<<< 's_right_ramp_made' inactive >>>>>>>
2024-11-10 18:41:06,778 : INFO : EventManager : Event: ======'slide_capturing_slide_removed'====== Args={'_from_bcp': True}
2024-11-10 18:41:06,778 : INFO : EventManager : Event: ======'slide_capturing_slide_created'====== Args={'_from_bcp': True}
2024-11-10 18:41:06,778 : INFO : EventManager : Event: ======'slide_capturing_slide_6_created'====== Args={'_from_bcp': True}
2024-11-10 18:41:06,779 : INFO : EventManager : Event: ======'slide_capturing_slide_removed'====== Args={'_from_bcp': True}
2024-11-10 18:41:06,779 : INFO : EventManager : Event: ======'slide_capturing_slide_6_active'====== Args={'_from_bcp': True}
2024-11-10 18:41:06,780 : INFO : EventManager : Event: ======'active_capturing_widget_6_1'====== Args={'priority': 0}
2024-11-10 18:41:06,780 : INFO : EventManager : Event: ======'check_capturing_letter'====== Args={'priority': 0}
2024-11-10 18:41:06,780 : INFO : EventManager : Event: ======'check_capturing_letter_hurryup'====== Args={'priority': 0}
2024-11-10 18:41:07,227 : INFO : ball_device.bd_plunger : State: failed_confirm
2024-11-10 18:41:07,227 : INFO : ball_device.bd_plunger : Got timeout (3.0s) before confirm from <playfield.playfield>
2024-11-10 18:41:07,324 : INFO : ball_device.bd_plunger : Confirming eject because target is playfield and ball did not return.
2024-11-10 18:41:07,324 : INFO : ball_device.bd_plunger : Eject successful
2024-11-10 18:41:07,324 : INFO : EventManager : Event: ======'balldevice_bd_plunger_ball_eject_success'====== Args={'balls': 1, 'target': <playfield.playfield>}
2024-11-10 18:41:07,324 : INFO : EventManager : Event: ======'balldevice_playfield_ball_enter'====== Args={'new_balls': 1, 'unclaimed_balls': 1, 'device': <playfield.playfield>}
2024-11-10 18:41:07,325 : INFO : EventManager : Event: ======'playfield_ball_count_change'====== Args={'balls': 2, 'change': 1}
2024-11-10 18:41:07,325 : INFO : EventManager : Event: ======'balldevice_bd_plunger_ball_count_changed'====== Args={'balls': 0}
2024-11-10 18:41:07,325 : INFO : ball_device.bd_plunger : State: idle
2024-11-10 18:41:07,387 : INFO : EventManager : Event: ======'remove_capturing_widget_6_1'====== Args={'priority': 0}
2024-11-10 18:41:07,387 : INFO : EventManager : Event: ======'active_capturing_widget_6_2'====== Args={'priority': 0}
2024-11-10 18:41:08,384 : INFO : EventManager : Event: ======'remove_capturing_widget_6_2'====== Args={'priority': 0}
2024-11-10 18:41:08,384 : INFO : EventManager : Event: ======'remove_capturing_letter'====== Args={'priority': 0}
2024-11-10 18:41:08,916 : INFO : SwitchController : <<<<<<< 's_torpedo' active >>>>>>>
2024-11-10 18:41:08,917 : INFO : EventManager : Event: ======'s_torpedo_active'====== Args={}
2024-11-10 18:41:08,917 : INFO : EventManager : Event: ======'sw_switch_hit'====== Args={}
2024-11-10 18:41:08,917 : INFO : EventManager : Event: ======'machine_var_audits_switches_s_torpedo'====== Args={'value': 740, 'prev_value': 739, 'change': 1}
2024-11-10 18:41:08,918 : INFO : EventManager : Event: ======'play_captured_slide'====== Args={'priority': 0}
2024-11-10 18:41:08,918 : INFO : EventManager : Event: ======'player_capture_hurryup_capture_timer_tick'====== Args={'value': 5, 'prev_value': 0, 'change': 5, 'player_num': 1}
2024-11-10 18:41:08,918 : INFO : Timer.capture_timer : Starting Timer.
2024-11-10 18:41:08,918 : INFO : EventManager : Event: ======'timer_capture_timer_started'====== Args={'ticks': 5, 'ticks_remaining': 5}
2024-11-10 18:41:08,918 : INFO : EventManager : Event: ======'timer_capture_timer_tick'====== Args={'ticks': 5, 'ticks_remaining': 5}
2024-11-10 18:41:08,941 : INFO : EventManager : Event: ======'slide_captured_slide_created'====== Args={'_from_bcp': True}
2024-11-10 18:41:08,954 : INFO : EventManager : Event: ======'slide_captured_slide_active'====== Args={'_from_bcp': True}
2024-11-10 18:41:08,954 : INFO : EventManager : Event: ======'active_captured_widget_1'====== Args={'priority': 0}
2024-11-10 18:41:08,954 : INFO : EventManager : Event: ======'check_captured_letter'====== Args={'priority': 0}
2024-11-10 18:41:08,978 : INFO : SwitchController : <<<<<<< 's_torpedo' inactive >>>>>>>
2024-11-10 18:41:09,564 : INFO : EventManager : Event: ======'remove_captured_widget_1'====== Args={'priority': 0}
2024-11-10 18:41:09,565 : INFO : EventManager : Event: ======'active_captured_widget_2'====== Args={'priority': 0}
2024-11-10 18:41:09,918 : INFO : EventManager : Event: ======'player_capture_hurryup_capture_timer_tick'====== Args={'value': 4, 'prev_value': 5, 'change': -1, 'player_num': 1}
2024-11-10 18:41:09,918 : INFO : EventManager : Event: ======'timer_capture_timer_tick'====== Args={'ticks': 4, 'ticks_remaining': 4}
2024-11-10 18:41:09,918 : INFO : EventManager : Event: ======'player_capture_timer_number'====== Args={'value': 4, 'prev_value': 5, 'change': -1, 'player_num': 1}
2024-11-10 18:41:10,564 : INFO : EventManager : Event: ======'remove_captured_widget_2'====== Args={'priority': 0}
2024-11-10 18:41:10,565 : INFO : EventManager : Event: ======'remove_capturing_letter'====== Args={'priority': 0}
2024-11-10 18:41:10,565 : INFO : EventManager : Event: ======'remove_captured_slide'====== Args={'priority': 0}
2024-11-10 18:41:10,576 : INFO : EventManager : Event: ======'slide_captured_slide_removed'====== Args={'_from_bcp': True}
2024-11-10 18:41:10,576 : INFO : EventManager : Event: ======'area_captured'====== Args={'priority': 0}
2024-11-10 18:41:10,576 : INFO : EventManager : Event: ======'deactivate_capture'====== Args={'priority': 0}
2024-11-10 18:41:10,577 : INFO : EventManager : Event: ======'logicblock_capture_global_counter_updated'====== Args={'value': 5, 'enabled': True}
2024-11-10 18:41:10,577 : INFO : EventManager : Event: ======'counter_capture_global_counter_hit'====== Args={'count': 5, 'remaining': -5}
2024-11-10 18:41:10,577 : INFO : EventManager : Event: ======'logicblock_capture_global_counter_hit'====== Args={'count': 5, 'remaining': -5}
2024-11-10 18:41:10,577 : INFO : state_machine.global_state : Transitioning from capture to main
2024-11-10 18:41:10,577 : INFO : EventManager : Event: ======'capture_state_stopped'====== Args={}
2024-11-10 18:41:10,578 : INFO : EventManager : Event: ======'main_state'====== Args={}
2024-11-10 18:41:10,578 : INFO : EventManager : Event: ======'mode_capture_hurryup_will_stop'====== Args={}
2024-11-10 18:41:10,578 : INFO : EventManager : Event: ======'mode_capture_hurryup_stopping'====== Args={}
2024-11-10 18:41:10,579 : INFO : EventManager : Event: ======'achievement_mode_1_changed_state'====== Args={'restore': False, 'state': 'enabled', 'selected': False}
2024-11-10 18:41:10,579 : INFO : EventManager : Event: ======'achievement_mode_1_state_enabled'====== Args={'restore': False, 'state': 'enabled', 'selected': False}
2024-11-10 18:41:10,579 : INFO : EventManager : Event: ======'achievement_mode_2_changed_state'====== Args={'restore': False, 'state': 'enabled', 'selected': False}
2024-11-10 18:41:10,579 : INFO : EventManager : Event: ======'achievement_mode_2_state_enabled'====== Args={'restore': False, 'state': 'enabled', 'selected': False}
2024-11-10 18:41:10,579 : INFO : EventManager : Event: ======'achievement_mode_3_changed_state'====== Args={'restore': False, 'state': 'enabled', 'selected': False}
2024-11-10 18:41:10,579 : INFO : EventManager : Event: ======'achievement_mode_3_state_enabled'====== Args={'restore': False, 'state': 'enabled', 'selected': False}
2024-11-10 18:41:10,579 : INFO : EventManager : Event: ======'achievement_mode_4_changed_state'====== Args={'restore': False, 'state': 'enabled', 'selected': False}
2024-11-10 18:41:10,580 : INFO : EventManager : Event: ======'achievement_mode_4_state_enabled'====== Args={'restore': False, 'state': 'enabled', 'selected': False}
2024-11-10 18:41:10,580 : INFO : EventManager : Event: ======'achievement_mode_5_changed_state'====== Args={'restore': False, 'state': 'enabled', 'selected': False}
2024-11-10 18:41:10,580 : INFO : EventManager : Event: ======'achievement_mode_5_state_enabled'====== Args={'restore': False, 'state': 'enabled', 'selected': False}
2024-11-10 18:41:10,580 : INFO : EventManager : Event: ======'achievement_mode_6_changed_state'====== Args={'restore': False, 'state': 'enabled', 'selected': False}
2024-11-10 18:41:10,580 : INFO : EventManager : Event: ======'achievement_mode_6_state_enabled'====== Args={'restore': False, 'state': 'enabled', 'selected': False}
2024-11-10 18:41:10,580 : INFO : EventManager : Event: ======'achievement_mode_7_changed_state'====== Args={'restore': False, 'state': 'enabled', 'selected': False}
2024-11-10 18:41:10,580 : INFO : EventManager : Event: ======'achievement_mode_7_state_enabled'====== Args={'restore': False, 'state': 'enabled', 'selected': False}
2024-11-10 18:41:10,581 : INFO : EventManager : Event: ======'achievement_mode_8_changed_state'====== Args={'restore': False, 'state': 'enabled', 'selected': False}
2024-11-10 18:41:10,581 : INFO : EventManager : Event: ======'achievement_mode_8_state_enabled'====== Args={'restore': False, 'state': 'enabled', 'selected': False}
2024-11-10 18:41:10,581 : INFO : EventManager : Event: ======'achievement_mode_9_changed_state'====== Args={'restore': False, 'state': 'enabled', 'selected': False}
2024-11-10 18:41:10,581 : INFO : EventManager : Event: ======'achievement_mode_9_state_enabled'====== Args={'restore': False, 'state': 'enabled', 'selected': False}
2024-11-10 18:41:10,581 : INFO : EventManager : Event: ======'achievement_mode_10_changed_state'====== Args={'restore': False, 'state': 'enabled', 'selected': False}
2024-11-10 18:41:10,581 : INFO : EventManager : Event: ======'achievement_mode_10_state_enabled'====== Args={'restore': False, 'state': 'enabled', 'selected': False}
2024-11-10 18:41:10,583 : INFO : EventManager : Event: ======'achievement_mode_5_changed_state'====== Args={'restore': False, 'state': 'enabled', 'selected': True}
2024-11-10 18:41:10,583 : INFO : EventManager : Event: ======'achievement_mode_5_state_enabled'====== Args={'restore': False, 'state': 'enabled', 'selected': True}
2024-11-10 18:41:10,583 : INFO : EventManager : Event: ======'achievement_mode_5_state_selected'====== Args={'restore': False, 'state': 'enabled', 'selected': True}
2024-11-10 18:41:10,583 : INFO : EventManager : Event: ======'mode_confederate_will_start'====== Args={}
2024-11-10 18:41:10,584 : INFO : EventManager : Event: ======'mode_confederate_starting'====== Args={}
2024-11-10 18:41:10,584 : INFO : EventManager : Event: ======'mode_drednaught_will_start'====== Args={}
2024-11-10 18:41:10,585 : INFO : EventManager : Event: ======'mode_drednaught_starting'====== Args={}
2024-11-10 18:41:10,585 : INFO : EventManager : Event: ======'mode_main_play_will_start'====== Args={}
2024-11-10 18:41:10,587 : INFO : EventManager : Event: ======'mode_main_play_starting'====== Args={}
2024-11-10 18:41:10,587 : INFO : EventManager : Event: ======'mode_capture_will_start'====== Args={}
2024-11-10 18:41:10,604 : INFO : EventManager : Event: ======'mode_capture_starting'====== Args={}
2024-11-10 18:41:10,605 : INFO : Mode.drednaught : Started. Priority: 100
2024-11-10 18:41:10,605 : INFO : EventManager : Event: ======'modes_active_modes_changed'====== Args={}
2024-11-10 18:41:10,605 : INFO : EventManager : Event: ======'mode_drednaught_started'====== Args={}
2024-11-10 18:41:10,605 : INFO : Mode.confederate : Started. Priority: 100
2024-11-10 18:41:10,606 : INFO : EventManager : Event: ======'modes_active_modes_changed'====== Args={}
2024-11-10 18:41:10,606 : INFO : EventManager : Event: ======'mode_confederate_started'====== Args={}
2024-11-10 18:41:10,606 : INFO : Mode.capture_hurryup : Stopped.
2024-11-10 18:41:10,606 : INFO : EventManager : Event: ======'modes_active_modes_changed'====== Args={}
2024-11-10 18:41:10,607 : INFO : EventManager : Event: ======'mode_capture_hurryup_stopped'====== Args={}
2024-11-10 18:41:10,607 : INFO : EventManager : Event: ======'clear'====== Args={'key': 'capture_hurryup'}
2024-11-10 18:41:10,608 : INFO : Timer.capture_timer : Stopping Timer
2024-11-10 18:41:10,608 : INFO : EventManager : Event: ======'timer_capture_timer_stopped'====== Args={'ticks': 4, 'ticks_remaining': 4}
2024-11-10 18:41:10,609 : INFO : EventManager : Event: ======'logicblock_bonusX_counter_updated'====== Args={'value': 2, 'enabled': True}
2024-11-10 18:41:10,609 : INFO : EventManager : Event: ======'logicblock_bomb_counter_updated'====== Args={'value': 3, 'enabled': True}
2024-11-10 18:41:10,609 : INFO : EventManager : Event: ======'logicblock_bomb_animation_counter_updated'====== Args={'value': 3, 'enabled': True}
2024-11-10 18:41:10,609 : INFO : EventManager : Event: ======'logicblock_bonusX_counter_updated'====== Args={'value': 2, 'enabled': True}
2024-11-10 18:41:10,610 : INFO : EventManager : Event: ======'logicblock_bomb_counter_updated'====== Args={'value': 3, 'enabled': True}
2024-11-10 18:41:10,610 : INFO : EventManager : Event: ======'logicblock_bomb_animation_counter_updated'====== Args={'value': 3, 'enabled': True}
2024-11-10 18:41:10,610 : INFO : Mode.main_play : Started. Priority: 100
2024-11-10 18:41:10,610 : INFO : EventManager : Event: ======'modes_active_modes_changed'====== Args={}
2024-11-10 18:41:10,610 : INFO : EventManager : Event: ======'mode_main_play_started'====== Args={}
2024-11-10 18:41:10,610 : INFO : EventManager : Event: ======'logicblock_capture_counter_updated'====== Args={'value': 6, 'enabled': True}
2024-11-10 18:41:10,611 : INFO : EventManager : Event: ======'logicblock_capture_counter_updated'====== Args={'value': 6, 'enabled': True}
2024-11-10 18:41:10,611 : INFO : Mode.capture : Started. Priority: 100
2024-11-10 18:41:10,611 : INFO : EventManager : Event: ======'modes_active_modes_changed'====== Args={}
2024-11-10 18:41:10,611 : INFO : EventManager : Event: ======'mode_capture_started'====== Args={}
2024-11-10 18:41:10,650 : INFO : EventManager : Event: ======'slide_capturing_slide_6_active'====== Args={'_from_bcp': True}
2024-11-10 18:41:10,666 : INFO : EventManager : Event: ======'slide_capturing_slide_6_removed'====== Args={'_from_bcp': True}
2024-11-10 18:41:10,666 : INFO : EventManager : Event: ======'slide_base_slide_active'====== Args={'_from_bcp': True}
2024-11-10 18:41:11,083 : INFO : SwitchController : <<<<<<< 's_lock_1' active >>>>>>>
2024-11-10 18:41:11,083 : INFO : EventManager : Event: ======'machine_var_audits_switches_s_lock_1'====== Args={'value': 428, 'prev_value': 427, 'change': 1}
2024-11-10 18:41:11,583 : INFO : EventManager : Event: ======'balldevice_bd_hc_lock_ball_count_changed'====== Args={'balls': 3}
2024-11-10 18:41:11,583 : INFO : ball_device.bd_hc_lock : Received unexpected ball
2024-11-10 18:41:11,583 : INFO : EventManager : Event: ======'balldevice_captured_from_playfield'====== Args={'balls': 1}
2024-11-10 18:41:11,584 : INFO : EventManager : Event: ======'sw_playfield_active'====== Args={'balls': 1}
2024-11-10 18:41:11,584 : INFO : EventManager : Event: ======'playfield_ball_count_change'====== Args={'balls': 1, 'change': -1}
2024-11-10 18:41:11,584 : INFO : EventManager : Event: ======'balldevice_bd_hc_lock_ball_enter'====== Args={'new_balls': 1, 'unclaimed_balls': 1, 'new_available_balls': 1, 'device': <ball_device.bd_hc_lock>}
2024-11-10 18:41:11,584 : INFO : EventManager : Event: ======'player_high_caliber_locked_balls'====== Args={'value': 3, 'prev_value': 2, 'change': 1, 'player_num': 1}
2024-11-10 18:41:11,585 : INFO : EventManager : Event: ======'balldevice_balls_available'====== Args={}
2024-11-10 18:41:11,585 : INFO : EventManager : Event: ======'balldevice_bd_hc_lock_ball_entered'====== Args={'new_balls': 1, 'device': <ball_device.bd_hc_lock>}
2024-11-10 18:41:11,585 : INFO : EventManager : Event: ======'multiball_lock_high_caliber_locked_ball'====== Args={'total_balls_locked': 3}
2024-11-10 18:41:11,585 : INFO : EventManager : Event: ======'multiball_lock_high_caliber_full'====== Args={'balls': 3}
2024-11-10 18:41:11,585 : INFO : EventManager : Event: ======'start_hc_multiball'====== Args={'priority': 0}
2024-11-10 18:41:11,586 : INFO : EventManager : Event: ======'player_hctotal'====== Args={'value': 0, 'prev_value': 0, 'change': 0, 'player_num': 1}
2024-11-10 18:41:11,586 : INFO : EventManager : Event: ======'balls_in_play'====== Args={'balls': 3}
2024-11-10 18:41:11,586 : INFO : ball_device.bd_hc_lock : Adding 3 ball(s) to the eject_queue with target <playfield.playfield>.
2024-11-10 18:41:11,586 : INFO : EventManager : Event: ======'balldevice_balls_available'====== Args={}
2024-11-10 18:41:11,587 : INFO : EventManager : Event: ======'balldevice_balls_available'====== Args={}
2024-11-10 18:41:11,587 : INFO : EventManager : Event: ======'balldevice_balls_available'====== Args={}
2024-11-10 18:41:11,587 : INFO : EventManager : Event: ======'multiball_high_caliber_multiball_shoot_again_ended'====== Args={}
2024-11-10 18:41:11,588 : INFO : EventManager : Event: ======'multiball_high_caliber_multiball_started'====== Args={'balls': 3}
2024-11-10 18:41:11,588 : INFO : EventManager : Event: ======'player_shot_lock_lit_1'====== Args={'value': 0, 'prev_value': 1, 'change': -1, 'player_num': 1}
2024-11-10 18:41:11,588 : INFO : EventManager : Event: ======'player_shot_lock_lit_1_enabled'====== Args={'value': True, 'prev_value': False, 'change': 1, 'player_num': 1}
2024-11-10 18:41:11,589 : INFO : EventManager : Event: ======'player_shot_lock_lit_2'====== Args={'value': 0, 'prev_value': 1, 'change': -1, 'player_num': 1}
2024-11-10 18:41:11,589 : INFO : EventManager : Event: ======'player_shot_lock_lit_2_enabled'====== Args={'value': True, 'prev_value': False, 'change': 1, 'player_num': 1}
2024-11-10 18:41:11,590 : INFO : state_machine.hc_multiball : Transitioning from lock_state to jackpot
2024-11-10 18:41:11,590 : INFO : EventManager : Event: ======'lock_stopped'====== Args={}
2024-11-10 18:41:11,591 : INFO : EventManager : Event: ======'jackpot_start'====== Args={}
2024-11-10 18:41:11,591 : INFO : EventManager : Event: ======'activate_multiball'====== Args={'priority': 0}
2024-11-10 18:41:11,592 : INFO : EventManager : Event: ======'mode_hc_multiball_will_start'====== Args={}
2024-11-10 18:41:11,593 : INFO : EventManager : Event: ======'player_shot_jackpot_1_enabled'====== Args={'value': True, 'prev_value': 0, 'change': 1, 'player_num': 1}
2024-11-10 18:41:11,593 : INFO : EventManager : Event: ======'player_shot_jackpot_2_enabled'====== Args={'value': True, 'prev_value': 0, 'change': 1, 'player_num': 1}
2024-11-10 18:41:11,594 : INFO : EventManager : Event: ======'player_shot_jackpot_3_enabled'====== Args={'value': True, 'prev_value': 0, 'change': 1, 'player_num': 1}
2024-11-10 18:41:11,595 : INFO : EventManager : Event: ======'player_shot_jackpot_4_enabled'====== Args={'value': True, 'prev_value': 0, 'change': 1, 'player_num': 1}
2024-11-10 18:41:11,595 : INFO : EventManager : Event: ======'player_shot_jackpot_5_enabled'====== Args={'value': True, 'prev_value': 0, 'change': 1, 'player_num': 1}
2024-11-10 18:41:11,596 : INFO : EventManager : Event: ======'player_shot_jackpot_6_enabled'====== Args={'value': True, 'prev_value': 0, 'change': 1, 'player_num': 1}
2024-11-10 18:41:11,596 : INFO : EventManager : Event: ======'jackpots_complete'====== Args={'state': 'unlit'}
2024-11-10 18:41:11,596 : INFO : EventManager : Event: ======'jackpots_unlit_complete'====== Args={}
2024-11-10 18:41:11,604 : INFO : EventManager : Event: ======'mode_hc_multiball_starting'====== Args={}
2024-11-10 18:41:11,604 : INFO : EventManager : Event: ======'player_high_caliber_locked_balls'====== Args={'value': 0, 'prev_value': 3, 'change': -3, 'player_num': 1}
2024-11-10 18:41:11,604 : INFO : EventManager : Event: ======'player_addaball_lit'====== Args={'value': 1, 'prev_value': 0, 'change': 1, 'player_num': 1}
2024-11-10 18:41:11,605 : INFO : EventManager : Event: ======'ball_save_multiball_ball_save_enabled'====== Args={}
2024-11-10 18:41:11,605 : INFO : state_machine.global_multiball : Transitioning from inactive to active
2024-11-10 18:41:11,605 : INFO : EventManager : Event: ======'multiball_active'====== Args={}
2024-11-10 18:41:11,606 : INFO : state_machine.global_state : Transitioning from main to multiball
2024-11-10 18:41:11,606 : INFO : EventManager : Event: ======'main_state_stopped'====== Args={}
2024-11-10 18:41:11,607 : INFO : EventManager : Event: ======'multiball_state'====== Args={}
2024-11-10 18:41:11,607 : INFO : EventManager : Event: ======'ball_save_multiball_ball_save_timer_start'====== Args={}
2024-11-10 18:41:11,607 : INFO : EventManager : Event: ======'mode_hc_lock_lit_will_stop'====== Args={}
2024-11-10 18:41:11,607 : INFO : EventManager : Event: ======'mode_hc_lock_lit_stopping'====== Args={}
2024-11-10 18:41:11,608 : INFO : EventManager : Event: ======'logicblock_battle_counter_updated'====== Args={'value': 5, 'enabled': False}
2024-11-10 18:41:11,608 : INFO : EventManager : Event: ======'mode_confederate_will_stop'====== Args={}
2024-11-10 18:41:11,608 : INFO : EventManager : Event: ======'mode_confederate_stopping'====== Args={}
2024-11-10 18:41:11,608 : INFO : EventManager : Event: ======'mode_drednaught_will_stop'====== Args={}
2024-11-10 18:41:11,608 : INFO : EventManager : Event: ======'mode_drednaught_stopping'====== Args={}
2024-11-10 18:41:11,608 : INFO : EventManager : Event: ======'mode_main_play_will_stop'====== Args={}
2024-11-10 18:41:11,608 : INFO : EventManager : Event: ======'mode_main_play_stopping'====== Args={}
2024-11-10 18:41:11,608 : INFO : EventManager : Event: ======'mode_capture_will_stop'====== Args={}
2024-11-10 18:41:11,609 : INFO : EventManager : Event: ======'mode_capture_stopping'====== Args={}
2024-11-10 18:41:11,609 : INFO : EventManager : Event: ======'stop_mode_select'====== Args={'priority': 0}
2024-11-10 18:41:11,609 : INFO : EventManager : Event: ======'turn_off_mode_lit_light'====== Args={'priority': 0}
2024-11-10 18:41:11,610 : INFO : EventManager : Event: ======'achievement_mode_1_changed_state'====== Args={'restore': False, 'state': 'disabled', 'selected': False}
2024-11-10 18:41:11,610 : INFO : EventManager : Event: ======'achievement_mode_1_state_disabled'====== Args={'restore': False, 'state': 'disabled', 'selected': False}
2024-11-10 18:41:11,610 : INFO : EventManager : Event: ======'achievement_mode_2_changed_state'====== Args={'restore': False, 'state': 'disabled', 'selected': False}
2024-11-10 18:41:11,610 : INFO : EventManager : Event: ======'achievement_mode_2_state_disabled'====== Args={'restore': False, 'state': 'disabled', 'selected': False}
2024-11-10 18:41:11,611 : INFO : EventManager : Event: ======'achievement_mode_3_changed_state'====== Args={'restore': False, 'state': 'disabled', 'selected': False}
2024-11-10 18:41:11,611 : INFO : EventManager : Event: ======'achievement_mode_3_state_disabled'====== Args={'restore': False, 'state': 'disabled', 'selected': False}
2024-11-10 18:41:11,611 : INFO : EventManager : Event: ======'achievement_mode_4_changed_state'====== Args={'restore': False, 'state': 'disabled', 'selected': False}
2024-11-10 18:41:11,611 : INFO : EventManager : Event: ======'achievement_mode_4_state_disabled'====== Args={'restore': False, 'state': 'disabled', 'selected': False}
2024-11-10 18:41:11,611 : INFO : EventManager : Event: ======'achievement_mode_5_changed_state'====== Args={'restore': False, 'state': 'disabled', 'selected': False}
2024-11-10 18:41:11,611 : INFO : EventManager : Event: ======'achievement_mode_5_state_disabled'====== Args={'restore': False, 'state': 'disabled', 'selected': False}
2024-11-10 18:41:11,612 : INFO : EventManager : Event: ======'achievement_mode_6_changed_state'====== Args={'restore': False, 'state': 'disabled', 'selected': False}
2024-11-10 18:41:11,612 : INFO : EventManager : Event: ======'achievement_mode_6_state_disabled'====== Args={'restore': False, 'state': 'disabled', 'selected': False}
2024-11-10 18:41:11,612 : INFO : EventManager : Event: ======'achievement_mode_7_changed_state'====== Args={'restore': False, 'state': 'disabled', 'selected': False}
2024-11-10 18:41:11,612 : INFO : EventManager : Event: ======'achievement_mode_7_state_disabled'====== Args={'restore': False, 'state': 'disabled', 'selected': False}
2024-11-10 18:41:11,612 : INFO : EventManager : Event: ======'achievement_mode_8_changed_state'====== Args={'restore': False, 'state': 'disabled', 'selected': False}
2024-11-10 18:41:11,612 : INFO : EventManager : Event: ======'achievement_mode_8_state_disabled'====== Args={'restore': False, 'state': 'disabled', 'selected': False}
2024-11-10 18:41:11,612 : INFO : EventManager : Event: ======'achievement_mode_9_changed_state'====== Args={'restore': False, 'state': 'disabled', 'selected': False}
2024-11-10 18:41:11,613 : INFO : EventManager : Event: ======'achievement_mode_9_state_disabled'====== Args={'restore': False, 'state': 'disabled', 'selected': False}
2024-11-10 18:41:11,613 : INFO : EventManager : Event: ======'achievement_mode_10_changed_state'====== Args={'restore': False, 'state': 'disabled', 'selected': False}
2024-11-10 18:41:11,613 : INFO : EventManager : Event: ======'achievement_mode_10_state_disabled'====== Args={'restore': False, 'state': 'disabled', 'selected': False}
2024-11-10 18:41:11,613 : INFO : Mode.capture : Stopped.
2024-11-10 18:41:11,613 : INFO : EventManager : Event: ======'modes_active_modes_changed'====== Args={}
2024-11-10 18:41:11,614 : INFO : EventManager : Event: ======'mode_capture_stopped'====== Args={}
2024-11-10 18:41:11,614 : INFO : EventManager : Event: ======'clear'====== Args={'key': 'capture'}
2024-11-10 18:41:11,615 : INFO : Mode.main_play : Stopped.
2024-11-10 18:41:11,615 : INFO : EventManager : Event: ======'modes_active_modes_changed'====== Args={}
2024-11-10 18:41:11,616 : INFO : EventManager : Event: ======'mode_main_play_stopped'====== Args={}
2024-11-10 18:41:11,616 : INFO : EventManager : Event: ======'clear'====== Args={'key': 'main_play'}
2024-11-10 18:41:11,616 : INFO : Mode.drednaught : Stopped.
2024-11-10 18:41:11,616 : INFO : EventManager : Event: ======'modes_active_modes_changed'====== Args={}
2024-11-10 18:41:11,617 : INFO : EventManager : Event: ======'mode_drednaught_stopped'====== Args={}
2024-11-10 18:41:11,617 : INFO : EventManager : Event: ======'clear'====== Args={'key': 'drednaught'}
2024-11-10 18:41:11,617 : INFO : Mode.confederate : Stopped.
2024-11-10 18:41:11,618 : INFO : EventManager : Event: ======'modes_active_modes_changed'====== Args={}
2024-11-10 18:41:11,618 : INFO : EventManager : Event: ======'mode_confederate_stopped'====== Args={}
2024-11-10 18:41:11,618 : INFO : EventManager : Event: ======'clear'====== Args={'key': 'confederate'}
2024-11-10 18:41:11,619 : INFO : Mode.hc_lock_lit : Stopped.
2024-11-10 18:41:11,619 : INFO : EventManager : Event: ======'modes_active_modes_changed'====== Args={}
2024-11-10 18:41:11,619 : INFO : EventManager : Event: ======'mode_hc_lock_lit_stopped'====== Args={}
2024-11-10 18:41:11,619 : INFO : EventManager : Event: ======'clear'====== Args={'key': 'hc_lock_lit'}
2024-11-10 18:41:11,621 : INFO : EventManager : Event: ======'logicblock_hc_secondary_updated'====== Args={'value': 0, 'enabled': True}
2024-11-10 18:41:11,621 : INFO : EventManager : Event: ======'logicblock_hc_secondary_updated'====== Args={'value': 0, 'enabled': True}
2024-11-10 18:41:11,621 : INFO : Mode.hc_multiball : Started. Priority: 300
2024-11-10 18:41:11,621 : INFO : EventManager : Event: ======'modes_active_modes_changed'====== Args={}
2024-11-10 18:41:11,621 : INFO : EventManager : Event: ======'mode_hc_multiball_started'====== Args={}
2024-11-10 18:41:11,680 : INFO : ball_device.bd_hc_lock : State: waiting_for_target_ready
2024-11-10 18:41:11,680 : INFO : EventManager : Event: ======'balldevice_bd_hc_lock_ball_eject_attempt'====== Args={'balls': 1, 'target': <playfield.playfield>, 'source': <ball_device.bd_hc_lock>, 'mechanical_eject': False, 'num_attempts': 0}
2024-11-10 18:41:11,681 : INFO : ball_device.bd_hc_lock : State: ejecting
2024-11-10 18:41:11,681 : INFO : ball_device.bd_hc_lock : Ejecting ball to <playfield.playfield>
2024-11-10 18:41:11,681 : INFO : EventManager : Event: ======'balldevice_bd_hc_lock_ejecting_ball'====== Args={'balls': 1, 'target': <playfield.playfield>, 'source': <ball_device.bd_hc_lock>, 'mechanical_eject': False, 'num_attempts': 0}
2024-11-10 18:41:11,681 : INFO : ball_device.bd_hc_lock : Wait for ball to leave device
2024-11-10 18:41:11,681 : INFO : coil.c_lock_eject : Pulsing Driver for 10ms (1.0 pulse_power)
2024-11-10 18:41:11,682 : INFO : SwitchController : <<<<<<< 's_lock_1' inactive >>>>>>>
2024-11-10 18:41:11,695 : INFO : ball_device.bd_hc_lock : State: ball_left
2024-11-10 18:41:11,696 : INFO : ball_device.bd_hc_lock : Ball left
2024-11-10 18:41:11,696 : INFO : ball_device.bd_hc_lock : Wait for confirm with timeout 3.0
2024-11-10 18:41:11,800 : INFO : EventManager : Event: ======'slide_high_caliber_slide_created'====== Args={'_from_bcp': True}
2024-11-10 18:41:11,805 : INFO : EventManager : Event: ======'slide_high_caliber_slide_active'====== Args={'_from_bcp': True}
2024-11-10 18:41:14,675 : INFO : ball_device.bd_hc_lock : State: failed_confirm
2024-11-10 18:41:14,676 : INFO : ball_device.bd_hc_lock : Got timeout (3.0s) before confirm from <playfield.playfield>
2024-11-10 18:41:14,779 : INFO : ball_device.bd_hc_lock : Confirming eject because target is playfield and ball did not return.
2024-11-10 18:41:14,779 : INFO : ball_device.bd_hc_lock : Eject successful
2024-11-10 18:41:14,779 : INFO : EventManager : Event: ======'balldevice_bd_hc_lock_ball_eject_success'====== Args={'balls': 1, 'target': <playfield.playfield>}
2024-11-10 18:41:14,780 : INFO : EventManager : Event: ======'balldevice_playfield_ball_enter'====== Args={'new_balls': 1, 'unclaimed_balls': 1, 'device': <playfield.playfield>}
2024-11-10 18:41:14,780 : INFO : EventManager : Event: ======'playfield_ball_count_change'====== Args={'balls': 2, 'change': 1}
2024-11-10 18:41:14,780 : INFO : EventManager : Event: ======'balldevice_bd_hc_lock_ball_count_changed'====== Args={'balls': 2}
2024-11-10 18:41:14,781 : INFO : ball_device.bd_hc_lock : State: idle
2024-11-10 18:41:14,781 : INFO : ball_device.bd_hc_lock : State: waiting_for_target_ready
2024-11-10 18:41:14,782 : INFO : EventManager : Event: ======'balldevice_bd_hc_lock_ball_eject_attempt'====== Args={'balls': 1, 'target': <playfield.playfield>, 'source': <ball_device.bd_hc_lock>, 'mechanical_eject': False, 'num_attempts': 0}
2024-11-10 18:41:14,782 : INFO : ball_device.bd_hc_lock : State: ejecting
2024-11-10 18:41:14,782 : INFO : ball_device.bd_hc_lock : Ejecting ball to <playfield.playfield>
2024-11-10 18:41:14,782 : INFO : EventManager : Event: ======'balldevice_bd_hc_lock_ejecting_ball'====== Args={'balls': 1, 'target': <playfield.playfield>, 'source': <ball_device.bd_hc_lock>, 'mechanical_eject': False, 'num_attempts': 0}
2024-11-10 18:41:14,783 : INFO : ball_device.bd_hc_lock : Wait for ball to leave device
2024-11-10 18:41:14,783 : INFO : coil.c_lock_eject : Pulsing Driver for 10ms (1.0 pulse_power)
2024-11-10 18:41:14,783 : INFO : SwitchController : <<<<<<< 's_lock_2' inactive >>>>>>>
2024-11-10 18:41:14,795 : INFO : ball_device.bd_hc_lock : State: ball_left
2024-11-10 18:41:14,795 : INFO : ball_device.bd_hc_lock : Ball left
2024-11-10 18:41:14,795 : INFO : ball_device.bd_hc_lock : Wait for confirm with timeout 3.0
2024-11-10 18:41:17,784 : INFO : ball_device.bd_hc_lock : State: failed_confirm
2024-11-10 18:41:17,785 : INFO : ball_device.bd_hc_lock : Got timeout (3.0s) before confirm from <playfield.playfield>
2024-11-10 18:41:17,875 : INFO : ball_device.bd_hc_lock : Confirming eject because target is playfield and ball did not return.
2024-11-10 18:41:17,875 : INFO : ball_device.bd_hc_lock : Eject successful
2024-11-10 18:41:17,875 : INFO : EventManager : Event: ======'balldevice_bd_hc_lock_ball_eject_success'====== Args={'balls': 1, 'target': <playfield.playfield>}
2024-11-10 18:41:17,888 : INFO : EventManager : Event: ======'balldevice_playfield_ball_enter'====== Args={'new_balls': 1, 'unclaimed_balls': 1, 'device': <playfield.playfield>}
2024-11-10 18:41:17,888 : INFO : EventManager : Event: ======'playfield_ball_count_change'====== Args={'balls': 3, 'change': 1}
2024-11-10 18:41:17,888 : INFO : EventManager : Event: ======'balldevice_bd_hc_lock_ball_count_changed'====== Args={'balls': 1}
2024-11-10 18:41:17,889 : INFO : ball_device.bd_hc_lock : State: idle
2024-11-10 18:41:17,895 : INFO : ball_device.bd_hc_lock : State: waiting_for_target_ready
2024-11-10 18:41:17,895 : INFO : EventManager : Event: ======'balldevice_bd_hc_lock_ball_eject_attempt'====== Args={'balls': 1, 'target': <playfield.playfield>, 'source': <ball_device.bd_hc_lock>, 'mechanical_eject': False, 'num_attempts': 0}
2024-11-10 18:41:17,904 : INFO : ball_device.bd_hc_lock : State: ejecting
2024-11-10 18:41:17,904 : INFO : ball_device.bd_hc_lock : Ejecting ball to <playfield.playfield>
2024-11-10 18:41:17,904 : INFO : EventManager : Event: ======'balldevice_bd_hc_lock_ejecting_ball'====== Args={'balls': 1, 'target': <playfield.playfield>, 'source': <ball_device.bd_hc_lock>, 'mechanical_eject': False, 'num_attempts': 0}
2024-11-10 18:41:17,905 : INFO : ball_device.bd_hc_lock : Wait for ball to leave device
2024-11-10 18:41:17,905 : INFO : coil.c_lock_eject : Pulsing Driver for 10ms (1.0 pulse_power)
2024-11-10 18:41:17,905 : INFO : SwitchController : <<<<<<< 's_lock_3' inactive >>>>>>>
2024-11-10 18:41:17,917 : INFO : ball_device.bd_hc_lock : State: ball_left
2024-11-10 18:41:17,918 : INFO : ball_device.bd_hc_lock : Ball left
2024-11-10 18:41:17,918 : INFO : ball_device.bd_hc_lock : Wait for confirm with timeout 3.0
2024-11-10 18:41:18,586 : INFO : EventManager : Event: ======'ball_save_multiball_ball_save_hurry_up'====== Args={}
2024-11-10 18:41:20,909 : INFO : ball_device.bd_hc_lock : State: failed_confirm
2024-11-10 18:41:20,909 : INFO : ball_device.bd_hc_lock : Got timeout (3.0s) before confirm from <playfield.playfield>
2024-11-10 18:41:21,020 : INFO : ball_device.bd_hc_lock : Confirming eject because target is playfield and ball did not return.
2024-11-10 18:41:21,020 : INFO : ball_device.bd_hc_lock : Eject successful
2024-11-10 18:41:21,020 : INFO : EventManager : Event: ======'balldevice_bd_hc_lock_ball_eject_success'====== Args={'balls': 1, 'target': <playfield.playfield>}
2024-11-10 18:41:21,020 : INFO : EventManager : Event: ======'balldevice_playfield_ball_enter'====== Args={'new_balls': 1, 'unclaimed_balls': 1, 'device': <playfield.playfield>}
2024-11-10 18:41:21,020 : INFO : EventManager : Event: ======'playfield_ball_count_change'====== Args={'balls': 4, 'change': 1}
2024-11-10 18:41:21,021 : INFO : EventManager : Event: ======'balldevice_bd_hc_lock_ball_count_changed'====== Args={'balls': 0}
2024-11-10 18:41:21,021 : INFO : ball_device.bd_hc_lock : State: idle
2024-11-10 18:41:21,587 : INFO : EventManager : Event: ======'ball_save_multiball_ball_save_grace_period'====== Args={}
2024-11-10 18:41:24,601 : INFO : EventManager : Event: ======'ball_save_multiball_ball_save_disabled'====== Args={}
2024-11-10 18:41:24,606 : INFO : SwitchController : <<<<<<< 's_side_ramp_made' active >>>>>>>
2024-11-10 18:41:24,606 : INFO : EventManager : Event: ======'s_side_ramp_made_active'====== Args={}
2024-11-10 18:41:24,606 : INFO : EventManager : Event: ======'sw_switch_hit'====== Args={}
2024-11-10 18:41:24,606 : INFO : EventManager : Event: ======'machine_var_audits_switches_s_side_ramp_made'====== Args={'value': 1133, 'prev_value': 1132, 'change': 1}
2024-11-10 18:41:24,607 : INFO : EventManager : Event: ======'spot_triple_jackpot'====== Args={'priority': 0}
2024-11-10 18:41:24,607 : INFO : EventManager : Event: ======'award_triple_jackpot'====== Args={'priority': 0}
2024-11-10 18:41:24,607 : INFO : EventManager : Event: ======'spot_multiple_jackpot_sfx'====== Args={'priority': 0}
2024-11-10 18:41:24,608 : INFO : EventManager : Event: ======'spot_triple_jackpot_5_scan'====== Args={}
2024-11-10 18:41:24,608 : INFO : EventManager : Event: ======'spot_multiple_jackpot_sfx_2'====== Args={}
2024-11-10 18:41:24,618 : INFO : EventManager : Event: ======'spot_triple_jackpot_5'====== Args={'priority': 0}
2024-11-10 18:41:24,619 : INFO : EventManager : Event: ======'overridejackpot'====== Args={'priority': 0}
2024-11-10 18:41:24,619 : INFO : EventManager : Event: ======'player_shot_jackpot_5'====== Args={'value': 1, 'prev_value': 0, 'change': 1, 'player_num': 1}
2024-11-10 18:41:24,619 : INFO : EventManager : Event: ======'player_score'====== Args={'value': 60800000, 'prev_value': 800000, 'change': 60000000, 'player_num': 1}
2024-11-10 18:41:24,620 : INFO : EventManager : Event: ======'player_hctotal'====== Args={'value': 60000000, 'prev_value': 0, 'change': 60000000, 'player_num': 1}
2024-11-10 18:41:24,621 : INFO : EventManager : Event: ======'logicblock_hc_secondary_updated'====== Args={'value': 1, 'enabled': True}
2024-11-10 18:41:24,621 : INFO : EventManager : Event: ======'counter_hc_secondary_hit'====== Args={'count': 1, 'remaining': 2}
2024-11-10 18:41:24,621 : INFO : EventManager : Event: ======'logicblock_hc_secondary_hit'====== Args={'count': 1, 'remaining': 2}
2024-11-10 18:41:24,673 : INFO : SwitchController : <<<<<<< 's_side_ramp_made' inactive >>>>>>>
2024-11-10 18:41:25,609 : INFO : EventManager : Event: ======'remove_hc_5'====== Args={'priority': 0}
2024-11-10 18:41:26,799 : INFO : EventManager : Event: ======'jackpot_5_text_removed'====== Args={'priority': 0}
2024-11-10 18:41:26,800 : INFO : EventManager : Event: ======'jackpot_text_remove'====== Args={'priority': 0}
2024-11-10 18:41:29,886 : INFO : SwitchController : <<<<<<< 's_side_hole' active >>>>>>>
2024-11-10 18:41:29,886 : INFO : EventManager : Event: ======'s_side_hole_active'====== Args={}
2024-11-10 18:41:29,887 : INFO : EventManager : Event: ======'sw_switch_hit'====== Args={}
2024-11-10 18:41:29,887 : INFO : EventManager : Event: ======'machine_var_audits_switches_s_side_hole'====== Args={'value': 319, 'prev_value': 318, 'change': 1}
2024-11-10 18:41:29,900 : INFO : EventManager : Event: ======'spot_double_jackpot'====== Args={'priority': 0}
2024-11-10 18:41:29,901 : INFO : EventManager : Event: ======'award_double_jackpot'====== Args={'priority': 0}
2024-11-10 18:41:29,901 : INFO : EventManager : Event: ======'spot_multiple_jackpot_sfx'====== Args={'priority': 0}
2024-11-10 18:41:29,901 : INFO : EventManager : Event: ======'spot_double_jackpot_4_scan'====== Args={}
2024-11-10 18:41:29,912 : INFO : EventManager : Event: ======'spot_multiple_jackpot_sfx_1'====== Args={}
2024-11-10 18:41:29,913 : INFO : EventManager : Event: ======'spot_double_jackpot_4'====== Args={'priority': 0}
2024-11-10 18:41:29,913 : INFO : EventManager : Event: ======'overridejackpot'====== Args={'priority': 0}
2024-11-10 18:41:29,913 : INFO : EventManager : Event: ======'player_shot_jackpot_4'====== Args={'value': 1, 'prev_value': 0, 'change': 1, 'player_num': 1}
2024-11-10 18:41:29,914 : INFO : EventManager : Event: ======'player_score'====== Args={'value': 100800000, 'prev_value': 60800000, 'change': 40000000, 'player_num': 1}
2024-11-10 18:41:29,914 : INFO : EventManager : Event: ======'player_hctotal'====== Args={'value': 100000000, 'prev_value': 60000000, 'change': 40000000, 'player_num': 1}
2024-11-10 18:41:29,915 : INFO : EventManager : Event: ======'logicblock_hc_secondary_updated'====== Args={'value': 2, 'enabled': True}
2024-11-10 18:41:29,915 : INFO : EventManager : Event: ======'counter_hc_secondary_hit'====== Args={'count': 2, 'remaining': 1}
2024-11-10 18:41:29,915 : INFO : EventManager : Event: ======'logicblock_hc_secondary_hit'====== Args={'count': 2, 'remaining': 1}
2024-11-10 18:41:29,943 : INFO : SwitchController : <<<<<<< 's_side_hole' inactive >>>>>>>
2024-11-10 18:41:30,910 : INFO : EventManager : Event: ======'remove_hc_4'====== Args={'priority': 0}
2024-11-10 18:41:32,102 : INFO : EventManager : Event: ======'jackpot_4_text_removed'====== Args={'priority': 0}
2024-11-10 18:41:32,103 : INFO : EventManager : Event: ======'jackpot_text_remove'====== Args={'priority': 0}
2024-11-10 18:41:35,129 : INFO : SwitchController : <<<<<<< 's_side_ramp_made' active >>>>>>>
2024-11-10 18:41:35,129 : INFO : EventManager : Event: ======'s_side_ramp_made_active'====== Args={}
2024-11-10 18:41:35,129 : INFO : EventManager : Event: ======'sw_switch_hit'====== Args={}
2024-11-10 18:41:35,129 : INFO : EventManager : Event: ======'machine_var_audits_switches_s_side_ramp_made'====== Args={'value': 1134, 'prev_value': 1133, 'change': 1}
2024-11-10 18:41:35,130 : INFO : EventManager : Event: ======'spot_triple_jackpot'====== Args={'priority': 0}
2024-11-10 18:41:35,130 : INFO : EventManager : Event: ======'award_triple_jackpot'====== Args={'priority': 0}
2024-11-10 18:41:35,130 : INFO : EventManager : Event: ======'spot_multiple_jackpot_sfx'====== Args={'priority': 0}
2024-11-10 18:41:35,130 : INFO : EventManager : Event: ======'spot_triple_jackpot_4_scan'====== Args={}
2024-11-10 18:41:35,131 : INFO : EventManager : Event: ======'spot_multiple_jackpot_sfx_3'====== Args={}
2024-11-10 18:41:35,131 : INFO : EventManager : Event: ======'spot_triple_jackpot'====== Args={'priority': 0}
2024-11-10 18:41:35,131 : INFO : EventManager : Event: ======'spot_multiple_jackpot_sfx'====== Args={'priority': 0}
2024-11-10 18:41:35,131 : INFO : EventManager : Event: ======'spot_triple_jackpot_3_scan'====== Args={}
2024-11-10 18:41:35,131 : INFO : EventManager : Event: ======'spot_multiple_jackpot_sfx_1'====== Args={}
2024-11-10 18:41:35,132 : INFO : EventManager : Event: ======'spot_triple_jackpot_3'====== Args={'priority': 0}
2024-11-10 18:41:35,142 : INFO : EventManager : Event: ======'overridejackpot'====== Args={'priority': 0}
2024-11-10 18:41:35,151 : INFO : EventManager : Event: ======'player_shot_jackpot_3'====== Args={'value': 1, 'prev_value': 0, 'change': 1, 'player_num': 1}
2024-11-10 18:41:35,152 : INFO : EventManager : Event: ======'player_score'====== Args={'value': 160800000, 'prev_value': 100800000, 'change': 60000000, 'player_num': 1}
2024-11-10 18:41:35,152 : INFO : EventManager : Event: ======'player_hctotal'====== Args={'value': 160000000, 'prev_value': 100000000, 'change': 60000000, 'player_num': 1}
2024-11-10 18:41:35,153 : INFO : EventManager : Event: ======'logicblock_hc_secondary_updated'====== Args={'value': 3, 'enabled': True}
2024-11-10 18:41:35,153 : INFO : EventManager : Event: ======'counter_hc_secondary_hit'====== Args={'count': 3, 'remaining': 0}
2024-11-10 18:41:35,153 : INFO : EventManager : Event: ======'logicblock_hc_secondary_hit'====== Args={'count': 3, 'remaining': 0}
2024-11-10 18:41:35,153 : INFO : EventManager : Event: ======'logicblock_hc_secondary_complete'====== Args={}
2024-11-10 18:41:35,153 : INFO : EventManager : Event: ======'logicblock_hc_secondary_updated'====== Args={'value': 0, 'enabled': True}
2024-11-10 18:41:35,153 : INFO : EventManager : Event: ======'hc_sc_10'====== Args={}
2024-11-10 18:41:35,209 : INFO : SwitchController : <<<<<<< 's_side_ramp_made' inactive >>>>>>>
2024-11-10 18:41:35,452 : INFO : SwitchController : <<<<<<< 's_side_ramp_made' active >>>>>>>
2024-11-10 18:41:35,452 : INFO : EventManager : Event: ======'s_side_ramp_made_active'====== Args={}
2024-11-10 18:41:35,452 : INFO : EventManager : Event: ======'sw_switch_hit'====== Args={}
2024-11-10 18:41:35,452 : INFO : EventManager : Event: ======'machine_var_audits_switches_s_side_ramp_made'====== Args={'value': 1135, 'prev_value': 1134, 'change': 1}
2024-11-10 18:41:35,453 : INFO : EventManager : Event: ======'spot_triple_jackpot'====== Args={'priority': 0}
2024-11-10 18:41:35,454 : INFO : EventManager : Event: ======'award_triple_jackpot'====== Args={'priority': 0}
2024-11-10 18:41:35,454 : INFO : EventManager : Event: ======'spot_multiple_jackpot_sfx'====== Args={'priority': 0}
2024-11-10 18:41:35,454 : INFO : EventManager : Event: ======'spot_triple_jackpot_2_scan'====== Args={}
2024-11-10 18:41:35,454 : INFO : EventManager : Event: ======'spot_multiple_jackpot_sfx_2'====== Args={}
2024-11-10 18:41:35,455 : INFO : EventManager : Event: ======'spot_triple_jackpot_2'====== Args={'priority': 0}
2024-11-10 18:41:35,455 : INFO : EventManager : Event: ======'overridejackpot'====== Args={'priority': 0}
2024-11-10 18:41:35,456 : INFO : EventManager : Event: ======'player_shot_jackpot_2'====== Args={'value': 1, 'prev_value': 0, 'change': 1, 'player_num': 1}
2024-11-10 18:41:35,456 : INFO : EventManager : Event: ======'player_score'====== Args={'value': 220800000, 'prev_value': 160800000, 'change': 60000000, 'player_num': 1}
2024-11-10 18:41:35,457 : INFO : EventManager : Event: ======'player_hctotal'====== Args={'value': 220000000, 'prev_value': 160000000, 'change': 60000000, 'player_num': 1}
2024-11-10 18:41:35,458 : INFO : EventManager : Event: ======'logicblock_hc_secondary_updated'====== Args={'value': 1, 'enabled': True}
2024-11-10 18:41:35,458 : INFO : EventManager : Event: ======'counter_hc_secondary_hit'====== Args={'count': 1, 'remaining': 2}
2024-11-10 18:41:35,458 : INFO : EventManager : Event: ======'logicblock_hc_secondary_hit'====== Args={'count': 1, 'remaining': 2}
2024-11-10 18:41:35,585 : INFO : SwitchController : <<<<<<< 's_side_ramp_made' inactive >>>>>>>
2024-11-10 18:41:35,848 : INFO : SwitchController : <<<<<<< 's_side_ramp_made' active >>>>>>>
2024-11-10 18:41:35,849 : INFO : EventManager : Event: ======'s_side_ramp_made_active'====== Args={}
2024-11-10 18:41:35,849 : INFO : EventManager : Event: ======'sw_switch_hit'====== Args={}
2024-11-10 18:41:35,849 : INFO : EventManager : Event: ======'machine_var_audits_switches_s_side_ramp_made'====== Args={'value': 1136, 'prev_value': 1135, 'change': 1}
2024-11-10 18:41:35,850 : INFO : EventManager : Event: ======'spot_triple_jackpot'====== Args={'priority': 0}
2024-11-10 18:41:35,850 : INFO : EventManager : Event: ======'award_triple_jackpot'====== Args={'priority': 0}
2024-11-10 18:41:35,850 : INFO : EventManager : Event: ======'spot_multiple_jackpot_sfx'====== Args={'priority': 0}
2024-11-10 18:41:35,850 : INFO : EventManager : Event: ======'spot_triple_jackpot_1_scan'====== Args={}
2024-11-10 18:41:35,850 : INFO : EventManager : Event: ======'spot_multiple_jackpot_sfx_3'====== Args={}
2024-11-10 18:41:35,851 : INFO : EventManager : Event: ======'spot_triple_jackpot_1'====== Args={'priority': 0}
2024-11-10 18:41:35,851 : INFO : EventManager : Event: ======'overridejackpot'====== Args={'priority': 0}
2024-11-10 18:41:35,851 : INFO : EventManager : Event: ======'player_shot_jackpot_1'====== Args={'value': 1, 'prev_value': 0, 'change': 1, 'player_num': 1}
2024-11-10 18:41:35,852 : INFO : EventManager : Event: ======'player_score'====== Args={'value': 280800000, 'prev_value': 220800000, 'change': 60000000, 'player_num': 1}
2024-11-10 18:41:35,852 : INFO : EventManager : Event: ======'player_hctotal'====== Args={'value': 280000000, 'prev_value': 220000000, 'change': 60000000, 'player_num': 1}
2024-11-10 18:41:35,853 : INFO : EventManager : Event: ======'logicblock_hc_secondary_updated'====== Args={'value': 2, 'enabled': True}
2024-11-10 18:41:35,853 : INFO : EventManager : Event: ======'counter_hc_secondary_hit'====== Args={'count': 2, 'remaining': 1}
2024-11-10 18:41:35,853 : INFO : EventManager : Event: ======'logicblock_hc_secondary_hit'====== Args={'count': 2, 'remaining': 1}
2024-11-10 18:41:35,932 : INFO : SwitchController : <<<<<<< 's_side_ramp_made' inactive >>>>>>>
2024-11-10 18:41:36,142 : INFO : EventManager : Event: ======'remove_hc_3'====== Args={'priority': 0}
2024-11-10 18:41:36,458 : INFO : EventManager : Event: ======'remove_hc_2'====== Args={'priority': 0}
2024-11-10 18:41:36,842 : INFO : EventManager : Event: ======'remove_hc_1'====== Args={'priority': 0}
2024-11-10 18:41:37,343 : INFO : EventManager : Event: ======'jackpot_3_text_removed'====== Args={'priority': 0}
2024-11-10 18:41:37,344 : INFO : EventManager : Event: ======'jackpot_text_remove'====== Args={'priority': 0}
2024-11-10 18:41:37,646 : INFO : EventManager : Event: ======'jackpot_2_text_removed'====== Args={'priority': 0}
2024-11-10 18:41:37,647 : INFO : EventManager : Event: ======'jackpot_text_remove'====== Args={'priority': 0}
2024-11-10 18:41:37,776 : INFO : SwitchController : <<<<<<< 's_side_ramp_made' active >>>>>>>
2024-11-10 18:41:37,776 : INFO : EventManager : Event: ======'s_side_ramp_made_active'====== Args={}
2024-11-10 18:41:37,776 : INFO : EventManager : Event: ======'sw_switch_hit'====== Args={}
2024-11-10 18:41:37,776 : INFO : EventManager : Event: ======'machine_var_audits_switches_s_side_ramp_made'====== Args={'value': 1137, 'prev_value': 1136, 'change': 1}
2024-11-10 18:41:37,777 : INFO : EventManager : Event: ======'spot_triple_jackpot'====== Args={'priority': 0}
2024-11-10 18:41:37,777 : INFO : EventManager : Event: ======'award_triple_jackpot'====== Args={'priority': 0}
2024-11-10 18:41:37,778 : INFO : EventManager : Event: ======'spot_multiple_jackpot_sfx'====== Args={'priority': 0}
2024-11-10 18:41:37,778 : INFO : EventManager : Event: ======'spot_triple_jackpot_6_scan'====== Args={}
2024-11-10 18:41:37,778 : INFO : EventManager : Event: ======'spot_multiple_jackpot_sfx_1'====== Args={}
2024-11-10 18:41:37,778 : INFO : EventManager : Event: ======'spot_triple_jackpot_6'====== Args={'priority': 0}
2024-11-10 18:41:37,788 : INFO : EventManager : Event: ======'overridejackpot'====== Args={'priority': 0}
2024-11-10 18:41:37,788 : INFO : EventManager : Event: ======'player_shot_jackpot_6'====== Args={'value': 1, 'prev_value': 0, 'change': 1, 'player_num': 1}
2024-11-10 18:41:37,789 : INFO : EventManager : Event: ======'jackpots_lit_complete'====== Args={'priority': 0}
2024-11-10 18:41:37,790 : INFO : state_machine.hc_multiball : Transitioning from jackpot to superjackpot
2024-11-10 18:41:37,790 : INFO : EventManager : Event: ======'jackpot_stopped'====== Args={}
2024-11-10 18:41:37,791 : INFO : EventManager : Event: ======'super_jackpot_start'====== Args={}
2024-11-10 18:41:37,792 : INFO : EventManager : Event: ======'mode_hc_multiball_super_will_start'====== Args={}
2024-11-10 18:41:37,796 : INFO : EventManager : Event: ======'mode_hc_multiball_super_starting'====== Args={}
2024-11-10 18:41:37,797 : INFO : EventManager : Event: ======'player_score'====== Args={'value': 340800000, 'prev_value': 280800000, 'change': 60000000, 'player_num': 1}
2024-11-10 18:41:37,797 : INFO : EventManager : Event: ======'player_hctotal'====== Args={'value': 340000000, 'prev_value': 280000000, 'change': 60000000, 'player_num': 1}
2024-11-10 18:41:37,797 : INFO : EventManager : Event: ======'logicblock_hc_secondary_updated'====== Args={'value': 3, 'enabled': True}
2024-11-10 18:41:37,798 : INFO : EventManager : Event: ======'counter_hc_secondary_hit'====== Args={'count': 3, 'remaining': 0}
2024-11-10 18:41:37,798 : INFO : EventManager : Event: ======'logicblock_hc_secondary_hit'====== Args={'count': 3, 'remaining': 0}
2024-11-10 18:41:37,798 : INFO : EventManager : Event: ======'logicblock_hc_secondary_complete'====== Args={}
2024-11-10 18:41:37,816 : INFO : EventManager : Event: ======'logicblock_hc_secondary_updated'====== Args={'value': 0, 'enabled': True}
2024-11-10 18:41:37,816 : INFO : EventManager : Event: ======'hc_sc_9'====== Args={}
2024-11-10 18:41:37,817 : INFO : Mode.hc_multiball_super : Started. Priority: 300
2024-11-10 18:41:37,817 : INFO : EventManager : Event: ======'modes_active_modes_changed'====== Args={}
2024-11-10 18:41:37,817 : INFO : EventManager : Event: ======'super_hold_enable'====== Args={}
2024-11-10 18:41:37,817 : INFO : EventManager : Event: ======'mode_hc_multiball_super_started'====== Args={}
2024-11-10 18:41:37,818 : INFO : EventManager : Event: ======'check_super_text_locked'====== Args={'priority': 0}
2024-11-10 18:41:37,818 : INFO : EventManager : Event: ======'player_super_time'====== Args={'value': 0, 'prev_value': 0, 'change': 0, 'player_num': 1}
2024-11-10 18:41:37,819 : INFO : EventManager : Event: ======'update_super_text_0_locked'====== Args={'priority': 0}
2024-11-10 18:41:37,819 : INFO : EventManager : Event: ======'check_super_text_offline'====== Args={'priority': 0}
2024-11-10 18:41:37,878 : INFO : SwitchController : <<<<<<< 's_side_ramp_made' inactive >>>>>>>
2024-11-10 18:41:37,878 : INFO : EventManager : Event: ======'slide_hc_super_slide_created'====== Args={'_from_bcp': True}
2024-11-10 18:41:38,042 : INFO : EventManager : Event: ======'jackpot_1_text_removed'====== Args={'priority': 0}
2024-11-10 18:41:38,043 : INFO : EventManager : Event: ======'jackpot_text_remove'====== Args={'priority': 0}
2024-11-10 18:41:38,812 : INFO : EventManager : Event: ======'remove_hc_6'====== Args={'priority': 0}
2024-11-10 18:41:39,995 : INFO : EventManager : Event: ======'jackpot_6_text_removed'====== Args={'priority': 0}
2024-11-10 18:41:39,995 : INFO : EventManager : Event: ======'activate_jackpot_to_super'====== Args={'priority': 0}
2024-11-10 18:41:39,996 : INFO : EventManager : Event: ======'jackpot_text_remove'====== Args={'priority': 0}
2024-11-10 18:41:39,996 : INFO : EventManager : Event: ======'activate_super_transition_slide_1'====== Args={'priority': 0}
2024-11-10 18:41:40,032 : INFO : EventManager : Event: ======'slide_super_transition_slide_1_created'====== Args={'_from_bcp': True}
2024-11-10 18:41:40,032 : INFO : EventManager : Event: ======'slide_super_transition_slide_1_active'====== Args={'_from_bcp': True}
2024-11-10 18:41:42,002 : INFO : EventManager : Event: ======'activate_super_transition_slide_2'====== Args={'priority': 0}
2024-11-10 18:41:42,003 : INFO : EventManager : Event: ======'stop_jackpot'====== Args={'priority': 0}
2024-11-10 18:41:42,003 : INFO : EventManager : Event: ======'player_shot_jackpot_1'====== Args={'value': 0, 'prev_value': 1, 'change': -1, 'player_num': 1}
2024-11-10 18:41:42,003 : INFO : EventManager : Event: ======'player_shot_jackpot_2'====== Args={'value': 0, 'prev_value': 1, 'change': -1, 'player_num': 1}
2024-11-10 18:41:42,004 : INFO : EventManager : Event: ======'player_shot_jackpot_3'====== Args={'value': 0, 'prev_value': 1, 'change': -1, 'player_num': 1}
2024-11-10 18:41:42,004 : INFO : EventManager : Event: ======'player_shot_jackpot_4'====== Args={'value': 0, 'prev_value': 1, 'change': -1, 'player_num': 1}
2024-11-10 18:41:42,004 : INFO : EventManager : Event: ======'player_shot_jackpot_5'====== Args={'value': 0, 'prev_value': 1, 'change': -1, 'player_num': 1}
2024-11-10 18:41:42,005 : INFO : EventManager : Event: ======'player_shot_jackpot_6'====== Args={'value': 0, 'prev_value': 1, 'change': -1, 'player_num': 1}
2024-11-10 18:41:42,005 : INFO : EventManager : Event: ======'mode_hc_multiball_will_stop'====== Args={}
2024-11-10 18:41:42,005 : INFO : EventManager : Event: ======'mode_hc_multiball_stopping'====== Args={}
2024-11-10 18:41:42,006 : INFO : Mode.hc_multiball : Stopped.
2024-11-10 18:41:42,006 : INFO : EventManager : Event: ======'modes_active_modes_changed'====== Args={}
2024-11-10 18:41:42,007 : INFO : EventManager : Event: ======'mode_hc_multiball_stopped'====== Args={}
2024-11-10 18:41:42,007 : INFO : EventManager : Event: ======'clear'====== Args={'key': 'hc_multiball'}
2024-11-10 18:41:42,050 : INFO : EventManager : Event: ======'slide_high_caliber_slide_removed'====== Args={'_from_bcp': True}
2024-11-10 18:41:42,051 : INFO : EventManager : Event: ======'slide_super_transition_slide_2_created'====== Args={'_from_bcp': True}
2024-11-10 18:41:42,051 : INFO : EventManager : Event: ======'slide_super_transition_slide_1_removed'====== Args={'_from_bcp': True}
2024-11-10 18:41:42,051 : INFO : EventManager : Event: ======'slide_super_transition_slide_2_active'====== Args={'_from_bcp': True}
2024-11-10 18:41:44,009 : INFO : EventManager : Event: ======'slide_super_transition_slide_2_removed'====== Args={'_from_bcp': True}
2024-11-10 18:41:44,010 : INFO : EventManager : Event: ======'restart_super_time'====== Args={'priority': 0}
2024-11-10 18:41:44,010 : INFO : EventManager : Event: ======'player_hc_multiball_super_super_countdown_tick'====== Args={'value': 20, 'prev_value': 0, 'change': 20, 'player_num': 1}
2024-11-10 18:41:44,010 : INFO : Timer.super_countdown : Starting Timer.
2024-11-10 18:41:44,011 : INFO : EventManager : Event: ======'timer_super_countdown_started'====== Args={'ticks': 20, 'ticks_remaining': 20}
2024-11-10 18:41:44,011 : INFO : EventManager : Event: ======'timer_super_countdown_tick'====== Args={'ticks': 20, 'ticks_remaining': 20}
2024-11-10 18:41:44,011 : INFO : EventManager : Event: ======'player_super_time'====== Args={'value': 20, 'prev_value': 0, 'change': 20, 'player_num': 1}
2024-11-10 18:41:44,012 : INFO : EventManager : Event: ======'slide_hc_super_slide_active'====== Args={'_from_bcp': True}
2024-11-10 18:41:45,009 : INFO : EventManager : Event: ======'player_hc_multiball_super_super_countdown_tick'====== Args={'value': 19, 'prev_value': 20, 'change': -1, 'player_num': 1}
2024-11-10 18:41:45,010 : INFO : EventManager : Event: ======'timer_super_countdown_tick'====== Args={'ticks': 19, 'ticks_remaining': 19}
2024-11-10 18:41:45,010 : INFO : EventManager : Event: ======'player_super_time'====== Args={'value': 19, 'prev_value': 20, 'change': -1, 'player_num': 1}
2024-11-10 18:41:46,019 : INFO : EventManager : Event: ======'player_hc_multiball_super_super_countdown_tick'====== Args={'value': 18, 'prev_value': 19, 'change': -1, 'player_num': 1}
2024-11-10 18:41:46,019 : INFO : EventManager : Event: ======'timer_super_countdown_tick'====== Args={'ticks': 18, 'ticks_remaining': 18}
2024-11-10 18:41:46,020 : INFO : EventManager : Event: ======'player_super_time'====== Args={'value': 18, 'prev_value': 19, 'change': -1, 'player_num': 1}
2024-11-10 18:41:47,016 : INFO : EventManager : Event: ======'player_hc_multiball_super_super_countdown_tick'====== Args={'value': 17, 'prev_value': 18, 'change': -1, 'player_num': 1}
2024-11-10 18:41:47,017 : INFO : EventManager : Event: ======'timer_super_countdown_tick'====== Args={'ticks': 17, 'ticks_remaining': 17}
2024-11-10 18:41:47,017 : INFO : EventManager : Event: ======'player_super_time'====== Args={'value': 17, 'prev_value': 18, 'change': -1, 'player_num': 1}
2024-11-10 18:41:48,016 : INFO : EventManager : Event: ======'player_hc_multiball_super_super_countdown_tick'====== Args={'value': 16, 'prev_value': 17, 'change': -1, 'player_num': 1}
2024-11-10 18:41:48,017 : INFO : EventManager : Event: ======'timer_super_countdown_tick'====== Args={'ticks': 16, 'ticks_remaining': 16}
2024-11-10 18:41:48,017 : INFO : EventManager : Event: ======'player_super_time'====== Args={'value': 16, 'prev_value': 17, 'change': -1, 'player_num': 1}
2024-11-10 18:41:49,016 : INFO : EventManager : Event: ======'player_hc_multiball_super_super_countdown_tick'====== Args={'value': 15, 'prev_value': 16, 'change': -1, 'player_num': 1}
2024-11-10 18:41:49,016 : INFO : EventManager : Event: ======'timer_super_countdown_tick'====== Args={'ticks': 15, 'ticks_remaining': 15}
2024-11-10 18:41:49,017 : INFO : EventManager : Event: ======'player_super_time'====== Args={'value': 15, 'prev_value': 16, 'change': -1, 'player_num': 1}
2024-11-10 18:41:50,018 : INFO : EventManager : Event: ======'player_hc_multiball_super_super_countdown_tick'====== Args={'value': 14, 'prev_value': 15, 'change': -1, 'player_num': 1}
2024-11-10 18:41:50,018 : INFO : EventManager : Event: ======'timer_super_countdown_tick'====== Args={'ticks': 14, 'ticks_remaining': 14}
2024-11-10 18:41:50,019 : INFO : EventManager : Event: ======'player_super_time'====== Args={'value': 14, 'prev_value': 15, 'change': -1, 'player_num': 1}
2024-11-10 18:41:50,362 : INFO : SwitchController : <<<<<<< 's_left_ramp_made' active >>>>>>>
2024-11-10 18:41:50,362 : INFO : EventManager : Event: ======'s_left_ramp_made_active'====== Args={}
2024-11-10 18:41:50,362 : INFO : EventManager : Event: ======'machine_var_audits_switches_s_left_ramp_made'====== Args={'value': 2014, 'prev_value': 2013, 'change': 1}
2024-11-10 18:41:50,363 : INFO : EventManager : Event: ======'increase_super_time_check'====== Args={'priority': 0}
2024-11-10 18:41:50,363 : INFO : EventManager : Event: ======'increase_super_time'====== Args={'priority': 0}
2024-11-10 18:41:50,363 : INFO : EventManager : Event: ======'stop_super_overtime'====== Args={'priority': 0}
2024-11-10 18:41:50,364 : INFO : EventManager : Event: ======'start_super_time'====== Args={'priority': 0}
2024-11-10 18:41:50,364 : INFO : EventManager : Event: ======'player_hc_multiball_super_super_countdown_tick'====== Args={'value': 19, 'prev_value': 14, 'change': 5, 'player_num': 1}
2024-11-10 18:41:50,364 : INFO : EventManager : Event: ======'timer_super_countdown_time_added'====== Args={'ticks': 19, 'ticks_added': 14, 'ticks_remaining': 14}
2024-11-10 18:41:50,364 : INFO : EventManager : Event: ======'player_super_time'====== Args={'value': 19, 'prev_value': 14, 'change': 5, 'player_num': 1}
2024-11-10 18:41:50,364 : INFO : Timer.super_overtime : Stopping Timer
2024-11-10 18:41:50,364 : INFO : EventManager : Event: ======'timer_super_overtime_stopped'====== Args={'ticks': 3, 'ticks_remaining': 0}
2024-11-10 18:41:50,419 : INFO : SwitchController : <<<<<<< 's_left_ramp_made' inactive >>>>>>>
2024-11-10 18:41:50,903 : INFO : SwitchController : <<<<<<< 's_left_ramp_made' active >>>>>>>
2024-11-10 18:41:50,903 : INFO : EventManager : Event: ======'s_left_ramp_made_active'====== Args={}
2024-11-10 18:41:50,903 : INFO : EventManager : Event: ======'machine_var_audits_switches_s_left_ramp_made'====== Args={'value': 2015, 'prev_value': 2014, 'change': 1}
2024-11-10 18:41:50,904 : INFO : EventManager : Event: ======'increase_super_time_check'====== Args={'priority': 0}
2024-11-10 18:41:50,904 : INFO : EventManager : Event: ======'increase_super_time'====== Args={'priority': 0}
2024-11-10 18:41:50,904 : INFO : EventManager : Event: ======'stop_super_overtime'====== Args={'priority': 0}
2024-11-10 18:41:50,904 : INFO : EventManager : Event: ======'start_super_time'====== Args={'priority': 0}
2024-11-10 18:41:50,905 : INFO : EventManager : Event: ======'player_hc_multiball_super_super_countdown_tick'====== Args={'value': 20, 'prev_value': 19, 'change': 1, 'player_num': 1}
2024-11-10 18:41:50,905 : INFO : EventManager : Event: ======'timer_super_countdown_time_added'====== Args={'ticks': 20, 'ticks_added': 15, 'ticks_remaining': 19}
2024-11-10 18:41:50,905 : INFO : EventManager : Event: ======'player_super_time'====== Args={'value': 20, 'prev_value': 19, 'change': 1, 'player_num': 1}
2024-11-10 18:41:50,906 : INFO : Timer.super_overtime : Stopping Timer
2024-11-10 18:41:50,906 : INFO : EventManager : Event: ======'timer_super_overtime_stopped'====== Args={'ticks': 3, 'ticks_remaining': 0}
2024-11-10 18:41:50,979 : INFO : SwitchController : <<<<<<< 's_left_ramp_made' inactive >>>>>>>
2024-11-10 18:41:51,017 : INFO : EventManager : Event: ======'player_hc_multiball_super_super_countdown_tick'====== Args={'value': 19, 'prev_value': 20, 'change': -1, 'player_num': 1}
2024-11-10 18:41:51,017 : INFO : EventManager : Event: ======'timer_super_countdown_tick'====== Args={'ticks': 19, 'ticks_remaining': 19}
2024-11-10 18:41:51,018 : INFO : EventManager : Event: ======'player_super_time'====== Args={'value': 19, 'prev_value': 20, 'change': -1, 'player_num': 1}
2024-11-10 18:41:52,002 : INFO : EventManager : Event: ======'player_hc_multiball_super_super_countdown_tick'====== Args={'value': 18, 'prev_value': 19, 'change': -1, 'player_num': 1}
2024-11-10 18:41:52,002 : INFO : EventManager : Event: ======'timer_super_countdown_tick'====== Args={'ticks': 18, 'ticks_remaining': 18}
2024-11-10 18:41:52,003 : INFO : EventManager : Event: ======'player_super_time'====== Args={'value': 18, 'prev_value': 19, 'change': -1, 'player_num': 1}
2024-11-10 18:41:53,017 : INFO : EventManager : Event: ======'player_hc_multiball_super_super_countdown_tick'====== Args={'value': 17, 'prev_value': 18, 'change': -1, 'player_num': 1}
2024-11-10 18:41:53,017 : INFO : EventManager : Event: ======'timer_super_countdown_tick'====== Args={'ticks': 17, 'ticks_remaining': 17}
2024-11-10 18:41:53,018 : INFO : EventManager : Event: ======'player_super_time'====== Args={'value': 17, 'prev_value': 18, 'change': -1, 'player_num': 1}
2024-11-10 18:41:54,016 : INFO : EventManager : Event: ======'player_hc_multiball_super_super_countdown_tick'====== Args={'value': 16, 'prev_value': 17, 'change': -1, 'player_num': 1}
2024-11-10 18:41:54,017 : INFO : EventManager : Event: ======'timer_super_countdown_tick'====== Args={'ticks': 16, 'ticks_remaining': 16}
2024-11-10 18:41:54,017 : INFO : EventManager : Event: ======'player_super_time'====== Args={'value': 16, 'prev_value': 17, 'change': -1, 'player_num': 1}
2024-11-10 18:41:55,001 : INFO : EventManager : Event: ======'player_hc_multiball_super_super_countdown_tick'====== Args={'value': 15, 'prev_value': 16, 'change': -1, 'player_num': 1}
2024-11-10 18:41:55,001 : INFO : EventManager : Event: ======'timer_super_countdown_tick'====== Args={'ticks': 15, 'ticks_remaining': 15}
2024-11-10 18:41:55,002 : INFO : EventManager : Event: ======'player_super_time'====== Args={'value': 15, 'prev_value': 16, 'change': -1, 'player_num': 1}
2024-11-10 18:41:55,209 : INFO : SwitchController : <<<<<<< 's_lock_3' active >>>>>>>
2024-11-10 18:41:55,209 : INFO : EventManager : Event: ======'machine_var_audits_switches_s_lock_3'====== Args={'value': 524, 'prev_value': 523, 'change': 1}
2024-11-10 18:41:55,710 : INFO : EventManager : Event: ======'balldevice_bd_hc_lock_ball_count_changed'====== Args={'balls': 1}
2024-11-10 18:41:55,710 : INFO : ball_device.bd_hc_lock : Received unexpected ball
2024-11-10 18:41:55,710 : INFO : EventManager : Event: ======'balldevice_captured_from_playfield'====== Args={'balls': 1}
2024-11-10 18:41:55,711 : INFO : EventManager : Event: ======'sw_playfield_active'====== Args={'balls': 1}
2024-11-10 18:41:55,711 : INFO : EventManager : Event: ======'playfield_ball_count_change'====== Args={'balls': 3, 'change': -1}
2024-11-10 18:41:55,711 : INFO : EventManager : Event: ======'balldevice_bd_hc_lock_ball_enter'====== Args={'new_balls': 1, 'unclaimed_balls': 1, 'new_available_balls': 1, 'device': <ball_device.bd_hc_lock>}
2024-11-10 18:41:55,712 : INFO : EventManager : Event: ======'ball_hold_super_hold_held_ball'====== Args={'balls_held': 1, 'total_balls_held': 1}
2024-11-10 18:41:55,712 : INFO : EventManager : Event: ======'player_super_lock'====== Args={'value': 1, 'prev_value': 0, 'change': 1, 'player_num': 1}
2024-11-10 18:41:55,712 : INFO : EventManager : Event: ======'scan_super'====== Args={'priority': 0}
2024-11-10 18:41:55,713 : INFO : EventManager : Event: ======'restart_super_time'====== Args={'priority': 0}
2024-11-10 18:41:55,713 : INFO : EventManager : Event: ======'super_lock_1'====== Args={'priority': 0}
2024-11-10 18:41:55,713 : INFO : EventManager : Event: ======'check_super_text_locked'====== Args={'priority': 0}
2024-11-10 18:41:55,714 : INFO : EventManager : Event: ======'update_super_text_1_locked'====== Args={'priority': 0}
2024-11-10 18:41:55,714 : INFO : EventManager : Event: ======'check_super_text_offline'====== Args={'priority': 0}
2024-11-10 18:41:55,714 : INFO : EventManager : Event: ======'player_hc_multiball_super_super_countdown_tick'====== Args={'value': 20, 'prev_value': 15, 'change': 5, 'player_num': 1}
2024-11-10 18:41:55,715 : INFO : EventManager : Event: ======'player_super_time'====== Args={'value': 20, 'prev_value': 15, 'change': 5, 'player_num': 1}
2024-11-10 18:41:55,715 : INFO : EventManager : Event: ======'balldevice_balls_available'====== Args={}
2024-11-10 18:41:55,716 : INFO : EventManager : Event: ======'balldevice_bd_hc_lock_ball_entered'====== Args={'new_balls': 1, 'device': <ball_device.bd_hc_lock>}
2024-11-10 18:41:56,734 : INFO : EventManager : Event: ======'player_hc_multiball_super_super_countdown_tick'====== Args={'value': 19, 'prev_value': 20, 'change': -1, 'player_num': 1}
2024-11-10 18:41:56,734 : INFO : EventManager : Event: ======'timer_super_countdown_tick'====== Args={'ticks': 19, 'ticks_remaining': 19}
2024-11-10 18:41:56,735 : INFO : EventManager : Event: ======'player_super_time'====== Args={'value': 19, 'prev_value': 20, 'change': -1, 'player_num': 1}
2024-11-10 18:41:57,724 : INFO : EventManager : Event: ======'player_hc_multiball_super_super_countdown_tick'====== Args={'value': 18, 'prev_value': 19, 'change': -1, 'player_num': 1}
2024-11-10 18:41:57,724 : INFO : EventManager : Event: ======'timer_super_countdown_tick'====== Args={'ticks': 18, 'ticks_remaining': 18}
2024-11-10 18:41:57,724 : INFO : EventManager : Event: ======'player_super_time'====== Args={'value': 18, 'prev_value': 19, 'change': -1, 'player_num': 1}
2024-11-10 18:41:58,721 : INFO : EventManager : Event: ======'player_hc_multiball_super_super_countdown_tick'====== Args={'value': 17, 'prev_value': 18, 'change': -1, 'player_num': 1}
2024-11-10 18:41:58,721 : INFO : EventManager : Event: ======'timer_super_countdown_tick'====== Args={'ticks': 17, 'ticks_remaining': 17}
2024-11-10 18:41:58,721 : INFO : EventManager : Event: ======'player_super_time'====== Args={'value': 17, 'prev_value': 18, 'change': -1, 'player_num': 1}
2024-11-10 18:41:59,721 : INFO : EventManager : Event: ======'player_hc_multiball_super_super_countdown_tick'====== Args={'value': 16, 'prev_value': 17, 'change': -1, 'player_num': 1}
2024-11-10 18:41:59,721 : INFO : EventManager : Event: ======'timer_super_countdown_tick'====== Args={'ticks': 16, 'ticks_remaining': 16}
2024-11-10 18:41:59,721 : INFO : EventManager : Event: ======'player_super_time'====== Args={'value': 16, 'prev_value': 17, 'change': -1, 'player_num': 1}
2024-11-10 18:42:00,005 : INFO : SwitchController : <<<<<<< 's_lock_2' active >>>>>>>
2024-11-10 18:42:00,005 : INFO : EventManager : Event: ======'machine_var_audits_switches_s_lock_2'====== Args={'value': 441, 'prev_value': 440, 'change': 1}
2024-11-10 18:42:00,502 : INFO : EventManager : Event: ======'balldevice_bd_hc_lock_ball_count_changed'====== Args={'balls': 2}
2024-11-10 18:42:00,502 : INFO : ball_device.bd_hc_lock : Received unexpected ball
2024-11-10 18:42:00,502 : INFO : EventManager : Event: ======'balldevice_captured_from_playfield'====== Args={'balls': 1}
2024-11-10 18:42:00,502 : INFO : EventManager : Event: ======'sw_playfield_active'====== Args={'balls': 1}
2024-11-10 18:42:00,502 : INFO : EventManager : Event: ======'playfield_ball_count_change'====== Args={'balls': 2, 'change': -1}
2024-11-10 18:42:00,503 : INFO : EventManager : Event: ======'balldevice_bd_hc_lock_ball_enter'====== Args={'new_balls': 1, 'unclaimed_balls': 1, 'new_available_balls': 1, 'device': <ball_device.bd_hc_lock>}
2024-11-10 18:42:00,503 : INFO : EventManager : Event: ======'ball_hold_super_hold_held_ball'====== Args={'balls_held': 1, 'total_balls_held': 2}
2024-11-10 18:42:00,503 : INFO : EventManager : Event: ======'player_super_lock'====== Args={'value': 2, 'prev_value': 1, 'change': 1, 'player_num': 1}
2024-11-10 18:42:00,503 : INFO : EventManager : Event: ======'scan_super'====== Args={'priority': 0}
2024-11-10 18:42:00,504 : INFO : EventManager : Event: ======'restart_super_time'====== Args={'priority': 0}
2024-11-10 18:42:00,504 : INFO : EventManager : Event: ======'super_lock_2'====== Args={'priority': 0}
2024-11-10 18:42:00,504 : INFO : EventManager : Event: ======'check_super_text_locked'====== Args={'priority': 0}
2024-11-10 18:42:00,504 : INFO : EventManager : Event: ======'update_super_text_2_locked'====== Args={'priority': 0}
2024-11-10 18:42:00,504 : INFO : EventManager : Event: ======'check_super_text_offline'====== Args={'priority': 0}
2024-11-10 18:42:00,505 : INFO : EventManager : Event: ======'player_hc_multiball_super_super_countdown_tick'====== Args={'value': 20, 'prev_value': 16, 'change': 4, 'player_num': 1}
2024-11-10 18:42:00,505 : INFO : EventManager : Event: ======'player_super_time'====== Args={'value': 20, 'prev_value': 16, 'change': 4, 'player_num': 1}
2024-11-10 18:42:00,506 : INFO : EventManager : Event: ======'balldevice_balls_available'====== Args={}
2024-11-10 18:42:00,506 : INFO : EventManager : Event: ======'balldevice_bd_hc_lock_ball_entered'====== Args={'new_balls': 1, 'device': <ball_device.bd_hc_lock>}
2024-11-10 18:42:01,265 : INFO : SwitchController : <<<<<<< 's_lock_1' active >>>>>>>
2024-11-10 18:42:01,265 : INFO : EventManager : Event: ======'machine_var_audits_switches_s_lock_1'====== Args={'value': 429, 'prev_value': 428, 'change': 1}
2024-11-10 18:42:01,506 : INFO : EventManager : Event: ======'player_hc_multiball_super_super_countdown_tick'====== Args={'value': 19, 'prev_value': 20, 'change': -1, 'player_num': 1}
2024-11-10 18:42:01,506 : INFO : EventManager : Event: ======'timer_super_countdown_tick'====== Args={'ticks': 19, 'ticks_remaining': 19}
2024-11-10 18:42:01,507 : INFO : EventManager : Event: ======'player_super_time'====== Args={'value': 19, 'prev_value': 20, 'change': -1, 'player_num': 1}
2024-11-10 18:42:01,776 : INFO : EventManager : Event: ======'balldevice_bd_hc_lock_ball_count_changed'====== Args={'balls': 3}
2024-11-10 18:42:01,776 : INFO : ball_device.bd_hc_lock : Received unexpected ball
2024-11-10 18:42:01,776 : INFO : EventManager : Event: ======'balldevice_captured_from_playfield'====== Args={'balls': 1}
2024-11-10 18:42:01,777 : INFO : EventManager : Event: ======'sw_playfield_active'====== Args={'balls': 1}
2024-11-10 18:42:01,777 : INFO : EventManager : Event: ======'playfield_ball_count_change'====== Args={'balls': 1, 'change': -1}
2024-11-10 18:42:01,778 : INFO : EventManager : Event: ======'balldevice_bd_hc_lock_ball_enter'====== Args={'new_balls': 1, 'unclaimed_balls': 1, 'new_available_balls': 1, 'device': <ball_device.bd_hc_lock>}
2024-11-10 18:42:01,778 : INFO : EventManager : Event: ======'ball_hold_super_hold_held_ball'====== Args={'balls_held': 1, 'total_balls_held': 3}
2024-11-10 18:42:01,778 : INFO : EventManager : Event: ======'ball_hold_super_hold_full'====== Args={'balls': 3}
2024-11-10 18:42:01,779 : INFO : EventManager : Event: ======'player_super_lock'====== Args={'value': 3, 'prev_value': 2, 'change': 1, 'player_num': 1}
2024-11-10 18:42:01,779 : INFO : EventManager : Event: ======'scan_super'====== Args={'priority': 0}
2024-11-10 18:42:01,779 : INFO : EventManager : Event: ======'restart_super_time'====== Args={'priority': 0}
2024-11-10 18:42:01,780 : INFO : EventManager : Event: ======'super_lock_3'====== Args={'priority': 0}
2024-11-10 18:42:01,780 : INFO : EventManager : Event: ======'check_super_text_locked'====== Args={'priority': 0}
2024-11-10 18:42:01,780 : INFO : EventManager : Event: ======'award_super_jackpot'====== Args={'priority': 0}
2024-11-10 18:42:01,781 : INFO : EventManager : Event: ======'update_super_text_3_locked'====== Args={'priority': 0}
2024-11-10 18:42:01,781 : INFO : EventManager : Event: ======'check_super_text_offline'====== Args={'priority': 0}
2024-11-10 18:42:01,781 : INFO : ball_device.bd_hc_lock : Adding 1 ball(s) to the eject_queue with target <playfield.playfield>.
2024-11-10 18:42:01,782 : INFO : EventManager : Event: ======'balldevice_balls_available'====== Args={}
2024-11-10 18:42:01,782 : INFO : ball_device.bd_hc_lock : Adding 1 ball(s) to the eject_queue with target <playfield.playfield>.
2024-11-10 18:42:01,782 : INFO : EventManager : Event: ======'balldevice_balls_available'====== Args={}
2024-11-10 18:42:01,783 : INFO : ball_device.bd_hc_lock : Adding 1 ball(s) to the eject_queue with target <playfield.playfield>.
2024-11-10 18:42:01,783 : INFO : EventManager : Event: ======'ball_hold_super_hold_balls_released'====== Args={'balls_released': 3}
2024-11-10 18:42:01,783 : INFO : EventManager : Event: ======'stop_super_time'====== Args={'priority': 0}
2024-11-10 18:42:01,783 : INFO : EventManager : Event: ======'award_triple_super_jackpot'====== Args={'priority': 0}
2024-11-10 18:42:01,784 : INFO : EventManager : Event: ======'player_score'====== Args={'value': 440800000, 'prev_value': 340800000, 'change': 100000000, 'player_num': 1}
2024-11-10 18:42:01,784 : INFO : EventManager : Event: ======'player_hctotal'====== Args={'value': 440000000, 'prev_value': 340000000, 'change': 100000000, 'player_num': 1}
2024-11-10 18:42:01,784 : INFO : Timer.super_countdown : Stopping Timer
2024-11-10 18:42:01,784 : INFO : EventManager : Event: ======'timer_super_countdown_stopped'====== Args={'ticks': 19, 'ticks_remaining': 19}
2024-11-10 18:42:01,785 : INFO : EventManager : Event: ======'player_score'====== Args={'value': 740800000, 'prev_value': 440800000, 'change': 300000000, 'player_num': 1}
2024-11-10 18:42:01,785 : INFO : EventManager : Event: ======'player_hctotal'====== Args={'value': 740000000, 'prev_value': 440000000, 'change': 300000000, 'player_num': 1}
2024-11-10 18:42:01,786 : INFO : EventManager : Event: ======'player_hc_multiball_super_super_countdown_tick'====== Args={'value': 20, 'prev_value': 19, 'change': 1, 'player_num': 1}
2024-11-10 18:42:01,787 : INFO : Timer.super_countdown : Starting Timer.
2024-11-10 18:42:01,787 : INFO : EventManager : Event: ======'timer_super_countdown_started'====== Args={'ticks': 20, 'ticks_remaining': 20}
2024-11-10 18:42:01,787 : INFO : EventManager : Event: ======'timer_super_countdown_tick'====== Args={'ticks': 20, 'ticks_remaining': 20}
2024-11-10 18:42:01,787 : INFO : EventManager : Event: ======'player_super_time'====== Args={'value': 20, 'prev_value': 19, 'change': 1, 'player_num': 1}
2024-11-10 18:42:01,788 : INFO : EventManager : Event: ======'balldevice_balls_available'====== Args={}
2024-11-10 18:42:01,788 : INFO : EventManager : Event: ======'balldevice_balls_available'====== Args={}
2024-11-10 18:42:01,788 : INFO : EventManager : Event: ======'balldevice_bd_hc_lock_ball_entered'====== Args={'new_balls': 1, 'device': <ball_device.bd_hc_lock>}
2024-11-10 18:42:01,807 : INFO : ball_device.bd_hc_lock : State: waiting_for_target_ready
2024-11-10 18:42:01,814 : INFO : EventManager : Event: ======'balldevice_bd_hc_lock_ball_eject_attempt'====== Args={'balls': 1, 'target': <playfield.playfield>, 'source': <ball_device.bd_hc_lock>, 'mechanical_eject': False, 'num_attempts': 0}
2024-11-10 18:42:01,815 : INFO : ball_device.bd_hc_lock : State: ejecting
2024-11-10 18:42:01,815 : INFO : ball_device.bd_hc_lock : Ejecting ball to <playfield.playfield>
2024-11-10 18:42:01,815 : INFO : EventManager : Event: ======'balldevice_bd_hc_lock_ejecting_ball'====== Args={'balls': 1, 'target': <playfield.playfield>, 'source': <ball_device.bd_hc_lock>, 'mechanical_eject': False, 'num_attempts': 0}
2024-11-10 18:42:01,815 : INFO : ball_device.bd_hc_lock : Wait for ball to leave device
2024-11-10 18:42:01,816 : INFO : coil.c_lock_eject : Pulsing Driver for 10ms (1.0 pulse_power)
2024-11-10 18:42:01,816 : INFO : SwitchController : <<<<<<< 's_lock_1' inactive >>>>>>>
2024-11-10 18:42:01,828 : INFO : ball_device.bd_hc_lock : State: ball_left
2024-11-10 18:42:01,829 : INFO : ball_device.bd_hc_lock : Ball left
2024-11-10 18:42:01,829 : INFO : ball_device.bd_hc_lock : Wait for confirm with timeout 3.0
2024-11-10 18:42:02,293 : INFO : EventManager : Event: ======'start_super_muzzle_3'====== Args={'priority': 0}
2024-11-10 18:42:02,693 : INFO : EventManager : Event: ======'fade_out_super_screen'====== Args={'priority': 0}
2024-11-10 18:42:02,693 : INFO : EventManager : Event: ======'fade_in_super_3'====== Args={'priority': 0}
2024-11-10 18:42:02,788 : INFO : EventManager : Event: ======'player_hc_multiball_super_super_countdown_tick'====== Args={'value': 19, 'prev_value': 20, 'change': -1, 'player_num': 1}
2024-11-10 18:42:02,788 : INFO : EventManager : Event: ======'timer_super_countdown_tick'====== Args={'ticks': 19, 'ticks_remaining': 19}
2024-11-10 18:42:02,789 : INFO : EventManager : Event: ======'player_super_time'====== Args={'value': 19, 'prev_value': 20, 'change': -1, 'player_num': 1}
2024-11-10 18:42:03,293 : INFO : EventManager : Event: ======'remove_super_screen'====== Args={'priority': 0}
2024-11-10 18:42:03,784 : INFO : EventManager : Event: ======'player_hc_multiball_super_super_countdown_tick'====== Args={'value': 18, 'prev_value': 19, 'change': -1, 'player_num': 1}
2024-11-10 18:42:03,784 : INFO : EventManager : Event: ======'timer_super_countdown_tick'====== Args={'ticks': 18, 'ticks_remaining': 18}
2024-11-10 18:42:03,785 : INFO : EventManager : Event: ======'player_super_time'====== Args={'value': 18, 'prev_value': 19, 'change': -1, 'player_num': 1}
2024-11-10 18:42:04,291 : INFO : EventManager : Event: ======'remove_super_muzzle_3'====== Args={'priority': 0}
2024-11-10 18:42:04,783 : INFO : EventManager : Event: ======'player_hc_multiball_super_super_countdown_tick'====== Args={'value': 17, 'prev_value': 18, 'change': -1, 'player_num': 1}
2024-11-10 18:42:04,783 : INFO : EventManager : Event: ======'timer_super_countdown_tick'====== Args={'ticks': 17, 'ticks_remaining': 17}
2024-11-10 18:42:04,783 : INFO : EventManager : Event: ======'player_super_time'====== Args={'value': 17, 'prev_value': 18, 'change': -1, 'player_num': 1}
2024-11-10 18:42:04,846 : INFO : ball_device.bd_hc_lock : State: failed_confirm
2024-11-10 18:42:04,846 : INFO : ball_device.bd_hc_lock : Got timeout (3.0s) before confirm from <playfield.playfield>
2024-11-10 18:42:04,958 : INFO : ball_device.bd_hc_lock : Confirming eject because target is playfield and ball did not return.
2024-11-10 18:42:04,959 : INFO : ball_device.bd_hc_lock : Eject successful
2024-11-10 18:42:04,959 : INFO : EventManager : Event: ======'balldevice_bd_hc_lock_ball_eject_success'====== Args={'balls': 1, 'target': <playfield.playfield>}
2024-11-10 18:42:04,959 : INFO : EventManager : Event: ======'balldevice_playfield_ball_enter'====== Args={'new_balls': 1, 'unclaimed_balls': 1, 'device': <playfield.playfield>}
2024-11-10 18:42:04,959 : INFO : EventManager : Event: ======'playfield_ball_count_change'====== Args={'balls': 2, 'change': 1}
2024-11-10 18:42:04,960 : INFO : EventManager : Event: ======'balldevice_bd_hc_lock_ball_count_changed'====== Args={'balls': 2}
2024-11-10 18:42:04,960 : INFO : ball_device.bd_hc_lock : State: idle
2024-11-10 18:42:04,961 : INFO : ball_device.bd_hc_lock : State: waiting_for_target_ready
2024-11-10 18:42:04,961 : INFO : EventManager : Event: ======'balldevice_bd_hc_lock_ball_eject_attempt'====== Args={'balls': 1, 'target': <playfield.playfield>, 'source': <ball_device.bd_hc_lock>, 'mechanical_eject': False, 'num_attempts': 0}
2024-11-10 18:42:04,961 : INFO : ball_device.bd_hc_lock : State: ejecting
2024-11-10 18:42:04,961 : INFO : ball_device.bd_hc_lock : Ejecting ball to <playfield.playfield>
2024-11-10 18:42:04,961 : INFO : EventManager : Event: ======'balldevice_bd_hc_lock_ejecting_ball'====== Args={'balls': 1, 'target': <playfield.playfield>, 'source': <ball_device.bd_hc_lock>, 'mechanical_eject': False, 'num_attempts': 0}
2024-11-10 18:42:04,962 : INFO : ball_device.bd_hc_lock : Wait for ball to leave device
2024-11-10 18:42:04,962 : INFO : coil.c_lock_eject : Pulsing Driver for 10ms (1.0 pulse_power)
2024-11-10 18:42:04,962 : INFO : SwitchController : <<<<<<< 's_lock_2' inactive >>>>>>>
2024-11-10 18:42:04,975 : INFO : ball_device.bd_hc_lock : State: ball_left
2024-11-10 18:42:04,975 : INFO : ball_device.bd_hc_lock : Ball left
2024-11-10 18:42:04,975 : INFO : ball_device.bd_hc_lock : Wait for confirm with timeout 3.0
2024-11-10 18:42:05,298 : INFO : EventManager : Event: ======'remove_super_text_3'====== Args={'priority': 0}
2024-11-10 18:42:05,298 : INFO : EventManager : Event: ======'exit_super_phase'====== Args={'priority': 0}
2024-11-10 18:42:05,298 : INFO : EventManager : Event: ======'player_super_lock'====== Args={'value': 0, 'prev_value': 3, 'change': -3, 'player_num': 1}
2024-11-10 18:42:05,299 : INFO : EventManager : Event: ======'exit_super_phase_to_jackpot'====== Args={'priority': 0}
2024-11-10 18:42:05,299 : INFO : EventManager : Event: ======'scan_super'====== Args={'priority': 0}
2024-11-10 18:42:05,299 : INFO : EventManager : Event: ======'restart_super_time'====== Args={'priority': 0}
2024-11-10 18:42:05,299 : INFO : EventManager : Event: ======'check_super_text_locked'====== Args={'priority': 0}
2024-11-10 18:42:05,300 : INFO : EventManager : Event: ======'update_super_text_0_locked'====== Args={'priority': 0}
2024-11-10 18:42:05,300 : INFO : EventManager : Event: ======'check_super_text_offline'====== Args={'priority': 0}
2024-11-10 18:42:05,300 : INFO : EventManager : Event: ======'player_hc_multiball_super_super_countdown_tick'====== Args={'value': 20, 'prev_value': 17, 'change': 3, 'player_num': 1}
2024-11-10 18:42:05,300 : INFO : EventManager : Event: ======'player_super_time'====== Args={'value': 20, 'prev_value': 17, 'change': 3, 'player_num': 1}
2024-11-10 18:42:05,301 : INFO : state_machine.hc_multiball : Transitioning from superjackpot to jackpot
2024-11-10 18:42:05,301 : INFO : EventManager : Event: ======'super_jackpot_stopped'====== Args={}
2024-11-10 18:42:05,301 : INFO : EventManager : Event: ======'jackpot_start'====== Args={}
2024-11-10 18:42:05,301 : INFO : EventManager : Event: ======'mode_hc_multiball_super_will_stop'====== Args={}
2024-11-10 18:42:05,302 : INFO : EventManager : Event: ======'mode_hc_multiball_super_stopping'====== Args={}
2024-11-10 18:42:05,302 : INFO : EventManager : Event: ======'mode_hc_multiball_will_start'====== Args={}
2024-11-10 18:42:05,303 : INFO : EventManager : Event: ======'jackpots_complete'====== Args={'state': 'unlit'}
2024-11-10 18:42:05,303 : INFO : EventManager : Event: ======'jackpots_unlit_complete'====== Args={}
2024-11-10 18:42:05,310 : INFO : EventManager : Event: ======'mode_hc_multiball_starting'====== Args={}
2024-11-10 18:42:05,310 : INFO : Mode.hc_multiball_super : Stopped.
2024-11-10 18:42:05,310 : INFO : EventManager : Event: ======'modes_active_modes_changed'====== Args={}
2024-11-10 18:42:05,310 : INFO : EventManager : Event: ======'super_hold_disable'====== Args={}
2024-11-10 18:42:05,310 : INFO : EventManager : Event: ======'mode_hc_multiball_super_stopped'====== Args={}
2024-11-10 18:42:05,310 : INFO : EventManager : Event: ======'clear'====== Args={'key': 'hc_multiball_super'}
2024-11-10 18:42:05,310 : INFO : Timer.super_overtime : Stopping Timer
2024-11-10 18:42:05,310 : INFO : EventManager : Event: ======'timer_super_overtime_stopped'====== Args={'ticks': 3, 'ticks_remaining': 0}
2024-11-10 18:42:05,311 : INFO : Timer.super_countdown : Stopping Timer
2024-11-10 18:42:05,311 : INFO : EventManager : Event: ======'timer_super_countdown_stopped'====== Args={'ticks': 20, 'ticks_remaining': 20}
2024-11-10 18:42:05,313 : INFO : EventManager : Event: ======'logicblock_hc_secondary_updated'====== Args={'value': 0, 'enabled': True}
2024-11-10 18:42:05,313 : INFO : EventManager : Event: ======'logicblock_hc_secondary_updated'====== Args={'value': 0, 'enabled': True}
2024-11-10 18:42:05,313 : INFO : Mode.hc_multiball : Started. Priority: 300
2024-11-10 18:42:05,313 : INFO : EventManager : Event: ======'modes_active_modes_changed'====== Args={}
2024-11-10 18:42:05,313 : INFO : EventManager : Event: ======'mode_hc_multiball_started'====== Args={}
2024-11-10 18:42:05,346 : INFO : EventManager : Event: ======'slide_hc_super_slide_removed'====== Args={'_from_bcp': True}
2024-11-10 18:42:05,350 : INFO : EventManager : Event: ======'slide_high_caliber_slide_created'====== Args={'_from_bcp': True}
2024-11-10 18:42:05,357 : INFO : EventManager : Event: ======'slide_high_caliber_slide_active'====== Args={'_from_bcp': True}
2024-11-10 18:42:07,973 : INFO : ball_device.bd_hc_lock : State: failed_confirm
2024-11-10 18:42:07,973 : INFO : ball_device.bd_hc_lock : Got timeout (3.0s) before confirm from <playfield.playfield>
2024-11-10 18:42:08,067 : INFO : ball_device.bd_hc_lock : Confirming eject because target is playfield and ball did not return.
2024-11-10 18:42:08,067 : INFO : ball_device.bd_hc_lock : Eject successful
2024-11-10 18:42:08,067 : INFO : EventManager : Event: ======'balldevice_bd_hc_lock_ball_eject_success'====== Args={'balls': 1, 'target': <playfield.playfield>}
2024-11-10 18:42:08,067 : INFO : EventManager : Event: ======'balldevice_playfield_ball_enter'====== Args={'new_balls': 1, 'unclaimed_balls': 1, 'device': <playfield.playfield>}
2024-11-10 18:42:08,068 : INFO : EventManager : Event: ======'playfield_ball_count_change'====== Args={'balls': 3, 'change': 1}
2024-11-10 18:42:08,068 : INFO : EventManager : Event: ======'balldevice_bd_hc_lock_ball_count_changed'====== Args={'balls': 1}
2024-11-10 18:42:08,068 : INFO : ball_device.bd_hc_lock : State: idle
2024-11-10 18:42:08,069 : INFO : ball_device.bd_hc_lock : State: waiting_for_target_ready
2024-11-10 18:42:08,069 : INFO : EventManager : Event: ======'balldevice_bd_hc_lock_ball_eject_attempt'====== Args={'balls': 1, 'target': <playfield.playfield>, 'source': <ball_device.bd_hc_lock>, 'mechanical_eject': False, 'num_attempts': 0}
2024-11-10 18:42:08,069 : INFO : ball_device.bd_hc_lock : State: ejecting
2024-11-10 18:42:08,069 : INFO : ball_device.bd_hc_lock : Ejecting ball to <playfield.playfield>
2024-11-10 18:42:08,069 : INFO : EventManager : Event: ======'balldevice_bd_hc_lock_ejecting_ball'====== Args={'balls': 1, 'target': <playfield.playfield>, 'source': <ball_device.bd_hc_lock>, 'mechanical_eject': False, 'num_attempts': 0}
2024-11-10 18:42:08,070 : INFO : ball_device.bd_hc_lock : Wait for ball to leave device
2024-11-10 18:42:08,070 : INFO : coil.c_lock_eject : Pulsing Driver for 10ms (1.0 pulse_power)
2024-11-10 18:42:08,070 : INFO : SwitchController : <<<<<<< 's_lock_3' inactive >>>>>>>
2024-11-10 18:42:08,082 : INFO : ball_device.bd_hc_lock : State: ball_left
2024-11-10 18:42:08,083 : INFO : ball_device.bd_hc_lock : Ball left
2024-11-10 18:42:08,083 : INFO : ball_device.bd_hc_lock : Wait for confirm with timeout 3.0
2024-11-10 18:42:11,099 : INFO : ball_device.bd_hc_lock : State: failed_confirm
2024-11-10 18:42:11,099 : INFO : ball_device.bd_hc_lock : Got timeout (3.0s) before confirm from <playfield.playfield>
2024-11-10 18:42:11,193 : INFO : ball_device.bd_hc_lock : Confirming eject because target is playfield and ball did not return.
2024-11-10 18:42:11,193 : INFO : ball_device.bd_hc_lock : Eject successful
2024-11-10 18:42:11,193 : INFO : EventManager : Event: ======'balldevice_bd_hc_lock_ball_eject_success'====== Args={'balls': 1, 'target': <playfield.playfield>}
2024-11-10 18:42:11,194 : INFO : EventManager : Event: ======'balldevice_playfield_ball_enter'====== Args={'new_balls': 1, 'unclaimed_balls': 1, 'device': <playfield.playfield>}
2024-11-10 18:42:11,194 : INFO : EventManager : Event: ======'playfield_ball_count_change'====== Args={'balls': 4, 'change': 1}
2024-11-10 18:42:11,195 : INFO : EventManager : Event: ======'balldevice_bd_hc_lock_ball_count_changed'====== Args={'balls': 0}
2024-11-10 18:42:11,195 : INFO : ball_device.bd_hc_lock : State: idle
2024-11-10 18:42:11,903 : INFO : Machine : Shutting down...
2024-11-10 18:42:11,903 : INFO : EventManager : Event: ======'shutdown'====== Args={}
2024-11-10 18:42:11,905 : INFO : root : MPF run loop ended.
