2024-11-10 18:38:36,291 : INFO : root : Loading config.
2024-11-10 18:38:36,611 : INFO : ConfigProcessor : Config spec file cache created: C:\Users\dell\AppData\Local\Temp\config_spec.mpf_cache
2024-11-10 18:38:36,612 : INFO : YamlMultifileConfigLoader : Machine config file #1: config.yaml
2024-11-10 18:38:36,614 : WARNING : ConfigProcessor : Cache file not found: C:\Users\dell\AppData\Local\Temp\823390186140f561069e51d67517f5d0.mpf_cache
2024-11-10 18:38:36,614 : INFO : ConfigProcessor : Loading config from file c:\users\dell\appdata\local\programs\python\python36\lib\site-packages\mpf\mpfconfig.yaml.
2024-11-10 18:38:36,678 : INFO : ConfigProcessor : Loading config: c:\users\dell\appdata\local\programs\python\python36\lib\site-packages\mpf\mpfconfig.yaml
2024-11-10 18:38:36,678 : INFO : ConfigProcessor : Loading config from file E:\MPF\wows\wows\config\config.yaml.
2024-11-10 18:38:36,701 : INFO : ConfigProcessor : Loading config: E:\MPF\wows\wows\config\config.yaml
2024-11-10 18:38:36,730 : INFO : ConfigProcessor : Loading config: E:\MPF\wows\wows\config\primary/config_else_virtual.yaml
2024-11-10 18:38:36,858 : INFO : ConfigProcessor : Loading config: E:\MPF\wows\wows\config\primary/config_hardware.yaml
2024-11-10 18:38:36,867 : INFO : ConfigProcessor : Loading config: E:\MPF\wows\wows\config\primary/config_keys.yaml
2024-11-10 18:38:36,932 : INFO : ConfigProcessor : Loading config: E:\MPF\wows\wows\config\primary/config_logic.yaml
2024-11-10 18:38:36,951 : INFO : ConfigProcessor : Loading config: E:\MPF\wows\wows\config\primary/config_modes.yaml
2024-11-10 18:38:36,976 : INFO : ConfigProcessor : Loading config: E:\MPF\wows\wows\config\primary/config_operator_settings.yaml
2024-11-10 18:38:36,999 : INFO : ConfigProcessor : Loading config: E:\MPF\wows\wows\config\primary/config_sound_music.yaml
2024-11-10 18:38:37,074 : INFO : ConfigProcessor : Loading config: E:\MPF\wows\wows\config\primary/config_values.yaml
2024-11-10 18:38:37,102 : INFO : ConfigProcessor : Loading config: E:\MPF\wows\wows\config\primary/config_virtual_hardware.yaml
2024-11-10 18:38:37,512 : INFO : ConfigProcessor : Loading config: E:\MPF\wows\wows\config\support/config_support_mode_end.yaml
2024-11-10 18:38:37,554 : INFO : ConfigProcessor : Loading config: E:\MPF\wows\wows\config\support/config_support_hc.yaml
2024-11-10 18:38:37,566 : INFO : ConfigProcessor : Loading config: E:\MPF\wows\wows\config\support/config_support_capture.yaml
2024-11-10 18:38:37,587 : INFO : ConfigProcessor : Loading config: E:\MPF\wows\wows\config\support/config_support_commander.yaml
2024-11-10 18:38:37,650 : INFO : ConfigProcessor : Loading config: E:\MPF\wows\wows\config\support/config_support_dmg_con.yaml
2024-11-10 18:38:37,705 : INFO : ConfigProcessor : Loading config: E:\MPF\wows\wows\config\support/config_support_status_report.yaml
2024-11-10 18:38:37,722 : INFO : ConfigProcessor : Config file cache created: C:\Users\dell\AppData\Local\Temp\823390186140f561069e51d67517f5d0.mpf_cache
2024-11-10 18:38:37,816 : WARNING : ConfigProcessor : Cache file not found: C:\Users\dell\AppData\Local\Temp\59a64183768b31a5bf2b8a1c5fa05afc.mpf_cache
2024-11-10 18:38:37,816 : INFO : ConfigProcessor : Loading config from file c:\users\dell\appdata\local\programs\python\python36\lib\site-packages\mpf\modes\attract\config\attract.yaml.
2024-11-10 18:38:37,822 : INFO : ConfigProcessor : Loading config: c:\users\dell\appdata\local\programs\python\python36\lib\site-packages\mpf\modes\attract\config\attract.yaml
2024-11-10 18:38:37,822 : INFO : ConfigProcessor : Loading config from file E:\MPF\wows\wows\modes\attract\config\attract.yaml.
2024-11-10 18:38:37,829 : INFO : ConfigProcessor : Loading config: E:\MPF\wows\wows\modes\attract\config\attract.yaml
2024-11-10 18:38:37,829 : INFO : ConfigProcessor : Config file cache created: C:\Users\dell\AppData\Local\Temp\59a64183768b31a5bf2b8a1c5fa05afc.mpf_cache
2024-11-10 18:38:37,830 : WARNING : ConfigProcessor : Cache file not found: C:\Users\dell\AppData\Local\Temp\e4aaedaa0a5d6d283bdf8896bd678b71.mpf_cache
2024-11-10 18:38:37,830 : INFO : ConfigProcessor : Loading config from file c:\users\dell\appdata\local\programs\python\python36\lib\site-packages\mpf\modes\game\config\game.yaml.
2024-11-10 18:38:37,836 : INFO : ConfigProcessor : Loading config: c:\users\dell\appdata\local\programs\python\python36\lib\site-packages\mpf\modes\game\config\game.yaml
2024-11-10 18:38:37,836 : INFO : ConfigProcessor : Loading config from file E:\MPF\wows\wows\modes\game\config\game.yaml.
2024-11-10 18:38:37,919 : INFO : ConfigProcessor : Loading config: E:\MPF\wows\wows\modes\game\config\game.yaml
2024-11-10 18:38:37,920 : INFO : ConfigProcessor : Config file cache created: C:\Users\dell\AppData\Local\Temp\e4aaedaa0a5d6d283bdf8896bd678b71.mpf_cache
2024-11-10 18:38:37,920 : INFO : ConfigProcessor : Loading config from cache: C:\Users\dell\AppData\Local\Temp\59a64183768b31a5bf2b8a1c5fa05afc.mpf_cache
2024-11-10 18:38:37,925 : WARNING : ConfigProcessor : Cache file not found: C:\Users\dell\AppData\Local\Temp\d05889abdb32f5a85db64ac2e197f4ff.mpf_cache
2024-11-10 18:38:37,925 : INFO : ConfigProcessor : Loading config from file c:\users\dell\appdata\local\programs\python\python36\lib\site-packages\mpf\modes\high_score\config\high_score.yaml.
2024-11-10 18:38:37,942 : INFO : ConfigProcessor : Loading config: c:\users\dell\appdata\local\programs\python\python36\lib\site-packages\mpf\modes\high_score\config\high_score.yaml
2024-11-10 18:38:37,943 : INFO : ConfigProcessor : Loading config from file E:\MPF\wows\wows\modes\high_score\config\high_score.yaml.
2024-11-10 18:38:37,986 : INFO : ConfigProcessor : Loading config: E:\MPF\wows\wows\modes\high_score\config\high_score.yaml
2024-11-10 18:38:37,986 : INFO : ConfigProcessor : Config file cache created: C:\Users\dell\AppData\Local\Temp\d05889abdb32f5a85db64ac2e197f4ff.mpf_cache
2024-11-10 18:38:37,987 : WARNING : ConfigProcessor : Cache file not found: C:\Users\dell\AppData\Local\Temp\434c2e3a52e1507818428e1c584a9ae0.mpf_cache
2024-11-10 18:38:37,987 : INFO : ConfigProcessor : Loading config from file c:\users\dell\appdata\local\programs\python\python36\lib\site-packages\mpf\modes\match\config\match.yaml.
2024-11-10 18:38:37,993 : INFO : ConfigProcessor : Loading config: c:\users\dell\appdata\local\programs\python\python36\lib\site-packages\mpf\modes\match\config\match.yaml
2024-11-10 18:38:37,993 : INFO : ConfigProcessor : Loading config from file E:\MPF\wows\wows\modes\match\config\match.yaml.
2024-11-10 18:38:38,041 : INFO : ConfigProcessor : Loading config: E:\MPF\wows\wows\modes\match\config\match.yaml
2024-11-10 18:38:38,042 : INFO : ConfigProcessor : Config file cache created: C:\Users\dell\AppData\Local\Temp\434c2e3a52e1507818428e1c584a9ae0.mpf_cache
2024-11-10 18:38:38,042 : WARNING : ConfigProcessor : Cache file not found: C:\Users\dell\AppData\Local\Temp\c96ee90647ae5b034e2dd42c348c42ad.mpf_cache
2024-11-10 18:38:38,042 : INFO : ConfigProcessor : Loading config from file E:\MPF\wows\wows\modes\main_play\config\main_play.yaml.
2024-11-10 18:38:38,156 : INFO : ConfigProcessor : Loading config: E:\MPF\wows\wows\modes\main_play\config\main_play.yaml
2024-11-10 18:38:38,157 : INFO : ConfigProcessor : Config file cache created: C:\Users\dell\AppData\Local\Temp\c96ee90647ae5b034e2dd42c348c42ad.mpf_cache
2024-11-10 18:38:38,158 : WARNING : ConfigProcessor : Cache file not found: C:\Users\dell\AppData\Local\Temp\ca0415bb38fd20ce1ae72b2592ece46e.mpf_cache
2024-11-10 18:38:38,158 : INFO : ConfigProcessor : Loading config from file E:\MPF\wows\wows\modes\value_reset\config\value_reset.yaml.
2024-11-10 18:38:38,282 : INFO : ConfigProcessor : Loading config: E:\MPF\wows\wows\modes\value_reset\config\value_reset.yaml
2024-11-10 18:38:38,282 : INFO : ConfigProcessor : Config file cache created: C:\Users\dell\AppData\Local\Temp\ca0415bb38fd20ce1ae72b2592ece46e.mpf_cache
2024-11-10 18:38:38,283 : WARNING : ConfigProcessor : Cache file not found: C:\Users\dell\AppData\Local\Temp\72e9fea1cb562e40024eb5e8538ccaf2.mpf_cache
2024-11-10 18:38:38,283 : INFO : ConfigProcessor : Loading config from file E:\MPF\wows\wows\modes\mode_lit\config\mode_lit.yaml.
2024-11-10 18:38:38,327 : INFO : ConfigProcessor : Loading config: E:\MPF\wows\wows\modes\mode_lit\config\mode_lit.yaml
2024-11-10 18:38:38,328 : INFO : ConfigProcessor : Config file cache created: C:\Users\dell\AppData\Local\Temp\72e9fea1cb562e40024eb5e8538ccaf2.mpf_cache
2024-11-10 18:38:38,329 : WARNING : ConfigProcessor : Cache file not found: C:\Users\dell\AppData\Local\Temp\c22c03646c3330fed25ec0d2c1900176.mpf_cache
2024-11-10 18:38:38,329 : INFO : ConfigProcessor : Loading config from file E:\MPF\wows\wows\modes\capture\config\capture.yaml.
2024-11-10 18:38:38,446 : INFO : ConfigProcessor : Loading config: E:\MPF\wows\wows\modes\capture\config\capture.yaml
2024-11-10 18:38:38,448 : INFO : ConfigProcessor : Config file cache created: C:\Users\dell\AppData\Local\Temp\c22c03646c3330fed25ec0d2c1900176.mpf_cache
2024-11-10 18:38:38,448 : WARNING : ConfigProcessor : Cache file not found: C:\Users\dell\AppData\Local\Temp\4f40b51a2a6ab6b3327b174347355c6f.mpf_cache
2024-11-10 18:38:38,448 : INFO : ConfigProcessor : Loading config from file E:\MPF\wows\wows\modes\capture_hurryup\config\capture_hurryup.yaml.
2024-11-10 18:38:38,522 : INFO : ConfigProcessor : Loading config: E:\MPF\wows\wows\modes\capture_hurryup\config\capture_hurryup.yaml
2024-11-10 18:38:38,523 : INFO : ConfigProcessor : Config file cache created: C:\Users\dell\AppData\Local\Temp\4f40b51a2a6ab6b3327b174347355c6f.mpf_cache
2024-11-10 18:38:38,524 : WARNING : ConfigProcessor : Cache file not found: C:\Users\dell\AppData\Local\Temp\39fabcdae38f081491893b3f9bf3922e.mpf_cache
2024-11-10 18:38:38,524 : INFO : ConfigProcessor : Loading config from file E:\MPF\wows\wows\modes\capture_award\config\capture_award.yaml.
2024-11-10 18:38:38,579 : INFO : ConfigProcessor : Loading config: E:\MPF\wows\wows\modes\capture_award\config\capture_award.yaml
2024-11-10 18:38:38,580 : INFO : ConfigProcessor : Config file cache created: C:\Users\dell\AppData\Local\Temp\39fabcdae38f081491893b3f9bf3922e.mpf_cache
2024-11-10 18:38:38,581 : WARNING : ConfigProcessor : Cache file not found: C:\Users\dell\AppData\Local\Temp\943ecf72a5798e3efec3d4f70c6ce1d2.mpf_cache
2024-11-10 18:38:38,581 : INFO : ConfigProcessor : Loading config from file E:\MPF\wows\wows\modes\commander_skill\config\commander_skill.yaml.
2024-11-10 18:38:38,874 : INFO : ConfigProcessor : Loading config: E:\MPF\wows\wows\modes\commander_skill\config\commander_skill.yaml
2024-11-10 18:38:38,877 : INFO : ConfigProcessor : Config file cache created: C:\Users\dell\AppData\Local\Temp\943ecf72a5798e3efec3d4f70c6ce1d2.mpf_cache
2024-11-10 18:38:38,877 : WARNING : ConfigProcessor : Cache file not found: C:\Users\dell\AppData\Local\Temp\04d9c03061fa17a1f6b23081f79db9ab.mpf_cache
2024-11-10 18:38:38,877 : INFO : ConfigProcessor : Loading config from file E:\MPF\wows\wows\modes\commander_skill_manager\config\commander_skill_manager.yaml.
2024-11-10 18:38:39,027 : INFO : ConfigProcessor : Loading config: E:\MPF\wows\wows\modes\commander_skill_manager\config\commander_skill_manager.yaml
2024-11-10 18:38:39,029 : INFO : ConfigProcessor : Config file cache created: C:\Users\dell\AppData\Local\Temp\04d9c03061fa17a1f6b23081f79db9ab.mpf_cache
2024-11-10 18:38:39,030 : WARNING : ConfigProcessor : Cache file not found: C:\Users\dell\AppData\Local\Temp\1ff29be1d22fb14fe5fd1c82a6918df4.mpf_cache
2024-11-10 18:38:39,030 : INFO : ConfigProcessor : Loading config from file E:\MPF\wows\wows\modes\mode_1\config\mode_1.yaml.
2024-11-10 18:38:39,056 : INFO : ConfigProcessor : Loading config: E:\MPF\wows\wows\modes\mode_1\config\mode_1.yaml
2024-11-10 18:38:39,056 : INFO : ConfigProcessor : Config file cache created: C:\Users\dell\AppData\Local\Temp\1ff29be1d22fb14fe5fd1c82a6918df4.mpf_cache
2024-11-10 18:38:39,057 : WARNING : ConfigProcessor : Cache file not found: C:\Users\dell\AppData\Local\Temp\f0ffd5ecaddfe34035bf3b1779215a88.mpf_cache
2024-11-10 18:38:39,057 : INFO : ConfigProcessor : Loading config from file E:\MPF\wows\wows\modes\mode_2\config\mode_2.yaml.
2024-11-10 18:38:39,172 : INFO : ConfigProcessor : Loading config: E:\MPF\wows\wows\modes\mode_2\config\mode_2.yaml
2024-11-10 18:38:39,173 : INFO : ConfigProcessor : Config file cache created: C:\Users\dell\AppData\Local\Temp\f0ffd5ecaddfe34035bf3b1779215a88.mpf_cache
2024-11-10 18:38:39,174 : WARNING : ConfigProcessor : Cache file not found: C:\Users\dell\AppData\Local\Temp\b0de444617e3bf30a07f755a6d4831cc.mpf_cache
2024-11-10 18:38:39,174 : INFO : ConfigProcessor : Loading config from file E:\MPF\wows\wows\modes\mode_3\config\mode_3.yaml.
2024-11-10 18:38:39,196 : INFO : ConfigProcessor : Loading config: E:\MPF\wows\wows\modes\mode_3\config\mode_3.yaml
2024-11-10 18:38:39,197 : INFO : ConfigProcessor : Config file cache created: C:\Users\dell\AppData\Local\Temp\b0de444617e3bf30a07f755a6d4831cc.mpf_cache
2024-11-10 18:38:39,198 : WARNING : ConfigProcessor : Cache file not found: C:\Users\dell\AppData\Local\Temp\200a9b2dddbe7706ffb4c4426b6d54a8.mpf_cache
2024-11-10 18:38:39,198 : INFO : ConfigProcessor : Loading config from file E:\MPF\wows\wows\modes\mode_4\config\mode_4.yaml.
2024-11-10 18:38:39,225 : INFO : ConfigProcessor : Loading config: E:\MPF\wows\wows\modes\mode_4\config\mode_4.yaml
2024-11-10 18:38:39,226 : INFO : ConfigProcessor : Config file cache created: C:\Users\dell\AppData\Local\Temp\200a9b2dddbe7706ffb4c4426b6d54a8.mpf_cache
2024-11-10 18:38:39,226 : WARNING : ConfigProcessor : Cache file not found: C:\Users\dell\AppData\Local\Temp\5ab98d4be1e8de85bea62364890eb2e9.mpf_cache
2024-11-10 18:38:39,226 : INFO : ConfigProcessor : Loading config from file E:\MPF\wows\wows\modes\mode_5\config\mode_5.yaml.
2024-11-10 18:38:39,248 : INFO : ConfigProcessor : Loading config: E:\MPF\wows\wows\modes\mode_5\config\mode_5.yaml
2024-11-10 18:38:39,249 : INFO : ConfigProcessor : Config file cache created: C:\Users\dell\AppData\Local\Temp\5ab98d4be1e8de85bea62364890eb2e9.mpf_cache
2024-11-10 18:38:39,250 : WARNING : ConfigProcessor : Cache file not found: C:\Users\dell\AppData\Local\Temp\4303dca7489148da2d256fc831cf8c96.mpf_cache
2024-11-10 18:38:39,250 : INFO : ConfigProcessor : Loading config from file E:\MPF\wows\wows\modes\mode_6\config\mode_6.yaml.
2024-11-10 18:38:39,270 : INFO : ConfigProcessor : Loading config: E:\MPF\wows\wows\modes\mode_6\config\mode_6.yaml
2024-11-10 18:38:39,272 : INFO : ConfigProcessor : Config file cache created: C:\Users\dell\AppData\Local\Temp\4303dca7489148da2d256fc831cf8c96.mpf_cache
2024-11-10 18:38:39,272 : WARNING : ConfigProcessor : Cache file not found: C:\Users\dell\AppData\Local\Temp\e8fceecd8f65a6a7269e98c7961bbf6a.mpf_cache
2024-11-10 18:38:39,272 : INFO : ConfigProcessor : Loading config from file E:\MPF\wows\wows\modes\mode_7\config\mode_7.yaml.
2024-11-10 18:38:39,318 : INFO : ConfigProcessor : Loading config: E:\MPF\wows\wows\modes\mode_7\config\mode_7.yaml
2024-11-10 18:38:39,319 : INFO : ConfigProcessor : Config file cache created: C:\Users\dell\AppData\Local\Temp\e8fceecd8f65a6a7269e98c7961bbf6a.mpf_cache
2024-11-10 18:38:39,331 : WARNING : ConfigProcessor : Cache file not found: C:\Users\dell\AppData\Local\Temp\c84d6d08bf6f923cbcccfeeea02d2c8a.mpf_cache
2024-11-10 18:38:39,331 : INFO : ConfigProcessor : Loading config from file E:\MPF\wows\wows\modes\mode_8\config\mode_8.yaml.
2024-11-10 18:38:39,344 : INFO : ConfigProcessor : Loading config: E:\MPF\wows\wows\modes\mode_8\config\mode_8.yaml
2024-11-10 18:38:39,345 : INFO : ConfigProcessor : Config file cache created: C:\Users\dell\AppData\Local\Temp\c84d6d08bf6f923cbcccfeeea02d2c8a.mpf_cache
2024-11-10 18:38:39,345 : WARNING : ConfigProcessor : Cache file not found: C:\Users\dell\AppData\Local\Temp\159a0b7ffc6de2ed1a8cdcd57b7df3c0.mpf_cache
2024-11-10 18:38:39,345 : INFO : ConfigProcessor : Loading config from file E:\MPF\wows\wows\modes\mode_9\config\mode_9.yaml.
2024-11-10 18:38:39,374 : INFO : ConfigProcessor : Loading config: E:\MPF\wows\wows\modes\mode_9\config\mode_9.yaml
2024-11-10 18:38:39,375 : INFO : ConfigProcessor : Config file cache created: C:\Users\dell\AppData\Local\Temp\159a0b7ffc6de2ed1a8cdcd57b7df3c0.mpf_cache
2024-11-10 18:38:39,375 : WARNING : ConfigProcessor : Cache file not found: C:\Users\dell\AppData\Local\Temp\dd71d04ba3f4dce8325f2504de3de352.mpf_cache
2024-11-10 18:38:39,375 : INFO : ConfigProcessor : Loading config from file E:\MPF\wows\wows\modes\dmg_con_party\config\dmg_con_party.yaml.
2024-11-10 18:38:39,492 : INFO : ConfigProcessor : Loading config: E:\MPF\wows\wows\modes\dmg_con_party\config\dmg_con_party.yaml
2024-11-10 18:38:39,493 : INFO : ConfigProcessor : Config file cache created: C:\Users\dell\AppData\Local\Temp\dd71d04ba3f4dce8325f2504de3de352.mpf_cache
2024-11-10 18:38:39,506 : WARNING : ConfigProcessor : Cache file not found: C:\Users\dell\AppData\Local\Temp\47da5935da57327449007069e0d0551c.mpf_cache
2024-11-10 18:38:39,506 : INFO : ConfigProcessor : Loading config from file E:\MPF\wows\wows\modes\mode_wizard\config\mode_wizard.yaml.
2024-11-10 18:38:39,689 : INFO : ConfigProcessor : Loading config: E:\MPF\wows\wows\modes\mode_wizard\config\mode_wizard.yaml
2024-11-10 18:38:39,691 : INFO : ConfigProcessor : Config file cache created: C:\Users\dell\AppData\Local\Temp\47da5935da57327449007069e0d0551c.mpf_cache
2024-11-10 18:38:39,691 : WARNING : ConfigProcessor : Cache file not found: C:\Users\dell\AppData\Local\Temp\b1234e2c44a33609dc2af4760c4a3f89.mpf_cache
2024-11-10 18:38:39,691 : INFO : ConfigProcessor : Loading config from file E:\MPF\wows\wows\modes\mode_manager\config\mode_manager.yaml.
2024-11-10 18:38:39,951 : INFO : ConfigProcessor : Loading config: E:\MPF\wows\wows\modes\mode_manager\config\mode_manager.yaml
2024-11-10 18:38:39,953 : INFO : ConfigProcessor : Config file cache created: C:\Users\dell\AppData\Local\Temp\b1234e2c44a33609dc2af4760c4a3f89.mpf_cache
2024-11-10 18:38:39,954 : WARNING : ConfigProcessor : Cache file not found: C:\Users\dell\AppData\Local\Temp\7ab9985e2a62b75a325504808417b1e7.mpf_cache
2024-11-10 18:38:39,954 : INFO : ConfigProcessor : Loading config from file E:\MPF\wows\wows\modes\mode_timer\config\mode_timer.yaml.
2024-11-10 18:38:39,996 : INFO : ConfigProcessor : Loading config: E:\MPF\wows\wows\modes\mode_timer\config\mode_timer.yaml
2024-11-10 18:38:39,997 : INFO : ConfigProcessor : Config file cache created: C:\Users\dell\AppData\Local\Temp\7ab9985e2a62b75a325504808417b1e7.mpf_cache
2024-11-10 18:38:39,998 : WARNING : ConfigProcessor : Cache file not found: C:\Users\dell\AppData\Local\Temp\466eddfec572894d9eb472ce07aa5fba.mpf_cache
2024-11-10 18:38:39,998 : INFO : ConfigProcessor : Loading config from file E:\MPF\wows\wows\modes\container\config\container.yaml.
2024-11-10 18:38:40,034 : INFO : ConfigProcessor : Loading config: E:\MPF\wows\wows\modes\container\config\container.yaml
2024-11-10 18:38:40,034 : INFO : ConfigProcessor : Config file cache created: C:\Users\dell\AppData\Local\Temp\466eddfec572894d9eb472ce07aa5fba.mpf_cache
2024-11-10 18:38:40,035 : WARNING : ConfigProcessor : Cache file not found: C:\Users\dell\AppData\Local\Temp\93429a2a8e0859f6546b68f40c2a4656.mpf_cache
2024-11-10 18:38:40,035 : INFO : ConfigProcessor : Loading config from file E:\MPF\wows\wows\modes\salvo_lit\config\salvo_lit.yaml.
2024-11-10 18:38:40,052 : INFO : ConfigProcessor : Loading config: E:\MPF\wows\wows\modes\salvo_lit\config\salvo_lit.yaml
2024-11-10 18:38:40,052 : INFO : ConfigProcessor : Config file cache created: C:\Users\dell\AppData\Local\Temp\93429a2a8e0859f6546b68f40c2a4656.mpf_cache
2024-11-10 18:38:40,052 : WARNING : ConfigProcessor : Cache file not found: C:\Users\dell\AppData\Local\Temp\95ae88fb094583fa2b4097c6df179650.mpf_cache
2024-11-10 18:38:40,052 : INFO : ConfigProcessor : Loading config from file E:\MPF\wows\wows\modes\hc_lock_lit\config\hc_lock_lit.yaml.
2024-11-10 18:38:40,076 : INFO : ConfigProcessor : Loading config: E:\MPF\wows\wows\modes\hc_lock_lit\config\hc_lock_lit.yaml
2024-11-10 18:38:40,076 : INFO : ConfigProcessor : Config file cache created: C:\Users\dell\AppData\Local\Temp\95ae88fb094583fa2b4097c6df179650.mpf_cache
2024-11-10 18:38:40,076 : WARNING : ConfigProcessor : Cache file not found: C:\Users\dell\AppData\Local\Temp\de2d3fc178b15ce3807fa4ab35b9c965.mpf_cache
2024-11-10 18:38:40,077 : INFO : ConfigProcessor : Loading config from file E:\MPF\wows\wows\modes\hc_multiball\config\hc_multiball.yaml.
2024-11-10 18:38:40,310 : INFO : ConfigProcessor : Loading config: E:\MPF\wows\wows\modes\hc_multiball\config\hc_multiball.yaml
2024-11-10 18:38:40,313 : INFO : ConfigProcessor : Config file cache created: C:\Users\dell\AppData\Local\Temp\de2d3fc178b15ce3807fa4ab35b9c965.mpf_cache
2024-11-10 18:38:40,313 : WARNING : ConfigProcessor : Cache file not found: C:\Users\dell\AppData\Local\Temp\0c80ca2179989d09b86c78c19ec87d9b.mpf_cache
2024-11-10 18:38:40,313 : INFO : ConfigProcessor : Loading config from file E:\MPF\wows\wows\modes\hc_multiball_super\config\hc_multiball_super.yaml.
2024-11-10 18:38:40,465 : INFO : ConfigProcessor : Loading config: E:\MPF\wows\wows\modes\hc_multiball_super\config\hc_multiball_super.yaml
2024-11-10 18:38:40,467 : INFO : ConfigProcessor : Config file cache created: C:\Users\dell\AppData\Local\Temp\0c80ca2179989d09b86c78c19ec87d9b.mpf_cache
2024-11-10 18:38:40,467 : WARNING : ConfigProcessor : Cache file not found: C:\Users\dell\AppData\Local\Temp\95e265efe14e4eb05d8d5c5689c9ae6b.mpf_cache
2024-11-10 18:38:40,468 : INFO : ConfigProcessor : Loading config from file E:\MPF\wows\wows\modes\confederate\config\confederate.yaml.
2024-11-10 18:38:40,553 : INFO : ConfigProcessor : Loading config: E:\MPF\wows\wows\modes\confederate\config\confederate.yaml
2024-11-10 18:38:40,554 : INFO : ConfigProcessor : Config file cache created: C:\Users\dell\AppData\Local\Temp\95e265efe14e4eb05d8d5c5689c9ae6b.mpf_cache
2024-11-10 18:38:40,554 : WARNING : ConfigProcessor : Cache file not found: C:\Users\dell\AppData\Local\Temp\ba047bbdc168fca96d58d351c4240916.mpf_cache
2024-11-10 18:38:40,555 : INFO : ConfigProcessor : Loading config from file E:\MPF\wows\wows\modes\battle\config\battle.yaml.
2024-11-10 18:38:40,632 : INFO : ConfigProcessor : Loading config: E:\MPF\wows\wows\modes\battle\config\battle.yaml
2024-11-10 18:38:40,633 : INFO : ConfigProcessor : Config file cache created: C:\Users\dell\AppData\Local\Temp\ba047bbdc168fca96d58d351c4240916.mpf_cache
2024-11-10 18:38:40,634 : WARNING : ConfigProcessor : Cache file not found: C:\Users\dell\AppData\Local\Temp\7c1900736275ba8a713cfe77e991e929.mpf_cache
2024-11-10 18:38:40,634 : INFO : ConfigProcessor : Loading config from file E:\MPF\wows\wows\modes\battle_manager\config\battle_manager.yaml.
2024-11-10 18:38:40,658 : INFO : ConfigProcessor : Loading config: E:\MPF\wows\wows\modes\battle_manager\config\battle_manager.yaml
2024-11-10 18:38:40,659 : INFO : ConfigProcessor : Config file cache created: C:\Users\dell\AppData\Local\Temp\7c1900736275ba8a713cfe77e991e929.mpf_cache
2024-11-10 18:38:40,659 : WARNING : ConfigProcessor : Cache file not found: C:\Users\dell\AppData\Local\Temp\db3d1ab92e5d5c563b40d82372434517.mpf_cache
2024-11-10 18:38:40,659 : INFO : ConfigProcessor : Loading config from file E:\MPF\wows\wows\modes\detonation\config\detonation.yaml.
2024-11-10 18:38:40,676 : INFO : ConfigProcessor : Loading config: E:\MPF\wows\wows\modes\detonation\config\detonation.yaml
2024-11-10 18:38:40,677 : INFO : ConfigProcessor : Config file cache created: C:\Users\dell\AppData\Local\Temp\db3d1ab92e5d5c563b40d82372434517.mpf_cache
2024-11-10 18:38:40,677 : WARNING : ConfigProcessor : Cache file not found: C:\Users\dell\AppData\Local\Temp\78980531363184480bbd7075661ced33.mpf_cache
2024-11-10 18:38:40,677 : INFO : ConfigProcessor : Loading config from file E:\MPF\wows\wows\modes\drednaught\config\drednaught.yaml.
2024-11-10 18:38:40,705 : INFO : ConfigProcessor : Loading config: E:\MPF\wows\wows\modes\drednaught\config\drednaught.yaml
2024-11-10 18:38:40,706 : INFO : ConfigProcessor : Config file cache created: C:\Users\dell\AppData\Local\Temp\78980531363184480bbd7075661ced33.mpf_cache
2024-11-10 18:38:40,706 : WARNING : ConfigProcessor : Cache file not found: C:\Users\dell\AppData\Local\Temp\efcf079e5af2b94e88dae4e07273acc8.mpf_cache
2024-11-10 18:38:40,706 : INFO : ConfigProcessor : Loading config from file E:\MPF\wows\wows\modes\port_hole_manager\config\port_hole_manager.yaml.
2024-11-10 18:38:40,719 : INFO : ConfigProcessor : Loading config: E:\MPF\wows\wows\modes\port_hole_manager\config\port_hole_manager.yaml
2024-11-10 18:38:40,720 : INFO : ConfigProcessor : Config file cache created: C:\Users\dell\AppData\Local\Temp\efcf079e5af2b94e88dae4e07273acc8.mpf_cache
2024-11-10 18:38:40,720 : WARNING : ConfigProcessor : Cache file not found: C:\Users\dell\AppData\Local\Temp\44231afd4be159e8c99041e8eb88670e.mpf_cache
2024-11-10 18:38:40,720 : INFO : ConfigProcessor : Loading config from file E:\MPF\wows\wows\modes\bomb\config\bomb.yaml.
2024-11-10 18:38:40,770 : INFO : ConfigProcessor : Loading config: E:\MPF\wows\wows\modes\bomb\config\bomb.yaml
2024-11-10 18:38:40,771 : INFO : ConfigProcessor : Config file cache created: C:\Users\dell\AppData\Local\Temp\44231afd4be159e8c99041e8eb88670e.mpf_cache
2024-11-10 18:38:40,772 : WARNING : ConfigProcessor : Cache file not found: C:\Users\dell\AppData\Local\Temp\2b5357265150b67996b1d26df60329cf.mpf_cache
2024-11-10 18:38:40,772 : INFO : ConfigProcessor : Loading config from file E:\MPF\wows\wows\modes\aircraft_carrier\config\aircraft_carrier.yaml.
2024-11-10 18:38:40,925 : INFO : ConfigProcessor : Loading config: E:\MPF\wows\wows\modes\aircraft_carrier\config\aircraft_carrier.yaml
2024-11-10 18:38:40,927 : INFO : ConfigProcessor : Config file cache created: C:\Users\dell\AppData\Local\Temp\2b5357265150b67996b1d26df60329cf.mpf_cache
2024-11-10 18:38:40,928 : WARNING : ConfigProcessor : Cache file not found: C:\Users\dell\AppData\Local\Temp\6d62665f0d27f04673542af594d4fd9b.mpf_cache
2024-11-10 18:38:40,928 : INFO : ConfigProcessor : Loading config from file E:\MPF\wows\wows\shows\.\mode_countdown.yaml.
2024-11-10 18:38:40,935 : INFO : ConfigProcessor : Loading config: E:\MPF\wows\wows\shows\.\mode_countdown.yaml
2024-11-10 18:38:40,935 : INFO : ConfigProcessor : Config file cache created: C:\Users\dell\AppData\Local\Temp\6d62665f0d27f04673542af594d4fd9b.mpf_cache
2024-11-10 18:38:40,936 : WARNING : ConfigProcessor : Cache file not found: C:\Users\dell\AppData\Local\Temp\3748cd4146dd8769dc8203d243b40460.mpf_cache
2024-11-10 18:38:40,936 : INFO : ConfigProcessor : Loading config from file E:\MPF\wows\wows\shows\.\sh_aircraft_carrier_background.yaml.
2024-11-10 18:38:40,944 : INFO : ConfigProcessor : Loading config: E:\MPF\wows\wows\shows\.\sh_aircraft_carrier_background.yaml
2024-11-10 18:38:40,944 : INFO : ConfigProcessor : Config file cache created: C:\Users\dell\AppData\Local\Temp\3748cd4146dd8769dc8203d243b40460.mpf_cache
2024-11-10 18:38:40,945 : WARNING : ConfigProcessor : Cache file not found: C:\Users\dell\AppData\Local\Temp\17743d86d766158b74063aba6bc1c32c.mpf_cache
2024-11-10 18:38:40,945 : INFO : ConfigProcessor : Loading config from file E:\MPF\wows\wows\shows\.\sh_aircraft_carrier_plane_crash_1.yaml.
2024-11-10 18:38:40,953 : INFO : ConfigProcessor : Loading config: E:\MPF\wows\wows\shows\.\sh_aircraft_carrier_plane_crash_1.yaml
2024-11-10 18:38:40,953 : INFO : ConfigProcessor : Config file cache created: C:\Users\dell\AppData\Local\Temp\17743d86d766158b74063aba6bc1c32c.mpf_cache
2024-11-10 18:38:40,954 : WARNING : ConfigProcessor : Cache file not found: C:\Users\dell\AppData\Local\Temp\f880dfaba64907cc1c8d35fe4f9ee098.mpf_cache
2024-11-10 18:38:40,954 : INFO : ConfigProcessor : Loading config from file E:\MPF\wows\wows\shows\.\sh_aircraft_carrier_plane_crash_2.yaml.
2024-11-10 18:38:40,962 : INFO : ConfigProcessor : Loading config: E:\MPF\wows\wows\shows\.\sh_aircraft_carrier_plane_crash_2.yaml
2024-11-10 18:38:40,962 : INFO : ConfigProcessor : Config file cache created: C:\Users\dell\AppData\Local\Temp\f880dfaba64907cc1c8d35fe4f9ee098.mpf_cache
2024-11-10 18:38:40,963 : WARNING : ConfigProcessor : Cache file not found: C:\Users\dell\AppData\Local\Temp\b3315542fefac86d8251965e4eddcee0.mpf_cache
2024-11-10 18:38:40,963 : INFO : ConfigProcessor : Loading config from file E:\MPF\wows\wows\shows\.\sh_aircraft_carrier_plane_crash_3.yaml.
2024-11-10 18:38:40,971 : INFO : ConfigProcessor : Loading config: E:\MPF\wows\wows\shows\.\sh_aircraft_carrier_plane_crash_3.yaml
2024-11-10 18:38:40,972 : INFO : ConfigProcessor : Config file cache created: C:\Users\dell\AppData\Local\Temp\b3315542fefac86d8251965e4eddcee0.mpf_cache
2024-11-10 18:38:40,972 : WARNING : ConfigProcessor : Cache file not found: C:\Users\dell\AppData\Local\Temp\c87ce6071caf9b8e671d40e32f84144f.mpf_cache
2024-11-10 18:38:40,972 : INFO : ConfigProcessor : Loading config from file E:\MPF\wows\wows\shows\.\sh_aircraft_carrier_plane_crash_4.yaml.
2024-11-10 18:38:40,980 : INFO : ConfigProcessor : Loading config: E:\MPF\wows\wows\shows\.\sh_aircraft_carrier_plane_crash_4.yaml
2024-11-10 18:38:40,980 : INFO : ConfigProcessor : Config file cache created: C:\Users\dell\AppData\Local\Temp\c87ce6071caf9b8e671d40e32f84144f.mpf_cache
2024-11-10 18:38:40,980 : WARNING : ConfigProcessor : Cache file not found: C:\Users\dell\AppData\Local\Temp\2896a43e0d61e3501c9963d4b59c6ee0.mpf_cache
2024-11-10 18:38:40,980 : INFO : ConfigProcessor : Loading config from file E:\MPF\wows\wows\shows\.\sh_aircraft_carrier_torpedo_drop.yaml.
2024-11-10 18:38:40,998 : INFO : ConfigProcessor : Loading config: E:\MPF\wows\wows\shows\.\sh_aircraft_carrier_torpedo_drop.yaml
2024-11-10 18:38:40,998 : INFO : ConfigProcessor : Config file cache created: C:\Users\dell\AppData\Local\Temp\2896a43e0d61e3501c9963d4b59c6ee0.mpf_cache
2024-11-10 18:38:40,999 : WARNING : ConfigProcessor : Cache file not found: C:\Users\dell\AppData\Local\Temp\ff8f94bde3fa94916ad1b7409fed77bd.mpf_cache
2024-11-10 18:38:40,999 : INFO : ConfigProcessor : Loading config from file E:\MPF\wows\wows\shows\.\sh_attract.yaml.
2024-11-10 18:38:41,374 : INFO : ConfigProcessor : Loading config: E:\MPF\wows\wows\shows\.\sh_attract.yaml
2024-11-10 18:38:41,375 : INFO : ConfigProcessor : Config file cache created: C:\Users\dell\AppData\Local\Temp\ff8f94bde3fa94916ad1b7409fed77bd.mpf_cache
2024-11-10 18:38:41,375 : WARNING : ConfigProcessor : Cache file not found: C:\Users\dell\AppData\Local\Temp\053da04979f77c811527e2c0f3ca94fb.mpf_cache
2024-11-10 18:38:41,376 : INFO : ConfigProcessor : Loading config from file E:\MPF\wows\wows\shows\.\sh_bomb_advance.yaml.
2024-11-10 18:38:41,384 : INFO : ConfigProcessor : Loading config: E:\MPF\wows\wows\shows\.\sh_bomb_advance.yaml
2024-11-10 18:38:41,384 : INFO : ConfigProcessor : Config file cache created: C:\Users\dell\AppData\Local\Temp\053da04979f77c811527e2c0f3ca94fb.mpf_cache
2024-11-10 18:38:41,384 : WARNING : ConfigProcessor : Cache file not found: C:\Users\dell\AppData\Local\Temp\76437d1e292ff239f4f9dc05fbdd5cdf.mpf_cache
2024-11-10 18:38:41,384 : INFO : ConfigProcessor : Loading config from file E:\MPF\wows\wows\shows\.\sh_bomb_advance_animation_1.yaml.
2024-11-10 18:38:41,390 : INFO : ConfigProcessor : Loading config: E:\MPF\wows\wows\shows\.\sh_bomb_advance_animation_1.yaml
2024-11-10 18:38:41,390 : INFO : ConfigProcessor : Config file cache created: C:\Users\dell\AppData\Local\Temp\76437d1e292ff239f4f9dc05fbdd5cdf.mpf_cache
2024-11-10 18:38:41,390 : WARNING : ConfigProcessor : Cache file not found: C:\Users\dell\AppData\Local\Temp\a103f9965307e92153b3826866cd7d56.mpf_cache
2024-11-10 18:38:41,390 : INFO : ConfigProcessor : Loading config from file E:\MPF\wows\wows\shows\.\sh_bomb_advance_animation_2.yaml.
2024-11-10 18:38:41,395 : INFO : ConfigProcessor : Loading config: E:\MPF\wows\wows\shows\.\sh_bomb_advance_animation_2.yaml
2024-11-10 18:38:41,396 : INFO : ConfigProcessor : Config file cache created: C:\Users\dell\AppData\Local\Temp\a103f9965307e92153b3826866cd7d56.mpf_cache
2024-11-10 18:38:41,396 : WARNING : ConfigProcessor : Cache file not found: C:\Users\dell\AppData\Local\Temp\edf282469509fb91fe2444b6848262a1.mpf_cache
2024-11-10 18:38:41,396 : INFO : ConfigProcessor : Loading config from file E:\MPF\wows\wows\shows\.\sh_bomb_advance_animation_3.yaml.
2024-11-10 18:38:41,401 : INFO : ConfigProcessor : Loading config: E:\MPF\wows\wows\shows\.\sh_bomb_advance_animation_3.yaml
2024-11-10 18:38:41,402 : INFO : ConfigProcessor : Config file cache created: C:\Users\dell\AppData\Local\Temp\edf282469509fb91fe2444b6848262a1.mpf_cache
2024-11-10 18:38:41,402 : WARNING : ConfigProcessor : Cache file not found: C:\Users\dell\AppData\Local\Temp\b8da0a805f864daaf4908642bfd2e7fd.mpf_cache
2024-11-10 18:38:41,402 : INFO : ConfigProcessor : Loading config from file E:\MPF\wows\wows\shows\.\sh_bomb_advance_animation_end.yaml.
2024-11-10 18:38:41,407 : INFO : ConfigProcessor : Loading config: E:\MPF\wows\wows\shows\.\sh_bomb_advance_animation_end.yaml
2024-11-10 18:38:41,407 : INFO : ConfigProcessor : Config file cache created: C:\Users\dell\AppData\Local\Temp\b8da0a805f864daaf4908642bfd2e7fd.mpf_cache
2024-11-10 18:38:41,408 : WARNING : ConfigProcessor : Cache file not found: C:\Users\dell\AppData\Local\Temp\57bc401cb4a04615f5b5aa4ba6a61eb7.mpf_cache
2024-11-10 18:38:41,408 : INFO : ConfigProcessor : Loading config from file E:\MPF\wows\wows\shows\.\sh_bomb_complete.yaml.
2024-11-10 18:38:41,415 : INFO : ConfigProcessor : Loading config: E:\MPF\wows\wows\shows\.\sh_bomb_complete.yaml
2024-11-10 18:38:41,416 : INFO : ConfigProcessor : Config file cache created: C:\Users\dell\AppData\Local\Temp\57bc401cb4a04615f5b5aa4ba6a61eb7.mpf_cache
2024-11-10 18:38:41,416 : WARNING : ConfigProcessor : Cache file not found: C:\Users\dell\AppData\Local\Temp\fee9cc2b93cb113814269e4a59231078.mpf_cache
2024-11-10 18:38:41,416 : INFO : ConfigProcessor : Loading config from file E:\MPF\wows\wows\shows\.\sh_captured.yaml.
2024-11-10 18:38:41,422 : INFO : ConfigProcessor : Loading config: E:\MPF\wows\wows\shows\.\sh_captured.yaml
2024-11-10 18:38:41,423 : INFO : ConfigProcessor : Config file cache created: C:\Users\dell\AppData\Local\Temp\fee9cc2b93cb113814269e4a59231078.mpf_cache
2024-11-10 18:38:41,423 : WARNING : ConfigProcessor : Cache file not found: C:\Users\dell\AppData\Local\Temp\fcb209f5756d4056b66c34a3e9f20f60.mpf_cache
2024-11-10 18:38:41,423 : INFO : ConfigProcessor : Loading config from file E:\MPF\wows\wows\shows\.\sh_capturing_1.yaml.
2024-11-10 18:38:41,429 : INFO : ConfigProcessor : Loading config: E:\MPF\wows\wows\shows\.\sh_capturing_1.yaml
2024-11-10 18:38:41,430 : INFO : ConfigProcessor : Config file cache created: C:\Users\dell\AppData\Local\Temp\fcb209f5756d4056b66c34a3e9f20f60.mpf_cache
2024-11-10 18:38:41,430 : WARNING : ConfigProcessor : Cache file not found: C:\Users\dell\AppData\Local\Temp\797d5c88f37a3f4c1eda6cc76ebd1d4b.mpf_cache
2024-11-10 18:38:41,430 : INFO : ConfigProcessor : Loading config from file E:\MPF\wows\wows\shows\.\sh_capturing_2.yaml.
2024-11-10 18:38:41,436 : INFO : ConfigProcessor : Loading config: E:\MPF\wows\wows\shows\.\sh_capturing_2.yaml
2024-11-10 18:38:41,437 : INFO : ConfigProcessor : Config file cache created: C:\Users\dell\AppData\Local\Temp\797d5c88f37a3f4c1eda6cc76ebd1d4b.mpf_cache
2024-11-10 18:38:41,437 : WARNING : ConfigProcessor : Cache file not found: C:\Users\dell\AppData\Local\Temp\fd8f672dffbfb9b282859f7185f62437.mpf_cache
2024-11-10 18:38:41,437 : INFO : ConfigProcessor : Loading config from file E:\MPF\wows\wows\shows\.\sh_capturing_3.yaml.
2024-11-10 18:38:41,443 : INFO : ConfigProcessor : Loading config: E:\MPF\wows\wows\shows\.\sh_capturing_3.yaml
2024-11-10 18:38:41,443 : INFO : ConfigProcessor : Config file cache created: C:\Users\dell\AppData\Local\Temp\fd8f672dffbfb9b282859f7185f62437.mpf_cache
2024-11-10 18:38:41,444 : WARNING : ConfigProcessor : Cache file not found: C:\Users\dell\AppData\Local\Temp\986b6c77a360e7ca0a5b736ec9bfb4fa.mpf_cache
2024-11-10 18:38:41,444 : INFO : ConfigProcessor : Loading config from file E:\MPF\wows\wows\shows\.\sh_capturing_4.yaml.
2024-11-10 18:38:41,450 : INFO : ConfigProcessor : Loading config: E:\MPF\wows\wows\shows\.\sh_capturing_4.yaml
2024-11-10 18:38:41,450 : INFO : ConfigProcessor : Config file cache created: C:\Users\dell\AppData\Local\Temp\986b6c77a360e7ca0a5b736ec9bfb4fa.mpf_cache
2024-11-10 18:38:41,451 : WARNING : ConfigProcessor : Cache file not found: C:\Users\dell\AppData\Local\Temp\851e1d46f2be32b89fdca6ef94995943.mpf_cache
2024-11-10 18:38:41,451 : INFO : ConfigProcessor : Loading config from file E:\MPF\wows\wows\shows\.\sh_capturing_5.yaml.
2024-11-10 18:38:41,457 : INFO : ConfigProcessor : Loading config: E:\MPF\wows\wows\shows\.\sh_capturing_5.yaml
2024-11-10 18:38:41,457 : INFO : ConfigProcessor : Config file cache created: C:\Users\dell\AppData\Local\Temp\851e1d46f2be32b89fdca6ef94995943.mpf_cache
2024-11-10 18:38:41,457 : WARNING : ConfigProcessor : Cache file not found: C:\Users\dell\AppData\Local\Temp\95f5997d9c4798b115eb453656d93a1f.mpf_cache
2024-11-10 18:38:41,457 : INFO : ConfigProcessor : Loading config from file E:\MPF\wows\wows\shows\.\sh_capturing_6.yaml.
2024-11-10 18:38:41,464 : INFO : ConfigProcessor : Loading config: E:\MPF\wows\wows\shows\.\sh_capturing_6.yaml
2024-11-10 18:38:41,464 : INFO : ConfigProcessor : Config file cache created: C:\Users\dell\AppData\Local\Temp\95f5997d9c4798b115eb453656d93a1f.mpf_cache
2024-11-10 18:38:41,464 : WARNING : ConfigProcessor : Cache file not found: C:\Users\dell\AppData\Local\Temp\804b9a1ad2b0368c8378a1697de79431.mpf_cache
2024-11-10 18:38:41,464 : INFO : ConfigProcessor : Loading config from file E:\MPF\wows\wows\shows\.\sh_container_ball.yaml.
2024-11-10 18:38:41,471 : INFO : ConfigProcessor : Loading config: E:\MPF\wows\wows\shows\.\sh_container_ball.yaml
2024-11-10 18:38:41,471 : INFO : ConfigProcessor : Config file cache created: C:\Users\dell\AppData\Local\Temp\804b9a1ad2b0368c8378a1697de79431.mpf_cache
2024-11-10 18:38:41,471 : WARNING : ConfigProcessor : Cache file not found: C:\Users\dell\AppData\Local\Temp\3f05176740ce9b1ce630d9f26057f472.mpf_cache
2024-11-10 18:38:41,471 : INFO : ConfigProcessor : Loading config from file E:\MPF\wows\wows\shows\.\sh_container_dmg.yaml.
2024-11-10 18:38:41,478 : INFO : ConfigProcessor : Loading config: E:\MPF\wows\wows\shows\.\sh_container_dmg.yaml
2024-11-10 18:38:41,478 : INFO : ConfigProcessor : Config file cache created: C:\Users\dell\AppData\Local\Temp\3f05176740ce9b1ce630d9f26057f472.mpf_cache
2024-11-10 18:38:41,478 : WARNING : ConfigProcessor : Cache file not found: C:\Users\dell\AppData\Local\Temp\d75c6855c6bfc342a42171d44ee55d0f.mpf_cache
2024-11-10 18:38:41,478 : INFO : ConfigProcessor : Loading config from file E:\MPF\wows\wows\shows\.\sh_container_jet.yaml.
2024-11-10 18:38:41,485 : INFO : ConfigProcessor : Loading config: E:\MPF\wows\wows\shows\.\sh_container_jet.yaml
2024-11-10 18:38:41,485 : INFO : ConfigProcessor : Config file cache created: C:\Users\dell\AppData\Local\Temp\d75c6855c6bfc342a42171d44ee55d0f.mpf_cache
2024-11-10 18:38:41,485 : WARNING : ConfigProcessor : Cache file not found: C:\Users\dell\AppData\Local\Temp\c03af884f77fd2edff48f1f1b29a0001.mpf_cache
2024-11-10 18:38:41,485 : INFO : ConfigProcessor : Loading config from file E:\MPF\wows\wows\shows\.\sh_container_x.yaml.
2024-11-10 18:38:41,492 : INFO : ConfigProcessor : Loading config: E:\MPF\wows\wows\shows\.\sh_container_x.yaml
2024-11-10 18:38:41,492 : INFO : ConfigProcessor : Config file cache created: C:\Users\dell\AppData\Local\Temp\c03af884f77fd2edff48f1f1b29a0001.mpf_cache
2024-11-10 18:38:41,492 : WARNING : ConfigProcessor : Cache file not found: C:\Users\dell\AppData\Local\Temp\125cf4d7d8d0f7b14ac4e9b5c5fc6dd9.mpf_cache
2024-11-10 18:38:41,492 : INFO : ConfigProcessor : Loading config from file E:\MPF\wows\wows\shows\.\sh_container_xp.yaml.
2024-11-10 18:38:41,499 : INFO : ConfigProcessor : Loading config: E:\MPF\wows\wows\shows\.\sh_container_xp.yaml
2024-11-10 18:38:41,499 : INFO : ConfigProcessor : Config file cache created: C:\Users\dell\AppData\Local\Temp\125cf4d7d8d0f7b14ac4e9b5c5fc6dd9.mpf_cache
2024-11-10 18:38:41,499 : WARNING : ConfigProcessor : Cache file not found: C:\Users\dell\AppData\Local\Temp\e98bbe1017594ac8f5dc55070bdaec1b.mpf_cache
2024-11-10 18:38:41,499 : INFO : ConfigProcessor : Loading config from file E:\MPF\wows\wows\shows\.\sh_crew_highlight_de.yaml.
2024-11-10 18:38:41,505 : INFO : ConfigProcessor : Loading config: E:\MPF\wows\wows\shows\.\sh_crew_highlight_de.yaml
2024-11-10 18:38:41,505 : INFO : ConfigProcessor : Config file cache created: C:\Users\dell\AppData\Local\Temp\e98bbe1017594ac8f5dc55070bdaec1b.mpf_cache
2024-11-10 18:38:41,505 : WARNING : ConfigProcessor : Cache file not found: C:\Users\dell\AppData\Local\Temp\540f9a41a139edc7fb3c0d3fef764d79.mpf_cache
2024-11-10 18:38:41,506 : INFO : ConfigProcessor : Loading config from file E:\MPF\wows\wows\shows\.\sh_crew_highlight_fr.yaml.
2024-11-10 18:38:41,511 : INFO : ConfigProcessor : Loading config: E:\MPF\wows\wows\shows\.\sh_crew_highlight_fr.yaml
2024-11-10 18:38:41,511 : INFO : ConfigProcessor : Config file cache created: C:\Users\dell\AppData\Local\Temp\540f9a41a139edc7fb3c0d3fef764d79.mpf_cache
2024-11-10 18:38:41,511 : WARNING : ConfigProcessor : Cache file not found: C:\Users\dell\AppData\Local\Temp\66310f6b7da6aa9e1e12a092b4e5ea1e.mpf_cache
2024-11-10 18:38:41,512 : INFO : ConfigProcessor : Loading config from file E:\MPF\wows\wows\shows\.\sh_crew_highlight_it.yaml.
2024-11-10 18:38:41,517 : INFO : ConfigProcessor : Loading config: E:\MPF\wows\wows\shows\.\sh_crew_highlight_it.yaml
2024-11-10 18:38:41,517 : INFO : ConfigProcessor : Config file cache created: C:\Users\dell\AppData\Local\Temp\66310f6b7da6aa9e1e12a092b4e5ea1e.mpf_cache
2024-11-10 18:38:41,518 : WARNING : ConfigProcessor : Cache file not found: C:\Users\dell\AppData\Local\Temp\e39b84c1f1807716ec310701a6bf0d73.mpf_cache
2024-11-10 18:38:41,518 : INFO : ConfigProcessor : Loading config from file E:\MPF\wows\wows\shows\.\sh_crew_highlight_ja.yaml.
2024-11-10 18:38:41,523 : INFO : ConfigProcessor : Loading config: E:\MPF\wows\wows\shows\.\sh_crew_highlight_ja.yaml
2024-11-10 18:38:41,524 : INFO : ConfigProcessor : Config file cache created: C:\Users\dell\AppData\Local\Temp\e39b84c1f1807716ec310701a6bf0d73.mpf_cache
2024-11-10 18:38:41,524 : WARNING : ConfigProcessor : Cache file not found: C:\Users\dell\AppData\Local\Temp\a3a3c1b8b3198ac6ffa6b5064057ae07.mpf_cache
2024-11-10 18:38:41,524 : INFO : ConfigProcessor : Loading config from file E:\MPF\wows\wows\shows\.\sh_crew_highlight_ru.yaml.
2024-11-10 18:38:41,539 : INFO : ConfigProcessor : Loading config: E:\MPF\wows\wows\shows\.\sh_crew_highlight_ru.yaml
2024-11-10 18:38:41,539 : INFO : ConfigProcessor : Config file cache created: C:\Users\dell\AppData\Local\Temp\a3a3c1b8b3198ac6ffa6b5064057ae07.mpf_cache
2024-11-10 18:38:41,539 : WARNING : ConfigProcessor : Cache file not found: C:\Users\dell\AppData\Local\Temp\4eebc146e222c8d9b7fa4d2858e69ea1.mpf_cache
2024-11-10 18:38:41,539 : INFO : ConfigProcessor : Loading config from file E:\MPF\wows\wows\shows\.\sh_crew_highlight_uk.yaml.
2024-11-10 18:38:41,545 : INFO : ConfigProcessor : Loading config: E:\MPF\wows\wows\shows\.\sh_crew_highlight_uk.yaml
2024-11-10 18:38:41,546 : INFO : ConfigProcessor : Config file cache created: C:\Users\dell\AppData\Local\Temp\4eebc146e222c8d9b7fa4d2858e69ea1.mpf_cache
2024-11-10 18:38:41,546 : WARNING : ConfigProcessor : Cache file not found: C:\Users\dell\AppData\Local\Temp\e126248c44ebfdee710b05c2b7d5fe82.mpf_cache
2024-11-10 18:38:41,546 : INFO : ConfigProcessor : Loading config from file E:\MPF\wows\wows\shows\.\sh_crew_highlight_us.yaml.
2024-11-10 18:38:41,552 : INFO : ConfigProcessor : Loading config: E:\MPF\wows\wows\shows\.\sh_crew_highlight_us.yaml
2024-11-10 18:38:41,552 : INFO : ConfigProcessor : Config file cache created: C:\Users\dell\AppData\Local\Temp\e126248c44ebfdee710b05c2b7d5fe82.mpf_cache
2024-11-10 18:38:41,552 : WARNING : ConfigProcessor : Cache file not found: C:\Users\dell\AppData\Local\Temp\69ecee52b21d2a851426dcc7135d38ea.mpf_cache
2024-11-10 18:38:41,553 : INFO : ConfigProcessor : Loading config from file E:\MPF\wows\wows\shows\.\sh_double_jackpot_1.yaml.
2024-11-10 18:38:41,577 : INFO : ConfigProcessor : Loading config: E:\MPF\wows\wows\shows\.\sh_double_jackpot_1.yaml
2024-11-10 18:38:41,577 : INFO : ConfigProcessor : Config file cache created: C:\Users\dell\AppData\Local\Temp\69ecee52b21d2a851426dcc7135d38ea.mpf_cache
2024-11-10 18:38:41,578 : WARNING : ConfigProcessor : Cache file not found: C:\Users\dell\AppData\Local\Temp\56ece61e32d3cc2ed53dd325a47460b4.mpf_cache
2024-11-10 18:38:41,578 : INFO : ConfigProcessor : Loading config from file E:\MPF\wows\wows\shows\.\sh_double_jackpot_2.yaml.
2024-11-10 18:38:41,589 : INFO : ConfigProcessor : Loading config: E:\MPF\wows\wows\shows\.\sh_double_jackpot_2.yaml
2024-11-10 18:38:41,589 : INFO : ConfigProcessor : Config file cache created: C:\Users\dell\AppData\Local\Temp\56ece61e32d3cc2ed53dd325a47460b4.mpf_cache
2024-11-10 18:38:41,589 : WARNING : ConfigProcessor : Cache file not found: C:\Users\dell\AppData\Local\Temp\d0b1dbeaceec3deef73ab0fce07cd740.mpf_cache
2024-11-10 18:38:41,590 : INFO : ConfigProcessor : Loading config from file E:\MPF\wows\wows\shows\.\sh_double_jackpot_3.yaml.
2024-11-10 18:38:41,608 : INFO : ConfigProcessor : Loading config: E:\MPF\wows\wows\shows\.\sh_double_jackpot_3.yaml
2024-11-10 18:38:41,608 : INFO : ConfigProcessor : Config file cache created: C:\Users\dell\AppData\Local\Temp\d0b1dbeaceec3deef73ab0fce07cd740.mpf_cache
2024-11-10 18:38:41,608 : WARNING : ConfigProcessor : Cache file not found: C:\Users\dell\AppData\Local\Temp\3d3afc7fea552c2bae3e6e1d92aa1a26.mpf_cache
2024-11-10 18:38:41,608 : INFO : ConfigProcessor : Loading config from file E:\MPF\wows\wows\shows\.\sh_double_jackpot_4.yaml.
2024-11-10 18:38:41,619 : INFO : ConfigProcessor : Loading config: E:\MPF\wows\wows\shows\.\sh_double_jackpot_4.yaml
2024-11-10 18:38:41,620 : INFO : ConfigProcessor : Config file cache created: C:\Users\dell\AppData\Local\Temp\3d3afc7fea552c2bae3e6e1d92aa1a26.mpf_cache
2024-11-10 18:38:41,620 : WARNING : ConfigProcessor : Cache file not found: C:\Users\dell\AppData\Local\Temp\4bd243ad0d8c16d00a837306cf5c3d29.mpf_cache
2024-11-10 18:38:41,620 : INFO : ConfigProcessor : Loading config from file E:\MPF\wows\wows\shows\.\sh_double_jackpot_5.yaml.
2024-11-10 18:38:41,631 : INFO : ConfigProcessor : Loading config: E:\MPF\wows\wows\shows\.\sh_double_jackpot_5.yaml
2024-11-10 18:38:41,631 : INFO : ConfigProcessor : Config file cache created: C:\Users\dell\AppData\Local\Temp\4bd243ad0d8c16d00a837306cf5c3d29.mpf_cache
2024-11-10 18:38:41,631 : WARNING : ConfigProcessor : Cache file not found: C:\Users\dell\AppData\Local\Temp\7f312b640f6d5109d8d1be2a05f128e8.mpf_cache
2024-11-10 18:38:41,632 : INFO : ConfigProcessor : Loading config from file E:\MPF\wows\wows\shows\.\sh_double_jackpot_6.yaml.
2024-11-10 18:38:41,643 : INFO : ConfigProcessor : Loading config: E:\MPF\wows\wows\shows\.\sh_double_jackpot_6.yaml
2024-11-10 18:38:41,644 : INFO : ConfigProcessor : Config file cache created: C:\Users\dell\AppData\Local\Temp\7f312b640f6d5109d8d1be2a05f128e8.mpf_cache
2024-11-10 18:38:41,644 : WARNING : ConfigProcessor : Cache file not found: C:\Users\dell\AppData\Local\Temp\67980d6a57506cd4da44486112b91bec.mpf_cache
2024-11-10 18:38:41,644 : INFO : ConfigProcessor : Loading config from file E:\MPF\wows\wows\shows\.\sh_hc_crit_dmg.yaml.
2024-11-10 18:38:41,651 : INFO : ConfigProcessor : Loading config: E:\MPF\wows\wows\shows\.\sh_hc_crit_dmg.yaml
2024-11-10 18:38:41,652 : INFO : ConfigProcessor : Config file cache created: C:\Users\dell\AppData\Local\Temp\67980d6a57506cd4da44486112b91bec.mpf_cache
2024-11-10 18:38:41,652 : WARNING : ConfigProcessor : Cache file not found: C:\Users\dell\AppData\Local\Temp\9ec3c911ae7e15f7065133c529810f95.mpf_cache
2024-11-10 18:38:41,652 : INFO : ConfigProcessor : Loading config from file E:\MPF\wows\wows\shows\.\sh_hc_heavy_dmg.yaml.
2024-11-10 18:38:41,660 : INFO : ConfigProcessor : Loading config: E:\MPF\wows\wows\shows\.\sh_hc_heavy_dmg.yaml
2024-11-10 18:38:41,660 : INFO : ConfigProcessor : Config file cache created: C:\Users\dell\AppData\Local\Temp\9ec3c911ae7e15f7065133c529810f95.mpf_cache
2024-11-10 18:38:41,660 : WARNING : ConfigProcessor : Cache file not found: C:\Users\dell\AppData\Local\Temp\930069940b749f97f86d219b2ddeacf1.mpf_cache
2024-11-10 18:38:41,660 : INFO : ConfigProcessor : Loading config from file E:\MPF\wows\wows\shows\.\sh_jackpot_1.yaml.
2024-11-10 18:38:41,670 : INFO : ConfigProcessor : Loading config: E:\MPF\wows\wows\shows\.\sh_jackpot_1.yaml
2024-11-10 18:38:41,671 : INFO : ConfigProcessor : Config file cache created: C:\Users\dell\AppData\Local\Temp\930069940b749f97f86d219b2ddeacf1.mpf_cache
2024-11-10 18:38:41,671 : WARNING : ConfigProcessor : Cache file not found: C:\Users\dell\AppData\Local\Temp\650f26d6333e64d21657a8ef260f5acf.mpf_cache
2024-11-10 18:38:41,671 : INFO : ConfigProcessor : Loading config from file E:\MPF\wows\wows\shows\.\sh_jackpot_2.yaml.
2024-11-10 18:38:41,683 : INFO : ConfigProcessor : Loading config: E:\MPF\wows\wows\shows\.\sh_jackpot_2.yaml
2024-11-10 18:38:41,683 : INFO : ConfigProcessor : Config file cache created: C:\Users\dell\AppData\Local\Temp\650f26d6333e64d21657a8ef260f5acf.mpf_cache
2024-11-10 18:38:41,684 : WARNING : ConfigProcessor : Cache file not found: C:\Users\dell\AppData\Local\Temp\7fe69373349de136ea08d265848ee2de.mpf_cache
2024-11-10 18:38:41,684 : INFO : ConfigProcessor : Loading config from file E:\MPF\wows\wows\shows\.\sh_jackpot_3.yaml.
2024-11-10 18:38:41,695 : INFO : ConfigProcessor : Loading config: E:\MPF\wows\wows\shows\.\sh_jackpot_3.yaml
2024-11-10 18:38:41,695 : INFO : ConfigProcessor : Config file cache created: C:\Users\dell\AppData\Local\Temp\7fe69373349de136ea08d265848ee2de.mpf_cache
2024-11-10 18:38:41,696 : WARNING : ConfigProcessor : Cache file not found: C:\Users\dell\AppData\Local\Temp\24196d5bffa5766d9b4a62f9ae23e660.mpf_cache
2024-11-10 18:38:41,696 : INFO : ConfigProcessor : Loading config from file E:\MPF\wows\wows\shows\.\sh_jackpot_4.yaml.
2024-11-10 18:38:41,706 : INFO : ConfigProcessor : Loading config: E:\MPF\wows\wows\shows\.\sh_jackpot_4.yaml
2024-11-10 18:38:41,706 : INFO : ConfigProcessor : Config file cache created: C:\Users\dell\AppData\Local\Temp\24196d5bffa5766d9b4a62f9ae23e660.mpf_cache
2024-11-10 18:38:41,707 : WARNING : ConfigProcessor : Cache file not found: C:\Users\dell\AppData\Local\Temp\5f56171e4007003f2e0029bfa218d47c.mpf_cache
2024-11-10 18:38:41,707 : INFO : ConfigProcessor : Loading config from file E:\MPF\wows\wows\shows\.\sh_jackpot_5.yaml.
2024-11-10 18:38:41,730 : INFO : ConfigProcessor : Loading config: E:\MPF\wows\wows\shows\.\sh_jackpot_5.yaml
2024-11-10 18:38:41,730 : INFO : ConfigProcessor : Config file cache created: C:\Users\dell\AppData\Local\Temp\5f56171e4007003f2e0029bfa218d47c.mpf_cache
2024-11-10 18:38:41,730 : WARNING : ConfigProcessor : Cache file not found: C:\Users\dell\AppData\Local\Temp\9828dc3aacab1158f9e233d43cb3fe1f.mpf_cache
2024-11-10 18:38:41,730 : INFO : ConfigProcessor : Loading config from file E:\MPF\wows\wows\shows\.\sh_jackpot_6.yaml.
2024-11-10 18:38:41,743 : INFO : ConfigProcessor : Loading config: E:\MPF\wows\wows\shows\.\sh_jackpot_6.yaml
2024-11-10 18:38:41,743 : INFO : ConfigProcessor : Config file cache created: C:\Users\dell\AppData\Local\Temp\9828dc3aacab1158f9e233d43cb3fe1f.mpf_cache
2024-11-10 18:38:41,743 : WARNING : ConfigProcessor : Cache file not found: C:\Users\dell\AppData\Local\Temp\93dd7129697f51b97f6c3186dcf43a8c.mpf_cache
2024-11-10 18:38:41,743 : INFO : ConfigProcessor : Loading config from file E:\MPF\wows\wows\shows\.\sh_jackpot_to_super.yaml.
2024-11-10 18:38:41,750 : INFO : ConfigProcessor : Loading config: E:\MPF\wows\wows\shows\.\sh_jackpot_to_super.yaml
2024-11-10 18:38:41,750 : INFO : ConfigProcessor : Config file cache created: C:\Users\dell\AppData\Local\Temp\93dd7129697f51b97f6c3186dcf43a8c.mpf_cache
2024-11-10 18:38:41,751 : WARNING : ConfigProcessor : Cache file not found: C:\Users\dell\AppData\Local\Temp\854a9aa5d57e7e92df5c4ac62cddaec0.mpf_cache
2024-11-10 18:38:41,751 : INFO : ConfigProcessor : Loading config from file E:\MPF\wows\wows\shows\.\sh_jackpot_to_super_prepare.yaml.
2024-11-10 18:38:41,756 : INFO : ConfigProcessor : Loading config: E:\MPF\wows\wows\shows\.\sh_jackpot_to_super_prepare.yaml
2024-11-10 18:38:41,756 : INFO : ConfigProcessor : Config file cache created: C:\Users\dell\AppData\Local\Temp\854a9aa5d57e7e92df5c4ac62cddaec0.mpf_cache
2024-11-10 18:38:41,756 : WARNING : ConfigProcessor : Cache file not found: C:\Users\dell\AppData\Local\Temp\4a17f5ab6f47bd6cbffa808b6eeea916.mpf_cache
2024-11-10 18:38:41,757 : INFO : ConfigProcessor : Loading config from file E:\MPF\wows\wows\shows\.\sh_match.yaml.
2024-11-10 18:38:41,778 : INFO : ConfigProcessor : Loading config: E:\MPF\wows\wows\shows\.\sh_match.yaml
2024-11-10 18:38:41,778 : INFO : ConfigProcessor : Config file cache created: C:\Users\dell\AppData\Local\Temp\4a17f5ab6f47bd6cbffa808b6eeea916.mpf_cache
2024-11-10 18:38:41,779 : WARNING : ConfigProcessor : Cache file not found: C:\Users\dell\AppData\Local\Temp\87b77888918ca02abc6ea55edabaa1e0.mpf_cache
2024-11-10 18:38:41,779 : INFO : ConfigProcessor : Loading config from file E:\MPF\wows\wows\shows\.\sh_mode_10_completed.yaml.
2024-11-10 18:38:41,801 : INFO : ConfigProcessor : Loading config: E:\MPF\wows\wows\shows\.\sh_mode_10_completed.yaml
2024-11-10 18:38:41,801 : INFO : ConfigProcessor : Config file cache created: C:\Users\dell\AppData\Local\Temp\87b77888918ca02abc6ea55edabaa1e0.mpf_cache
2024-11-10 18:38:41,801 : WARNING : ConfigProcessor : Cache file not found: C:\Users\dell\AppData\Local\Temp\2e8097eb902f0db673edff67ef20cd70.mpf_cache
2024-11-10 18:38:41,801 : INFO : ConfigProcessor : Loading config from file E:\MPF\wows\wows\shows\.\sh_mode_10_progress.yaml.
2024-11-10 18:38:41,808 : INFO : ConfigProcessor : Loading config: E:\MPF\wows\wows\shows\.\sh_mode_10_progress.yaml
2024-11-10 18:38:41,809 : INFO : ConfigProcessor : Config file cache created: C:\Users\dell\AppData\Local\Temp\2e8097eb902f0db673edff67ef20cd70.mpf_cache
2024-11-10 18:38:41,809 : WARNING : ConfigProcessor : Cache file not found: C:\Users\dell\AppData\Local\Temp\6dda5ce3394e1c203b91cdb4c3bc5158.mpf_cache
2024-11-10 18:38:41,809 : INFO : ConfigProcessor : Loading config from file E:\MPF\wows\wows\shows\.\sh_mode_10_start.yaml.
2024-11-10 18:38:41,817 : INFO : ConfigProcessor : Loading config: E:\MPF\wows\wows\shows\.\sh_mode_10_start.yaml
2024-11-10 18:38:41,817 : INFO : ConfigProcessor : Config file cache created: C:\Users\dell\AppData\Local\Temp\6dda5ce3394e1c203b91cdb4c3bc5158.mpf_cache
2024-11-10 18:38:41,818 : WARNING : ConfigProcessor : Cache file not found: C:\Users\dell\AppData\Local\Temp\801d82c75b08baf8aba110a640054dee.mpf_cache
2024-11-10 18:38:41,818 : INFO : ConfigProcessor : Loading config from file E:\MPF\wows\wows\shows\.\sh_mode_1_completed.yaml.
2024-11-10 18:38:41,866 : INFO : ConfigProcessor : Loading config: E:\MPF\wows\wows\shows\.\sh_mode_1_completed.yaml
2024-11-10 18:38:41,866 : INFO : ConfigProcessor : Config file cache created: C:\Users\dell\AppData\Local\Temp\801d82c75b08baf8aba110a640054dee.mpf_cache
2024-11-10 18:38:41,867 : WARNING : ConfigProcessor : Cache file not found: C:\Users\dell\AppData\Local\Temp\6d7eeb6b67afdec81637282a9dda6782.mpf_cache
2024-11-10 18:38:41,867 : INFO : ConfigProcessor : Loading config from file E:\MPF\wows\wows\shows\.\sh_mode_1_progress.yaml.
2024-11-10 18:38:41,874 : INFO : ConfigProcessor : Loading config: E:\MPF\wows\wows\shows\.\sh_mode_1_progress.yaml
2024-11-10 18:38:41,874 : INFO : ConfigProcessor : Config file cache created: C:\Users\dell\AppData\Local\Temp\6d7eeb6b67afdec81637282a9dda6782.mpf_cache
2024-11-10 18:38:41,875 : WARNING : ConfigProcessor : Cache file not found: C:\Users\dell\AppData\Local\Temp\f18efe2c04100550263acd9a8a6038af.mpf_cache
2024-11-10 18:38:41,875 : INFO : ConfigProcessor : Loading config from file E:\MPF\wows\wows\shows\.\sh_mode_1_shot_made_1.yaml.
2024-11-10 18:38:41,883 : INFO : ConfigProcessor : Loading config: E:\MPF\wows\wows\shows\.\sh_mode_1_shot_made_1.yaml
2024-11-10 18:38:41,884 : INFO : ConfigProcessor : Config file cache created: C:\Users\dell\AppData\Local\Temp\f18efe2c04100550263acd9a8a6038af.mpf_cache
2024-11-10 18:38:41,884 : WARNING : ConfigProcessor : Cache file not found: C:\Users\dell\AppData\Local\Temp\77dfdfbf7011c8796e93f9e4ee745691.mpf_cache
2024-11-10 18:38:41,884 : INFO : ConfigProcessor : Loading config from file E:\MPF\wows\wows\shows\.\sh_mode_1_shot_made_2.yaml.
2024-11-10 18:38:41,891 : INFO : ConfigProcessor : Loading config: E:\MPF\wows\wows\shows\.\sh_mode_1_shot_made_2.yaml
2024-11-10 18:38:41,892 : INFO : ConfigProcessor : Config file cache created: C:\Users\dell\AppData\Local\Temp\77dfdfbf7011c8796e93f9e4ee745691.mpf_cache
2024-11-10 18:38:41,892 : WARNING : ConfigProcessor : Cache file not found: C:\Users\dell\AppData\Local\Temp\55e62533d8b0090336fcaf5380faf342.mpf_cache
2024-11-10 18:38:41,892 : INFO : ConfigProcessor : Loading config from file E:\MPF\wows\wows\shows\.\sh_mode_1_shot_made_3.yaml.
2024-11-10 18:38:41,899 : INFO : ConfigProcessor : Loading config: E:\MPF\wows\wows\shows\.\sh_mode_1_shot_made_3.yaml
2024-11-10 18:38:41,900 : INFO : ConfigProcessor : Config file cache created: C:\Users\dell\AppData\Local\Temp\55e62533d8b0090336fcaf5380faf342.mpf_cache
2024-11-10 18:38:41,900 : WARNING : ConfigProcessor : Cache file not found: C:\Users\dell\AppData\Local\Temp\9fa4a25ee32f55bf2c6a76fb59d8bbaf.mpf_cache
2024-11-10 18:38:41,900 : INFO : ConfigProcessor : Loading config from file E:\MPF\wows\wows\shows\.\sh_mode_1_shot_made_4.yaml.
2024-11-10 18:38:41,908 : INFO : ConfigProcessor : Loading config: E:\MPF\wows\wows\shows\.\sh_mode_1_shot_made_4.yaml
2024-11-10 18:38:41,908 : INFO : ConfigProcessor : Config file cache created: C:\Users\dell\AppData\Local\Temp\9fa4a25ee32f55bf2c6a76fb59d8bbaf.mpf_cache
2024-11-10 18:38:41,908 : WARNING : ConfigProcessor : Cache file not found: C:\Users\dell\AppData\Local\Temp\7e90ab1bc560333dd4b4d9f4aaf6bf62.mpf_cache
2024-11-10 18:38:41,908 : INFO : ConfigProcessor : Loading config from file E:\MPF\wows\wows\shows\.\sh_mode_1_start.yaml.
2024-11-10 18:38:41,915 : INFO : ConfigProcessor : Loading config: E:\MPF\wows\wows\shows\.\sh_mode_1_start.yaml
2024-11-10 18:38:41,916 : INFO : ConfigProcessor : Config file cache created: C:\Users\dell\AppData\Local\Temp\7e90ab1bc560333dd4b4d9f4aaf6bf62.mpf_cache
2024-11-10 18:38:41,916 : WARNING : ConfigProcessor : Cache file not found: C:\Users\dell\AppData\Local\Temp\24505a0d42d384632078d94085b52904.mpf_cache
2024-11-10 18:38:41,916 : INFO : ConfigProcessor : Loading config from file E:\MPF\wows\wows\shows\.\sh_mode_2_completed.yaml.
2024-11-10 18:38:41,925 : INFO : ConfigProcessor : Loading config: E:\MPF\wows\wows\shows\.\sh_mode_2_completed.yaml
2024-11-10 18:38:41,925 : INFO : ConfigProcessor : Config file cache created: C:\Users\dell\AppData\Local\Temp\24505a0d42d384632078d94085b52904.mpf_cache
2024-11-10 18:38:41,926 : WARNING : ConfigProcessor : Cache file not found: C:\Users\dell\AppData\Local\Temp\d2e2dee5d391f181bf417bbfa62b8ee2.mpf_cache
2024-11-10 18:38:41,926 : INFO : ConfigProcessor : Loading config from file E:\MPF\wows\wows\shows\.\sh_mode_2_progress.yaml.
2024-11-10 18:38:41,933 : INFO : ConfigProcessor : Loading config: E:\MPF\wows\wows\shows\.\sh_mode_2_progress.yaml
2024-11-10 18:38:41,933 : INFO : ConfigProcessor : Config file cache created: C:\Users\dell\AppData\Local\Temp\d2e2dee5d391f181bf417bbfa62b8ee2.mpf_cache
2024-11-10 18:38:41,933 : WARNING : ConfigProcessor : Cache file not found: C:\Users\dell\AppData\Local\Temp\4398dc713d774371f49c655025259670.mpf_cache
2024-11-10 18:38:41,933 : INFO : ConfigProcessor : Loading config from file E:\MPF\wows\wows\shows\.\sh_mode_2_start.yaml.
2024-11-10 18:38:41,941 : INFO : ConfigProcessor : Loading config: E:\MPF\wows\wows\shows\.\sh_mode_2_start.yaml
2024-11-10 18:38:41,941 : INFO : ConfigProcessor : Config file cache created: C:\Users\dell\AppData\Local\Temp\4398dc713d774371f49c655025259670.mpf_cache
2024-11-10 18:38:41,941 : WARNING : ConfigProcessor : Cache file not found: C:\Users\dell\AppData\Local\Temp\2a10046c74e5eb8ef0ed9d338302b7e2.mpf_cache
2024-11-10 18:38:41,941 : INFO : ConfigProcessor : Loading config from file E:\MPF\wows\wows\shows\.\sh_mode_3_completed.yaml.
2024-11-10 18:38:41,950 : INFO : ConfigProcessor : Loading config: E:\MPF\wows\wows\shows\.\sh_mode_3_completed.yaml
2024-11-10 18:38:41,950 : INFO : ConfigProcessor : Config file cache created: C:\Users\dell\AppData\Local\Temp\2a10046c74e5eb8ef0ed9d338302b7e2.mpf_cache
2024-11-10 18:38:41,950 : WARNING : ConfigProcessor : Cache file not found: C:\Users\dell\AppData\Local\Temp\1976a772a16c7f14b7c542c255637f22.mpf_cache
2024-11-10 18:38:41,950 : INFO : ConfigProcessor : Loading config from file E:\MPF\wows\wows\shows\.\sh_mode_3_progress.yaml.
2024-11-10 18:38:41,958 : INFO : ConfigProcessor : Loading config: E:\MPF\wows\wows\shows\.\sh_mode_3_progress.yaml
2024-11-10 18:38:41,958 : INFO : ConfigProcessor : Config file cache created: C:\Users\dell\AppData\Local\Temp\1976a772a16c7f14b7c542c255637f22.mpf_cache
2024-11-10 18:38:41,958 : WARNING : ConfigProcessor : Cache file not found: C:\Users\dell\AppData\Local\Temp\91df8e0ae0e44730ed622ea2efb74e97.mpf_cache
2024-11-10 18:38:41,958 : INFO : ConfigProcessor : Loading config from file E:\MPF\wows\wows\shows\.\sh_mode_3_shot_made.yaml.
2024-11-10 18:38:42,025 : INFO : ConfigProcessor : Loading config: E:\MPF\wows\wows\shows\.\sh_mode_3_shot_made.yaml
2024-11-10 18:38:42,025 : INFO : ConfigProcessor : Config file cache created: C:\Users\dell\AppData\Local\Temp\91df8e0ae0e44730ed622ea2efb74e97.mpf_cache
2024-11-10 18:38:42,025 : WARNING : ConfigProcessor : Cache file not found: C:\Users\dell\AppData\Local\Temp\dff6fabdd3c60a7e52618c514c4d53bb.mpf_cache
2024-11-10 18:38:42,025 : INFO : ConfigProcessor : Loading config from file E:\MPF\wows\wows\shows\.\sh_mode_3_start.yaml.
2024-11-10 18:38:42,033 : INFO : ConfigProcessor : Loading config: E:\MPF\wows\wows\shows\.\sh_mode_3_start.yaml
2024-11-10 18:38:42,033 : INFO : ConfigProcessor : Config file cache created: C:\Users\dell\AppData\Local\Temp\dff6fabdd3c60a7e52618c514c4d53bb.mpf_cache
2024-11-10 18:38:42,033 : WARNING : ConfigProcessor : Cache file not found: C:\Users\dell\AppData\Local\Temp\b00ca6d895de68a8daf4555cf943ba58.mpf_cache
2024-11-10 18:38:42,034 : INFO : ConfigProcessor : Loading config from file E:\MPF\wows\wows\shows\.\sh_mode_4_completed.yaml.
2024-11-10 18:38:42,042 : INFO : ConfigProcessor : Loading config: E:\MPF\wows\wows\shows\.\sh_mode_4_completed.yaml
2024-11-10 18:38:42,043 : INFO : ConfigProcessor : Config file cache created: C:\Users\dell\AppData\Local\Temp\b00ca6d895de68a8daf4555cf943ba58.mpf_cache
2024-11-10 18:38:42,043 : WARNING : ConfigProcessor : Cache file not found: C:\Users\dell\AppData\Local\Temp\b5b8a4db5bea0726b6595532599dafa3.mpf_cache
2024-11-10 18:38:42,043 : INFO : ConfigProcessor : Loading config from file E:\MPF\wows\wows\shows\.\sh_mode_4_progress.yaml.
2024-11-10 18:38:42,051 : INFO : ConfigProcessor : Loading config: E:\MPF\wows\wows\shows\.\sh_mode_4_progress.yaml
2024-11-10 18:38:42,051 : INFO : ConfigProcessor : Config file cache created: C:\Users\dell\AppData\Local\Temp\b5b8a4db5bea0726b6595532599dafa3.mpf_cache
2024-11-10 18:38:42,052 : WARNING : ConfigProcessor : Cache file not found: C:\Users\dell\AppData\Local\Temp\69fdf32f8b1f00ca71933bfdf818d181.mpf_cache
2024-11-10 18:38:42,052 : INFO : ConfigProcessor : Loading config from file E:\MPF\wows\wows\shows\.\sh_mode_4_shot_made.yaml.
2024-11-10 18:38:42,059 : INFO : ConfigProcessor : Loading config: E:\MPF\wows\wows\shows\.\sh_mode_4_shot_made.yaml
2024-11-10 18:38:42,060 : INFO : ConfigProcessor : Config file cache created: C:\Users\dell\AppData\Local\Temp\69fdf32f8b1f00ca71933bfdf818d181.mpf_cache
2024-11-10 18:38:42,060 : WARNING : ConfigProcessor : Cache file not found: C:\Users\dell\AppData\Local\Temp\2ea47c81ed4f8a69c675021c80778e85.mpf_cache
2024-11-10 18:38:42,060 : INFO : ConfigProcessor : Loading config from file E:\MPF\wows\wows\shows\.\sh_mode_4_start.yaml.
2024-11-10 18:38:42,068 : INFO : ConfigProcessor : Loading config: E:\MPF\wows\wows\shows\.\sh_mode_4_start.yaml
2024-11-10 18:38:42,069 : INFO : ConfigProcessor : Config file cache created: C:\Users\dell\AppData\Local\Temp\2ea47c81ed4f8a69c675021c80778e85.mpf_cache
2024-11-10 18:38:42,069 : WARNING : ConfigProcessor : Cache file not found: C:\Users\dell\AppData\Local\Temp\4341f22727a1b0f8b478ff6fc7114278.mpf_cache
2024-11-10 18:38:42,069 : INFO : ConfigProcessor : Loading config from file E:\MPF\wows\wows\shows\.\sh_mode_5_completed.yaml.
2024-11-10 18:38:42,078 : INFO : ConfigProcessor : Loading config: E:\MPF\wows\wows\shows\.\sh_mode_5_completed.yaml
2024-11-10 18:38:42,078 : INFO : ConfigProcessor : Config file cache created: C:\Users\dell\AppData\Local\Temp\4341f22727a1b0f8b478ff6fc7114278.mpf_cache
2024-11-10 18:38:42,078 : WARNING : ConfigProcessor : Cache file not found: C:\Users\dell\AppData\Local\Temp\34b907b0c1988670c99198ad34048e9b.mpf_cache
2024-11-10 18:38:42,078 : INFO : ConfigProcessor : Loading config from file E:\MPF\wows\wows\shows\.\sh_mode_5_progress.yaml.
2024-11-10 18:38:42,087 : INFO : ConfigProcessor : Loading config: E:\MPF\wows\wows\shows\.\sh_mode_5_progress.yaml
2024-11-10 18:38:42,087 : INFO : ConfigProcessor : Config file cache created: C:\Users\dell\AppData\Local\Temp\34b907b0c1988670c99198ad34048e9b.mpf_cache
2024-11-10 18:38:42,087 : WARNING : ConfigProcessor : Cache file not found: C:\Users\dell\AppData\Local\Temp\3078b120455821a73c8c6f8a1dceab4f.mpf_cache
2024-11-10 18:38:42,087 : INFO : ConfigProcessor : Loading config from file E:\MPF\wows\wows\shows\.\sh_mode_5_shot_made.yaml.
2024-11-10 18:38:42,095 : INFO : ConfigProcessor : Loading config: E:\MPF\wows\wows\shows\.\sh_mode_5_shot_made.yaml
2024-11-10 18:38:42,096 : INFO : ConfigProcessor : Config file cache created: C:\Users\dell\AppData\Local\Temp\3078b120455821a73c8c6f8a1dceab4f.mpf_cache
2024-11-10 18:38:42,096 : WARNING : ConfigProcessor : Cache file not found: C:\Users\dell\AppData\Local\Temp\d95a17e65a2b41e386a7fc14bcda65fd.mpf_cache
2024-11-10 18:38:42,096 : INFO : ConfigProcessor : Loading config from file E:\MPF\wows\wows\shows\.\sh_mode_5_start.yaml.
2024-11-10 18:38:42,103 : INFO : ConfigProcessor : Loading config: E:\MPF\wows\wows\shows\.\sh_mode_5_start.yaml
2024-11-10 18:38:42,104 : INFO : ConfigProcessor : Config file cache created: C:\Users\dell\AppData\Local\Temp\d95a17e65a2b41e386a7fc14bcda65fd.mpf_cache
2024-11-10 18:38:42,104 : WARNING : ConfigProcessor : Cache file not found: C:\Users\dell\AppData\Local\Temp\70a3dc288dcfdeeb747f888700969697.mpf_cache
2024-11-10 18:38:42,104 : INFO : ConfigProcessor : Loading config from file E:\MPF\wows\wows\shows\.\sh_mode_6_completed.yaml.
2024-11-10 18:38:42,113 : INFO : ConfigProcessor : Loading config: E:\MPF\wows\wows\shows\.\sh_mode_6_completed.yaml
2024-11-10 18:38:42,113 : INFO : ConfigProcessor : Config file cache created: C:\Users\dell\AppData\Local\Temp\70a3dc288dcfdeeb747f888700969697.mpf_cache
2024-11-10 18:38:42,113 : WARNING : ConfigProcessor : Cache file not found: C:\Users\dell\AppData\Local\Temp\a545989d29acb91f9b5046622b67b4ed.mpf_cache
2024-11-10 18:38:42,113 : INFO : ConfigProcessor : Loading config from file E:\MPF\wows\wows\shows\.\sh_mode_6_progress.yaml.
2024-11-10 18:38:42,123 : INFO : ConfigProcessor : Loading config: E:\MPF\wows\wows\shows\.\sh_mode_6_progress.yaml
2024-11-10 18:38:42,123 : INFO : ConfigProcessor : Config file cache created: C:\Users\dell\AppData\Local\Temp\a545989d29acb91f9b5046622b67b4ed.mpf_cache
2024-11-10 18:38:42,123 : WARNING : ConfigProcessor : Cache file not found: C:\Users\dell\AppData\Local\Temp\8d6f9c7ff9c39db68f4d155bf8492fbe.mpf_cache
2024-11-10 18:38:42,123 : INFO : ConfigProcessor : Loading config from file E:\MPF\wows\wows\shows\.\sh_mode_6_shot_made.yaml.
2024-11-10 18:38:42,130 : INFO : ConfigProcessor : Loading config: E:\MPF\wows\wows\shows\.\sh_mode_6_shot_made.yaml
2024-11-10 18:38:42,130 : INFO : ConfigProcessor : Config file cache created: C:\Users\dell\AppData\Local\Temp\8d6f9c7ff9c39db68f4d155bf8492fbe.mpf_cache
2024-11-10 18:38:42,130 : WARNING : ConfigProcessor : Cache file not found: C:\Users\dell\AppData\Local\Temp\155f4ce74e2bf17af8dbff2a4763087f.mpf_cache
2024-11-10 18:38:42,130 : INFO : ConfigProcessor : Loading config from file E:\MPF\wows\wows\shows\.\sh_mode_6_start.yaml.
2024-11-10 18:38:42,137 : INFO : ConfigProcessor : Loading config: E:\MPF\wows\wows\shows\.\sh_mode_6_start.yaml
2024-11-10 18:38:42,138 : INFO : ConfigProcessor : Config file cache created: C:\Users\dell\AppData\Local\Temp\155f4ce74e2bf17af8dbff2a4763087f.mpf_cache
2024-11-10 18:38:42,138 : WARNING : ConfigProcessor : Cache file not found: C:\Users\dell\AppData\Local\Temp\1f327f8ed4990105250a8e68ccfd880b.mpf_cache
2024-11-10 18:38:42,138 : INFO : ConfigProcessor : Loading config from file E:\MPF\wows\wows\shows\.\sh_mode_7_completed.yaml.
2024-11-10 18:38:42,147 : INFO : ConfigProcessor : Loading config: E:\MPF\wows\wows\shows\.\sh_mode_7_completed.yaml
2024-11-10 18:38:42,147 : INFO : ConfigProcessor : Config file cache created: C:\Users\dell\AppData\Local\Temp\1f327f8ed4990105250a8e68ccfd880b.mpf_cache
2024-11-10 18:38:42,147 : WARNING : ConfigProcessor : Cache file not found: C:\Users\dell\AppData\Local\Temp\631f1a0f4495ddfec417d1e517d075ee.mpf_cache
2024-11-10 18:38:42,147 : INFO : ConfigProcessor : Loading config from file E:\MPF\wows\wows\shows\.\sh_mode_7_progress.yaml.
2024-11-10 18:38:42,154 : INFO : ConfigProcessor : Loading config: E:\MPF\wows\wows\shows\.\sh_mode_7_progress.yaml
2024-11-10 18:38:42,155 : INFO : ConfigProcessor : Config file cache created: C:\Users\dell\AppData\Local\Temp\631f1a0f4495ddfec417d1e517d075ee.mpf_cache
2024-11-10 18:38:42,155 : WARNING : ConfigProcessor : Cache file not found: C:\Users\dell\AppData\Local\Temp\58d128190d1d0b57398f3d0bb3d51665.mpf_cache
2024-11-10 18:38:42,155 : INFO : ConfigProcessor : Loading config from file E:\MPF\wows\wows\shows\.\sh_mode_7_shot_made.yaml.
2024-11-10 18:38:42,169 : INFO : ConfigProcessor : Loading config: E:\MPF\wows\wows\shows\.\sh_mode_7_shot_made.yaml
2024-11-10 18:38:42,170 : INFO : ConfigProcessor : Config file cache created: C:\Users\dell\AppData\Local\Temp\58d128190d1d0b57398f3d0bb3d51665.mpf_cache
2024-11-10 18:38:42,170 : WARNING : ConfigProcessor : Cache file not found: C:\Users\dell\AppData\Local\Temp\3a392e0f36204bd15fe7f620a9abd8a5.mpf_cache
2024-11-10 18:38:42,170 : INFO : ConfigProcessor : Loading config from file E:\MPF\wows\wows\shows\.\sh_mode_7_start.yaml.
2024-11-10 18:38:42,177 : INFO : ConfigProcessor : Loading config: E:\MPF\wows\wows\shows\.\sh_mode_7_start.yaml
2024-11-10 18:38:42,177 : INFO : ConfigProcessor : Config file cache created: C:\Users\dell\AppData\Local\Temp\3a392e0f36204bd15fe7f620a9abd8a5.mpf_cache
2024-11-10 18:38:42,178 : WARNING : ConfigProcessor : Cache file not found: C:\Users\dell\AppData\Local\Temp\a21cdf4e7d11d0ddd588c2361820cd3f.mpf_cache
2024-11-10 18:38:42,178 : INFO : ConfigProcessor : Loading config from file E:\MPF\wows\wows\shows\.\sh_mode_8_completed.yaml.
2024-11-10 18:38:42,230 : INFO : ConfigProcessor : Loading config: E:\MPF\wows\wows\shows\.\sh_mode_8_completed.yaml
2024-11-10 18:38:42,230 : INFO : ConfigProcessor : Config file cache created: C:\Users\dell\AppData\Local\Temp\a21cdf4e7d11d0ddd588c2361820cd3f.mpf_cache
2024-11-10 18:38:42,230 : WARNING : ConfigProcessor : Cache file not found: C:\Users\dell\AppData\Local\Temp\c985e32e9d44f65a2b4ce21de0879b93.mpf_cache
2024-11-10 18:38:42,230 : INFO : ConfigProcessor : Loading config from file E:\MPF\wows\wows\shows\.\sh_mode_8_progress.yaml.
2024-11-10 18:38:42,238 : INFO : ConfigProcessor : Loading config: E:\MPF\wows\wows\shows\.\sh_mode_8_progress.yaml
2024-11-10 18:38:42,238 : INFO : ConfigProcessor : Config file cache created: C:\Users\dell\AppData\Local\Temp\c985e32e9d44f65a2b4ce21de0879b93.mpf_cache
2024-11-10 18:38:42,238 : WARNING : ConfigProcessor : Cache file not found: C:\Users\dell\AppData\Local\Temp\53b5443f454133ae1b362b3b93db77cb.mpf_cache
2024-11-10 18:38:42,238 : INFO : ConfigProcessor : Loading config from file E:\MPF\wows\wows\shows\.\sh_mode_8_shot_made.yaml.
2024-11-10 18:38:42,245 : INFO : ConfigProcessor : Loading config: E:\MPF\wows\wows\shows\.\sh_mode_8_shot_made.yaml
2024-11-10 18:38:42,246 : INFO : ConfigProcessor : Config file cache created: C:\Users\dell\AppData\Local\Temp\53b5443f454133ae1b362b3b93db77cb.mpf_cache
2024-11-10 18:38:42,246 : WARNING : ConfigProcessor : Cache file not found: C:\Users\dell\AppData\Local\Temp\3931d087bd0a337e7115b05d59ca5799.mpf_cache
2024-11-10 18:38:42,246 : INFO : ConfigProcessor : Loading config from file E:\MPF\wows\wows\shows\.\sh_mode_8_start.yaml.
2024-11-10 18:38:42,253 : INFO : ConfigProcessor : Loading config: E:\MPF\wows\wows\shows\.\sh_mode_8_start.yaml
2024-11-10 18:38:42,253 : INFO : ConfigProcessor : Config file cache created: C:\Users\dell\AppData\Local\Temp\3931d087bd0a337e7115b05d59ca5799.mpf_cache
2024-11-10 18:38:42,254 : WARNING : ConfigProcessor : Cache file not found: C:\Users\dell\AppData\Local\Temp\4b9dbb62597032bf50b643d8dab4e70a.mpf_cache
2024-11-10 18:38:42,254 : INFO : ConfigProcessor : Loading config from file E:\MPF\wows\wows\shows\.\sh_mode_9_completed.yaml.
2024-11-10 18:38:42,263 : INFO : ConfigProcessor : Loading config: E:\MPF\wows\wows\shows\.\sh_mode_9_completed.yaml
2024-11-10 18:38:42,263 : INFO : ConfigProcessor : Config file cache created: C:\Users\dell\AppData\Local\Temp\4b9dbb62597032bf50b643d8dab4e70a.mpf_cache
2024-11-10 18:38:42,263 : WARNING : ConfigProcessor : Cache file not found: C:\Users\dell\AppData\Local\Temp\765fb0e29c5e0a3c4df63af3a63a2aa9.mpf_cache
2024-11-10 18:38:42,263 : INFO : ConfigProcessor : Loading config from file E:\MPF\wows\wows\shows\.\sh_mode_9_progress.yaml.
2024-11-10 18:38:42,271 : INFO : ConfigProcessor : Loading config: E:\MPF\wows\wows\shows\.\sh_mode_9_progress.yaml
2024-11-10 18:38:42,271 : INFO : ConfigProcessor : Config file cache created: C:\Users\dell\AppData\Local\Temp\765fb0e29c5e0a3c4df63af3a63a2aa9.mpf_cache
2024-11-10 18:38:42,271 : WARNING : ConfigProcessor : Cache file not found: C:\Users\dell\AppData\Local\Temp\92bd7ddb78685ce3872fdffddbf4066b.mpf_cache
2024-11-10 18:38:42,271 : INFO : ConfigProcessor : Loading config from file E:\MPF\wows\wows\shows\.\sh_mode_9_shot_made.yaml.
2024-11-10 18:38:42,279 : INFO : ConfigProcessor : Loading config: E:\MPF\wows\wows\shows\.\sh_mode_9_shot_made.yaml
2024-11-10 18:38:42,279 : INFO : ConfigProcessor : Config file cache created: C:\Users\dell\AppData\Local\Temp\92bd7ddb78685ce3872fdffddbf4066b.mpf_cache
2024-11-10 18:38:42,279 : WARNING : ConfigProcessor : Cache file not found: C:\Users\dell\AppData\Local\Temp\f17b18f8fc49aa4015f8aaed5fe0310c.mpf_cache
2024-11-10 18:38:42,279 : INFO : ConfigProcessor : Loading config from file E:\MPF\wows\wows\shows\.\sh_mode_9_start.yaml.
2024-11-10 18:38:42,287 : INFO : ConfigProcessor : Loading config: E:\MPF\wows\wows\shows\.\sh_mode_9_start.yaml
2024-11-10 18:38:42,287 : INFO : ConfigProcessor : Config file cache created: C:\Users\dell\AppData\Local\Temp\f17b18f8fc49aa4015f8aaed5fe0310c.mpf_cache
2024-11-10 18:38:42,287 : WARNING : ConfigProcessor : Cache file not found: C:\Users\dell\AppData\Local\Temp\6025440fe966918e9010659c75a84677.mpf_cache
2024-11-10 18:38:42,287 : INFO : ConfigProcessor : Loading config from file E:\MPF\wows\wows\shows\.\sh_mode_end_sound.yaml.
2024-11-10 18:38:42,293 : INFO : ConfigProcessor : Loading config: E:\MPF\wows\wows\shows\.\sh_mode_end_sound.yaml
2024-11-10 18:38:42,293 : INFO : ConfigProcessor : Config file cache created: C:\Users\dell\AppData\Local\Temp\6025440fe966918e9010659c75a84677.mpf_cache
2024-11-10 18:38:42,294 : WARNING : ConfigProcessor : Cache file not found: C:\Users\dell\AppData\Local\Temp\cfdf05d29e2db67703b682b9e2f3ca3c.mpf_cache
2024-11-10 18:38:42,294 : INFO : ConfigProcessor : Loading config from file E:\MPF\wows\wows\shows\.\sh_multiple_jackpot_background_sound_1.yaml.
2024-11-10 18:38:42,300 : INFO : ConfigProcessor : Loading config: E:\MPF\wows\wows\shows\.\sh_multiple_jackpot_background_sound_1.yaml
2024-11-10 18:38:42,300 : INFO : ConfigProcessor : Config file cache created: C:\Users\dell\AppData\Local\Temp\cfdf05d29e2db67703b682b9e2f3ca3c.mpf_cache
2024-11-10 18:38:42,301 : WARNING : ConfigProcessor : Cache file not found: C:\Users\dell\AppData\Local\Temp\d94e10a03295440a68c0665192595ed1.mpf_cache
2024-11-10 18:38:42,301 : INFO : ConfigProcessor : Loading config from file E:\MPF\wows\wows\shows\.\sh_multiple_jackpot_background_sound_2.yaml.
2024-11-10 18:38:42,307 : INFO : ConfigProcessor : Loading config: E:\MPF\wows\wows\shows\.\sh_multiple_jackpot_background_sound_2.yaml
2024-11-10 18:38:42,307 : INFO : ConfigProcessor : Config file cache created: C:\Users\dell\AppData\Local\Temp\d94e10a03295440a68c0665192595ed1.mpf_cache
2024-11-10 18:38:42,307 : WARNING : ConfigProcessor : Cache file not found: C:\Users\dell\AppData\Local\Temp\01f102dbddb32abe391845f1f1fb6297.mpf_cache
2024-11-10 18:38:42,307 : INFO : ConfigProcessor : Loading config from file E:\MPF\wows\wows\shows\.\sh_multiple_jackpot_background_sound_3.yaml.
2024-11-10 18:38:42,313 : INFO : ConfigProcessor : Loading config: E:\MPF\wows\wows\shows\.\sh_multiple_jackpot_background_sound_3.yaml
2024-11-10 18:38:42,314 : INFO : ConfigProcessor : Config file cache created: C:\Users\dell\AppData\Local\Temp\01f102dbddb32abe391845f1f1fb6297.mpf_cache
2024-11-10 18:38:42,314 : WARNING : ConfigProcessor : Cache file not found: C:\Users\dell\AppData\Local\Temp\31f678389d4048ccede53f3d9bb6ebf4.mpf_cache
2024-11-10 18:38:42,314 : INFO : ConfigProcessor : Loading config from file E:\MPF\wows\wows\shows\.\sh_muzzle_flash_1.yaml.
2024-11-10 18:38:42,330 : INFO : ConfigProcessor : Loading config: E:\MPF\wows\wows\shows\.\sh_muzzle_flash_1.yaml
2024-11-10 18:38:42,330 : INFO : ConfigProcessor : Config file cache created: C:\Users\dell\AppData\Local\Temp\31f678389d4048ccede53f3d9bb6ebf4.mpf_cache
2024-11-10 18:38:42,330 : WARNING : ConfigProcessor : Cache file not found: C:\Users\dell\AppData\Local\Temp\b22da84cc4aef91ed7f9bc0328a0f1b4.mpf_cache
2024-11-10 18:38:42,330 : INFO : ConfigProcessor : Loading config from file E:\MPF\wows\wows\shows\.\sh_muzzle_flash_2.yaml.
2024-11-10 18:38:42,337 : INFO : ConfigProcessor : Loading config: E:\MPF\wows\wows\shows\.\sh_muzzle_flash_2.yaml
2024-11-10 18:38:42,337 : INFO : ConfigProcessor : Config file cache created: C:\Users\dell\AppData\Local\Temp\b22da84cc4aef91ed7f9bc0328a0f1b4.mpf_cache
2024-11-10 18:38:42,337 : WARNING : ConfigProcessor : Cache file not found: C:\Users\dell\AppData\Local\Temp\da1fede4c95c7878b99d619776f98fd7.mpf_cache
2024-11-10 18:38:42,338 : INFO : ConfigProcessor : Loading config from file E:\MPF\wows\wows\shows\.\sh_muzzle_flash_3.yaml.
2024-11-10 18:38:42,343 : INFO : ConfigProcessor : Loading config: E:\MPF\wows\wows\shows\.\sh_muzzle_flash_3.yaml
2024-11-10 18:38:42,343 : INFO : ConfigProcessor : Config file cache created: C:\Users\dell\AppData\Local\Temp\da1fede4c95c7878b99d619776f98fd7.mpf_cache
2024-11-10 18:38:42,343 : WARNING : ConfigProcessor : Cache file not found: C:\Users\dell\AppData\Local\Temp\cc30193cdee974cc13426b098027cee1.mpf_cache
2024-11-10 18:38:42,344 : INFO : ConfigProcessor : Loading config from file E:\MPF\wows\wows\shows\.\sh_muzzle_flash_4.yaml.
2024-11-10 18:38:42,350 : INFO : ConfigProcessor : Loading config: E:\MPF\wows\wows\shows\.\sh_muzzle_flash_4.yaml
2024-11-10 18:38:42,350 : INFO : ConfigProcessor : Config file cache created: C:\Users\dell\AppData\Local\Temp\cc30193cdee974cc13426b098027cee1.mpf_cache
2024-11-10 18:38:42,351 : WARNING : ConfigProcessor : Cache file not found: C:\Users\dell\AppData\Local\Temp\58e69a62c4f703cc84058f6193109d31.mpf_cache
2024-11-10 18:38:42,351 : INFO : ConfigProcessor : Loading config from file E:\MPF\wows\wows\shows\.\sh_muzzle_flash_5.yaml.
2024-11-10 18:38:42,357 : INFO : ConfigProcessor : Loading config: E:\MPF\wows\wows\shows\.\sh_muzzle_flash_5.yaml
2024-11-10 18:38:42,357 : INFO : ConfigProcessor : Config file cache created: C:\Users\dell\AppData\Local\Temp\58e69a62c4f703cc84058f6193109d31.mpf_cache
2024-11-10 18:38:42,357 : WARNING : ConfigProcessor : Cache file not found: C:\Users\dell\AppData\Local\Temp\e6a4926517ab55f9ed1b3658c3e4007c.mpf_cache
2024-11-10 18:38:42,358 : INFO : ConfigProcessor : Loading config from file E:\MPF\wows\wows\shows\.\sh_muzzle_flash_6.yaml.
2024-11-10 18:38:42,364 : INFO : ConfigProcessor : Loading config: E:\MPF\wows\wows\shows\.\sh_muzzle_flash_6.yaml
2024-11-10 18:38:42,364 : INFO : ConfigProcessor : Config file cache created: C:\Users\dell\AppData\Local\Temp\e6a4926517ab55f9ed1b3658c3e4007c.mpf_cache
2024-11-10 18:38:42,364 : WARNING : ConfigProcessor : Cache file not found: C:\Users\dell\AppData\Local\Temp\66ee654434268f21d59a1a197a33e84e.mpf_cache
2024-11-10 18:38:42,364 : INFO : ConfigProcessor : Loading config from file E:\MPF\wows\wows\shows\.\sh_sec_shell_1.yaml.
2024-11-10 18:38:42,371 : INFO : ConfigProcessor : Loading config: E:\MPF\wows\wows\shows\.\sh_sec_shell_1.yaml
2024-11-10 18:38:42,371 : INFO : ConfigProcessor : Config file cache created: C:\Users\dell\AppData\Local\Temp\66ee654434268f21d59a1a197a33e84e.mpf_cache
2024-11-10 18:38:42,372 : WARNING : ConfigProcessor : Cache file not found: C:\Users\dell\AppData\Local\Temp\0ad8a8c62d71fd6db5e688e34997c124.mpf_cache
2024-11-10 18:38:42,372 : INFO : ConfigProcessor : Loading config from file E:\MPF\wows\wows\shows\.\sh_sec_shell_10.yaml.
2024-11-10 18:38:42,378 : INFO : ConfigProcessor : Loading config: E:\MPF\wows\wows\shows\.\sh_sec_shell_10.yaml
2024-11-10 18:38:42,378 : INFO : ConfigProcessor : Config file cache created: C:\Users\dell\AppData\Local\Temp\0ad8a8c62d71fd6db5e688e34997c124.mpf_cache
2024-11-10 18:38:42,379 : WARNING : ConfigProcessor : Cache file not found: C:\Users\dell\AppData\Local\Temp\986ed299862bf4d6a9ee043620eb4411.mpf_cache
2024-11-10 18:38:42,379 : INFO : ConfigProcessor : Loading config from file E:\MPF\wows\wows\shows\.\sh_sec_shell_11.yaml.
2024-11-10 18:38:42,385 : INFO : ConfigProcessor : Loading config: E:\MPF\wows\wows\shows\.\sh_sec_shell_11.yaml
2024-11-10 18:38:42,386 : INFO : ConfigProcessor : Config file cache created: C:\Users\dell\AppData\Local\Temp\986ed299862bf4d6a9ee043620eb4411.mpf_cache
2024-11-10 18:38:42,386 : WARNING : ConfigProcessor : Cache file not found: C:\Users\dell\AppData\Local\Temp\85def6e32b8790efec9df62810edf89f.mpf_cache
2024-11-10 18:38:42,386 : INFO : ConfigProcessor : Loading config from file E:\MPF\wows\wows\shows\.\sh_sec_shell_12.yaml.
2024-11-10 18:38:42,392 : INFO : ConfigProcessor : Loading config: E:\MPF\wows\wows\shows\.\sh_sec_shell_12.yaml
2024-11-10 18:38:42,393 : INFO : ConfigProcessor : Config file cache created: C:\Users\dell\AppData\Local\Temp\85def6e32b8790efec9df62810edf89f.mpf_cache
2024-11-10 18:38:42,393 : WARNING : ConfigProcessor : Cache file not found: C:\Users\dell\AppData\Local\Temp\b4b8bbe6eb89ffab7b0a5bdc28aa737c.mpf_cache
2024-11-10 18:38:42,393 : INFO : ConfigProcessor : Loading config from file E:\MPF\wows\wows\shows\.\sh_sec_shell_2.yaml.
2024-11-10 18:38:42,399 : INFO : ConfigProcessor : Loading config: E:\MPF\wows\wows\shows\.\sh_sec_shell_2.yaml
2024-11-10 18:38:42,400 : INFO : ConfigProcessor : Config file cache created: C:\Users\dell\AppData\Local\Temp\b4b8bbe6eb89ffab7b0a5bdc28aa737c.mpf_cache
2024-11-10 18:38:42,400 : WARNING : ConfigProcessor : Cache file not found: C:\Users\dell\AppData\Local\Temp\234f7aa8fcdaed8506c3f7e3d1434348.mpf_cache
2024-11-10 18:38:42,400 : INFO : ConfigProcessor : Loading config from file E:\MPF\wows\wows\shows\.\sh_sec_shell_3.yaml.
2024-11-10 18:38:42,406 : INFO : ConfigProcessor : Loading config: E:\MPF\wows\wows\shows\.\sh_sec_shell_3.yaml
2024-11-10 18:38:42,407 : INFO : ConfigProcessor : Config file cache created: C:\Users\dell\AppData\Local\Temp\234f7aa8fcdaed8506c3f7e3d1434348.mpf_cache
2024-11-10 18:38:42,407 : WARNING : ConfigProcessor : Cache file not found: C:\Users\dell\AppData\Local\Temp\836170f935ca4f3a3c83dd48d4288e22.mpf_cache
2024-11-10 18:38:42,407 : INFO : ConfigProcessor : Loading config from file E:\MPF\wows\wows\shows\.\sh_sec_shell_4.yaml.
2024-11-10 18:38:42,413 : INFO : ConfigProcessor : Loading config: E:\MPF\wows\wows\shows\.\sh_sec_shell_4.yaml
2024-11-10 18:38:42,413 : INFO : ConfigProcessor : Config file cache created: C:\Users\dell\AppData\Local\Temp\836170f935ca4f3a3c83dd48d4288e22.mpf_cache
2024-11-10 18:38:42,414 : WARNING : ConfigProcessor : Cache file not found: C:\Users\dell\AppData\Local\Temp\0a4bf4f558c6de89fd1636f30c6211d9.mpf_cache
2024-11-10 18:38:42,414 : INFO : ConfigProcessor : Loading config from file E:\MPF\wows\wows\shows\.\sh_sec_shell_5.yaml.
2024-11-10 18:38:42,420 : INFO : ConfigProcessor : Loading config: E:\MPF\wows\wows\shows\.\sh_sec_shell_5.yaml
2024-11-10 18:38:42,420 : INFO : ConfigProcessor : Config file cache created: C:\Users\dell\AppData\Local\Temp\0a4bf4f558c6de89fd1636f30c6211d9.mpf_cache
2024-11-10 18:38:42,421 : WARNING : ConfigProcessor : Cache file not found: C:\Users\dell\AppData\Local\Temp\3936448b27d8bfc57c517bc3bf9d3aa2.mpf_cache
2024-11-10 18:38:42,421 : INFO : ConfigProcessor : Loading config from file E:\MPF\wows\wows\shows\.\sh_sec_shell_6.yaml.
2024-11-10 18:38:42,427 : INFO : ConfigProcessor : Loading config: E:\MPF\wows\wows\shows\.\sh_sec_shell_6.yaml
2024-11-10 18:38:42,427 : INFO : ConfigProcessor : Config file cache created: C:\Users\dell\AppData\Local\Temp\3936448b27d8bfc57c517bc3bf9d3aa2.mpf_cache
2024-11-10 18:38:42,428 : WARNING : ConfigProcessor : Cache file not found: C:\Users\dell\AppData\Local\Temp\73d13f131bebf83032dc613efdff3522.mpf_cache
2024-11-10 18:38:42,428 : INFO : ConfigProcessor : Loading config from file E:\MPF\wows\wows\shows\.\sh_sec_shell_7.yaml.
2024-11-10 18:38:42,434 : INFO : ConfigProcessor : Loading config: E:\MPF\wows\wows\shows\.\sh_sec_shell_7.yaml
2024-11-10 18:38:42,435 : INFO : ConfigProcessor : Config file cache created: C:\Users\dell\AppData\Local\Temp\73d13f131bebf83032dc613efdff3522.mpf_cache
2024-11-10 18:38:42,435 : WARNING : ConfigProcessor : Cache file not found: C:\Users\dell\AppData\Local\Temp\20beca28b497152ca0fd3409b83d4b87.mpf_cache
2024-11-10 18:38:42,435 : INFO : ConfigProcessor : Loading config from file E:\MPF\wows\wows\shows\.\sh_sec_shell_8.yaml.
2024-11-10 18:38:42,441 : INFO : ConfigProcessor : Loading config: E:\MPF\wows\wows\shows\.\sh_sec_shell_8.yaml
2024-11-10 18:38:42,442 : INFO : ConfigProcessor : Config file cache created: C:\Users\dell\AppData\Local\Temp\20beca28b497152ca0fd3409b83d4b87.mpf_cache
2024-11-10 18:38:42,442 : WARNING : ConfigProcessor : Cache file not found: C:\Users\dell\AppData\Local\Temp\e816efa2a54094e8cd44dabebc7784df.mpf_cache
2024-11-10 18:38:42,442 : INFO : ConfigProcessor : Loading config from file E:\MPF\wows\wows\shows\.\sh_sec_shell_9.yaml.
2024-11-10 18:38:42,448 : INFO : ConfigProcessor : Loading config: E:\MPF\wows\wows\shows\.\sh_sec_shell_9.yaml
2024-11-10 18:38:42,448 : INFO : ConfigProcessor : Config file cache created: C:\Users\dell\AppData\Local\Temp\e816efa2a54094e8cd44dabebc7784df.mpf_cache
2024-11-10 18:38:42,449 : WARNING : ConfigProcessor : Cache file not found: C:\Users\dell\AppData\Local\Temp\ec91b3a5e4d650dc4f7371582fb38eed.mpf_cache
2024-11-10 18:38:42,449 : INFO : ConfigProcessor : Loading config from file E:\MPF\wows\wows\shows\.\sh_ship_highlight_conqueror.yaml.
2024-11-10 18:38:42,455 : INFO : ConfigProcessor : Loading config: E:\MPF\wows\wows\shows\.\sh_ship_highlight_conqueror.yaml
2024-11-10 18:38:42,455 : INFO : ConfigProcessor : Config file cache created: C:\Users\dell\AppData\Local\Temp\ec91b3a5e4d650dc4f7371582fb38eed.mpf_cache
2024-11-10 18:38:42,455 : WARNING : ConfigProcessor : Cache file not found: C:\Users\dell\AppData\Local\Temp\9a1a1c28ae640e16df86b556a2688443.mpf_cache
2024-11-10 18:38:42,455 : INFO : ConfigProcessor : Loading config from file E:\MPF\wows\wows\shows\.\sh_ship_highlight_daring.yaml.
2024-11-10 18:38:42,461 : INFO : ConfigProcessor : Loading config: E:\MPF\wows\wows\shows\.\sh_ship_highlight_daring.yaml
2024-11-10 18:38:42,461 : INFO : ConfigProcessor : Config file cache created: C:\Users\dell\AppData\Local\Temp\9a1a1c28ae640e16df86b556a2688443.mpf_cache
2024-11-10 18:38:42,462 : WARNING : ConfigProcessor : Cache file not found: C:\Users\dell\AppData\Local\Temp\3463b2a86a39355c183f674ae2b12038.mpf_cache
2024-11-10 18:38:42,462 : INFO : ConfigProcessor : Loading config from file E:\MPF\wows\wows\shows\.\sh_ship_highlight_des_moines.yaml.
2024-11-10 18:38:42,468 : INFO : ConfigProcessor : Loading config: E:\MPF\wows\wows\shows\.\sh_ship_highlight_des_moines.yaml
2024-11-10 18:38:42,468 : INFO : ConfigProcessor : Config file cache created: C:\Users\dell\AppData\Local\Temp\3463b2a86a39355c183f674ae2b12038.mpf_cache
2024-11-10 18:38:42,468 : WARNING : ConfigProcessor : Cache file not found: C:\Users\dell\AppData\Local\Temp\6e6719c61d3fa021e7d679c2f24e1608.mpf_cache
2024-11-10 18:38:42,468 : INFO : ConfigProcessor : Loading config from file E:\MPF\wows\wows\shows\.\sh_ship_highlight_grosser_kurfurst.yaml.
2024-11-10 18:38:42,474 : INFO : ConfigProcessor : Loading config: E:\MPF\wows\wows\shows\.\sh_ship_highlight_grosser_kurfurst.yaml
2024-11-10 18:38:42,474 : INFO : ConfigProcessor : Config file cache created: C:\Users\dell\AppData\Local\Temp\6e6719c61d3fa021e7d679c2f24e1608.mpf_cache
2024-11-10 18:38:42,475 : WARNING : ConfigProcessor : Cache file not found: C:\Users\dell\AppData\Local\Temp\aa69a2c5c0adb7f9c40b6db4f1ca3483.mpf_cache
2024-11-10 18:38:42,475 : INFO : ConfigProcessor : Loading config from file E:\MPF\wows\wows\shows\.\sh_ship_highlight_haragumo.yaml.
2024-11-10 18:38:42,480 : INFO : ConfigProcessor : Loading config: E:\MPF\wows\wows\shows\.\sh_ship_highlight_haragumo.yaml
2024-11-10 18:38:42,481 : INFO : ConfigProcessor : Config file cache created: C:\Users\dell\AppData\Local\Temp\aa69a2c5c0adb7f9c40b6db4f1ca3483.mpf_cache
2024-11-10 18:38:42,481 : WARNING : ConfigProcessor : Cache file not found: C:\Users\dell\AppData\Local\Temp\971ebba8800a659d7a8e99cb206beff7.mpf_cache
2024-11-10 18:38:42,481 : INFO : ConfigProcessor : Loading config from file E:\MPF\wows\wows\shows\.\sh_ship_highlight_shimakaze.yaml.
2024-11-10 18:38:42,487 : INFO : ConfigProcessor : Loading config: E:\MPF\wows\wows\shows\.\sh_ship_highlight_shimakaze.yaml
2024-11-10 18:38:42,487 : INFO : ConfigProcessor : Config file cache created: C:\Users\dell\AppData\Local\Temp\971ebba8800a659d7a8e99cb206beff7.mpf_cache
2024-11-10 18:38:42,487 : WARNING : ConfigProcessor : Cache file not found: C:\Users\dell\AppData\Local\Temp\07e13f5cf5882efd50a16f81bcde4606.mpf_cache
2024-11-10 18:38:42,488 : INFO : ConfigProcessor : Loading config from file E:\MPF\wows\wows\shows\.\sh_ship_highlight_stalingrad.yaml.
2024-11-10 18:38:42,493 : INFO : ConfigProcessor : Loading config: E:\MPF\wows\wows\shows\.\sh_ship_highlight_stalingrad.yaml
2024-11-10 18:38:42,494 : INFO : ConfigProcessor : Config file cache created: C:\Users\dell\AppData\Local\Temp\07e13f5cf5882efd50a16f81bcde4606.mpf_cache
2024-11-10 18:38:42,494 : WARNING : ConfigProcessor : Cache file not found: C:\Users\dell\AppData\Local\Temp\48a45c572b20481e47ff005f73695e50.mpf_cache
2024-11-10 18:38:42,494 : INFO : ConfigProcessor : Loading config from file E:\MPF\wows\wows\shows\.\sh_ship_highlight_venezia.yaml.
2024-11-10 18:38:42,499 : INFO : ConfigProcessor : Loading config: E:\MPF\wows\wows\shows\.\sh_ship_highlight_venezia.yaml
2024-11-10 18:38:42,500 : INFO : ConfigProcessor : Config file cache created: C:\Users\dell\AppData\Local\Temp\48a45c572b20481e47ff005f73695e50.mpf_cache
2024-11-10 18:38:42,500 : WARNING : ConfigProcessor : Cache file not found: C:\Users\dell\AppData\Local\Temp\f12c25ef7bc56249cbbfe26e4a8634a0.mpf_cache
2024-11-10 18:38:42,500 : INFO : ConfigProcessor : Loading config from file E:\MPF\wows\wows\shows\.\sh_ship_highlight_yamato.yaml.
2024-11-10 18:38:42,506 : INFO : ConfigProcessor : Loading config: E:\MPF\wows\wows\shows\.\sh_ship_highlight_yamato.yaml
2024-11-10 18:38:42,506 : INFO : ConfigProcessor : Config file cache created: C:\Users\dell\AppData\Local\Temp\f12c25ef7bc56249cbbfe26e4a8634a0.mpf_cache
2024-11-10 18:38:42,507 : WARNING : ConfigProcessor : Cache file not found: C:\Users\dell\AppData\Local\Temp\7058dd9e75ad4dd97e6d02eda1f8d5f4.mpf_cache
2024-11-10 18:38:42,507 : INFO : ConfigProcessor : Loading config from file E:\MPF\wows\wows\shows\.\sh_start_hc_multiball.yaml.
2024-11-10 18:38:42,513 : INFO : ConfigProcessor : Loading config: E:\MPF\wows\wows\shows\.\sh_start_hc_multiball.yaml
2024-11-10 18:38:42,514 : INFO : ConfigProcessor : Config file cache created: C:\Users\dell\AppData\Local\Temp\7058dd9e75ad4dd97e6d02eda1f8d5f4.mpf_cache
2024-11-10 18:38:42,514 : WARNING : ConfigProcessor : Cache file not found: C:\Users\dell\AppData\Local\Temp\47777129294a1397780765ae2671e381.mpf_cache
2024-11-10 18:38:42,514 : INFO : ConfigProcessor : Loading config from file E:\MPF\wows\wows\shows\.\sh_status_report.yaml.
2024-11-10 18:38:42,521 : INFO : ConfigProcessor : Loading config: E:\MPF\wows\wows\shows\.\sh_status_report.yaml
2024-11-10 18:38:42,521 : INFO : ConfigProcessor : Config file cache created: C:\Users\dell\AppData\Local\Temp\47777129294a1397780765ae2671e381.mpf_cache
2024-11-10 18:38:42,522 : WARNING : ConfigProcessor : Cache file not found: C:\Users\dell\AppData\Local\Temp\a26dda2f3898e9b95a688d2faa147e67.mpf_cache
2024-11-10 18:38:42,522 : INFO : ConfigProcessor : Loading config from file E:\MPF\wows\wows\shows\.\sh_super_1.yaml.
2024-11-10 18:38:42,529 : INFO : ConfigProcessor : Loading config: E:\MPF\wows\wows\shows\.\sh_super_1.yaml
2024-11-10 18:38:42,529 : INFO : ConfigProcessor : Config file cache created: C:\Users\dell\AppData\Local\Temp\a26dda2f3898e9b95a688d2faa147e67.mpf_cache
2024-11-10 18:38:42,530 : WARNING : ConfigProcessor : Cache file not found: C:\Users\dell\AppData\Local\Temp\fbd33e7aab60e9ffed5e28859db24a15.mpf_cache
2024-11-10 18:38:42,530 : INFO : ConfigProcessor : Loading config from file E:\MPF\wows\wows\shows\.\sh_super_2.yaml.
2024-11-10 18:38:42,537 : INFO : ConfigProcessor : Loading config: E:\MPF\wows\wows\shows\.\sh_super_2.yaml
2024-11-10 18:38:42,538 : INFO : ConfigProcessor : Config file cache created: C:\Users\dell\AppData\Local\Temp\fbd33e7aab60e9ffed5e28859db24a15.mpf_cache
2024-11-10 18:38:42,538 : WARNING : ConfigProcessor : Cache file not found: C:\Users\dell\AppData\Local\Temp\64f60477c2da2625fa9ef2a86d50bb34.mpf_cache
2024-11-10 18:38:42,538 : INFO : ConfigProcessor : Loading config from file E:\MPF\wows\wows\shows\.\sh_super_3.yaml.
2024-11-10 18:38:42,545 : INFO : ConfigProcessor : Loading config: E:\MPF\wows\wows\shows\.\sh_super_3.yaml
2024-11-10 18:38:42,545 : INFO : ConfigProcessor : Config file cache created: C:\Users\dell\AppData\Local\Temp\64f60477c2da2625fa9ef2a86d50bb34.mpf_cache
2024-11-10 18:38:42,546 : WARNING : ConfigProcessor : Cache file not found: C:\Users\dell\AppData\Local\Temp\49b862cde9d22907c81f839348639a1f.mpf_cache
2024-11-10 18:38:42,546 : INFO : ConfigProcessor : Loading config from file E:\MPF\wows\wows\shows\.\sh_triple_jackpot_1.yaml.
2024-11-10 18:38:42,558 : INFO : ConfigProcessor : Loading config: E:\MPF\wows\wows\shows\.\sh_triple_jackpot_1.yaml
2024-11-10 18:38:42,559 : INFO : ConfigProcessor : Config file cache created: C:\Users\dell\AppData\Local\Temp\49b862cde9d22907c81f839348639a1f.mpf_cache
2024-11-10 18:38:42,559 : WARNING : ConfigProcessor : Cache file not found: C:\Users\dell\AppData\Local\Temp\21dda72cc57cadcf698e50094b8ee97d.mpf_cache
2024-11-10 18:38:42,559 : INFO : ConfigProcessor : Loading config from file E:\MPF\wows\wows\shows\.\sh_triple_jackpot_2.yaml.
2024-11-10 18:38:42,571 : INFO : ConfigProcessor : Loading config: E:\MPF\wows\wows\shows\.\sh_triple_jackpot_2.yaml
2024-11-10 18:38:42,572 : INFO : ConfigProcessor : Config file cache created: C:\Users\dell\AppData\Local\Temp\21dda72cc57cadcf698e50094b8ee97d.mpf_cache
2024-11-10 18:38:42,572 : WARNING : ConfigProcessor : Cache file not found: C:\Users\dell\AppData\Local\Temp\f9ee12ee8bbd05f85378a9386ceacce5.mpf_cache
2024-11-10 18:38:42,572 : INFO : ConfigProcessor : Loading config from file E:\MPF\wows\wows\shows\.\sh_triple_jackpot_3.yaml.
2024-11-10 18:38:42,585 : INFO : ConfigProcessor : Loading config: E:\MPF\wows\wows\shows\.\sh_triple_jackpot_3.yaml
2024-11-10 18:38:42,585 : INFO : ConfigProcessor : Config file cache created: C:\Users\dell\AppData\Local\Temp\f9ee12ee8bbd05f85378a9386ceacce5.mpf_cache
2024-11-10 18:38:42,585 : WARNING : ConfigProcessor : Cache file not found: C:\Users\dell\AppData\Local\Temp\0394fc9fe8dda0bc8c420287c11c8aae.mpf_cache
2024-11-10 18:38:42,585 : INFO : ConfigProcessor : Loading config from file E:\MPF\wows\wows\shows\.\sh_triple_jackpot_4.yaml.
2024-11-10 18:38:42,597 : INFO : ConfigProcessor : Loading config: E:\MPF\wows\wows\shows\.\sh_triple_jackpot_4.yaml
2024-11-10 18:38:42,598 : INFO : ConfigProcessor : Config file cache created: C:\Users\dell\AppData\Local\Temp\0394fc9fe8dda0bc8c420287c11c8aae.mpf_cache
2024-11-10 18:38:42,598 : WARNING : ConfigProcessor : Cache file not found: C:\Users\dell\AppData\Local\Temp\812e1e327d6ef9a51d487328d0586885.mpf_cache
2024-11-10 18:38:42,598 : INFO : ConfigProcessor : Loading config from file E:\MPF\wows\wows\shows\.\sh_triple_jackpot_5.yaml.
2024-11-10 18:38:42,611 : INFO : ConfigProcessor : Loading config: E:\MPF\wows\wows\shows\.\sh_triple_jackpot_5.yaml
2024-11-10 18:38:42,611 : INFO : ConfigProcessor : Config file cache created: C:\Users\dell\AppData\Local\Temp\812e1e327d6ef9a51d487328d0586885.mpf_cache
2024-11-10 18:38:42,612 : WARNING : ConfigProcessor : Cache file not found: C:\Users\dell\AppData\Local\Temp\70cf3c9830d27e79cc1fda7cb07bc23d.mpf_cache
2024-11-10 18:38:42,612 : INFO : ConfigProcessor : Loading config from file E:\MPF\wows\wows\shows\.\sh_triple_jackpot_6.yaml.
2024-11-10 18:38:42,624 : INFO : ConfigProcessor : Loading config: E:\MPF\wows\wows\shows\.\sh_triple_jackpot_6.yaml
2024-11-10 18:38:42,624 : INFO : ConfigProcessor : Config file cache created: C:\Users\dell\AppData\Local\Temp\70cf3c9830d27e79cc1fda7cb07bc23d.mpf_cache
2024-11-10 18:38:42,624 : WARNING : ConfigProcessor : Cache file not found: C:\Users\dell\AppData\Local\Temp\db70c5aab62dca0f645afe12f6eb7df3.mpf_cache
2024-11-10 18:38:42,624 : INFO : ConfigProcessor : Loading config from file E:\MPF\wows\wows\shows\.\sh_weapon_load_status.yaml.
2024-11-10 18:38:42,631 : INFO : ConfigProcessor : Loading config: E:\MPF\wows\wows\shows\.\sh_weapon_load_status.yaml
2024-11-10 18:38:42,631 : INFO : ConfigProcessor : Config file cache created: C:\Users\dell\AppData\Local\Temp\db70c5aab62dca0f645afe12f6eb7df3.mpf_cache
2024-11-10 18:38:42,633 : INFO : Machine : Mission Pinball Framework Core Engine v0.54.6
2024-11-10 18:38:42,633 : INFO : Machine : Command line arguments: {'no_load_cache': False, 'create_config_cache': True, 'bcp': True, 'configfile': ['config.yaml'], 'force_assets_load': False, 'jsonlogging': False, 'logfile': 'logs\\2024-11-10-18-38-36-mpf-DESKTOP-7A962BJ.log', 'pause': False, 'production': False, 'text_ui': True, 'loglevel': 15, 'consoleloglevel': 20, 'force_platform': None, 'syslog_address': None, 'mc_file_name': None, 'no_sound': False}
2024-11-10 18:38:42,633 : INFO : Machine : MPF path: c:\users\dell\appdata\local\programs\python\python36\lib\site-packages\mpf
2024-11-10 18:38:42,633 : INFO : Machine : Machine path: E:\MPF\wows\wows
2024-11-10 18:38:42,633 : INFO : Machine : Platform: win32
2024-11-10 18:38:42,633 : INFO : Machine : Python executable location: c:\users\dell\appdata\local\programs\python\python36\python.exe
2024-11-10 18:38:42,634 : INFO : Machine : Python version: 3.6.4 (64-bit)
2024-11-10 18:38:42,636 : INFO : Machine : Initialise MPF.
2024-11-10 18:38:43,096 : INFO : Pin2DmdDevice : Connecting to Pin2DMD RGB DMD
2024-11-10 18:38:43,116 : INFO : Machine : Shutting down...
2024-11-10 18:38:43,117 : INFO : EventManager : Event: ======'shutdown'====== Args={}
2024-11-10 18:38:43,117 : ERROR : Machine : Failed to initialise MPF
Traceback (most recent call last):
  File "c:\users\dell\appdata\local\programs\python\python36\lib\site-packages\mpf\core\machine.py", line 663, in initialise_mpf
    raise init.exception()
  File "c:\users\dell\appdata\local\programs\python\python36\lib\site-packages\mpf\core\machine.py", line 239, in initialise
    await self.initialise_core_and_hardware()
  File "c:\users\dell\appdata\local\programs\python\python36\lib\site-packages\mpf\core\machine.py", line 235, in initialise_core_and_hardware
    await self._initialize_platforms()
  File "c:\users\dell\appdata\local\programs\python\python36\lib\site-packages\mpf\core\machine.py", line 326, in _initialize_platforms
    result.result()
  File "c:\users\dell\appdata\local\programs\python\python36\lib\site-packages\mpf\platforms\pin2dmd.py", line 58, in initialize
    await self.device.connect()
  File "c:\users\dell\appdata\local\programs\python\python36\lib\site-packages\mpf\platforms\pin2dmd.py", line 202, in connect
    raise AssertionError('Pin2Dmd USB device not found')
AssertionError: Pin2Dmd USB device not found
2024-11-10 18:38:43,137 : INFO : root : MPF run loop ended.
