2024-09-05 18:50:48,537 : kivy : Factory: 184 symbols loaded
2024-09-05 18:50:48,655 : kivy : ImageLoaderFFPy: Using ffpyplayer 4.3.1
2024-09-05 18:50:48,656 : kivy : Image: Providers: img_tex, img_dds, img_sdl2, img_pil, img_ffpyplayer, img_gif 
2024-09-05 18:50:48,700 : kivy : VideoGstplayer: Using Gstreamer 1.16.0.0
2024-09-05 18:50:48,700 : kivy : Video: Provider: gstplayer
2024-09-05 18:50:48,751 : kivy : Loading MPF-MC controller
2024-09-05 18:50:48,753 : YamlMultifileConfigLoader : Machine config file #1: config
2024-09-05 18:50:48,753 : ConfigProcessor : Config file in cache changed: E:\MPF\wows\wows\config\config
2024-09-05 18:50:48,754 : ConfigProcessor : Loading config from file c:\users\dell\appdata\local\programs\python\python36\lib\site-packages\mpfmc\mcconfig.yaml.
2024-09-05 18:50:48,791 : ConfigProcessor : Loading config: c:\users\dell\appdata\local\programs\python\python36\lib\site-packages\mpfmc\mcconfig.yaml
2024-09-05 18:50:48,792 : ConfigProcessor : Loading config from file E:\MPF\wows\wows\config\config.
2024-09-05 18:50:48,794 : ConfigProcessor : Loading config: E:\MPF\wows\wows\config\config
2024-09-05 18:50:48,803 : ConfigProcessor : Loading config: E:\MPF\wows\wows\config\primary/config_else_virtual.yaml
2024-09-05 18:50:48,882 : ConfigProcessor : Loading config: E:\MPF\wows\wows\config\primary/config_hardware.yaml
2024-09-05 18:50:48,886 : ConfigProcessor : Loading config: E:\MPF\wows\wows\config\primary/config_keys.yaml
2024-09-05 18:50:48,939 : ConfigProcessor : Loading config: E:\MPF\wows\wows\config\primary/config_logic.yaml
2024-09-05 18:50:48,944 : ConfigProcessor : Loading config: E:\MPF\wows\wows\config\primary/config_modes.yaml
2024-09-05 18:50:48,950 : ConfigProcessor : Loading config: E:\MPF\wows\wows\config\primary/config_operator_settings.yaml
2024-09-05 18:50:48,969 : ConfigProcessor : Loading config: E:\MPF\wows\wows\config\primary/config_sound_music.yaml
2024-09-05 18:50:49,032 : ConfigProcessor : Loading config: E:\MPF\wows\wows\config\primary/config_values.yaml
2024-09-05 18:50:49,041 : ConfigProcessor : Loading config: E:\MPF\wows\wows\config\primary/config_virtual_hardware.yaml
2024-09-05 18:50:49,484 : ConfigProcessor : Loading config: E:\MPF\wows\wows\config\support/config_support_mode_end.yaml
2024-09-05 18:50:49,514 : ConfigProcessor : Loading config: E:\MPF\wows\wows\config\support/config_support_hc.yaml
2024-09-05 18:50:49,522 : ConfigProcessor : Loading config: E:\MPF\wows\wows\config\support/config_support_capture.yaml
2024-09-05 18:50:49,538 : ConfigProcessor : Loading config: E:\MPF\wows\wows\config\support/config_support_commander.yaml
2024-09-05 18:50:49,588 : ConfigProcessor : Loading config: E:\MPF\wows\wows\config\support/config_support_dmg_con.yaml
2024-09-05 18:50:49,629 : ConfigProcessor : Loading config: E:\MPF\wows\wows\config\support/config_support_status_report.yaml
2024-09-05 18:50:49,647 : ConfigProcessor : Config file cache created: C:\Users\dell\AppData\Local\Temp\6d82fd4a30091e02690fac5de20c7449.mpf_cache
2024-09-05 18:50:49,648 : ConfigProcessor : Loading config from cache: C:\Users\dell\AppData\Local\Temp\59a64183768b31a5bf2b8a1c5fa05afc.mpf_cache
2024-09-05 18:50:49,648 : ConfigProcessor : Loading config from cache: C:\Users\dell\AppData\Local\Temp\e4aaedaa0a5d6d283bdf8896bd678b71.mpf_cache
2024-09-05 18:50:49,649 : ConfigProcessor : Loading config from cache: C:\Users\dell\AppData\Local\Temp\59a64183768b31a5bf2b8a1c5fa05afc.mpf_cache
2024-09-05 18:50:49,649 : ConfigProcessor : Loading config from cache: C:\Users\dell\AppData\Local\Temp\d05889abdb32f5a85db64ac2e197f4ff.mpf_cache
2024-09-05 18:50:49,650 : ConfigProcessor : Loading config from cache: C:\Users\dell\AppData\Local\Temp\434c2e3a52e1507818428e1c584a9ae0.mpf_cache
2024-09-05 18:50:49,650 : ConfigProcessor : Loading config from cache: C:\Users\dell\AppData\Local\Temp\c96ee90647ae5b034e2dd42c348c42ad.mpf_cache
2024-09-05 18:50:49,651 : ConfigProcessor : Loading config from cache: C:\Users\dell\AppData\Local\Temp\ca0415bb38fd20ce1ae72b2592ece46e.mpf_cache
2024-09-05 18:50:49,651 : ConfigProcessor : Loading config from cache: C:\Users\dell\AppData\Local\Temp\72e9fea1cb562e40024eb5e8538ccaf2.mpf_cache
2024-09-05 18:50:49,651 : ConfigProcessor : Loading config from cache: C:\Users\dell\AppData\Local\Temp\c22c03646c3330fed25ec0d2c1900176.mpf_cache
2024-09-05 18:50:49,652 : ConfigProcessor : Loading config from cache: C:\Users\dell\AppData\Local\Temp\4f40b51a2a6ab6b3327b174347355c6f.mpf_cache
2024-09-05 18:50:49,653 : ConfigProcessor : Loading config from cache: C:\Users\dell\AppData\Local\Temp\39fabcdae38f081491893b3f9bf3922e.mpf_cache
2024-09-05 18:50:49,653 : ConfigProcessor : Loading config from cache: C:\Users\dell\AppData\Local\Temp\943ecf72a5798e3efec3d4f70c6ce1d2.mpf_cache
2024-09-05 18:50:49,654 : ConfigProcessor : Loading config from cache: C:\Users\dell\AppData\Local\Temp\04d9c03061fa17a1f6b23081f79db9ab.mpf_cache
2024-09-05 18:50:49,654 : ConfigProcessor : Loading config from cache: C:\Users\dell\AppData\Local\Temp\1ff29be1d22fb14fe5fd1c82a6918df4.mpf_cache
2024-09-05 18:50:49,655 : ConfigProcessor : Loading config from cache: C:\Users\dell\AppData\Local\Temp\f0ffd5ecaddfe34035bf3b1779215a88.mpf_cache
2024-09-05 18:50:49,655 : ConfigProcessor : Loading config from cache: C:\Users\dell\AppData\Local\Temp\b0de444617e3bf30a07f755a6d4831cc.mpf_cache
2024-09-05 18:50:49,655 : ConfigProcessor : Loading config from cache: C:\Users\dell\AppData\Local\Temp\200a9b2dddbe7706ffb4c4426b6d54a8.mpf_cache
2024-09-05 18:50:49,656 : ConfigProcessor : Loading config from cache: C:\Users\dell\AppData\Local\Temp\5ab98d4be1e8de85bea62364890eb2e9.mpf_cache
2024-09-05 18:50:49,656 : ConfigProcessor : Loading config from cache: C:\Users\dell\AppData\Local\Temp\4303dca7489148da2d256fc831cf8c96.mpf_cache
2024-09-05 18:50:49,657 : ConfigProcessor : Loading config from cache: C:\Users\dell\AppData\Local\Temp\e8fceecd8f65a6a7269e98c7961bbf6a.mpf_cache
2024-09-05 18:50:49,657 : ConfigProcessor : Loading config from cache: C:\Users\dell\AppData\Local\Temp\c84d6d08bf6f923cbcccfeeea02d2c8a.mpf_cache
2024-09-05 18:50:49,657 : ConfigProcessor : Loading config from cache: C:\Users\dell\AppData\Local\Temp\159a0b7ffc6de2ed1a8cdcd57b7df3c0.mpf_cache
2024-09-05 18:50:49,658 : ConfigProcessor : Loading config from cache: C:\Users\dell\AppData\Local\Temp\dd71d04ba3f4dce8325f2504de3de352.mpf_cache
2024-09-05 18:50:49,658 : ConfigProcessor : Loading config from cache: C:\Users\dell\AppData\Local\Temp\47da5935da57327449007069e0d0551c.mpf_cache
2024-09-05 18:50:49,659 : ConfigProcessor : Loading config from cache: C:\Users\dell\AppData\Local\Temp\b1234e2c44a33609dc2af4760c4a3f89.mpf_cache
2024-09-05 18:50:49,659 : ConfigProcessor : Loading config from cache: C:\Users\dell\AppData\Local\Temp\7ab9985e2a62b75a325504808417b1e7.mpf_cache
2024-09-05 18:50:49,660 : ConfigProcessor : Loading config from cache: C:\Users\dell\AppData\Local\Temp\466eddfec572894d9eb472ce07aa5fba.mpf_cache
2024-09-05 18:50:49,660 : ConfigProcessor : Loading config from cache: C:\Users\dell\AppData\Local\Temp\93429a2a8e0859f6546b68f40c2a4656.mpf_cache
2024-09-05 18:50:49,660 : ConfigProcessor : Loading config from cache: C:\Users\dell\AppData\Local\Temp\95ae88fb094583fa2b4097c6df179650.mpf_cache
2024-09-05 18:50:49,661 : ConfigProcessor : Loading config from cache: C:\Users\dell\AppData\Local\Temp\de2d3fc178b15ce3807fa4ab35b9c965.mpf_cache
2024-09-05 18:50:49,661 : ConfigProcessor : Loading config from cache: C:\Users\dell\AppData\Local\Temp\0c80ca2179989d09b86c78c19ec87d9b.mpf_cache
2024-09-05 18:50:49,662 : ConfigProcessor : Loading config from cache: C:\Users\dell\AppData\Local\Temp\95e265efe14e4eb05d8d5c5689c9ae6b.mpf_cache
2024-09-05 18:50:49,663 : ConfigProcessor : Loading config from cache: C:\Users\dell\AppData\Local\Temp\ba047bbdc168fca96d58d351c4240916.mpf_cache
2024-09-05 18:50:49,663 : ConfigProcessor : Loading config from cache: C:\Users\dell\AppData\Local\Temp\7c1900736275ba8a713cfe77e991e929.mpf_cache
2024-09-05 18:50:49,663 : ConfigProcessor : Loading config from cache: C:\Users\dell\AppData\Local\Temp\db3d1ab92e5d5c563b40d82372434517.mpf_cache
2024-09-05 18:50:49,664 : ConfigProcessor : Loading config from cache: C:\Users\dell\AppData\Local\Temp\78980531363184480bbd7075661ced33.mpf_cache
2024-09-05 18:50:49,664 : ConfigProcessor : Loading config from cache: C:\Users\dell\AppData\Local\Temp\efcf079e5af2b94e88dae4e07273acc8.mpf_cache
2024-09-05 18:50:49,664 : ConfigProcessor : Loading config from cache: C:\Users\dell\AppData\Local\Temp\44231afd4be159e8c99041e8eb88670e.mpf_cache
2024-09-05 18:50:49,665 : ConfigProcessor : Loading config from cache: C:\Users\dell\AppData\Local\Temp\2b5357265150b67996b1d26df60329cf.mpf_cache
2024-09-05 18:50:49,666 : mpfmc : Mission Pinball Framework Media Controller v0.54.2
2024-09-05 18:50:49,666 : mpfmc : Mission Pinball Framework Game Engine v0.54.6
2024-09-05 18:50:49,666 : mpfmc : Machine path: E:\MPF\wows\wows
2024-09-05 18:50:49,666 : mpfmc : Starting clock at 60.0Hz
2024-09-05 18:50:49,679 : kivy : Text: Provider: sdl2
2024-09-05 18:50:49,714 : kivy : Window: Provider: sdl2
2024-09-05 18:50:50,032 : kivy : GL: Using the "OpenGL" graphics system
2024-09-05 18:50:50,040 : kivy : GL: GLEW initialization succeeded
2024-09-05 18:50:50,040 : kivy : GL: Backend used <glew>
2024-09-05 18:50:50,041 : kivy : GL: OpenGL version <b'4.6.0 NVIDIA 536.23'>
2024-09-05 18:50:50,041 : kivy : GL: OpenGL vendor <b'NVIDIA Corporation'>
2024-09-05 18:50:50,041 : kivy : GL: OpenGL renderer <b'NVIDIA GeForce GTX 1080/PCIe/SSE2'>
2024-09-05 18:50:50,041 : kivy : GL: OpenGL parsed version: 4, 6
2024-09-05 18:50:50,041 : kivy : GL: Shading version <b'4.60 NVIDIA'>
2024-09-05 18:50:50,041 : kivy : GL: Texture max size <32768>
2024-09-05 18:50:50,041 : kivy : GL: Texture max units <32>
2024-09-05 18:50:50,107 : kivy : Window: auto add sdl2 input provider
2024-09-05 18:50:50,108 : kivy : Window: virtual keyboard not allowed, single mode, not docked
2024-09-05 18:50:50,346 : AudioInterface : Initialized
2024-09-05 18:50:50,348 : kivy : Base: Start application main loop
2024-09-05 18:50:50,349 : EventManager : Event: ======'display_dmd_initialized'====== Args={}
2024-09-05 18:50:50,357 : mpfmc : Display: Setting 'dmd' as default display
2024-09-05 18:50:50,361 : kivy : GL: NPOT texture support is available
2024-09-05 18:50:50,386 : EventManager : Event: ======'displays_initialized'====== Args={}
2024-09-05 18:50:50,386 : EventManager : Event: ======'slide_dmd_blank_created'====== Args={}
2024-09-05 18:50:50,387 : EventManager : Event: ======'display_dmd_ready'====== Args={}
2024-09-05 18:50:50,394 : EventManager : Event: ======'init_phase_1'====== Args={}
2024-09-05 18:50:50,425 : EventManager : Event: ======'mc_ready'====== Args={}
2024-09-05 18:50:50,426 : EventManager : Event: ======'init_phase_2'====== Args={}
2024-09-05 18:50:50,519 : EventManager : Event: ======'init_phase_3'====== Args={}
2024-09-05 18:50:50,520 : AssetManager : Registering Asset: A, File: A.png, Default Group: default, Final Config: {'load': 'preload', 'file': 'E:\\MPF\\wows\\wows\\images\\A.png'}
2024-09-05 18:50:50,520 : AssetManager : Registering Asset: aa_1, File: aa_1.gif, Default Group: default, Final Config: {'load': 'preload', 'file': 'E:\\MPF\\wows\\wows\\images\\aa_1.gif'}
2024-09-05 18:50:50,520 : AssetManager : Registering Asset: aa_2, File: aa_2.gif, Default Group: default, Final Config: {'load': 'preload', 'file': 'E:\\MPF\\wows\\wows\\images\\aa_2.gif'}
2024-09-05 18:50:50,520 : AssetManager : Registering Asset: aa_3, File: aa_3.gif, Default Group: default, Final Config: {'load': 'preload', 'file': 'E:\\MPF\\wows\\wows\\images\\aa_3.gif'}
2024-09-05 18:50:50,520 : AssetManager : Registering Asset: aa_4, File: aa_4.gif, Default Group: default, Final Config: {'load': 'preload', 'file': 'E:\\MPF\\wows\\wows\\images\\aa_4.gif'}
2024-09-05 18:50:50,520 : AssetManager : Registering Asset: aircraft_carrier, File: aircraft_carrier.png, Default Group: default, Final Config: {'load': 'preload', 'file': 'E:\\MPF\\wows\\wows\\images\\aircraft_carrier.png'}
2024-09-05 18:50:50,520 : AssetManager : Registering Asset: aircraft_carrier_aa_shell_1, File: aircraft_carrier_aa_shell_1.gif, Default Group: default, Final Config: {'load': 'preload', 'file': 'E:\\MPF\\wows\\wows\\images\\aircraft_carrier_aa_shell_1.gif'}
2024-09-05 18:50:50,521 : AssetManager : Registering Asset: aircraft_carrier_aa_shell_2, File: aircraft_carrier_aa_shell_2.gif, Default Group: default, Final Config: {'load': 'preload', 'file': 'E:\\MPF\\wows\\wows\\images\\aircraft_carrier_aa_shell_2.gif'}
2024-09-05 18:50:50,521 : AssetManager : Registering Asset: aircraft_carrier_aa_shell_3, File: aircraft_carrier_aa_shell_3.gif, Default Group: default, Final Config: {'load': 'preload', 'file': 'E:\\MPF\\wows\\wows\\images\\aircraft_carrier_aa_shell_3.gif'}
2024-09-05 18:50:50,521 : AssetManager : Registering Asset: aircraft_carrier_aa_shell_4, File: aircraft_carrier_aa_shell_4.gif, Default Group: default, Final Config: {'load': 'preload', 'file': 'E:\\MPF\\wows\\wows\\images\\aircraft_carrier_aa_shell_4.gif'}
2024-09-05 18:50:50,521 : AssetManager : Registering Asset: aircraft_carrier_background, File: aircraft_carrier_background.png, Default Group: default, Final Config: {'load': 'preload', 'file': 'E:\\MPF\\wows\\wows\\images\\aircraft_carrier_background.png'}
2024-09-05 18:50:50,521 : AssetManager : Registering Asset: aircraft_carrier_center_down, File: aircraft_carrier_center_down.gif, Default Group: default, Final Config: {'load': 'preload', 'file': 'E:\\MPF\\wows\\wows\\images\\aircraft_carrier_center_down.gif'}
2024-09-05 18:50:50,521 : AssetManager : Registering Asset: aircraft_carrier_center_up, File: aircraft_carrier_center_up.gif, Default Group: default, Final Config: {'load': 'preload', 'file': 'E:\\MPF\\wows\\wows\\images\\aircraft_carrier_center_up.gif'}
2024-09-05 18:50:50,521 : AssetManager : Registering Asset: aircraft_carrier_crash, File: aircraft_carrier_crash.gif, Default Group: default, Final Config: {'load': 'preload', 'file': 'E:\\MPF\\wows\\wows\\images\\aircraft_carrier_crash.gif'}
2024-09-05 18:50:50,521 : AssetManager : Registering Asset: aircraft_carrier_down, File: aircraft_carrier_down.gif, Default Group: default, Final Config: {'load': 'preload', 'file': 'E:\\MPF\\wows\\wows\\images\\aircraft_carrier_down.gif'}
2024-09-05 18:50:50,521 : AssetManager : Registering Asset: aircraft_carrier_explosion, File: aircraft_carrier_explosion.gif, Default Group: default, Final Config: {'load': 'preload', 'file': 'E:\\MPF\\wows\\wows\\images\\aircraft_carrier_explosion.gif'}
2024-09-05 18:50:50,521 : AssetManager : Registering Asset: aircraft_carrier_island_1, File: aircraft_carrier_island_1.png, Default Group: default, Final Config: {'load': 'preload', 'file': 'E:\\MPF\\wows\\wows\\images\\aircraft_carrier_island_1.png'}
2024-09-05 18:50:50,521 : AssetManager : Registering Asset: aircraft_carrier_island_2, File: aircraft_carrier_island_2.png, Default Group: default, Final Config: {'load': 'preload', 'file': 'E:\\MPF\\wows\\wows\\images\\aircraft_carrier_island_2.png'}
2024-09-05 18:50:50,521 : AssetManager : Registering Asset: aircraft_carrier_island_3, File: aircraft_carrier_island_3.png, Default Group: default, Final Config: {'load': 'preload', 'file': 'E:\\MPF\\wows\\wows\\images\\aircraft_carrier_island_3.png'}
2024-09-05 18:50:50,521 : AssetManager : Registering Asset: aircraft_carrier_island_4, File: aircraft_carrier_island_4.png, Default Group: default, Final Config: {'load': 'preload', 'file': 'E:\\MPF\\wows\\wows\\images\\aircraft_carrier_island_4.png'}
2024-09-05 18:50:50,521 : AssetManager : Registering Asset: aircraft_carrier_plane, File: aircraft_carrier_plane.png, Default Group: default, Final Config: {'load': 'preload', 'file': 'E:\\MPF\\wows\\wows\\images\\aircraft_carrier_plane.png'}
2024-09-05 18:50:50,521 : AssetManager : Registering Asset: aircraft_carrier_plane_explosion, File: aircraft_carrier_plane_explosion.gif, Default Group: default, Final Config: {'load': 'preload', 'file': 'E:\\MPF\\wows\\wows\\images\\aircraft_carrier_plane_explosion.gif'}
2024-09-05 18:50:50,521 : AssetManager : Registering Asset: aircraft_carrier_ship, File: aircraft_carrier_ship.png, Default Group: default, Final Config: {'load': 'preload', 'file': 'E:\\MPF\\wows\\wows\\images\\aircraft_carrier_ship.png'}
2024-09-05 18:50:50,522 : AssetManager : Registering Asset: aircraft_carrier_splash, File: aircraft_carrier_splash.gif, Default Group: default, Final Config: {'load': 'preload', 'file': 'E:\\MPF\\wows\\wows\\images\\aircraft_carrier_splash.gif'}
2024-09-05 18:50:50,522 : AssetManager : Registering Asset: aircraft_carrier_torpedo, File: aircraft_carrier_torpedo.gif, Default Group: default, Final Config: {'load': 'preload', 'file': 'E:\\MPF\\wows\\wows\\images\\aircraft_carrier_torpedo.gif'}
2024-09-05 18:50:50,522 : AssetManager : Registering Asset: aircraft_carrier_up, File: aircraft_carrier_up.gif, Default Group: default, Final Config: {'load': 'preload', 'file': 'E:\\MPF\\wows\\wows\\images\\aircraft_carrier_up.gif'}
2024-09-05 18:50:50,522 : AssetManager : Registering Asset: B, File: B.png, Default Group: default, Final Config: {'load': 'preload', 'file': 'E:\\MPF\\wows\\wows\\images\\B.png'}
2024-09-05 18:50:50,522 : AssetManager : Registering Asset: battle_aircraft_carrier, File: battle_aircraft_carrier.png, Default Group: default, Final Config: {'load': 'preload', 'file': 'E:\\MPF\\wows\\wows\\images\\battle_aircraft_carrier.png'}
2024-09-05 18:50:50,522 : AssetManager : Registering Asset: battle_battleship, File: battle_battleship.png, Default Group: default, Final Config: {'load': 'preload', 'file': 'E:\\MPF\\wows\\wows\\images\\battle_battleship.png'}
2024-09-05 18:50:50,522 : AssetManager : Registering Asset: battle_cruiser, File: battle_cruiser.png, Default Group: default, Final Config: {'load': 'preload', 'file': 'E:\\MPF\\wows\\wows\\images\\battle_cruiser.png'}
2024-09-05 18:50:50,522 : AssetManager : Registering Asset: battle_destroyer, File: battle_destroyer.png, Default Group: default, Final Config: {'load': 'preload', 'file': 'E:\\MPF\\wows\\wows\\images\\battle_destroyer.png'}
2024-09-05 18:50:50,522 : AssetManager : Registering Asset: belso_agyu, File: belso_agyu.gif, Default Group: default, Final Config: {'load': 'preload', 'file': 'E:\\MPF\\wows\\wows\\images\\belso_agyu.gif'}
2024-09-05 18:50:50,522 : AssetManager : Registering Asset: belso_agyu_2, File: belso_agyu_2.gif, Default Group: default, Final Config: {'load': 'preload', 'file': 'E:\\MPF\\wows\\wows\\images\\belso_agyu_2.gif'}
2024-09-05 18:50:50,522 : AssetManager : Registering Asset: belso_agyu_marad, File: belso_agyu_marad.png, Default Group: default, Final Config: {'load': 'preload', 'file': 'E:\\MPF\\wows\\wows\\images\\belso_agyu_marad.png'}
2024-09-05 18:50:50,522 : AssetManager : Registering Asset: belso_agyu_marad_2, File: belso_agyu_marad_2.png, Default Group: default, Final Config: {'load': 'preload', 'file': 'E:\\MPF\\wows\\wows\\images\\belso_agyu_marad_2.png'}
2024-09-05 18:50:50,522 : AssetManager : Registering Asset: belso_felepitmeny, File: belso_felepitmeny.gif, Default Group: default, Final Config: {'load': 'preload', 'file': 'E:\\MPF\\wows\\wows\\images\\belso_felepitmeny.gif'}
2024-09-05 18:50:50,522 : AssetManager : Registering Asset: belso_felepitmeny_2, File: belso_felepitmeny_2.gif, Default Group: default, Final Config: {'load': 'preload', 'file': 'E:\\MPF\\wows\\wows\\images\\belso_felepitmeny_2.gif'}
2024-09-05 18:50:50,522 : AssetManager : Registering Asset: belso_hajotest, File: belso_hajotest.png, Default Group: default, Final Config: {'load': 'preload', 'file': 'E:\\MPF\\wows\\wows\\images\\belso_hajotest.png'}
2024-09-05 18:50:50,522 : AssetManager : Registering Asset: belso_izzo, File: belso_izzo.gif, Default Group: default, Final Config: {'load': 'preload', 'file': 'E:\\MPF\\wows\\wows\\images\\belso_izzo.gif'}
2024-09-05 18:50:50,523 : AssetManager : Registering Asset: belso_izzo_2, File: belso_izzo_2.gif, Default Group: default, Final Config: {'load': 'preload', 'file': 'E:\\MPF\\wows\\wows\\images\\belso_izzo_2.gif'}
2024-09-05 18:50:50,523 : AssetManager : Registering Asset: belso_muzzle_flash, File: belso_muzzle_flash.gif, Default Group: default, Final Config: {'load': 'preload', 'file': 'E:\\MPF\\wows\\wows\\images\\belso_muzzle_flash.gif'}
2024-09-05 18:50:50,523 : AssetManager : Registering Asset: C, File: C.png, Default Group: default, Final Config: {'load': 'preload', 'file': 'E:\\MPF\\wows\\wows\\images\\C.png'}
2024-09-05 18:50:50,523 : AssetManager : Registering Asset: captured, File: captured.gif, Default Group: default, Final Config: {'load': 'preload', 'file': 'E:\\MPF\\wows\\wows\\images\\captured.gif'}
2024-09-05 18:50:50,523 : AssetManager : Registering Asset: captured_base, File: captured_base.gif, Default Group: default, Final Config: {'load': 'preload', 'file': 'E:\\MPF\\wows\\wows\\images\\captured_base.gif'}
2024-09-05 18:50:50,523 : AssetManager : Registering Asset: captured_base_still, File: captured_base_still.png, Default Group: default, Final Config: {'load': 'preload', 'file': 'E:\\MPF\\wows\\wows\\images\\captured_base_still.png'}
2024-09-05 18:50:50,523 : AssetManager : Registering Asset: captured_still, File: captured_still.png, Default Group: default, Final Config: {'load': 'preload', 'file': 'E:\\MPF\\wows\\wows\\images\\captured_still.png'}
2024-09-05 18:50:50,523 : AssetManager : Registering Asset: capture_1, File: capture_1.gif, Default Group: default, Final Config: {'load': 'preload', 'file': 'E:\\MPF\\wows\\wows\\images\\capture_1.gif'}
2024-09-05 18:50:50,523 : AssetManager : Registering Asset: capture_2, File: capture_2.gif, Default Group: default, Final Config: {'load': 'preload', 'file': 'E:\\MPF\\wows\\wows\\images\\capture_2.gif'}
2024-09-05 18:50:50,523 : AssetManager : Registering Asset: capture_3, File: capture_3.gif, Default Group: default, Final Config: {'load': 'preload', 'file': 'E:\\MPF\\wows\\wows\\images\\capture_3.gif'}
2024-09-05 18:50:50,523 : AssetManager : Registering Asset: capture_4, File: capture_4.gif, Default Group: default, Final Config: {'load': 'preload', 'file': 'E:\\MPF\\wows\\wows\\images\\capture_4.gif'}
2024-09-05 18:50:50,523 : AssetManager : Registering Asset: capture_5, File: capture_5.gif, Default Group: default, Final Config: {'load': 'preload', 'file': 'E:\\MPF\\wows\\wows\\images\\capture_5.gif'}
2024-09-05 18:50:50,523 : AssetManager : Registering Asset: capture_6, File: capture_6.gif, Default Group: default, Final Config: {'load': 'preload', 'file': 'E:\\MPF\\wows\\wows\\images\\capture_6.gif'}
2024-09-05 18:50:50,523 : AssetManager : Registering Asset: capture_bracket, File: capture_bracket.png, Default Group: default, Final Config: {'load': 'preload', 'file': 'E:\\MPF\\wows\\wows\\images\\capture_bracket.png'}
2024-09-05 18:50:50,523 : AssetManager : Registering Asset: capturing_1_still, File: capturing_1_still.png, Default Group: default, Final Config: {'load': 'preload', 'file': 'E:\\MPF\\wows\\wows\\images\\capturing_1_still.png'}
2024-09-05 18:50:50,523 : AssetManager : Registering Asset: capturing_2_still, File: capturing_2_still.png, Default Group: default, Final Config: {'load': 'preload', 'file': 'E:\\MPF\\wows\\wows\\images\\capturing_2_still.png'}
2024-09-05 18:50:50,524 : AssetManager : Registering Asset: capturing_3_still, File: capturing_3_still.png, Default Group: default, Final Config: {'load': 'preload', 'file': 'E:\\MPF\\wows\\wows\\images\\capturing_3_still.png'}
2024-09-05 18:50:50,524 : AssetManager : Registering Asset: capturing_4_still, File: capturing_4_still.png, Default Group: default, Final Config: {'load': 'preload', 'file': 'E:\\MPF\\wows\\wows\\images\\capturing_4_still.png'}
2024-09-05 18:50:50,524 : AssetManager : Registering Asset: capturing_5_still, File: capturing_5_still.png, Default Group: default, Final Config: {'load': 'preload', 'file': 'E:\\MPF\\wows\\wows\\images\\capturing_5_still.png'}
2024-09-05 18:50:50,524 : AssetManager : Registering Asset: capturing_6_still, File: capturing_6_still.png, Default Group: default, Final Config: {'load': 'preload', 'file': 'E:\\MPF\\wows\\wows\\images\\capturing_6_still.png'}
2024-09-05 18:50:50,524 : AssetManager : Registering Asset: capturing_base_1_still, File: capturing_base_1_still.png, Default Group: default, Final Config: {'load': 'preload', 'file': 'E:\\MPF\\wows\\wows\\images\\capturing_base_1_still.png'}
2024-09-05 18:50:50,524 : AssetManager : Registering Asset: capturing_base_2_still, File: capturing_base_2_still.png, Default Group: default, Final Config: {'load': 'preload', 'file': 'E:\\MPF\\wows\\wows\\images\\capturing_base_2_still.png'}
2024-09-05 18:50:50,524 : AssetManager : Registering Asset: capturing_base_3_still, File: capturing_base_3_still.png, Default Group: default, Final Config: {'load': 'preload', 'file': 'E:\\MPF\\wows\\wows\\images\\capturing_base_3_still.png'}
2024-09-05 18:50:50,524 : AssetManager : Registering Asset: capturing_base_4_still, File: capturing_base_4_still.png, Default Group: default, Final Config: {'load': 'preload', 'file': 'E:\\MPF\\wows\\wows\\images\\capturing_base_4_still.png'}
2024-09-05 18:50:50,524 : AssetManager : Registering Asset: capturing_base_5_still, File: capturing_base_5_still.png, Default Group: default, Final Config: {'load': 'preload', 'file': 'E:\\MPF\\wows\\wows\\images\\capturing_base_5_still.png'}
2024-09-05 18:50:50,524 : AssetManager : Registering Asset: capturing_base_6_still, File: capturing_base_6_still.png, Default Group: default, Final Config: {'load': 'preload', 'file': 'E:\\MPF\\wows\\wows\\images\\capturing_base_6_still.png'}
2024-09-05 18:50:50,524 : AssetManager : Registering Asset: ca_blue, File: ca_blue.png, Default Group: default, Final Config: {'load': 'preload', 'file': 'E:\\MPF\\wows\\wows\\images\\ca_blue.png'}
2024-09-05 18:50:50,524 : AssetManager : Registering Asset: ca_green, File: ca_green.png, Default Group: default, Final Config: {'load': 'preload', 'file': 'E:\\MPF\\wows\\wows\\images\\ca_green.png'}
2024-09-05 18:50:50,524 : AssetManager : Registering Asset: ca_red, File: ca_red.png, Default Group: default, Final Config: {'load': 'preload', 'file': 'E:\\MPF\\wows\\wows\\images\\ca_red.png'}
2024-09-05 18:50:50,524 : AssetManager : Registering Asset: ca_yellow, File: ca_yellow.png, Default Group: default, Final Config: {'load': 'preload', 'file': 'E:\\MPF\\wows\\wows\\images\\ca_yellow.png'}
2024-09-05 18:50:50,524 : AssetManager : Registering Asset: cm_1_1, File: cm_1_1.png, Default Group: default, Final Config: {'load': 'preload', 'file': 'E:\\MPF\\wows\\wows\\images\\cm_1_1.png'}
2024-09-05 18:50:50,525 : AssetManager : Registering Asset: cm_1_2, File: cm_1_2.png, Default Group: default, Final Config: {'load': 'preload', 'file': 'E:\\MPF\\wows\\wows\\images\\cm_1_2.png'}
2024-09-05 18:50:50,525 : AssetManager : Registering Asset: cm_1_3, File: cm_1_3.png, Default Group: default, Final Config: {'load': 'preload', 'file': 'E:\\MPF\\wows\\wows\\images\\cm_1_3.png'}
2024-09-05 18:50:50,525 : AssetManager : Registering Asset: cm_1_4, File: cm_1_4.png, Default Group: default, Final Config: {'load': 'preload', 'file': 'E:\\MPF\\wows\\wows\\images\\cm_1_4.png'}
2024-09-05 18:50:50,525 : AssetManager : Registering Asset: cm_2_1, File: cm_2_1.png, Default Group: default, Final Config: {'load': 'preload', 'file': 'E:\\MPF\\wows\\wows\\images\\cm_2_1.png'}
2024-09-05 18:50:50,525 : AssetManager : Registering Asset: cm_2_2, File: cm_2_2.png, Default Group: default, Final Config: {'load': 'preload', 'file': 'E:\\MPF\\wows\\wows\\images\\cm_2_2.png'}
2024-09-05 18:50:50,525 : AssetManager : Registering Asset: cm_2_3, File: cm_2_3.png, Default Group: default, Final Config: {'load': 'preload', 'file': 'E:\\MPF\\wows\\wows\\images\\cm_2_3.png'}
2024-09-05 18:50:50,525 : AssetManager : Registering Asset: cm_2_4, File: cm_2_4.png, Default Group: default, Final Config: {'load': 'preload', 'file': 'E:\\MPF\\wows\\wows\\images\\cm_2_4.png'}
2024-09-05 18:50:50,525 : AssetManager : Registering Asset: cm_3_1, File: cm_3_1.png, Default Group: default, Final Config: {'load': 'preload', 'file': 'E:\\MPF\\wows\\wows\\images\\cm_3_1.png'}
2024-09-05 18:50:50,525 : AssetManager : Registering Asset: cm_3_2, File: cm_3_2.png, Default Group: default, Final Config: {'load': 'preload', 'file': 'E:\\MPF\\wows\\wows\\images\\cm_3_2.png'}
2024-09-05 18:50:50,525 : AssetManager : Registering Asset: cm_3_3, File: cm_3_3.png, Default Group: default, Final Config: {'load': 'preload', 'file': 'E:\\MPF\\wows\\wows\\images\\cm_3_3.png'}
2024-09-05 18:50:50,525 : AssetManager : Registering Asset: cm_3_4, File: cm_3_4.png, Default Group: default, Final Config: {'load': 'preload', 'file': 'E:\\MPF\\wows\\wows\\images\\cm_3_4.png'}
2024-09-05 18:50:50,525 : AssetManager : Registering Asset: cm_4_1, File: cm_4_1.png, Default Group: default, Final Config: {'load': 'preload', 'file': 'E:\\MPF\\wows\\wows\\images\\cm_4_1.png'}
2024-09-05 18:50:50,525 : AssetManager : Registering Asset: cm_4_2, File: cm_4_2.png, Default Group: default, Final Config: {'load': 'preload', 'file': 'E:\\MPF\\wows\\wows\\images\\cm_4_2.png'}
2024-09-05 18:50:50,525 : AssetManager : Registering Asset: cm_4_3, File: cm_4_3.png, Default Group: default, Final Config: {'load': 'preload', 'file': 'E:\\MPF\\wows\\wows\\images\\cm_4_3.png'}
2024-09-05 18:50:50,525 : AssetManager : Registering Asset: cm_4_4, File: cm_4_4.png, Default Group: default, Final Config: {'load': 'preload', 'file': 'E:\\MPF\\wows\\wows\\images\\cm_4_4.png'}
2024-09-05 18:50:50,526 : AssetManager : Registering Asset: commanders, File: commanders.png, Default Group: default, Final Config: {'load': 'preload', 'file': 'E:\\MPF\\wows\\wows\\images\\commanders.png'}
2024-09-05 18:50:50,526 : AssetManager : Registering Asset: commanders_2, File: commanders_2.png, Default Group: default, Final Config: {'load': 'preload', 'file': 'E:\\MPF\\wows\\wows\\images\\commanders_2.png'}
2024-09-05 18:50:50,526 : AssetManager : Registering Asset: commander_skill_1, File: commander_skill_1.png, Default Group: default, Final Config: {'load': 'preload', 'file': 'E:\\MPF\\wows\\wows\\images\\commander_skill_1.png'}
2024-09-05 18:50:50,526 : AssetManager : Registering Asset: commander_skill_2, File: commander_skill_2.png, Default Group: default, Final Config: {'load': 'preload', 'file': 'E:\\MPF\\wows\\wows\\images\\commander_skill_2.png'}
2024-09-05 18:50:50,526 : AssetManager : Registering Asset: commander_skill_3, File: commander_skill_3.png, Default Group: default, Final Config: {'load': 'preload', 'file': 'E:\\MPF\\wows\\wows\\images\\commander_skill_3.png'}
2024-09-05 18:50:50,526 : AssetManager : Registering Asset: commander_skill_4, File: commander_skill_4.png, Default Group: default, Final Config: {'load': 'preload', 'file': 'E:\\MPF\\wows\\wows\\images\\commander_skill_4.png'}
2024-09-05 18:50:50,526 : AssetManager : Registering Asset: conqueror, File: conqueror.png, Default Group: default, Final Config: {'load': 'preload', 'file': 'E:\\MPF\\wows\\wows\\images\\conqueror.png'}
2024-09-05 18:50:50,526 : AssetManager : Registering Asset: consumable_bomb_background, File: consumable_bomb_background.png, Default Group: default, Final Config: {'load': 'preload', 'file': 'E:\\MPF\\wows\\wows\\images\\consumable_bomb_background.png'}
2024-09-05 18:50:50,526 : AssetManager : Registering Asset: consumable_bomb_container, File: consumable_bomb_container.png, Default Group: default, Final Config: {'load': 'preload', 'file': 'E:\\MPF\\wows\\wows\\images\\consumable_bomb_container.png'}
2024-09-05 18:50:50,526 : AssetManager : Registering Asset: consumable_bomb_mover, File: consumable_bomb_mover.png, Default Group: default, Final Config: {'load': 'preload', 'file': 'E:\\MPF\\wows\\wows\\images\\consumable_bomb_mover.png'}
2024-09-05 18:50:50,526 : AssetManager : Registering Asset: cons_1_1, File: cons_1_1.gif, Default Group: default, Final Config: {'load': 'preload', 'file': 'E:\\MPF\\wows\\wows\\images\\cons_1_1.gif'}
2024-09-05 18:50:50,526 : AssetManager : Registering Asset: cons_1_1_background, File: cons_1_1_background.png, Default Group: default, Final Config: {'load': 'preload', 'file': 'E:\\MPF\\wows\\wows\\images\\cons_1_1_background.png'}
2024-09-05 18:50:50,526 : AssetManager : Registering Asset: cons_1_2, File: cons_1_2.gif, Default Group: default, Final Config: {'load': 'preload', 'file': 'E:\\MPF\\wows\\wows\\images\\cons_1_2.gif'}
2024-09-05 18:50:50,526 : AssetManager : Registering Asset: cons_1_3, File: cons_1_3.gif, Default Group: default, Final Config: {'load': 'preload', 'file': 'E:\\MPF\\wows\\wows\\images\\cons_1_3.gif'}
2024-09-05 18:50:50,526 : AssetManager : Registering Asset: cons_1_4, File: cons_1_4.gif, Default Group: default, Final Config: {'load': 'preload', 'file': 'E:\\MPF\\wows\\wows\\images\\cons_1_4.gif'}
2024-09-05 18:50:50,527 : AssetManager : Registering Asset: cons_1_background, File: cons_1_background.png, Default Group: default, Final Config: {'load': 'preload', 'file': 'E:\\MPF\\wows\\wows\\images\\cons_1_background.png'}
2024-09-05 18:50:50,527 : AssetManager : Registering Asset: cons_1_test, File: cons_1_test.png, Default Group: default, Final Config: {'load': 'preload', 'file': 'E:\\MPF\\wows\\wows\\images\\cons_1_test.png'}
2024-09-05 18:50:50,527 : AssetManager : Registering Asset: cons_3, File: cons_3.gif, Default Group: default, Final Config: {'load': 'preload', 'file': 'E:\\MPF\\wows\\wows\\images\\cons_3.gif'}
2024-09-05 18:50:50,527 : AssetManager : Registering Asset: cons_7, File: cons_7.png, Default Group: default, Final Config: {'load': 'preload', 'file': 'E:\\MPF\\wows\\wows\\images\\cons_7.png'}
2024-09-05 18:50:50,527 : AssetManager : Registering Asset: cons_7_background, File: cons_7_background.png, Default Group: default, Final Config: {'load': 'preload', 'file': 'E:\\MPF\\wows\\wows\\images\\cons_7_background.png'}
2024-09-05 18:50:50,527 : AssetManager : Registering Asset: cons_7_end, File: cons_7_end.gif, Default Group: default, Final Config: {'load': 'preload', 'file': 'E:\\MPF\\wows\\wows\\images\\cons_7_end.gif'}
2024-09-05 18:50:50,527 : AssetManager : Registering Asset: cons_7_foreground, File: cons_7_foreground.png, Default Group: default, Final Config: {'load': 'preload', 'file': 'E:\\MPF\\wows\\wows\\images\\cons_7_foreground.png'}
2024-09-05 18:50:50,527 : AssetManager : Registering Asset: cons_7_torp, File: cons_7_torp.png, Default Group: default, Final Config: {'load': 'preload', 'file': 'E:\\MPF\\wows\\wows\\images\\cons_7_torp.png'}
2024-09-05 18:50:50,527 : AssetManager : Registering Asset: cons_wizard_background, File: cons_wizard_background.png, Default Group: default, Final Config: {'load': 'preload', 'file': 'E:\\MPF\\wows\\wows\\images\\cons_wizard_background.png'}
2024-09-05 18:50:50,527 : AssetManager : Registering Asset: container_ball, File: container_ball.gif, Default Group: default, Final Config: {'load': 'preload', 'file': 'E:\\MPF\\wows\\wows\\images\\container_ball.gif'}
2024-09-05 18:50:50,527 : AssetManager : Registering Asset: container_ball_text, File: container_ball_text.jpg, Default Group: default, Final Config: {'load': 'preload', 'file': 'E:\\MPF\\wows\\wows\\images\\container_ball_text.jpg'}
2024-09-05 18:50:50,527 : AssetManager : Registering Asset: container_dmg, File: container_dmg.gif, Default Group: default, Final Config: {'load': 'preload', 'file': 'E:\\MPF\\wows\\wows\\images\\container_dmg.gif'}
2024-09-05 18:50:50,527 : AssetManager : Registering Asset: container_dmg_text, File: container_dmg_text.jpg, Default Group: default, Final Config: {'load': 'preload', 'file': 'E:\\MPF\\wows\\wows\\images\\container_dmg_text.jpg'}
2024-09-05 18:50:50,527 : AssetManager : Registering Asset: container_jet, File: container_jet.gif, Default Group: default, Final Config: {'load': 'preload', 'file': 'E:\\MPF\\wows\\wows\\images\\container_jet.gif'}
2024-09-05 18:50:50,528 : AssetManager : Registering Asset: container_jet_text, File: container_jet_text.jpg, Default Group: default, Final Config: {'load': 'preload', 'file': 'E:\\MPF\\wows\\wows\\images\\container_jet_text.jpg'}
2024-09-05 18:50:50,528 : AssetManager : Registering Asset: container_time, File: container_time.gif, Default Group: default, Final Config: {'load': 'preload', 'file': 'E:\\MPF\\wows\\wows\\images\\container_time.gif'}
2024-09-05 18:50:50,528 : AssetManager : Registering Asset: container_time_text, File: container_time_text.jpg, Default Group: default, Final Config: {'load': 'preload', 'file': 'E:\\MPF\\wows\\wows\\images\\container_time_text.jpg'}
2024-09-05 18:50:50,528 : AssetManager : Registering Asset: container_x, File: container_x.gif, Default Group: default, Final Config: {'load': 'preload', 'file': 'E:\\MPF\\wows\\wows\\images\\container_x.gif'}
2024-09-05 18:50:50,528 : AssetManager : Registering Asset: container_xp, File: container_xp.gif, Default Group: default, Final Config: {'load': 'preload', 'file': 'E:\\MPF\\wows\\wows\\images\\container_xp.gif'}
2024-09-05 18:50:50,528 : AssetManager : Registering Asset: container_xp_text, File: container_xp_text.jpg, Default Group: default, Final Config: {'load': 'preload', 'file': 'E:\\MPF\\wows\\wows\\images\\container_xp_text.jpg'}
2024-09-05 18:50:50,528 : AssetManager : Registering Asset: container_x_text, File: container_x_text.jpg, Default Group: default, Final Config: {'load': 'preload', 'file': 'E:\\MPF\\wows\\wows\\images\\container_x_text.jpg'}
2024-09-05 18:50:50,528 : AssetManager : Registering Asset: c_black, File: c_black.png, Default Group: default, Final Config: {'load': 'preload', 'file': 'E:\\MPF\\wows\\wows\\images\\c_black.png'}
2024-09-05 18:50:50,528 : AssetManager : Registering Asset: c_blue, File: c_blue.png, Default Group: default, Final Config: {'load': 'preload', 'file': 'E:\\MPF\\wows\\wows\\images\\c_blue.png'}
2024-09-05 18:50:50,528 : AssetManager : Registering Asset: c_green, File: c_green.png, Default Group: default, Final Config: {'load': 'preload', 'file': 'E:\\MPF\\wows\\wows\\images\\c_green.png'}
2024-09-05 18:50:50,528 : AssetManager : Registering Asset: C_Prog100, File: C_Prog100.jpg, Default Group: default, Final Config: {'load': 'preload', 'file': 'E:\\MPF\\wows\\wows\\images\\C_Prog100.jpg'}
2024-09-05 18:50:50,528 : AssetManager : Registering Asset: c_red, File: c_red.png, Default Group: default, Final Config: {'load': 'preload', 'file': 'E:\\MPF\\wows\\wows\\images\\c_red.png'}
2024-09-05 18:50:50,528 : AssetManager : Registering Asset: c_white, File: c_white.png, Default Group: default, Final Config: {'load': 'preload', 'file': 'E:\\MPF\\wows\\wows\\images\\c_white.png'}
2024-09-05 18:50:50,528 : AssetManager : Registering Asset: c_yellow, File: c_yellow.png, Default Group: default, Final Config: {'load': 'preload', 'file': 'E:\\MPF\\wows\\wows\\images\\c_yellow.png'}
2024-09-05 18:50:50,529 : AssetManager : Registering Asset: D, File: D.png, Default Group: default, Final Config: {'load': 'preload', 'file': 'E:\\MPF\\wows\\wows\\images\\D.png'}
2024-09-05 18:50:50,529 : AssetManager : Registering Asset: daring, File: daring.png, Default Group: default, Final Config: {'load': 'preload', 'file': 'E:\\MPF\\wows\\wows\\images\\daring.png'}
2024-09-05 18:50:50,529 : AssetManager : Registering Asset: def_aa_icon, File: def_aa_icon.png, Default Group: default, Final Config: {'load': 'preload', 'file': 'E:\\MPF\\wows\\wows\\images\\def_aa_icon.png'}
2024-09-05 18:50:50,529 : AssetManager : Registering Asset: des moines, File: des moines.png, Default Group: default, Final Config: {'load': 'preload', 'file': 'E:\\MPF\\wows\\wows\\images\\des moines.png'}
2024-09-05 18:50:50,529 : AssetManager : Registering Asset: dmg_con_party_icon, File: dmg_con_party_icon.png, Default Group: default, Final Config: {'load': 'preload', 'file': 'E:\\MPF\\wows\\wows\\images\\dmg_con_party_icon.png'}
2024-09-05 18:50:50,529 : AssetManager : Registering Asset: DOUBLE JACKPOT, File: DOUBLE JACKPOT.png, Default Group: default, Final Config: {'load': 'preload', 'file': 'E:\\MPF\\wows\\wows\\images\\DOUBLE JACKPOT.png'}
2024-09-05 18:50:50,529 : AssetManager : Registering Asset: E, File: E.png, Default Group: default, Final Config: {'load': 'preload', 'file': 'E:\\MPF\\wows\\wows\\images\\E.png'}
2024-09-05 18:50:50,529 : AssetManager : Registering Asset: engine_icon, File: engine_icon.png, Default Group: default, Final Config: {'load': 'preload', 'file': 'E:\\MPF\\wows\\wows\\images\\engine_icon.png'}
2024-09-05 18:50:50,529 : AssetManager : Registering Asset: explosion, File: explosion.gif, Default Group: default, Final Config: {'load': 'preload', 'file': 'E:\\MPF\\wows\\wows\\images\\explosion.gif'}
2024-09-05 18:50:50,529 : AssetManager : Registering Asset: explosion_2, File: explosion_2.gif, Default Group: default, Final Config: {'load': 'preload', 'file': 'E:\\MPF\\wows\\wows\\images\\explosion_2.gif'}
2024-09-05 18:50:50,529 : AssetManager : Registering Asset: fighter_icon, File: fighter_icon.png, Default Group: default, Final Config: {'load': 'preload', 'file': 'E:\\MPF\\wows\\wows\\images\\fighter_icon.png'}
2024-09-05 18:50:50,530 : AssetManager : Registering Asset: fire, File: fire.gif, Default Group: default, Final Config: {'load': 'preload', 'file': 'E:\\MPF\\wows\\wows\\images\\fire.gif'}
2024-09-05 18:50:50,530 : AssetManager : Registering Asset: fire_2, File: fire_2.gif, Default Group: default, Final Config: {'load': 'preload', 'file': 'E:\\MPF\\wows\\wows\\images\\fire_2.gif'}
2024-09-05 18:50:50,530 : AssetManager : Registering Asset: fire_start, File: fire_start.gif, Default Group: default, Final Config: {'load': 'preload', 'file': 'E:\\MPF\\wows\\wows\\images\\fire_start.gif'}
2024-09-05 18:50:50,530 : AssetManager : Registering Asset: fire_start_2, File: fire_start_2.gif, Default Group: default, Final Config: {'load': 'preload', 'file': 'E:\\MPF\\wows\\wows\\images\\fire_start_2.gif'}
2024-09-05 18:50:50,530 : AssetManager : Registering Asset: flag, File: flag.png, Default Group: default, Final Config: {'load': 'preload', 'file': 'E:\\MPF\\wows\\wows\\images\\flag.png'}
2024-09-05 18:50:50,530 : AssetManager : Registering Asset: flood, File: flood.png, Default Group: default, Final Config: {'load': 'preload', 'file': 'E:\\MPF\\wows\\wows\\images\\flood.png'}
2024-09-05 18:50:50,530 : AssetManager : Registering Asset: frozen, File: frozen.png, Default Group: default, Final Config: {'load': 'preload', 'file': 'E:\\MPF\\wows\\wows\\images\\frozen.png'}
2024-09-05 18:50:50,530 : AssetManager : Registering Asset: frozen_0, File: frozen_0.png, Default Group: default, Final Config: {'load': 'preload', 'file': 'E:\\MPF\\wows\\wows\\images\\frozen_0.png'}
2024-09-05 18:50:50,530 : AssetManager : Registering Asset: frozen_1, File: frozen_1.png, Default Group: default, Final Config: {'load': 'preload', 'file': 'E:\\MPF\\wows\\wows\\images\\frozen_1.png'}
2024-09-05 18:50:50,530 : AssetManager : Registering Asset: frozen_10, File: frozen_10.png, Default Group: default, Final Config: {'load': 'preload', 'file': 'E:\\MPF\\wows\\wows\\images\\frozen_10.png'}
2024-09-05 18:50:50,530 : AssetManager : Registering Asset: frozen_11, File: frozen_11.png, Default Group: default, Final Config: {'load': 'preload', 'file': 'E:\\MPF\\wows\\wows\\images\\frozen_11.png'}
2024-09-05 18:50:50,530 : AssetManager : Registering Asset: frozen_12, File: frozen_12.png, Default Group: default, Final Config: {'load': 'preload', 'file': 'E:\\MPF\\wows\\wows\\images\\frozen_12.png'}
2024-09-05 18:50:50,530 : AssetManager : Registering Asset: frozen_13, File: frozen_13.png, Default Group: default, Final Config: {'load': 'preload', 'file': 'E:\\MPF\\wows\\wows\\images\\frozen_13.png'}
2024-09-05 18:50:50,530 : AssetManager : Registering Asset: frozen_14, File: frozen_14.png, Default Group: default, Final Config: {'load': 'preload', 'file': 'E:\\MPF\\wows\\wows\\images\\frozen_14.png'}
2024-09-05 18:50:50,531 : AssetManager : Registering Asset: frozen_15, File: frozen_15.png, Default Group: default, Final Config: {'load': 'preload', 'file': 'E:\\MPF\\wows\\wows\\images\\frozen_15.png'}
2024-09-05 18:50:50,531 : AssetManager : Registering Asset: frozen_2, File: frozen_2.png, Default Group: default, Final Config: {'load': 'preload', 'file': 'E:\\MPF\\wows\\wows\\images\\frozen_2.png'}
2024-09-05 18:50:50,531 : AssetManager : Registering Asset: frozen_3, File: frozen_3.png, Default Group: default, Final Config: {'load': 'preload', 'file': 'E:\\MPF\\wows\\wows\\images\\frozen_3.png'}
2024-09-05 18:50:50,531 : AssetManager : Registering Asset: frozen_4, File: frozen_4.png, Default Group: default, Final Config: {'load': 'preload', 'file': 'E:\\MPF\\wows\\wows\\images\\frozen_4.png'}
2024-09-05 18:50:50,531 : AssetManager : Registering Asset: frozen_5, File: frozen_5.png, Default Group: default, Final Config: {'load': 'preload', 'file': 'E:\\MPF\\wows\\wows\\images\\frozen_5.png'}
2024-09-05 18:50:50,531 : AssetManager : Registering Asset: frozen_6, File: frozen_6.png, Default Group: default, Final Config: {'load': 'preload', 'file': 'E:\\MPF\\wows\\wows\\images\\frozen_6.png'}
2024-09-05 18:50:50,531 : AssetManager : Registering Asset: frozen_7, File: frozen_7.png, Default Group: default, Final Config: {'load': 'preload', 'file': 'E:\\MPF\\wows\\wows\\images\\frozen_7.png'}
2024-09-05 18:50:50,531 : AssetManager : Registering Asset: frozen_8, File: frozen_8.png, Default Group: default, Final Config: {'load': 'preload', 'file': 'E:\\MPF\\wows\\wows\\images\\frozen_8.png'}
2024-09-05 18:50:50,531 : AssetManager : Registering Asset: frozen_9, File: frozen_9.png, Default Group: default, Final Config: {'load': 'preload', 'file': 'E:\\MPF\\wows\\wows\\images\\frozen_9.png'}
2024-09-05 18:50:50,531 : AssetManager : Registering Asset: grosser kurfurst, File: grosser kurfurst.png, Default Group: default, Final Config: {'load': 'preload', 'file': 'E:\\MPF\\wows\\wows\\images\\grosser kurfurst.png'}
2024-09-05 18:50:50,531 : AssetManager : Registering Asset: gun_face, File: gun_face.png, Default Group: default, Final Config: {'load': 'preload', 'file': 'E:\\MPF\\wows\\wows\\images\\gun_face.png'}
2024-09-05 18:50:50,531 : AssetManager : Registering Asset: gun_side_1, File: gun_side_1.png, Default Group: default, Final Config: {'load': 'preload', 'file': 'E:\\MPF\\wows\\wows\\images\\gun_side_1.png'}
2024-09-05 18:50:50,531 : AssetManager : Registering Asset: gun_side_2, File: gun_side_2.png, Default Group: default, Final Config: {'load': 'preload', 'file': 'E:\\MPF\\wows\\wows\\images\\gun_side_2.png'}
2024-09-05 18:50:50,531 : AssetManager : Registering Asset: haragumo, File: haragumo.png, Default Group: default, Final Config: {'load': 'preload', 'file': 'E:\\MPF\\wows\\wows\\images\\haragumo.png'}
2024-09-05 18:50:50,532 : AssetManager : Registering Asset: hc_1, File: hc_1.png, Default Group: default, Final Config: {'load': 'preload', 'file': 'E:\\MPF\\wows\\wows\\images\\hc_1.png'}
2024-09-05 18:50:50,532 : AssetManager : Registering Asset: hc_2, File: hc_2.png, Default Group: default, Final Config: {'load': 'preload', 'file': 'E:\\MPF\\wows\\wows\\images\\hc_2.png'}
2024-09-05 18:50:50,532 : AssetManager : Registering Asset: hc_3, File: hc_3.png, Default Group: default, Final Config: {'load': 'preload', 'file': 'E:\\MPF\\wows\\wows\\images\\hc_3.png'}
2024-09-05 18:50:50,532 : AssetManager : Registering Asset: hc_4, File: hc_4.png, Default Group: default, Final Config: {'load': 'preload', 'file': 'E:\\MPF\\wows\\wows\\images\\hc_4.png'}
2024-09-05 18:50:50,532 : AssetManager : Registering Asset: hc_5, File: hc_5.png, Default Group: default, Final Config: {'load': 'preload', 'file': 'E:\\MPF\\wows\\wows\\images\\hc_5.png'}
2024-09-05 18:50:50,532 : AssetManager : Registering Asset: hc_6, File: hc_6.png, Default Group: default, Final Config: {'load': 'preload', 'file': 'E:\\MPF\\wows\\wows\\images\\hc_6.png'}
2024-09-05 18:50:50,532 : AssetManager : Registering Asset: hc_background, File: hc_background.jpg, Default Group: default, Final Config: {'load': 'preload', 'file': 'E:\\MPF\\wows\\wows\\images\\hc_background.jpg'}
2024-09-05 18:50:50,532 : AssetManager : Registering Asset: hc_start, File: hc_start.gif, Default Group: default, Final Config: {'load': 'preload', 'file': 'E:\\MPF\\wows\\wows\\images\\hc_start.gif'}
2024-09-05 18:50:50,532 : AssetManager : Registering Asset: hc_start_end, File: hc_start_end.jpg, Default Group: default, Final Config: {'load': 'preload', 'file': 'E:\\MPF\\wows\\wows\\images\\hc_start_end.jpg'}
2024-09-05 18:50:50,532 : AssetManager : Registering Asset: hc_super_background, File: hc_super_background.png, Default Group: default, Final Config: {'load': 'preload', 'file': 'E:\\MPF\\wows\\wows\\images\\hc_super_background.png'}
2024-09-05 18:50:50,532 : AssetManager : Registering Asset: hc_super_gun_1, File: hc_super_gun_1.gif, Default Group: default, Final Config: {'load': 'preload', 'file': 'E:\\MPF\\wows\\wows\\images\\hc_super_gun_1.gif'}
2024-09-05 18:50:50,532 : AssetManager : Registering Asset: hc_super_gun_1_2, File: hc_super_gun_1_2.gif, Default Group: default, Final Config: {'load': 'preload', 'file': 'E:\\MPF\\wows\\wows\\images\\hc_super_gun_1_2.gif'}
2024-09-05 18:50:50,532 : AssetManager : Registering Asset: hc_super_gun_2, File: hc_super_gun_2.gif, Default Group: default, Final Config: {'load': 'preload', 'file': 'E:\\MPF\\wows\\wows\\images\\hc_super_gun_2.gif'}
2024-09-05 18:50:50,533 : AssetManager : Registering Asset: hydro_icon, File: hydro_icon.png, Default Group: default, Final Config: {'load': 'preload', 'file': 'E:\\MPF\\wows\\wows\\images\\hydro_icon.png'}
2024-09-05 18:50:50,533 : AssetManager : Registering Asset: JACKPOT, File: JACKPOT.png, Default Group: default, Final Config: {'load': 'preload', 'file': 'E:\\MPF\\wows\\wows\\images\\JACKPOT.png'}
2024-09-05 18:50:50,533 : AssetManager : Registering Asset: kozep_agyu, File: kozep_agyu.gif, Default Group: default, Final Config: {'load': 'preload', 'file': 'E:\\MPF\\wows\\wows\\images\\kozep_agyu.gif'}
2024-09-05 18:50:50,533 : AssetManager : Registering Asset: kozep_agyu_2, File: kozep_agyu_2.gif, Default Group: default, Final Config: {'load': 'preload', 'file': 'E:\\MPF\\wows\\wows\\images\\kozep_agyu_2.gif'}
2024-09-05 18:50:50,533 : AssetManager : Registering Asset: kozep_agyu_marad, File: kozep_agyu_marad.png, Default Group: default, Final Config: {'load': 'preload', 'file': 'E:\\MPF\\wows\\wows\\images\\kozep_agyu_marad.png'}
2024-09-05 18:50:50,533 : AssetManager : Registering Asset: kozep_agyu_marad_2, File: kozep_agyu_marad_2.png, Default Group: default, Final Config: {'load': 'preload', 'file': 'E:\\MPF\\wows\\wows\\images\\kozep_agyu_marad_2.png'}
2024-09-05 18:50:50,533 : AssetManager : Registering Asset: kozep_felepitmeny, File: kozep_felepitmeny.gif, Default Group: default, Final Config: {'load': 'preload', 'file': 'E:\\MPF\\wows\\wows\\images\\kozep_felepitmeny.gif'}
2024-09-05 18:50:50,533 : AssetManager : Registering Asset: kozep_felepitmeny_2, File: kozep_felepitmeny_2.gif, Default Group: default, Final Config: {'load': 'preload', 'file': 'E:\\MPF\\wows\\wows\\images\\kozep_felepitmeny_2.gif'}
2024-09-05 18:50:50,533 : AssetManager : Registering Asset: kozep_hajotest, File: kozep_hajotest.png, Default Group: default, Final Config: {'load': 'preload', 'file': 'E:\\MPF\\wows\\wows\\images\\kozep_hajotest.png'}
2024-09-05 18:50:50,533 : AssetManager : Registering Asset: kozep_hajotest_2, File: kozep_hajotest_2.png, Default Group: default, Final Config: {'load': 'preload', 'file': 'E:\\MPF\\wows\\wows\\images\\kozep_hajotest_2.png'}
2024-09-05 18:50:50,533 : AssetManager : Registering Asset: kozep_izzo, File: kozep_izzo.gif, Default Group: default, Final Config: {'load': 'preload', 'file': 'E:\\MPF\\wows\\wows\\images\\kozep_izzo.gif'}
2024-09-05 18:50:50,533 : AssetManager : Registering Asset: kozep_izzo_2, File: kozep_izzo_2.gif, Default Group: default, Final Config: {'load': 'preload', 'file': 'E:\\MPF\\wows\\wows\\images\\kozep_izzo_2.gif'}
2024-09-05 18:50:50,533 : AssetManager : Registering Asset: kozep_muzzle_flash, File: kozep_muzzle_flash.gif, Default Group: default, Final Config: {'load': 'preload', 'file': 'E:\\MPF\\wows\\wows\\images\\kozep_muzzle_flash.gif'}
2024-09-05 18:50:50,534 : AssetManager : Registering Asset: kozep_muzzle_flash_2, File: kozep_muzzle_flash_2.gif, Default Group: default, Final Config: {'load': 'preload', 'file': 'E:\\MPF\\wows\\wows\\images\\kozep_muzzle_flash_2.gif'}
2024-09-05 18:50:50,534 : AssetManager : Registering Asset: kulso_agyu, File: kulso_agyu.gif, Default Group: default, Final Config: {'load': 'preload', 'file': 'E:\\MPF\\wows\\wows\\images\\kulso_agyu.gif'}
2024-09-05 18:50:50,534 : AssetManager : Registering Asset: kulso_agyu_2, File: kulso_agyu_2.gif, Default Group: default, Final Config: {'load': 'preload', 'file': 'E:\\MPF\\wows\\wows\\images\\kulso_agyu_2.gif'}
2024-09-05 18:50:50,534 : AssetManager : Registering Asset: kulso_agyu_marad, File: kulso_agyu_marad.png, Default Group: default, Final Config: {'load': 'preload', 'file': 'E:\\MPF\\wows\\wows\\images\\kulso_agyu_marad.png'}
2024-09-05 18:50:50,534 : AssetManager : Registering Asset: kulso_agyu_marad_2, File: kulso_agyu_marad_2.png, Default Group: default, Final Config: {'load': 'preload', 'file': 'E:\\MPF\\wows\\wows\\images\\kulso_agyu_marad_2.png'}
2024-09-05 18:50:50,534 : AssetManager : Registering Asset: kulso_felepitmeny, File: kulso_felepitmeny.gif, Default Group: default, Final Config: {'load': 'preload', 'file': 'E:\\MPF\\wows\\wows\\images\\kulso_felepitmeny.gif'}
2024-09-05 18:50:50,534 : AssetManager : Registering Asset: kulso_felepitmeny_2, File: kulso_felepitmeny_2.gif, Default Group: default, Final Config: {'load': 'preload', 'file': 'E:\\MPF\\wows\\wows\\images\\kulso_felepitmeny_2.gif'}
2024-09-05 18:50:50,534 : AssetManager : Registering Asset: kulso_hajotest, File: kulso_hajotest.png, Default Group: default, Final Config: {'load': 'preload', 'file': 'E:\\MPF\\wows\\wows\\images\\kulso_hajotest.png'}
2024-09-05 18:50:50,534 : AssetManager : Registering Asset: kulso_hajotest_2, File: kulso_hajotest_2.png, Default Group: default, Final Config: {'load': 'preload', 'file': 'E:\\MPF\\wows\\wows\\images\\kulso_hajotest_2.png'}
2024-09-05 18:50:50,534 : AssetManager : Registering Asset: kulso_hatso_agyu, File: kulso_hatso_agyu.png, Default Group: default, Final Config: {'load': 'preload', 'file': 'E:\\MPF\\wows\\wows\\images\\kulso_hatso_agyu.png'}
2024-09-05 18:50:50,534 : AssetManager : Registering Asset: kulso_hatso_agyu_2, File: kulso_hatso_agyu_2.png, Default Group: default, Final Config: {'load': 'preload', 'file': 'E:\\MPF\\wows\\wows\\images\\kulso_hatso_agyu_2.png'}
2024-09-05 18:50:50,534 : AssetManager : Registering Asset: kulso_izzo, File: kulso_izzo.gif, Default Group: default, Final Config: {'load': 'preload', 'file': 'E:\\MPF\\wows\\wows\\images\\kulso_izzo.gif'}
2024-09-05 18:50:50,534 : AssetManager : Registering Asset: kulso_izzo_2, File: kulso_izzo_2.gif, Default Group: default, Final Config: {'load': 'preload', 'file': 'E:\\MPF\\wows\\wows\\images\\kulso_izzo_2.gif'}
2024-09-05 18:50:50,535 : AssetManager : Registering Asset: kulso_muzzle_flash, File: kulso_muzzle_flash.gif, Default Group: default, Final Config: {'load': 'preload', 'file': 'E:\\MPF\\wows\\wows\\images\\kulso_muzzle_flash.gif'}
2024-09-05 18:50:50,535 : AssetManager : Registering Asset: kulso_muzzle_flash_2, File: kulso_muzzle_flash_2.gif, Default Group: default, Final Config: {'load': 'preload', 'file': 'E:\\MPF\\wows\\wows\\images\\kulso_muzzle_flash_2.gif'}
2024-09-05 18:50:50,535 : AssetManager : Registering Asset: main_icon, File: main_icon.png, Default Group: default, Final Config: {'load': 'preload', 'file': 'E:\\MPF\\wows\\wows\\images\\main_icon.png'}
2024-09-05 18:50:50,535 : AssetManager : Registering Asset: match, File: match.png, Default Group: default, Final Config: {'load': 'preload', 'file': 'E:\\MPF\\wows\\wows\\images\\match.png'}
2024-09-05 18:50:50,535 : AssetManager : Registering Asset: match_explosion, File: match_explosion.gif, Default Group: default, Final Config: {'load': 'preload', 'file': 'E:\\MPF\\wows\\wows\\images\\match_explosion.gif'}
2024-09-05 18:50:50,535 : AssetManager : Registering Asset: match_ship, File: match_ship.png, Default Group: default, Final Config: {'load': 'preload', 'file': 'E:\\MPF\\wows\\wows\\images\\match_ship.png'}
2024-09-05 18:50:50,535 : AssetManager : Registering Asset: medals, File: medals.png, Default Group: default, Final Config: {'load': 'preload', 'file': 'E:\\MPF\\wows\\wows\\images\\medals.png'}
2024-09-05 18:50:50,535 : AssetManager : Registering Asset: medals_back, File: medals_back.png, Default Group: default, Final Config: {'load': 'preload', 'file': 'E:\\MPF\\wows\\wows\\images\\medals_back.png'}
2024-09-05 18:50:50,535 : AssetManager : Registering Asset: mode_10_completed, File: mode_10_completed.gif, Default Group: default, Final Config: {'load': 'preload', 'file': 'E:\\MPF\\wows\\wows\\images\\mode_10_completed.gif'}
2024-09-05 18:50:50,535 : AssetManager : Registering Asset: mode_10_desc, File: mode_10_desc.gif, Default Group: default, Final Config: {'load': 'preload', 'file': 'E:\\MPF\\wows\\wows\\images\\mode_10_desc.gif'}
2024-09-05 18:50:50,535 : AssetManager : Registering Asset: mode_10_desc_rev, File: mode_10_desc_rev.gif, Default Group: default, Final Config: {'load': 'preload', 'file': 'E:\\MPF\\wows\\wows\\images\\mode_10_desc_rev.gif'}
2024-09-05 18:50:50,536 : AssetManager : Registering Asset: mode_10_desc_still, File: mode_10_desc_still.png, Default Group: default, Final Config: {'load': 'preload', 'file': 'E:\\MPF\\wows\\wows\\images\\mode_10_desc_still.png'}
2024-09-05 18:50:50,536 : AssetManager : Registering Asset: mode_10_progress, File: mode_10_progress.gif, Default Group: default, Final Config: {'load': 'preload', 'file': 'E:\\MPF\\wows\\wows\\images\\mode_10_progress.gif'}
2024-09-05 18:50:50,536 : AssetManager : Registering Asset: mode_10_start, File: mode_10_start.gif, Default Group: default, Final Config: {'load': 'preload', 'file': 'E:\\MPF\\wows\\wows\\images\\mode_10_start.gif'}
2024-09-05 18:50:50,536 : AssetManager : Registering Asset: mode_10_start_text, File: mode_10_start_text.png, Default Group: default, Final Config: {'load': 'preload', 'file': 'E:\\MPF\\wows\\wows\\images\\mode_10_start_text.png'}
2024-09-05 18:50:50,536 : AssetManager : Registering Asset: mode_1_completed, File: mode_1_completed.gif, Default Group: default, Final Config: {'load': 'preload', 'file': 'E:\\MPF\\wows\\wows\\images\\mode_1_completed.gif'}
2024-09-05 18:50:50,536 : AssetManager : Registering Asset: mode_1_desc, File: mode_1_desc.gif, Default Group: default, Final Config: {'load': 'preload', 'file': 'E:\\MPF\\wows\\wows\\images\\mode_1_desc.gif'}
2024-09-05 18:50:50,536 : AssetManager : Registering Asset: mode_1_desc_rev, File: mode_1_desc_rev.gif, Default Group: default, Final Config: {'load': 'preload', 'file': 'E:\\MPF\\wows\\wows\\images\\mode_1_desc_rev.gif'}
2024-09-05 18:50:50,536 : AssetManager : Registering Asset: mode_1_desc_still, File: mode_1_desc_still.png, Default Group: default, Final Config: {'load': 'preload', 'file': 'E:\\MPF\\wows\\wows\\images\\mode_1_desc_still.png'}
2024-09-05 18:50:50,536 : AssetManager : Registering Asset: mode_1_progress, File: mode_1_progress.gif, Default Group: default, Final Config: {'load': 'preload', 'file': 'E:\\MPF\\wows\\wows\\images\\mode_1_progress.gif'}
2024-09-05 18:50:50,536 : AssetManager : Registering Asset: mode_1_start, File: mode_1_start.gif, Default Group: default, Final Config: {'load': 'preload', 'file': 'E:\\MPF\\wows\\wows\\images\\mode_1_start.gif'}
2024-09-05 18:50:50,536 : AssetManager : Registering Asset: mode_1_start_text, File: mode_1_start_text.png, Default Group: default, Final Config: {'load': 'preload', 'file': 'E:\\MPF\\wows\\wows\\images\\mode_1_start_text.png'}
2024-09-05 18:50:50,536 : AssetManager : Registering Asset: mode_2_completed, File: mode_2_completed.gif, Default Group: default, Final Config: {'load': 'preload', 'file': 'E:\\MPF\\wows\\wows\\images\\mode_2_completed.gif'}
2024-09-05 18:50:50,536 : AssetManager : Registering Asset: mode_2_desc_rev, File: mode_2_desc_rev.gif, Default Group: default, Final Config: {'load': 'preload', 'file': 'E:\\MPF\\wows\\wows\\images\\mode_2_desc_rev.gif'}
2024-09-05 18:50:50,537 : AssetManager : Registering Asset: mode_2_desc_still, File: mode_2_desc_still.png, Default Group: default, Final Config: {'load': 'preload', 'file': 'E:\\MPF\\wows\\wows\\images\\mode_2_desc_still.png'}
2024-09-05 18:50:50,537 : AssetManager : Registering Asset: mode_2_progress, File: mode_2_progress.gif, Default Group: default, Final Config: {'load': 'preload', 'file': 'E:\\MPF\\wows\\wows\\images\\mode_2_progress.gif'}
2024-09-05 18:50:50,537 : AssetManager : Registering Asset: mode_2_start, File: mode_2_start.gif, Default Group: default, Final Config: {'load': 'preload', 'file': 'E:\\MPF\\wows\\wows\\images\\mode_2_start.gif'}
2024-09-05 18:50:50,537 : AssetManager : Registering Asset: mode_2_start_text, File: mode_2_start_text.png, Default Group: default, Final Config: {'load': 'preload', 'file': 'E:\\MPF\\wows\\wows\\images\\mode_2_start_text.png'}
2024-09-05 18:50:50,537 : AssetManager : Registering Asset: mode_3_completed, File: mode_3_completed.gif, Default Group: default, Final Config: {'load': 'preload', 'file': 'E:\\MPF\\wows\\wows\\images\\mode_3_completed.gif'}
2024-09-05 18:50:50,537 : AssetManager : Registering Asset: mode_3_desc_rev, File: mode_3_desc_rev.gif, Default Group: default, Final Config: {'load': 'preload', 'file': 'E:\\MPF\\wows\\wows\\images\\mode_3_desc_rev.gif'}
2024-09-05 18:50:50,537 : AssetManager : Registering Asset: mode_3_desc_still, File: mode_3_desc_still.png, Default Group: default, Final Config: {'load': 'preload', 'file': 'E:\\MPF\\wows\\wows\\images\\mode_3_desc_still.png'}
2024-09-05 18:50:50,537 : AssetManager : Registering Asset: mode_3_progress, File: mode_3_progress.gif, Default Group: default, Final Config: {'load': 'preload', 'file': 'E:\\MPF\\wows\\wows\\images\\mode_3_progress.gif'}
2024-09-05 18:50:50,537 : AssetManager : Registering Asset: mode_3_start, File: mode_3_start.gif, Default Group: default, Final Config: {'load': 'preload', 'file': 'E:\\MPF\\wows\\wows\\images\\mode_3_start.gif'}
2024-09-05 18:50:50,538 : AssetManager : Registering Asset: mode_3_start_text, File: mode_3_start_text.png, Default Group: default, Final Config: {'load': 'preload', 'file': 'E:\\MPF\\wows\\wows\\images\\mode_3_start_text.png'}
2024-09-05 18:50:50,538 : AssetManager : Registering Asset: mode_4_completed, File: mode_4_completed.gif, Default Group: default, Final Config: {'load': 'preload', 'file': 'E:\\MPF\\wows\\wows\\images\\mode_4_completed.gif'}
2024-09-05 18:50:50,538 : AssetManager : Registering Asset: mode_4_desc_rev, File: mode_4_desc_rev.gif, Default Group: default, Final Config: {'load': 'preload', 'file': 'E:\\MPF\\wows\\wows\\images\\mode_4_desc_rev.gif'}
2024-09-05 18:50:50,538 : AssetManager : Registering Asset: mode_4_desc_still, File: mode_4_desc_still.png, Default Group: default, Final Config: {'load': 'preload', 'file': 'E:\\MPF\\wows\\wows\\images\\mode_4_desc_still.png'}
2024-09-05 18:50:50,538 : AssetManager : Registering Asset: mode_4_progress, File: mode_4_progress.gif, Default Group: default, Final Config: {'load': 'preload', 'file': 'E:\\MPF\\wows\\wows\\images\\mode_4_progress.gif'}
2024-09-05 18:50:50,538 : AssetManager : Registering Asset: mode_4_start, File: mode_4_start.gif, Default Group: default, Final Config: {'load': 'preload', 'file': 'E:\\MPF\\wows\\wows\\images\\mode_4_start.gif'}
2024-09-05 18:50:50,538 : AssetManager : Registering Asset: mode_4_start_text, File: mode_4_start_text.png, Default Group: default, Final Config: {'load': 'preload', 'file': 'E:\\MPF\\wows\\wows\\images\\mode_4_start_text.png'}
2024-09-05 18:50:50,538 : AssetManager : Registering Asset: mode_5_completed, File: mode_5_completed.gif, Default Group: default, Final Config: {'load': 'preload', 'file': 'E:\\MPF\\wows\\wows\\images\\mode_5_completed.gif'}
2024-09-05 18:50:50,538 : AssetManager : Registering Asset: mode_5_desc_rev, File: mode_5_desc_rev.gif, Default Group: default, Final Config: {'load': 'preload', 'file': 'E:\\MPF\\wows\\wows\\images\\mode_5_desc_rev.gif'}
2024-09-05 18:50:50,538 : AssetManager : Registering Asset: mode_5_desc_still, File: mode_5_desc_still.png, Default Group: default, Final Config: {'load': 'preload', 'file': 'E:\\MPF\\wows\\wows\\images\\mode_5_desc_still.png'}
2024-09-05 18:50:50,538 : AssetManager : Registering Asset: mode_5_progress, File: mode_5_progress.gif, Default Group: default, Final Config: {'load': 'preload', 'file': 'E:\\MPF\\wows\\wows\\images\\mode_5_progress.gif'}
2024-09-05 18:50:50,539 : AssetManager : Registering Asset: mode_5_start, File: mode_5_start.gif, Default Group: default, Final Config: {'load': 'preload', 'file': 'E:\\MPF\\wows\\wows\\images\\mode_5_start.gif'}
2024-09-05 18:50:50,539 : AssetManager : Registering Asset: mode_5_start_text, File: mode_5_start_text.png, Default Group: default, Final Config: {'load': 'preload', 'file': 'E:\\MPF\\wows\\wows\\images\\mode_5_start_text.png'}
2024-09-05 18:50:50,539 : AssetManager : Registering Asset: mode_6_completed, File: mode_6_completed.gif, Default Group: default, Final Config: {'load': 'preload', 'file': 'E:\\MPF\\wows\\wows\\images\\mode_6_completed.gif'}
2024-09-05 18:50:50,539 : AssetManager : Registering Asset: mode_6_desc_rev, File: mode_6_desc_rev.gif, Default Group: default, Final Config: {'load': 'preload', 'file': 'E:\\MPF\\wows\\wows\\images\\mode_6_desc_rev.gif'}
2024-09-05 18:50:50,539 : AssetManager : Registering Asset: mode_6_desc_still, File: mode_6_desc_still.png, Default Group: default, Final Config: {'load': 'preload', 'file': 'E:\\MPF\\wows\\wows\\images\\mode_6_desc_still.png'}
2024-09-05 18:50:50,539 : AssetManager : Registering Asset: mode_6_progress, File: mode_6_progress.gif, Default Group: default, Final Config: {'load': 'preload', 'file': 'E:\\MPF\\wows\\wows\\images\\mode_6_progress.gif'}
2024-09-05 18:50:50,539 : AssetManager : Registering Asset: mode_6_start, File: mode_6_start.gif, Default Group: default, Final Config: {'load': 'preload', 'file': 'E:\\MPF\\wows\\wows\\images\\mode_6_start.gif'}
2024-09-05 18:50:50,539 : AssetManager : Registering Asset: mode_6_start_text, File: mode_6_start_text.png, Default Group: default, Final Config: {'load': 'preload', 'file': 'E:\\MPF\\wows\\wows\\images\\mode_6_start_text.png'}
2024-09-05 18:50:50,539 : AssetManager : Registering Asset: mode_7_completed, File: mode_7_completed.gif, Default Group: default, Final Config: {'load': 'preload', 'file': 'E:\\MPF\\wows\\wows\\images\\mode_7_completed.gif'}
2024-09-05 18:50:50,539 : AssetManager : Registering Asset: mode_7_desc_rev, File: mode_7_desc_rev.gif, Default Group: default, Final Config: {'load': 'preload', 'file': 'E:\\MPF\\wows\\wows\\images\\mode_7_desc_rev.gif'}
2024-09-05 18:50:50,539 : AssetManager : Registering Asset: mode_7_desc_still, File: mode_7_desc_still.png, Default Group: default, Final Config: {'load': 'preload', 'file': 'E:\\MPF\\wows\\wows\\images\\mode_7_desc_still.png'}
2024-09-05 18:50:50,540 : AssetManager : Registering Asset: mode_7_progress, File: mode_7_progress.gif, Default Group: default, Final Config: {'load': 'preload', 'file': 'E:\\MPF\\wows\\wows\\images\\mode_7_progress.gif'}
2024-09-05 18:50:50,540 : AssetManager : Registering Asset: mode_7_start, File: mode_7_start.gif, Default Group: default, Final Config: {'load': 'preload', 'file': 'E:\\MPF\\wows\\wows\\images\\mode_7_start.gif'}
2024-09-05 18:50:50,540 : AssetManager : Registering Asset: mode_7_start_text, File: mode_7_start_text.png, Default Group: default, Final Config: {'load': 'preload', 'file': 'E:\\MPF\\wows\\wows\\images\\mode_7_start_text.png'}
2024-09-05 18:50:50,540 : AssetManager : Registering Asset: mode_8_completed, File: mode_8_completed.gif, Default Group: default, Final Config: {'load': 'preload', 'file': 'E:\\MPF\\wows\\wows\\images\\mode_8_completed.gif'}
2024-09-05 18:50:50,540 : AssetManager : Registering Asset: mode_8_desc_rev, File: mode_8_desc_rev.gif, Default Group: default, Final Config: {'load': 'preload', 'file': 'E:\\MPF\\wows\\wows\\images\\mode_8_desc_rev.gif'}
2024-09-05 18:50:50,540 : AssetManager : Registering Asset: mode_8_desc_still, File: mode_8_desc_still.png, Default Group: default, Final Config: {'load': 'preload', 'file': 'E:\\MPF\\wows\\wows\\images\\mode_8_desc_still.png'}
2024-09-05 18:50:50,540 : AssetManager : Registering Asset: mode_8_progress, File: mode_8_progress.gif, Default Group: default, Final Config: {'load': 'preload', 'file': 'E:\\MPF\\wows\\wows\\images\\mode_8_progress.gif'}
2024-09-05 18:50:50,540 : AssetManager : Registering Asset: mode_8_start, File: mode_8_start.gif, Default Group: default, Final Config: {'load': 'preload', 'file': 'E:\\MPF\\wows\\wows\\images\\mode_8_start.gif'}
2024-09-05 18:50:50,540 : AssetManager : Registering Asset: mode_8_start_text, File: mode_8_start_text.png, Default Group: default, Final Config: {'load': 'preload', 'file': 'E:\\MPF\\wows\\wows\\images\\mode_8_start_text.png'}
2024-09-05 18:50:50,540 : AssetManager : Registering Asset: mode_9_completed, File: mode_9_completed.gif, Default Group: default, Final Config: {'load': 'preload', 'file': 'E:\\MPF\\wows\\wows\\images\\mode_9_completed.gif'}
2024-09-05 18:50:50,540 : AssetManager : Registering Asset: mode_9_desc_rev, File: mode_9_desc_rev.gif, Default Group: default, Final Config: {'load': 'preload', 'file': 'E:\\MPF\\wows\\wows\\images\\mode_9_desc_rev.gif'}
2024-09-05 18:50:50,540 : AssetManager : Registering Asset: mode_9_desc_still, File: mode_9_desc_still.png, Default Group: default, Final Config: {'load': 'preload', 'file': 'E:\\MPF\\wows\\wows\\images\\mode_9_desc_still.png'}
2024-09-05 18:50:50,541 : AssetManager : Registering Asset: mode_9_progress, File: mode_9_progress.gif, Default Group: default, Final Config: {'load': 'preload', 'file': 'E:\\MPF\\wows\\wows\\images\\mode_9_progress.gif'}
2024-09-05 18:50:50,541 : AssetManager : Registering Asset: mode_9_start, File: mode_9_start.gif, Default Group: default, Final Config: {'load': 'preload', 'file': 'E:\\MPF\\wows\\wows\\images\\mode_9_start.gif'}
2024-09-05 18:50:50,541 : AssetManager : Registering Asset: mode_9_start_text, File: mode_9_start_text.png, Default Group: default, Final Config: {'load': 'preload', 'file': 'E:\\MPF\\wows\\wows\\images\\mode_9_start_text.png'}
2024-09-05 18:50:50,541 : AssetManager : Registering Asset: module_engine, File: module_engine.png, Default Group: default, Final Config: {'load': 'preload', 'file': 'E:\\MPF\\wows\\wows\\images\\module_engine.png'}
2024-09-05 18:50:50,541 : AssetManager : Registering Asset: module_fire, File: module_fire.png, Default Group: default, Final Config: {'load': 'preload', 'file': 'E:\\MPF\\wows\\wows\\images\\module_fire.png'}
2024-09-05 18:50:50,541 : AssetManager : Registering Asset: module_main_battery, File: module_main_battery.png, Default Group: default, Final Config: {'load': 'preload', 'file': 'E:\\MPF\\wows\\wows\\images\\module_main_battery.png'}
2024-09-05 18:50:50,541 : AssetManager : Registering Asset: module_steering_gear, File: module_steering_gear.png, Default Group: default, Final Config: {'load': 'preload', 'file': 'E:\\MPF\\wows\\wows\\images\\module_steering_gear.png'}
2024-09-05 18:50:50,541 : AssetManager : Registering Asset: module_torpedo, File: module_torpedo.png, Default Group: default, Final Config: {'load': 'preload', 'file': 'E:\\MPF\\wows\\wows\\images\\module_torpedo.png'}
2024-09-05 18:50:50,541 : AssetManager : Registering Asset: m_conf, File: m_conf.png, Default Group: default, Final Config: {'load': 'preload', 'file': 'E:\\MPF\\wows\\wows\\images\\m_conf.png'}
2024-09-05 18:50:50,541 : AssetManager : Registering Asset: m_dread, File: m_dread.png, Default Group: default, Final Config: {'load': 'preload', 'file': 'E:\\MPF\\wows\\wows\\images\\m_dread.png'}
2024-09-05 18:50:50,541 : AssetManager : Registering Asset: m_hc, File: m_hc.png, Default Group: default, Final Config: {'load': 'preload', 'file': 'E:\\MPF\\wows\\wows\\images\\m_hc.png'}
2024-09-05 18:50:50,541 : AssetManager : Registering Asset: m_krakken, File: m_krakken.png, Default Group: default, Final Config: {'load': 'preload', 'file': 'E:\\MPF\\wows\\wows\\images\\m_krakken.png'}
2024-09-05 18:50:50,542 : AssetManager : Registering Asset: m_witherer, File: m_witherer.png, Default Group: default, Final Config: {'load': 'preload', 'file': 'E:\\MPF\\wows\\wows\\images\\m_witherer.png'}
2024-09-05 18:50:50,542 : AssetManager : Registering Asset: obtained, File: obtained.png, Default Group: default, Final Config: {'load': 'preload', 'file': 'E:\\MPF\\wows\\wows\\images\\obtained.png'}
2024-09-05 18:50:50,542 : AssetManager : Registering Asset: penetration, File: penetration.gif, Default Group: default, Final Config: {'load': 'preload', 'file': 'E:\\MPF\\wows\\wows\\images\\penetration.gif'}
2024-09-05 18:50:50,542 : AssetManager : Registering Asset: penetration_fast, File: penetration_fast.gif, Default Group: default, Final Config: {'load': 'preload', 'file': 'E:\\MPF\\wows\\wows\\images\\penetration_fast.gif'}
2024-09-05 18:50:50,542 : AssetManager : Registering Asset: penetration_still, File: penetration_still.png, Default Group: default, Final Config: {'load': 'preload', 'file': 'E:\\MPF\\wows\\wows\\images\\penetration_still.png'}
2024-09-05 18:50:50,542 : AssetManager : Registering Asset: radar_icon, File: radar_icon.png, Default Group: default, Final Config: {'load': 'preload', 'file': 'E:\\MPF\\wows\\wows\\images\\radar_icon.png'}
2024-09-05 18:50:50,542 : AssetManager : Registering Asset: repair_party_icon, File: repair_party_icon.png, Default Group: default, Final Config: {'load': 'preload', 'file': 'E:\\MPF\\wows\\wows\\images\\repair_party_icon.png'}
2024-09-05 18:50:50,542 : AssetManager : Registering Asset: sec_ap_1_shell, File: sec_ap_1_shell.gif, Default Group: default, Final Config: {'load': 'preload', 'file': 'E:\\MPF\\wows\\wows\\images\\sec_ap_1_shell.gif'}
2024-09-05 18:50:50,542 : AssetManager : Registering Asset: sec_ap_1_shell_2, File: sec_ap_1_shell_2.gif, Default Group: default, Final Config: {'load': 'preload', 'file': 'E:\\MPF\\wows\\wows\\images\\sec_ap_1_shell_2.gif'}
2024-09-05 18:50:50,542 : AssetManager : Registering Asset: sec_ap_2_shell, File: sec_ap_2_shell.gif, Default Group: default, Final Config: {'load': 'preload', 'file': 'E:\\MPF\\wows\\wows\\images\\sec_ap_2_shell.gif'}
2024-09-05 18:50:50,542 : AssetManager : Registering Asset: sec_ap_2_shell_2, File: sec_ap_2_shell_2.gif, Default Group: default, Final Config: {'load': 'preload', 'file': 'E:\\MPF\\wows\\wows\\images\\sec_ap_2_shell_2.gif'}
2024-09-05 18:50:50,542 : AssetManager : Registering Asset: sec_he_1_shell, File: sec_he_1_shell.gif, Default Group: default, Final Config: {'load': 'preload', 'file': 'E:\\MPF\\wows\\wows\\images\\sec_he_1_shell.gif'}
2024-09-05 18:50:50,543 : AssetManager : Registering Asset: sec_he_1_shell_2, File: sec_he_1_shell_2.gif, Default Group: default, Final Config: {'load': 'preload', 'file': 'E:\\MPF\\wows\\wows\\images\\sec_he_1_shell_2.gif'}
2024-09-05 18:50:50,543 : AssetManager : Registering Asset: sec_he_2_shell, File: sec_he_2_shell.gif, Default Group: default, Final Config: {'load': 'preload', 'file': 'E:\\MPF\\wows\\wows\\images\\sec_he_2_shell.gif'}
2024-09-05 18:50:50,543 : AssetManager : Registering Asset: sec_he_2_shell_2, File: sec_he_2_shell_2.gif, Default Group: default, Final Config: {'load': 'preload', 'file': 'E:\\MPF\\wows\\wows\\images\\sec_he_2_shell_2.gif'}
2024-09-05 18:50:50,543 : AssetManager : Registering Asset: shell, File: shell.gif, Default Group: default, Final Config: {'load': 'preload', 'file': 'E:\\MPF\\wows\\wows\\images\\shell.gif'}
2024-09-05 18:50:50,543 : AssetManager : Registering Asset: shell_2, File: shell_2.gif, Default Group: default, Final Config: {'load': 'preload', 'file': 'E:\\MPF\\wows\\wows\\images\\shell_2.gif'}
2024-09-05 18:50:50,543 : AssetManager : Registering Asset: shell_double, File: shell_double.gif, Default Group: default, Final Config: {'load': 'preload', 'file': 'E:\\MPF\\wows\\wows\\images\\shell_double.gif'}
2024-09-05 18:50:50,543 : AssetManager : Registering Asset: shell_double_2, File: shell_double_2.gif, Default Group: default, Final Config: {'load': 'preload', 'file': 'E:\\MPF\\wows\\wows\\images\\shell_double_2.gif'}
2024-09-05 18:50:50,543 : AssetManager : Registering Asset: shell_triple, File: shell_triple.gif, Default Group: default, Final Config: {'load': 'preload', 'file': 'E:\\MPF\\wows\\wows\\images\\shell_triple.gif'}
2024-09-05 18:50:50,543 : AssetManager : Registering Asset: shell_triple_2, File: shell_triple_2.gif, Default Group: default, Final Config: {'load': 'preload', 'file': 'E:\\MPF\\wows\\wows\\images\\shell_triple_2.gif'}
2024-09-05 18:50:50,543 : AssetManager : Registering Asset: shimakaze, File: shimakaze.png, Default Group: default, Final Config: {'load': 'preload', 'file': 'E:\\MPF\\wows\\wows\\images\\shimakaze.png'}
2024-09-05 18:50:50,543 : AssetManager : Registering Asset: shimakaze2, File: shimakaze2.jpg, Default Group: default, Final Config: {'load': 'preload', 'file': 'E:\\MPF\\wows\\wows\\images\\shimakaze2.jpg'}
2024-09-05 18:50:50,544 : AssetManager : Registering Asset: skillshot_1, File: skillshot_1.png, Default Group: default, Final Config: {'load': 'preload', 'file': 'E:\\MPF\\wows\\wows\\images\\skillshot_1.png'}
2024-09-05 18:50:50,544 : AssetManager : Registering Asset: skillshot_2, File: skillshot_2.png, Default Group: default, Final Config: {'load': 'preload', 'file': 'E:\\MPF\\wows\\wows\\images\\skillshot_2.png'}
2024-09-05 18:50:50,544 : AssetManager : Registering Asset: skillshot_3, File: skillshot_3.png, Default Group: default, Final Config: {'load': 'preload', 'file': 'E:\\MPF\\wows\\wows\\images\\skillshot_3.png'}
2024-09-05 18:50:50,544 : AssetManager : Registering Asset: skillshot_4, File: skillshot_4.png, Default Group: default, Final Config: {'load': 'preload', 'file': 'E:\\MPF\\wows\\wows\\images\\skillshot_4.png'}
2024-09-05 18:50:50,544 : AssetManager : Registering Asset: skillshot_5, File: skillshot_5.png, Default Group: default, Final Config: {'load': 'preload', 'file': 'E:\\MPF\\wows\\wows\\images\\skillshot_5.png'}
2024-09-05 18:50:50,544 : AssetManager : Registering Asset: skillshot_locked, File: skillshot_locked.png, Default Group: default, Final Config: {'load': 'preload', 'file': 'E:\\MPF\\wows\\wows\\images\\skillshot_locked.png'}
2024-09-05 18:50:50,544 : AssetManager : Registering Asset: small_explosion, File: small_explosion.gif, Default Group: default, Final Config: {'load': 'preload', 'file': 'E:\\MPF\\wows\\wows\\images\\small_explosion.gif'}
2024-09-05 18:50:50,544 : AssetManager : Registering Asset: small_explosion_2, File: small_explosion_2.gif, Default Group: default, Final Config: {'load': 'preload', 'file': 'E:\\MPF\\wows\\wows\\images\\small_explosion_2.gif'}
2024-09-05 18:50:50,544 : AssetManager : Registering Asset: smokde_icon, File: smokde_icon.png, Default Group: default, Final Config: {'load': 'preload', 'file': 'E:\\MPF\\wows\\wows\\images\\smokde_icon.png'}
2024-09-05 18:50:50,544 : AssetManager : Registering Asset: stalingrad, File: stalingrad.png, Default Group: default, Final Config: {'load': 'preload', 'file': 'E:\\MPF\\wows\\wows\\images\\stalingrad.png'}
2024-09-05 18:50:50,544 : AssetManager : Registering Asset: stalingrad2, File: stalingrad2.jpg, Default Group: default, Final Config: {'load': 'preload', 'file': 'E:\\MPF\\wows\\wows\\images\\stalingrad2.jpg'}
2024-09-05 18:50:50,545 : AssetManager : Registering Asset: super, File: super.gif, Default Group: default, Final Config: {'load': 'preload', 'file': 'E:\\MPF\\wows\\wows\\images\\super.gif'}
2024-09-05 18:50:50,545 : AssetManager : Registering Asset: super_1_muzzle, File: super_1_muzzle.gif, Default Group: default, Final Config: {'load': 'preload', 'file': 'E:\\MPF\\wows\\wows\\images\\super_1_muzzle.gif'}
2024-09-05 18:50:50,545 : AssetManager : Registering Asset: super_2, File: super_2.gif, Default Group: default, Final Config: {'load': 'preload', 'file': 'E:\\MPF\\wows\\wows\\images\\super_2.gif'}
2024-09-05 18:50:50,545 : AssetManager : Registering Asset: super_2_muzzle, File: super_2_muzzle.gif, Default Group: default, Final Config: {'load': 'preload', 'file': 'E:\\MPF\\wows\\wows\\images\\super_2_muzzle.gif'}
2024-09-05 18:50:50,545 : AssetManager : Registering Asset: super_3_muzzle, File: super_3_muzzle.gif, Default Group: default, Final Config: {'load': 'preload', 'file': 'E:\\MPF\\wows\\wows\\images\\super_3_muzzle.gif'}
2024-09-05 18:50:50,545 : AssetManager : Registering Asset: take_dmg_explosion, File: take_dmg_explosion.gif, Default Group: default, Final Config: {'load': 'preload', 'file': 'E:\\MPF\\wows\\wows\\images\\take_dmg_explosion.gif'}
2024-09-05 18:50:50,545 : AssetManager : Registering Asset: take_dmg_ship, File: take_dmg_ship.png, Default Group: default, Final Config: {'load': 'preload', 'file': 'E:\\MPF\\wows\\wows\\images\\take_dmg_ship.png'}
2024-09-05 18:50:50,545 : AssetManager : Registering Asset: torpedo_icon, File: torpedo_icon.png, Default Group: default, Final Config: {'load': 'preload', 'file': 'E:\\MPF\\wows\\wows\\images\\torpedo_icon.png'}
2024-09-05 18:50:50,545 : AssetManager : Registering Asset: TRIPLE JACKPOT, File: TRIPLE JACKPOT.png, Default Group: default, Final Config: {'load': 'preload', 'file': 'E:\\MPF\\wows\\wows\\images\\TRIPLE JACKPOT.png'}
2024-09-05 18:50:50,546 : AssetManager : Registering Asset: venezia, File: venezia.png, Default Group: default, Final Config: {'load': 'preload', 'file': 'E:\\MPF\\wows\\wows\\images\\venezia.png'}
2024-09-05 18:50:50,546 : AssetManager : Registering Asset: wargaming_logo, File: wargaming_logo.png, Default Group: default, Final Config: {'load': 'preload', 'file': 'E:\\MPF\\wows\\wows\\images\\wargaming_logo.png'}
2024-09-05 18:50:50,546 : AssetManager : Registering Asset: wows_logo, File: wows_logo.png, Default Group: default, Final Config: {'load': 'preload', 'file': 'E:\\MPF\\wows\\wows\\images\\wows_logo.png'}
2024-09-05 18:50:50,546 : AssetManager : Registering Asset: yamato, File: yamato.png, Default Group: default, Final Config: {'load': 'preload', 'file': 'E:\\MPF\\wows\\wows\\images\\yamato.png'}
2024-09-05 18:50:50,555 : AssetManager : Registering Asset: battle, File: battle.wav, Default Group: music, Final Config: {'load': 'on_demand', 'track': 'music', 'file': 'E:\\MPF\\wows\\wows\\sounds\\music\\battle.wav'}
2024-09-05 18:50:50,555 : AssetManager : Registering Asset: defeat, File: defeat.wav, Default Group: music, Final Config: {'load': 'on_demand', 'track': 'music', 'file': 'E:\\MPF\\wows\\wows\\sounds\\music\\defeat.wav'}
2024-09-05 18:50:50,556 : AssetManager : Registering Asset: critical_dmg, File: critical_dmg.wav, Default Group: sfx, Final Config: {'load': 'on_demand', 'track': 'critical_dmg_track', 'simultaneous_limit': 1, 'ducking': {'target': 'music, voice, sfx', 'delay': 0, 'attack': '0.6 sec', 'attenuation': '-13db', 'release_point': '3 sec', 'release': '1 sec'}, 'file': 'E:\\MPF\\wows\\wows\\sounds\\sfx\\critical_dmg.wav'}
2024-09-05 18:50:50,556 : AssetManager : Registering Asset: enemy_shoot_19, File: enemy_shoot_19.wav, Default Group: sfx, Final Config: {'load': 'on_demand', 'track': 'sfx', 'simultaneous_limit': 1, 'volume': 0.9, 'file': 'E:\\MPF\\wows\\wows\\sounds\\sfx\\enemy_shoot_19.wav'}
2024-09-05 18:50:50,556 : AssetManager : Registering Asset: enemy_shoot_2, File: enemy_shoot_2.wav, Default Group: sfx, Final Config: {'load': 'on_demand', 'track': 'sfx', 'simultaneous_limit': 1, 'file': 'E:\\MPF\\wows\\wows\\sounds\\sfx\\enemy_shoot_2.wav'}
2024-09-05 18:50:50,556 : AssetManager : Registering Asset: enemy_shoot_22, File: enemy_shoot_22.wav, Default Group: sfx, Final Config: {'load': 'on_demand', 'track': 'sfx', 'simultaneous_limit': 1, 'file': 'E:\\MPF\\wows\\wows\\sounds\\sfx\\enemy_shoot_22.wav'}
2024-09-05 18:50:50,556 : AssetManager : Registering Asset: enemy_shoot_3, File: enemy_shoot_3.wav, Default Group: sfx, Final Config: {'load': 'on_demand', 'track': 'sfx', 'simultaneous_limit': 1, 'file': 'E:\\MPF\\wows\\wows\\sounds\\sfx\\enemy_shoot_3.wav'}
2024-09-05 18:50:50,556 : AssetManager : Registering Asset: enemy_shoot_4, File: enemy_shoot_4.wav, Default Group: sfx, Final Config: {'load': 'on_demand', 'track': 'sfx', 'simultaneous_limit': 1, 'file': 'E:\\MPF\\wows\\wows\\sounds\\sfx\\enemy_shoot_4.wav'}
2024-09-05 18:50:50,556 : AssetManager : Registering Asset: enemy_shoot_5, File: enemy_shoot_5.wav, Default Group: sfx, Final Config: {'load': 'on_demand', 'track': 'sfx', 'simultaneous_limit': 1, 'file': 'E:\\MPF\\wows\\wows\\sounds\\sfx\\enemy_shoot_5.wav'}
2024-09-05 18:50:50,556 : AssetManager : Registering Asset: far_explosion_1, File: far_explosion_1.wav, Default Group: sfx, Final Config: {'load': 'on_demand', 'track': 'sfx', 'simultaneous_limit': 1, 'volume': 0.9, 'file': 'E:\\MPF\\wows\\wows\\sounds\\sfx\\far_explosion_1.wav'}
2024-09-05 18:50:50,556 : AssetManager : Registering Asset: far_explosion_2, File: far_explosion_2.wav, Default Group: sfx, Final Config: {'load': 'on_demand', 'track': 'sfx', 'simultaneous_limit': 1, 'volume': 0.9, 'file': 'E:\\MPF\\wows\\wows\\sounds\\sfx\\far_explosion_2.wav'}
2024-09-05 18:50:50,556 : AssetManager : Registering Asset: far_explosion_3, File: far_explosion_3.wav, Default Group: sfx, Final Config: {'load': 'on_demand', 'track': 'sfx', 'simultaneous_limit': 1, 'volume': 0.9, 'file': 'E:\\MPF\\wows\\wows\\sounds\\sfx\\far_explosion_3.wav'}
2024-09-05 18:50:50,556 : AssetManager : Registering Asset: heavy_dmg, File: heavy_dmg.wav, Default Group: sfx, Final Config: {'load': 'on_demand', 'track': 'sfx', 'simultaneous_limit': 1, 'volume': 0.6, 'file': 'E:\\MPF\\wows\\wows\\sounds\\sfx\\heavy_dmg.wav'}
2024-09-05 18:50:50,556 : AssetManager : Registering Asset: ricochet_loud_7, File: ricochet_loud_7.wav, Default Group: sfx, Final Config: {'load': 'on_demand', 'track': 'sfx', 'simultaneous_limit': 1, 'volume': 0.9, 'file': 'E:\\MPF\\wows\\wows\\sounds\\sfx\\ricochet_loud_7.wav'}
2024-09-05 18:50:50,556 : AssetManager : Registering Asset: shell_arrive_2, File: shell_arrive_2.wav, Default Group: sfx, Final Config: {'load': 'on_demand', 'track': 'sfx', 'file': 'E:\\MPF\\wows\\wows\\sounds\\sfx\\shell_arrive_2.wav'}
2024-09-05 18:50:50,556 : AssetManager : Registering Asset: shell_arrive_5, File: shell_arrive_5.wav, Default Group: sfx, Final Config: {'load': 'on_demand', 'track': 'sfx', 'simultaneous_limit': 1, 'file': 'E:\\MPF\\wows\\wows\\sounds\\sfx\\shell_arrive_5.wav'}
2024-09-05 18:50:50,557 : AssetManager : Registering Asset: shell_arrive_8, File: shell_arrive_8.wav, Default Group: sfx, Final Config: {'load': 'on_demand', 'track': 'sfx', 'simultaneous_limit': 1, 'volume': 0.7, 'file': 'E:\\MPF\\wows\\wows\\sounds\\sfx\\shell_arrive_8.wav'}
2024-09-05 18:50:50,557 : AssetManager : Registering Asset: shell_exit_1, File: shell_exit_1.wav, Default Group: sfx, Final Config: {'load': 'on_demand', 'track': 'sfx', 'simultaneous_limit': 1, 'file': 'E:\\MPF\\wows\\wows\\sounds\\sfx\\shell_exit_1.wav'}
2024-09-05 18:50:50,557 : AssetManager : Registering Asset: shell_exit_3, File: shell_exit_3.wav, Default Group: sfx, Final Config: {'load': 'on_demand', 'track': 'sfx', 'simultaneous_limit': 1, 'file': 'E:\\MPF\\wows\\wows\\sounds\\sfx\\shell_exit_3.wav'}
2024-09-05 18:50:50,557 : AssetManager : Registering Asset: shoot_1, File: shoot_1.wav, Default Group: sfx, Final Config: {'load': 'on_demand', 'track': 'sfx', 'simultaneous_limit': 1, 'file': 'E:\\MPF\\wows\\wows\\sounds\\sfx\\shoot_1.wav'}
2024-09-05 18:50:50,557 : AssetManager : Registering Asset: shoot_16, File: shoot_16.wav, Default Group: sfx, Final Config: {'load': 'on_demand', 'track': 'sfx', 'simultaneous_limit': 1, 'file': 'E:\\MPF\\wows\\wows\\sounds\\sfx\\shoot_16.wav'}
2024-09-05 18:50:50,557 : AssetManager : Registering Asset: shoot_17, File: shoot_17.wav, Default Group: sfx, Final Config: {'load': 'on_demand', 'track': 'sfx', 'simultaneous_limit': 1, 'file': 'E:\\MPF\\wows\\wows\\sounds\\sfx\\shoot_17.wav'}
2024-09-05 18:50:50,557 : AssetManager : Registering Asset: shoot_18, File: shoot_18.wav, Default Group: sfx, Final Config: {'load': 'on_demand', 'track': 'sfx', 'simultaneous_limit': 1, 'file': 'E:\\MPF\\wows\\wows\\sounds\\sfx\\shoot_18.wav'}
2024-09-05 18:50:50,557 : AssetManager : Registering Asset: shoot_19, File: shoot_19.wav, Default Group: sfx, Final Config: {'load': 'on_demand', 'track': 'sfx', 'simultaneous_limit': 1, 'file': 'E:\\MPF\\wows\\wows\\sounds\\sfx\\shoot_19.wav'}
2024-09-05 18:50:50,557 : AssetManager : Registering Asset: shoot_6, File: shoot_6.wav, Default Group: sfx, Final Config: {'load': 'on_demand', 'track': 'sfx', 'simultaneous_limit': 1, 'file': 'E:\\MPF\\wows\\wows\\sounds\\sfx\\shoot_6.wav'}
2024-09-05 18:50:50,559 : AssetManager : Registering Asset: mode_1_shot_made, File: mode_1_shot_made.gif, Default Group: default, Final Config: {'load': 'preload', 'file': 'E:\\MPF\\wows\\wows\\modes\\mode_1\\images\\mode_1_shot_made.gif'}
2024-09-05 18:50:50,561 : AssetManager : Registering Asset: mode_4_shot_made, File: mode_4_shot_made.gif, Default Group: default, Final Config: {'load': 'preload', 'file': 'E:\\MPF\\wows\\wows\\modes\\mode_4\\images\\mode_4_shot_made.gif'}
2024-09-05 18:50:50,561 : AssetManager : Registering Asset: mode_6_shot_made, File: mode_6_shot_made.gif, Default Group: default, Final Config: {'load': 'preload', 'file': 'E:\\MPF\\wows\\wows\\modes\\mode_6\\images\\mode_6_shot_made.gif'}
2024-09-05 18:50:50,563 : AssetManager : Registering Asset: mode_3_shot_made, File: mode_3_shot_made.gif, Default Group: default, Final Config: {'load': 'preload', 'file': 'E:\\MPF\\wows\\wows\\modes\\mode_3\\images\\mode_3_shot_made.gif'}
2024-09-05 18:50:50,564 : AssetManager : Registering Asset: back_arrow_7x7, File: back_arrow_7x7.png, Default Group: default, Final Config: {'load': 'preload', 'file': 'c:\\users\\dell\\appdata\\local\\programs\\python\\python36\\lib\\site-packages\\mpf\\modes\\high_score\\images\\back_arrow_7x7.png'}
2024-09-05 18:50:50,564 : AssetManager : Registering Asset: back_arrow_7x7_selected, File: back_arrow_7x7_selected.png, Default Group: default, Final Config: {'load': 'preload', 'file': 'c:\\users\\dell\\appdata\\local\\programs\\python\\python36\\lib\\site-packages\\mpf\\modes\\high_score\\images\\back_arrow_7x7_selected.png'}
2024-09-05 18:50:50,564 : AssetManager : Registering Asset: end_11x7, File: end_11x7.png, Default Group: default, Final Config: {'load': 'preload', 'file': 'c:\\users\\dell\\appdata\\local\\programs\\python\\python36\\lib\\site-packages\\mpf\\modes\\high_score\\images\\end_11x7.png'}
2024-09-05 18:50:50,564 : AssetManager : Registering Asset: end_11x7_selected, File: end_11x7_selected.png, Default Group: default, Final Config: {'load': 'preload', 'file': 'c:\\users\\dell\\appdata\\local\\programs\\python\\python36\\lib\\site-packages\\mpf\\modes\\high_score\\images\\end_11x7_selected.png'}
2024-09-05 18:50:50,565 : AssetManager : Registering Asset: mode_5_shot_made, File: mode_5_shot_made.gif, Default Group: default, Final Config: {'load': 'preload', 'file': 'E:\\MPF\\wows\\wows\\modes\\mode_5\\images\\mode_5_shot_made.gif'}
2024-09-05 18:50:50,567 : AssetManager : Registering Asset: mode_7_shot_made, File: mode_7_shot_made.gif, Default Group: default, Final Config: {'load': 'preload', 'file': 'E:\\MPF\\wows\\wows\\modes\\mode_7\\images\\mode_7_shot_made.gif'}
2024-09-05 18:50:50,567 : AssetManager : Registering Asset: mode_8_shot_made, File: mode_8_shot_made.gif, Default Group: default, Final Config: {'load': 'preload', 'file': 'E:\\MPF\\wows\\wows\\modes\\mode_8\\images\\mode_8_shot_made.gif'}
2024-09-05 18:50:50,568 : AssetManager : Registering Asset: mode_9_shot_made, File: mode_9_shot_made.gif, Default Group: default, Final Config: {'load': 'preload', 'file': 'E:\\MPF\\wows\\wows\\modes\\mode_9\\images\\mode_9_shot_made.gif'}
2024-09-05 18:50:50,570 : EventManager : Event: ======'init_phase_4'====== Args={}
2024-09-05 18:50:50,571 : EventManager : Event: ======'init_phase_5'====== Args={}
2024-09-05 18:50:50,667 : EventManager : Event: ======'loading_assets'====== Args={'total': 344, 'loaded': 1, 'remaining': 343, 'percent': 0}
2024-09-05 18:50:50,667 : AssetManager : Loading assets: 1/344 (0%)
2024-09-05 18:50:50,886 : EventManager : Event: ======'loading_assets'====== Args={'total': 344, 'loaded': 152, 'remaining': 192, 'percent': 44}
2024-09-05 18:50:50,886 : AssetManager : Loading assets: 152/344 (44%)
2024-09-05 18:50:51,085 : EventManager : Event: ======'loading_assets'====== Args={'total': 344, 'loaded': 200, 'remaining': 144, 'percent': 58}
2024-09-05 18:50:51,086 : AssetManager : Loading assets: 200/344 (58%)
2024-09-05 18:50:51,300 : EventManager : Event: ======'loading_assets'====== Args={'total': 344, 'loaded': 342, 'remaining': 2, 'percent': 99}
2024-09-05 18:50:51,300 : AssetManager : Loading assets: 342/344 (99%)
2024-09-05 18:50:51,301 : EventManager : Event: ======'loading_assets'====== Args={'total': 344, 'loaded': 344, 'remaining': 0, 'percent': 100}
2024-09-05 18:50:51,301 : AssetManager : Asset loading took: 0.9544408321380615
2024-09-05 18:50:51,301 : EventManager : Event: ======'asset_loading_complete'====== Args={}
2024-09-05 18:50:51,301 : AssetManager : Loading assets: 344/344 (100%)
2024-09-05 18:50:51,301 : EventManager : Event: ======'init_done'====== Args={}
2024-09-05 18:50:51,301 : MPF-MC BCP Server : Starting up on localhost port 5050
2024-09-05 18:50:51,305 : MPF-MC BCP Server : Waiting for a connection...
2024-09-05 18:50:51,367 : EventManager : Event: ======'client_disconnected'====== Args={'host': '127.0.0.1', 'port': 5050}
2024-09-05 18:50:52,337 : MPF-MC BCP Server : Received connection from: 127.0.0.1:49874
2024-09-05 18:50:52,350 : EventManager : Event: ======'client_connected'====== Args={'host': '127.0.0.1', 'port': 49874}
2024-09-05 18:50:52,351 : mpfmc : Initializing DMD
2024-09-05 18:50:52,379 : mpfmc : Setting DMD to 30fps
2024-09-05 18:50:52,483 : EventManager : Event: ======'machine_var_credits_string'====== Args={'value': 'FREE PLAY', 'prev_value': None, 'change': True}
2024-09-05 18:50:52,483 : EventManager : Event: ======'machine_var_player1_score'====== Args={'value': 0, 'prev_value': None, 'change': True}
2024-09-05 18:50:52,483 : EventManager : Event: ======'machine_var_mv_dmg_con_time'====== Args={'value': 9, 'prev_value': None, 'change': True}
2024-09-05 18:50:52,483 : EventManager : Event: ======'machine_var_mv_bomb_1_cost'====== Args={'value': 1, 'prev_value': None, 'change': True}
2024-09-05 18:50:52,483 : EventManager : Event: ======'machine_var_mv_bomb_2_cost'====== Args={'value': 1, 'prev_value': None, 'change': True}
2024-09-05 18:50:52,483 : EventManager : Event: ======'machine_var_mv_bomb_3_cost'====== Args={'value': 1, 'prev_value': None, 'change': True}
2024-09-05 18:50:52,483 : EventManager : Event: ======'machine_var_mv_bomb_4_cost'====== Args={'value': 1, 'prev_value': None, 'change': True}
2024-09-05 18:50:52,483 : EventManager : Event: ======'machine_var_mv_bomb_5_cost'====== Args={'value': 1, 'prev_value': None, 'change': True}
2024-09-05 18:50:52,484 : EventManager : Event: ======'machine_var_mv_bomb_6_cost'====== Args={'value': 1, 'prev_value': None, 'change': True}
2024-09-05 18:50:52,484 : EventManager : Event: ======'machine_var_mv_bomb_7_and_9_cost'====== Args={'value': 1, 'prev_value': None, 'change': True}
2024-09-05 18:50:52,484 : EventManager : Event: ======'machine_var_mv_bomb_8_cost'====== Args={'value': 1, 'prev_value': None, 'change': True}
2024-09-05 18:50:52,484 : EventManager : Event: ======'machine_var_mv_bomb_10_cost'====== Args={'value': 1, 'prev_value': None, 'change': True}
2024-09-05 18:50:52,484 : EventManager : Event: ======'machine_var_mv_bomb_mode_cost'====== Args={'value': 1, 'prev_value': None, 'change': True}
2024-09-05 18:50:52,484 : EventManager : Event: ======'machine_var_mpf_version'====== Args={'value': 'MPF v0.54.6', 'prev_value': None, 'change': True}
2024-09-05 18:50:52,484 : EventManager : Event: ======'machine_var_mpf_extended_version'====== Args={'value': 'MPF v0.54.6, Config version:5, Show version: 5, BCP version:1.1', 'prev_value': None, 'change': True}
2024-09-05 18:50:52,484 : EventManager : Event: ======'machine_var_python_version'====== Args={'value': '3.6.4', 'prev_value': None, 'change': True}
2024-09-05 18:50:52,484 : EventManager : Event: ======'machine_var_platform'====== Args={'value': 'Windows-10-10.0.19041-SP0', 'prev_value': None, 'change': True}
2024-09-05 18:50:52,484 : EventManager : Event: ======'machine_var_platform_system'====== Args={'value': 'Windows', 'prev_value': None, 'change': True}
2024-09-05 18:50:52,484 : EventManager : Event: ======'machine_var_platform_release'====== Args={'value': '10', 'prev_value': None, 'change': True}
2024-09-05 18:50:52,484 : EventManager : Event: ======'machine_var_platform_version'====== Args={'value': '10.0.19041', 'prev_value': None, 'change': True}
2024-09-05 18:50:52,484 : EventManager : Event: ======'machine_var_platform_machine'====== Args={'value': 'AMD64', 'prev_value': None, 'change': True}
2024-09-05 18:50:52,484 : EventManager : Event: ======'machine_var_score1_label'====== Args={'value': 'GRAND ADMIRAL', 'prev_value': None, 'change': True}
2024-09-05 18:50:52,484 : EventManager : Event: ======'machine_var_score1_name'====== Args={'value': 'SBA', 'prev_value': None, 'change': True}
2024-09-05 18:50:52,484 : EventManager : Event: ======'machine_var_score1_value'====== Args={'value': 1000000000, 'prev_value': None, 'change': True}
2024-09-05 18:50:52,485 : EventManager : Event: ======'machine_var_score2_label'====== Args={'value': 'ADMIRAL 1', 'prev_value': None, 'change': True}
2024-09-05 18:50:52,485 : EventManager : Event: ======'machine_var_score2_name'====== Args={'value': 'OCP', 'prev_value': None, 'change': True}
2024-09-05 18:50:52,485 : EventManager : Event: ======'machine_var_score2_value'====== Args={'value': 900000000, 'prev_value': None, 'change': True}
2024-09-05 18:50:52,485 : EventManager : Event: ======'machine_var_score3_label'====== Args={'value': 'ADMIRAL 2', 'prev_value': None, 'change': True}
2024-09-05 18:50:52,485 : EventManager : Event: ======'machine_var_score3_name'====== Args={'value': 'AND', 'prev_value': None, 'change': True}
2024-09-05 18:50:52,485 : EventManager : Event: ======'machine_var_score3_value'====== Args={'value': 800000000, 'prev_value': None, 'change': True}
2024-09-05 18:50:52,485 : EventManager : Event: ======'machine_var_score4_label'====== Args={'value': 'ADMIRAL 3', 'prev_value': None, 'change': True}
2024-09-05 18:50:52,485 : EventManager : Event: ======'machine_var_score4_name'====== Args={'value': 'W G', 'prev_value': None, 'change': True}
2024-09-05 18:50:52,485 : EventManager : Event: ======'machine_var_score4_value'====== Args={'value': 700000000, 'prev_value': None, 'change': True}
2024-09-05 18:50:52,485 : EventManager : Event: ======'machine_var_score5_label'====== Args={'value': 'ADMIRAL 4', 'prev_value': None, 'change': True}
2024-09-05 18:50:52,485 : EventManager : Event: ======'machine_var_score5_name'====== Args={'value': 'WOW', 'prev_value': None, 'change': True}
2024-09-05 18:50:52,485 : EventManager : Event: ======'machine_var_score5_value'====== Args={'value': 600000000, 'prev_value': None, 'change': True}
2024-09-05 18:50:52,485 : EventManager : Event: ======'machine_var_mc_version'====== Args={'value': 'MPF-MC v0.54.2', 'prev_value': None, 'change': True}
2024-09-05 18:50:52,485 : EventManager : Event: ======'machine_var_mc_extended_version'====== Args={'value': 'MPF-MC v0.54.2 (config_version=5, BCP v1.1, Requires MPF v0.54.0)', 'prev_value': None, 'change': True}
2024-09-05 18:50:52,485 : EventManager : Event: ======'machine_var_master_volume'====== Args={'value': 1.0, 'prev_value': None, 'change': True}
2024-09-05 18:50:52,516 : EventManager : Event: ======'machine_var_audits_events_game_ended'====== Args={'value': 1, 'prev_value': None, 'change': True}
2024-09-05 18:50:52,516 : EventManager : Event: ======'machine_var_audits_events_game_started'====== Args={'value': 653, 'prev_value': None, 'change': True}
2024-09-05 18:50:52,516 : EventManager : Event: ======'machine_var_audits_player_score'====== Args={'value': {'average': 0.0, 'top': [0], 'total': 1}, 'prev_value': None, 'change': True}
2024-09-05 18:50:52,516 : EventManager : Event: ======'machine_var_audits_shots_battle_shot'====== Args={'value': 66, 'prev_value': None, 'change': True}
2024-09-05 18:50:52,517 : EventManager : Event: ======'machine_var_audits_shots_confederate_1'====== Args={'value': 13, 'prev_value': None, 'change': True}
2024-09-05 18:50:52,517 : EventManager : Event: ======'machine_var_audits_shots_confederate_2'====== Args={'value': 235, 'prev_value': None, 'change': True}
2024-09-05 18:50:52,517 : EventManager : Event: ======'machine_var_audits_shots_confederate_3'====== Args={'value': 91, 'prev_value': None, 'change': True}
2024-09-05 18:50:52,517 : EventManager : Event: ======'machine_var_audits_shots_confederate_4'====== Args={'value': 29, 'prev_value': None, 'change': True}
2024-09-05 18:50:52,517 : EventManager : Event: ======'machine_var_audits_shots_confederate_5'====== Args={'value': 10, 'prev_value': None, 'change': True}
2024-09-05 18:50:52,517 : EventManager : Event: ======'machine_var_audits_shots_confederate_6'====== Args={'value': 399, 'prev_value': None, 'change': True}
2024-09-05 18:50:52,517 : EventManager : Event: ======'machine_var_audits_shots_detonation'====== Args={'value': 42, 'prev_value': None, 'change': True}
2024-09-05 18:50:52,517 : EventManager : Event: ======'machine_var_audits_shots_detonation_lit'====== Args={'value': 172, 'prev_value': None, 'change': True}
2024-09-05 18:50:52,517 : EventManager : Event: ======'machine_var_audits_shots_dmg_con_1'====== Args={'value': 96, 'prev_value': None, 'change': True}
2024-09-05 18:50:52,517 : EventManager : Event: ======'machine_var_audits_shots_dmg_con_2'====== Args={'value': 122, 'prev_value': None, 'change': True}
2024-09-05 18:50:52,517 : EventManager : Event: ======'machine_var_audits_shots_dmg_con_3'====== Args={'value': 84, 'prev_value': None, 'change': True}
2024-09-05 18:50:52,518 : EventManager : Event: ======'machine_var_audits_shots_dmg_con_4'====== Args={'value': 101, 'prev_value': None, 'change': True}
2024-09-05 18:50:52,518 : EventManager : Event: ======'machine_var_audits_shots_dmg_con_5'====== Args={'value': 78, 'prev_value': None, 'change': True}
2024-09-05 18:50:52,518 : EventManager : Event: ======'machine_var_audits_shots_dmg_con_6'====== Args={'value': 99, 'prev_value': None, 'change': True}
2024-09-05 18:50:52,518 : EventManager : Event: ======'machine_var_audits_shots_dmg_con_add_time_1'====== Args={'value': 32, 'prev_value': None, 'change': True}
2024-09-05 18:50:52,518 : EventManager : Event: ======'machine_var_audits_shots_dmg_con_add_time_2'====== Args={'value': 43, 'prev_value': None, 'change': True}
2024-09-05 18:50:52,518 : EventManager : Event: ======'machine_var_audits_shots_dmg_con_add_time_3'====== Args={'value': 24, 'prev_value': None, 'change': True}
2024-09-05 18:50:52,518 : EventManager : Event: ======'machine_var_audits_shots_dmg_con_add_time_4'====== Args={'value': 21, 'prev_value': None, 'change': True}
2024-09-05 18:50:52,518 : EventManager : Event: ======'machine_var_audits_shots_jackpot_1'====== Args={'value': 79, 'prev_value': None, 'change': True}
2024-09-05 18:50:52,518 : EventManager : Event: ======'machine_var_audits_shots_jackpot_2'====== Args={'value': 107, 'prev_value': None, 'change': True}
2024-09-05 18:50:52,518 : EventManager : Event: ======'machine_var_audits_shots_jackpot_3'====== Args={'value': 91, 'prev_value': None, 'change': True}
2024-09-05 18:50:52,518 : EventManager : Event: ======'machine_var_audits_shots_jackpot_4'====== Args={'value': 41, 'prev_value': None, 'change': True}
2024-09-05 18:50:52,518 : EventManager : Event: ======'machine_var_audits_shots_jackpot_5'====== Args={'value': 42, 'prev_value': None, 'change': True}
2024-09-05 18:50:52,518 : EventManager : Event: ======'machine_var_audits_shots_jackpot_6'====== Args={'value': 51, 'prev_value': None, 'change': True}
2024-09-05 18:50:52,519 : EventManager : Event: ======'machine_var_audits_shots_lane_A'====== Args={'value': 125, 'prev_value': None, 'change': True}
2024-09-05 18:50:52,519 : EventManager : Event: ======'machine_var_audits_shots_lane_B'====== Args={'value': 147, 'prev_value': None, 'change': True}
2024-09-05 18:50:52,519 : EventManager : Event: ======'machine_var_audits_shots_lane_C'====== Args={'value': 350, 'prev_value': None, 'change': True}
2024-09-05 18:50:52,519 : EventManager : Event: ======'machine_var_audits_shots_lane_D'====== Args={'value': 363, 'prev_value': None, 'change': True}
2024-09-05 18:50:52,519 : EventManager : Event: ======'machine_var_audits_shots_lane_E'====== Args={'value': 140, 'prev_value': None, 'change': True}
2024-09-05 18:50:52,519 : EventManager : Event: ======'machine_var_audits_shots_lock_lit_1'====== Args={'value': 1595, 'prev_value': None, 'change': True}
2024-09-05 18:50:52,519 : EventManager : Event: ======'machine_var_audits_shots_lock_lit_2'====== Args={'value': 1508, 'prev_value': None, 'change': True}
2024-09-05 18:50:52,519 : EventManager : Event: ======'machine_var_audits_shots_ricochet_1'====== Args={'value': 173, 'prev_value': None, 'change': True}
2024-09-05 18:50:52,519 : EventManager : Event: ======'machine_var_audits_shots_ricochet_2'====== Args={'value': 685, 'prev_value': None, 'change': True}
2024-09-05 18:50:52,519 : EventManager : Event: ======'machine_var_audits_shots_ricochet_3'====== Args={'value': 91, 'prev_value': None, 'change': True}
2024-09-05 18:50:52,519 : EventManager : Event: ======'machine_var_audits_shots_ricochet_4'====== Args={'value': 49, 'prev_value': None, 'change': True}
2024-09-05 18:50:52,519 : EventManager : Event: ======'machine_var_audits_shots_ricochet_5'====== Args={'value': 3, 'prev_value': None, 'change': True}
2024-09-05 18:50:52,519 : EventManager : Event: ======'machine_var_audits_switches_s_action_button'====== Args={'value': 46, 'prev_value': None, 'change': True}
2024-09-05 18:50:52,520 : EventManager : Event: ======'machine_var_audits_switches_s_bumper_1'====== Args={'value': 735, 'prev_value': None, 'change': True}
2024-09-05 18:50:52,520 : EventManager : Event: ======'machine_var_audits_switches_s_bumper_2'====== Args={'value': 223, 'prev_value': None, 'change': True}
2024-09-05 18:50:52,520 : EventManager : Event: ======'machine_var_audits_switches_s_bumper_3'====== Args={'value': 688, 'prev_value': None, 'change': True}
2024-09-05 18:50:52,520 : EventManager : Event: ======'machine_var_audits_switches_s_center_ramp'====== Args={'value': 114, 'prev_value': None, 'change': True}
2024-09-05 18:50:52,520 : EventManager : Event: ======'machine_var_audits_switches_s_citadel'====== Args={'value': 75, 'prev_value': None, 'change': True}
2024-09-05 18:50:52,520 : EventManager : Event: ======'machine_var_audits_switches_s_citadel_lock'====== Args={'value': 255, 'prev_value': None, 'change': True}
2024-09-05 18:50:52,520 : EventManager : Event: ======'machine_var_audits_switches_s_conning_tower'====== Args={'value': 4, 'prev_value': None, 'change': True}
2024-09-05 18:50:52,520 : EventManager : Event: ======'machine_var_audits_switches_s_detonation'====== Args={'value': 172, 'prev_value': None, 'change': True}
2024-09-05 18:50:52,520 : EventManager : Event: ======'machine_var_audits_switches_s_detonation_lit'====== Args={'value': 24, 'prev_value': None, 'change': True}
2024-09-05 18:50:52,520 : EventManager : Event: ======'machine_var_audits_switches_s_dmg_1'====== Args={'value': 2705, 'prev_value': None, 'change': True}
2024-09-05 18:50:52,520 : EventManager : Event: ======'machine_var_audits_switches_s_dmg_2'====== Args={'value': 65, 'prev_value': None, 'change': True}
2024-09-05 18:50:52,520 : EventManager : Event: ======'machine_var_audits_switches_s_dmg_3'====== Args={'value': 20, 'prev_value': None, 'change': True}
2024-09-05 18:50:52,520 : EventManager : Event: ======'machine_var_audits_switches_s_dmg_4'====== Args={'value': 27, 'prev_value': None, 'change': True}
2024-09-05 18:50:52,520 : EventManager : Event: ======'machine_var_audits_switches_s_dmg_5'====== Args={'value': 27, 'prev_value': None, 'change': True}
2024-09-05 18:50:52,521 : EventManager : Event: ======'machine_var_audits_switches_s_dmg_6'====== Args={'value': 140, 'prev_value': None, 'change': True}
2024-09-05 18:50:52,521 : EventManager : Event: ======'machine_var_audits_switches_s_dmg_7'====== Args={'value': 293, 'prev_value': None, 'change': True}
2024-09-05 18:50:52,521 : EventManager : Event: ======'machine_var_audits_switches_s_drop_target'====== Args={'value': 2094, 'prev_value': None, 'change': True}
2024-09-05 18:50:52,521 : EventManager : Event: ======'machine_var_audits_switches_s_jet_hole'====== Args={'value': 0, 'prev_value': None, 'change': True}
2024-09-05 18:50:52,521 : EventManager : Event: ======'machine_var_audits_switches_s_jet_lane'====== Args={'value': 1, 'prev_value': None, 'change': True}
2024-09-05 18:50:52,521 : EventManager : Event: ======'machine_var_audits_switches_s_kickback'====== Args={'value': 0, 'prev_value': None, 'change': True}
2024-09-05 18:50:52,533 : EventManager : Event: ======'machine_var_audits_switches_s_kickback_target_1'====== Args={'value': 1, 'prev_value': None, 'change': True}
2024-09-05 18:50:52,533 : EventManager : Event: ======'machine_var_audits_switches_s_kickback_target_2'====== Args={'value': 1, 'prev_value': None, 'change': True}
2024-09-05 18:50:52,533 : EventManager : Event: ======'machine_var_audits_switches_s_kickback_target_3'====== Args={'value': 7, 'prev_value': None, 'change': True}
2024-09-05 18:50:52,533 : EventManager : Event: ======'machine_var_audits_switches_s_kickback_terget_1'====== Args={'value': 0, 'prev_value': None, 'change': True}
2024-09-05 18:50:52,533 : EventManager : Event: ======'machine_var_audits_switches_s_left_flipper'====== Args={'value': 1472, 'prev_value': None, 'change': True}
2024-09-05 18:50:52,533 : EventManager : Event: ======'machine_var_audits_switches_s_left_hole'====== Args={'value': 0, 'prev_value': None, 'change': True}
2024-09-05 18:50:52,533 : EventManager : Event: ======'machine_var_audits_switches_s_left_inlane'====== Args={'value': 351, 'prev_value': None, 'change': True}
2024-09-05 18:50:52,533 : EventManager : Event: ======'machine_var_audits_switches_s_left_loop_made'====== Args={'value': 244, 'prev_value': None, 'change': True}
2024-09-05 18:50:52,533 : EventManager : Event: ======'machine_var_audits_switches_s_left_loop_pre'====== Args={'value': 201, 'prev_value': None, 'change': True}
2024-09-05 18:50:52,550 : EventManager : Event: ======'machine_var_audits_switches_s_left_mid_inlane'====== Args={'value': 147, 'prev_value': None, 'change': True}
2024-09-05 18:50:52,550 : EventManager : Event: ======'machine_var_audits_switches_s_left_outlane'====== Args={'value': 125, 'prev_value': None, 'change': True}
2024-09-05 18:50:52,550 : EventManager : Event: ======'machine_var_audits_switches_s_left_ramp_made'====== Args={'value': 2010, 'prev_value': None, 'change': True}
2024-09-05 18:50:52,550 : EventManager : Event: ======'machine_var_audits_switches_s_left_ramp_pre'====== Args={'value': 275, 'prev_value': None, 'change': True}
2024-09-05 18:50:52,550 : EventManager : Event: ======'machine_var_audits_switches_s_left_slingshot'====== Args={'value': 38, 'prev_value': None, 'change': True}
2024-09-05 18:50:52,550 : EventManager : Event: ======'machine_var_audits_switches_s_lock_1'====== Args={'value': 427, 'prev_value': None, 'change': True}
2024-09-05 18:50:52,550 : EventManager : Event: ======'machine_var_audits_switches_s_lock_2'====== Args={'value': 439, 'prev_value': None, 'change': True}
2024-09-05 18:50:52,550 : EventManager : Event: ======'machine_var_audits_switches_s_lock_3'====== Args={'value': 522, 'prev_value': None, 'change': True}
2024-09-05 18:50:52,550 : EventManager : Event: ======'machine_var_audits_switches_s_magnet_switch'====== Args={'value': 0, 'prev_value': None, 'change': True}
2024-09-05 18:50:52,550 : EventManager : Event: ======'machine_var_audits_switches_s_main_hole'====== Args={'value': 1062, 'prev_value': None, 'change': True}
2024-09-05 18:50:52,551 : EventManager : Event: ======'machine_var_audits_switches_s_pen_1'====== Args={'value': 819, 'prev_value': None, 'change': True}
2024-09-05 18:50:52,551 : EventManager : Event: ======'machine_var_audits_switches_s_pen_2'====== Args={'value': 96, 'prev_value': None, 'change': True}
2024-09-05 18:50:52,551 : EventManager : Event: ======'machine_var_audits_switches_s_pen_3'====== Args={'value': 322, 'prev_value': None, 'change': True}
2024-09-05 18:50:52,551 : EventManager : Event: ======'machine_var_audits_switches_s_pen_4'====== Args={'value': 5, 'prev_value': None, 'change': True}
2024-09-05 18:50:52,551 : EventManager : Event: ======'machine_var_audits_switches_s_pen_5'====== Args={'value': 2, 'prev_value': None, 'change': True}
2024-09-05 18:50:52,551 : EventManager : Event: ======'machine_var_audits_switches_s_pen_6'====== Args={'value': 8, 'prev_value': None, 'change': True}
2024-09-05 18:50:52,551 : EventManager : Event: ======'machine_var_audits_switches_s_plunger'====== Args={'value': 4105, 'prev_value': None, 'change': True}
2024-09-05 18:50:52,551 : EventManager : Event: ======'machine_var_audits_switches_s_plunger_button'====== Args={'value': 6, 'prev_value': None, 'change': True}
2024-09-05 18:50:52,551 : EventManager : Event: ======'machine_var_audits_switches_s_ricochet_1'====== Args={'value': 197, 'prev_value': None, 'change': True}
2024-09-05 18:50:52,551 : EventManager : Event: ======'machine_var_audits_switches_s_ricochet_2'====== Args={'value': 692, 'prev_value': None, 'change': True}
2024-09-05 18:50:52,551 : EventManager : Event: ======'machine_var_audits_switches_s_ricochet_3'====== Args={'value': 93, 'prev_value': None, 'change': True}
2024-09-05 18:50:52,551 : EventManager : Event: ======'machine_var_audits_switches_s_ricochet_4'====== Args={'value': 54, 'prev_value': None, 'change': True}
2024-09-05 18:50:52,551 : EventManager : Event: ======'machine_var_audits_switches_s_ricochet_5'====== Args={'value': 8, 'prev_value': None, 'change': True}
2024-09-05 18:50:52,551 : EventManager : Event: ======'machine_var_audits_switches_s_right_flipper'====== Args={'value': 4253, 'prev_value': None, 'change': True}
2024-09-05 18:50:52,552 : EventManager : Event: ======'machine_var_audits_switches_s_right_hole'====== Args={'value': 26, 'prev_value': None, 'change': True}
2024-09-05 18:50:52,552 : EventManager : Event: ======'machine_var_audits_switches_s_right_inlane'====== Args={'value': 365, 'prev_value': None, 'change': True}
2024-09-05 18:50:52,552 : EventManager : Event: ======'machine_var_audits_switches_s_right_loop_made'====== Args={'value': 84, 'prev_value': None, 'change': True}
2024-09-05 18:50:52,552 : EventManager : Event: ======'machine_var_audits_switches_s_right_loop_pre'====== Args={'value': 72, 'prev_value': None, 'change': True}
2024-09-05 18:50:52,552 : EventManager : Event: ======'machine_var_audits_switches_s_right_outlane'====== Args={'value': 142, 'prev_value': None, 'change': True}
2024-09-05 18:50:52,552 : EventManager : Event: ======'machine_var_audits_switches_s_right_ramp_made'====== Args={'value': 1706, 'prev_value': None, 'change': True}
2024-09-05 18:50:52,552 : EventManager : Event: ======'machine_var_audits_switches_s_right_ramp_pre'====== Args={'value': 83, 'prev_value': None, 'change': True}
2024-09-05 18:50:52,566 : EventManager : Event: ======'machine_var_audits_switches_s_right_slingshot'====== Args={'value': 134, 'prev_value': None, 'change': True}
2024-09-05 18:50:52,567 : EventManager : Event: ======'machine_var_audits_switches_s_right_small_ramp'====== Args={'value': 0, 'prev_value': None, 'change': True}
2024-09-05 18:50:52,567 : EventManager : Event: ======'machine_var_audits_switches_s_right_tunnel'====== Args={'value': 1, 'prev_value': None, 'change': True}
2024-09-05 18:50:52,567 : EventManager : Event: ======'machine_var_audits_switches_s_saucer'====== Args={'value': 1, 'prev_value': None, 'change': True}
2024-09-05 18:50:52,567 : EventManager : Event: ======'machine_var_audits_switches_s_side_hole'====== Args={'value': 318, 'prev_value': None, 'change': True}
2024-09-05 18:50:52,567 : EventManager : Event: ======'machine_var_audits_switches_s_side_ramp_made'====== Args={'value': 1132, 'prev_value': None, 'change': True}
2024-09-05 18:50:52,567 : EventManager : Event: ======'machine_var_audits_switches_s_side_ramp_pre'====== Args={'value': 113, 'prev_value': None, 'change': True}
2024-09-05 18:50:52,567 : EventManager : Event: ======'machine_var_audits_switches_s_spinner'====== Args={'value': 0, 'prev_value': None, 'change': True}
2024-09-05 18:50:52,567 : EventManager : Event: ======'machine_var_audits_switches_s_start'====== Args={'value': 150, 'prev_value': None, 'change': True}
2024-09-05 18:50:52,567 : EventManager : Event: ======'machine_var_audits_switches_s_torpedo'====== Args={'value': 739, 'prev_value': None, 'change': True}
2024-09-05 18:50:52,567 : EventManager : Event: ======'machine_var_audits_switches_s_torpedo_lane'====== Args={'value': 2, 'prev_value': None, 'change': True}
2024-09-05 18:50:52,567 : EventManager : Event: ======'machine_var_audits_switches_s_torpedo_pre'====== Args={'value': 0, 'prev_value': None, 'change': True}
2024-09-05 18:50:52,567 : EventManager : Event: ======'machine_var_audits_switches_s_trough1'====== Args={'value': 661, 'prev_value': None, 'change': True}
2024-09-05 18:50:52,567 : EventManager : Event: ======'machine_var_audits_switches_s_trough2'====== Args={'value': 108, 'prev_value': None, 'change': True}
2024-09-05 18:50:52,567 : EventManager : Event: ======'machine_var_audits_switches_s_trough3'====== Args={'value': 84, 'prev_value': None, 'change': True}
2024-09-05 18:50:52,567 : EventManager : Event: ======'machine_var_audits_switches_s_trough4'====== Args={'value': 36, 'prev_value': None, 'change': True}
2024-09-05 18:50:52,568 : EventManager : Event: ======'machine_var_audits_switches_s_trough5'====== Args={'value': 2, 'prev_value': None, 'change': True}
2024-09-05 18:50:52,568 : EventManager : Event: ======'machine_var_audits_switches_s_trough6'====== Args={'value': 1, 'prev_value': None, 'change': True}
2024-09-05 18:50:52,568 : EventManager : Event: ======'machine_var_audits_switches_s_trough_jam'====== Args={'value': 0, 'prev_value': None, 'change': True}
2024-09-05 18:50:52,600 : EventManager : Event: ======'mc_reset_phase_1'====== Args={}
2024-09-05 18:50:52,600 : EventManager : Event: ======'mc_reset_phase_2'====== Args={}
2024-09-05 18:50:52,600 : EventManager : Event: ======'mc_reset_phase_3'====== Args={}
2024-09-05 18:50:52,600 : EventManager : Event: ======'mc_reset_complete'====== Args={}
2024-09-05 18:50:52,617 : EventManager : Event: ======'slides_play'====== Args={'settings': {'attract_game_over_slide': {'widgets': [{'type': 'text', 'text': 'GAME OVER', 'style': ['big'], 'font_size': 15, 'y': 'center+0.5', '_default_settings': ['type', 'text', 'style', 'font_size', 'y'], 'x': None, 'anchor_x': 'center', 'anchor_y': 'center', 'round_anchor_x': None, 'round_anchor_y': None, 'opacity': 1.0, 'z': 0, 'reset_animations_events': {}, 'color': [1.0, 1.0, 1.0, 1.0], 'adjust_top': 0, 'adjust_bottom': 0, 'adjust_left': 0, 'adjust_right': 0, 'expire': None, 'key': None, 'widget': None, 'events_when_added': [], 'events_when_removed': [], 'bitmap_font': False, 'font_kerning': True, 'bold': False, 'italic': False, 'number_grouping': False, 'min_digits': 0, 'halign': 'center', 'valign': 'middle', 'rotation': 0, 'scale': 1.0, 'casing': None, 'animations': None}], 'target': None, 'background_color': [0.0, 0.0, 0.0, 1.0], 'priority': None, 'show': True, 'force': False, 'expire': None, 'slide': None, 'tokens': {}, 'action': 'play'}}, 'context': 'show_1', 'calling_context': 0, 'priority': 10, 'show_tokens': {}, 'start_time': 728.281}
2024-09-05 18:50:52,617 : mpfmc : SlidePlayer: Play called with settings={'attract_game_over_slide': {'widgets': [{'type': 'text', 'text': 'GAME OVER', 'style': ['big'], 'font_size': 15, 'y': 'center+0.5', '_default_settings': ['type', 'text', 'style', 'font_size', 'y'], 'x': None, 'anchor_x': 'center', 'anchor_y': 'center', 'round_anchor_x': None, 'round_anchor_y': None, 'opacity': 1.0, 'z': 0, 'reset_animations_events': {}, 'color': [1.0, 1.0, 1.0, 1.0], 'adjust_top': 0, 'adjust_bottom': 0, 'adjust_left': 0, 'adjust_right': 0, 'expire': None, 'key': None, 'widget': None, 'events_when_added': [], 'events_when_removed': [], 'bitmap_font': False, 'font_kerning': True, 'bold': False, 'italic': False, 'number_grouping': False, 'min_digits': 0, 'halign': 'center', 'valign': 'middle', 'rotation': 0, 'scale': 1.0, 'casing': None, 'animations': None}], 'target': None, 'background_color': [0.0, 0.0, 0.0, 1.0], 'priority': None, 'show': True, 'force': False, 'expire': None, 'slide': None, 'tokens': {}, 'action': 'play'}}
2024-09-05 18:50:52,624 : EventManager : Event: ======'slide_attract_game_over_slide_created'====== Args={}
2024-09-05 18:50:52,626 : EventManager : Event: ======'slide_attract_game_over_slide_active'====== Args={}
2024-09-05 18:50:54,617 : EventManager : Event: ======'slides_play'====== Args={'settings': {'end_mode_8_compIG': {'widgets': [{'type': 'text', 'text': 'ABCDEFGHIJKLM', 'x': '0', 'anchor_y': 'top', 'anchor_x': 'left', 'y': 'top', 'style': ['medium'], 'round_anchor_x': 'left', 'round_anchor_y': 'top', '_default_settings': ['type', 'text', 'x', 'anchor_y', 'anchor_x', 'y', 'style', 'round_anchor_x', 'round_anchor_y'], 'opacity': 1.0, 'z': 0, 'reset_animations_events': {}, 'color': [1.0, 1.0, 1.0, 1.0], 'adjust_top': 0, 'adjust_bottom': 0, 'adjust_left': 0, 'adjust_right': 0, 'expire': None, 'key': None, 'widget': None, 'events_when_added': [], 'events_when_removed': [], 'font_size': 15, 'bitmap_font': False, 'font_kerning': True, 'bold': False, 'italic': False, 'number_grouping': False, 'min_digits': 0, 'halign': 'center', 'valign': 'middle', 'rotation': 0, 'scale': 1.0, 'casing': None, 'animations': None}, {'type': 'text', 'text': 'NOPQRSTUVWXYZ', 'x': '0', 'anchor_y': 'top', 'anchor_x': 'left', 'y': 'top-11', 'style': ['medium'], 'round_anchor_x': 'left', 'round_anchor_y': 'top', '_default_settings': ['type', 'text', 'x', 'anchor_y', 'anchor_x', 'y', 'style', 'round_anchor_x', 'round_anchor_y'], 'opacity': 1.0, 'z': 0, 'reset_animations_events': {}, 'color': [1.0, 1.0, 1.0, 1.0], 'adjust_top': 0, 'adjust_bottom': 0, 'adjust_left': 0, 'adjust_right': 0, 'expire': None, 'key': None, 'widget': None, 'events_when_added': [], 'events_when_removed': [], 'font_size': 15, 'bitmap_font': False, 'font_kerning': True, 'bold': False, 'italic': False, 'number_grouping': False, 'min_digits': 0, 'halign': 'center', 'valign': 'middle', 'rotation': 0, 'scale': 1.0, 'casing': None, 'animations': None}, {'type': 'text', 'text': '0123456789.A', 'x': '0', 'anchor_y': 'top', 'anchor_x': 'left', 'y': 'top-22', 'style': ['medium'], 'round_anchor_x': 'left', 'round_anchor_y': 'top', '_default_settings': ['type', 'text', 'x', 'anchor_y', 'anchor_x', 'y', 'style', 'round_anchor_x', 'round_anchor_y'], 'opacity': 1.0, 'z': 0, 'reset_animations_events': {}, 'color': [1.0, 1.0, 1.0, 1.0], 'adjust_top': 0, 'adjust_bottom': 0, 'adjust_left': 0, 'adjust_right': 0, 'expire': None, 'key': None, 'widget': None, 'events_when_added': [], 'events_when_removed': [], 'font_size': 15, 'bitmap_font': False, 'font_kerning': True, 'bold': False, 'italic': False, 'number_grouping': False, 'min_digits': 0, 'halign': 'center', 'valign': 'middle', 'rotation': 0, 'scale': 1.0, 'casing': None, 'animations': None}], 'target': None, 'background_color': [0.0, 0.0, 0.0, 1.0], 'priority': None, 'show': True, 'force': False, 'expire': None, 'slide': None, 'tokens': {}, 'action': 'play'}}, 'context': 'show_1', 'calling_context': 1, 'priority': 10, 'show_tokens': {}, 'start_time': 730.281}
2024-09-05 18:50:54,617 : mpfmc : SlidePlayer: Play called with settings={'end_mode_8_compIG': {'widgets': [{'type': 'text', 'text': 'ABCDEFGHIJKLM', 'x': '0', 'anchor_y': 'top', 'anchor_x': 'left', 'y': 'top', 'style': ['medium'], 'round_anchor_x': 'left', 'round_anchor_y': 'top', '_default_settings': ['type', 'text', 'x', 'anchor_y', 'anchor_x', 'y', 'style', 'round_anchor_x', 'round_anchor_y'], 'opacity': 1.0, 'z': 0, 'reset_animations_events': {}, 'color': [1.0, 1.0, 1.0, 1.0], 'adjust_top': 0, 'adjust_bottom': 0, 'adjust_left': 0, 'adjust_right': 0, 'expire': None, 'key': None, 'widget': None, 'events_when_added': [], 'events_when_removed': [], 'font_size': 15, 'bitmap_font': False, 'font_kerning': True, 'bold': False, 'italic': False, 'number_grouping': False, 'min_digits': 0, 'halign': 'center', 'valign': 'middle', 'rotation': 0, 'scale': 1.0, 'casing': None, 'animations': None}, {'type': 'text', 'text': 'NOPQRSTUVWXYZ', 'x': '0', 'anchor_y': 'top', 'anchor_x': 'left', 'y': 'top-11', 'style': ['medium'], 'round_anchor_x': 'left', 'round_anchor_y': 'top', '_default_settings': ['type', 'text', 'x', 'anchor_y', 'anchor_x', 'y', 'style', 'round_anchor_x', 'round_anchor_y'], 'opacity': 1.0, 'z': 0, 'reset_animations_events': {}, 'color': [1.0, 1.0, 1.0, 1.0], 'adjust_top': 0, 'adjust_bottom': 0, 'adjust_left': 0, 'adjust_right': 0, 'expire': None, 'key': None, 'widget': None, 'events_when_added': [], 'events_when_removed': [], 'font_size': 15, 'bitmap_font': False, 'font_kerning': True, 'bold': False, 'italic': False, 'number_grouping': False, 'min_digits': 0, 'halign': 'center', 'valign': 'middle', 'rotation': 0, 'scale': 1.0, 'casing': None, 'animations': None}, {'type': 'text', 'text': '0123456789.A', 'x': '0', 'anchor_y': 'top', 'anchor_x': 'left', 'y': 'top-22', 'style': ['medium'], 'round_anchor_x': 'left', 'round_anchor_y': 'top', '_default_settings': ['type', 'text', 'x', 'anchor_y', 'anchor_x', 'y', 'style', 'round_anchor_x', 'round_anchor_y'], 'opacity': 1.0, 'z': 0, 'reset_animations_events': {}, 'color': [1.0, 1.0, 1.0, 1.0], 'adjust_top': 0, 'adjust_bottom': 0, 'adjust_left': 0, 'adjust_right': 0, 'expire': None, 'key': None, 'widget': None, 'events_when_added': [], 'events_when_removed': [], 'font_size': 15, 'bitmap_font': False, 'font_kerning': True, 'bold': False, 'italic': False, 'number_grouping': False, 'min_digits': 0, 'halign': 'center', 'valign': 'middle', 'rotation': 0, 'scale': 1.0, 'casing': None, 'animations': None}], 'target': None, 'background_color': [0.0, 0.0, 0.0, 1.0], 'priority': None, 'show': True, 'force': False, 'expire': None, 'slide': None, 'tokens': {}, 'action': 'play'}}
2024-09-05 18:50:54,624 : EventManager : Event: ======'slide_end_mode_8_compIG_created'====== Args={}
2024-09-05 18:50:54,629 : EventManager : Event: ======'slide_end_mode_8_compIG_active'====== Args={}
2024-09-05 18:50:56,633 : EventManager : Event: ======'slides_play'====== Args={'settings': {'end_mode_8_comp': {'widgets': [{'type': 'image', 'image': 'mode_8_desc_rev', 'x': '0', 'y': '0', 'z': 200, 'loops': 0, 'anchor_x': 'left', 'anchor_y': 'bottom', 'fps': 20, '_default_settings': ['type', 'image', 'x', 'y', 'z', 'loops', 'anchor_x', 'anchor_y', 'fps'], 'round_anchor_x': None, 'round_anchor_y': None, 'opacity': 1.0, 'reset_animations_events': {}, 'color': [1.0, 1.0, 1.0, 1.0], 'style': [], 'adjust_top': 0, 'adjust_bottom': 0, 'adjust_left': 0, 'adjust_right': 0, 'expire': None, 'key': None, 'widget': None, 'events_when_added': [], 'events_when_removed': [], 'auto_play': True, 'start_frame': 0, 'rotation': 0, 'scale': 1.0, 'animations': None}, {'type': 'text', 'text': 'TOTAL', 'x': '48', 'anchor_y': 'top', 'number_grouping': True, 'y': 'top-1', 'color': [0.0, 1.0, 0.0, 1], 'style': ['big'], 'round_anchor_x': 'left', 'round_anchor_y': 'top', '_default_settings': ['type', 'text', 'x', 'anchor_y', 'number_grouping', 'y', 'color', 'style', 'round_anchor_x', 'round_anchor_y'], 'anchor_x': 'center', 'opacity': 1.0, 'z': 0, 'reset_animations_events': {}, 'adjust_top': 0, 'adjust_bottom': 0, 'adjust_left': 0, 'adjust_right': 0, 'expire': None, 'key': None, 'widget': None, 'events_when_added': [], 'events_when_removed': [], 'font_size': 15, 'bitmap_font': False, 'font_kerning': True, 'bold': False, 'italic': False, 'min_digits': 0, 'halign': 'center', 'valign': 'middle', 'rotation': 0, 'scale': 1.0, 'casing': None, 'animations': None}, {'type': 'text', 'text': '120000000', 'x': '48', 'anchor_y': 'top', 'number_grouping': True, 'y': 'top-12', 'style': ['big'], 'round_anchor_x': 'left', 'round_anchor_y': 'top', '_default_settings': ['type', 'text', 'x', 'anchor_y', 'number_grouping', 'y', 'style', 'round_anchor_x', 'round_anchor_y'], 'anchor_x': 'center', 'opacity': 1.0, 'z': 0, 'reset_animations_events': {}, 'color': [1.0, 1.0, 1.0, 1.0], 'adjust_top': 0, 'adjust_bottom': 0, 'adjust_left': 0, 'adjust_right': 0, 'expire': None, 'key': None, 'widget': None, 'events_when_added': [], 'events_when_removed': [], 'font_size': 15, 'bitmap_font': False, 'font_kerning': True, 'bold': False, 'italic': False, 'min_digits': 0, 'halign': 'center', 'valign': 'middle', 'rotation': 0, 'scale': 1.0, 'casing': None, 'animations': None}, {'type': 'text', 'text': '+3 CONSUMEABLE', 'x': '48', 'anchor_y': 'top', 'y': 'top-25', 'style': ['medium'], 'color': [1.0, 0.0, 0.0, 1], 'round_anchor_x': 'left', 'round_anchor_y': 'top', 'animations': {'add_to_slide': [{'property': ['opacity'], 'value': ['0'], 'duration': 0.1, 'easing': 'in_out_expo', 'relative': False, 'timing': 'after_previous', 'repeat': False}, {'property': ['opacity'], 'timing': 'after_previous', 'value': ['1'], 'duration': 0.1, 'easing': 'in_out_expo', 'repeat': True, 'relative': False}]}, '_default_settings': ['type', 'text', 'x', 'anchor_y', 'y', 'style', 'color', 'round_anchor_x', 'round_anchor_y', 'animations'], 'anchor_x': 'center', 'opacity': 1.0, 'z': 0, 'reset_animations_events': {}, 'adjust_top': 0, 'adjust_bottom': 0, 'adjust_left': 0, 'adjust_right': 0, 'expire': None, 'key': None, 'widget': None, 'events_when_added': [], 'events_when_removed': [], 'font_size': 15, 'bitmap_font': False, 'font_kerning': True, 'bold': False, 'italic': False, 'number_grouping': False, 'min_digits': 0, 'halign': 'center', 'valign': 'middle', 'rotation': 0, 'scale': 1.0, 'casing': None}, {'type': 'image', 'image': 'radar_icon', 'x': '112', 'y': 'middle', 'z': 100, 'round_anchor_x': 'left', 'round_anchor_y': 'top', 'animations': {'left_to_right_mode_end_icon': [{'property': ['x'], 'relative': True, 'value': ['96'], 'duration': 0.2, 'timing': 'after_previous', 'repeat': False, 'easing': 'linear'}]}, '_default_settings': ['type', 'image', 'x', 'y', 'z', 'round_anchor_x', 'round_anchor_y', 'animations'], 'anchor_x': 'center', 'anchor_y': 'center', 'opacity': 1.0, 'reset_animations_events': {}, 'color': [1.0, 1.0, 1.0, 1.0], 'style': [], 'adjust_top': 0, 'adjust_bottom': 0, 'adjust_left': 0, 'adjust_right': 0, 'expire': None, 'key': None, 'widget': None, 'events_when_added': [], 'events_when_removed': [], 'fps': 10, 'loops': -1, 'auto_play': True, 'start_frame': 0, 'rotation': 0, 'scale': 1.0}], 'target': None, 'background_color': [0.0, 0.0, 0.0, 1.0], 'priority': None, 'show': True, 'force': False, 'expire': None, 'slide': None, 'tokens': {}, 'action': 'play'}}, 'context': 'show_1', 'calling_context': 2, 'priority': 10, 'show_tokens': {}, 'start_time': 732.281}
2024-09-05 18:50:56,634 : mpfmc : SlidePlayer: Play called with settings={'end_mode_8_comp': {'widgets': [{'type': 'image', 'image': 'mode_8_desc_rev', 'x': '0', 'y': '0', 'z': 200, 'loops': 0, 'anchor_x': 'left', 'anchor_y': 'bottom', 'fps': 20, '_default_settings': ['type', 'image', 'x', 'y', 'z', 'loops', 'anchor_x', 'anchor_y', 'fps'], 'round_anchor_x': None, 'round_anchor_y': None, 'opacity': 1.0, 'reset_animations_events': {}, 'color': [1.0, 1.0, 1.0, 1.0], 'style': [], 'adjust_top': 0, 'adjust_bottom': 0, 'adjust_left': 0, 'adjust_right': 0, 'expire': None, 'key': None, 'widget': None, 'events_when_added': [], 'events_when_removed': [], 'auto_play': True, 'start_frame': 0, 'rotation': 0, 'scale': 1.0, 'animations': None}, {'type': 'text', 'text': 'TOTAL', 'x': '48', 'anchor_y': 'top', 'number_grouping': True, 'y': 'top-1', 'color': [0.0, 1.0, 0.0, 1], 'style': ['big'], 'round_anchor_x': 'left', 'round_anchor_y': 'top', '_default_settings': ['type', 'text', 'x', 'anchor_y', 'number_grouping', 'y', 'color', 'style', 'round_anchor_x', 'round_anchor_y'], 'anchor_x': 'center', 'opacity': 1.0, 'z': 0, 'reset_animations_events': {}, 'adjust_top': 0, 'adjust_bottom': 0, 'adjust_left': 0, 'adjust_right': 0, 'expire': None, 'key': None, 'widget': None, 'events_when_added': [], 'events_when_removed': [], 'font_size': 15, 'bitmap_font': False, 'font_kerning': True, 'bold': False, 'italic': False, 'min_digits': 0, 'halign': 'center', 'valign': 'middle', 'rotation': 0, 'scale': 1.0, 'casing': None, 'animations': None}, {'type': 'text', 'text': '120000000', 'x': '48', 'anchor_y': 'top', 'number_grouping': True, 'y': 'top-12', 'style': ['big'], 'round_anchor_x': 'left', 'round_anchor_y': 'top', '_default_settings': ['type', 'text', 'x', 'anchor_y', 'number_grouping', 'y', 'style', 'round_anchor_x', 'round_anchor_y'], 'anchor_x': 'center', 'opacity': 1.0, 'z': 0, 'reset_animations_events': {}, 'color': [1.0, 1.0, 1.0, 1.0], 'adjust_top': 0, 'adjust_bottom': 0, 'adjust_left': 0, 'adjust_right': 0, 'expire': None, 'key': None, 'widget': None, 'events_when_added': [], 'events_when_removed': [], 'font_size': 15, 'bitmap_font': False, 'font_kerning': True, 'bold': False, 'italic': False, 'min_digits': 0, 'halign': 'center', 'valign': 'middle', 'rotation': 0, 'scale': 1.0, 'casing': None, 'animations': None}, {'type': 'text', 'text': '+3 CONSUMEABLE', 'x': '48', 'anchor_y': 'top', 'y': 'top-25', 'style': ['medium'], 'color': [1.0, 0.0, 0.0, 1], 'round_anchor_x': 'left', 'round_anchor_y': 'top', 'animations': {'add_to_slide': [{'property': ['opacity'], 'value': ['0'], 'duration': 0.1, 'easing': 'in_out_expo', 'relative': False, 'timing': 'after_previous', 'repeat': False}, {'property': ['opacity'], 'timing': 'after_previous', 'value': ['1'], 'duration': 0.1, 'easing': 'in_out_expo', 'repeat': True, 'relative': False}]}, '_default_settings': ['type', 'text', 'x', 'anchor_y', 'y', 'style', 'color', 'round_anchor_x', 'round_anchor_y', 'animations'], 'anchor_x': 'center', 'opacity': 1.0, 'z': 0, 'reset_animations_events': {}, 'adjust_top': 0, 'adjust_bottom': 0, 'adjust_left': 0, 'adjust_right': 0, 'expire': None, 'key': None, 'widget': None, 'events_when_added': [], 'events_when_removed': [], 'font_size': 15, 'bitmap_font': False, 'font_kerning': True, 'bold': False, 'italic': False, 'number_grouping': False, 'min_digits': 0, 'halign': 'center', 'valign': 'middle', 'rotation': 0, 'scale': 1.0, 'casing': None}, {'type': 'image', 'image': 'radar_icon', 'x': '112', 'y': 'middle', 'z': 100, 'round_anchor_x': 'left', 'round_anchor_y': 'top', 'animations': {'left_to_right_mode_end_icon': [{'property': ['x'], 'relative': True, 'value': ['96'], 'duration': 0.2, 'timing': 'after_previous', 'repeat': False, 'easing': 'linear'}]}, '_default_settings': ['type', 'image', 'x', 'y', 'z', 'round_anchor_x', 'round_anchor_y', 'animations'], 'anchor_x': 'center', 'anchor_y': 'center', 'opacity': 1.0, 'reset_animations_events': {}, 'color': [1.0, 1.0, 1.0, 1.0], 'style': [], 'adjust_top': 0, 'adjust_bottom': 0, 'adjust_left': 0, 'adjust_right': 0, 'expire': None, 'key': None, 'widget': None, 'events_when_added': [], 'events_when_removed': [], 'fps': 10, 'loops': -1, 'auto_play': True, 'start_frame': 0, 'rotation': 0, 'scale': 1.0}], 'target': None, 'background_color': [0.0, 0.0, 0.0, 1.0], 'priority': None, 'show': True, 'force': False, 'expire': None, 'slide': None, 'tokens': {}, 'action': 'play'}}
2024-09-05 18:50:56,643 : EventManager : Event: ======'slide_end_mode_8_comp_created'====== Args={}
2024-09-05 18:50:56,648 : EventManager : Event: ======'slide_end_mode_8_comp_active'====== Args={}
2024-09-05 18:50:58,617 : EventManager : Event: ======'slides_play'====== Args={'settings': {'end_mode_8_co': {'widgets': [{'type': 'text', 'text': 'SURV. RADAR', 'x': '80', 'anchor_y': 'top', 'y': 'top-1', 'color': [1.0, 1.0, 0.0, 1], 'style': ['medium'], 'round_anchor_x': 'left', 'round_anchor_y': 'top', '_default_settings': ['type', 'text', 'x', 'anchor_y', 'y', 'color', 'style', 'round_anchor_x', 'round_anchor_y'], 'anchor_x': 'center', 'opacity': 1.0, 'z': 0, 'reset_animations_events': {}, 'adjust_top': 0, 'adjust_bottom': 0, 'adjust_left': 0, 'adjust_right': 0, 'expire': None, 'key': None, 'widget': None, 'events_when_added': [], 'events_when_removed': [], 'font_size': 15, 'bitmap_font': False, 'font_kerning': True, 'bold': False, 'italic': False, 'number_grouping': False, 'min_digits': 0, 'halign': 'center', 'valign': 'middle', 'rotation': 0, 'scale': 1.0, 'casing': None, 'animations': None}, {'type': 'text', 'text': 'UNLOCKED', 'x': '80', 'anchor_y': 'top', 'y': 'top-9', 'color': [1.0, 1.0, 0.0, 1], 'style': ['medium'], 'round_anchor_x': 'left', 'round_anchor_y': 'top', '_default_settings': ['type', 'text', 'x', 'anchor_y', 'y', 'color', 'style', 'round_anchor_x', 'round_anchor_y'], 'anchor_x': 'center', 'opacity': 1.0, 'z': 0, 'reset_animations_events': {}, 'adjust_top': 0, 'adjust_bottom': 0, 'adjust_left': 0, 'adjust_right': 0, 'expire': None, 'key': None, 'widget': None, 'events_when_added': [], 'events_when_removed': [], 'font_size': 15, 'bitmap_font': False, 'font_kerning': True, 'bold': False, 'italic': False, 'number_grouping': False, 'min_digits': 0, 'halign': 'center', 'valign': 'middle', 'rotation': 0, 'scale': 1.0, 'casing': None, 'animations': None}, {'type': 'text', 'text': 'USE DURING BATTLE', 'x': '80', 'anchor_y': 'top', 'y': 'top-19', 'style': ['small'], 'round_anchor_x': 'left', 'round_anchor_y': 'top', '_default_settings': ['type', 'text', 'x', 'anchor_y', 'y', 'style', 'round_anchor_x', 'round_anchor_y'], 'anchor_x': 'center', 'opacity': 1.0, 'z': 0, 'reset_animations_events': {}, 'color': [1.0, 1.0, 1.0, 1.0], 'adjust_top': 0, 'adjust_bottom': 0, 'adjust_left': 0, 'adjust_right': 0, 'expire': None, 'key': None, 'widget': None, 'events_when_added': [], 'events_when_removed': [], 'font_size': 15, 'bitmap_font': False, 'font_kerning': True, 'bold': False, 'italic': False, 'number_grouping': False, 'min_digits': 0, 'halign': 'center', 'valign': 'middle', 'rotation': 0, 'scale': 1.0, 'casing': None, 'animations': None}, {'type': 'text', 'text': 'TO SPOT ENEMY', 'x': '80', 'anchor_y': 'top', 'y': 'top-25', 'style': ['small'], 'round_anchor_x': 'left', 'round_anchor_y': 'top', '_default_settings': ['type', 'text', 'x', 'anchor_y', 'y', 'style', 'round_anchor_x', 'round_anchor_y'], 'anchor_x': 'center', 'opacity': 1.0, 'z': 0, 'reset_animations_events': {}, 'color': [1.0, 1.0, 1.0, 1.0], 'adjust_top': 0, 'adjust_bottom': 0, 'adjust_left': 0, 'adjust_right': 0, 'expire': None, 'key': None, 'widget': None, 'events_when_added': [], 'events_when_removed': [], 'font_size': 15, 'bitmap_font': False, 'font_kerning': True, 'bold': False, 'italic': False, 'number_grouping': False, 'min_digits': 0, 'halign': 'center', 'valign': 'middle', 'rotation': 0, 'scale': 1.0, 'casing': None, 'animations': None}, {'type': 'image', 'image': 'radar_icon', 'x': '16', 'y': 'middle', 'z': 100, 'round_anchor_x': 'left', 'round_anchor_y': 'top', 'animations': {'left_to_right_mode_end_icon': [{'property': ['x'], 'relative': True, 'value': ['96'], 'duration': 0.2, 'timing': 'after_previous', 'repeat': False, 'easing': 'linear'}]}, '_default_settings': ['type', 'image', 'x', 'y', 'z', 'round_anchor_x', 'round_anchor_y', 'animations'], 'anchor_x': 'center', 'anchor_y': 'center', 'opacity': 1.0, 'reset_animations_events': {}, 'color': [1.0, 1.0, 1.0, 1.0], 'style': [], 'adjust_top': 0, 'adjust_bottom': 0, 'adjust_left': 0, 'adjust_right': 0, 'expire': None, 'key': None, 'widget': None, 'events_when_added': [], 'events_when_removed': [], 'fps': 10, 'loops': -1, 'auto_play': True, 'start_frame': 0, 'rotation': 0, 'scale': 1.0}], 'target': None, 'background_color': [0.0, 0.0, 0.0, 1.0], 'priority': None, 'show': True, 'force': False, 'expire': None, 'slide': None, 'tokens': {}, 'action': 'play'}}, 'context': 'show_1', 'calling_context': 3, 'priority': 10, 'show_tokens': {}, 'start_time': 734.281}
2024-09-05 18:50:58,617 : mpfmc : SlidePlayer: Play called with settings={'end_mode_8_co': {'widgets': [{'type': 'text', 'text': 'SURV. RADAR', 'x': '80', 'anchor_y': 'top', 'y': 'top-1', 'color': [1.0, 1.0, 0.0, 1], 'style': ['medium'], 'round_anchor_x': 'left', 'round_anchor_y': 'top', '_default_settings': ['type', 'text', 'x', 'anchor_y', 'y', 'color', 'style', 'round_anchor_x', 'round_anchor_y'], 'anchor_x': 'center', 'opacity': 1.0, 'z': 0, 'reset_animations_events': {}, 'adjust_top': 0, 'adjust_bottom': 0, 'adjust_left': 0, 'adjust_right': 0, 'expire': None, 'key': None, 'widget': None, 'events_when_added': [], 'events_when_removed': [], 'font_size': 15, 'bitmap_font': False, 'font_kerning': True, 'bold': False, 'italic': False, 'number_grouping': False, 'min_digits': 0, 'halign': 'center', 'valign': 'middle', 'rotation': 0, 'scale': 1.0, 'casing': None, 'animations': None}, {'type': 'text', 'text': 'UNLOCKED', 'x': '80', 'anchor_y': 'top', 'y': 'top-9', 'color': [1.0, 1.0, 0.0, 1], 'style': ['medium'], 'round_anchor_x': 'left', 'round_anchor_y': 'top', '_default_settings': ['type', 'text', 'x', 'anchor_y', 'y', 'color', 'style', 'round_anchor_x', 'round_anchor_y'], 'anchor_x': 'center', 'opacity': 1.0, 'z': 0, 'reset_animations_events': {}, 'adjust_top': 0, 'adjust_bottom': 0, 'adjust_left': 0, 'adjust_right': 0, 'expire': None, 'key': None, 'widget': None, 'events_when_added': [], 'events_when_removed': [], 'font_size': 15, 'bitmap_font': False, 'font_kerning': True, 'bold': False, 'italic': False, 'number_grouping': False, 'min_digits': 0, 'halign': 'center', 'valign': 'middle', 'rotation': 0, 'scale': 1.0, 'casing': None, 'animations': None}, {'type': 'text', 'text': 'USE DURING BATTLE', 'x': '80', 'anchor_y': 'top', 'y': 'top-19', 'style': ['small'], 'round_anchor_x': 'left', 'round_anchor_y': 'top', '_default_settings': ['type', 'text', 'x', 'anchor_y', 'y', 'style', 'round_anchor_x', 'round_anchor_y'], 'anchor_x': 'center', 'opacity': 1.0, 'z': 0, 'reset_animations_events': {}, 'color': [1.0, 1.0, 1.0, 1.0], 'adjust_top': 0, 'adjust_bottom': 0, 'adjust_left': 0, 'adjust_right': 0, 'expire': None, 'key': None, 'widget': None, 'events_when_added': [], 'events_when_removed': [], 'font_size': 15, 'bitmap_font': False, 'font_kerning': True, 'bold': False, 'italic': False, 'number_grouping': False, 'min_digits': 0, 'halign': 'center', 'valign': 'middle', 'rotation': 0, 'scale': 1.0, 'casing': None, 'animations': None}, {'type': 'text', 'text': 'TO SPOT ENEMY', 'x': '80', 'anchor_y': 'top', 'y': 'top-25', 'style': ['small'], 'round_anchor_x': 'left', 'round_anchor_y': 'top', '_default_settings': ['type', 'text', 'x', 'anchor_y', 'y', 'style', 'round_anchor_x', 'round_anchor_y'], 'anchor_x': 'center', 'opacity': 1.0, 'z': 0, 'reset_animations_events': {}, 'color': [1.0, 1.0, 1.0, 1.0], 'adjust_top': 0, 'adjust_bottom': 0, 'adjust_left': 0, 'adjust_right': 0, 'expire': None, 'key': None, 'widget': None, 'events_when_added': [], 'events_when_removed': [], 'font_size': 15, 'bitmap_font': False, 'font_kerning': True, 'bold': False, 'italic': False, 'number_grouping': False, 'min_digits': 0, 'halign': 'center', 'valign': 'middle', 'rotation': 0, 'scale': 1.0, 'casing': None, 'animations': None}, {'type': 'image', 'image': 'radar_icon', 'x': '16', 'y': 'middle', 'z': 100, 'round_anchor_x': 'left', 'round_anchor_y': 'top', 'animations': {'left_to_right_mode_end_icon': [{'property': ['x'], 'relative': True, 'value': ['96'], 'duration': 0.2, 'timing': 'after_previous', 'repeat': False, 'easing': 'linear'}]}, '_default_settings': ['type', 'image', 'x', 'y', 'z', 'round_anchor_x', 'round_anchor_y', 'animations'], 'anchor_x': 'center', 'anchor_y': 'center', 'opacity': 1.0, 'reset_animations_events': {}, 'color': [1.0, 1.0, 1.0, 1.0], 'style': [], 'adjust_top': 0, 'adjust_bottom': 0, 'adjust_left': 0, 'adjust_right': 0, 'expire': None, 'key': None, 'widget': None, 'events_when_added': [], 'events_when_removed': [], 'fps': 10, 'loops': -1, 'auto_play': True, 'start_frame': 0, 'rotation': 0, 'scale': 1.0}], 'target': None, 'background_color': [0.0, 0.0, 0.0, 1.0], 'priority': None, 'show': True, 'force': False, 'expire': None, 'slide': None, 'tokens': {}, 'action': 'play'}}
2024-09-05 18:50:58,626 : EventManager : Event: ======'slide_end_mode_8_co_created'====== Args={}
2024-09-05 18:50:58,633 : EventManager : Event: ======'slide_end_mode_8_co_active'====== Args={}
2024-09-05 18:51:00,617 : EventManager : Event: ======'slides_play'====== Args={'settings': {'end_mode_8_com': {'widgets': [{'type': 'text', 'text': 'TOTAL', 'x': '48', 'anchor_y': 'top', 'number_grouping': True, 'y': 'top-1', 'color': [0.0, 1.0, 0.0, 1], 'style': ['big'], 'round_anchor_x': 'left', 'round_anchor_y': 'top', '_default_settings': ['type', 'text', 'x', 'anchor_y', 'number_grouping', 'y', 'color', 'style', 'round_anchor_x', 'round_anchor_y'], 'anchor_x': 'center', 'opacity': 1.0, 'z': 0, 'reset_animations_events': {}, 'adjust_top': 0, 'adjust_bottom': 0, 'adjust_left': 0, 'adjust_right': 0, 'expire': None, 'key': None, 'widget': None, 'events_when_added': [], 'events_when_removed': [], 'font_size': 15, 'bitmap_font': False, 'font_kerning': True, 'bold': False, 'italic': False, 'min_digits': 0, 'halign': 'center', 'valign': 'middle', 'rotation': 0, 'scale': 1.0, 'casing': None, 'animations': None}, {'type': 'text', 'text': '120000000', 'x': '48', 'anchor_y': 'top', 'number_grouping': True, 'y': 'top-12', 'style': ['big'], 'round_anchor_x': 'left', 'round_anchor_y': 'top', '_default_settings': ['type', 'text', 'x', 'anchor_y', 'number_grouping', 'y', 'style', 'round_anchor_x', 'round_anchor_y'], 'anchor_x': 'center', 'opacity': 1.0, 'z': 0, 'reset_animations_events': {}, 'color': [1.0, 1.0, 1.0, 1.0], 'adjust_top': 0, 'adjust_bottom': 0, 'adjust_left': 0, 'adjust_right': 0, 'expire': None, 'key': None, 'widget': None, 'events_when_added': [], 'events_when_removed': [], 'font_size': 15, 'bitmap_font': False, 'font_kerning': True, 'bold': False, 'italic': False, 'min_digits': 0, 'halign': 'center', 'valign': 'middle', 'rotation': 0, 'scale': 1.0, 'casing': None, 'animations': None}, {'type': 'text', 'text': '+3 CONSUMEABLE', 'x': '48', 'anchor_y': 'top', 'y': 'top-25', 'style': ['medium'], 'color': [1.0, 0.0, 0.0, 1], 'round_anchor_x': 'left', 'round_anchor_y': 'top', 'animations': {'add_to_slide': [{'property': ['opacity'], 'value': ['0'], 'duration': 0.1, 'easing': 'in_out_expo', 'relative': False, 'timing': 'after_previous', 'repeat': False}, {'property': ['opacity'], 'timing': 'after_previous', 'value': ['1'], 'duration': 0.1, 'easing': 'in_out_expo', 'repeat': True, 'relative': False}]}, '_default_settings': ['type', 'text', 'x', 'anchor_y', 'y', 'style', 'color', 'round_anchor_x', 'round_anchor_y', 'animations'], 'anchor_x': 'center', 'opacity': 1.0, 'z': 0, 'reset_animations_events': {}, 'adjust_top': 0, 'adjust_bottom': 0, 'adjust_left': 0, 'adjust_right': 0, 'expire': None, 'key': None, 'widget': None, 'events_when_added': [], 'events_when_removed': [], 'font_size': 15, 'bitmap_font': False, 'font_kerning': True, 'bold': False, 'italic': False, 'number_grouping': False, 'min_digits': 0, 'halign': 'center', 'valign': 'middle', 'rotation': 0, 'scale': 1.0, 'casing': None}, {'type': 'image', 'image': 'radar_icon', 'x': '112', 'y': 'middle', 'z': 100, 'round_anchor_x': 'left', 'round_anchor_y': 'top', 'animations': {'left_to_right_mode_end_icon': [{'property': ['x'], 'relative': True, 'value': ['96'], 'duration': 0.2, 'timing': 'after_previous', 'repeat': False, 'easing': 'linear'}]}, '_default_settings': ['type', 'image', 'x', 'y', 'z', 'round_anchor_x', 'round_anchor_y', 'animations'], 'anchor_x': 'center', 'anchor_y': 'center', 'opacity': 1.0, 'reset_animations_events': {}, 'color': [1.0, 1.0, 1.0, 1.0], 'style': [], 'adjust_top': 0, 'adjust_bottom': 0, 'adjust_left': 0, 'adjust_right': 0, 'expire': None, 'key': None, 'widget': None, 'events_when_added': [], 'events_when_removed': [], 'fps': 10, 'loops': -1, 'auto_play': True, 'start_frame': 0, 'rotation': 0, 'scale': 1.0}], 'target': None, 'background_color': [0.0, 0.0, 0.0, 1.0], 'priority': None, 'show': True, 'force': False, 'expire': None, 'slide': None, 'tokens': {}, 'action': 'play'}}, 'context': 'show_1', 'calling_context': 4, 'priority': 10, 'show_tokens': {}, 'start_time': 736.281}
2024-09-05 18:51:00,618 : mpfmc : SlidePlayer: Play called with settings={'end_mode_8_com': {'widgets': [{'type': 'text', 'text': 'TOTAL', 'x': '48', 'anchor_y': 'top', 'number_grouping': True, 'y': 'top-1', 'color': [0.0, 1.0, 0.0, 1], 'style': ['big'], 'round_anchor_x': 'left', 'round_anchor_y': 'top', '_default_settings': ['type', 'text', 'x', 'anchor_y', 'number_grouping', 'y', 'color', 'style', 'round_anchor_x', 'round_anchor_y'], 'anchor_x': 'center', 'opacity': 1.0, 'z': 0, 'reset_animations_events': {}, 'adjust_top': 0, 'adjust_bottom': 0, 'adjust_left': 0, 'adjust_right': 0, 'expire': None, 'key': None, 'widget': None, 'events_when_added': [], 'events_when_removed': [], 'font_size': 15, 'bitmap_font': False, 'font_kerning': True, 'bold': False, 'italic': False, 'min_digits': 0, 'halign': 'center', 'valign': 'middle', 'rotation': 0, 'scale': 1.0, 'casing': None, 'animations': None}, {'type': 'text', 'text': '120000000', 'x': '48', 'anchor_y': 'top', 'number_grouping': True, 'y': 'top-12', 'style': ['big'], 'round_anchor_x': 'left', 'round_anchor_y': 'top', '_default_settings': ['type', 'text', 'x', 'anchor_y', 'number_grouping', 'y', 'style', 'round_anchor_x', 'round_anchor_y'], 'anchor_x': 'center', 'opacity': 1.0, 'z': 0, 'reset_animations_events': {}, 'color': [1.0, 1.0, 1.0, 1.0], 'adjust_top': 0, 'adjust_bottom': 0, 'adjust_left': 0, 'adjust_right': 0, 'expire': None, 'key': None, 'widget': None, 'events_when_added': [], 'events_when_removed': [], 'font_size': 15, 'bitmap_font': False, 'font_kerning': True, 'bold': False, 'italic': False, 'min_digits': 0, 'halign': 'center', 'valign': 'middle', 'rotation': 0, 'scale': 1.0, 'casing': None, 'animations': None}, {'type': 'text', 'text': '+3 CONSUMEABLE', 'x': '48', 'anchor_y': 'top', 'y': 'top-25', 'style': ['medium'], 'color': [1.0, 0.0, 0.0, 1], 'round_anchor_x': 'left', 'round_anchor_y': 'top', 'animations': {'add_to_slide': [{'property': ['opacity'], 'value': ['0'], 'duration': 0.1, 'easing': 'in_out_expo', 'relative': False, 'timing': 'after_previous', 'repeat': False}, {'property': ['opacity'], 'timing': 'after_previous', 'value': ['1'], 'duration': 0.1, 'easing': 'in_out_expo', 'repeat': True, 'relative': False}]}, '_default_settings': ['type', 'text', 'x', 'anchor_y', 'y', 'style', 'color', 'round_anchor_x', 'round_anchor_y', 'animations'], 'anchor_x': 'center', 'opacity': 1.0, 'z': 0, 'reset_animations_events': {}, 'adjust_top': 0, 'adjust_bottom': 0, 'adjust_left': 0, 'adjust_right': 0, 'expire': None, 'key': None, 'widget': None, 'events_when_added': [], 'events_when_removed': [], 'font_size': 15, 'bitmap_font': False, 'font_kerning': True, 'bold': False, 'italic': False, 'number_grouping': False, 'min_digits': 0, 'halign': 'center', 'valign': 'middle', 'rotation': 0, 'scale': 1.0, 'casing': None}, {'type': 'image', 'image': 'radar_icon', 'x': '112', 'y': 'middle', 'z': 100, 'round_anchor_x': 'left', 'round_anchor_y': 'top', 'animations': {'left_to_right_mode_end_icon': [{'property': ['x'], 'relative': True, 'value': ['96'], 'duration': 0.2, 'timing': 'after_previous', 'repeat': False, 'easing': 'linear'}]}, '_default_settings': ['type', 'image', 'x', 'y', 'z', 'round_anchor_x', 'round_anchor_y', 'animations'], 'anchor_x': 'center', 'anchor_y': 'center', 'opacity': 1.0, 'reset_animations_events': {}, 'color': [1.0, 1.0, 1.0, 1.0], 'style': [], 'adjust_top': 0, 'adjust_bottom': 0, 'adjust_left': 0, 'adjust_right': 0, 'expire': None, 'key': None, 'widget': None, 'events_when_added': [], 'events_when_removed': [], 'fps': 10, 'loops': -1, 'auto_play': True, 'start_frame': 0, 'rotation': 0, 'scale': 1.0}], 'target': None, 'background_color': [0.0, 0.0, 0.0, 1.0], 'priority': None, 'show': True, 'force': False, 'expire': None, 'slide': None, 'tokens': {}, 'action': 'play'}}
2024-09-05 18:51:00,625 : EventManager : Event: ======'slide_end_mode_8_com_created'====== Args={}
2024-09-05 18:51:00,630 : EventManager : Event: ======'slide_end_mode_8_com_active'====== Args={}
2024-09-05 18:51:01,784 : EventManager : Event: ======'game_started'====== Args={}
2024-09-05 18:51:01,786 : EventManager : Event: ======'slides_clear'====== Args={'context': 'show_1'}
2024-09-05 18:51:01,786 : EventManager : Unordered handler for class McConfigPlayer.widgets on event slide_base_slide_created with priority 0. Handlers: [RegisteredHandler(callback=<bound method McWidgetPlayer._add_widget_to_slide_when_active of McConfigPlayer.widgets>, priority=0, kwargs={'slide_name': 'base_slide', 'widget': 'base_score_widget', 's': {'slide': 'base_slide', 'key': 'game-base_score_widget', 'target': None}, 'play_kwargs': {}}, key=UUID('62bb1054-e8d8-46fb-8522-4baacda428a5'), condition=None, blocking_facility=None), RegisteredHandler(callback=<bound method McWidgetPlayer._add_widget_to_slide_when_active of McConfigPlayer.widgets>, priority=0, kwargs={'slide_name': 'base_slide', 'widget': 'base_level_widget', 's': {'slide': 'base_slide', 'key': 'game-base_level_widget', 'target': None}, 'play_kwargs': {}}, key=UUID('e1306a2c-6edb-4e36-a75f-8b66c6810299'), condition=None, blocking_facility=None)]. The order of those handlers is not defined and they will be executed in random order. This might lead to race conditions and potential bugs.
2024-09-05 18:51:01,786 : EventManager : Unordered handler for class McConfigPlayer.widgets on event slide_base_slide_created with priority 0. Handlers: [RegisteredHandler(callback=<bound method McWidgetPlayer._add_widget_to_slide_when_active of McConfigPlayer.widgets>, priority=0, kwargs={'slide_name': 'base_slide', 'widget': 'base_score_widget', 's': {'slide': 'base_slide', 'key': 'game-base_score_widget', 'target': None}, 'play_kwargs': {}}, key=UUID('62bb1054-e8d8-46fb-8522-4baacda428a5'), condition=None, blocking_facility=None), RegisteredHandler(callback=<bound method McWidgetPlayer._add_widget_to_slide_when_active of McConfigPlayer.widgets>, priority=0, kwargs={'slide_name': 'base_slide', 'widget': 'base_level_widget', 's': {'slide': 'base_slide', 'key': 'game-base_level_widget', 'target': None}, 'play_kwargs': {}}, key=UUID('e1306a2c-6edb-4e36-a75f-8b66c6810299'), condition=None, blocking_facility=None), RegisteredHandler(callback=<bound method McWidgetPlayer._add_widget_to_slide_when_active of McConfigPlayer.widgets>, priority=0, kwargs={'slide_name': 'base_slide', 'widget': 'base_ball_widget', 's': {'slide': 'base_slide', 'key': 'game-base_ball_widget', 'target': None}, 'play_kwargs': {}}, key=UUID('dfc6386f-1d6f-44e0-92c2-0cb92cd15f4b'), condition=None, blocking_facility=None)]. The order of those handlers is not defined and they will be executed in random order. This might lead to race conditions and potential bugs.
2024-09-05 18:51:01,787 : EventManager : Unordered handler for class McConfigPlayer.widgets on event slide_base_slide_created with priority 0. Handlers: [RegisteredHandler(callback=<bound method McWidgetPlayer._add_widget_to_slide_when_active of McConfigPlayer.widgets>, priority=0, kwargs={'slide_name': 'base_slide', 'widget': 'base_score_widget', 's': {'slide': 'base_slide', 'key': 'game-base_score_widget', 'target': None}, 'play_kwargs': {}}, key=UUID('62bb1054-e8d8-46fb-8522-4baacda428a5'), condition=None, blocking_facility=None), RegisteredHandler(callback=<bound method McWidgetPlayer._add_widget_to_slide_when_active of McConfigPlayer.widgets>, priority=0, kwargs={'slide_name': 'base_slide', 'widget': 'base_level_widget', 's': {'slide': 'base_slide', 'key': 'game-base_level_widget', 'target': None}, 'play_kwargs': {}}, key=UUID('e1306a2c-6edb-4e36-a75f-8b66c6810299'), condition=None, blocking_facility=None), RegisteredHandler(callback=<bound method McWidgetPlayer._add_widget_to_slide_when_active of McConfigPlayer.widgets>, priority=0, kwargs={'slide_name': 'base_slide', 'widget': 'base_ball_widget', 's': {'slide': 'base_slide', 'key': 'game-base_ball_widget', 'target': None}, 'play_kwargs': {}}, key=UUID('dfc6386f-1d6f-44e0-92c2-0cb92cd15f4b'), condition=None, blocking_facility=None)]. The order of those handlers is not defined and they will be executed in random order. This might lead to race conditions and potential bugs.
2024-09-05 18:51:01,787 : EventManager : Unordered handler for class McConfigPlayer.widgets on event slide_status_report_scores_created with priority 0. Handlers: [RegisteredHandler(callback=<bound method McWidgetPlayer._add_widget_to_slide_when_active of McConfigPlayer.widgets>, priority=0, kwargs={'slide_name': 'status_report_scores', 'widget': 'sr_base_score_widget', 's': {'slide': 'status_report_scores', 'key': '_global-sr_base_score_widget', 'target': None}, 'play_kwargs': {}}, key=UUID('f2eefb56-88d4-4cd2-a7a6-d72feacb2202'), condition=None, blocking_facility=None), RegisteredHandler(callback=<bound method McWidgetPlayer._add_widget_to_slide_when_active of McConfigPlayer.widgets>, priority=0, kwargs={'slide_name': 'status_report_scores', 'widget': 'sr_base_level_widget', 's': {'slide': 'status_report_scores', 'key': '_global-sr_base_level_widget', 'target': None}, 'play_kwargs': {}}, key=UUID('f7c7c9b7-e0b8-4745-b9e1-a4e7df2c9bf2'), condition=None, blocking_facility=None)]. The order of those handlers is not defined and they will be executed in random order. This might lead to race conditions and potential bugs.
2024-09-05 18:51:01,787 : EventManager : Unordered handler for class McConfigPlayer.widgets on event slide_status_report_scores_created with priority 0. Handlers: [RegisteredHandler(callback=<bound method McWidgetPlayer._add_widget_to_slide_when_active of McConfigPlayer.widgets>, priority=0, kwargs={'slide_name': 'status_report_scores', 'widget': 'sr_base_score_widget', 's': {'slide': 'status_report_scores', 'key': '_global-sr_base_score_widget', 'target': None}, 'play_kwargs': {}}, key=UUID('f2eefb56-88d4-4cd2-a7a6-d72feacb2202'), condition=None, blocking_facility=None), RegisteredHandler(callback=<bound method McWidgetPlayer._add_widget_to_slide_when_active of McConfigPlayer.widgets>, priority=0, kwargs={'slide_name': 'status_report_scores', 'widget': 'sr_base_level_widget', 's': {'slide': 'status_report_scores', 'key': '_global-sr_base_level_widget', 'target': None}, 'play_kwargs': {}}, key=UUID('f7c7c9b7-e0b8-4745-b9e1-a4e7df2c9bf2'), condition=None, blocking_facility=None), RegisteredHandler(callback=<bound method McWidgetPlayer._add_widget_to_slide_when_active of McConfigPlayer.widgets>, priority=0, kwargs={'slide_name': 'status_report_scores', 'widget': 'sr_base_ball_widget', 's': {'slide': 'status_report_scores', 'key': '_global-sr_base_ball_widget', 'target': None}, 'play_kwargs': {}}, key=UUID('8e892cdf-ab92-4827-a1ca-87ec29234006'), condition=None, blocking_facility=None)]. The order of those handlers is not defined and they will be executed in random order. This might lead to race conditions and potential bugs.
2024-09-05 18:51:01,787 : EventManager : Unordered handler for class McConfigPlayer.widgets on event slide_status_report_scores_created with priority 0. Handlers: [RegisteredHandler(callback=<bound method McWidgetPlayer._add_widget_to_slide_when_active of McConfigPlayer.widgets>, priority=0, kwargs={'slide_name': 'status_report_scores', 'widget': 'sr_base_score_widget', 's': {'slide': 'status_report_scores', 'key': '_global-sr_base_score_widget', 'target': None}, 'play_kwargs': {}}, key=UUID('f2eefb56-88d4-4cd2-a7a6-d72feacb2202'), condition=None, blocking_facility=None), RegisteredHandler(callback=<bound method McWidgetPlayer._add_widget_to_slide_when_active of McConfigPlayer.widgets>, priority=0, kwargs={'slide_name': 'status_report_scores', 'widget': 'sr_base_level_widget', 's': {'slide': 'status_report_scores', 'key': '_global-sr_base_level_widget', 'target': None}, 'play_kwargs': {}}, key=UUID('f7c7c9b7-e0b8-4745-b9e1-a4e7df2c9bf2'), condition=None, blocking_facility=None), RegisteredHandler(callback=<bound method McWidgetPlayer._add_widget_to_slide_when_active of McConfigPlayer.widgets>, priority=0, kwargs={'slide_name': 'status_report_scores', 'widget': 'sr_base_ball_widget', 's': {'slide': 'status_report_scores', 'key': '_global-sr_base_ball_widget', 'target': None}, 'play_kwargs': {}}, key=UUID('8e892cdf-ab92-4827-a1ca-87ec29234006'), condition=None, blocking_facility=None)]. The order of those handlers is not defined and they will be executed in random order. This might lead to race conditions and potential bugs.
2024-09-05 18:51:01,789 : EventManager : Event: ======'slide_attract_game_over_slide_removed'====== Args={}
2024-09-05 18:51:01,790 : EventManager : Event: ======'slide_end_mode_8_compIG_removed'====== Args={}
2024-09-05 18:51:01,793 : EventManager : Event: ======'slide_end_mode_8_comp_removed'====== Args={}
2024-09-05 18:51:01,795 : EventManager : Event: ======'slide_end_mode_8_co_removed'====== Args={}
2024-09-05 18:51:01,797 : EventManager : Event: ======'slide_end_mode_8_com_removed'====== Args={}
2024-09-05 18:51:01,798 : EventManager : Event: ======'slide_dmd_blank_active'====== Args={}
2024-09-05 18:51:01,817 : EventManager : Event: ======'player_added'====== Args={'player': <Player 1>, 'num': 1}
2024-09-05 18:51:01,817 : EventManager : Event: ======'player_index'====== Args={'value': 0, 'prev_value': 0, 'change': 0, 'player_num': 1}
2024-09-05 18:51:01,817 : EventManager : Event: ======'player_number'====== Args={'value': 1, 'prev_value': 1, 'change': 0, 'player_num': 1}
2024-09-05 18:51:01,817 : EventManager : Event: ======'player_score'====== Args={'value': 0, 'prev_value': 0, 'change': 0, 'player_num': 1}
2024-09-05 18:51:01,817 : EventManager : Event: ======'player_ReceivedDMG'====== Args={'value': 0, 'prev_value': 0, 'change': 0, 'player_num': 1}
2024-09-05 18:51:01,817 : EventManager : Event: ======'player_DMGValue'====== Args={'value': 10000000, 'prev_value': 0, 'change': 10000000, 'player_num': 1}
2024-09-05 18:51:01,817 : EventManager : Event: ======'player_JetValue'====== Args={'value': 5000000, 'prev_value': 0, 'change': 5000000, 'player_num': 1}
2024-09-05 18:51:01,817 : EventManager : Event: ======'player_BonusX'====== Args={'value': 0, 'prev_value': 0, 'change': 0, 'player_num': 1}
2024-09-05 18:51:01,818 : EventManager : Event: ======'player_m1shotmade'====== Args={'value': 0, 'prev_value': 0, 'change': 0, 'player_num': 1}
2024-09-05 18:51:01,818 : EventManager : Event: ======'player_m2shotmade'====== Args={'value': 0, 'prev_value': 0, 'change': 0, 'player_num': 1}
2024-09-05 18:51:01,818 : EventManager : Event: ======'player_m3shotmade'====== Args={'value': 0, 'prev_value': 0, 'change': 0, 'player_num': 1}
2024-09-05 18:51:01,818 : EventManager : Event: ======'player_m4shotmade'====== Args={'value': 0, 'prev_value': 0, 'change': 0, 'player_num': 1}
2024-09-05 18:51:01,818 : EventManager : Event: ======'player_m5shotmade'====== Args={'value': 0, 'prev_value': 0, 'change': 0, 'player_num': 1}
2024-09-05 18:51:01,818 : EventManager : Event: ======'player_m6shotmade'====== Args={'value': 0, 'prev_value': 0, 'change': 0, 'player_num': 1}
2024-09-05 18:51:01,818 : EventManager : Event: ======'player_m7shotmade'====== Args={'value': 0, 'prev_value': 0, 'change': 0, 'player_num': 1}
2024-09-05 18:51:01,818 : EventManager : Event: ======'player_m8shotmade'====== Args={'value': 0, 'prev_value': 0, 'change': 0, 'player_num': 1}
2024-09-05 18:51:01,818 : EventManager : Event: ======'player_m9shotmade'====== Args={'value': 0, 'prev_value': 0, 'change': 0, 'player_num': 1}
2024-09-05 18:51:01,819 : EventManager : Event: ======'player_m1_active'====== Args={'value': 0, 'prev_value': 0, 'change': 0, 'player_num': 1}
2024-09-05 18:51:01,819 : EventManager : Event: ======'player_m2_active'====== Args={'value': 0, 'prev_value': 0, 'change': 0, 'player_num': 1}
2024-09-05 18:51:01,819 : EventManager : Event: ======'player_m3_active'====== Args={'value': 0, 'prev_value': 0, 'change': 0, 'player_num': 1}
2024-09-05 18:51:01,819 : EventManager : Event: ======'player_m4_active'====== Args={'value': 0, 'prev_value': 0, 'change': 0, 'player_num': 1}
2024-09-05 18:51:01,819 : EventManager : Event: ======'player_m5_active'====== Args={'value': 0, 'prev_value': 0, 'change': 0, 'player_num': 1}
2024-09-05 18:51:01,819 : EventManager : Event: ======'player_m6_active'====== Args={'value': 0, 'prev_value': 0, 'change': 0, 'player_num': 1}
2024-09-05 18:51:01,819 : EventManager : Event: ======'player_m7_active'====== Args={'value': 0, 'prev_value': 0, 'change': 0, 'player_num': 1}
2024-09-05 18:51:01,819 : EventManager : Event: ======'player_m8_active'====== Args={'value': 0, 'prev_value': 0, 'change': 0, 'player_num': 1}
2024-09-05 18:51:01,819 : EventManager : Event: ======'player_m9_active'====== Args={'value': 0, 'prev_value': 0, 'change': 0, 'player_num': 1}
2024-09-05 18:51:01,819 : EventManager : Event: ======'player_m1shotremaining'====== Args={'value': 4, 'prev_value': 0, 'change': 4, 'player_num': 1}
2024-09-05 18:51:01,820 : EventManager : Event: ======'player_m2shotremaining'====== Args={'value': 20, 'prev_value': 0, 'change': 20, 'player_num': 1}
2024-09-05 18:51:01,820 : EventManager : Event: ======'player_m3shotremaining'====== Args={'value': 4, 'prev_value': 0, 'change': 4, 'player_num': 1}
2024-09-05 18:51:01,820 : EventManager : Event: ======'player_m4shotremaining'====== Args={'value': 4, 'prev_value': 0, 'change': 4, 'player_num': 1}
2024-09-05 18:51:01,820 : EventManager : Event: ======'player_m5shotremaining'====== Args={'value': 4, 'prev_value': 0, 'change': 4, 'player_num': 1}
2024-09-05 18:51:01,820 : EventManager : Event: ======'player_m6shotremaining'====== Args={'value': 4, 'prev_value': 0, 'change': 4, 'player_num': 1}
2024-09-05 18:51:01,820 : EventManager : Event: ======'player_m7shotremaining'====== Args={'value': 4, 'prev_value': 0, 'change': 4, 'player_num': 1}
2024-09-05 18:51:01,820 : EventManager : Event: ======'player_m8shotremaining'====== Args={'value': 4, 'prev_value': 0, 'change': 4, 'player_num': 1}
2024-09-05 18:51:01,820 : EventManager : Event: ======'player_m9shotremaining'====== Args={'value': 4, 'prev_value': 0, 'change': 4, 'player_num': 1}
2024-09-05 18:51:01,820 : EventManager : Event: ======'player_m1entrynumber_m'====== Args={'value': 1, 'prev_value': 0, 'change': 1, 'player_num': 1}
2024-09-05 18:51:01,820 : EventManager : Event: ======'player_m2entrynumber_m'====== Args={'value': 1, 'prev_value': 0, 'change': 1, 'player_num': 1}
2024-09-05 18:51:01,820 : EventManager : Event: ======'player_m3entrynumber_m'====== Args={'value': 1, 'prev_value': 0, 'change': 1, 'player_num': 1}
2024-09-05 18:51:01,821 : EventManager : Event: ======'player_m4entrynumber_m'====== Args={'value': 1, 'prev_value': 0, 'change': 1, 'player_num': 1}
2024-09-05 18:51:01,821 : EventManager : Event: ======'player_m5entrynumber_m'====== Args={'value': 1, 'prev_value': 0, 'change': 1, 'player_num': 1}
2024-09-05 18:51:01,821 : EventManager : Event: ======'player_m6entrynumber_m'====== Args={'value': 1, 'prev_value': 0, 'change': 1, 'player_num': 1}
2024-09-05 18:51:01,821 : EventManager : Event: ======'player_m7entrynumber_m'====== Args={'value': 1, 'prev_value': 0, 'change': 1, 'player_num': 1}
2024-09-05 18:51:01,821 : EventManager : Event: ======'player_m8entrynumber_m'====== Args={'value': 1, 'prev_value': 0, 'change': 1, 'player_num': 1}
2024-09-05 18:51:01,821 : EventManager : Event: ======'player_m9entrynumber_m'====== Args={'value': 1, 'prev_value': 0, 'change': 1, 'player_num': 1}
2024-09-05 18:51:01,821 : EventManager : Event: ======'player_m1entrynumber'====== Args={'value': 0, 'prev_value': 0, 'change': 0, 'player_num': 1}
2024-09-05 18:51:01,821 : EventManager : Event: ======'player_m2entrynumber'====== Args={'value': 0, 'prev_value': 0, 'change': 0, 'player_num': 1}
2024-09-05 18:51:01,821 : EventManager : Event: ======'player_m3entrynumber'====== Args={'value': 0, 'prev_value': 0, 'change': 0, 'player_num': 1}
2024-09-05 18:51:01,821 : EventManager : Event: ======'player_m4entrynumber'====== Args={'value': 0, 'prev_value': 0, 'change': 0, 'player_num': 1}
2024-09-05 18:51:01,821 : EventManager : Event: ======'player_m5entrynumber'====== Args={'value': 0, 'prev_value': 0, 'change': 0, 'player_num': 1}
2024-09-05 18:51:01,822 : EventManager : Event: ======'player_m6entrynumber'====== Args={'value': 0, 'prev_value': 0, 'change': 0, 'player_num': 1}
2024-09-05 18:51:01,822 : EventManager : Event: ======'player_m7entrynumber'====== Args={'value': 0, 'prev_value': 0, 'change': 0, 'player_num': 1}
2024-09-05 18:51:01,822 : EventManager : Event: ======'player_m8entrynumber'====== Args={'value': 0, 'prev_value': 0, 'change': 0, 'player_num': 1}
2024-09-05 18:51:01,822 : EventManager : Event: ======'player_m9entrynumber'====== Args={'value': 0, 'prev_value': 0, 'change': 0, 'player_num': 1}
2024-09-05 18:51:01,822 : EventManager : Event: ======'player_m10_finished'====== Args={'value': 0, 'prev_value': 0, 'change': 0, 'player_num': 1}
2024-09-05 18:51:01,822 : EventManager : Event: ======'player_mode_shot_enabled'====== Args={'value': 0, 'prev_value': 0, 'change': 0, 'player_num': 1}
2024-09-05 18:51:01,822 : EventManager : Event: ======'player_mode_shot_made'====== Args={'value': 0, 'prev_value': 0, 'change': 0, 'player_num': 1}
2024-09-05 18:51:01,822 : EventManager : Event: ======'player_completed_modes'====== Args={'value': 0, 'prev_value': 0, 'change': 0, 'player_num': 1}
2024-09-05 18:51:01,822 : EventManager : Event: ======'player_dmg_con_last_jackpot'====== Args={'value': 10000000, 'prev_value': 0, 'change': 10000000, 'player_num': 1}
2024-09-05 18:51:01,822 : EventManager : Event: ======'player_aa_fire_timer_active'====== Args={'value': 0, 'prev_value': 0, 'change': 0, 'player_num': 1}
2024-09-05 18:51:01,823 : EventManager : Event: ======'player_lock_lit_1_state'====== Args={'value': 0, 'prev_value': 0, 'change': 0, 'player_num': 1}
2024-09-05 18:51:01,823 : EventManager : Event: ======'player_lock_lit_2_state'====== Args={'value': 0, 'prev_value': 0, 'change': 0, 'player_num': 1}
2024-09-05 18:51:01,823 : EventManager : Event: ======'player_freeze_started'====== Args={'value': 0, 'prev_value': 0, 'change': 0, 'player_num': 1}
2024-09-05 18:51:01,823 : EventManager : Event: ======'player_timer_height'====== Args={'value': 0.0, 'prev_value': 0, 'change': 0.0, 'player_num': 1}
2024-09-05 18:51:01,823 : EventManager : Event: ======'player_citadel_number'====== Args={'value': 0, 'prev_value': 0, 'change': 0, 'player_num': 1}
2024-09-05 18:51:01,823 : EventManager : Event: ======'player_torpedo_number'====== Args={'value': 0, 'prev_value': 0, 'change': 0, 'player_num': 1}
2024-09-05 18:51:01,823 : EventManager : Event: ======'player_citadel_load_number'====== Args={'value': 3, 'prev_value': 0, 'change': 3, 'player_num': 1}
2024-09-05 18:51:01,823 : EventManager : Event: ======'player_torpedo_load_number'====== Args={'value': 3, 'prev_value': 0, 'change': 3, 'player_num': 1}
2024-09-05 18:51:01,823 : EventManager : Event: ======'player_citadel_ready'====== Args={'value': 0, 'prev_value': 0, 'change': 0, 'player_num': 1}
2024-09-05 18:51:01,824 : EventManager : Event: ======'player_torpedo_ready'====== Args={'value': 0, 'prev_value': 0, 'change': 0, 'player_num': 1}
2024-09-05 18:51:01,824 : EventManager : Event: ======'player_torpedo_dmg'====== Args={'value': 10.0, 'prev_value': 0, 'change': 10.0, 'player_num': 1}
2024-09-05 18:51:01,824 : EventManager : Event: ======'player_citadel_dmg'====== Args={'value': 10.0, 'prev_value': 0, 'change': 10.0, 'player_num': 1}
2024-09-05 18:51:01,824 : EventManager : Event: ======'player_fire_dmg'====== Args={'value': 10.0, 'prev_value': 0, 'change': 10.0, 'player_num': 1}
2024-09-05 18:51:01,834 : EventManager : Event: ======'player_penetration_dmg'====== Args={'value': 10.0, 'prev_value': 0, 'change': 10.0, 'player_num': 1}
2024-09-05 18:51:01,834 : EventManager : Event: ======'player_modeshotremaining'====== Args={'value': -1, 'prev_value': 0, 'change': -1, 'player_num': 1}
2024-09-05 18:51:01,835 : EventManager : Event: ======'player_super_lock'====== Args={'value': 0, 'prev_value': 0, 'change': 0, 'player_num': 1}
2024-09-05 18:51:01,835 : EventManager : Event: ======'player_container_lit'====== Args={'value': 0, 'prev_value': 0, 'change': 0, 'player_num': 1}
2024-09-05 18:51:01,835 : EventManager : Event: ======'player_addaball_lit'====== Args={'value': 0, 'prev_value': 0, 'change': 0, 'player_num': 1}
2024-09-05 18:51:01,835 : EventManager : Event: ======'player_more_time_lit'====== Args={'value': 0, 'prev_value': 0, 'change': 0, 'player_num': 1}
2024-09-05 18:51:01,835 : EventManager : Event: ======'player_ship'====== Args={'value': 'None', 'prev_value': 0, 'change': True, 'player_num': 1}
2024-09-05 18:51:01,835 : EventManager : Event: ======'player_language'====== Args={'value': 'None', 'prev_value': 0, 'change': True, 'player_num': 1}
2024-09-05 18:51:01,835 : EventManager : Event: ======'player_battle_bumper'====== Args={'value': 'fire', 'prev_value': 0, 'change': True, 'player_num': 1}
2024-09-05 18:51:01,850 : EventManager : Event: ======'player_fire_1_active'====== Args={'value': 0, 'prev_value': 0, 'change': 0, 'player_num': 1}
2024-09-05 18:51:01,850 : EventManager : Event: ======'player_fire_2_active'====== Args={'value': 0, 'prev_value': 0, 'change': 0, 'player_num': 1}
2024-09-05 18:51:01,851 : EventManager : Event: ======'player_fire_3_active'====== Args={'value': 0, 'prev_value': 0, 'change': 0, 'player_num': 1}
2024-09-05 18:51:01,851 : EventManager : Event: ======'player_m1_shot_need'====== Args={'value': 0, 'prev_value': 0, 'change': 0, 'player_num': 1}
2024-09-05 18:51:01,851 : EventManager : Event: ======'player_m2_shot_need'====== Args={'value': 0, 'prev_value': 0, 'change': 0, 'player_num': 1}
2024-09-05 18:51:01,851 : EventManager : Event: ======'player_m3_shot_need'====== Args={'value': 0, 'prev_value': 0, 'change': 0, 'player_num': 1}
2024-09-05 18:51:01,851 : EventManager : Event: ======'player_m4_shot_need'====== Args={'value': 0, 'prev_value': 0, 'change': 0, 'player_num': 1}
2024-09-05 18:51:01,851 : EventManager : Event: ======'player_m5_shot_need'====== Args={'value': 0, 'prev_value': 0, 'change': 0, 'player_num': 1}
2024-09-05 18:51:01,851 : EventManager : Event: ======'player_m6_shot_need'====== Args={'value': 0, 'prev_value': 0, 'change': 0, 'player_num': 1}
2024-09-05 18:51:01,851 : EventManager : Event: ======'player_m7_shot_need'====== Args={'value': 0, 'prev_value': 0, 'change': 0, 'player_num': 1}
2024-09-05 18:51:01,852 : EventManager : Event: ======'player_m8_shot_need'====== Args={'value': 0, 'prev_value': 0, 'change': 0, 'player_num': 1}
2024-09-05 18:51:01,852 : EventManager : Event: ======'player_m9_shot_need'====== Args={'value': 0, 'prev_value': 0, 'change': 0, 'player_num': 1}
2024-09-05 18:51:01,852 : EventManager : Event: ======'player_m10_shot_need'====== Args={'value': 0, 'prev_value': 0, 'change': 0, 'player_num': 1}
2024-09-05 18:51:01,852 : EventManager : Event: ======'player_m9_phase_1_active'====== Args={'value': 0, 'prev_value': 0, 'change': 0, 'player_num': 1}
2024-09-05 18:51:01,852 : EventManager : Event: ======'player_m9_phase_2_active'====== Args={'value': 0, 'prev_value': 0, 'change': 0, 'player_num': 1}
2024-09-05 18:51:01,852 : EventManager : Event: ======'player_bomb_number'====== Args={'value': 0, 'prev_value': 0, 'change': 0, 'player_num': 1}
2024-09-05 18:51:01,852 : EventManager : Event: ======'player_t_1_1_commander'====== Args={'value': 0, 'prev_value': 0, 'change': 0, 'player_num': 1}
2024-09-05 18:51:01,852 : EventManager : Event: ======'player_t_1_2_commander'====== Args={'value': 0, 'prev_value': 0, 'change': 0, 'player_num': 1}
2024-09-05 18:51:01,852 : EventManager : Event: ======'player_t_1_3_commander'====== Args={'value': 0, 'prev_value': 0, 'change': 0, 'player_num': 1}
2024-09-05 18:51:01,852 : EventManager : Event: ======'player_t_1_4_commander'====== Args={'value': 0, 'prev_value': 0, 'change': 0, 'player_num': 1}
2024-09-05 18:51:01,852 : EventManager : Event: ======'player_t_2_1_commander'====== Args={'value': 0, 'prev_value': 0, 'change': 0, 'player_num': 1}
2024-09-05 18:51:01,853 : EventManager : Event: ======'player_t_2_2_commander'====== Args={'value': 0, 'prev_value': 0, 'change': 0, 'player_num': 1}
2024-09-05 18:51:01,853 : EventManager : Event: ======'player_t_2_3_commander'====== Args={'value': 0, 'prev_value': 0, 'change': 0, 'player_num': 1}
2024-09-05 18:51:01,853 : EventManager : Event: ======'player_t_2_4_commander'====== Args={'value': 0, 'prev_value': 0, 'change': 0, 'player_num': 1}
2024-09-05 18:51:01,853 : EventManager : Event: ======'player_t_3_1_commander'====== Args={'value': 0, 'prev_value': 0, 'change': 0, 'player_num': 1}
2024-09-05 18:51:01,853 : EventManager : Event: ======'player_t_3_2_commander'====== Args={'value': 0, 'prev_value': 0, 'change': 0, 'player_num': 1}
2024-09-05 18:51:01,853 : EventManager : Event: ======'player_t_3_3_commander'====== Args={'value': 0, 'prev_value': 0, 'change': 0, 'player_num': 1}
2024-09-05 18:51:01,853 : EventManager : Event: ======'player_t_3_4_commander'====== Args={'value': 0, 'prev_value': 0, 'change': 0, 'player_num': 1}
2024-09-05 18:51:01,853 : EventManager : Event: ======'player_t_4_1_commander'====== Args={'value': 0, 'prev_value': 0, 'change': 0, 'player_num': 1}
2024-09-05 18:51:01,853 : EventManager : Event: ======'player_t_4_2_commander'====== Args={'value': 0, 'prev_value': 0, 'change': 0, 'player_num': 1}
2024-09-05 18:51:01,853 : EventManager : Event: ======'player_t_4_3_commander'====== Args={'value': 0, 'prev_value': 0, 'change': 0, 'player_num': 1}
2024-09-05 18:51:01,853 : EventManager : Event: ======'player_t_4_4_commander'====== Args={'value': 0, 'prev_value': 0, 'change': 0, 'player_num': 1}
2024-09-05 18:51:01,853 : EventManager : Event: ======'player_current_commander'====== Args={'value': 1, 'prev_value': 0, 'change': 1, 'player_num': 1}
2024-09-05 18:51:01,854 : EventManager : Event: ======'player_current_skill_points'====== Args={'value': 0, 'prev_value': 0, 'change': 0, 'player_num': 1}
2024-09-05 18:51:01,854 : EventManager : Event: ======'player_current_skill_level'====== Args={'value': 0, 'prev_value': 0, 'change': 0, 'player_num': 1}
2024-09-05 18:51:01,854 : EventManager : Event: ======'player_skill_lit'====== Args={'value': 0, 'prev_value': 0, 'change': 0, 'player_num': 1}
2024-09-05 18:51:01,854 : EventManager : Event: ======'player_bomb_1_active'====== Args={'value': 0, 'prev_value': 0, 'change': 0, 'player_num': 1}
2024-09-05 18:51:01,854 : EventManager : Event: ======'player_bomb_2_active'====== Args={'value': 0, 'prev_value': 0, 'change': 0, 'player_num': 1}
2024-09-05 18:51:01,854 : EventManager : Event: ======'player_bomb_3_active'====== Args={'value': 0, 'prev_value': 0, 'change': 0, 'player_num': 1}
2024-09-05 18:51:01,854 : EventManager : Event: ======'player_bomb_4_active'====== Args={'value': 0, 'prev_value': 0, 'change': 0, 'player_num': 1}
2024-09-05 18:51:01,854 : EventManager : Event: ======'player_bomb_5_active'====== Args={'value': 0, 'prev_value': 0, 'change': 0, 'player_num': 1}
2024-09-05 18:51:01,854 : EventManager : Event: ======'player_bomb_6_active'====== Args={'value': 0, 'prev_value': 0, 'change': 0, 'player_num': 1}
2024-09-05 18:51:01,854 : EventManager : Event: ======'player_bomb_7_active'====== Args={'value': 0, 'prev_value': 0, 'change': 0, 'player_num': 1}
2024-09-05 18:51:01,855 : EventManager : Event: ======'player_bomb_8_active'====== Args={'value': 0, 'prev_value': 0, 'change': 0, 'player_num': 1}
2024-09-05 18:51:01,855 : EventManager : Event: ======'player_bomb_9_active'====== Args={'value': 0, 'prev_value': 0, 'change': 0, 'player_num': 1}
2024-09-05 18:51:01,855 : EventManager : Event: ======'player_bomb_10_active'====== Args={'value': 0, 'prev_value': 0, 'change': 0, 'player_num': 1}
2024-09-05 18:51:01,855 : EventManager : Event: ======'player_bomb_11_active'====== Args={'value': 0, 'prev_value': 0, 'change': 0, 'player_num': 1}
2024-09-05 18:51:01,855 : EventManager : Event: ======'player_bomb_animation_queue'====== Args={'value': 0, 'prev_value': 0, 'change': 0, 'player_num': 1}
2024-09-05 18:51:01,855 : EventManager : Event: ======'player_bomb_animation_in_progress'====== Args={'value': 0, 'prev_value': 0, 'change': 0, 'player_num': 1}
2024-09-05 18:51:01,855 : EventManager : Event: ======'player_bomb_animation_completed'====== Args={'value': 0, 'prev_value': 0, 'change': 0, 'player_num': 1}
2024-09-05 18:51:01,855 : EventManager : Event: ======'player_bomb_animation_no_more'====== Args={'value': 0, 'prev_value': 0, 'change': 0, 'player_num': 1}
2024-09-05 18:51:01,855 : EventManager : Event: ======'player_aircraft_carrier_in_engage'====== Args={'value': 0, 'prev_value': 0, 'change': 0, 'player_num': 1}
2024-09-05 18:51:01,855 : EventManager : Event: ======'player_aircraft_carrier_torpedo_dropped'====== Args={'value': 0, 'prev_value': 0, 'change': 0, 'player_num': 1}
2024-09-05 18:51:01,855 : EventManager : Event: ======'player_spinner_value'====== Args={'value': 0, 'prev_value': 0, 'change': 0, 'player_num': 1}
2024-09-05 18:51:01,867 : EventManager : Event: ======'widgets_play'====== Args={'settings': {'base_score_widget': {'slide': 'base_slide', 'priority': 0, 'action': 'add', 'key': None, 'target': None}, 'base_level_widget': {'slide': 'base_slide', 'priority': 0, 'action': 'add', 'key': None, 'target': None}, 'base_ball_widget': {'slide': 'base_slide', 'priority': 0, 'action': 'add', 'key': None, 'target': None}}, 'context': 'game', 'calling_context': 'game_started', 'priority': 20}
2024-09-05 18:51:01,867 : EventManager : Event: ======'widgets_play'====== Args={'settings': {'sr_base_score_widget': {'slide': 'status_report_scores', 'priority': 0, 'action': 'add', 'key': None, 'target': None}, 'sr_base_level_widget': {'slide': 'status_report_scores', 'priority': 0, 'action': 'add', 'key': None, 'target': None}, 'sr_base_ball_widget': {'slide': 'status_report_scores', 'priority': 0, 'action': 'add', 'key': None, 'target': None}}, 'context': '_global', 'calling_context': 'game_started', 'priority': 0}
2024-09-05 18:51:01,867 : EventManager : Unordered handler for class McConfigPlayer.widgets on event slide_base_slide_created with priority 0. Handlers: [RegisteredHandler(callback=<bound method McWidgetPlayer._add_widget_to_slide_when_active of McConfigPlayer.widgets>, priority=0, kwargs={'slide_name': 'base_slide', 'widget': 'base_level_widget', 's': {'slide': 'base_slide', 'key': 'game-base_level_widget', 'target': None}, 'play_kwargs': {}}, key=UUID('e1306a2c-6edb-4e36-a75f-8b66c6810299'), condition=None, blocking_facility=None), RegisteredHandler(callback=<bound method McWidgetPlayer._add_widget_to_slide_when_active of McConfigPlayer.widgets>, priority=0, kwargs={'slide_name': 'base_slide', 'widget': 'base_ball_widget', 's': {'slide': 'base_slide', 'key': 'game-base_ball_widget', 'target': None}, 'play_kwargs': {}}, key=UUID('dfc6386f-1d6f-44e0-92c2-0cb92cd15f4b'), condition=None, blocking_facility=None), RegisteredHandler(callback=<bound method McWidgetPlayer._add_widget_to_slide_when_active of McConfigPlayer.widgets>, priority=0, kwargs={'slide_name': 'base_slide', 'widget': 'base_score_widget', 's': {'slide': 'base_slide', 'key': 'game-base_score_widget', 'target': None}, 'play_kwargs': {}}, key=UUID('d8b222c6-a3b0-4eb2-bc09-502acc2b97c5'), condition=None, blocking_facility=None)]. The order of those handlers is not defined and they will be executed in random order. This might lead to race conditions and potential bugs.
2024-09-05 18:51:01,868 : EventManager : Unordered handler for class McConfigPlayer.widgets on event slide_base_slide_created with priority 0. Handlers: [RegisteredHandler(callback=<bound method McWidgetPlayer._add_widget_to_slide_when_active of McConfigPlayer.widgets>, priority=0, kwargs={'slide_name': 'base_slide', 'widget': 'base_level_widget', 's': {'slide': 'base_slide', 'key': 'game-base_level_widget', 'target': None}, 'play_kwargs': {}}, key=UUID('e1306a2c-6edb-4e36-a75f-8b66c6810299'), condition=None, blocking_facility=None), RegisteredHandler(callback=<bound method McWidgetPlayer._add_widget_to_slide_when_active of McConfigPlayer.widgets>, priority=0, kwargs={'slide_name': 'base_slide', 'widget': 'base_ball_widget', 's': {'slide': 'base_slide', 'key': 'game-base_ball_widget', 'target': None}, 'play_kwargs': {}}, key=UUID('dfc6386f-1d6f-44e0-92c2-0cb92cd15f4b'), condition=None, blocking_facility=None), RegisteredHandler(callback=<bound method McWidgetPlayer._add_widget_to_slide_when_active of McConfigPlayer.widgets>, priority=0, kwargs={'slide_name': 'base_slide', 'widget': 'base_score_widget', 's': {'slide': 'base_slide', 'key': 'game-base_score_widget', 'target': None}, 'play_kwargs': {}}, key=UUID('d8b222c6-a3b0-4eb2-bc09-502acc2b97c5'), condition=None, blocking_facility=None)]. The order of those handlers is not defined and they will be executed in random order. This might lead to race conditions and potential bugs.
2024-09-05 18:51:01,868 : EventManager : Unordered handler for class McConfigPlayer.widgets on event slide_base_slide_created with priority 0. Handlers: [RegisteredHandler(callback=<bound method McWidgetPlayer._add_widget_to_slide_when_active of McConfigPlayer.widgets>, priority=0, kwargs={'slide_name': 'base_slide', 'widget': 'base_ball_widget', 's': {'slide': 'base_slide', 'key': 'game-base_ball_widget', 'target': None}, 'play_kwargs': {}}, key=UUID('dfc6386f-1d6f-44e0-92c2-0cb92cd15f4b'), condition=None, blocking_facility=None), RegisteredHandler(callback=<bound method McWidgetPlayer._add_widget_to_slide_when_active of McConfigPlayer.widgets>, priority=0, kwargs={'slide_name': 'base_slide', 'widget': 'base_score_widget', 's': {'slide': 'base_slide', 'key': 'game-base_score_widget', 'target': None}, 'play_kwargs': {}}, key=UUID('d8b222c6-a3b0-4eb2-bc09-502acc2b97c5'), condition=None, blocking_facility=None), RegisteredHandler(callback=<bound method McWidgetPlayer._add_widget_to_slide_when_active of McConfigPlayer.widgets>, priority=0, kwargs={'slide_name': 'base_slide', 'widget': 'base_level_widget', 's': {'slide': 'base_slide', 'key': 'game-base_level_widget', 'target': None}, 'play_kwargs': {}}, key=UUID('3dd432a0-944c-47c1-97c0-983021c37175'), condition=None, blocking_facility=None)]. The order of those handlers is not defined and they will be executed in random order. This might lead to race conditions and potential bugs.
2024-09-05 18:51:01,868 : EventManager : Unordered handler for class McConfigPlayer.widgets on event slide_base_slide_created with priority 0. Handlers: [RegisteredHandler(callback=<bound method McWidgetPlayer._add_widget_to_slide_when_active of McConfigPlayer.widgets>, priority=0, kwargs={'slide_name': 'base_slide', 'widget': 'base_ball_widget', 's': {'slide': 'base_slide', 'key': 'game-base_ball_widget', 'target': None}, 'play_kwargs': {}}, key=UUID('dfc6386f-1d6f-44e0-92c2-0cb92cd15f4b'), condition=None, blocking_facility=None), RegisteredHandler(callback=<bound method McWidgetPlayer._add_widget_to_slide_when_active of McConfigPlayer.widgets>, priority=0, kwargs={'slide_name': 'base_slide', 'widget': 'base_score_widget', 's': {'slide': 'base_slide', 'key': 'game-base_score_widget', 'target': None}, 'play_kwargs': {}}, key=UUID('d8b222c6-a3b0-4eb2-bc09-502acc2b97c5'), condition=None, blocking_facility=None), RegisteredHandler(callback=<bound method McWidgetPlayer._add_widget_to_slide_when_active of McConfigPlayer.widgets>, priority=0, kwargs={'slide_name': 'base_slide', 'widget': 'base_level_widget', 's': {'slide': 'base_slide', 'key': 'game-base_level_widget', 'target': None}, 'play_kwargs': {}}, key=UUID('3dd432a0-944c-47c1-97c0-983021c37175'), condition=None, blocking_facility=None)]. The order of those handlers is not defined and they will be executed in random order. This might lead to race conditions and potential bugs.
2024-09-05 18:51:01,868 : EventManager : Unordered handler for class McConfigPlayer.widgets on event slide_base_slide_created with priority 0. Handlers: [RegisteredHandler(callback=<bound method McWidgetPlayer._add_widget_to_slide_when_active of McConfigPlayer.widgets>, priority=0, kwargs={'slide_name': 'base_slide', 'widget': 'base_score_widget', 's': {'slide': 'base_slide', 'key': 'game-base_score_widget', 'target': None}, 'play_kwargs': {}}, key=UUID('d8b222c6-a3b0-4eb2-bc09-502acc2b97c5'), condition=None, blocking_facility=None), RegisteredHandler(callback=<bound method McWidgetPlayer._add_widget_to_slide_when_active of McConfigPlayer.widgets>, priority=0, kwargs={'slide_name': 'base_slide', 'widget': 'base_level_widget', 's': {'slide': 'base_slide', 'key': 'game-base_level_widget', 'target': None}, 'play_kwargs': {}}, key=UUID('3dd432a0-944c-47c1-97c0-983021c37175'), condition=None, blocking_facility=None), RegisteredHandler(callback=<bound method McWidgetPlayer._add_widget_to_slide_when_active of McConfigPlayer.widgets>, priority=0, kwargs={'slide_name': 'base_slide', 'widget': 'base_ball_widget', 's': {'slide': 'base_slide', 'key': 'game-base_ball_widget', 'target': None}, 'play_kwargs': {}}, key=UUID('687ef5c8-7c7a-42d3-8359-9900cca99279'), condition=None, blocking_facility=None)]. The order of those handlers is not defined and they will be executed in random order. This might lead to race conditions and potential bugs.
2024-09-05 18:51:01,869 : EventManager : Unordered handler for class McConfigPlayer.widgets on event slide_base_slide_created with priority 0. Handlers: [RegisteredHandler(callback=<bound method McWidgetPlayer._add_widget_to_slide_when_active of McConfigPlayer.widgets>, priority=0, kwargs={'slide_name': 'base_slide', 'widget': 'base_score_widget', 's': {'slide': 'base_slide', 'key': 'game-base_score_widget', 'target': None}, 'play_kwargs': {}}, key=UUID('d8b222c6-a3b0-4eb2-bc09-502acc2b97c5'), condition=None, blocking_facility=None), RegisteredHandler(callback=<bound method McWidgetPlayer._add_widget_to_slide_when_active of McConfigPlayer.widgets>, priority=0, kwargs={'slide_name': 'base_slide', 'widget': 'base_level_widget', 's': {'slide': 'base_slide', 'key': 'game-base_level_widget', 'target': None}, 'play_kwargs': {}}, key=UUID('3dd432a0-944c-47c1-97c0-983021c37175'), condition=None, blocking_facility=None), RegisteredHandler(callback=<bound method McWidgetPlayer._add_widget_to_slide_when_active of McConfigPlayer.widgets>, priority=0, kwargs={'slide_name': 'base_slide', 'widget': 'base_ball_widget', 's': {'slide': 'base_slide', 'key': 'game-base_ball_widget', 'target': None}, 'play_kwargs': {}}, key=UUID('687ef5c8-7c7a-42d3-8359-9900cca99279'), condition=None, blocking_facility=None)]. The order of those handlers is not defined and they will be executed in random order. This might lead to race conditions and potential bugs.
2024-09-05 18:51:01,869 : EventManager : Unordered handler for class McConfigPlayer.widgets on event slide_status_report_scores_created with priority 0. Handlers: [RegisteredHandler(callback=<bound method McWidgetPlayer._add_widget_to_slide_when_active of McConfigPlayer.widgets>, priority=0, kwargs={'slide_name': 'status_report_scores', 'widget': 'sr_base_level_widget', 's': {'slide': 'status_report_scores', 'key': '_global-sr_base_level_widget', 'target': None}, 'play_kwargs': {}}, key=UUID('f7c7c9b7-e0b8-4745-b9e1-a4e7df2c9bf2'), condition=None, blocking_facility=None), RegisteredHandler(callback=<bound method McWidgetPlayer._add_widget_to_slide_when_active of McConfigPlayer.widgets>, priority=0, kwargs={'slide_name': 'status_report_scores', 'widget': 'sr_base_ball_widget', 's': {'slide': 'status_report_scores', 'key': '_global-sr_base_ball_widget', 'target': None}, 'play_kwargs': {}}, key=UUID('8e892cdf-ab92-4827-a1ca-87ec29234006'), condition=None, blocking_facility=None), RegisteredHandler(callback=<bound method McWidgetPlayer._add_widget_to_slide_when_active of McConfigPlayer.widgets>, priority=0, kwargs={'slide_name': 'status_report_scores', 'widget': 'sr_base_score_widget', 's': {'slide': 'status_report_scores', 'key': '_global-sr_base_score_widget', 'target': None}, 'play_kwargs': {}}, key=UUID('43b45e5f-f3a3-4e97-8602-c9c0c7906fc9'), condition=None, blocking_facility=None)]. The order of those handlers is not defined and they will be executed in random order. This might lead to race conditions and potential bugs.
2024-09-05 18:51:01,869 : EventManager : Unordered handler for class McConfigPlayer.widgets on event slide_status_report_scores_created with priority 0. Handlers: [RegisteredHandler(callback=<bound method McWidgetPlayer._add_widget_to_slide_when_active of McConfigPlayer.widgets>, priority=0, kwargs={'slide_name': 'status_report_scores', 'widget': 'sr_base_level_widget', 's': {'slide': 'status_report_scores', 'key': '_global-sr_base_level_widget', 'target': None}, 'play_kwargs': {}}, key=UUID('f7c7c9b7-e0b8-4745-b9e1-a4e7df2c9bf2'), condition=None, blocking_facility=None), RegisteredHandler(callback=<bound method McWidgetPlayer._add_widget_to_slide_when_active of McConfigPlayer.widgets>, priority=0, kwargs={'slide_name': 'status_report_scores', 'widget': 'sr_base_ball_widget', 's': {'slide': 'status_report_scores', 'key': '_global-sr_base_ball_widget', 'target': None}, 'play_kwargs': {}}, key=UUID('8e892cdf-ab92-4827-a1ca-87ec29234006'), condition=None, blocking_facility=None), RegisteredHandler(callback=<bound method McWidgetPlayer._add_widget_to_slide_when_active of McConfigPlayer.widgets>, priority=0, kwargs={'slide_name': 'status_report_scores', 'widget': 'sr_base_score_widget', 's': {'slide': 'status_report_scores', 'key': '_global-sr_base_score_widget', 'target': None}, 'play_kwargs': {}}, key=UUID('43b45e5f-f3a3-4e97-8602-c9c0c7906fc9'), condition=None, blocking_facility=None)]. The order of those handlers is not defined and they will be executed in random order. This might lead to race conditions and potential bugs.
2024-09-05 18:51:01,869 : EventManager : Unordered handler for class McConfigPlayer.widgets on event slide_status_report_scores_created with priority 0. Handlers: [RegisteredHandler(callback=<bound method McWidgetPlayer._add_widget_to_slide_when_active of McConfigPlayer.widgets>, priority=0, kwargs={'slide_name': 'status_report_scores', 'widget': 'sr_base_ball_widget', 's': {'slide': 'status_report_scores', 'key': '_global-sr_base_ball_widget', 'target': None}, 'play_kwargs': {}}, key=UUID('8e892cdf-ab92-4827-a1ca-87ec29234006'), condition=None, blocking_facility=None), RegisteredHandler(callback=<bound method McWidgetPlayer._add_widget_to_slide_when_active of McConfigPlayer.widgets>, priority=0, kwargs={'slide_name': 'status_report_scores', 'widget': 'sr_base_score_widget', 's': {'slide': 'status_report_scores', 'key': '_global-sr_base_score_widget', 'target': None}, 'play_kwargs': {}}, key=UUID('43b45e5f-f3a3-4e97-8602-c9c0c7906fc9'), condition=None, blocking_facility=None), RegisteredHandler(callback=<bound method McWidgetPlayer._add_widget_to_slide_when_active of McConfigPlayer.widgets>, priority=0, kwargs={'slide_name': 'status_report_scores', 'widget': 'sr_base_level_widget', 's': {'slide': 'status_report_scores', 'key': '_global-sr_base_level_widget', 'target': None}, 'play_kwargs': {}}, key=UUID('251fad12-a8e4-4a78-9ccb-7e9bb9f8fbe9'), condition=None, blocking_facility=None)]. The order of those handlers is not defined and they will be executed in random order. This might lead to race conditions and potential bugs.
2024-09-05 18:51:01,869 : EventManager : Unordered handler for class McConfigPlayer.widgets on event slide_status_report_scores_created with priority 0. Handlers: [RegisteredHandler(callback=<bound method McWidgetPlayer._add_widget_to_slide_when_active of McConfigPlayer.widgets>, priority=0, kwargs={'slide_name': 'status_report_scores', 'widget': 'sr_base_ball_widget', 's': {'slide': 'status_report_scores', 'key': '_global-sr_base_ball_widget', 'target': None}, 'play_kwargs': {}}, key=UUID('8e892cdf-ab92-4827-a1ca-87ec29234006'), condition=None, blocking_facility=None), RegisteredHandler(callback=<bound method McWidgetPlayer._add_widget_to_slide_when_active of McConfigPlayer.widgets>, priority=0, kwargs={'slide_name': 'status_report_scores', 'widget': 'sr_base_score_widget', 's': {'slide': 'status_report_scores', 'key': '_global-sr_base_score_widget', 'target': None}, 'play_kwargs': {}}, key=UUID('43b45e5f-f3a3-4e97-8602-c9c0c7906fc9'), condition=None, blocking_facility=None), RegisteredHandler(callback=<bound method McWidgetPlayer._add_widget_to_slide_when_active of McConfigPlayer.widgets>, priority=0, kwargs={'slide_name': 'status_report_scores', 'widget': 'sr_base_level_widget', 's': {'slide': 'status_report_scores', 'key': '_global-sr_base_level_widget', 'target': None}, 'play_kwargs': {}}, key=UUID('251fad12-a8e4-4a78-9ccb-7e9bb9f8fbe9'), condition=None, blocking_facility=None)]. The order of those handlers is not defined and they will be executed in random order. This might lead to race conditions and potential bugs.
2024-09-05 18:51:01,869 : EventManager : Unordered handler for class McConfigPlayer.widgets on event slide_status_report_scores_created with priority 0. Handlers: [RegisteredHandler(callback=<bound method McWidgetPlayer._add_widget_to_slide_when_active of McConfigPlayer.widgets>, priority=0, kwargs={'slide_name': 'status_report_scores', 'widget': 'sr_base_score_widget', 's': {'slide': 'status_report_scores', 'key': '_global-sr_base_score_widget', 'target': None}, 'play_kwargs': {}}, key=UUID('43b45e5f-f3a3-4e97-8602-c9c0c7906fc9'), condition=None, blocking_facility=None), RegisteredHandler(callback=<bound method McWidgetPlayer._add_widget_to_slide_when_active of McConfigPlayer.widgets>, priority=0, kwargs={'slide_name': 'status_report_scores', 'widget': 'sr_base_level_widget', 's': {'slide': 'status_report_scores', 'key': '_global-sr_base_level_widget', 'target': None}, 'play_kwargs': {}}, key=UUID('251fad12-a8e4-4a78-9ccb-7e9bb9f8fbe9'), condition=None, blocking_facility=None), RegisteredHandler(callback=<bound method McWidgetPlayer._add_widget_to_slide_when_active of McConfigPlayer.widgets>, priority=0, kwargs={'slide_name': 'status_report_scores', 'widget': 'sr_base_ball_widget', 's': {'slide': 'status_report_scores', 'key': '_global-sr_base_ball_widget', 'target': None}, 'play_kwargs': {}}, key=UUID('acd280d0-d8af-4d7f-bfaa-994840b5031f'), condition=None, blocking_facility=None)]. The order of those handlers is not defined and they will be executed in random order. This might lead to race conditions and potential bugs.
2024-09-05 18:51:01,870 : EventManager : Unordered handler for class McConfigPlayer.widgets on event slide_status_report_scores_created with priority 0. Handlers: [RegisteredHandler(callback=<bound method McWidgetPlayer._add_widget_to_slide_when_active of McConfigPlayer.widgets>, priority=0, kwargs={'slide_name': 'status_report_scores', 'widget': 'sr_base_score_widget', 's': {'slide': 'status_report_scores', 'key': '_global-sr_base_score_widget', 'target': None}, 'play_kwargs': {}}, key=UUID('43b45e5f-f3a3-4e97-8602-c9c0c7906fc9'), condition=None, blocking_facility=None), RegisteredHandler(callback=<bound method McWidgetPlayer._add_widget_to_slide_when_active of McConfigPlayer.widgets>, priority=0, kwargs={'slide_name': 'status_report_scores', 'widget': 'sr_base_level_widget', 's': {'slide': 'status_report_scores', 'key': '_global-sr_base_level_widget', 'target': None}, 'play_kwargs': {}}, key=UUID('251fad12-a8e4-4a78-9ccb-7e9bb9f8fbe9'), condition=None, blocking_facility=None), RegisteredHandler(callback=<bound method McWidgetPlayer._add_widget_to_slide_when_active of McConfigPlayer.widgets>, priority=0, kwargs={'slide_name': 'status_report_scores', 'widget': 'sr_base_ball_widget', 's': {'slide': 'status_report_scores', 'key': '_global-sr_base_ball_widget', 'target': None}, 'play_kwargs': {}}, key=UUID('acd280d0-d8af-4d7f-bfaa-994840b5031f'), condition=None, blocking_facility=None)]. The order of those handlers is not defined and they will be executed in random order. This might lead to race conditions and potential bugs.
2024-09-05 18:51:01,917 : EventManager : Event: ======'player_ball'====== Args={'value': 1, 'prev_value': 0, 'change': 1, 'player_num': 1}
2024-09-05 18:51:01,917 : EventManager : Event: ======'widgets_play'====== Args={'settings': {'mp_score_widget_player_1': {'action': 'remove', 'priority': 0, 'slide': None, 'key': None, 'target': None}, 'mp_name_widget_player_1': {'slide': 'multiplayer_slide', 'priority': 0, 'action': 'add', 'key': None, 'target': None}}, 'context': 'game', 'calling_context': 'player_turn_started{number==1}', 'priority': 20, 'player': '<Player 1>', 'number': 1}
2024-09-05 18:51:01,917 : EventManager : Event: ======'player_turn_start'====== Args={'number': 1, 'player': <Player 1>}
2024-09-05 18:51:01,917 : EventManager : Event: ======'widgets_play'====== Args={'settings': {'sr_mp_score_widget_player_1': {'action': 'remove', 'priority': 0, 'slide': None, 'key': None, 'target': None}, 'sr_mp_name_widget_player_1': {'slide': 'status_report_scores', 'priority': 0, 'action': 'add', 'key': None, 'target': None}}, 'context': '_global', 'calling_context': 'player_turn_started{number==1}', 'priority': 0, 'player': '<Player 1>', 'number': 1}
2024-09-05 18:51:01,918 : EventManager : Unordered handler for class McConfigPlayer.widgets on event slide_status_report_scores_created with priority 0. Handlers: [RegisteredHandler(callback=<bound method McWidgetPlayer._add_widget_to_slide_when_active of McConfigPlayer.widgets>, priority=0, kwargs={'slide_name': 'status_report_scores', 'widget': 'sr_base_score_widget', 's': {'slide': 'status_report_scores', 'key': '_global-sr_base_score_widget', 'target': None}, 'play_kwargs': {}}, key=UUID('43b45e5f-f3a3-4e97-8602-c9c0c7906fc9'), condition=None, blocking_facility=None), RegisteredHandler(callback=<bound method McWidgetPlayer._add_widget_to_slide_when_active of McConfigPlayer.widgets>, priority=0, kwargs={'slide_name': 'status_report_scores', 'widget': 'sr_base_level_widget', 's': {'slide': 'status_report_scores', 'key': '_global-sr_base_level_widget', 'target': None}, 'play_kwargs': {}}, key=UUID('251fad12-a8e4-4a78-9ccb-7e9bb9f8fbe9'), condition=None, blocking_facility=None), RegisteredHandler(callback=<bound method McWidgetPlayer._add_widget_to_slide_when_active of McConfigPlayer.widgets>, priority=0, kwargs={'slide_name': 'status_report_scores', 'widget': 'sr_base_ball_widget', 's': {'slide': 'status_report_scores', 'key': '_global-sr_base_ball_widget', 'target': None}, 'play_kwargs': {}}, key=UUID('acd280d0-d8af-4d7f-bfaa-994840b5031f'), condition=None, blocking_facility=None), RegisteredHandler(callback=<bound method McWidgetPlayer._add_widget_to_slide_when_active of McConfigPlayer.widgets>, priority=0, kwargs={'slide_name': 'status_report_scores', 'widget': 'sr_mp_name_widget_player_1', 's': {'slide': 'status_report_scores', 'key': '_global-sr_mp_name_widget_player_1', 'target': None}, 'play_kwargs': {'player': '<Player 1>', 'number': 1}}, key=UUID('49fdcd9d-f404-4066-92d8-f098750797b3'), condition=None, blocking_facility=None)]. The order of those handlers is not defined and they will be executed in random order. This might lead to race conditions and potential bugs.
2024-09-05 18:51:01,918 : EventManager : Unordered handler for class McConfigPlayer.widgets on event slide_status_report_scores_created with priority 0. Handlers: [RegisteredHandler(callback=<bound method McWidgetPlayer._add_widget_to_slide_when_active of McConfigPlayer.widgets>, priority=0, kwargs={'slide_name': 'status_report_scores', 'widget': 'sr_base_score_widget', 's': {'slide': 'status_report_scores', 'key': '_global-sr_base_score_widget', 'target': None}, 'play_kwargs': {}}, key=UUID('43b45e5f-f3a3-4e97-8602-c9c0c7906fc9'), condition=None, blocking_facility=None), RegisteredHandler(callback=<bound method McWidgetPlayer._add_widget_to_slide_when_active of McConfigPlayer.widgets>, priority=0, kwargs={'slide_name': 'status_report_scores', 'widget': 'sr_base_level_widget', 's': {'slide': 'status_report_scores', 'key': '_global-sr_base_level_widget', 'target': None}, 'play_kwargs': {}}, key=UUID('251fad12-a8e4-4a78-9ccb-7e9bb9f8fbe9'), condition=None, blocking_facility=None), RegisteredHandler(callback=<bound method McWidgetPlayer._add_widget_to_slide_when_active of McConfigPlayer.widgets>, priority=0, kwargs={'slide_name': 'status_report_scores', 'widget': 'sr_base_ball_widget', 's': {'slide': 'status_report_scores', 'key': '_global-sr_base_ball_widget', 'target': None}, 'play_kwargs': {}}, key=UUID('acd280d0-d8af-4d7f-bfaa-994840b5031f'), condition=None, blocking_facility=None), RegisteredHandler(callback=<bound method McWidgetPlayer._add_widget_to_slide_when_active of McConfigPlayer.widgets>, priority=0, kwargs={'slide_name': 'status_report_scores', 'widget': 'sr_mp_name_widget_player_1', 's': {'slide': 'status_report_scores', 'key': '_global-sr_mp_name_widget_player_1', 'target': None}, 'play_kwargs': {'player': '<Player 1>', 'number': 1}}, key=UUID('49fdcd9d-f404-4066-92d8-f098750797b3'), condition=None, blocking_facility=None)]. The order of those handlers is not defined and they will be executed in random order. This might lead to race conditions and potential bugs.
2024-09-05 18:51:01,918 : EventManager : Unordered handler for class McConfigPlayer.widgets on event slide_status_report_scores_created with priority 0. Handlers: [RegisteredHandler(callback=<bound method McWidgetPlayer._add_widget_to_slide_when_active of McConfigPlayer.widgets>, priority=0, kwargs={'slide_name': 'status_report_scores', 'widget': 'sr_base_score_widget', 's': {'slide': 'status_report_scores', 'key': '_global-sr_base_score_widget', 'target': None}, 'play_kwargs': {}}, key=UUID('43b45e5f-f3a3-4e97-8602-c9c0c7906fc9'), condition=None, blocking_facility=None), RegisteredHandler(callback=<bound method McWidgetPlayer._add_widget_to_slide_when_active of McConfigPlayer.widgets>, priority=0, kwargs={'slide_name': 'status_report_scores', 'widget': 'sr_base_level_widget', 's': {'slide': 'status_report_scores', 'key': '_global-sr_base_level_widget', 'target': None}, 'play_kwargs': {}}, key=UUID('251fad12-a8e4-4a78-9ccb-7e9bb9f8fbe9'), condition=None, blocking_facility=None), RegisteredHandler(callback=<bound method McWidgetPlayer._add_widget_to_slide_when_active of McConfigPlayer.widgets>, priority=0, kwargs={'slide_name': 'status_report_scores', 'widget': 'sr_base_ball_widget', 's': {'slide': 'status_report_scores', 'key': '_global-sr_base_ball_widget', 'target': None}, 'play_kwargs': {}}, key=UUID('acd280d0-d8af-4d7f-bfaa-994840b5031f'), condition=None, blocking_facility=None), RegisteredHandler(callback=<bound method McWidgetPlayer._add_widget_to_slide_when_active of McConfigPlayer.widgets>, priority=0, kwargs={'slide_name': 'status_report_scores', 'widget': 'sr_mp_name_widget_player_1', 's': {'slide': 'status_report_scores', 'key': '_global-sr_mp_name_widget_player_1', 'target': None}, 'play_kwargs': {'player': '<Player 1>', 'number': 1}}, key=UUID('49fdcd9d-f404-4066-92d8-f098750797b3'), condition=None, blocking_facility=None)]. The order of those handlers is not defined and they will be executed in random order. This might lead to race conditions and potential bugs.
2024-09-05 18:51:02,036 : EventManager : Event: ======'player_shot_ricochet_1_enabled'====== Args={'value': True, 'prev_value': 0, 'change': 1, 'player_num': 1}
2024-09-05 18:51:02,037 : EventManager : Event: ======'player_shot_ricochet_2_enabled'====== Args={'value': True, 'prev_value': 0, 'change': 1, 'player_num': 1}
2024-09-05 18:51:02,037 : EventManager : Event: ======'player_shot_ricochet_3_enabled'====== Args={'value': True, 'prev_value': 0, 'change': 1, 'player_num': 1}
2024-09-05 18:51:02,037 : EventManager : Event: ======'player_shot_ricochet_4_enabled'====== Args={'value': True, 'prev_value': 0, 'change': 1, 'player_num': 1}
2024-09-05 18:51:02,051 : EventManager : Event: ======'player_shot_lock_lit_1_enabled'====== Args={'value': True, 'prev_value': 0, 'change': 1, 'player_num': 1}
2024-09-05 18:51:02,051 : EventManager : Event: ======'player_shot_lock_lit_2_enabled'====== Args={'value': True, 'prev_value': 0, 'change': 1, 'player_num': 1}
2024-09-05 18:51:02,051 : EventManager : Event: ======'player_shot_detonation_lit_enabled'====== Args={'value': True, 'prev_value': 0, 'change': 1, 'player_num': 1}
2024-09-05 18:51:02,051 : EventManager : Event: ======'player_shot_detonation_enabled'====== Args={'value': False, 'prev_value': 0, 'change': 0, 'player_num': 1}
2024-09-05 18:51:02,051 : EventManager : Event: ======'player_shot_lane_A_enabled'====== Args={'value': True, 'prev_value': 0, 'change': 1, 'player_num': 1}
2024-09-05 18:51:02,051 : EventManager : Event: ======'player_shot_lane_B_enabled'====== Args={'value': True, 'prev_value': 0, 'change': 1, 'player_num': 1}
2024-09-05 18:51:02,051 : EventManager : Event: ======'player_shot_lane_C_enabled'====== Args={'value': True, 'prev_value': 0, 'change': 1, 'player_num': 1}
2024-09-05 18:51:02,051 : EventManager : Event: ======'player_shot_lane_D_enabled'====== Args={'value': True, 'prev_value': 0, 'change': 1, 'player_num': 1}
2024-09-05 18:51:02,052 : EventManager : Event: ======'player_shot_lane_E_enabled'====== Args={'value': True, 'prev_value': 0, 'change': 1, 'player_num': 1}
2024-09-05 18:51:02,067 : EventManager : Event: ======'player_DMGValue'====== Args={'value': 120000000, 'prev_value': 10000000, 'change': 110000000, 'player_num': 1}
2024-09-05 18:51:02,067 : EventManager : Event: ======'player_JetValue'====== Args={'value': 500000, 'prev_value': 5000000, 'change': -4500000, 'player_num': 1}
2024-09-05 18:51:02,067 : EventManager : Event: ======'player_BonusX'====== Args={'value': 1, 'prev_value': 0, 'change': 1, 'player_num': 1}
2024-09-05 18:51:02,067 : EventManager : Event: ======'player_shot_lock_lit_1_enabled'====== Args={'value': False, 'prev_value': True, 'change': -1, 'player_num': 1}
2024-09-05 18:51:02,068 : EventManager : Event: ======'player_shot_lock_lit_2_enabled'====== Args={'value': False, 'prev_value': True, 'change': -1, 'player_num': 1}
2024-09-05 18:51:02,068 : EventManager : Event: ======'player_shot_lock_lit_1_enabled'====== Args={'value': True, 'prev_value': False, 'change': 1, 'player_num': 1}
2024-09-05 18:51:02,068 : EventManager : Event: ======'player_shot_lock_lit_2_enabled'====== Args={'value': True, 'prev_value': False, 'change': 1, 'player_num': 1}
2024-09-05 18:51:02,068 : EventManager : Event: ======'player_bonusX_progress_number'====== Args={'value': 2, 'prev_value': 0, 'change': 2, 'player_num': 1}
2024-09-05 18:51:02,068 : EventManager : Event: ======'player_bomb_progress_number'====== Args={'value': 3, 'prev_value': 0, 'change': 3, 'player_num': 1}
2024-09-05 18:51:02,068 : EventManager : Event: ======'player_take_dmg_score'====== Args={'value': 18000000, 'prev_value': 0, 'change': 18000000, 'player_num': 1}
2024-09-05 18:51:02,068 : EventManager : Event: ======'player_ReceivedDMGshow'====== Args={'value': 0, 'prev_value': 0, 'change': 0, 'player_num': 1}
2024-09-05 18:51:02,135 : EventManager : Event: ======'player_battle_lit_score'====== Args={'value': 5, 'prev_value': 0, 'change': 5, 'player_num': 1}
2024-09-05 18:51:02,135 : EventManager : Event: ======'slides_play'====== Args={'settings': {'base_slide': {'target': None, 'background_color': [0.0, 0.0, 0.0, 1.0], 'priority': None, 'show': True, 'force': False, 'expire': None, 'slide': None, 'tokens': {}, 'action': 'play'}}, 'context': 'game', 'calling_context': 'single_player_ball_started', 'priority': 20}
2024-09-05 18:51:02,135 : mpfmc : SlidePlayer: Play called with settings={'base_slide': {'target': None, 'background_color': [0.0, 0.0, 0.0, 1.0], 'priority': None, 'show': True, 'force': False, 'expire': None, 'slide': None, 'tokens': {}, 'action': 'play'}}
2024-09-05 18:51:02,136 : EventManager : Event: ======'slide_base_slide_created'====== Args={}
2024-09-05 18:51:02,142 : EventManager : Event: ======'slide_base_slide_active'====== Args={}
2024-09-05 18:51:02,301 : EventManager : Event: ======'machine_var_audits_switches_s_plunger'====== Args={'value': 4106, 'prev_value': 4105, 'change': 1}
2024-09-05 18:51:11,034 : EventManager : Event: ======'machine_var_audits_switches_s_right_slingshot'====== Args={'value': 135, 'prev_value': 134, 'change': 1}
2024-09-05 18:51:14,769 : EventManager : Event: ======'machine_var_audits_switches_s_dmg_4'====== Args={'value': 28, 'prev_value': 27, 'change': 1}
2024-09-05 18:51:14,784 : EventManager : Event: ======'player_ReceivedDMG'====== Args={'value': 3, 'prev_value': 0, 'change': 3, 'player_num': 1}
2024-09-05 18:51:14,784 : EventManager : Event: ======'player_score'====== Args={'value': 18000000, 'prev_value': 0, 'change': 18000000, 'player_num': 1}
2024-09-05 18:51:14,784 : EventManager : Event: ======'player_ReceivedDMGshow'====== Args={'value': 3, 'prev_value': 0, 'change': 3, 'player_num': 1}
2024-09-05 18:51:14,784 : EventManager : Event: ======'slides_play'====== Args={'settings': {'take_dmg_slide': {'action': 'play', 'priority': 300, 'expire': 1.4, 'target': None, 'background_color': [0.0, 0.0, 0.0, 1.0], 'show': True, 'force': False, 'slide': None, 'tokens': {}}}, 'context': 'drednaught', 'calling_context': 'm1calculate_pre', 'priority': 100}
2024-09-05 18:51:14,785 : mpfmc : SlidePlayer: Play called with settings={'take_dmg_slide': {'action': 'play', 'priority': 300, 'expire': 1.4, 'target': None, 'background_color': [0.0, 0.0, 0.0, 1.0], 'show': True, 'force': False, 'slide': None, 'tokens': {}}}
2024-09-05 18:51:14,787 : EventManager : Event: ======'slide_take_dmg_slide_created'====== Args={}
2024-09-05 18:51:14,789 : EventManager : Event: ======'slide_take_dmg_slide_active'====== Args={}
2024-09-05 18:51:14,803 : EventManager : Unordered handler for class McConfigPlayer.widgets on event slide_take_dmg_slide_created with priority 0. Handlers: [RegisteredHandler(callback=<bound method McWidgetPlayer._add_widget_to_slide_when_active of McConfigPlayer.widgets>, priority=0, kwargs={'slide_name': 'take_dmg_slide', 'widget': 'take_dmg_widget', 's': {'slide': 'take_dmg_slide', 'key': 'drednaught-take_dmg_widget', 'target': None}, 'play_kwargs': {}}, key=UUID('07d4b554-453f-4da7-865b-325b21c06bcd'), condition=None, blocking_facility=None), RegisteredHandler(callback=<bound method McWidgetPlayer._add_widget_to_slide_when_active of McConfigPlayer.widgets>, priority=0, kwargs={'slide_name': 'take_dmg_slide', 'widget': 'take_dmg_widget_score', 's': {'slide': 'take_dmg_slide', 'key': 'drednaught-take_dmg_widget_score', 'target': None}, 'play_kwargs': {}}, key=UUID('99122b77-0985-46c4-8680-c97fbe4a8386'), condition=None, blocking_facility=None)]. The order of those handlers is not defined and they will be executed in random order. This might lead to race conditions and potential bugs.
2024-09-05 18:51:14,805 : EventManager : Unordered handler for class McConfigPlayer.widgets on event slide_take_dmg_slide_created with priority 0. Handlers: [RegisteredHandler(callback=<bound method McWidgetPlayer._add_widget_to_slide_when_active of McConfigPlayer.widgets>, priority=0, kwargs={'slide_name': 'take_dmg_slide', 'widget': 'take_dmg_widget', 's': {'slide': 'take_dmg_slide', 'key': 'drednaught-take_dmg_widget', 'target': None}, 'play_kwargs': {}}, key=UUID('07d4b554-453f-4da7-865b-325b21c06bcd'), condition=None, blocking_facility=None), RegisteredHandler(callback=<bound method McWidgetPlayer._add_widget_to_slide_when_active of McConfigPlayer.widgets>, priority=0, kwargs={'slide_name': 'take_dmg_slide', 'widget': 'take_dmg_widget_score', 's': {'slide': 'take_dmg_slide', 'key': 'drednaught-take_dmg_widget_score', 'target': None}, 'play_kwargs': {}}, key=UUID('99122b77-0985-46c4-8680-c97fbe4a8386'), condition=None, blocking_facility=None), RegisteredHandler(callback=<bound method McWidgetPlayer._add_widget_to_slide_when_active of McConfigPlayer.widgets>, priority=0, kwargs={'slide_name': 'take_dmg_slide', 'widget': 'take_dmg_widget_percent', 's': {'slide': 'take_dmg_slide', 'key': 'drednaught-take_dmg_widget_percent', 'target': None}, 'play_kwargs': {}}, key=UUID('8953fe7b-2ffc-4b54-b591-43f275a8d4a5'), condition=None, blocking_facility=None)]. The order of those handlers is not defined and they will be executed in random order. This might lead to race conditions and potential bugs.
2024-09-05 18:51:14,805 : EventManager : Unordered handler for class McConfigPlayer.widgets on event slide_take_dmg_slide_created with priority 0. Handlers: [RegisteredHandler(callback=<bound method McWidgetPlayer._add_widget_to_slide_when_active of McConfigPlayer.widgets>, priority=0, kwargs={'slide_name': 'take_dmg_slide', 'widget': 'take_dmg_widget', 's': {'slide': 'take_dmg_slide', 'key': 'drednaught-take_dmg_widget', 'target': None}, 'play_kwargs': {}}, key=UUID('07d4b554-453f-4da7-865b-325b21c06bcd'), condition=None, blocking_facility=None), RegisteredHandler(callback=<bound method McWidgetPlayer._add_widget_to_slide_when_active of McConfigPlayer.widgets>, priority=0, kwargs={'slide_name': 'take_dmg_slide', 'widget': 'take_dmg_widget_score', 's': {'slide': 'take_dmg_slide', 'key': 'drednaught-take_dmg_widget_score', 'target': None}, 'play_kwargs': {}}, key=UUID('99122b77-0985-46c4-8680-c97fbe4a8386'), condition=None, blocking_facility=None), RegisteredHandler(callback=<bound method McWidgetPlayer._add_widget_to_slide_when_active of McConfigPlayer.widgets>, priority=0, kwargs={'slide_name': 'take_dmg_slide', 'widget': 'take_dmg_widget_percent', 's': {'slide': 'take_dmg_slide', 'key': 'drednaught-take_dmg_widget_percent', 'target': None}, 'play_kwargs': {}}, key=UUID('8953fe7b-2ffc-4b54-b591-43f275a8d4a5'), condition=None, blocking_facility=None)]. The order of those handlers is not defined and they will be executed in random order. This might lead to race conditions and potential bugs.
2024-09-05 18:51:16,187 : EventManager : Event: ======'slide_take_dmg_slide_removed'====== Args={}
2024-09-05 18:51:16,189 : EventManager : Event: ======'slide_base_slide_active'====== Args={}
2024-09-05 18:51:20,486 : EventManager : Event: ======'machine_var_audits_switches_s_main_hole'====== Args={'value': 1063, 'prev_value': 1062, 'change': 1}
2024-09-05 18:51:21,001 : EventManager : Event: ======'slides_play'====== Args={'settings': {'mode_6_start_slide': {'widgets': [{'type': 'image', 'image': 'mode_6_start', '_default_settings': ['type', 'image'], 'x': None, 'y': None, 'anchor_x': 'center', 'anchor_y': 'center', 'round_anchor_x': None, 'round_anchor_y': None, 'opacity': 1.0, 'z': 0, 'reset_animations_events': {}, 'color': [1.0, 1.0, 1.0, 1.0], 'style': [], 'adjust_top': 0, 'adjust_bottom': 0, 'adjust_left': 0, 'adjust_right': 0, 'expire': None, 'key': None, 'widget': None, 'events_when_added': [], 'events_when_removed': [], 'fps': 10, 'loops': -1, 'auto_play': True, 'start_frame': 0, 'rotation': 0, 'scale': 1.0, 'animations': None}], 'target': None, 'background_color': [0.0, 0.0, 0.0, 1.0], 'priority': None, 'show': True, 'force': False, 'expire': None, 'slide': None, 'tokens': {}, 'action': 'play'}}, 'context': 'show_19', 'calling_context': 0, 'priority': 1000, 'show_tokens': {}, 'start_time': 756.671}
2024-09-05 18:51:21,002 : EventManager : Event: ======'player_m6_active'====== Args={'value': 1, 'prev_value': 0, 'change': 1, 'player_num': 1}
2024-09-05 18:51:21,002 : EventManager : Event: ======'widgets_play'====== Args={'settings': {'hydro_widget': {'slide': 'mode_slide', 'action': 'add', 'priority': 0, 'key': None, 'target': None}}, 'context': 'mode_manager', 'calling_context': 'start_mode_6', 'priority': 300, 'restore': False, 'state': 'started', 'selected': False}
2024-09-05 18:51:21,002 : EventManager : Event: ======'player_countdown_bar_progress'====== Args={'value': -1, 'prev_value': 0, 'change': -1, 'player_num': 1}
2024-09-05 18:51:21,002 : EventManager : Event: ======'player_mode_shot_enabled'====== Args={'value': 1, 'prev_value': 0, 'change': 1, 'player_num': 1}
2024-09-05 18:51:21,002 : EventManager : Event: ======'player_mode_timer_mode_countdown_tick'====== Args={'value': 31, 'prev_value': 0, 'change': 31, 'player_num': 1}
2024-09-05 18:51:21,002 : EventManager : Event: ======'player_countdown_bar_progress'====== Args={'value': 30, 'prev_value': -1, 'change': 31, 'player_num': 1}
2024-09-05 18:51:21,002 : mpfmc : SlidePlayer: Play called with settings={'mode_6_start_slide': {'widgets': [{'type': 'image', 'image': 'mode_6_start', '_default_settings': ['type', 'image'], 'x': None, 'y': None, 'anchor_x': 'center', 'anchor_y': 'center', 'round_anchor_x': None, 'round_anchor_y': None, 'opacity': 1.0, 'z': 0, 'reset_animations_events': {}, 'color': [1.0, 1.0, 1.0, 1.0], 'style': [], 'adjust_top': 0, 'adjust_bottom': 0, 'adjust_left': 0, 'adjust_right': 0, 'expire': None, 'key': None, 'widget': None, 'events_when_added': [], 'events_when_removed': [], 'fps': 10, 'loops': -1, 'auto_play': True, 'start_frame': 0, 'rotation': 0, 'scale': 1.0, 'animations': None}], 'target': None, 'background_color': [0.0, 0.0, 0.0, 1.0], 'priority': None, 'show': True, 'force': False, 'expire': None, 'slide': None, 'tokens': {}, 'action': 'play'}}
2024-09-05 18:51:21,003 : EventManager : Event: ======'slide_mode_6_start_slide_created'====== Args={}
2024-09-05 18:51:21,004 : EventManager : Event: ======'slide_mode_6_start_slide_active'====== Args={}
2024-09-05 18:51:21,018 : EventManager : Event: ======'player_modeshotmade'====== Args={'value': 0, 'prev_value': 0, 'change': 0, 'player_num': 1}
2024-09-05 18:51:21,018 : EventManager : Event: ======'player_more_time_lit'====== Args={'value': 1, 'prev_value': 0, 'change': 1, 'player_num': 1}
2024-09-05 18:51:21,018 : EventManager : Event: ======'player_modetotal'====== Args={'value': 100000, 'prev_value': 0, 'change': 100000, 'player_num': 1}
2024-09-05 18:51:21,018 : EventManager : Event: ======'player_score'====== Args={'value': 18100000, 'prev_value': 18000000, 'change': 100000, 'player_num': 1}
2024-09-05 18:51:21,019 : EventManager : Event: ======'player_mode_timer_mode_freeze_tick'====== Args={'value': 16, 'prev_value': 0, 'change': 16, 'player_num': 1}
2024-09-05 18:51:21,019 : EventManager : Event: ======'player_m6entrynumber'====== Args={'value': 1, 'prev_value': 0, 'change': 1, 'player_num': 1}
2024-09-05 18:51:21,019 : EventManager : Event: ======'player_modeentrynumber'====== Args={'value': 1, 'prev_value': 0, 'change': 1, 'player_num': 1}
2024-09-05 18:51:21,019 : EventManager : Event: ======'player_m6value'====== Args={'value': 0, 'prev_value': 0, 'change': 0, 'player_num': 1}
2024-09-05 18:51:21,019 : EventManager : Event: ======'player_entry_modification'====== Args={'value': 1.0, 'prev_value': 0, 'change': 1.0, 'player_num': 1}
2024-09-05 18:51:21,035 : EventManager : Event: ======'player_m6value'====== Args={'value': 25000000, 'prev_value': 0, 'change': 25000000, 'player_num': 1}
2024-09-05 18:51:21,035 : EventManager : Event: ======'widgets_clear'====== Args={'context': 'drednaught'}
2024-09-05 18:51:21,035 : EventManager : Event: ======'slides_clear'====== Args={'context': 'drednaught'}
2024-09-05 18:51:21,038 : EventManager : Event: ======'slide_take_dmg_slide_removed'====== Args={}
2024-09-05 18:51:21,038 : EventManager : Event: ======'widgets_clear'====== Args={'context': 'capture'}
2024-09-05 18:51:21,038 : EventManager : Event: ======'slides_clear'====== Args={'context': 'capture'}
2024-09-05 18:51:21,038 : EventManager : Event: ======'widgets_clear'====== Args={'context': 'main_play'}
2024-09-05 18:51:21,039 : EventManager : Event: ======'slides_clear'====== Args={'context': 'main_play'}
2024-09-05 18:51:22,402 : EventManager : Event: ======'slides_play'====== Args={'settings': {'mode_6_start_slide_text': {'widgets': [{'type': 'image', 'image': 'mode_6_start_text', '_default_settings': ['type', 'image'], 'x': None, 'y': None, 'anchor_x': 'center', 'anchor_y': 'center', 'round_anchor_x': None, 'round_anchor_y': None, 'opacity': 1.0, 'z': 0, 'reset_animations_events': {}, 'color': [1.0, 1.0, 1.0, 1.0], 'style': [], 'adjust_top': 0, 'adjust_bottom': 0, 'adjust_left': 0, 'adjust_right': 0, 'expire': None, 'key': None, 'widget': None, 'events_when_added': [], 'events_when_removed': [], 'fps': 10, 'loops': -1, 'auto_play': True, 'start_frame': 0, 'rotation': 0, 'scale': 1.0, 'animations': None}], 'target': None, 'background_color': [0.0, 0.0, 0.0, 1.0], 'priority': None, 'show': True, 'force': False, 'expire': None, 'slide': None, 'tokens': {}, 'action': 'play'}}, 'context': 'show_19', 'calling_context': 1, 'priority': 1000, 'show_tokens': {}, 'start_time': 758.071}
2024-09-05 18:51:22,402 : mpfmc : SlidePlayer: Play called with settings={'mode_6_start_slide_text': {'widgets': [{'type': 'image', 'image': 'mode_6_start_text', '_default_settings': ['type', 'image'], 'x': None, 'y': None, 'anchor_x': 'center', 'anchor_y': 'center', 'round_anchor_x': None, 'round_anchor_y': None, 'opacity': 1.0, 'z': 0, 'reset_animations_events': {}, 'color': [1.0, 1.0, 1.0, 1.0], 'style': [], 'adjust_top': 0, 'adjust_bottom': 0, 'adjust_left': 0, 'adjust_right': 0, 'expire': None, 'key': None, 'widget': None, 'events_when_added': [], 'events_when_removed': [], 'fps': 10, 'loops': -1, 'auto_play': True, 'start_frame': 0, 'rotation': 0, 'scale': 1.0, 'animations': None}], 'target': None, 'background_color': [0.0, 0.0, 0.0, 1.0], 'priority': None, 'show': True, 'force': False, 'expire': None, 'slide': None, 'tokens': {}, 'action': 'play'}}
2024-09-05 18:51:22,403 : EventManager : Event: ======'slide_mode_6_start_slide_text_created'====== Args={}
2024-09-05 18:51:22,404 : EventManager : Event: ======'slide_mode_6_start_slide_text_active'====== Args={}
2024-09-05 18:51:23,402 : EventManager : Event: ======'slides_play'====== Args={'settings': {'mode_slide': {'priority': 200, 'target': None, 'background_color': [0.0, 0.0, 0.0, 1.0], 'show': True, 'force': False, 'expire': None, 'slide': None, 'tokens': {}, 'action': 'play'}}, 'context': 'mode_manager', 'calling_context': 'mode_slide_can_start', 'priority': 300}
2024-09-05 18:51:23,402 : EventManager : Event: ======'player_score'====== Args={'value': 18200000, 'prev_value': 18100000, 'change': 100000, 'player_num': 1}
2024-09-05 18:51:23,402 : mpfmc : SlidePlayer: Play called with settings={'mode_slide': {'priority': 200, 'target': None, 'background_color': [0.0, 0.0, 0.0, 1.0], 'show': True, 'force': False, 'expire': None, 'slide': None, 'tokens': {}, 'action': 'play'}}
2024-09-05 18:51:23,403 : EventManager : Event: ======'slide_mode_slide_created'====== Args={}
2024-09-05 18:51:23,436 : EventManager : Event: ======'player_mode_timer_mode_countdown_delay_tick'====== Args={'value': 2, 'prev_value': 0, 'change': 2, 'player_num': 1}
2024-09-05 18:51:24,386 : EventManager : Event: ======'slides_clear'====== Args={'context': 'show_19'}
2024-09-05 18:51:24,387 : EventManager : Event: ======'slide_mode_6_start_slide_removed'====== Args={}
2024-09-05 18:51:24,388 : EventManager : Event: ======'slide_mode_6_start_slide_text_removed'====== Args={}
2024-09-05 18:51:24,388 : EventManager : Event: ======'slide_mode_slide_active'====== Args={}
2024-09-05 18:51:24,401 : EventManager : Unordered handler for class McConfigPlayer.widgets on event slide_mode_slide_created with priority 0. Handlers: [RegisteredHandler(callback=<bound method McWidgetPlayer._add_widget_to_slide_when_active of McConfigPlayer.widgets>, priority=0, kwargs={'slide_name': 'mode_slide', 'widget': 'hydro_widget', 's': {'slide': 'mode_slide', 'key': 'mode_manager-hydro_widget', 'target': None}, 'play_kwargs': {'restore': False, 'state': 'started', 'selected': False}}, key=UUID('7caef4d4-dc09-447e-a5fd-849563bb8d56'), condition=None, blocking_facility=None), RegisteredHandler(callback=<bound method McWidgetPlayer._add_widget_to_slide_when_active of McConfigPlayer.widgets>, priority=0, kwargs={'slide_name': 'mode_slide', 'widget': 'mode_time_widget', 's': {'slide': 'mode_slide', 'key': 'mode_manager-mode_time_widget', 'target': None}, 'play_kwargs': {}}, key=UUID('e7d21c43-d098-4861-8db7-439994218aad'), condition=None, blocking_facility=None)]. The order of those handlers is not defined and they will be executed in random order. This might lead to race conditions and potential bugs.
2024-09-05 18:51:24,453 : EventManager : Event: ======'player_mode_timer_mode_countdown_delay_tick'====== Args={'value': 1, 'prev_value': 2, 'change': -1, 'player_num': 1}
2024-09-05 18:51:25,435 : EventManager : Event: ======'player_mode_timer_mode_countdown_delay_tick'====== Args={'value': 0, 'prev_value': 1, 'change': -1, 'player_num': 1}
2024-09-05 18:51:26,435 : EventManager : Event: ======'player_mode_timer_mode_countdown_tick'====== Args={'value': 30, 'prev_value': 31, 'change': -1, 'player_num': 1}
2024-09-05 18:51:26,435 : EventManager : Event: ======'player_countdown_bar_progress'====== Args={'value': 29, 'prev_value': 30, 'change': -1, 'player_num': 1}
2024-09-05 18:51:27,435 : EventManager : Event: ======'player_mode_timer_mode_countdown_tick'====== Args={'value': 29, 'prev_value': 30, 'change': -1, 'player_num': 1}
2024-09-05 18:51:27,435 : EventManager : Event: ======'player_countdown_bar_progress'====== Args={'value': 28, 'prev_value': 29, 'change': -1, 'player_num': 1}
2024-09-05 18:51:28,435 : EventManager : Event: ======'player_mode_timer_mode_countdown_tick'====== Args={'value': 28, 'prev_value': 29, 'change': -1, 'player_num': 1}
2024-09-05 18:51:28,435 : EventManager : Event: ======'player_countdown_bar_progress'====== Args={'value': 27, 'prev_value': 28, 'change': -1, 'player_num': 1}
2024-09-05 18:51:29,435 : EventManager : Event: ======'player_mode_timer_mode_countdown_tick'====== Args={'value': 27, 'prev_value': 28, 'change': -1, 'player_num': 1}
2024-09-05 18:51:29,435 : EventManager : Event: ======'player_countdown_bar_progress'====== Args={'value': 26, 'prev_value': 27, 'change': -1, 'player_num': 1}
2024-09-05 18:51:30,451 : EventManager : Event: ======'player_mode_timer_mode_countdown_tick'====== Args={'value': 26, 'prev_value': 27, 'change': -1, 'player_num': 1}
2024-09-05 18:51:30,451 : EventManager : Event: ======'player_countdown_bar_progress'====== Args={'value': 25, 'prev_value': 26, 'change': -1, 'player_num': 1}
2024-09-05 18:51:31,435 : EventManager : Event: ======'player_mode_timer_mode_countdown_tick'====== Args={'value': 25, 'prev_value': 26, 'change': -1, 'player_num': 1}
2024-09-05 18:51:31,435 : EventManager : Event: ======'player_countdown_bar_progress'====== Args={'value': 24, 'prev_value': 25, 'change': -1, 'player_num': 1}
2024-09-05 18:51:32,435 : EventManager : Event: ======'player_mode_timer_mode_countdown_tick'====== Args={'value': 24, 'prev_value': 25, 'change': -1, 'player_num': 1}
2024-09-05 18:51:32,435 : EventManager : Event: ======'player_countdown_bar_progress'====== Args={'value': 23, 'prev_value': 24, 'change': -1, 'player_num': 1}
2024-09-05 18:51:33,452 : EventManager : Event: ======'player_mode_timer_mode_countdown_tick'====== Args={'value': 23, 'prev_value': 24, 'change': -1, 'player_num': 1}
2024-09-05 18:51:33,452 : EventManager : Event: ======'player_countdown_bar_progress'====== Args={'value': 22, 'prev_value': 23, 'change': -1, 'player_num': 1}
2024-09-05 18:51:34,435 : EventManager : Event: ======'player_mode_timer_mode_countdown_tick'====== Args={'value': 22, 'prev_value': 23, 'change': -1, 'player_num': 1}
2024-09-05 18:51:34,435 : EventManager : Event: ======'player_countdown_bar_progress'====== Args={'value': 21, 'prev_value': 22, 'change': -1, 'player_num': 1}
2024-09-05 18:51:34,493 : kivy : WindowSDL: exiting mainloop and closing.
2024-09-05 18:51:34,670 : kivy : Base: Leaving application in progress...
2024-09-05 18:51:34,671 : mpfmc : Stopping...
2024-09-05 18:51:34,671 : EventManager : Event: ======'shutdown'====== Args={}
2024-09-05 18:51:34,671 : mpfmc : Loop rate 59.38 Hz
2024-09-05 18:51:34,671 : kivy : MC run loop ended.
2024-09-05 18:51:34,671 : kivy : Stopping child threads... (3 remaining)
2024-09-05 18:51:35,217 : mpfmc : Stopping...
2024-09-05 18:51:35,217 : EventManager : Event: ======'shutdown'====== Args={}
2024-09-05 18:51:35,218 : mpfmc : Loop rate 58.66 Hz
2024-09-05 18:51:35,423 : MPF-MC BCP Server : Stopping BCP sending thread
2024-09-05 18:51:35,436 : kivy : All child threads stopped.
