2024-09-05 18:46:58,968 : kivy : Factory: 184 symbols loaded
2024-09-05 18:46:59,082 : kivy : ImageLoaderFFPy: Using ffpyplayer 4.3.1
2024-09-05 18:46:59,082 : kivy : Image: Providers: img_tex, img_dds, img_sdl2, img_pil, img_ffpyplayer, img_gif 
2024-09-05 18:46:59,121 : kivy : VideoGstplayer: Using Gstreamer 1.16.0.0
2024-09-05 18:46:59,121 : kivy : Video: Provider: gstplayer
2024-09-05 18:46:59,175 : kivy : Loading MPF-MC controller
2024-09-05 18:46:59,176 : YamlMultifileConfigLoader : Machine config file #1: config
2024-09-05 18:46:59,177 : ConfigProcessor : Config file in cache changed: E:\MPF\wows\wows\config\config
2024-09-05 18:46:59,177 : ConfigProcessor : Loading config from file c:\users\dell\appdata\local\programs\python\python36\lib\site-packages\mpfmc\mcconfig.yaml.
2024-09-05 18:46:59,211 : ConfigProcessor : Loading config: c:\users\dell\appdata\local\programs\python\python36\lib\site-packages\mpfmc\mcconfig.yaml
2024-09-05 18:46:59,212 : ConfigProcessor : Loading config from file E:\MPF\wows\wows\config\config.
2024-09-05 18:46:59,214 : ConfigProcessor : Loading config: E:\MPF\wows\wows\config\config
2024-09-05 18:46:59,224 : ConfigProcessor : Loading config: E:\MPF\wows\wows\config\primary/config_else_virtual.yaml
2024-09-05 18:46:59,298 : ConfigProcessor : Loading config: E:\MPF\wows\wows\config\primary/config_hardware.yaml
2024-09-05 18:46:59,302 : ConfigProcessor : Loading config: E:\MPF\wows\wows\config\primary/config_keys.yaml
2024-09-05 18:46:59,353 : ConfigProcessor : Loading config: E:\MPF\wows\wows\config\primary/config_logic.yaml
2024-09-05 18:46:59,359 : ConfigProcessor : Loading config: E:\MPF\wows\wows\config\primary/config_modes.yaml
2024-09-05 18:46:59,365 : ConfigProcessor : Loading config: E:\MPF\wows\wows\config\primary/config_operator_settings.yaml
2024-09-05 18:46:59,383 : ConfigProcessor : Loading config: E:\MPF\wows\wows\config\primary/config_sound_music.yaml
2024-09-05 18:46:59,441 : ConfigProcessor : Loading config: E:\MPF\wows\wows\config\primary/config_values.yaml
2024-09-05 18:46:59,451 : ConfigProcessor : Loading config: E:\MPF\wows\wows\config\primary/config_virtual_hardware.yaml
2024-09-05 18:46:59,869 : ConfigProcessor : Loading config: E:\MPF\wows\wows\config\support/config_support_mode_end.yaml
2024-09-05 18:46:59,898 : ConfigProcessor : Loading config: E:\MPF\wows\wows\config\support/config_support_hc.yaml
2024-09-05 18:46:59,905 : ConfigProcessor : Loading config: E:\MPF\wows\wows\config\support/config_support_capture.yaml
2024-09-05 18:46:59,921 : ConfigProcessor : Loading config: E:\MPF\wows\wows\config\support/config_support_commander.yaml
2024-09-05 18:46:59,970 : ConfigProcessor : Loading config: E:\MPF\wows\wows\config\support/config_support_dmg_con.yaml
2024-09-05 18:47:00,013 : ConfigProcessor : Loading config: E:\MPF\wows\wows\config\support/config_support_status_report.yaml
2024-09-05 18:47:00,033 : ConfigProcessor : Config file cache created: C:\Users\dell\AppData\Local\Temp\6d82fd4a30091e02690fac5de20c7449.mpf_cache
2024-09-05 18:47:00,034 : ConfigProcessor : Loading config from cache: C:\Users\dell\AppData\Local\Temp\59a64183768b31a5bf2b8a1c5fa05afc.mpf_cache
2024-09-05 18:47:00,034 : ConfigProcessor : Loading config from cache: C:\Users\dell\AppData\Local\Temp\e4aaedaa0a5d6d283bdf8896bd678b71.mpf_cache
2024-09-05 18:47:00,035 : ConfigProcessor : Loading config from cache: C:\Users\dell\AppData\Local\Temp\59a64183768b31a5bf2b8a1c5fa05afc.mpf_cache
2024-09-05 18:47:00,035 : ConfigProcessor : Loading config from cache: C:\Users\dell\AppData\Local\Temp\d05889abdb32f5a85db64ac2e197f4ff.mpf_cache
2024-09-05 18:47:00,036 : ConfigProcessor : Loading config from cache: C:\Users\dell\AppData\Local\Temp\434c2e3a52e1507818428e1c584a9ae0.mpf_cache
2024-09-05 18:47:00,036 : ConfigProcessor : Loading config from cache: C:\Users\dell\AppData\Local\Temp\c96ee90647ae5b034e2dd42c348c42ad.mpf_cache
2024-09-05 18:47:00,037 : ConfigProcessor : Loading config from cache: C:\Users\dell\AppData\Local\Temp\ca0415bb38fd20ce1ae72b2592ece46e.mpf_cache
2024-09-05 18:47:00,037 : ConfigProcessor : Loading config from cache: C:\Users\dell\AppData\Local\Temp\72e9fea1cb562e40024eb5e8538ccaf2.mpf_cache
2024-09-05 18:47:00,038 : ConfigProcessor : Loading config from cache: C:\Users\dell\AppData\Local\Temp\c22c03646c3330fed25ec0d2c1900176.mpf_cache
2024-09-05 18:47:00,038 : ConfigProcessor : Loading config from cache: C:\Users\dell\AppData\Local\Temp\4f40b51a2a6ab6b3327b174347355c6f.mpf_cache
2024-09-05 18:47:00,039 : ConfigProcessor : Loading config from cache: C:\Users\dell\AppData\Local\Temp\39fabcdae38f081491893b3f9bf3922e.mpf_cache
2024-09-05 18:47:00,039 : ConfigProcessor : Loading config from cache: C:\Users\dell\AppData\Local\Temp\f18cd76783971ff471759940af4bc5eb.mpf_cache
2024-09-05 18:47:00,039 : ConfigProcessor : Loading config from cache: C:\Users\dell\AppData\Local\Temp\943ecf72a5798e3efec3d4f70c6ce1d2.mpf_cache
2024-09-05 18:47:00,040 : ConfigProcessor : Loading config from cache: C:\Users\dell\AppData\Local\Temp\04d9c03061fa17a1f6b23081f79db9ab.mpf_cache
2024-09-05 18:47:00,041 : ConfigProcessor : Loading config from cache: C:\Users\dell\AppData\Local\Temp\1ff29be1d22fb14fe5fd1c82a6918df4.mpf_cache
2024-09-05 18:47:00,041 : ConfigProcessor : Loading config from cache: C:\Users\dell\AppData\Local\Temp\f0ffd5ecaddfe34035bf3b1779215a88.mpf_cache
2024-09-05 18:47:00,041 : ConfigProcessor : Loading config from cache: C:\Users\dell\AppData\Local\Temp\b0de444617e3bf30a07f755a6d4831cc.mpf_cache
2024-09-05 18:47:00,042 : ConfigProcessor : Loading config from cache: C:\Users\dell\AppData\Local\Temp\200a9b2dddbe7706ffb4c4426b6d54a8.mpf_cache
2024-09-05 18:47:00,042 : ConfigProcessor : Loading config from cache: C:\Users\dell\AppData\Local\Temp\5ab98d4be1e8de85bea62364890eb2e9.mpf_cache
2024-09-05 18:47:00,042 : ConfigProcessor : Loading config from cache: C:\Users\dell\AppData\Local\Temp\4303dca7489148da2d256fc831cf8c96.mpf_cache
2024-09-05 18:47:00,043 : ConfigProcessor : Loading config from cache: C:\Users\dell\AppData\Local\Temp\e8fceecd8f65a6a7269e98c7961bbf6a.mpf_cache
2024-09-05 18:47:00,043 : ConfigProcessor : Loading config from cache: C:\Users\dell\AppData\Local\Temp\c84d6d08bf6f923cbcccfeeea02d2c8a.mpf_cache
2024-09-05 18:47:00,044 : ConfigProcessor : Loading config from cache: C:\Users\dell\AppData\Local\Temp\159a0b7ffc6de2ed1a8cdcd57b7df3c0.mpf_cache
2024-09-05 18:47:00,044 : ConfigProcessor : Loading config from cache: C:\Users\dell\AppData\Local\Temp\dd71d04ba3f4dce8325f2504de3de352.mpf_cache
2024-09-05 18:47:00,044 : ConfigProcessor : Loading config from cache: C:\Users\dell\AppData\Local\Temp\47da5935da57327449007069e0d0551c.mpf_cache
2024-09-05 18:47:00,045 : ConfigProcessor : Loading config from cache: C:\Users\dell\AppData\Local\Temp\b1234e2c44a33609dc2af4760c4a3f89.mpf_cache
2024-09-05 18:47:00,046 : ConfigProcessor : Loading config from cache: C:\Users\dell\AppData\Local\Temp\7ab9985e2a62b75a325504808417b1e7.mpf_cache
2024-09-05 18:47:00,046 : ConfigProcessor : Loading config from cache: C:\Users\dell\AppData\Local\Temp\466eddfec572894d9eb472ce07aa5fba.mpf_cache
2024-09-05 18:47:00,046 : ConfigProcessor : Loading config from cache: C:\Users\dell\AppData\Local\Temp\93429a2a8e0859f6546b68f40c2a4656.mpf_cache
2024-09-05 18:47:00,047 : ConfigProcessor : Loading config from cache: C:\Users\dell\AppData\Local\Temp\95ae88fb094583fa2b4097c6df179650.mpf_cache
2024-09-05 18:47:00,047 : ConfigProcessor : Loading config from cache: C:\Users\dell\AppData\Local\Temp\de2d3fc178b15ce3807fa4ab35b9c965.mpf_cache
2024-09-05 18:47:00,048 : ConfigProcessor : Loading config from cache: C:\Users\dell\AppData\Local\Temp\0c80ca2179989d09b86c78c19ec87d9b.mpf_cache
2024-09-05 18:47:00,048 : ConfigProcessor : Loading config from cache: C:\Users\dell\AppData\Local\Temp\95e265efe14e4eb05d8d5c5689c9ae6b.mpf_cache
2024-09-05 18:47:00,049 : ConfigProcessor : Loading config from cache: C:\Users\dell\AppData\Local\Temp\ba047bbdc168fca96d58d351c4240916.mpf_cache
2024-09-05 18:47:00,049 : ConfigProcessor : Loading config from cache: C:\Users\dell\AppData\Local\Temp\7c1900736275ba8a713cfe77e991e929.mpf_cache
2024-09-05 18:47:00,049 : ConfigProcessor : Loading config from cache: C:\Users\dell\AppData\Local\Temp\db3d1ab92e5d5c563b40d82372434517.mpf_cache
2024-09-05 18:47:00,050 : ConfigProcessor : Loading config from cache: C:\Users\dell\AppData\Local\Temp\78980531363184480bbd7075661ced33.mpf_cache
2024-09-05 18:47:00,050 : ConfigProcessor : Loading config from cache: C:\Users\dell\AppData\Local\Temp\efcf079e5af2b94e88dae4e07273acc8.mpf_cache
2024-09-05 18:47:00,051 : ConfigProcessor : Loading config from cache: C:\Users\dell\AppData\Local\Temp\44231afd4be159e8c99041e8eb88670e.mpf_cache
2024-09-05 18:47:00,051 : ConfigProcessor : Loading config from cache: C:\Users\dell\AppData\Local\Temp\2b5357265150b67996b1d26df60329cf.mpf_cache
2024-09-05 18:47:00,052 : mpfmc : Mission Pinball Framework Media Controller v0.54.2
2024-09-05 18:47:00,052 : mpfmc : Mission Pinball Framework Game Engine v0.54.6
2024-09-05 18:47:00,052 : mpfmc : Machine path: E:\MPF\wows\wows
2024-09-05 18:47:00,052 : mpfmc : Starting clock at 60.0Hz
2024-09-05 18:47:00,063 : kivy : Text: Provider: sdl2
2024-09-05 18:47:00,096 : kivy : Window: Provider: sdl2
2024-09-05 18:47:00,386 : kivy : GL: Using the "OpenGL" graphics system
2024-09-05 18:47:00,393 : kivy : GL: GLEW initialization succeeded
2024-09-05 18:47:00,393 : kivy : GL: Backend used <glew>
2024-09-05 18:47:00,393 : kivy : GL: OpenGL version <b'4.6.0 NVIDIA 536.23'>
2024-09-05 18:47:00,393 : kivy : GL: OpenGL vendor <b'NVIDIA Corporation'>
2024-09-05 18:47:00,393 : kivy : GL: OpenGL renderer <b'NVIDIA GeForce GTX 1080/PCIe/SSE2'>
2024-09-05 18:47:00,393 : kivy : GL: OpenGL parsed version: 4, 6
2024-09-05 18:47:00,393 : kivy : GL: Shading version <b'4.60 NVIDIA'>
2024-09-05 18:47:00,393 : kivy : GL: Texture max size <32768>
2024-09-05 18:47:00,393 : kivy : GL: Texture max units <32>
2024-09-05 18:47:00,414 : kivy : Window: auto add sdl2 input provider
2024-09-05 18:47:00,415 : kivy : Window: virtual keyboard not allowed, single mode, not docked
2024-09-05 18:47:00,650 : AudioInterface : Initialized
2024-09-05 18:47:00,652 : kivy : Base: Start application main loop
2024-09-05 18:47:00,652 : EventManager : Event: ======'display_dmd_initialized'====== Args={}
2024-09-05 18:47:00,665 : mpfmc : Display: Setting 'dmd' as default display
2024-09-05 18:47:00,669 : kivy : GL: NPOT texture support is available
2024-09-05 18:47:00,677 : EventManager : Event: ======'displays_initialized'====== Args={}
2024-09-05 18:47:00,678 : EventManager : Event: ======'slide_dmd_blank_created'====== Args={}
2024-09-05 18:47:00,678 : EventManager : Event: ======'display_dmd_ready'====== Args={}
2024-09-05 18:47:00,686 : EventManager : Event: ======'init_phase_1'====== Args={}
2024-09-05 18:47:00,717 : EventManager : Event: ======'mc_ready'====== Args={}
2024-09-05 18:47:00,717 : EventManager : Event: ======'init_phase_2'====== Args={}
2024-09-05 18:47:00,816 : EventManager : Event: ======'init_phase_3'====== Args={}
2024-09-05 18:47:00,816 : AssetManager : Registering Asset: A, File: A.png, Default Group: default, Final Config: {'load': 'preload', 'file': 'E:\\MPF\\wows\\wows\\images\\A.png'}
2024-09-05 18:47:00,816 : AssetManager : Registering Asset: aa_1, File: aa_1.gif, Default Group: default, Final Config: {'load': 'preload', 'file': 'E:\\MPF\\wows\\wows\\images\\aa_1.gif'}
2024-09-05 18:47:00,817 : AssetManager : Registering Asset: aa_2, File: aa_2.gif, Default Group: default, Final Config: {'load': 'preload', 'file': 'E:\\MPF\\wows\\wows\\images\\aa_2.gif'}
2024-09-05 18:47:00,817 : AssetManager : Registering Asset: aa_3, File: aa_3.gif, Default Group: default, Final Config: {'load': 'preload', 'file': 'E:\\MPF\\wows\\wows\\images\\aa_3.gif'}
2024-09-05 18:47:00,817 : AssetManager : Registering Asset: aa_4, File: aa_4.gif, Default Group: default, Final Config: {'load': 'preload', 'file': 'E:\\MPF\\wows\\wows\\images\\aa_4.gif'}
2024-09-05 18:47:00,817 : AssetManager : Registering Asset: aircraft_carrier, File: aircraft_carrier.png, Default Group: default, Final Config: {'load': 'preload', 'file': 'E:\\MPF\\wows\\wows\\images\\aircraft_carrier.png'}
2024-09-05 18:47:00,817 : AssetManager : Registering Asset: aircraft_carrier_aa_shell_1, File: aircraft_carrier_aa_shell_1.gif, Default Group: default, Final Config: {'load': 'preload', 'file': 'E:\\MPF\\wows\\wows\\images\\aircraft_carrier_aa_shell_1.gif'}
2024-09-05 18:47:00,817 : AssetManager : Registering Asset: aircraft_carrier_aa_shell_2, File: aircraft_carrier_aa_shell_2.gif, Default Group: default, Final Config: {'load': 'preload', 'file': 'E:\\MPF\\wows\\wows\\images\\aircraft_carrier_aa_shell_2.gif'}
2024-09-05 18:47:00,817 : AssetManager : Registering Asset: aircraft_carrier_aa_shell_3, File: aircraft_carrier_aa_shell_3.gif, Default Group: default, Final Config: {'load': 'preload', 'file': 'E:\\MPF\\wows\\wows\\images\\aircraft_carrier_aa_shell_3.gif'}
2024-09-05 18:47:00,817 : AssetManager : Registering Asset: aircraft_carrier_aa_shell_4, File: aircraft_carrier_aa_shell_4.gif, Default Group: default, Final Config: {'load': 'preload', 'file': 'E:\\MPF\\wows\\wows\\images\\aircraft_carrier_aa_shell_4.gif'}
2024-09-05 18:47:00,817 : AssetManager : Registering Asset: aircraft_carrier_background, File: aircraft_carrier_background.png, Default Group: default, Final Config: {'load': 'preload', 'file': 'E:\\MPF\\wows\\wows\\images\\aircraft_carrier_background.png'}
2024-09-05 18:47:00,817 : AssetManager : Registering Asset: aircraft_carrier_center_down, File: aircraft_carrier_center_down.gif, Default Group: default, Final Config: {'load': 'preload', 'file': 'E:\\MPF\\wows\\wows\\images\\aircraft_carrier_center_down.gif'}
2024-09-05 18:47:00,817 : AssetManager : Registering Asset: aircraft_carrier_center_up, File: aircraft_carrier_center_up.gif, Default Group: default, Final Config: {'load': 'preload', 'file': 'E:\\MPF\\wows\\wows\\images\\aircraft_carrier_center_up.gif'}
2024-09-05 18:47:00,817 : AssetManager : Registering Asset: aircraft_carrier_crash, File: aircraft_carrier_crash.gif, Default Group: default, Final Config: {'load': 'preload', 'file': 'E:\\MPF\\wows\\wows\\images\\aircraft_carrier_crash.gif'}
2024-09-05 18:47:00,818 : AssetManager : Registering Asset: aircraft_carrier_down, File: aircraft_carrier_down.gif, Default Group: default, Final Config: {'load': 'preload', 'file': 'E:\\MPF\\wows\\wows\\images\\aircraft_carrier_down.gif'}
2024-09-05 18:47:00,818 : AssetManager : Registering Asset: aircraft_carrier_explosion, File: aircraft_carrier_explosion.gif, Default Group: default, Final Config: {'load': 'preload', 'file': 'E:\\MPF\\wows\\wows\\images\\aircraft_carrier_explosion.gif'}
2024-09-05 18:47:00,818 : AssetManager : Registering Asset: aircraft_carrier_island_1, File: aircraft_carrier_island_1.png, Default Group: default, Final Config: {'load': 'preload', 'file': 'E:\\MPF\\wows\\wows\\images\\aircraft_carrier_island_1.png'}
2024-09-05 18:47:00,818 : AssetManager : Registering Asset: aircraft_carrier_island_2, File: aircraft_carrier_island_2.png, Default Group: default, Final Config: {'load': 'preload', 'file': 'E:\\MPF\\wows\\wows\\images\\aircraft_carrier_island_2.png'}
2024-09-05 18:47:00,818 : AssetManager : Registering Asset: aircraft_carrier_island_3, File: aircraft_carrier_island_3.png, Default Group: default, Final Config: {'load': 'preload', 'file': 'E:\\MPF\\wows\\wows\\images\\aircraft_carrier_island_3.png'}
2024-09-05 18:47:00,818 : AssetManager : Registering Asset: aircraft_carrier_island_4, File: aircraft_carrier_island_4.png, Default Group: default, Final Config: {'load': 'preload', 'file': 'E:\\MPF\\wows\\wows\\images\\aircraft_carrier_island_4.png'}
2024-09-05 18:47:00,818 : AssetManager : Registering Asset: aircraft_carrier_plane, File: aircraft_carrier_plane.png, Default Group: default, Final Config: {'load': 'preload', 'file': 'E:\\MPF\\wows\\wows\\images\\aircraft_carrier_plane.png'}
2024-09-05 18:47:00,818 : AssetManager : Registering Asset: aircraft_carrier_plane_explosion, File: aircraft_carrier_plane_explosion.gif, Default Group: default, Final Config: {'load': 'preload', 'file': 'E:\\MPF\\wows\\wows\\images\\aircraft_carrier_plane_explosion.gif'}
2024-09-05 18:47:00,818 : AssetManager : Registering Asset: aircraft_carrier_ship, File: aircraft_carrier_ship.png, Default Group: default, Final Config: {'load': 'preload', 'file': 'E:\\MPF\\wows\\wows\\images\\aircraft_carrier_ship.png'}
2024-09-05 18:47:00,818 : AssetManager : Registering Asset: aircraft_carrier_splash, File: aircraft_carrier_splash.gif, Default Group: default, Final Config: {'load': 'preload', 'file': 'E:\\MPF\\wows\\wows\\images\\aircraft_carrier_splash.gif'}
2024-09-05 18:47:00,818 : AssetManager : Registering Asset: aircraft_carrier_torpedo, File: aircraft_carrier_torpedo.gif, Default Group: default, Final Config: {'load': 'preload', 'file': 'E:\\MPF\\wows\\wows\\images\\aircraft_carrier_torpedo.gif'}
2024-09-05 18:47:00,818 : AssetManager : Registering Asset: aircraft_carrier_up, File: aircraft_carrier_up.gif, Default Group: default, Final Config: {'load': 'preload', 'file': 'E:\\MPF\\wows\\wows\\images\\aircraft_carrier_up.gif'}
2024-09-05 18:47:00,818 : AssetManager : Registering Asset: B, File: B.png, Default Group: default, Final Config: {'load': 'preload', 'file': 'E:\\MPF\\wows\\wows\\images\\B.png'}
2024-09-05 18:47:00,818 : AssetManager : Registering Asset: battle_aircraft_carrier, File: battle_aircraft_carrier.png, Default Group: default, Final Config: {'load': 'preload', 'file': 'E:\\MPF\\wows\\wows\\images\\battle_aircraft_carrier.png'}
2024-09-05 18:47:00,818 : AssetManager : Registering Asset: battle_battleship, File: battle_battleship.png, Default Group: default, Final Config: {'load': 'preload', 'file': 'E:\\MPF\\wows\\wows\\images\\battle_battleship.png'}
2024-09-05 18:47:00,818 : AssetManager : Registering Asset: battle_cruiser, File: battle_cruiser.png, Default Group: default, Final Config: {'load': 'preload', 'file': 'E:\\MPF\\wows\\wows\\images\\battle_cruiser.png'}
2024-09-05 18:47:00,819 : AssetManager : Registering Asset: battle_destroyer, File: battle_destroyer.png, Default Group: default, Final Config: {'load': 'preload', 'file': 'E:\\MPF\\wows\\wows\\images\\battle_destroyer.png'}
2024-09-05 18:47:00,819 : AssetManager : Registering Asset: belso_agyu, File: belso_agyu.gif, Default Group: default, Final Config: {'load': 'preload', 'file': 'E:\\MPF\\wows\\wows\\images\\belso_agyu.gif'}
2024-09-05 18:47:00,819 : AssetManager : Registering Asset: belso_agyu_2, File: belso_agyu_2.gif, Default Group: default, Final Config: {'load': 'preload', 'file': 'E:\\MPF\\wows\\wows\\images\\belso_agyu_2.gif'}
2024-09-05 18:47:00,819 : AssetManager : Registering Asset: belso_agyu_marad, File: belso_agyu_marad.png, Default Group: default, Final Config: {'load': 'preload', 'file': 'E:\\MPF\\wows\\wows\\images\\belso_agyu_marad.png'}
2024-09-05 18:47:00,819 : AssetManager : Registering Asset: belso_agyu_marad_2, File: belso_agyu_marad_2.png, Default Group: default, Final Config: {'load': 'preload', 'file': 'E:\\MPF\\wows\\wows\\images\\belso_agyu_marad_2.png'}
2024-09-05 18:47:00,819 : AssetManager : Registering Asset: belso_felepitmeny, File: belso_felepitmeny.gif, Default Group: default, Final Config: {'load': 'preload', 'file': 'E:\\MPF\\wows\\wows\\images\\belso_felepitmeny.gif'}
2024-09-05 18:47:00,819 : AssetManager : Registering Asset: belso_felepitmeny_2, File: belso_felepitmeny_2.gif, Default Group: default, Final Config: {'load': 'preload', 'file': 'E:\\MPF\\wows\\wows\\images\\belso_felepitmeny_2.gif'}
2024-09-05 18:47:00,819 : AssetManager : Registering Asset: belso_hajotest, File: belso_hajotest.png, Default Group: default, Final Config: {'load': 'preload', 'file': 'E:\\MPF\\wows\\wows\\images\\belso_hajotest.png'}
2024-09-05 18:47:00,819 : AssetManager : Registering Asset: belso_izzo, File: belso_izzo.gif, Default Group: default, Final Config: {'load': 'preload', 'file': 'E:\\MPF\\wows\\wows\\images\\belso_izzo.gif'}
2024-09-05 18:47:00,819 : AssetManager : Registering Asset: belso_izzo_2, File: belso_izzo_2.gif, Default Group: default, Final Config: {'load': 'preload', 'file': 'E:\\MPF\\wows\\wows\\images\\belso_izzo_2.gif'}
2024-09-05 18:47:00,819 : AssetManager : Registering Asset: belso_muzzle_flash, File: belso_muzzle_flash.gif, Default Group: default, Final Config: {'load': 'preload', 'file': 'E:\\MPF\\wows\\wows\\images\\belso_muzzle_flash.gif'}
2024-09-05 18:47:00,819 : AssetManager : Registering Asset: C, File: C.png, Default Group: default, Final Config: {'load': 'preload', 'file': 'E:\\MPF\\wows\\wows\\images\\C.png'}
2024-09-05 18:47:00,819 : AssetManager : Registering Asset: captured, File: captured.gif, Default Group: default, Final Config: {'load': 'preload', 'file': 'E:\\MPF\\wows\\wows\\images\\captured.gif'}
2024-09-05 18:47:00,819 : AssetManager : Registering Asset: captured_base, File: captured_base.gif, Default Group: default, Final Config: {'load': 'preload', 'file': 'E:\\MPF\\wows\\wows\\images\\captured_base.gif'}
2024-09-05 18:47:00,819 : AssetManager : Registering Asset: captured_base_still, File: captured_base_still.png, Default Group: default, Final Config: {'load': 'preload', 'file': 'E:\\MPF\\wows\\wows\\images\\captured_base_still.png'}
2024-09-05 18:47:00,820 : AssetManager : Registering Asset: captured_still, File: captured_still.png, Default Group: default, Final Config: {'load': 'preload', 'file': 'E:\\MPF\\wows\\wows\\images\\captured_still.png'}
2024-09-05 18:47:00,820 : AssetManager : Registering Asset: capture_1, File: capture_1.gif, Default Group: default, Final Config: {'load': 'preload', 'file': 'E:\\MPF\\wows\\wows\\images\\capture_1.gif'}
2024-09-05 18:47:00,820 : AssetManager : Registering Asset: capture_2, File: capture_2.gif, Default Group: default, Final Config: {'load': 'preload', 'file': 'E:\\MPF\\wows\\wows\\images\\capture_2.gif'}
2024-09-05 18:47:00,820 : AssetManager : Registering Asset: capture_3, File: capture_3.gif, Default Group: default, Final Config: {'load': 'preload', 'file': 'E:\\MPF\\wows\\wows\\images\\capture_3.gif'}
2024-09-05 18:47:00,820 : AssetManager : Registering Asset: capture_4, File: capture_4.gif, Default Group: default, Final Config: {'load': 'preload', 'file': 'E:\\MPF\\wows\\wows\\images\\capture_4.gif'}
2024-09-05 18:47:00,820 : AssetManager : Registering Asset: capture_5, File: capture_5.gif, Default Group: default, Final Config: {'load': 'preload', 'file': 'E:\\MPF\\wows\\wows\\images\\capture_5.gif'}
2024-09-05 18:47:00,820 : AssetManager : Registering Asset: capture_6, File: capture_6.gif, Default Group: default, Final Config: {'load': 'preload', 'file': 'E:\\MPF\\wows\\wows\\images\\capture_6.gif'}
2024-09-05 18:47:00,820 : AssetManager : Registering Asset: capture_bracket, File: capture_bracket.png, Default Group: default, Final Config: {'load': 'preload', 'file': 'E:\\MPF\\wows\\wows\\images\\capture_bracket.png'}
2024-09-05 18:47:00,820 : AssetManager : Registering Asset: capturing_1_still, File: capturing_1_still.png, Default Group: default, Final Config: {'load': 'preload', 'file': 'E:\\MPF\\wows\\wows\\images\\capturing_1_still.png'}
2024-09-05 18:47:00,820 : AssetManager : Registering Asset: capturing_2_still, File: capturing_2_still.png, Default Group: default, Final Config: {'load': 'preload', 'file': 'E:\\MPF\\wows\\wows\\images\\capturing_2_still.png'}
2024-09-05 18:47:00,820 : AssetManager : Registering Asset: capturing_3_still, File: capturing_3_still.png, Default Group: default, Final Config: {'load': 'preload', 'file': 'E:\\MPF\\wows\\wows\\images\\capturing_3_still.png'}
2024-09-05 18:47:00,820 : AssetManager : Registering Asset: capturing_4_still, File: capturing_4_still.png, Default Group: default, Final Config: {'load': 'preload', 'file': 'E:\\MPF\\wows\\wows\\images\\capturing_4_still.png'}
2024-09-05 18:47:00,820 : AssetManager : Registering Asset: capturing_5_still, File: capturing_5_still.png, Default Group: default, Final Config: {'load': 'preload', 'file': 'E:\\MPF\\wows\\wows\\images\\capturing_5_still.png'}
2024-09-05 18:47:00,820 : AssetManager : Registering Asset: capturing_6_still, File: capturing_6_still.png, Default Group: default, Final Config: {'load': 'preload', 'file': 'E:\\MPF\\wows\\wows\\images\\capturing_6_still.png'}
2024-09-05 18:47:00,820 : AssetManager : Registering Asset: capturing_base_1_still, File: capturing_base_1_still.png, Default Group: default, Final Config: {'load': 'preload', 'file': 'E:\\MPF\\wows\\wows\\images\\capturing_base_1_still.png'}
2024-09-05 18:47:00,821 : AssetManager : Registering Asset: capturing_base_2_still, File: capturing_base_2_still.png, Default Group: default, Final Config: {'load': 'preload', 'file': 'E:\\MPF\\wows\\wows\\images\\capturing_base_2_still.png'}
2024-09-05 18:47:00,821 : AssetManager : Registering Asset: capturing_base_3_still, File: capturing_base_3_still.png, Default Group: default, Final Config: {'load': 'preload', 'file': 'E:\\MPF\\wows\\wows\\images\\capturing_base_3_still.png'}
2024-09-05 18:47:00,821 : AssetManager : Registering Asset: capturing_base_4_still, File: capturing_base_4_still.png, Default Group: default, Final Config: {'load': 'preload', 'file': 'E:\\MPF\\wows\\wows\\images\\capturing_base_4_still.png'}
2024-09-05 18:47:00,821 : AssetManager : Registering Asset: capturing_base_5_still, File: capturing_base_5_still.png, Default Group: default, Final Config: {'load': 'preload', 'file': 'E:\\MPF\\wows\\wows\\images\\capturing_base_5_still.png'}
2024-09-05 18:47:00,821 : AssetManager : Registering Asset: capturing_base_6_still, File: capturing_base_6_still.png, Default Group: default, Final Config: {'load': 'preload', 'file': 'E:\\MPF\\wows\\wows\\images\\capturing_base_6_still.png'}
2024-09-05 18:47:00,821 : AssetManager : Registering Asset: ca_blue, File: ca_blue.png, Default Group: default, Final Config: {'load': 'preload', 'file': 'E:\\MPF\\wows\\wows\\images\\ca_blue.png'}
2024-09-05 18:47:00,821 : AssetManager : Registering Asset: ca_green, File: ca_green.png, Default Group: default, Final Config: {'load': 'preload', 'file': 'E:\\MPF\\wows\\wows\\images\\ca_green.png'}
2024-09-05 18:47:00,821 : AssetManager : Registering Asset: ca_red, File: ca_red.png, Default Group: default, Final Config: {'load': 'preload', 'file': 'E:\\MPF\\wows\\wows\\images\\ca_red.png'}
2024-09-05 18:47:00,821 : AssetManager : Registering Asset: ca_yellow, File: ca_yellow.png, Default Group: default, Final Config: {'load': 'preload', 'file': 'E:\\MPF\\wows\\wows\\images\\ca_yellow.png'}
2024-09-05 18:47:00,821 : AssetManager : Registering Asset: cm_1_1, File: cm_1_1.png, Default Group: default, Final Config: {'load': 'preload', 'file': 'E:\\MPF\\wows\\wows\\images\\cm_1_1.png'}
2024-09-05 18:47:00,821 : AssetManager : Registering Asset: cm_1_2, File: cm_1_2.png, Default Group: default, Final Config: {'load': 'preload', 'file': 'E:\\MPF\\wows\\wows\\images\\cm_1_2.png'}
2024-09-05 18:47:00,821 : AssetManager : Registering Asset: cm_1_3, File: cm_1_3.png, Default Group: default, Final Config: {'load': 'preload', 'file': 'E:\\MPF\\wows\\wows\\images\\cm_1_3.png'}
2024-09-05 18:47:00,821 : AssetManager : Registering Asset: cm_1_4, File: cm_1_4.png, Default Group: default, Final Config: {'load': 'preload', 'file': 'E:\\MPF\\wows\\wows\\images\\cm_1_4.png'}
2024-09-05 18:47:00,821 : AssetManager : Registering Asset: cm_2_1, File: cm_2_1.png, Default Group: default, Final Config: {'load': 'preload', 'file': 'E:\\MPF\\wows\\wows\\images\\cm_2_1.png'}
2024-09-05 18:47:00,821 : AssetManager : Registering Asset: cm_2_2, File: cm_2_2.png, Default Group: default, Final Config: {'load': 'preload', 'file': 'E:\\MPF\\wows\\wows\\images\\cm_2_2.png'}
2024-09-05 18:47:00,822 : AssetManager : Registering Asset: cm_2_3, File: cm_2_3.png, Default Group: default, Final Config: {'load': 'preload', 'file': 'E:\\MPF\\wows\\wows\\images\\cm_2_3.png'}
2024-09-05 18:47:00,822 : AssetManager : Registering Asset: cm_2_4, File: cm_2_4.png, Default Group: default, Final Config: {'load': 'preload', 'file': 'E:\\MPF\\wows\\wows\\images\\cm_2_4.png'}
2024-09-05 18:47:00,822 : AssetManager : Registering Asset: cm_3_1, File: cm_3_1.png, Default Group: default, Final Config: {'load': 'preload', 'file': 'E:\\MPF\\wows\\wows\\images\\cm_3_1.png'}
2024-09-05 18:47:00,822 : AssetManager : Registering Asset: cm_3_2, File: cm_3_2.png, Default Group: default, Final Config: {'load': 'preload', 'file': 'E:\\MPF\\wows\\wows\\images\\cm_3_2.png'}
2024-09-05 18:47:00,822 : AssetManager : Registering Asset: cm_3_3, File: cm_3_3.png, Default Group: default, Final Config: {'load': 'preload', 'file': 'E:\\MPF\\wows\\wows\\images\\cm_3_3.png'}
2024-09-05 18:47:00,822 : AssetManager : Registering Asset: cm_3_4, File: cm_3_4.png, Default Group: default, Final Config: {'load': 'preload', 'file': 'E:\\MPF\\wows\\wows\\images\\cm_3_4.png'}
2024-09-05 18:47:00,822 : AssetManager : Registering Asset: cm_4_1, File: cm_4_1.png, Default Group: default, Final Config: {'load': 'preload', 'file': 'E:\\MPF\\wows\\wows\\images\\cm_4_1.png'}
2024-09-05 18:47:00,822 : AssetManager : Registering Asset: cm_4_2, File: cm_4_2.png, Default Group: default, Final Config: {'load': 'preload', 'file': 'E:\\MPF\\wows\\wows\\images\\cm_4_2.png'}
2024-09-05 18:47:00,822 : AssetManager : Registering Asset: cm_4_3, File: cm_4_3.png, Default Group: default, Final Config: {'load': 'preload', 'file': 'E:\\MPF\\wows\\wows\\images\\cm_4_3.png'}
2024-09-05 18:47:00,822 : AssetManager : Registering Asset: cm_4_4, File: cm_4_4.png, Default Group: default, Final Config: {'load': 'preload', 'file': 'E:\\MPF\\wows\\wows\\images\\cm_4_4.png'}
2024-09-05 18:47:00,822 : AssetManager : Registering Asset: commanders, File: commanders.png, Default Group: default, Final Config: {'load': 'preload', 'file': 'E:\\MPF\\wows\\wows\\images\\commanders.png'}
2024-09-05 18:47:00,823 : AssetManager : Registering Asset: commanders_2, File: commanders_2.png, Default Group: default, Final Config: {'load': 'preload', 'file': 'E:\\MPF\\wows\\wows\\images\\commanders_2.png'}
2024-09-05 18:47:00,823 : AssetManager : Registering Asset: commander_skill_1, File: commander_skill_1.png, Default Group: default, Final Config: {'load': 'preload', 'file': 'E:\\MPF\\wows\\wows\\images\\commander_skill_1.png'}
2024-09-05 18:47:00,823 : AssetManager : Registering Asset: commander_skill_2, File: commander_skill_2.png, Default Group: default, Final Config: {'load': 'preload', 'file': 'E:\\MPF\\wows\\wows\\images\\commander_skill_2.png'}
2024-09-05 18:47:00,823 : AssetManager : Registering Asset: commander_skill_3, File: commander_skill_3.png, Default Group: default, Final Config: {'load': 'preload', 'file': 'E:\\MPF\\wows\\wows\\images\\commander_skill_3.png'}
2024-09-05 18:47:00,823 : AssetManager : Registering Asset: commander_skill_4, File: commander_skill_4.png, Default Group: default, Final Config: {'load': 'preload', 'file': 'E:\\MPF\\wows\\wows\\images\\commander_skill_4.png'}
2024-09-05 18:47:00,823 : AssetManager : Registering Asset: conqueror, File: conqueror.png, Default Group: default, Final Config: {'load': 'preload', 'file': 'E:\\MPF\\wows\\wows\\images\\conqueror.png'}
2024-09-05 18:47:00,823 : AssetManager : Registering Asset: consumable_bomb_background, File: consumable_bomb_background.png, Default Group: default, Final Config: {'load': 'preload', 'file': 'E:\\MPF\\wows\\wows\\images\\consumable_bomb_background.png'}
2024-09-05 18:47:00,823 : AssetManager : Registering Asset: consumable_bomb_container, File: consumable_bomb_container.png, Default Group: default, Final Config: {'load': 'preload', 'file': 'E:\\MPF\\wows\\wows\\images\\consumable_bomb_container.png'}
2024-09-05 18:47:00,823 : AssetManager : Registering Asset: consumable_bomb_mover, File: consumable_bomb_mover.png, Default Group: default, Final Config: {'load': 'preload', 'file': 'E:\\MPF\\wows\\wows\\images\\consumable_bomb_mover.png'}
2024-09-05 18:47:00,823 : AssetManager : Registering Asset: cons_1_1, File: cons_1_1.gif, Default Group: default, Final Config: {'load': 'preload', 'file': 'E:\\MPF\\wows\\wows\\images\\cons_1_1.gif'}
2024-09-05 18:47:00,823 : AssetManager : Registering Asset: cons_1_1_background, File: cons_1_1_background.png, Default Group: default, Final Config: {'load': 'preload', 'file': 'E:\\MPF\\wows\\wows\\images\\cons_1_1_background.png'}
2024-09-05 18:47:00,823 : AssetManager : Registering Asset: cons_1_2, File: cons_1_2.gif, Default Group: default, Final Config: {'load': 'preload', 'file': 'E:\\MPF\\wows\\wows\\images\\cons_1_2.gif'}
2024-09-05 18:47:00,824 : AssetManager : Registering Asset: cons_1_3, File: cons_1_3.gif, Default Group: default, Final Config: {'load': 'preload', 'file': 'E:\\MPF\\wows\\wows\\images\\cons_1_3.gif'}
2024-09-05 18:47:00,824 : AssetManager : Registering Asset: cons_1_4, File: cons_1_4.gif, Default Group: default, Final Config: {'load': 'preload', 'file': 'E:\\MPF\\wows\\wows\\images\\cons_1_4.gif'}
2024-09-05 18:47:00,824 : AssetManager : Registering Asset: cons_1_background, File: cons_1_background.png, Default Group: default, Final Config: {'load': 'preload', 'file': 'E:\\MPF\\wows\\wows\\images\\cons_1_background.png'}
2024-09-05 18:47:00,824 : AssetManager : Registering Asset: cons_1_test, File: cons_1_test.png, Default Group: default, Final Config: {'load': 'preload', 'file': 'E:\\MPF\\wows\\wows\\images\\cons_1_test.png'}
2024-09-05 18:47:00,824 : AssetManager : Registering Asset: cons_3, File: cons_3.gif, Default Group: default, Final Config: {'load': 'preload', 'file': 'E:\\MPF\\wows\\wows\\images\\cons_3.gif'}
2024-09-05 18:47:00,824 : AssetManager : Registering Asset: cons_7, File: cons_7.png, Default Group: default, Final Config: {'load': 'preload', 'file': 'E:\\MPF\\wows\\wows\\images\\cons_7.png'}
2024-09-05 18:47:00,824 : AssetManager : Registering Asset: cons_7_background, File: cons_7_background.png, Default Group: default, Final Config: {'load': 'preload', 'file': 'E:\\MPF\\wows\\wows\\images\\cons_7_background.png'}
2024-09-05 18:47:00,824 : AssetManager : Registering Asset: cons_7_end, File: cons_7_end.gif, Default Group: default, Final Config: {'load': 'preload', 'file': 'E:\\MPF\\wows\\wows\\images\\cons_7_end.gif'}
2024-09-05 18:47:00,824 : AssetManager : Registering Asset: cons_7_foreground, File: cons_7_foreground.png, Default Group: default, Final Config: {'load': 'preload', 'file': 'E:\\MPF\\wows\\wows\\images\\cons_7_foreground.png'}
2024-09-05 18:47:00,824 : AssetManager : Registering Asset: cons_7_torp, File: cons_7_torp.png, Default Group: default, Final Config: {'load': 'preload', 'file': 'E:\\MPF\\wows\\wows\\images\\cons_7_torp.png'}
2024-09-05 18:47:00,824 : AssetManager : Registering Asset: cons_wizard_background, File: cons_wizard_background.png, Default Group: default, Final Config: {'load': 'preload', 'file': 'E:\\MPF\\wows\\wows\\images\\cons_wizard_background.png'}
2024-09-05 18:47:00,824 : AssetManager : Registering Asset: container_ball, File: container_ball.gif, Default Group: default, Final Config: {'load': 'preload', 'file': 'E:\\MPF\\wows\\wows\\images\\container_ball.gif'}
2024-09-05 18:47:00,824 : AssetManager : Registering Asset: container_ball_text, File: container_ball_text.jpg, Default Group: default, Final Config: {'load': 'preload', 'file': 'E:\\MPF\\wows\\wows\\images\\container_ball_text.jpg'}
2024-09-05 18:47:00,824 : AssetManager : Registering Asset: container_dmg, File: container_dmg.gif, Default Group: default, Final Config: {'load': 'preload', 'file': 'E:\\MPF\\wows\\wows\\images\\container_dmg.gif'}
2024-09-05 18:47:00,824 : AssetManager : Registering Asset: container_dmg_text, File: container_dmg_text.jpg, Default Group: default, Final Config: {'load': 'preload', 'file': 'E:\\MPF\\wows\\wows\\images\\container_dmg_text.jpg'}
2024-09-05 18:47:00,825 : AssetManager : Registering Asset: container_jet, File: container_jet.gif, Default Group: default, Final Config: {'load': 'preload', 'file': 'E:\\MPF\\wows\\wows\\images\\container_jet.gif'}
2024-09-05 18:47:00,825 : AssetManager : Registering Asset: container_jet_text, File: container_jet_text.jpg, Default Group: default, Final Config: {'load': 'preload', 'file': 'E:\\MPF\\wows\\wows\\images\\container_jet_text.jpg'}
2024-09-05 18:47:00,825 : AssetManager : Registering Asset: container_time, File: container_time.gif, Default Group: default, Final Config: {'load': 'preload', 'file': 'E:\\MPF\\wows\\wows\\images\\container_time.gif'}
2024-09-05 18:47:00,825 : AssetManager : Registering Asset: container_time_text, File: container_time_text.jpg, Default Group: default, Final Config: {'load': 'preload', 'file': 'E:\\MPF\\wows\\wows\\images\\container_time_text.jpg'}
2024-09-05 18:47:00,825 : AssetManager : Registering Asset: container_x, File: container_x.gif, Default Group: default, Final Config: {'load': 'preload', 'file': 'E:\\MPF\\wows\\wows\\images\\container_x.gif'}
2024-09-05 18:47:00,825 : AssetManager : Registering Asset: container_xp, File: container_xp.gif, Default Group: default, Final Config: {'load': 'preload', 'file': 'E:\\MPF\\wows\\wows\\images\\container_xp.gif'}
2024-09-05 18:47:00,825 : AssetManager : Registering Asset: container_xp_text, File: container_xp_text.jpg, Default Group: default, Final Config: {'load': 'preload', 'file': 'E:\\MPF\\wows\\wows\\images\\container_xp_text.jpg'}
2024-09-05 18:47:00,825 : AssetManager : Registering Asset: container_x_text, File: container_x_text.jpg, Default Group: default, Final Config: {'load': 'preload', 'file': 'E:\\MPF\\wows\\wows\\images\\container_x_text.jpg'}
2024-09-05 18:47:00,825 : AssetManager : Registering Asset: c_black, File: c_black.png, Default Group: default, Final Config: {'load': 'preload', 'file': 'E:\\MPF\\wows\\wows\\images\\c_black.png'}
2024-09-05 18:47:00,825 : AssetManager : Registering Asset: c_blue, File: c_blue.png, Default Group: default, Final Config: {'load': 'preload', 'file': 'E:\\MPF\\wows\\wows\\images\\c_blue.png'}
2024-09-05 18:47:00,825 : AssetManager : Registering Asset: c_green, File: c_green.png, Default Group: default, Final Config: {'load': 'preload', 'file': 'E:\\MPF\\wows\\wows\\images\\c_green.png'}
2024-09-05 18:47:00,825 : AssetManager : Registering Asset: C_Prog100, File: C_Prog100.jpg, Default Group: default, Final Config: {'load': 'preload', 'file': 'E:\\MPF\\wows\\wows\\images\\C_Prog100.jpg'}
2024-09-05 18:47:00,826 : AssetManager : Registering Asset: c_red, File: c_red.png, Default Group: default, Final Config: {'load': 'preload', 'file': 'E:\\MPF\\wows\\wows\\images\\c_red.png'}
2024-09-05 18:47:00,826 : AssetManager : Registering Asset: c_white, File: c_white.png, Default Group: default, Final Config: {'load': 'preload', 'file': 'E:\\MPF\\wows\\wows\\images\\c_white.png'}
2024-09-05 18:47:00,826 : AssetManager : Registering Asset: c_yellow, File: c_yellow.png, Default Group: default, Final Config: {'load': 'preload', 'file': 'E:\\MPF\\wows\\wows\\images\\c_yellow.png'}
2024-09-05 18:47:00,826 : AssetManager : Registering Asset: D, File: D.png, Default Group: default, Final Config: {'load': 'preload', 'file': 'E:\\MPF\\wows\\wows\\images\\D.png'}
2024-09-05 18:47:00,826 : AssetManager : Registering Asset: daring, File: daring.png, Default Group: default, Final Config: {'load': 'preload', 'file': 'E:\\MPF\\wows\\wows\\images\\daring.png'}
2024-09-05 18:47:00,826 : AssetManager : Registering Asset: def_aa_icon, File: def_aa_icon.png, Default Group: default, Final Config: {'load': 'preload', 'file': 'E:\\MPF\\wows\\wows\\images\\def_aa_icon.png'}
2024-09-05 18:47:00,826 : AssetManager : Registering Asset: des moines, File: des moines.png, Default Group: default, Final Config: {'load': 'preload', 'file': 'E:\\MPF\\wows\\wows\\images\\des moines.png'}
2024-09-05 18:47:00,826 : AssetManager : Registering Asset: dmg_con_party_icon, File: dmg_con_party_icon.png, Default Group: default, Final Config: {'load': 'preload', 'file': 'E:\\MPF\\wows\\wows\\images\\dmg_con_party_icon.png'}
2024-09-05 18:47:00,826 : AssetManager : Registering Asset: DOUBLE JACKPOT, File: DOUBLE JACKPOT.png, Default Group: default, Final Config: {'load': 'preload', 'file': 'E:\\MPF\\wows\\wows\\images\\DOUBLE JACKPOT.png'}
2024-09-05 18:47:00,826 : AssetManager : Registering Asset: E, File: E.png, Default Group: default, Final Config: {'load': 'preload', 'file': 'E:\\MPF\\wows\\wows\\images\\E.png'}
2024-09-05 18:47:00,826 : AssetManager : Registering Asset: engine_icon, File: engine_icon.png, Default Group: default, Final Config: {'load': 'preload', 'file': 'E:\\MPF\\wows\\wows\\images\\engine_icon.png'}
2024-09-05 18:47:00,827 : AssetManager : Registering Asset: explosion, File: explosion.gif, Default Group: default, Final Config: {'load': 'preload', 'file': 'E:\\MPF\\wows\\wows\\images\\explosion.gif'}
2024-09-05 18:47:00,827 : AssetManager : Registering Asset: explosion_2, File: explosion_2.gif, Default Group: default, Final Config: {'load': 'preload', 'file': 'E:\\MPF\\wows\\wows\\images\\explosion_2.gif'}
2024-09-05 18:47:00,827 : AssetManager : Registering Asset: fighter_icon, File: fighter_icon.png, Default Group: default, Final Config: {'load': 'preload', 'file': 'E:\\MPF\\wows\\wows\\images\\fighter_icon.png'}
2024-09-05 18:47:00,827 : AssetManager : Registering Asset: fire, File: fire.gif, Default Group: default, Final Config: {'load': 'preload', 'file': 'E:\\MPF\\wows\\wows\\images\\fire.gif'}
2024-09-05 18:47:00,827 : AssetManager : Registering Asset: fire_2, File: fire_2.gif, Default Group: default, Final Config: {'load': 'preload', 'file': 'E:\\MPF\\wows\\wows\\images\\fire_2.gif'}
2024-09-05 18:47:00,827 : AssetManager : Registering Asset: fire_start, File: fire_start.gif, Default Group: default, Final Config: {'load': 'preload', 'file': 'E:\\MPF\\wows\\wows\\images\\fire_start.gif'}
2024-09-05 18:47:00,827 : AssetManager : Registering Asset: fire_start_2, File: fire_start_2.gif, Default Group: default, Final Config: {'load': 'preload', 'file': 'E:\\MPF\\wows\\wows\\images\\fire_start_2.gif'}
2024-09-05 18:47:00,827 : AssetManager : Registering Asset: flag, File: flag.png, Default Group: default, Final Config: {'load': 'preload', 'file': 'E:\\MPF\\wows\\wows\\images\\flag.png'}
2024-09-05 18:47:00,827 : AssetManager : Registering Asset: flood, File: flood.png, Default Group: default, Final Config: {'load': 'preload', 'file': 'E:\\MPF\\wows\\wows\\images\\flood.png'}
2024-09-05 18:47:00,827 : AssetManager : Registering Asset: frozen, File: frozen.png, Default Group: default, Final Config: {'load': 'preload', 'file': 'E:\\MPF\\wows\\wows\\images\\frozen.png'}
2024-09-05 18:47:00,827 : AssetManager : Registering Asset: frozen_0, File: frozen_0.png, Default Group: default, Final Config: {'load': 'preload', 'file': 'E:\\MPF\\wows\\wows\\images\\frozen_0.png'}
2024-09-05 18:47:00,827 : AssetManager : Registering Asset: frozen_1, File: frozen_1.png, Default Group: default, Final Config: {'load': 'preload', 'file': 'E:\\MPF\\wows\\wows\\images\\frozen_1.png'}
2024-09-05 18:47:00,827 : AssetManager : Registering Asset: frozen_10, File: frozen_10.png, Default Group: default, Final Config: {'load': 'preload', 'file': 'E:\\MPF\\wows\\wows\\images\\frozen_10.png'}
2024-09-05 18:47:00,827 : AssetManager : Registering Asset: frozen_11, File: frozen_11.png, Default Group: default, Final Config: {'load': 'preload', 'file': 'E:\\MPF\\wows\\wows\\images\\frozen_11.png'}
2024-09-05 18:47:00,828 : AssetManager : Registering Asset: frozen_12, File: frozen_12.png, Default Group: default, Final Config: {'load': 'preload', 'file': 'E:\\MPF\\wows\\wows\\images\\frozen_12.png'}
2024-09-05 18:47:00,828 : AssetManager : Registering Asset: frozen_13, File: frozen_13.png, Default Group: default, Final Config: {'load': 'preload', 'file': 'E:\\MPF\\wows\\wows\\images\\frozen_13.png'}
2024-09-05 18:47:00,828 : AssetManager : Registering Asset: frozen_14, File: frozen_14.png, Default Group: default, Final Config: {'load': 'preload', 'file': 'E:\\MPF\\wows\\wows\\images\\frozen_14.png'}
2024-09-05 18:47:00,828 : AssetManager : Registering Asset: frozen_15, File: frozen_15.png, Default Group: default, Final Config: {'load': 'preload', 'file': 'E:\\MPF\\wows\\wows\\images\\frozen_15.png'}
2024-09-05 18:47:00,828 : AssetManager : Registering Asset: frozen_2, File: frozen_2.png, Default Group: default, Final Config: {'load': 'preload', 'file': 'E:\\MPF\\wows\\wows\\images\\frozen_2.png'}
2024-09-05 18:47:00,828 : AssetManager : Registering Asset: frozen_3, File: frozen_3.png, Default Group: default, Final Config: {'load': 'preload', 'file': 'E:\\MPF\\wows\\wows\\images\\frozen_3.png'}
2024-09-05 18:47:00,828 : AssetManager : Registering Asset: frozen_4, File: frozen_4.png, Default Group: default, Final Config: {'load': 'preload', 'file': 'E:\\MPF\\wows\\wows\\images\\frozen_4.png'}
2024-09-05 18:47:00,828 : AssetManager : Registering Asset: frozen_5, File: frozen_5.png, Default Group: default, Final Config: {'load': 'preload', 'file': 'E:\\MPF\\wows\\wows\\images\\frozen_5.png'}
2024-09-05 18:47:00,828 : AssetManager : Registering Asset: frozen_6, File: frozen_6.png, Default Group: default, Final Config: {'load': 'preload', 'file': 'E:\\MPF\\wows\\wows\\images\\frozen_6.png'}
2024-09-05 18:47:00,829 : AssetManager : Registering Asset: frozen_7, File: frozen_7.png, Default Group: default, Final Config: {'load': 'preload', 'file': 'E:\\MPF\\wows\\wows\\images\\frozen_7.png'}
2024-09-05 18:47:00,829 : AssetManager : Registering Asset: frozen_8, File: frozen_8.png, Default Group: default, Final Config: {'load': 'preload', 'file': 'E:\\MPF\\wows\\wows\\images\\frozen_8.png'}
2024-09-05 18:47:00,829 : AssetManager : Registering Asset: frozen_9, File: frozen_9.png, Default Group: default, Final Config: {'load': 'preload', 'file': 'E:\\MPF\\wows\\wows\\images\\frozen_9.png'}
2024-09-05 18:47:00,829 : AssetManager : Registering Asset: grosser kurfurst, File: grosser kurfurst.png, Default Group: default, Final Config: {'load': 'preload', 'file': 'E:\\MPF\\wows\\wows\\images\\grosser kurfurst.png'}
2024-09-05 18:47:00,829 : AssetManager : Registering Asset: gun_face, File: gun_face.png, Default Group: default, Final Config: {'load': 'preload', 'file': 'E:\\MPF\\wows\\wows\\images\\gun_face.png'}
2024-09-05 18:47:00,829 : AssetManager : Registering Asset: gun_side_1, File: gun_side_1.png, Default Group: default, Final Config: {'load': 'preload', 'file': 'E:\\MPF\\wows\\wows\\images\\gun_side_1.png'}
2024-09-05 18:47:00,829 : AssetManager : Registering Asset: gun_side_2, File: gun_side_2.png, Default Group: default, Final Config: {'load': 'preload', 'file': 'E:\\MPF\\wows\\wows\\images\\gun_side_2.png'}
2024-09-05 18:47:00,829 : AssetManager : Registering Asset: haragumo, File: haragumo.png, Default Group: default, Final Config: {'load': 'preload', 'file': 'E:\\MPF\\wows\\wows\\images\\haragumo.png'}
2024-09-05 18:47:00,829 : AssetManager : Registering Asset: hc_1, File: hc_1.png, Default Group: default, Final Config: {'load': 'preload', 'file': 'E:\\MPF\\wows\\wows\\images\\hc_1.png'}
2024-09-05 18:47:00,829 : AssetManager : Registering Asset: hc_2, File: hc_2.png, Default Group: default, Final Config: {'load': 'preload', 'file': 'E:\\MPF\\wows\\wows\\images\\hc_2.png'}
2024-09-05 18:47:00,829 : AssetManager : Registering Asset: hc_3, File: hc_3.png, Default Group: default, Final Config: {'load': 'preload', 'file': 'E:\\MPF\\wows\\wows\\images\\hc_3.png'}
2024-09-05 18:47:00,829 : AssetManager : Registering Asset: hc_4, File: hc_4.png, Default Group: default, Final Config: {'load': 'preload', 'file': 'E:\\MPF\\wows\\wows\\images\\hc_4.png'}
2024-09-05 18:47:00,829 : AssetManager : Registering Asset: hc_5, File: hc_5.png, Default Group: default, Final Config: {'load': 'preload', 'file': 'E:\\MPF\\wows\\wows\\images\\hc_5.png'}
2024-09-05 18:47:00,830 : AssetManager : Registering Asset: hc_6, File: hc_6.png, Default Group: default, Final Config: {'load': 'preload', 'file': 'E:\\MPF\\wows\\wows\\images\\hc_6.png'}
2024-09-05 18:47:00,830 : AssetManager : Registering Asset: hc_background, File: hc_background.jpg, Default Group: default, Final Config: {'load': 'preload', 'file': 'E:\\MPF\\wows\\wows\\images\\hc_background.jpg'}
2024-09-05 18:47:00,830 : AssetManager : Registering Asset: hc_start, File: hc_start.gif, Default Group: default, Final Config: {'load': 'preload', 'file': 'E:\\MPF\\wows\\wows\\images\\hc_start.gif'}
2024-09-05 18:47:00,830 : AssetManager : Registering Asset: hc_start_end, File: hc_start_end.jpg, Default Group: default, Final Config: {'load': 'preload', 'file': 'E:\\MPF\\wows\\wows\\images\\hc_start_end.jpg'}
2024-09-05 18:47:00,830 : AssetManager : Registering Asset: hc_super_background, File: hc_super_background.png, Default Group: default, Final Config: {'load': 'preload', 'file': 'E:\\MPF\\wows\\wows\\images\\hc_super_background.png'}
2024-09-05 18:47:00,830 : AssetManager : Registering Asset: hc_super_gun_1, File: hc_super_gun_1.gif, Default Group: default, Final Config: {'load': 'preload', 'file': 'E:\\MPF\\wows\\wows\\images\\hc_super_gun_1.gif'}
2024-09-05 18:47:00,830 : AssetManager : Registering Asset: hc_super_gun_1_2, File: hc_super_gun_1_2.gif, Default Group: default, Final Config: {'load': 'preload', 'file': 'E:\\MPF\\wows\\wows\\images\\hc_super_gun_1_2.gif'}
2024-09-05 18:47:00,830 : AssetManager : Registering Asset: hc_super_gun_2, File: hc_super_gun_2.gif, Default Group: default, Final Config: {'load': 'preload', 'file': 'E:\\MPF\\wows\\wows\\images\\hc_super_gun_2.gif'}
2024-09-05 18:47:00,830 : AssetManager : Registering Asset: hydro_icon, File: hydro_icon.png, Default Group: default, Final Config: {'load': 'preload', 'file': 'E:\\MPF\\wows\\wows\\images\\hydro_icon.png'}
2024-09-05 18:47:00,830 : AssetManager : Registering Asset: JACKPOT, File: JACKPOT.png, Default Group: default, Final Config: {'load': 'preload', 'file': 'E:\\MPF\\wows\\wows\\images\\JACKPOT.png'}
2024-09-05 18:47:00,830 : AssetManager : Registering Asset: kozep_agyu, File: kozep_agyu.gif, Default Group: default, Final Config: {'load': 'preload', 'file': 'E:\\MPF\\wows\\wows\\images\\kozep_agyu.gif'}
2024-09-05 18:47:00,830 : AssetManager : Registering Asset: kozep_agyu_2, File: kozep_agyu_2.gif, Default Group: default, Final Config: {'load': 'preload', 'file': 'E:\\MPF\\wows\\wows\\images\\kozep_agyu_2.gif'}
2024-09-05 18:47:00,831 : AssetManager : Registering Asset: kozep_agyu_marad, File: kozep_agyu_marad.png, Default Group: default, Final Config: {'load': 'preload', 'file': 'E:\\MPF\\wows\\wows\\images\\kozep_agyu_marad.png'}
2024-09-05 18:47:00,831 : AssetManager : Registering Asset: kozep_agyu_marad_2, File: kozep_agyu_marad_2.png, Default Group: default, Final Config: {'load': 'preload', 'file': 'E:\\MPF\\wows\\wows\\images\\kozep_agyu_marad_2.png'}
2024-09-05 18:47:00,831 : AssetManager : Registering Asset: kozep_felepitmeny, File: kozep_felepitmeny.gif, Default Group: default, Final Config: {'load': 'preload', 'file': 'E:\\MPF\\wows\\wows\\images\\kozep_felepitmeny.gif'}
2024-09-05 18:47:00,831 : AssetManager : Registering Asset: kozep_felepitmeny_2, File: kozep_felepitmeny_2.gif, Default Group: default, Final Config: {'load': 'preload', 'file': 'E:\\MPF\\wows\\wows\\images\\kozep_felepitmeny_2.gif'}
2024-09-05 18:47:00,831 : AssetManager : Registering Asset: kozep_hajotest, File: kozep_hajotest.png, Default Group: default, Final Config: {'load': 'preload', 'file': 'E:\\MPF\\wows\\wows\\images\\kozep_hajotest.png'}
2024-09-05 18:47:00,831 : AssetManager : Registering Asset: kozep_hajotest_2, File: kozep_hajotest_2.png, Default Group: default, Final Config: {'load': 'preload', 'file': 'E:\\MPF\\wows\\wows\\images\\kozep_hajotest_2.png'}
2024-09-05 18:47:00,831 : AssetManager : Registering Asset: kozep_izzo, File: kozep_izzo.gif, Default Group: default, Final Config: {'load': 'preload', 'file': 'E:\\MPF\\wows\\wows\\images\\kozep_izzo.gif'}
2024-09-05 18:47:00,831 : AssetManager : Registering Asset: kozep_izzo_2, File: kozep_izzo_2.gif, Default Group: default, Final Config: {'load': 'preload', 'file': 'E:\\MPF\\wows\\wows\\images\\kozep_izzo_2.gif'}
2024-09-05 18:47:00,831 : AssetManager : Registering Asset: kozep_muzzle_flash, File: kozep_muzzle_flash.gif, Default Group: default, Final Config: {'load': 'preload', 'file': 'E:\\MPF\\wows\\wows\\images\\kozep_muzzle_flash.gif'}
2024-09-05 18:47:00,831 : AssetManager : Registering Asset: kozep_muzzle_flash_2, File: kozep_muzzle_flash_2.gif, Default Group: default, Final Config: {'load': 'preload', 'file': 'E:\\MPF\\wows\\wows\\images\\kozep_muzzle_flash_2.gif'}
2024-09-05 18:47:00,831 : AssetManager : Registering Asset: kulso_agyu, File: kulso_agyu.gif, Default Group: default, Final Config: {'load': 'preload', 'file': 'E:\\MPF\\wows\\wows\\images\\kulso_agyu.gif'}
2024-09-05 18:47:00,831 : AssetManager : Registering Asset: kulso_agyu_2, File: kulso_agyu_2.gif, Default Group: default, Final Config: {'load': 'preload', 'file': 'E:\\MPF\\wows\\wows\\images\\kulso_agyu_2.gif'}
2024-09-05 18:47:00,831 : AssetManager : Registering Asset: kulso_agyu_marad, File: kulso_agyu_marad.png, Default Group: default, Final Config: {'load': 'preload', 'file': 'E:\\MPF\\wows\\wows\\images\\kulso_agyu_marad.png'}
2024-09-05 18:47:00,832 : AssetManager : Registering Asset: kulso_agyu_marad_2, File: kulso_agyu_marad_2.png, Default Group: default, Final Config: {'load': 'preload', 'file': 'E:\\MPF\\wows\\wows\\images\\kulso_agyu_marad_2.png'}
2024-09-05 18:47:00,832 : AssetManager : Registering Asset: kulso_felepitmeny, File: kulso_felepitmeny.gif, Default Group: default, Final Config: {'load': 'preload', 'file': 'E:\\MPF\\wows\\wows\\images\\kulso_felepitmeny.gif'}
2024-09-05 18:47:00,832 : AssetManager : Registering Asset: kulso_felepitmeny_2, File: kulso_felepitmeny_2.gif, Default Group: default, Final Config: {'load': 'preload', 'file': 'E:\\MPF\\wows\\wows\\images\\kulso_felepitmeny_2.gif'}
2024-09-05 18:47:00,832 : AssetManager : Registering Asset: kulso_hajotest, File: kulso_hajotest.png, Default Group: default, Final Config: {'load': 'preload', 'file': 'E:\\MPF\\wows\\wows\\images\\kulso_hajotest.png'}
2024-09-05 18:47:00,832 : AssetManager : Registering Asset: kulso_hajotest_2, File: kulso_hajotest_2.png, Default Group: default, Final Config: {'load': 'preload', 'file': 'E:\\MPF\\wows\\wows\\images\\kulso_hajotest_2.png'}
2024-09-05 18:47:00,832 : AssetManager : Registering Asset: kulso_hatso_agyu, File: kulso_hatso_agyu.png, Default Group: default, Final Config: {'load': 'preload', 'file': 'E:\\MPF\\wows\\wows\\images\\kulso_hatso_agyu.png'}
2024-09-05 18:47:00,832 : AssetManager : Registering Asset: kulso_hatso_agyu_2, File: kulso_hatso_agyu_2.png, Default Group: default, Final Config: {'load': 'preload', 'file': 'E:\\MPF\\wows\\wows\\images\\kulso_hatso_agyu_2.png'}
2024-09-05 18:47:00,832 : AssetManager : Registering Asset: kulso_izzo, File: kulso_izzo.gif, Default Group: default, Final Config: {'load': 'preload', 'file': 'E:\\MPF\\wows\\wows\\images\\kulso_izzo.gif'}
2024-09-05 18:47:00,832 : AssetManager : Registering Asset: kulso_izzo_2, File: kulso_izzo_2.gif, Default Group: default, Final Config: {'load': 'preload', 'file': 'E:\\MPF\\wows\\wows\\images\\kulso_izzo_2.gif'}
2024-09-05 18:47:00,832 : AssetManager : Registering Asset: kulso_muzzle_flash, File: kulso_muzzle_flash.gif, Default Group: default, Final Config: {'load': 'preload', 'file': 'E:\\MPF\\wows\\wows\\images\\kulso_muzzle_flash.gif'}
2024-09-05 18:47:00,832 : AssetManager : Registering Asset: kulso_muzzle_flash_2, File: kulso_muzzle_flash_2.gif, Default Group: default, Final Config: {'load': 'preload', 'file': 'E:\\MPF\\wows\\wows\\images\\kulso_muzzle_flash_2.gif'}
2024-09-05 18:47:00,832 : AssetManager : Registering Asset: main_icon, File: main_icon.png, Default Group: default, Final Config: {'load': 'preload', 'file': 'E:\\MPF\\wows\\wows\\images\\main_icon.png'}
2024-09-05 18:47:00,833 : AssetManager : Registering Asset: match, File: match.png, Default Group: default, Final Config: {'load': 'preload', 'file': 'E:\\MPF\\wows\\wows\\images\\match.png'}
2024-09-05 18:47:00,833 : AssetManager : Registering Asset: match_explosion, File: match_explosion.gif, Default Group: default, Final Config: {'load': 'preload', 'file': 'E:\\MPF\\wows\\wows\\images\\match_explosion.gif'}
2024-09-05 18:47:00,833 : AssetManager : Registering Asset: match_ship, File: match_ship.png, Default Group: default, Final Config: {'load': 'preload', 'file': 'E:\\MPF\\wows\\wows\\images\\match_ship.png'}
2024-09-05 18:47:00,833 : AssetManager : Registering Asset: medals, File: medals.png, Default Group: default, Final Config: {'load': 'preload', 'file': 'E:\\MPF\\wows\\wows\\images\\medals.png'}
2024-09-05 18:47:00,833 : AssetManager : Registering Asset: medals_back, File: medals_back.png, Default Group: default, Final Config: {'load': 'preload', 'file': 'E:\\MPF\\wows\\wows\\images\\medals_back.png'}
2024-09-05 18:47:00,833 : AssetManager : Registering Asset: mode_10_completed, File: mode_10_completed.gif, Default Group: default, Final Config: {'load': 'preload', 'file': 'E:\\MPF\\wows\\wows\\images\\mode_10_completed.gif'}
2024-09-05 18:47:00,833 : AssetManager : Registering Asset: mode_10_desc, File: mode_10_desc.gif, Default Group: default, Final Config: {'load': 'preload', 'file': 'E:\\MPF\\wows\\wows\\images\\mode_10_desc.gif'}
2024-09-05 18:47:00,833 : AssetManager : Registering Asset: mode_10_desc_rev, File: mode_10_desc_rev.gif, Default Group: default, Final Config: {'load': 'preload', 'file': 'E:\\MPF\\wows\\wows\\images\\mode_10_desc_rev.gif'}
2024-09-05 18:47:00,833 : AssetManager : Registering Asset: mode_10_desc_still, File: mode_10_desc_still.png, Default Group: default, Final Config: {'load': 'preload', 'file': 'E:\\MPF\\wows\\wows\\images\\mode_10_desc_still.png'}
2024-09-05 18:47:00,833 : AssetManager : Registering Asset: mode_10_progress, File: mode_10_progress.gif, Default Group: default, Final Config: {'load': 'preload', 'file': 'E:\\MPF\\wows\\wows\\images\\mode_10_progress.gif'}
2024-09-05 18:47:00,833 : AssetManager : Registering Asset: mode_10_start, File: mode_10_start.gif, Default Group: default, Final Config: {'load': 'preload', 'file': 'E:\\MPF\\wows\\wows\\images\\mode_10_start.gif'}
2024-09-05 18:47:00,833 : AssetManager : Registering Asset: mode_10_start_text, File: mode_10_start_text.png, Default Group: default, Final Config: {'load': 'preload', 'file': 'E:\\MPF\\wows\\wows\\images\\mode_10_start_text.png'}
2024-09-05 18:47:00,833 : AssetManager : Registering Asset: mode_1_completed, File: mode_1_completed.gif, Default Group: default, Final Config: {'load': 'preload', 'file': 'E:\\MPF\\wows\\wows\\images\\mode_1_completed.gif'}
2024-09-05 18:47:00,834 : AssetManager : Registering Asset: mode_1_desc, File: mode_1_desc.gif, Default Group: default, Final Config: {'load': 'preload', 'file': 'E:\\MPF\\wows\\wows\\images\\mode_1_desc.gif'}
2024-09-05 18:47:00,834 : AssetManager : Registering Asset: mode_1_desc_rev, File: mode_1_desc_rev.gif, Default Group: default, Final Config: {'load': 'preload', 'file': 'E:\\MPF\\wows\\wows\\images\\mode_1_desc_rev.gif'}
2024-09-05 18:47:00,834 : AssetManager : Registering Asset: mode_1_desc_still, File: mode_1_desc_still.png, Default Group: default, Final Config: {'load': 'preload', 'file': 'E:\\MPF\\wows\\wows\\images\\mode_1_desc_still.png'}
2024-09-05 18:47:00,834 : AssetManager : Registering Asset: mode_1_progress, File: mode_1_progress.gif, Default Group: default, Final Config: {'load': 'preload', 'file': 'E:\\MPF\\wows\\wows\\images\\mode_1_progress.gif'}
2024-09-05 18:47:00,834 : AssetManager : Registering Asset: mode_1_start, File: mode_1_start.gif, Default Group: default, Final Config: {'load': 'preload', 'file': 'E:\\MPF\\wows\\wows\\images\\mode_1_start.gif'}
2024-09-05 18:47:00,834 : AssetManager : Registering Asset: mode_1_start_text, File: mode_1_start_text.png, Default Group: default, Final Config: {'load': 'preload', 'file': 'E:\\MPF\\wows\\wows\\images\\mode_1_start_text.png'}
2024-09-05 18:47:00,834 : AssetManager : Registering Asset: mode_2_completed, File: mode_2_completed.gif, Default Group: default, Final Config: {'load': 'preload', 'file': 'E:\\MPF\\wows\\wows\\images\\mode_2_completed.gif'}
2024-09-05 18:47:00,834 : AssetManager : Registering Asset: mode_2_desc_rev, File: mode_2_desc_rev.gif, Default Group: default, Final Config: {'load': 'preload', 'file': 'E:\\MPF\\wows\\wows\\images\\mode_2_desc_rev.gif'}
2024-09-05 18:47:00,834 : AssetManager : Registering Asset: mode_2_desc_still, File: mode_2_desc_still.png, Default Group: default, Final Config: {'load': 'preload', 'file': 'E:\\MPF\\wows\\wows\\images\\mode_2_desc_still.png'}
2024-09-05 18:47:00,834 : AssetManager : Registering Asset: mode_2_progress, File: mode_2_progress.gif, Default Group: default, Final Config: {'load': 'preload', 'file': 'E:\\MPF\\wows\\wows\\images\\mode_2_progress.gif'}
2024-09-05 18:47:00,834 : AssetManager : Registering Asset: mode_2_start, File: mode_2_start.gif, Default Group: default, Final Config: {'load': 'preload', 'file': 'E:\\MPF\\wows\\wows\\images\\mode_2_start.gif'}
2024-09-05 18:47:00,834 : AssetManager : Registering Asset: mode_2_start_text, File: mode_2_start_text.png, Default Group: default, Final Config: {'load': 'preload', 'file': 'E:\\MPF\\wows\\wows\\images\\mode_2_start_text.png'}
2024-09-05 18:47:00,835 : AssetManager : Registering Asset: mode_3_completed, File: mode_3_completed.gif, Default Group: default, Final Config: {'load': 'preload', 'file': 'E:\\MPF\\wows\\wows\\images\\mode_3_completed.gif'}
2024-09-05 18:47:00,835 : AssetManager : Registering Asset: mode_3_desc_rev, File: mode_3_desc_rev.gif, Default Group: default, Final Config: {'load': 'preload', 'file': 'E:\\MPF\\wows\\wows\\images\\mode_3_desc_rev.gif'}
2024-09-05 18:47:00,835 : AssetManager : Registering Asset: mode_3_desc_still, File: mode_3_desc_still.png, Default Group: default, Final Config: {'load': 'preload', 'file': 'E:\\MPF\\wows\\wows\\images\\mode_3_desc_still.png'}
2024-09-05 18:47:00,835 : AssetManager : Registering Asset: mode_3_progress, File: mode_3_progress.gif, Default Group: default, Final Config: {'load': 'preload', 'file': 'E:\\MPF\\wows\\wows\\images\\mode_3_progress.gif'}
2024-09-05 18:47:00,835 : AssetManager : Registering Asset: mode_3_start, File: mode_3_start.gif, Default Group: default, Final Config: {'load': 'preload', 'file': 'E:\\MPF\\wows\\wows\\images\\mode_3_start.gif'}
2024-09-05 18:47:00,835 : AssetManager : Registering Asset: mode_3_start_text, File: mode_3_start_text.png, Default Group: default, Final Config: {'load': 'preload', 'file': 'E:\\MPF\\wows\\wows\\images\\mode_3_start_text.png'}
2024-09-05 18:47:00,835 : AssetManager : Registering Asset: mode_4_completed, File: mode_4_completed.gif, Default Group: default, Final Config: {'load': 'preload', 'file': 'E:\\MPF\\wows\\wows\\images\\mode_4_completed.gif'}
2024-09-05 18:47:00,835 : AssetManager : Registering Asset: mode_4_desc_rev, File: mode_4_desc_rev.gif, Default Group: default, Final Config: {'load': 'preload', 'file': 'E:\\MPF\\wows\\wows\\images\\mode_4_desc_rev.gif'}
2024-09-05 18:47:00,835 : AssetManager : Registering Asset: mode_4_desc_still, File: mode_4_desc_still.png, Default Group: default, Final Config: {'load': 'preload', 'file': 'E:\\MPF\\wows\\wows\\images\\mode_4_desc_still.png'}
2024-09-05 18:47:00,835 : AssetManager : Registering Asset: mode_4_progress, File: mode_4_progress.gif, Default Group: default, Final Config: {'load': 'preload', 'file': 'E:\\MPF\\wows\\wows\\images\\mode_4_progress.gif'}
2024-09-05 18:47:00,835 : AssetManager : Registering Asset: mode_4_start, File: mode_4_start.gif, Default Group: default, Final Config: {'load': 'preload', 'file': 'E:\\MPF\\wows\\wows\\images\\mode_4_start.gif'}
2024-09-05 18:47:00,835 : AssetManager : Registering Asset: mode_4_start_text, File: mode_4_start_text.png, Default Group: default, Final Config: {'load': 'preload', 'file': 'E:\\MPF\\wows\\wows\\images\\mode_4_start_text.png'}
2024-09-05 18:47:00,836 : AssetManager : Registering Asset: mode_5_completed, File: mode_5_completed.gif, Default Group: default, Final Config: {'load': 'preload', 'file': 'E:\\MPF\\wows\\wows\\images\\mode_5_completed.gif'}
2024-09-05 18:47:00,836 : AssetManager : Registering Asset: mode_5_desc_rev, File: mode_5_desc_rev.gif, Default Group: default, Final Config: {'load': 'preload', 'file': 'E:\\MPF\\wows\\wows\\images\\mode_5_desc_rev.gif'}
2024-09-05 18:47:00,836 : AssetManager : Registering Asset: mode_5_desc_still, File: mode_5_desc_still.png, Default Group: default, Final Config: {'load': 'preload', 'file': 'E:\\MPF\\wows\\wows\\images\\mode_5_desc_still.png'}
2024-09-05 18:47:00,836 : AssetManager : Registering Asset: mode_5_progress, File: mode_5_progress.gif, Default Group: default, Final Config: {'load': 'preload', 'file': 'E:\\MPF\\wows\\wows\\images\\mode_5_progress.gif'}
2024-09-05 18:47:00,836 : AssetManager : Registering Asset: mode_5_start, File: mode_5_start.gif, Default Group: default, Final Config: {'load': 'preload', 'file': 'E:\\MPF\\wows\\wows\\images\\mode_5_start.gif'}
2024-09-05 18:47:00,836 : AssetManager : Registering Asset: mode_5_start_text, File: mode_5_start_text.png, Default Group: default, Final Config: {'load': 'preload', 'file': 'E:\\MPF\\wows\\wows\\images\\mode_5_start_text.png'}
2024-09-05 18:47:00,836 : AssetManager : Registering Asset: mode_6_completed, File: mode_6_completed.gif, Default Group: default, Final Config: {'load': 'preload', 'file': 'E:\\MPF\\wows\\wows\\images\\mode_6_completed.gif'}
2024-09-05 18:47:00,836 : AssetManager : Registering Asset: mode_6_desc_rev, File: mode_6_desc_rev.gif, Default Group: default, Final Config: {'load': 'preload', 'file': 'E:\\MPF\\wows\\wows\\images\\mode_6_desc_rev.gif'}
2024-09-05 18:47:00,836 : AssetManager : Registering Asset: mode_6_desc_still, File: mode_6_desc_still.png, Default Group: default, Final Config: {'load': 'preload', 'file': 'E:\\MPF\\wows\\wows\\images\\mode_6_desc_still.png'}
2024-09-05 18:47:00,836 : AssetManager : Registering Asset: mode_6_progress, File: mode_6_progress.gif, Default Group: default, Final Config: {'load': 'preload', 'file': 'E:\\MPF\\wows\\wows\\images\\mode_6_progress.gif'}
2024-09-05 18:47:00,836 : AssetManager : Registering Asset: mode_6_start, File: mode_6_start.gif, Default Group: default, Final Config: {'load': 'preload', 'file': 'E:\\MPF\\wows\\wows\\images\\mode_6_start.gif'}
2024-09-05 18:47:00,837 : AssetManager : Registering Asset: mode_6_start_text, File: mode_6_start_text.png, Default Group: default, Final Config: {'load': 'preload', 'file': 'E:\\MPF\\wows\\wows\\images\\mode_6_start_text.png'}
2024-09-05 18:47:00,837 : AssetManager : Registering Asset: mode_7_completed, File: mode_7_completed.gif, Default Group: default, Final Config: {'load': 'preload', 'file': 'E:\\MPF\\wows\\wows\\images\\mode_7_completed.gif'}
2024-09-05 18:47:00,837 : AssetManager : Registering Asset: mode_7_desc_rev, File: mode_7_desc_rev.gif, Default Group: default, Final Config: {'load': 'preload', 'file': 'E:\\MPF\\wows\\wows\\images\\mode_7_desc_rev.gif'}
2024-09-05 18:47:00,837 : AssetManager : Registering Asset: mode_7_desc_still, File: mode_7_desc_still.png, Default Group: default, Final Config: {'load': 'preload', 'file': 'E:\\MPF\\wows\\wows\\images\\mode_7_desc_still.png'}
2024-09-05 18:47:00,837 : AssetManager : Registering Asset: mode_7_progress, File: mode_7_progress.gif, Default Group: default, Final Config: {'load': 'preload', 'file': 'E:\\MPF\\wows\\wows\\images\\mode_7_progress.gif'}
2024-09-05 18:47:00,837 : AssetManager : Registering Asset: mode_7_start, File: mode_7_start.gif, Default Group: default, Final Config: {'load': 'preload', 'file': 'E:\\MPF\\wows\\wows\\images\\mode_7_start.gif'}
2024-09-05 18:47:00,837 : AssetManager : Registering Asset: mode_7_start_text, File: mode_7_start_text.png, Default Group: default, Final Config: {'load': 'preload', 'file': 'E:\\MPF\\wows\\wows\\images\\mode_7_start_text.png'}
2024-09-05 18:47:00,837 : AssetManager : Registering Asset: mode_8_completed, File: mode_8_completed.gif, Default Group: default, Final Config: {'load': 'preload', 'file': 'E:\\MPF\\wows\\wows\\images\\mode_8_completed.gif'}
2024-09-05 18:47:00,837 : AssetManager : Registering Asset: mode_8_desc_rev, File: mode_8_desc_rev.gif, Default Group: default, Final Config: {'load': 'preload', 'file': 'E:\\MPF\\wows\\wows\\images\\mode_8_desc_rev.gif'}
2024-09-05 18:47:00,837 : AssetManager : Registering Asset: mode_8_desc_still, File: mode_8_desc_still.png, Default Group: default, Final Config: {'load': 'preload', 'file': 'E:\\MPF\\wows\\wows\\images\\mode_8_desc_still.png'}
2024-09-05 18:47:00,837 : AssetManager : Registering Asset: mode_8_progress, File: mode_8_progress.gif, Default Group: default, Final Config: {'load': 'preload', 'file': 'E:\\MPF\\wows\\wows\\images\\mode_8_progress.gif'}
2024-09-05 18:47:00,837 : AssetManager : Registering Asset: mode_8_start, File: mode_8_start.gif, Default Group: default, Final Config: {'load': 'preload', 'file': 'E:\\MPF\\wows\\wows\\images\\mode_8_start.gif'}
2024-09-05 18:47:00,838 : AssetManager : Registering Asset: mode_8_start_text, File: mode_8_start_text.png, Default Group: default, Final Config: {'load': 'preload', 'file': 'E:\\MPF\\wows\\wows\\images\\mode_8_start_text.png'}
2024-09-05 18:47:00,838 : AssetManager : Registering Asset: mode_9_completed, File: mode_9_completed.gif, Default Group: default, Final Config: {'load': 'preload', 'file': 'E:\\MPF\\wows\\wows\\images\\mode_9_completed.gif'}
2024-09-05 18:47:00,838 : AssetManager : Registering Asset: mode_9_desc_rev, File: mode_9_desc_rev.gif, Default Group: default, Final Config: {'load': 'preload', 'file': 'E:\\MPF\\wows\\wows\\images\\mode_9_desc_rev.gif'}
2024-09-05 18:47:00,838 : AssetManager : Registering Asset: mode_9_desc_still, File: mode_9_desc_still.png, Default Group: default, Final Config: {'load': 'preload', 'file': 'E:\\MPF\\wows\\wows\\images\\mode_9_desc_still.png'}
2024-09-05 18:47:00,838 : AssetManager : Registering Asset: mode_9_progress, File: mode_9_progress.gif, Default Group: default, Final Config: {'load': 'preload', 'file': 'E:\\MPF\\wows\\wows\\images\\mode_9_progress.gif'}
2024-09-05 18:47:00,838 : AssetManager : Registering Asset: mode_9_start, File: mode_9_start.gif, Default Group: default, Final Config: {'load': 'preload', 'file': 'E:\\MPF\\wows\\wows\\images\\mode_9_start.gif'}
2024-09-05 18:47:00,838 : AssetManager : Registering Asset: mode_9_start_text, File: mode_9_start_text.png, Default Group: default, Final Config: {'load': 'preload', 'file': 'E:\\MPF\\wows\\wows\\images\\mode_9_start_text.png'}
2024-09-05 18:47:00,838 : AssetManager : Registering Asset: module_engine, File: module_engine.png, Default Group: default, Final Config: {'load': 'preload', 'file': 'E:\\MPF\\wows\\wows\\images\\module_engine.png'}
2024-09-05 18:47:00,838 : AssetManager : Registering Asset: module_fire, File: module_fire.png, Default Group: default, Final Config: {'load': 'preload', 'file': 'E:\\MPF\\wows\\wows\\images\\module_fire.png'}
2024-09-05 18:47:00,838 : AssetManager : Registering Asset: module_main_battery, File: module_main_battery.png, Default Group: default, Final Config: {'load': 'preload', 'file': 'E:\\MPF\\wows\\wows\\images\\module_main_battery.png'}
2024-09-05 18:47:00,839 : AssetManager : Registering Asset: module_steering_gear, File: module_steering_gear.png, Default Group: default, Final Config: {'load': 'preload', 'file': 'E:\\MPF\\wows\\wows\\images\\module_steering_gear.png'}
2024-09-05 18:47:00,839 : AssetManager : Registering Asset: module_torpedo, File: module_torpedo.png, Default Group: default, Final Config: {'load': 'preload', 'file': 'E:\\MPF\\wows\\wows\\images\\module_torpedo.png'}
2024-09-05 18:47:00,839 : AssetManager : Registering Asset: m_conf, File: m_conf.png, Default Group: default, Final Config: {'load': 'preload', 'file': 'E:\\MPF\\wows\\wows\\images\\m_conf.png'}
2024-09-05 18:47:00,839 : AssetManager : Registering Asset: m_dread, File: m_dread.png, Default Group: default, Final Config: {'load': 'preload', 'file': 'E:\\MPF\\wows\\wows\\images\\m_dread.png'}
2024-09-05 18:47:00,839 : AssetManager : Registering Asset: m_hc, File: m_hc.png, Default Group: default, Final Config: {'load': 'preload', 'file': 'E:\\MPF\\wows\\wows\\images\\m_hc.png'}
2024-09-05 18:47:00,839 : AssetManager : Registering Asset: m_krakken, File: m_krakken.png, Default Group: default, Final Config: {'load': 'preload', 'file': 'E:\\MPF\\wows\\wows\\images\\m_krakken.png'}
2024-09-05 18:47:00,839 : AssetManager : Registering Asset: m_witherer, File: m_witherer.png, Default Group: default, Final Config: {'load': 'preload', 'file': 'E:\\MPF\\wows\\wows\\images\\m_witherer.png'}
2024-09-05 18:47:00,839 : AssetManager : Registering Asset: obtained, File: obtained.png, Default Group: default, Final Config: {'load': 'preload', 'file': 'E:\\MPF\\wows\\wows\\images\\obtained.png'}
2024-09-05 18:47:00,839 : AssetManager : Registering Asset: penetration, File: penetration.gif, Default Group: default, Final Config: {'load': 'preload', 'file': 'E:\\MPF\\wows\\wows\\images\\penetration.gif'}
2024-09-05 18:47:00,840 : AssetManager : Registering Asset: penetration_fast, File: penetration_fast.gif, Default Group: default, Final Config: {'load': 'preload', 'file': 'E:\\MPF\\wows\\wows\\images\\penetration_fast.gif'}
2024-09-05 18:47:00,840 : AssetManager : Registering Asset: penetration_still, File: penetration_still.png, Default Group: default, Final Config: {'load': 'preload', 'file': 'E:\\MPF\\wows\\wows\\images\\penetration_still.png'}
2024-09-05 18:47:00,840 : AssetManager : Registering Asset: radar_icon, File: radar_icon.png, Default Group: default, Final Config: {'load': 'preload', 'file': 'E:\\MPF\\wows\\wows\\images\\radar_icon.png'}
2024-09-05 18:47:00,840 : AssetManager : Registering Asset: repair_party_icon, File: repair_party_icon.png, Default Group: default, Final Config: {'load': 'preload', 'file': 'E:\\MPF\\wows\\wows\\images\\repair_party_icon.png'}
2024-09-05 18:47:00,840 : AssetManager : Registering Asset: sec_ap_1_shell, File: sec_ap_1_shell.gif, Default Group: default, Final Config: {'load': 'preload', 'file': 'E:\\MPF\\wows\\wows\\images\\sec_ap_1_shell.gif'}
2024-09-05 18:47:00,840 : AssetManager : Registering Asset: sec_ap_1_shell_2, File: sec_ap_1_shell_2.gif, Default Group: default, Final Config: {'load': 'preload', 'file': 'E:\\MPF\\wows\\wows\\images\\sec_ap_1_shell_2.gif'}
2024-09-05 18:47:00,840 : AssetManager : Registering Asset: sec_ap_2_shell, File: sec_ap_2_shell.gif, Default Group: default, Final Config: {'load': 'preload', 'file': 'E:\\MPF\\wows\\wows\\images\\sec_ap_2_shell.gif'}
2024-09-05 18:47:00,840 : AssetManager : Registering Asset: sec_ap_2_shell_2, File: sec_ap_2_shell_2.gif, Default Group: default, Final Config: {'load': 'preload', 'file': 'E:\\MPF\\wows\\wows\\images\\sec_ap_2_shell_2.gif'}
2024-09-05 18:47:00,840 : AssetManager : Registering Asset: sec_he_1_shell, File: sec_he_1_shell.gif, Default Group: default, Final Config: {'load': 'preload', 'file': 'E:\\MPF\\wows\\wows\\images\\sec_he_1_shell.gif'}
2024-09-05 18:47:00,840 : AssetManager : Registering Asset: sec_he_1_shell_2, File: sec_he_1_shell_2.gif, Default Group: default, Final Config: {'load': 'preload', 'file': 'E:\\MPF\\wows\\wows\\images\\sec_he_1_shell_2.gif'}
2024-09-05 18:47:00,840 : AssetManager : Registering Asset: sec_he_2_shell, File: sec_he_2_shell.gif, Default Group: default, Final Config: {'load': 'preload', 'file': 'E:\\MPF\\wows\\wows\\images\\sec_he_2_shell.gif'}
2024-09-05 18:47:00,841 : AssetManager : Registering Asset: sec_he_2_shell_2, File: sec_he_2_shell_2.gif, Default Group: default, Final Config: {'load': 'preload', 'file': 'E:\\MPF\\wows\\wows\\images\\sec_he_2_shell_2.gif'}
2024-09-05 18:47:00,841 : AssetManager : Registering Asset: shell, File: shell.gif, Default Group: default, Final Config: {'load': 'preload', 'file': 'E:\\MPF\\wows\\wows\\images\\shell.gif'}
2024-09-05 18:47:00,841 : AssetManager : Registering Asset: shell_2, File: shell_2.gif, Default Group: default, Final Config: {'load': 'preload', 'file': 'E:\\MPF\\wows\\wows\\images\\shell_2.gif'}
2024-09-05 18:47:00,841 : AssetManager : Registering Asset: shell_double, File: shell_double.gif, Default Group: default, Final Config: {'load': 'preload', 'file': 'E:\\MPF\\wows\\wows\\images\\shell_double.gif'}
2024-09-05 18:47:00,841 : AssetManager : Registering Asset: shell_double_2, File: shell_double_2.gif, Default Group: default, Final Config: {'load': 'preload', 'file': 'E:\\MPF\\wows\\wows\\images\\shell_double_2.gif'}
2024-09-05 18:47:00,841 : AssetManager : Registering Asset: shell_triple, File: shell_triple.gif, Default Group: default, Final Config: {'load': 'preload', 'file': 'E:\\MPF\\wows\\wows\\images\\shell_triple.gif'}
2024-09-05 18:47:00,841 : AssetManager : Registering Asset: shell_triple_2, File: shell_triple_2.gif, Default Group: default, Final Config: {'load': 'preload', 'file': 'E:\\MPF\\wows\\wows\\images\\shell_triple_2.gif'}
2024-09-05 18:47:00,841 : AssetManager : Registering Asset: shimakaze, File: shimakaze.png, Default Group: default, Final Config: {'load': 'preload', 'file': 'E:\\MPF\\wows\\wows\\images\\shimakaze.png'}
2024-09-05 18:47:00,841 : AssetManager : Registering Asset: shimakaze2, File: shimakaze2.jpg, Default Group: default, Final Config: {'load': 'preload', 'file': 'E:\\MPF\\wows\\wows\\images\\shimakaze2.jpg'}
2024-09-05 18:47:00,841 : AssetManager : Registering Asset: skillshot_1, File: skillshot_1.png, Default Group: default, Final Config: {'load': 'preload', 'file': 'E:\\MPF\\wows\\wows\\images\\skillshot_1.png'}
2024-09-05 18:47:00,841 : AssetManager : Registering Asset: skillshot_2, File: skillshot_2.png, Default Group: default, Final Config: {'load': 'preload', 'file': 'E:\\MPF\\wows\\wows\\images\\skillshot_2.png'}
2024-09-05 18:47:00,842 : AssetManager : Registering Asset: skillshot_3, File: skillshot_3.png, Default Group: default, Final Config: {'load': 'preload', 'file': 'E:\\MPF\\wows\\wows\\images\\skillshot_3.png'}
2024-09-05 18:47:00,842 : AssetManager : Registering Asset: skillshot_4, File: skillshot_4.png, Default Group: default, Final Config: {'load': 'preload', 'file': 'E:\\MPF\\wows\\wows\\images\\skillshot_4.png'}
2024-09-05 18:47:00,842 : AssetManager : Registering Asset: skillshot_5, File: skillshot_5.png, Default Group: default, Final Config: {'load': 'preload', 'file': 'E:\\MPF\\wows\\wows\\images\\skillshot_5.png'}
2024-09-05 18:47:00,842 : AssetManager : Registering Asset: skillshot_locked, File: skillshot_locked.png, Default Group: default, Final Config: {'load': 'preload', 'file': 'E:\\MPF\\wows\\wows\\images\\skillshot_locked.png'}
2024-09-05 18:47:00,842 : AssetManager : Registering Asset: small_explosion, File: small_explosion.gif, Default Group: default, Final Config: {'load': 'preload', 'file': 'E:\\MPF\\wows\\wows\\images\\small_explosion.gif'}
2024-09-05 18:47:00,842 : AssetManager : Registering Asset: small_explosion_2, File: small_explosion_2.gif, Default Group: default, Final Config: {'load': 'preload', 'file': 'E:\\MPF\\wows\\wows\\images\\small_explosion_2.gif'}
2024-09-05 18:47:00,842 : AssetManager : Registering Asset: smokde_icon, File: smokde_icon.png, Default Group: default, Final Config: {'load': 'preload', 'file': 'E:\\MPF\\wows\\wows\\images\\smokde_icon.png'}
2024-09-05 18:47:00,842 : AssetManager : Registering Asset: stalingrad, File: stalingrad.png, Default Group: default, Final Config: {'load': 'preload', 'file': 'E:\\MPF\\wows\\wows\\images\\stalingrad.png'}
2024-09-05 18:47:00,842 : AssetManager : Registering Asset: stalingrad2, File: stalingrad2.jpg, Default Group: default, Final Config: {'load': 'preload', 'file': 'E:\\MPF\\wows\\wows\\images\\stalingrad2.jpg'}
2024-09-05 18:47:00,843 : AssetManager : Registering Asset: super, File: super.gif, Default Group: default, Final Config: {'load': 'preload', 'file': 'E:\\MPF\\wows\\wows\\images\\super.gif'}
2024-09-05 18:47:00,843 : AssetManager : Registering Asset: super_1_muzzle, File: super_1_muzzle.gif, Default Group: default, Final Config: {'load': 'preload', 'file': 'E:\\MPF\\wows\\wows\\images\\super_1_muzzle.gif'}
2024-09-05 18:47:00,843 : AssetManager : Registering Asset: super_2, File: super_2.gif, Default Group: default, Final Config: {'load': 'preload', 'file': 'E:\\MPF\\wows\\wows\\images\\super_2.gif'}
2024-09-05 18:47:00,843 : AssetManager : Registering Asset: super_2_muzzle, File: super_2_muzzle.gif, Default Group: default, Final Config: {'load': 'preload', 'file': 'E:\\MPF\\wows\\wows\\images\\super_2_muzzle.gif'}
2024-09-05 18:47:00,843 : AssetManager : Registering Asset: super_3_muzzle, File: super_3_muzzle.gif, Default Group: default, Final Config: {'load': 'preload', 'file': 'E:\\MPF\\wows\\wows\\images\\super_3_muzzle.gif'}
2024-09-05 18:47:00,843 : AssetManager : Registering Asset: take_dmg_explosion, File: take_dmg_explosion.gif, Default Group: default, Final Config: {'load': 'preload', 'file': 'E:\\MPF\\wows\\wows\\images\\take_dmg_explosion.gif'}
2024-09-05 18:47:00,843 : AssetManager : Registering Asset: take_dmg_ship, File: take_dmg_ship.png, Default Group: default, Final Config: {'load': 'preload', 'file': 'E:\\MPF\\wows\\wows\\images\\take_dmg_ship.png'}
2024-09-05 18:47:00,843 : AssetManager : Registering Asset: torpedo_icon, File: torpedo_icon.png, Default Group: default, Final Config: {'load': 'preload', 'file': 'E:\\MPF\\wows\\wows\\images\\torpedo_icon.png'}
2024-09-05 18:47:00,843 : AssetManager : Registering Asset: TRIPLE JACKPOT, File: TRIPLE JACKPOT.png, Default Group: default, Final Config: {'load': 'preload', 'file': 'E:\\MPF\\wows\\wows\\images\\TRIPLE JACKPOT.png'}
2024-09-05 18:47:00,843 : AssetManager : Registering Asset: venezia, File: venezia.png, Default Group: default, Final Config: {'load': 'preload', 'file': 'E:\\MPF\\wows\\wows\\images\\venezia.png'}
2024-09-05 18:47:00,844 : AssetManager : Registering Asset: wargaming_logo, File: wargaming_logo.png, Default Group: default, Final Config: {'load': 'preload', 'file': 'E:\\MPF\\wows\\wows\\images\\wargaming_logo.png'}
2024-09-05 18:47:00,844 : AssetManager : Registering Asset: wows_logo, File: wows_logo.png, Default Group: default, Final Config: {'load': 'preload', 'file': 'E:\\MPF\\wows\\wows\\images\\wows_logo.png'}
2024-09-05 18:47:00,844 : AssetManager : Registering Asset: yamato, File: yamato.png, Default Group: default, Final Config: {'load': 'preload', 'file': 'E:\\MPF\\wows\\wows\\images\\yamato.png'}
2024-09-05 18:47:00,854 : AssetManager : Registering Asset: battle, File: battle.wav, Default Group: music, Final Config: {'load': 'on_demand', 'track': 'music', 'file': 'E:\\MPF\\wows\\wows\\sounds\\music\\battle.wav'}
2024-09-05 18:47:00,854 : AssetManager : Registering Asset: defeat, File: defeat.wav, Default Group: music, Final Config: {'load': 'on_demand', 'track': 'music', 'file': 'E:\\MPF\\wows\\wows\\sounds\\music\\defeat.wav'}
2024-09-05 18:47:00,854 : AssetManager : Registering Asset: critical_dmg, File: critical_dmg.wav, Default Group: sfx, Final Config: {'load': 'on_demand', 'track': 'critical_dmg_track', 'simultaneous_limit': 1, 'ducking': {'target': 'music, voice, sfx', 'delay': 0, 'attack': '0.6 sec', 'attenuation': '-13db', 'release_point': '3 sec', 'release': '1 sec'}, 'file': 'E:\\MPF\\wows\\wows\\sounds\\sfx\\critical_dmg.wav'}
2024-09-05 18:47:00,854 : AssetManager : Registering Asset: enemy_shoot_19, File: enemy_shoot_19.wav, Default Group: sfx, Final Config: {'load': 'on_demand', 'track': 'sfx', 'simultaneous_limit': 1, 'volume': 0.9, 'file': 'E:\\MPF\\wows\\wows\\sounds\\sfx\\enemy_shoot_19.wav'}
2024-09-05 18:47:00,854 : AssetManager : Registering Asset: enemy_shoot_2, File: enemy_shoot_2.wav, Default Group: sfx, Final Config: {'load': 'on_demand', 'track': 'sfx', 'simultaneous_limit': 1, 'file': 'E:\\MPF\\wows\\wows\\sounds\\sfx\\enemy_shoot_2.wav'}
2024-09-05 18:47:00,854 : AssetManager : Registering Asset: enemy_shoot_22, File: enemy_shoot_22.wav, Default Group: sfx, Final Config: {'load': 'on_demand', 'track': 'sfx', 'simultaneous_limit': 1, 'file': 'E:\\MPF\\wows\\wows\\sounds\\sfx\\enemy_shoot_22.wav'}
2024-09-05 18:47:00,854 : AssetManager : Registering Asset: enemy_shoot_3, File: enemy_shoot_3.wav, Default Group: sfx, Final Config: {'load': 'on_demand', 'track': 'sfx', 'simultaneous_limit': 1, 'file': 'E:\\MPF\\wows\\wows\\sounds\\sfx\\enemy_shoot_3.wav'}
2024-09-05 18:47:00,854 : AssetManager : Registering Asset: enemy_shoot_4, File: enemy_shoot_4.wav, Default Group: sfx, Final Config: {'load': 'on_demand', 'track': 'sfx', 'simultaneous_limit': 1, 'file': 'E:\\MPF\\wows\\wows\\sounds\\sfx\\enemy_shoot_4.wav'}
2024-09-05 18:47:00,855 : AssetManager : Registering Asset: enemy_shoot_5, File: enemy_shoot_5.wav, Default Group: sfx, Final Config: {'load': 'on_demand', 'track': 'sfx', 'simultaneous_limit': 1, 'file': 'E:\\MPF\\wows\\wows\\sounds\\sfx\\enemy_shoot_5.wav'}
2024-09-05 18:47:00,855 : AssetManager : Registering Asset: far_explosion_1, File: far_explosion_1.wav, Default Group: sfx, Final Config: {'load': 'on_demand', 'track': 'sfx', 'simultaneous_limit': 1, 'volume': 0.9, 'file': 'E:\\MPF\\wows\\wows\\sounds\\sfx\\far_explosion_1.wav'}
2024-09-05 18:47:00,855 : AssetManager : Registering Asset: far_explosion_2, File: far_explosion_2.wav, Default Group: sfx, Final Config: {'load': 'on_demand', 'track': 'sfx', 'simultaneous_limit': 1, 'volume': 0.9, 'file': 'E:\\MPF\\wows\\wows\\sounds\\sfx\\far_explosion_2.wav'}
2024-09-05 18:47:00,855 : AssetManager : Registering Asset: far_explosion_3, File: far_explosion_3.wav, Default Group: sfx, Final Config: {'load': 'on_demand', 'track': 'sfx', 'simultaneous_limit': 1, 'volume': 0.9, 'file': 'E:\\MPF\\wows\\wows\\sounds\\sfx\\far_explosion_3.wav'}
2024-09-05 18:47:00,855 : AssetManager : Registering Asset: heavy_dmg, File: heavy_dmg.wav, Default Group: sfx, Final Config: {'load': 'on_demand', 'track': 'sfx', 'simultaneous_limit': 1, 'volume': 0.6, 'file': 'E:\\MPF\\wows\\wows\\sounds\\sfx\\heavy_dmg.wav'}
2024-09-05 18:47:00,855 : AssetManager : Registering Asset: ricochet_loud_7, File: ricochet_loud_7.wav, Default Group: sfx, Final Config: {'load': 'on_demand', 'track': 'sfx', 'simultaneous_limit': 1, 'volume': 0.9, 'file': 'E:\\MPF\\wows\\wows\\sounds\\sfx\\ricochet_loud_7.wav'}
2024-09-05 18:47:00,855 : AssetManager : Registering Asset: shell_arrive_2, File: shell_arrive_2.wav, Default Group: sfx, Final Config: {'load': 'on_demand', 'track': 'sfx', 'file': 'E:\\MPF\\wows\\wows\\sounds\\sfx\\shell_arrive_2.wav'}
2024-09-05 18:47:00,855 : AssetManager : Registering Asset: shell_arrive_5, File: shell_arrive_5.wav, Default Group: sfx, Final Config: {'load': 'on_demand', 'track': 'sfx', 'simultaneous_limit': 1, 'file': 'E:\\MPF\\wows\\wows\\sounds\\sfx\\shell_arrive_5.wav'}
2024-09-05 18:47:00,855 : AssetManager : Registering Asset: shell_arrive_8, File: shell_arrive_8.wav, Default Group: sfx, Final Config: {'load': 'on_demand', 'track': 'sfx', 'simultaneous_limit': 1, 'volume': 0.7, 'file': 'E:\\MPF\\wows\\wows\\sounds\\sfx\\shell_arrive_8.wav'}
2024-09-05 18:47:00,855 : AssetManager : Registering Asset: shell_exit_1, File: shell_exit_1.wav, Default Group: sfx, Final Config: {'load': 'on_demand', 'track': 'sfx', 'simultaneous_limit': 1, 'file': 'E:\\MPF\\wows\\wows\\sounds\\sfx\\shell_exit_1.wav'}
2024-09-05 18:47:00,855 : AssetManager : Registering Asset: shell_exit_3, File: shell_exit_3.wav, Default Group: sfx, Final Config: {'load': 'on_demand', 'track': 'sfx', 'simultaneous_limit': 1, 'file': 'E:\\MPF\\wows\\wows\\sounds\\sfx\\shell_exit_3.wav'}
2024-09-05 18:47:00,855 : AssetManager : Registering Asset: shoot_1, File: shoot_1.wav, Default Group: sfx, Final Config: {'load': 'on_demand', 'track': 'sfx', 'simultaneous_limit': 1, 'file': 'E:\\MPF\\wows\\wows\\sounds\\sfx\\shoot_1.wav'}
2024-09-05 18:47:00,855 : AssetManager : Registering Asset: shoot_16, File: shoot_16.wav, Default Group: sfx, Final Config: {'load': 'on_demand', 'track': 'sfx', 'simultaneous_limit': 1, 'file': 'E:\\MPF\\wows\\wows\\sounds\\sfx\\shoot_16.wav'}
2024-09-05 18:47:00,855 : AssetManager : Registering Asset: shoot_17, File: shoot_17.wav, Default Group: sfx, Final Config: {'load': 'on_demand', 'track': 'sfx', 'simultaneous_limit': 1, 'file': 'E:\\MPF\\wows\\wows\\sounds\\sfx\\shoot_17.wav'}
2024-09-05 18:47:00,855 : AssetManager : Registering Asset: shoot_18, File: shoot_18.wav, Default Group: sfx, Final Config: {'load': 'on_demand', 'track': 'sfx', 'simultaneous_limit': 1, 'file': 'E:\\MPF\\wows\\wows\\sounds\\sfx\\shoot_18.wav'}
2024-09-05 18:47:00,856 : AssetManager : Registering Asset: shoot_19, File: shoot_19.wav, Default Group: sfx, Final Config: {'load': 'on_demand', 'track': 'sfx', 'simultaneous_limit': 1, 'file': 'E:\\MPF\\wows\\wows\\sounds\\sfx\\shoot_19.wav'}
2024-09-05 18:47:00,856 : AssetManager : Registering Asset: shoot_6, File: shoot_6.wav, Default Group: sfx, Final Config: {'load': 'on_demand', 'track': 'sfx', 'simultaneous_limit': 1, 'file': 'E:\\MPF\\wows\\wows\\sounds\\sfx\\shoot_6.wav'}
2024-09-05 18:47:00,859 : AssetManager : Registering Asset: mode_5_shot_made, File: mode_5_shot_made.gif, Default Group: default, Final Config: {'load': 'preload', 'file': 'E:\\MPF\\wows\\wows\\modes\\mode_5\\images\\mode_5_shot_made.gif'}
2024-09-05 18:47:00,859 : AssetManager : Registering Asset: mode_8_shot_made, File: mode_8_shot_made.gif, Default Group: default, Final Config: {'load': 'preload', 'file': 'E:\\MPF\\wows\\wows\\modes\\mode_8\\images\\mode_8_shot_made.gif'}
2024-09-05 18:47:00,861 : AssetManager : Registering Asset: mode_1_shot_made, File: mode_1_shot_made.gif, Default Group: default, Final Config: {'load': 'preload', 'file': 'E:\\MPF\\wows\\wows\\modes\\mode_1\\images\\mode_1_shot_made.gif'}
2024-09-05 18:47:00,861 : AssetManager : Registering Asset: mode_7_shot_made, File: mode_7_shot_made.gif, Default Group: default, Final Config: {'load': 'preload', 'file': 'E:\\MPF\\wows\\wows\\modes\\mode_7\\images\\mode_7_shot_made.gif'}
2024-09-05 18:47:00,863 : AssetManager : Registering Asset: mode_3_shot_made, File: mode_3_shot_made.gif, Default Group: default, Final Config: {'load': 'preload', 'file': 'E:\\MPF\\wows\\wows\\modes\\mode_3\\images\\mode_3_shot_made.gif'}
2024-09-05 18:47:00,863 : AssetManager : Registering Asset: mode_4_shot_made, File: mode_4_shot_made.gif, Default Group: default, Final Config: {'load': 'preload', 'file': 'E:\\MPF\\wows\\wows\\modes\\mode_4\\images\\mode_4_shot_made.gif'}
2024-09-05 18:47:00,864 : AssetManager : Registering Asset: mode_6_shot_made, File: mode_6_shot_made.gif, Default Group: default, Final Config: {'load': 'preload', 'file': 'E:\\MPF\\wows\\wows\\modes\\mode_6\\images\\mode_6_shot_made.gif'}
2024-09-05 18:47:00,864 : AssetManager : Registering Asset: back_arrow_7x7, File: back_arrow_7x7.png, Default Group: default, Final Config: {'load': 'preload', 'file': 'c:\\users\\dell\\appdata\\local\\programs\\python\\python36\\lib\\site-packages\\mpf\\modes\\high_score\\images\\back_arrow_7x7.png'}
2024-09-05 18:47:00,864 : AssetManager : Registering Asset: back_arrow_7x7_selected, File: back_arrow_7x7_selected.png, Default Group: default, Final Config: {'load': 'preload', 'file': 'c:\\users\\dell\\appdata\\local\\programs\\python\\python36\\lib\\site-packages\\mpf\\modes\\high_score\\images\\back_arrow_7x7_selected.png'}
2024-09-05 18:47:00,864 : AssetManager : Registering Asset: end_11x7, File: end_11x7.png, Default Group: default, Final Config: {'load': 'preload', 'file': 'c:\\users\\dell\\appdata\\local\\programs\\python\\python36\\lib\\site-packages\\mpf\\modes\\high_score\\images\\end_11x7.png'}
2024-09-05 18:47:00,864 : AssetManager : Registering Asset: end_11x7_selected, File: end_11x7_selected.png, Default Group: default, Final Config: {'load': 'preload', 'file': 'c:\\users\\dell\\appdata\\local\\programs\\python\\python36\\lib\\site-packages\\mpf\\modes\\high_score\\images\\end_11x7_selected.png'}
2024-09-05 18:47:00,865 : AssetManager : Registering Asset: mode_9_shot_made, File: mode_9_shot_made.gif, Default Group: default, Final Config: {'load': 'preload', 'file': 'E:\\MPF\\wows\\wows\\modes\\mode_9\\images\\mode_9_shot_made.gif'}
2024-09-05 18:47:00,868 : EventManager : Event: ======'init_phase_4'====== Args={}
2024-09-05 18:47:00,868 : EventManager : Event: ======'init_phase_5'====== Args={}
2024-09-05 18:47:00,974 : EventManager : Event: ======'loading_assets'====== Args={'total': 344, 'loaded': 1, 'remaining': 343, 'percent': 0}
2024-09-05 18:47:00,975 : AssetManager : Loading assets: 1/344 (0%)
2024-09-05 18:47:01,191 : EventManager : Event: ======'loading_assets'====== Args={'total': 344, 'loaded': 156, 'remaining': 188, 'percent': 45}
2024-09-05 18:47:01,191 : AssetManager : Loading assets: 156/344 (45%)
2024-09-05 18:47:01,410 : EventManager : Event: ======'loading_assets'====== Args={'total': 344, 'loaded': 205, 'remaining': 139, 'percent': 60}
2024-09-05 18:47:01,410 : AssetManager : Loading assets: 205/344 (60%)
2024-09-05 18:47:01,592 : EventManager : Event: ======'loading_assets'====== Args={'total': 344, 'loaded': 344, 'remaining': 0, 'percent': 100}
2024-09-05 18:47:01,592 : AssetManager : Asset loading took: 0.9424798488616943
2024-09-05 18:47:01,592 : EventManager : Event: ======'asset_loading_complete'====== Args={}
2024-09-05 18:47:01,592 : AssetManager : Loading assets: 344/344 (100%)
2024-09-05 18:47:01,592 : EventManager : Event: ======'init_done'====== Args={}
2024-09-05 18:47:01,592 : MPF-MC BCP Server : Starting up on localhost port 5050
2024-09-05 18:47:01,596 : MPF-MC BCP Server : Waiting for a connection...
2024-09-05 18:47:01,656 : EventManager : Event: ======'client_disconnected'====== Args={'host': '127.0.0.1', 'port': 5050}
2024-09-05 18:47:01,871 : MPF-MC BCP Server : Received connection from: 127.0.0.1:49800
2024-09-05 18:47:01,873 : EventManager : Event: ======'client_connected'====== Args={'host': '127.0.0.1', 'port': 49800}
2024-09-05 18:47:01,873 : mpfmc : Initializing DMD
2024-09-05 18:47:01,883 : mpfmc : Setting DMD to 30fps
2024-09-05 18:47:01,890 : EventManager : Event: ======'machine_var_credits_string'====== Args={'value': 'FREE PLAY', 'prev_value': None, 'change': True}
2024-09-05 18:47:01,890 : EventManager : Event: ======'machine_var_player1_score'====== Args={'value': 0, 'prev_value': None, 'change': True}
2024-09-05 18:47:01,890 : EventManager : Event: ======'machine_var_mv_dmg_con_time'====== Args={'value': 9, 'prev_value': None, 'change': True}
2024-09-05 18:47:01,890 : EventManager : Event: ======'machine_var_mv_bomb_1_cost'====== Args={'value': 1, 'prev_value': None, 'change': True}
2024-09-05 18:47:01,890 : EventManager : Event: ======'machine_var_mv_bomb_2_cost'====== Args={'value': 1, 'prev_value': None, 'change': True}
2024-09-05 18:47:01,890 : EventManager : Event: ======'machine_var_mv_bomb_3_cost'====== Args={'value': 1, 'prev_value': None, 'change': True}
2024-09-05 18:47:01,890 : EventManager : Event: ======'machine_var_mv_bomb_4_cost'====== Args={'value': 1, 'prev_value': None, 'change': True}
2024-09-05 18:47:01,890 : EventManager : Event: ======'machine_var_mv_bomb_5_cost'====== Args={'value': 1, 'prev_value': None, 'change': True}
2024-09-05 18:47:01,890 : EventManager : Event: ======'machine_var_mv_bomb_6_cost'====== Args={'value': 1, 'prev_value': None, 'change': True}
2024-09-05 18:47:01,890 : EventManager : Event: ======'machine_var_mv_bomb_7_and_9_cost'====== Args={'value': 1, 'prev_value': None, 'change': True}
2024-09-05 18:47:01,890 : EventManager : Event: ======'machine_var_mv_bomb_8_cost'====== Args={'value': 1, 'prev_value': None, 'change': True}
2024-09-05 18:47:01,890 : EventManager : Event: ======'machine_var_mv_bomb_10_cost'====== Args={'value': 1, 'prev_value': None, 'change': True}
2024-09-05 18:47:01,891 : EventManager : Event: ======'machine_var_mv_bomb_mode_cost'====== Args={'value': 1, 'prev_value': None, 'change': True}
2024-09-05 18:47:01,891 : EventManager : Event: ======'machine_var_mpf_version'====== Args={'value': 'MPF v0.54.6', 'prev_value': None, 'change': True}
2024-09-05 18:47:01,891 : EventManager : Event: ======'machine_var_mpf_extended_version'====== Args={'value': 'MPF v0.54.6, Config version:5, Show version: 5, BCP version:1.1', 'prev_value': None, 'change': True}
2024-09-05 18:47:01,891 : EventManager : Event: ======'machine_var_python_version'====== Args={'value': '3.6.4', 'prev_value': None, 'change': True}
2024-09-05 18:47:01,891 : EventManager : Event: ======'machine_var_platform'====== Args={'value': 'Windows-10-10.0.19041-SP0', 'prev_value': None, 'change': True}
2024-09-05 18:47:01,891 : EventManager : Event: ======'machine_var_platform_system'====== Args={'value': 'Windows', 'prev_value': None, 'change': True}
2024-09-05 18:47:01,891 : EventManager : Event: ======'machine_var_platform_release'====== Args={'value': '10', 'prev_value': None, 'change': True}
2024-09-05 18:47:01,891 : EventManager : Event: ======'machine_var_platform_version'====== Args={'value': '10.0.19041', 'prev_value': None, 'change': True}
2024-09-05 18:47:01,891 : EventManager : Event: ======'machine_var_platform_machine'====== Args={'value': 'AMD64', 'prev_value': None, 'change': True}
2024-09-05 18:47:01,891 : EventManager : Event: ======'machine_var_score1_label'====== Args={'value': 'GRAND ADMIRAL', 'prev_value': None, 'change': True}
2024-09-05 18:47:01,891 : EventManager : Event: ======'machine_var_score1_name'====== Args={'value': 'SBA', 'prev_value': None, 'change': True}
2024-09-05 18:47:01,891 : EventManager : Event: ======'machine_var_score1_value'====== Args={'value': 1000000000, 'prev_value': None, 'change': True}
2024-09-05 18:47:01,891 : EventManager : Event: ======'machine_var_score2_label'====== Args={'value': 'ADMIRAL 1', 'prev_value': None, 'change': True}
2024-09-05 18:47:01,891 : EventManager : Event: ======'machine_var_score2_name'====== Args={'value': 'OCP', 'prev_value': None, 'change': True}
2024-09-05 18:47:01,891 : EventManager : Event: ======'machine_var_score2_value'====== Args={'value': 900000000, 'prev_value': None, 'change': True}
2024-09-05 18:47:01,891 : EventManager : Event: ======'machine_var_score3_label'====== Args={'value': 'ADMIRAL 2', 'prev_value': None, 'change': True}
2024-09-05 18:47:01,892 : EventManager : Event: ======'machine_var_score3_name'====== Args={'value': 'AND', 'prev_value': None, 'change': True}
2024-09-05 18:47:01,892 : EventManager : Event: ======'machine_var_score3_value'====== Args={'value': 800000000, 'prev_value': None, 'change': True}
2024-09-05 18:47:01,892 : EventManager : Event: ======'machine_var_score4_label'====== Args={'value': 'ADMIRAL 3', 'prev_value': None, 'change': True}
2024-09-05 18:47:01,892 : EventManager : Event: ======'machine_var_score4_name'====== Args={'value': 'W G', 'prev_value': None, 'change': True}
2024-09-05 18:47:01,892 : EventManager : Event: ======'machine_var_score4_value'====== Args={'value': 700000000, 'prev_value': None, 'change': True}
2024-09-05 18:47:01,892 : EventManager : Event: ======'machine_var_score5_label'====== Args={'value': 'ADMIRAL 4', 'prev_value': None, 'change': True}
2024-09-05 18:47:01,892 : EventManager : Event: ======'machine_var_score5_name'====== Args={'value': 'WOW', 'prev_value': None, 'change': True}
2024-09-05 18:47:01,892 : EventManager : Event: ======'machine_var_score5_value'====== Args={'value': 600000000, 'prev_value': None, 'change': True}
2024-09-05 18:47:01,892 : EventManager : Event: ======'machine_var_mc_version'====== Args={'value': 'MPF-MC v0.54.2', 'prev_value': None, 'change': True}
2024-09-05 18:47:01,892 : EventManager : Event: ======'machine_var_mc_extended_version'====== Args={'value': 'MPF-MC v0.54.2 (config_version=5, BCP v1.1, Requires MPF v0.54.0)', 'prev_value': None, 'change': True}
2024-09-05 18:47:01,906 : EventManager : Event: ======'machine_var_master_volume'====== Args={'value': 1.0, 'prev_value': None, 'change': True}
2024-09-05 18:47:02,057 : EventManager : Event: ======'machine_var_audits_events_game_ended'====== Args={'value': 1, 'prev_value': None, 'change': True}
2024-09-05 18:47:02,057 : EventManager : Event: ======'machine_var_audits_events_game_started'====== Args={'value': 653, 'prev_value': None, 'change': True}
2024-09-05 18:47:02,057 : EventManager : Event: ======'machine_var_audits_player_score'====== Args={'value': {'average': 0.0, 'top': [0], 'total': 1}, 'prev_value': None, 'change': True}
2024-09-05 18:47:02,057 : EventManager : Event: ======'machine_var_audits_shots_battle_shot'====== Args={'value': 66, 'prev_value': None, 'change': True}
2024-09-05 18:47:02,058 : EventManager : Event: ======'machine_var_audits_shots_confederate_1'====== Args={'value': 13, 'prev_value': None, 'change': True}
2024-09-05 18:47:02,058 : EventManager : Event: ======'machine_var_audits_shots_confederate_2'====== Args={'value': 235, 'prev_value': None, 'change': True}
2024-09-05 18:47:02,058 : EventManager : Event: ======'machine_var_audits_shots_confederate_3'====== Args={'value': 91, 'prev_value': None, 'change': True}
2024-09-05 18:47:02,058 : EventManager : Event: ======'machine_var_audits_shots_confederate_4'====== Args={'value': 29, 'prev_value': None, 'change': True}
2024-09-05 18:47:02,058 : EventManager : Event: ======'machine_var_audits_shots_confederate_5'====== Args={'value': 10, 'prev_value': None, 'change': True}
2024-09-05 18:47:02,058 : EventManager : Event: ======'machine_var_audits_shots_confederate_6'====== Args={'value': 399, 'prev_value': None, 'change': True}
2024-09-05 18:47:02,058 : EventManager : Event: ======'machine_var_audits_shots_detonation'====== Args={'value': 42, 'prev_value': None, 'change': True}
2024-09-05 18:47:02,058 : EventManager : Event: ======'machine_var_audits_shots_detonation_lit'====== Args={'value': 172, 'prev_value': None, 'change': True}
2024-09-05 18:47:02,058 : EventManager : Event: ======'machine_var_audits_shots_dmg_con_1'====== Args={'value': 96, 'prev_value': None, 'change': True}
2024-09-05 18:47:02,058 : EventManager : Event: ======'machine_var_audits_shots_dmg_con_2'====== Args={'value': 122, 'prev_value': None, 'change': True}
2024-09-05 18:47:02,058 : EventManager : Event: ======'machine_var_audits_shots_dmg_con_3'====== Args={'value': 84, 'prev_value': None, 'change': True}
2024-09-05 18:47:02,058 : EventManager : Event: ======'machine_var_audits_shots_dmg_con_4'====== Args={'value': 101, 'prev_value': None, 'change': True}
2024-09-05 18:47:02,058 : EventManager : Event: ======'machine_var_audits_shots_dmg_con_5'====== Args={'value': 78, 'prev_value': None, 'change': True}
2024-09-05 18:47:02,058 : EventManager : Event: ======'machine_var_audits_shots_dmg_con_6'====== Args={'value': 99, 'prev_value': None, 'change': True}
2024-09-05 18:47:02,059 : EventManager : Event: ======'machine_var_audits_shots_dmg_con_add_time_1'====== Args={'value': 32, 'prev_value': None, 'change': True}
2024-09-05 18:47:02,059 : EventManager : Event: ======'machine_var_audits_shots_dmg_con_add_time_2'====== Args={'value': 43, 'prev_value': None, 'change': True}
2024-09-05 18:47:02,059 : EventManager : Event: ======'machine_var_audits_shots_dmg_con_add_time_3'====== Args={'value': 24, 'prev_value': None, 'change': True}
2024-09-05 18:47:02,073 : EventManager : Event: ======'machine_var_audits_shots_dmg_con_add_time_4'====== Args={'value': 21, 'prev_value': None, 'change': True}
2024-09-05 18:47:02,090 : EventManager : Event: ======'machine_var_audits_shots_jackpot_1'====== Args={'value': 79, 'prev_value': None, 'change': True}
2024-09-05 18:47:02,090 : EventManager : Event: ======'machine_var_audits_shots_jackpot_2'====== Args={'value': 107, 'prev_value': None, 'change': True}
2024-09-05 18:47:02,090 : EventManager : Event: ======'machine_var_audits_shots_jackpot_3'====== Args={'value': 91, 'prev_value': None, 'change': True}
2024-09-05 18:47:02,091 : EventManager : Event: ======'machine_var_audits_shots_jackpot_4'====== Args={'value': 41, 'prev_value': None, 'change': True}
2024-09-05 18:47:02,091 : EventManager : Event: ======'machine_var_audits_shots_jackpot_5'====== Args={'value': 42, 'prev_value': None, 'change': True}
2024-09-05 18:47:02,091 : EventManager : Event: ======'machine_var_audits_shots_jackpot_6'====== Args={'value': 51, 'prev_value': None, 'change': True}
2024-09-05 18:47:02,091 : EventManager : Event: ======'machine_var_audits_shots_lane_A'====== Args={'value': 125, 'prev_value': None, 'change': True}
2024-09-05 18:47:02,091 : EventManager : Event: ======'machine_var_audits_shots_lane_B'====== Args={'value': 147, 'prev_value': None, 'change': True}
2024-09-05 18:47:02,091 : EventManager : Event: ======'machine_var_audits_shots_lane_C'====== Args={'value': 350, 'prev_value': None, 'change': True}
2024-09-05 18:47:02,091 : EventManager : Event: ======'machine_var_audits_shots_lane_D'====== Args={'value': 363, 'prev_value': None, 'change': True}
2024-09-05 18:47:02,091 : EventManager : Event: ======'machine_var_audits_shots_lane_E'====== Args={'value': 139, 'prev_value': None, 'change': True}
2024-09-05 18:47:02,091 : EventManager : Event: ======'machine_var_audits_shots_lock_lit_1'====== Args={'value': 1594, 'prev_value': None, 'change': True}
2024-09-05 18:47:02,091 : EventManager : Event: ======'machine_var_audits_shots_lock_lit_2'====== Args={'value': 1508, 'prev_value': None, 'change': True}
2024-09-05 18:47:02,092 : EventManager : Event: ======'machine_var_audits_shots_ricochet_1'====== Args={'value': 173, 'prev_value': None, 'change': True}
2024-09-05 18:47:02,092 : EventManager : Event: ======'machine_var_audits_shots_ricochet_2'====== Args={'value': 685, 'prev_value': None, 'change': True}
2024-09-05 18:47:02,092 : EventManager : Event: ======'machine_var_audits_shots_ricochet_3'====== Args={'value': 91, 'prev_value': None, 'change': True}
2024-09-05 18:47:02,092 : EventManager : Event: ======'machine_var_audits_shots_ricochet_4'====== Args={'value': 49, 'prev_value': None, 'change': True}
2024-09-05 18:47:02,092 : EventManager : Event: ======'machine_var_audits_shots_ricochet_5'====== Args={'value': 3, 'prev_value': None, 'change': True}
2024-09-05 18:47:02,092 : EventManager : Event: ======'machine_var_audits_switches_s_action_button'====== Args={'value': 46, 'prev_value': None, 'change': True}
2024-09-05 18:47:02,092 : EventManager : Event: ======'machine_var_audits_switches_s_bumper_1'====== Args={'value': 735, 'prev_value': None, 'change': True}
2024-09-05 18:47:02,092 : EventManager : Event: ======'machine_var_audits_switches_s_bumper_2'====== Args={'value': 223, 'prev_value': None, 'change': True}
2024-09-05 18:47:02,092 : EventManager : Event: ======'machine_var_audits_switches_s_bumper_3'====== Args={'value': 688, 'prev_value': None, 'change': True}
2024-09-05 18:47:02,092 : EventManager : Event: ======'machine_var_audits_switches_s_center_ramp'====== Args={'value': 114, 'prev_value': None, 'change': True}
2024-09-05 18:47:02,092 : EventManager : Event: ======'machine_var_audits_switches_s_citadel'====== Args={'value': 75, 'prev_value': None, 'change': True}
2024-09-05 18:47:02,092 : EventManager : Event: ======'machine_var_audits_switches_s_citadel_lock'====== Args={'value': 255, 'prev_value': None, 'change': True}
2024-09-05 18:47:02,093 : EventManager : Event: ======'machine_var_audits_switches_s_conning_tower'====== Args={'value': 4, 'prev_value': None, 'change': True}
2024-09-05 18:47:02,093 : EventManager : Event: ======'machine_var_audits_switches_s_detonation'====== Args={'value': 172, 'prev_value': None, 'change': True}
2024-09-05 18:47:02,093 : EventManager : Event: ======'machine_var_audits_switches_s_detonation_lit'====== Args={'value': 24, 'prev_value': None, 'change': True}
2024-09-05 18:47:02,093 : EventManager : Event: ======'machine_var_audits_switches_s_dmg_1'====== Args={'value': 2705, 'prev_value': None, 'change': True}
2024-09-05 18:47:02,093 : EventManager : Event: ======'machine_var_audits_switches_s_dmg_2'====== Args={'value': 65, 'prev_value': None, 'change': True}
2024-09-05 18:47:02,093 : EventManager : Event: ======'machine_var_audits_switches_s_dmg_3'====== Args={'value': 20, 'prev_value': None, 'change': True}
2024-09-05 18:47:02,093 : EventManager : Event: ======'machine_var_audits_switches_s_dmg_4'====== Args={'value': 27, 'prev_value': None, 'change': True}
2024-09-05 18:47:02,093 : EventManager : Event: ======'machine_var_audits_switches_s_dmg_5'====== Args={'value': 27, 'prev_value': None, 'change': True}
2024-09-05 18:47:02,093 : EventManager : Event: ======'machine_var_audits_switches_s_dmg_6'====== Args={'value': 140, 'prev_value': None, 'change': True}
2024-09-05 18:47:02,093 : EventManager : Event: ======'machine_var_audits_switches_s_dmg_7'====== Args={'value': 293, 'prev_value': None, 'change': True}
2024-09-05 18:47:02,093 : EventManager : Event: ======'machine_var_audits_switches_s_drop_target'====== Args={'value': 2094, 'prev_value': None, 'change': True}
2024-09-05 18:47:02,093 : EventManager : Event: ======'machine_var_audits_switches_s_jet_hole'====== Args={'value': 0, 'prev_value': None, 'change': True}
2024-09-05 18:47:02,094 : EventManager : Event: ======'machine_var_audits_switches_s_jet_lane'====== Args={'value': 1, 'prev_value': None, 'change': True}
2024-09-05 18:47:02,094 : EventManager : Event: ======'machine_var_audits_switches_s_kickback'====== Args={'value': 0, 'prev_value': None, 'change': True}
2024-09-05 18:47:02,094 : EventManager : Event: ======'machine_var_audits_switches_s_kickback_target_1'====== Args={'value': 1, 'prev_value': None, 'change': True}
2024-09-05 18:47:02,094 : EventManager : Event: ======'machine_var_audits_switches_s_kickback_target_2'====== Args={'value': 1, 'prev_value': None, 'change': True}
2024-09-05 18:47:02,094 : EventManager : Event: ======'machine_var_audits_switches_s_kickback_target_3'====== Args={'value': 7, 'prev_value': None, 'change': True}
2024-09-05 18:47:02,094 : EventManager : Event: ======'machine_var_audits_switches_s_kickback_terget_1'====== Args={'value': 0, 'prev_value': None, 'change': True}
2024-09-05 18:47:02,094 : EventManager : Event: ======'machine_var_audits_switches_s_left_flipper'====== Args={'value': 1472, 'prev_value': None, 'change': True}
2024-09-05 18:47:02,107 : EventManager : Event: ======'machine_var_audits_switches_s_left_hole'====== Args={'value': 0, 'prev_value': None, 'change': True}
2024-09-05 18:47:02,107 : EventManager : Event: ======'machine_var_audits_switches_s_left_inlane'====== Args={'value': 351, 'prev_value': None, 'change': True}
2024-09-05 18:47:02,107 : EventManager : Event: ======'machine_var_audits_switches_s_left_loop_made'====== Args={'value': 244, 'prev_value': None, 'change': True}
2024-09-05 18:47:02,107 : EventManager : Event: ======'machine_var_audits_switches_s_left_loop_pre'====== Args={'value': 201, 'prev_value': None, 'change': True}
2024-09-05 18:47:02,107 : EventManager : Event: ======'machine_var_audits_switches_s_left_mid_inlane'====== Args={'value': 147, 'prev_value': None, 'change': True}
2024-09-05 18:47:02,107 : EventManager : Event: ======'machine_var_audits_switches_s_left_outlane'====== Args={'value': 125, 'prev_value': None, 'change': True}
2024-09-05 18:47:02,107 : EventManager : Event: ======'machine_var_audits_switches_s_left_ramp_made'====== Args={'value': 2009, 'prev_value': None, 'change': True}
2024-09-05 18:47:02,107 : EventManager : Event: ======'machine_var_audits_switches_s_left_ramp_pre'====== Args={'value': 275, 'prev_value': None, 'change': True}
2024-09-05 18:47:02,108 : EventManager : Event: ======'machine_var_audits_switches_s_left_slingshot'====== Args={'value': 38, 'prev_value': None, 'change': True}
2024-09-05 18:47:02,108 : EventManager : Event: ======'machine_var_audits_switches_s_lock_1'====== Args={'value': 427, 'prev_value': None, 'change': True}
2024-09-05 18:47:02,108 : EventManager : Event: ======'machine_var_audits_switches_s_lock_2'====== Args={'value': 439, 'prev_value': None, 'change': True}
2024-09-05 18:47:02,108 : EventManager : Event: ======'machine_var_audits_switches_s_lock_3'====== Args={'value': 522, 'prev_value': None, 'change': True}
2024-09-05 18:47:02,108 : EventManager : Event: ======'machine_var_audits_switches_s_magnet_switch'====== Args={'value': 0, 'prev_value': None, 'change': True}
2024-09-05 18:47:02,108 : EventManager : Event: ======'machine_var_audits_switches_s_main_hole'====== Args={'value': 1062, 'prev_value': None, 'change': True}
2024-09-05 18:47:02,108 : EventManager : Event: ======'machine_var_audits_switches_s_pen_1'====== Args={'value': 819, 'prev_value': None, 'change': True}
2024-09-05 18:47:02,108 : EventManager : Event: ======'machine_var_audits_switches_s_pen_2'====== Args={'value': 96, 'prev_value': None, 'change': True}
2024-09-05 18:47:02,108 : EventManager : Event: ======'machine_var_audits_switches_s_pen_3'====== Args={'value': 322, 'prev_value': None, 'change': True}
2024-09-05 18:47:02,108 : EventManager : Event: ======'machine_var_audits_switches_s_pen_4'====== Args={'value': 5, 'prev_value': None, 'change': True}
2024-09-05 18:47:02,108 : EventManager : Event: ======'machine_var_audits_switches_s_pen_5'====== Args={'value': 2, 'prev_value': None, 'change': True}
2024-09-05 18:47:02,108 : EventManager : Event: ======'machine_var_audits_switches_s_pen_6'====== Args={'value': 8, 'prev_value': None, 'change': True}
2024-09-05 18:47:02,109 : EventManager : Event: ======'machine_var_audits_switches_s_plunger'====== Args={'value': 4102, 'prev_value': None, 'change': True}
2024-09-05 18:47:02,109 : EventManager : Event: ======'machine_var_audits_switches_s_plunger_button'====== Args={'value': 6, 'prev_value': None, 'change': True}
2024-09-05 18:47:02,109 : EventManager : Event: ======'machine_var_audits_switches_s_ricochet_1'====== Args={'value': 197, 'prev_value': None, 'change': True}
2024-09-05 18:47:02,109 : EventManager : Event: ======'machine_var_audits_switches_s_ricochet_2'====== Args={'value': 692, 'prev_value': None, 'change': True}
2024-09-05 18:47:02,109 : EventManager : Event: ======'machine_var_audits_switches_s_ricochet_3'====== Args={'value': 93, 'prev_value': None, 'change': True}
2024-09-05 18:47:02,109 : EventManager : Event: ======'machine_var_audits_switches_s_ricochet_4'====== Args={'value': 54, 'prev_value': None, 'change': True}
2024-09-05 18:47:02,109 : EventManager : Event: ======'machine_var_audits_switches_s_ricochet_5'====== Args={'value': 8, 'prev_value': None, 'change': True}
2024-09-05 18:47:02,109 : EventManager : Event: ======'machine_var_audits_switches_s_right_flipper'====== Args={'value': 4245, 'prev_value': None, 'change': True}
2024-09-05 18:47:02,109 : EventManager : Event: ======'machine_var_audits_switches_s_right_hole'====== Args={'value': 26, 'prev_value': None, 'change': True}
2024-09-05 18:47:02,109 : EventManager : Event: ======'machine_var_audits_switches_s_right_inlane'====== Args={'value': 365, 'prev_value': None, 'change': True}
2024-09-05 18:47:02,109 : EventManager : Event: ======'machine_var_audits_switches_s_right_loop_made'====== Args={'value': 84, 'prev_value': None, 'change': True}
2024-09-05 18:47:02,109 : EventManager : Event: ======'machine_var_audits_switches_s_right_loop_pre'====== Args={'value': 72, 'prev_value': None, 'change': True}
2024-09-05 18:47:02,109 : EventManager : Event: ======'machine_var_audits_switches_s_right_outlane'====== Args={'value': 141, 'prev_value': None, 'change': True}
2024-09-05 18:47:02,110 : EventManager : Event: ======'machine_var_audits_switches_s_right_ramp_made'====== Args={'value': 1706, 'prev_value': None, 'change': True}
2024-09-05 18:47:02,110 : EventManager : Event: ======'machine_var_audits_switches_s_right_ramp_pre'====== Args={'value': 83, 'prev_value': None, 'change': True}
2024-09-05 18:47:02,123 : EventManager : Event: ======'machine_var_audits_switches_s_right_slingshot'====== Args={'value': 134, 'prev_value': None, 'change': True}
2024-09-05 18:47:02,123 : EventManager : Event: ======'machine_var_audits_switches_s_right_small_ramp'====== Args={'value': 0, 'prev_value': None, 'change': True}
2024-09-05 18:47:02,123 : EventManager : Event: ======'machine_var_audits_switches_s_right_tunnel'====== Args={'value': 1, 'prev_value': None, 'change': True}
2024-09-05 18:47:02,123 : EventManager : Event: ======'machine_var_audits_switches_s_saucer'====== Args={'value': 1, 'prev_value': None, 'change': True}
2024-09-05 18:47:02,123 : EventManager : Event: ======'machine_var_audits_switches_s_side_hole'====== Args={'value': 318, 'prev_value': None, 'change': True}
2024-09-05 18:47:02,123 : EventManager : Event: ======'machine_var_audits_switches_s_side_ramp_made'====== Args={'value': 1132, 'prev_value': None, 'change': True}
2024-09-05 18:47:02,123 : EventManager : Event: ======'machine_var_audits_switches_s_side_ramp_pre'====== Args={'value': 113, 'prev_value': None, 'change': True}
2024-09-05 18:47:02,123 : EventManager : Event: ======'machine_var_audits_switches_s_spinner'====== Args={'value': 0, 'prev_value': None, 'change': True}
2024-09-05 18:47:02,123 : EventManager : Event: ======'machine_var_audits_switches_s_start'====== Args={'value': 150, 'prev_value': None, 'change': True}
2024-09-05 18:47:02,123 : EventManager : Event: ======'machine_var_audits_switches_s_torpedo'====== Args={'value': 739, 'prev_value': None, 'change': True}
2024-09-05 18:47:02,123 : EventManager : Event: ======'machine_var_audits_switches_s_torpedo_lane'====== Args={'value': 2, 'prev_value': None, 'change': True}
2024-09-05 18:47:02,124 : EventManager : Event: ======'machine_var_audits_switches_s_torpedo_pre'====== Args={'value': 0, 'prev_value': None, 'change': True}
2024-09-05 18:47:02,124 : EventManager : Event: ======'machine_var_audits_switches_s_trough1'====== Args={'value': 661, 'prev_value': None, 'change': True}
2024-09-05 18:47:02,124 : EventManager : Event: ======'machine_var_audits_switches_s_trough2'====== Args={'value': 108, 'prev_value': None, 'change': True}
2024-09-05 18:47:02,124 : EventManager : Event: ======'machine_var_audits_switches_s_trough3'====== Args={'value': 84, 'prev_value': None, 'change': True}
2024-09-05 18:47:02,124 : EventManager : Event: ======'machine_var_audits_switches_s_trough4'====== Args={'value': 36, 'prev_value': None, 'change': True}
2024-09-05 18:47:02,124 : EventManager : Event: ======'machine_var_audits_switches_s_trough5'====== Args={'value': 2, 'prev_value': None, 'change': True}
2024-09-05 18:47:02,124 : EventManager : Event: ======'machine_var_audits_switches_s_trough6'====== Args={'value': 1, 'prev_value': None, 'change': True}
2024-09-05 18:47:02,124 : EventManager : Event: ======'machine_var_audits_switches_s_trough_jam'====== Args={'value': 0, 'prev_value': None, 'change': True}
2024-09-05 18:47:02,156 : EventManager : Event: ======'mc_reset_phase_1'====== Args={}
2024-09-05 18:47:02,156 : EventManager : Event: ======'mc_reset_phase_2'====== Args={}
2024-09-05 18:47:02,156 : EventManager : Event: ======'mc_reset_phase_3'====== Args={}
2024-09-05 18:47:02,156 : EventManager : Event: ======'mc_reset_complete'====== Args={}
2024-09-05 18:47:02,173 : EventManager : Event: ======'slides_play'====== Args={'settings': {'attract_game_over_slide': {'widgets': [{'type': 'text', 'text': 'GAME OVER', 'style': ['big'], 'font_size': 15, 'y': 'center+0.5', '_default_settings': ['type', 'text', 'style', 'font_size', 'y'], 'x': None, 'anchor_x': 'center', 'anchor_y': 'center', 'round_anchor_x': None, 'round_anchor_y': None, 'opacity': 1.0, 'z': 0, 'reset_animations_events': {}, 'color': [1.0, 1.0, 1.0, 1.0], 'adjust_top': 0, 'adjust_bottom': 0, 'adjust_left': 0, 'adjust_right': 0, 'expire': None, 'key': None, 'widget': None, 'events_when_added': [], 'events_when_removed': [], 'bitmap_font': False, 'font_kerning': True, 'bold': False, 'italic': False, 'number_grouping': False, 'min_digits': 0, 'halign': 'center', 'valign': 'middle', 'rotation': 0, 'scale': 1.0, 'casing': None, 'animations': None}], 'target': None, 'background_color': [0.0, 0.0, 0.0, 1.0], 'priority': None, 'show': True, 'force': False, 'expire': None, 'slide': None, 'tokens': {}, 'action': 'play'}}, 'context': 'show_1', 'calling_context': 0, 'priority': 10, 'show_tokens': {}, 'start_time': 497.843}
2024-09-05 18:47:02,173 : mpfmc : SlidePlayer: Play called with settings={'attract_game_over_slide': {'widgets': [{'type': 'text', 'text': 'GAME OVER', 'style': ['big'], 'font_size': 15, 'y': 'center+0.5', '_default_settings': ['type', 'text', 'style', 'font_size', 'y'], 'x': None, 'anchor_x': 'center', 'anchor_y': 'center', 'round_anchor_x': None, 'round_anchor_y': None, 'opacity': 1.0, 'z': 0, 'reset_animations_events': {}, 'color': [1.0, 1.0, 1.0, 1.0], 'adjust_top': 0, 'adjust_bottom': 0, 'adjust_left': 0, 'adjust_right': 0, 'expire': None, 'key': None, 'widget': None, 'events_when_added': [], 'events_when_removed': [], 'bitmap_font': False, 'font_kerning': True, 'bold': False, 'italic': False, 'number_grouping': False, 'min_digits': 0, 'halign': 'center', 'valign': 'middle', 'rotation': 0, 'scale': 1.0, 'casing': None, 'animations': None}], 'target': None, 'background_color': [0.0, 0.0, 0.0, 1.0], 'priority': None, 'show': True, 'force': False, 'expire': None, 'slide': None, 'tokens': {}, 'action': 'play'}}
2024-09-05 18:47:02,178 : EventManager : Event: ======'slide_attract_game_over_slide_created'====== Args={}
2024-09-05 18:47:02,181 : EventManager : Event: ======'slide_attract_game_over_slide_active'====== Args={}
2024-09-05 18:47:04,157 : EventManager : Event: ======'slides_play'====== Args={'settings': {'end_mode_8_compIG': {'widgets': [{'type': 'text', 'text': 'ABCDEFGHIJKLM', 'x': '0', 'anchor_y': 'top', 'anchor_x': 'left', 'y': 'top', 'style': ['medium'], 'round_anchor_x': 'left', 'round_anchor_y': 'top', '_default_settings': ['type', 'text', 'x', 'anchor_y', 'anchor_x', 'y', 'style', 'round_anchor_x', 'round_anchor_y'], 'opacity': 1.0, 'z': 0, 'reset_animations_events': {}, 'color': [1.0, 1.0, 1.0, 1.0], 'adjust_top': 0, 'adjust_bottom': 0, 'adjust_left': 0, 'adjust_right': 0, 'expire': None, 'key': None, 'widget': None, 'events_when_added': [], 'events_when_removed': [], 'font_size': 15, 'bitmap_font': False, 'font_kerning': True, 'bold': False, 'italic': False, 'number_grouping': False, 'min_digits': 0, 'halign': 'center', 'valign': 'middle', 'rotation': 0, 'scale': 1.0, 'casing': None, 'animations': None}, {'type': 'text', 'text': 'NOPQRSTUVWXYZ', 'x': '0', 'anchor_y': 'top', 'anchor_x': 'left', 'y': 'top-11', 'style': ['medium'], 'round_anchor_x': 'left', 'round_anchor_y': 'top', '_default_settings': ['type', 'text', 'x', 'anchor_y', 'anchor_x', 'y', 'style', 'round_anchor_x', 'round_anchor_y'], 'opacity': 1.0, 'z': 0, 'reset_animations_events': {}, 'color': [1.0, 1.0, 1.0, 1.0], 'adjust_top': 0, 'adjust_bottom': 0, 'adjust_left': 0, 'adjust_right': 0, 'expire': None, 'key': None, 'widget': None, 'events_when_added': [], 'events_when_removed': [], 'font_size': 15, 'bitmap_font': False, 'font_kerning': True, 'bold': False, 'italic': False, 'number_grouping': False, 'min_digits': 0, 'halign': 'center', 'valign': 'middle', 'rotation': 0, 'scale': 1.0, 'casing': None, 'animations': None}, {'type': 'text', 'text': '0123456789.A', 'x': '0', 'anchor_y': 'top', 'anchor_x': 'left', 'y': 'top-22', 'style': ['medium'], 'round_anchor_x': 'left', 'round_anchor_y': 'top', '_default_settings': ['type', 'text', 'x', 'anchor_y', 'anchor_x', 'y', 'style', 'round_anchor_x', 'round_anchor_y'], 'opacity': 1.0, 'z': 0, 'reset_animations_events': {}, 'color': [1.0, 1.0, 1.0, 1.0], 'adjust_top': 0, 'adjust_bottom': 0, 'adjust_left': 0, 'adjust_right': 0, 'expire': None, 'key': None, 'widget': None, 'events_when_added': [], 'events_when_removed': [], 'font_size': 15, 'bitmap_font': False, 'font_kerning': True, 'bold': False, 'italic': False, 'number_grouping': False, 'min_digits': 0, 'halign': 'center', 'valign': 'middle', 'rotation': 0, 'scale': 1.0, 'casing': None, 'animations': None}], 'target': None, 'background_color': [0.0, 0.0, 0.0, 1.0], 'priority': None, 'show': True, 'force': False, 'expire': None, 'slide': None, 'tokens': {}, 'action': 'play'}}, 'context': 'show_1', 'calling_context': 1, 'priority': 10, 'show_tokens': {}, 'start_time': 499.843}
2024-09-05 18:47:04,157 : mpfmc : SlidePlayer: Play called with settings={'end_mode_8_compIG': {'widgets': [{'type': 'text', 'text': 'ABCDEFGHIJKLM', 'x': '0', 'anchor_y': 'top', 'anchor_x': 'left', 'y': 'top', 'style': ['medium'], 'round_anchor_x': 'left', 'round_anchor_y': 'top', '_default_settings': ['type', 'text', 'x', 'anchor_y', 'anchor_x', 'y', 'style', 'round_anchor_x', 'round_anchor_y'], 'opacity': 1.0, 'z': 0, 'reset_animations_events': {}, 'color': [1.0, 1.0, 1.0, 1.0], 'adjust_top': 0, 'adjust_bottom': 0, 'adjust_left': 0, 'adjust_right': 0, 'expire': None, 'key': None, 'widget': None, 'events_when_added': [], 'events_when_removed': [], 'font_size': 15, 'bitmap_font': False, 'font_kerning': True, 'bold': False, 'italic': False, 'number_grouping': False, 'min_digits': 0, 'halign': 'center', 'valign': 'middle', 'rotation': 0, 'scale': 1.0, 'casing': None, 'animations': None}, {'type': 'text', 'text': 'NOPQRSTUVWXYZ', 'x': '0', 'anchor_y': 'top', 'anchor_x': 'left', 'y': 'top-11', 'style': ['medium'], 'round_anchor_x': 'left', 'round_anchor_y': 'top', '_default_settings': ['type', 'text', 'x', 'anchor_y', 'anchor_x', 'y', 'style', 'round_anchor_x', 'round_anchor_y'], 'opacity': 1.0, 'z': 0, 'reset_animations_events': {}, 'color': [1.0, 1.0, 1.0, 1.0], 'adjust_top': 0, 'adjust_bottom': 0, 'adjust_left': 0, 'adjust_right': 0, 'expire': None, 'key': None, 'widget': None, 'events_when_added': [], 'events_when_removed': [], 'font_size': 15, 'bitmap_font': False, 'font_kerning': True, 'bold': False, 'italic': False, 'number_grouping': False, 'min_digits': 0, 'halign': 'center', 'valign': 'middle', 'rotation': 0, 'scale': 1.0, 'casing': None, 'animations': None}, {'type': 'text', 'text': '0123456789.A', 'x': '0', 'anchor_y': 'top', 'anchor_x': 'left', 'y': 'top-22', 'style': ['medium'], 'round_anchor_x': 'left', 'round_anchor_y': 'top', '_default_settings': ['type', 'text', 'x', 'anchor_y', 'anchor_x', 'y', 'style', 'round_anchor_x', 'round_anchor_y'], 'opacity': 1.0, 'z': 0, 'reset_animations_events': {}, 'color': [1.0, 1.0, 1.0, 1.0], 'adjust_top': 0, 'adjust_bottom': 0, 'adjust_left': 0, 'adjust_right': 0, 'expire': None, 'key': None, 'widget': None, 'events_when_added': [], 'events_when_removed': [], 'font_size': 15, 'bitmap_font': False, 'font_kerning': True, 'bold': False, 'italic': False, 'number_grouping': False, 'min_digits': 0, 'halign': 'center', 'valign': 'middle', 'rotation': 0, 'scale': 1.0, 'casing': None, 'animations': None}], 'target': None, 'background_color': [0.0, 0.0, 0.0, 1.0], 'priority': None, 'show': True, 'force': False, 'expire': None, 'slide': None, 'tokens': {}, 'action': 'play'}}
2024-09-05 18:47:04,164 : EventManager : Event: ======'slide_end_mode_8_compIG_created'====== Args={}
2024-09-05 18:47:04,169 : EventManager : Event: ======'slide_end_mode_8_compIG_active'====== Args={}
2024-09-05 18:47:06,156 : EventManager : Event: ======'slides_play'====== Args={'settings': {'end_mode_8_comp': {'widgets': [{'type': 'image', 'image': 'mode_8_desc_rev', 'x': '0', 'y': '0', 'z': 200, 'loops': 0, 'anchor_x': 'left', 'anchor_y': 'bottom', 'fps': 20, '_default_settings': ['type', 'image', 'x', 'y', 'z', 'loops', 'anchor_x', 'anchor_y', 'fps'], 'round_anchor_x': None, 'round_anchor_y': None, 'opacity': 1.0, 'reset_animations_events': {}, 'color': [1.0, 1.0, 1.0, 1.0], 'style': [], 'adjust_top': 0, 'adjust_bottom': 0, 'adjust_left': 0, 'adjust_right': 0, 'expire': None, 'key': None, 'widget': None, 'events_when_added': [], 'events_when_removed': [], 'auto_play': True, 'start_frame': 0, 'rotation': 0, 'scale': 1.0, 'animations': None}, {'type': 'text', 'text': 'TOTAL', 'x': '48', 'anchor_y': 'top', 'number_grouping': True, 'y': 'top-1', 'color': [0.0, 1.0, 0.0, 1], 'style': ['big'], 'round_anchor_x': 'left', 'round_anchor_y': 'top', '_default_settings': ['type', 'text', 'x', 'anchor_y', 'number_grouping', 'y', 'color', 'style', 'round_anchor_x', 'round_anchor_y'], 'anchor_x': 'center', 'opacity': 1.0, 'z': 0, 'reset_animations_events': {}, 'adjust_top': 0, 'adjust_bottom': 0, 'adjust_left': 0, 'adjust_right': 0, 'expire': None, 'key': None, 'widget': None, 'events_when_added': [], 'events_when_removed': [], 'font_size': 15, 'bitmap_font': False, 'font_kerning': True, 'bold': False, 'italic': False, 'min_digits': 0, 'halign': 'center', 'valign': 'middle', 'rotation': 0, 'scale': 1.0, 'casing': None, 'animations': None}, {'type': 'text', 'text': '120000000', 'x': '48', 'anchor_y': 'top', 'number_grouping': True, 'y': 'top-12', 'style': ['big'], 'round_anchor_x': 'left', 'round_anchor_y': 'top', '_default_settings': ['type', 'text', 'x', 'anchor_y', 'number_grouping', 'y', 'style', 'round_anchor_x', 'round_anchor_y'], 'anchor_x': 'center', 'opacity': 1.0, 'z': 0, 'reset_animations_events': {}, 'color': [1.0, 1.0, 1.0, 1.0], 'adjust_top': 0, 'adjust_bottom': 0, 'adjust_left': 0, 'adjust_right': 0, 'expire': None, 'key': None, 'widget': None, 'events_when_added': [], 'events_when_removed': [], 'font_size': 15, 'bitmap_font': False, 'font_kerning': True, 'bold': False, 'italic': False, 'min_digits': 0, 'halign': 'center', 'valign': 'middle', 'rotation': 0, 'scale': 1.0, 'casing': None, 'animations': None}, {'type': 'text', 'text': '+3 CONSUMEABLE', 'x': '48', 'anchor_y': 'top', 'y': 'top-25', 'style': ['medium'], 'color': [1.0, 0.0, 0.0, 1], 'round_anchor_x': 'left', 'round_anchor_y': 'top', 'animations': {'add_to_slide': [{'property': ['opacity'], 'value': ['0'], 'duration': 0.1, 'easing': 'in_out_expo', 'relative': False, 'timing': 'after_previous', 'repeat': False}, {'property': ['opacity'], 'timing': 'after_previous', 'value': ['1'], 'duration': 0.1, 'easing': 'in_out_expo', 'repeat': True, 'relative': False}]}, '_default_settings': ['type', 'text', 'x', 'anchor_y', 'y', 'style', 'color', 'round_anchor_x', 'round_anchor_y', 'animations'], 'anchor_x': 'center', 'opacity': 1.0, 'z': 0, 'reset_animations_events': {}, 'adjust_top': 0, 'adjust_bottom': 0, 'adjust_left': 0, 'adjust_right': 0, 'expire': None, 'key': None, 'widget': None, 'events_when_added': [], 'events_when_removed': [], 'font_size': 15, 'bitmap_font': False, 'font_kerning': True, 'bold': False, 'italic': False, 'number_grouping': False, 'min_digits': 0, 'halign': 'center', 'valign': 'middle', 'rotation': 0, 'scale': 1.0, 'casing': None}, {'type': 'image', 'image': 'radar_icon', 'x': '112', 'y': 'middle', 'z': 100, 'round_anchor_x': 'left', 'round_anchor_y': 'top', 'animations': {'left_to_right_mode_end_icon': [{'property': ['x'], 'relative': True, 'value': ['96'], 'duration': 0.2, 'timing': 'after_previous', 'repeat': False, 'easing': 'linear'}]}, '_default_settings': ['type', 'image', 'x', 'y', 'z', 'round_anchor_x', 'round_anchor_y', 'animations'], 'anchor_x': 'center', 'anchor_y': 'center', 'opacity': 1.0, 'reset_animations_events': {}, 'color': [1.0, 1.0, 1.0, 1.0], 'style': [], 'adjust_top': 0, 'adjust_bottom': 0, 'adjust_left': 0, 'adjust_right': 0, 'expire': None, 'key': None, 'widget': None, 'events_when_added': [], 'events_when_removed': [], 'fps': 10, 'loops': -1, 'auto_play': True, 'start_frame': 0, 'rotation': 0, 'scale': 1.0}], 'target': None, 'background_color': [0.0, 0.0, 0.0, 1.0], 'priority': None, 'show': True, 'force': False, 'expire': None, 'slide': None, 'tokens': {}, 'action': 'play'}}, 'context': 'show_1', 'calling_context': 2, 'priority': 10, 'show_tokens': {}, 'start_time': 501.843}
2024-09-05 18:47:06,157 : mpfmc : SlidePlayer: Play called with settings={'end_mode_8_comp': {'widgets': [{'type': 'image', 'image': 'mode_8_desc_rev', 'x': '0', 'y': '0', 'z': 200, 'loops': 0, 'anchor_x': 'left', 'anchor_y': 'bottom', 'fps': 20, '_default_settings': ['type', 'image', 'x', 'y', 'z', 'loops', 'anchor_x', 'anchor_y', 'fps'], 'round_anchor_x': None, 'round_anchor_y': None, 'opacity': 1.0, 'reset_animations_events': {}, 'color': [1.0, 1.0, 1.0, 1.0], 'style': [], 'adjust_top': 0, 'adjust_bottom': 0, 'adjust_left': 0, 'adjust_right': 0, 'expire': None, 'key': None, 'widget': None, 'events_when_added': [], 'events_when_removed': [], 'auto_play': True, 'start_frame': 0, 'rotation': 0, 'scale': 1.0, 'animations': None}, {'type': 'text', 'text': 'TOTAL', 'x': '48', 'anchor_y': 'top', 'number_grouping': True, 'y': 'top-1', 'color': [0.0, 1.0, 0.0, 1], 'style': ['big'], 'round_anchor_x': 'left', 'round_anchor_y': 'top', '_default_settings': ['type', 'text', 'x', 'anchor_y', 'number_grouping', 'y', 'color', 'style', 'round_anchor_x', 'round_anchor_y'], 'anchor_x': 'center', 'opacity': 1.0, 'z': 0, 'reset_animations_events': {}, 'adjust_top': 0, 'adjust_bottom': 0, 'adjust_left': 0, 'adjust_right': 0, 'expire': None, 'key': None, 'widget': None, 'events_when_added': [], 'events_when_removed': [], 'font_size': 15, 'bitmap_font': False, 'font_kerning': True, 'bold': False, 'italic': False, 'min_digits': 0, 'halign': 'center', 'valign': 'middle', 'rotation': 0, 'scale': 1.0, 'casing': None, 'animations': None}, {'type': 'text', 'text': '120000000', 'x': '48', 'anchor_y': 'top', 'number_grouping': True, 'y': 'top-12', 'style': ['big'], 'round_anchor_x': 'left', 'round_anchor_y': 'top', '_default_settings': ['type', 'text', 'x', 'anchor_y', 'number_grouping', 'y', 'style', 'round_anchor_x', 'round_anchor_y'], 'anchor_x': 'center', 'opacity': 1.0, 'z': 0, 'reset_animations_events': {}, 'color': [1.0, 1.0, 1.0, 1.0], 'adjust_top': 0, 'adjust_bottom': 0, 'adjust_left': 0, 'adjust_right': 0, 'expire': None, 'key': None, 'widget': None, 'events_when_added': [], 'events_when_removed': [], 'font_size': 15, 'bitmap_font': False, 'font_kerning': True, 'bold': False, 'italic': False, 'min_digits': 0, 'halign': 'center', 'valign': 'middle', 'rotation': 0, 'scale': 1.0, 'casing': None, 'animations': None}, {'type': 'text', 'text': '+3 CONSUMEABLE', 'x': '48', 'anchor_y': 'top', 'y': 'top-25', 'style': ['medium'], 'color': [1.0, 0.0, 0.0, 1], 'round_anchor_x': 'left', 'round_anchor_y': 'top', 'animations': {'add_to_slide': [{'property': ['opacity'], 'value': ['0'], 'duration': 0.1, 'easing': 'in_out_expo', 'relative': False, 'timing': 'after_previous', 'repeat': False}, {'property': ['opacity'], 'timing': 'after_previous', 'value': ['1'], 'duration': 0.1, 'easing': 'in_out_expo', 'repeat': True, 'relative': False}]}, '_default_settings': ['type', 'text', 'x', 'anchor_y', 'y', 'style', 'color', 'round_anchor_x', 'round_anchor_y', 'animations'], 'anchor_x': 'center', 'opacity': 1.0, 'z': 0, 'reset_animations_events': {}, 'adjust_top': 0, 'adjust_bottom': 0, 'adjust_left': 0, 'adjust_right': 0, 'expire': None, 'key': None, 'widget': None, 'events_when_added': [], 'events_when_removed': [], 'font_size': 15, 'bitmap_font': False, 'font_kerning': True, 'bold': False, 'italic': False, 'number_grouping': False, 'min_digits': 0, 'halign': 'center', 'valign': 'middle', 'rotation': 0, 'scale': 1.0, 'casing': None}, {'type': 'image', 'image': 'radar_icon', 'x': '112', 'y': 'middle', 'z': 100, 'round_anchor_x': 'left', 'round_anchor_y': 'top', 'animations': {'left_to_right_mode_end_icon': [{'property': ['x'], 'relative': True, 'value': ['96'], 'duration': 0.2, 'timing': 'after_previous', 'repeat': False, 'easing': 'linear'}]}, '_default_settings': ['type', 'image', 'x', 'y', 'z', 'round_anchor_x', 'round_anchor_y', 'animations'], 'anchor_x': 'center', 'anchor_y': 'center', 'opacity': 1.0, 'reset_animations_events': {}, 'color': [1.0, 1.0, 1.0, 1.0], 'style': [], 'adjust_top': 0, 'adjust_bottom': 0, 'adjust_left': 0, 'adjust_right': 0, 'expire': None, 'key': None, 'widget': None, 'events_when_added': [], 'events_when_removed': [], 'fps': 10, 'loops': -1, 'auto_play': True, 'start_frame': 0, 'rotation': 0, 'scale': 1.0}], 'target': None, 'background_color': [0.0, 0.0, 0.0, 1.0], 'priority': None, 'show': True, 'force': False, 'expire': None, 'slide': None, 'tokens': {}, 'action': 'play'}}
2024-09-05 18:47:06,167 : EventManager : Event: ======'slide_end_mode_8_comp_created'====== Args={}
2024-09-05 18:47:06,172 : EventManager : Event: ======'slide_end_mode_8_comp_active'====== Args={}
2024-09-05 18:47:07,556 : EventManager : Event: ======'game_started'====== Args={}
2024-09-05 18:47:07,557 : EventManager : Event: ======'slides_clear'====== Args={'context': 'show_1'}
2024-09-05 18:47:07,558 : EventManager : Unordered handler for class McConfigPlayer.widgets on event slide_base_slide_created with priority 0. Handlers: [RegisteredHandler(callback=<bound method McWidgetPlayer._add_widget_to_slide_when_active of McConfigPlayer.widgets>, priority=0, kwargs={'slide_name': 'base_slide', 'widget': 'base_score_widget', 's': {'slide': 'base_slide', 'key': 'game-base_score_widget', 'target': None}, 'play_kwargs': {}}, key=UUID('db003331-bb9c-46dc-9bad-c5752e79b6a2'), condition=None, blocking_facility=None), RegisteredHandler(callback=<bound method McWidgetPlayer._add_widget_to_slide_when_active of McConfigPlayer.widgets>, priority=0, kwargs={'slide_name': 'base_slide', 'widget': 'base_level_widget', 's': {'slide': 'base_slide', 'key': 'game-base_level_widget', 'target': None}, 'play_kwargs': {}}, key=UUID('b4081376-3a9d-4610-b588-76230b8980cc'), condition=None, blocking_facility=None)]. The order of those handlers is not defined and they will be executed in random order. This might lead to race conditions and potential bugs.
2024-09-05 18:47:07,558 : EventManager : Unordered handler for class McConfigPlayer.widgets on event slide_base_slide_created with priority 0. Handlers: [RegisteredHandler(callback=<bound method McWidgetPlayer._add_widget_to_slide_when_active of McConfigPlayer.widgets>, priority=0, kwargs={'slide_name': 'base_slide', 'widget': 'base_score_widget', 's': {'slide': 'base_slide', 'key': 'game-base_score_widget', 'target': None}, 'play_kwargs': {}}, key=UUID('db003331-bb9c-46dc-9bad-c5752e79b6a2'), condition=None, blocking_facility=None), RegisteredHandler(callback=<bound method McWidgetPlayer._add_widget_to_slide_when_active of McConfigPlayer.widgets>, priority=0, kwargs={'slide_name': 'base_slide', 'widget': 'base_level_widget', 's': {'slide': 'base_slide', 'key': 'game-base_level_widget', 'target': None}, 'play_kwargs': {}}, key=UUID('b4081376-3a9d-4610-b588-76230b8980cc'), condition=None, blocking_facility=None), RegisteredHandler(callback=<bound method McWidgetPlayer._add_widget_to_slide_when_active of McConfigPlayer.widgets>, priority=0, kwargs={'slide_name': 'base_slide', 'widget': 'base_ball_widget', 's': {'slide': 'base_slide', 'key': 'game-base_ball_widget', 'target': None}, 'play_kwargs': {}}, key=UUID('ab8944ad-b33a-4254-8617-d7865ee8e094'), condition=None, blocking_facility=None)]. The order of those handlers is not defined and they will be executed in random order. This might lead to race conditions and potential bugs.
2024-09-05 18:47:07,558 : EventManager : Unordered handler for class McConfigPlayer.widgets on event slide_base_slide_created with priority 0. Handlers: [RegisteredHandler(callback=<bound method McWidgetPlayer._add_widget_to_slide_when_active of McConfigPlayer.widgets>, priority=0, kwargs={'slide_name': 'base_slide', 'widget': 'base_score_widget', 's': {'slide': 'base_slide', 'key': 'game-base_score_widget', 'target': None}, 'play_kwargs': {}}, key=UUID('db003331-bb9c-46dc-9bad-c5752e79b6a2'), condition=None, blocking_facility=None), RegisteredHandler(callback=<bound method McWidgetPlayer._add_widget_to_slide_when_active of McConfigPlayer.widgets>, priority=0, kwargs={'slide_name': 'base_slide', 'widget': 'base_level_widget', 's': {'slide': 'base_slide', 'key': 'game-base_level_widget', 'target': None}, 'play_kwargs': {}}, key=UUID('b4081376-3a9d-4610-b588-76230b8980cc'), condition=None, blocking_facility=None), RegisteredHandler(callback=<bound method McWidgetPlayer._add_widget_to_slide_when_active of McConfigPlayer.widgets>, priority=0, kwargs={'slide_name': 'base_slide', 'widget': 'base_ball_widget', 's': {'slide': 'base_slide', 'key': 'game-base_ball_widget', 'target': None}, 'play_kwargs': {}}, key=UUID('ab8944ad-b33a-4254-8617-d7865ee8e094'), condition=None, blocking_facility=None)]. The order of those handlers is not defined and they will be executed in random order. This might lead to race conditions and potential bugs.
2024-09-05 18:47:07,558 : EventManager : Unordered handler for class McConfigPlayer.widgets on event slide_status_report_scores_created with priority 0. Handlers: [RegisteredHandler(callback=<bound method McWidgetPlayer._add_widget_to_slide_when_active of McConfigPlayer.widgets>, priority=0, kwargs={'slide_name': 'status_report_scores', 'widget': 'sr_base_score_widget', 's': {'slide': 'status_report_scores', 'key': '_global-sr_base_score_widget', 'target': None}, 'play_kwargs': {}}, key=UUID('aab6c5b9-747b-4b78-bdf0-65e7a9858da8'), condition=None, blocking_facility=None), RegisteredHandler(callback=<bound method McWidgetPlayer._add_widget_to_slide_when_active of McConfigPlayer.widgets>, priority=0, kwargs={'slide_name': 'status_report_scores', 'widget': 'sr_base_level_widget', 's': {'slide': 'status_report_scores', 'key': '_global-sr_base_level_widget', 'target': None}, 'play_kwargs': {}}, key=UUID('90281415-a7c9-4fc5-b166-3ea4f42471d1'), condition=None, blocking_facility=None)]. The order of those handlers is not defined and they will be executed in random order. This might lead to race conditions and potential bugs.
2024-09-05 18:47:07,559 : EventManager : Unordered handler for class McConfigPlayer.widgets on event slide_status_report_scores_created with priority 0. Handlers: [RegisteredHandler(callback=<bound method McWidgetPlayer._add_widget_to_slide_when_active of McConfigPlayer.widgets>, priority=0, kwargs={'slide_name': 'status_report_scores', 'widget': 'sr_base_score_widget', 's': {'slide': 'status_report_scores', 'key': '_global-sr_base_score_widget', 'target': None}, 'play_kwargs': {}}, key=UUID('aab6c5b9-747b-4b78-bdf0-65e7a9858da8'), condition=None, blocking_facility=None), RegisteredHandler(callback=<bound method McWidgetPlayer._add_widget_to_slide_when_active of McConfigPlayer.widgets>, priority=0, kwargs={'slide_name': 'status_report_scores', 'widget': 'sr_base_level_widget', 's': {'slide': 'status_report_scores', 'key': '_global-sr_base_level_widget', 'target': None}, 'play_kwargs': {}}, key=UUID('90281415-a7c9-4fc5-b166-3ea4f42471d1'), condition=None, blocking_facility=None), RegisteredHandler(callback=<bound method McWidgetPlayer._add_widget_to_slide_when_active of McConfigPlayer.widgets>, priority=0, kwargs={'slide_name': 'status_report_scores', 'widget': 'sr_base_ball_widget', 's': {'slide': 'status_report_scores', 'key': '_global-sr_base_ball_widget', 'target': None}, 'play_kwargs': {}}, key=UUID('32118254-6062-4f1d-8b24-f267636a0995'), condition=None, blocking_facility=None)]. The order of those handlers is not defined and they will be executed in random order. This might lead to race conditions and potential bugs.
2024-09-05 18:47:07,559 : EventManager : Unordered handler for class McConfigPlayer.widgets on event slide_status_report_scores_created with priority 0. Handlers: [RegisteredHandler(callback=<bound method McWidgetPlayer._add_widget_to_slide_when_active of McConfigPlayer.widgets>, priority=0, kwargs={'slide_name': 'status_report_scores', 'widget': 'sr_base_score_widget', 's': {'slide': 'status_report_scores', 'key': '_global-sr_base_score_widget', 'target': None}, 'play_kwargs': {}}, key=UUID('aab6c5b9-747b-4b78-bdf0-65e7a9858da8'), condition=None, blocking_facility=None), RegisteredHandler(callback=<bound method McWidgetPlayer._add_widget_to_slide_when_active of McConfigPlayer.widgets>, priority=0, kwargs={'slide_name': 'status_report_scores', 'widget': 'sr_base_level_widget', 's': {'slide': 'status_report_scores', 'key': '_global-sr_base_level_widget', 'target': None}, 'play_kwargs': {}}, key=UUID('90281415-a7c9-4fc5-b166-3ea4f42471d1'), condition=None, blocking_facility=None), RegisteredHandler(callback=<bound method McWidgetPlayer._add_widget_to_slide_when_active of McConfigPlayer.widgets>, priority=0, kwargs={'slide_name': 'status_report_scores', 'widget': 'sr_base_ball_widget', 's': {'slide': 'status_report_scores', 'key': '_global-sr_base_ball_widget', 'target': None}, 'play_kwargs': {}}, key=UUID('32118254-6062-4f1d-8b24-f267636a0995'), condition=None, blocking_facility=None)]. The order of those handlers is not defined and they will be executed in random order. This might lead to race conditions and potential bugs.
2024-09-05 18:47:07,560 : EventManager : Event: ======'slide_attract_game_over_slide_removed'====== Args={}
2024-09-05 18:47:07,561 : EventManager : Event: ======'slide_end_mode_8_compIG_removed'====== Args={}
2024-09-05 18:47:07,563 : EventManager : Event: ======'slide_end_mode_8_comp_removed'====== Args={}
2024-09-05 18:47:07,564 : EventManager : Event: ======'slide_dmd_blank_active'====== Args={}
2024-09-05 18:47:07,590 : EventManager : Event: ======'player_added'====== Args={'player': <Player 1>, 'num': 1}
2024-09-05 18:47:07,590 : EventManager : Event: ======'player_index'====== Args={'value': 0, 'prev_value': 0, 'change': 0, 'player_num': 1}
2024-09-05 18:47:07,590 : EventManager : Event: ======'player_number'====== Args={'value': 1, 'prev_value': 1, 'change': 0, 'player_num': 1}
2024-09-05 18:47:07,590 : EventManager : Event: ======'player_score'====== Args={'value': 0, 'prev_value': 0, 'change': 0, 'player_num': 1}
2024-09-05 18:47:07,590 : EventManager : Event: ======'player_ReceivedDMG'====== Args={'value': 0, 'prev_value': 0, 'change': 0, 'player_num': 1}
2024-09-05 18:47:07,591 : EventManager : Event: ======'player_DMGValue'====== Args={'value': 10000000, 'prev_value': 0, 'change': 10000000, 'player_num': 1}
2024-09-05 18:47:07,591 : EventManager : Event: ======'player_JetValue'====== Args={'value': 5000000, 'prev_value': 0, 'change': 5000000, 'player_num': 1}
2024-09-05 18:47:07,591 : EventManager : Event: ======'player_BonusX'====== Args={'value': 0, 'prev_value': 0, 'change': 0, 'player_num': 1}
2024-09-05 18:47:07,591 : EventManager : Event: ======'player_m1shotmade'====== Args={'value': 0, 'prev_value': 0, 'change': 0, 'player_num': 1}
2024-09-05 18:47:07,591 : EventManager : Event: ======'player_m2shotmade'====== Args={'value': 0, 'prev_value': 0, 'change': 0, 'player_num': 1}
2024-09-05 18:47:07,591 : EventManager : Event: ======'player_m3shotmade'====== Args={'value': 0, 'prev_value': 0, 'change': 0, 'player_num': 1}
2024-09-05 18:47:07,592 : EventManager : Event: ======'player_m4shotmade'====== Args={'value': 0, 'prev_value': 0, 'change': 0, 'player_num': 1}
2024-09-05 18:47:07,592 : EventManager : Event: ======'player_m5shotmade'====== Args={'value': 0, 'prev_value': 0, 'change': 0, 'player_num': 1}
2024-09-05 18:47:07,592 : EventManager : Event: ======'player_m6shotmade'====== Args={'value': 0, 'prev_value': 0, 'change': 0, 'player_num': 1}
2024-09-05 18:47:07,592 : EventManager : Event: ======'player_m7shotmade'====== Args={'value': 0, 'prev_value': 0, 'change': 0, 'player_num': 1}
2024-09-05 18:47:07,592 : EventManager : Event: ======'player_m8shotmade'====== Args={'value': 0, 'prev_value': 0, 'change': 0, 'player_num': 1}
2024-09-05 18:47:07,592 : EventManager : Event: ======'player_m9shotmade'====== Args={'value': 0, 'prev_value': 0, 'change': 0, 'player_num': 1}
2024-09-05 18:47:07,592 : EventManager : Event: ======'player_m1_active'====== Args={'value': 0, 'prev_value': 0, 'change': 0, 'player_num': 1}
2024-09-05 18:47:07,607 : EventManager : Event: ======'player_m2_active'====== Args={'value': 0, 'prev_value': 0, 'change': 0, 'player_num': 1}
2024-09-05 18:47:07,607 : EventManager : Event: ======'player_m3_active'====== Args={'value': 0, 'prev_value': 0, 'change': 0, 'player_num': 1}
2024-09-05 18:47:07,607 : EventManager : Event: ======'player_m4_active'====== Args={'value': 0, 'prev_value': 0, 'change': 0, 'player_num': 1}
2024-09-05 18:47:07,607 : EventManager : Event: ======'player_m5_active'====== Args={'value': 0, 'prev_value': 0, 'change': 0, 'player_num': 1}
2024-09-05 18:47:07,607 : EventManager : Event: ======'player_m6_active'====== Args={'value': 0, 'prev_value': 0, 'change': 0, 'player_num': 1}
2024-09-05 18:47:07,607 : EventManager : Event: ======'player_m7_active'====== Args={'value': 0, 'prev_value': 0, 'change': 0, 'player_num': 1}
2024-09-05 18:47:07,607 : EventManager : Event: ======'player_m8_active'====== Args={'value': 0, 'prev_value': 0, 'change': 0, 'player_num': 1}
2024-09-05 18:47:07,608 : EventManager : Event: ======'player_m9_active'====== Args={'value': 0, 'prev_value': 0, 'change': 0, 'player_num': 1}
2024-09-05 18:47:07,608 : EventManager : Event: ======'player_m1shotremaining'====== Args={'value': 4, 'prev_value': 0, 'change': 4, 'player_num': 1}
2024-09-05 18:47:07,608 : EventManager : Event: ======'player_m2shotremaining'====== Args={'value': 20, 'prev_value': 0, 'change': 20, 'player_num': 1}
2024-09-05 18:47:07,608 : EventManager : Event: ======'player_m3shotremaining'====== Args={'value': 4, 'prev_value': 0, 'change': 4, 'player_num': 1}
2024-09-05 18:47:07,608 : EventManager : Event: ======'player_m4shotremaining'====== Args={'value': 4, 'prev_value': 0, 'change': 4, 'player_num': 1}
2024-09-05 18:47:07,608 : EventManager : Event: ======'player_m5shotremaining'====== Args={'value': 4, 'prev_value': 0, 'change': 4, 'player_num': 1}
2024-09-05 18:47:07,608 : EventManager : Event: ======'player_m6shotremaining'====== Args={'value': 4, 'prev_value': 0, 'change': 4, 'player_num': 1}
2024-09-05 18:47:07,608 : EventManager : Event: ======'player_m7shotremaining'====== Args={'value': 4, 'prev_value': 0, 'change': 4, 'player_num': 1}
2024-09-05 18:47:07,608 : EventManager : Event: ======'player_m8shotremaining'====== Args={'value': 4, 'prev_value': 0, 'change': 4, 'player_num': 1}
2024-09-05 18:47:07,609 : EventManager : Event: ======'player_m9shotremaining'====== Args={'value': 4, 'prev_value': 0, 'change': 4, 'player_num': 1}
2024-09-05 18:47:07,609 : EventManager : Event: ======'player_m1entrynumber_m'====== Args={'value': 1, 'prev_value': 0, 'change': 1, 'player_num': 1}
2024-09-05 18:47:07,609 : EventManager : Event: ======'player_m2entrynumber_m'====== Args={'value': 1, 'prev_value': 0, 'change': 1, 'player_num': 1}
2024-09-05 18:47:07,609 : EventManager : Event: ======'player_m3entrynumber_m'====== Args={'value': 1, 'prev_value': 0, 'change': 1, 'player_num': 1}
2024-09-05 18:47:07,609 : EventManager : Event: ======'player_m4entrynumber_m'====== Args={'value': 1, 'prev_value': 0, 'change': 1, 'player_num': 1}
2024-09-05 18:47:07,609 : EventManager : Event: ======'player_m5entrynumber_m'====== Args={'value': 1, 'prev_value': 0, 'change': 1, 'player_num': 1}
2024-09-05 18:47:07,609 : EventManager : Event: ======'player_m6entrynumber_m'====== Args={'value': 1, 'prev_value': 0, 'change': 1, 'player_num': 1}
2024-09-05 18:47:07,609 : EventManager : Event: ======'player_m7entrynumber_m'====== Args={'value': 1, 'prev_value': 0, 'change': 1, 'player_num': 1}
2024-09-05 18:47:07,609 : EventManager : Event: ======'player_m8entrynumber_m'====== Args={'value': 1, 'prev_value': 0, 'change': 1, 'player_num': 1}
2024-09-05 18:47:07,609 : EventManager : Event: ======'player_m9entrynumber_m'====== Args={'value': 1, 'prev_value': 0, 'change': 1, 'player_num': 1}
2024-09-05 18:47:07,610 : EventManager : Event: ======'player_m1entrynumber'====== Args={'value': 0, 'prev_value': 0, 'change': 0, 'player_num': 1}
2024-09-05 18:47:07,610 : EventManager : Event: ======'player_m2entrynumber'====== Args={'value': 0, 'prev_value': 0, 'change': 0, 'player_num': 1}
2024-09-05 18:47:07,610 : EventManager : Event: ======'player_m3entrynumber'====== Args={'value': 0, 'prev_value': 0, 'change': 0, 'player_num': 1}
2024-09-05 18:47:07,610 : EventManager : Event: ======'player_m4entrynumber'====== Args={'value': 0, 'prev_value': 0, 'change': 0, 'player_num': 1}
2024-09-05 18:47:07,610 : EventManager : Event: ======'player_m5entrynumber'====== Args={'value': 0, 'prev_value': 0, 'change': 0, 'player_num': 1}
2024-09-05 18:47:07,611 : EventManager : Event: ======'player_m6entrynumber'====== Args={'value': 0, 'prev_value': 0, 'change': 0, 'player_num': 1}
2024-09-05 18:47:07,611 : EventManager : Event: ======'player_m7entrynumber'====== Args={'value': 0, 'prev_value': 0, 'change': 0, 'player_num': 1}
2024-09-05 18:47:07,611 : EventManager : Event: ======'player_m8entrynumber'====== Args={'value': 0, 'prev_value': 0, 'change': 0, 'player_num': 1}
2024-09-05 18:47:07,611 : EventManager : Event: ======'player_m9entrynumber'====== Args={'value': 0, 'prev_value': 0, 'change': 0, 'player_num': 1}
2024-09-05 18:47:07,611 : EventManager : Event: ======'player_m10_finished'====== Args={'value': 0, 'prev_value': 0, 'change': 0, 'player_num': 1}
2024-09-05 18:47:07,611 : EventManager : Event: ======'player_mode_shot_enabled'====== Args={'value': 0, 'prev_value': 0, 'change': 0, 'player_num': 1}
2024-09-05 18:47:07,611 : EventManager : Event: ======'player_mode_shot_made'====== Args={'value': 0, 'prev_value': 0, 'change': 0, 'player_num': 1}
2024-09-05 18:47:07,611 : EventManager : Event: ======'player_completed_modes'====== Args={'value': 0, 'prev_value': 0, 'change': 0, 'player_num': 1}
2024-09-05 18:47:07,612 : EventManager : Event: ======'player_dmg_con_last_jackpot'====== Args={'value': 10000000, 'prev_value': 0, 'change': 10000000, 'player_num': 1}
2024-09-05 18:47:07,612 : EventManager : Event: ======'player_aa_fire_timer_active'====== Args={'value': 0, 'prev_value': 0, 'change': 0, 'player_num': 1}
2024-09-05 18:47:07,612 : EventManager : Event: ======'player_lock_lit_1_state'====== Args={'value': 0, 'prev_value': 0, 'change': 0, 'player_num': 1}
2024-09-05 18:47:07,612 : EventManager : Event: ======'player_lock_lit_2_state'====== Args={'value': 0, 'prev_value': 0, 'change': 0, 'player_num': 1}
2024-09-05 18:47:07,612 : EventManager : Event: ======'player_freeze_started'====== Args={'value': 0, 'prev_value': 0, 'change': 0, 'player_num': 1}
2024-09-05 18:47:07,612 : EventManager : Event: ======'player_timer_height'====== Args={'value': 0.0, 'prev_value': 0, 'change': 0.0, 'player_num': 1}
2024-09-05 18:47:07,612 : EventManager : Event: ======'player_citadel_number'====== Args={'value': 0, 'prev_value': 0, 'change': 0, 'player_num': 1}
2024-09-05 18:47:07,612 : EventManager : Event: ======'player_torpedo_number'====== Args={'value': 0, 'prev_value': 0, 'change': 0, 'player_num': 1}
2024-09-05 18:47:07,612 : EventManager : Event: ======'player_citadel_load_number'====== Args={'value': 3, 'prev_value': 0, 'change': 3, 'player_num': 1}
2024-09-05 18:47:07,612 : EventManager : Event: ======'player_torpedo_load_number'====== Args={'value': 3, 'prev_value': 0, 'change': 3, 'player_num': 1}
2024-09-05 18:47:07,612 : EventManager : Event: ======'player_citadel_ready'====== Args={'value': 0, 'prev_value': 0, 'change': 0, 'player_num': 1}
2024-09-05 18:47:07,613 : EventManager : Event: ======'player_torpedo_ready'====== Args={'value': 0, 'prev_value': 0, 'change': 0, 'player_num': 1}
2024-09-05 18:47:07,613 : EventManager : Event: ======'player_torpedo_dmg'====== Args={'value': 10.0, 'prev_value': 0, 'change': 10.0, 'player_num': 1}
2024-09-05 18:47:07,613 : EventManager : Event: ======'player_citadel_dmg'====== Args={'value': 10.0, 'prev_value': 0, 'change': 10.0, 'player_num': 1}
2024-09-05 18:47:07,613 : EventManager : Event: ======'player_fire_dmg'====== Args={'value': 10.0, 'prev_value': 0, 'change': 10.0, 'player_num': 1}
2024-09-05 18:47:07,613 : EventManager : Event: ======'player_penetration_dmg'====== Args={'value': 10.0, 'prev_value': 0, 'change': 10.0, 'player_num': 1}
2024-09-05 18:47:07,613 : EventManager : Event: ======'player_modeshotremaining'====== Args={'value': -1, 'prev_value': 0, 'change': -1, 'player_num': 1}
2024-09-05 18:47:07,613 : EventManager : Event: ======'player_super_lock'====== Args={'value': 0, 'prev_value': 0, 'change': 0, 'player_num': 1}
2024-09-05 18:47:07,613 : EventManager : Event: ======'player_container_lit'====== Args={'value': 0, 'prev_value': 0, 'change': 0, 'player_num': 1}
2024-09-05 18:47:07,613 : EventManager : Event: ======'player_addaball_lit'====== Args={'value': 0, 'prev_value': 0, 'change': 0, 'player_num': 1}
2024-09-05 18:47:07,614 : EventManager : Event: ======'player_more_time_lit'====== Args={'value': 0, 'prev_value': 0, 'change': 0, 'player_num': 1}
2024-09-05 18:47:07,614 : EventManager : Event: ======'player_ship'====== Args={'value': 'None', 'prev_value': 0, 'change': True, 'player_num': 1}
2024-09-05 18:47:07,614 : EventManager : Event: ======'player_language'====== Args={'value': 'None', 'prev_value': 0, 'change': True, 'player_num': 1}
2024-09-05 18:47:07,614 : EventManager : Event: ======'player_battle_bumper'====== Args={'value': 'fire', 'prev_value': 0, 'change': True, 'player_num': 1}
2024-09-05 18:47:07,614 : EventManager : Event: ======'player_fire_1_active'====== Args={'value': 0, 'prev_value': 0, 'change': 0, 'player_num': 1}
2024-09-05 18:47:07,614 : EventManager : Event: ======'player_fire_2_active'====== Args={'value': 0, 'prev_value': 0, 'change': 0, 'player_num': 1}
2024-09-05 18:47:07,614 : EventManager : Event: ======'player_fire_3_active'====== Args={'value': 0, 'prev_value': 0, 'change': 0, 'player_num': 1}
2024-09-05 18:47:07,614 : EventManager : Event: ======'player_m1_shot_need'====== Args={'value': 0, 'prev_value': 0, 'change': 0, 'player_num': 1}
2024-09-05 18:47:07,615 : EventManager : Event: ======'player_m2_shot_need'====== Args={'value': 0, 'prev_value': 0, 'change': 0, 'player_num': 1}
2024-09-05 18:47:07,615 : EventManager : Event: ======'player_m3_shot_need'====== Args={'value': 0, 'prev_value': 0, 'change': 0, 'player_num': 1}
2024-09-05 18:47:07,615 : EventManager : Event: ======'player_m4_shot_need'====== Args={'value': 0, 'prev_value': 0, 'change': 0, 'player_num': 1}
2024-09-05 18:47:07,615 : EventManager : Event: ======'player_m5_shot_need'====== Args={'value': 0, 'prev_value': 0, 'change': 0, 'player_num': 1}
2024-09-05 18:47:07,615 : EventManager : Event: ======'player_m6_shot_need'====== Args={'value': 0, 'prev_value': 0, 'change': 0, 'player_num': 1}
2024-09-05 18:47:07,615 : EventManager : Event: ======'player_m7_shot_need'====== Args={'value': 0, 'prev_value': 0, 'change': 0, 'player_num': 1}
2024-09-05 18:47:07,615 : EventManager : Event: ======'player_m8_shot_need'====== Args={'value': 0, 'prev_value': 0, 'change': 0, 'player_num': 1}
2024-09-05 18:47:07,615 : EventManager : Event: ======'player_m9_shot_need'====== Args={'value': 0, 'prev_value': 0, 'change': 0, 'player_num': 1}
2024-09-05 18:47:07,615 : EventManager : Event: ======'player_m10_shot_need'====== Args={'value': 0, 'prev_value': 0, 'change': 0, 'player_num': 1}
2024-09-05 18:47:07,615 : EventManager : Event: ======'player_m9_phase_1_active'====== Args={'value': 0, 'prev_value': 0, 'change': 0, 'player_num': 1}
2024-09-05 18:47:07,616 : EventManager : Event: ======'player_m9_phase_2_active'====== Args={'value': 0, 'prev_value': 0, 'change': 0, 'player_num': 1}
2024-09-05 18:47:07,616 : EventManager : Event: ======'player_bomb_number'====== Args={'value': 0, 'prev_value': 0, 'change': 0, 'player_num': 1}
2024-09-05 18:47:07,616 : EventManager : Event: ======'player_t_1_1_commander'====== Args={'value': 0, 'prev_value': 0, 'change': 0, 'player_num': 1}
2024-09-05 18:47:07,616 : EventManager : Event: ======'player_t_1_2_commander'====== Args={'value': 0, 'prev_value': 0, 'change': 0, 'player_num': 1}
2024-09-05 18:47:07,616 : EventManager : Event: ======'player_t_1_3_commander'====== Args={'value': 0, 'prev_value': 0, 'change': 0, 'player_num': 1}
2024-09-05 18:47:07,616 : EventManager : Event: ======'player_t_1_4_commander'====== Args={'value': 0, 'prev_value': 0, 'change': 0, 'player_num': 1}
2024-09-05 18:47:07,616 : EventManager : Event: ======'player_t_2_1_commander'====== Args={'value': 0, 'prev_value': 0, 'change': 0, 'player_num': 1}
2024-09-05 18:47:07,616 : EventManager : Event: ======'player_t_2_2_commander'====== Args={'value': 0, 'prev_value': 0, 'change': 0, 'player_num': 1}
2024-09-05 18:47:07,617 : EventManager : Event: ======'player_t_2_3_commander'====== Args={'value': 0, 'prev_value': 0, 'change': 0, 'player_num': 1}
2024-09-05 18:47:07,617 : EventManager : Event: ======'player_t_2_4_commander'====== Args={'value': 0, 'prev_value': 0, 'change': 0, 'player_num': 1}
2024-09-05 18:47:07,617 : EventManager : Event: ======'player_t_3_1_commander'====== Args={'value': 0, 'prev_value': 0, 'change': 0, 'player_num': 1}
2024-09-05 18:47:07,617 : EventManager : Event: ======'player_t_3_2_commander'====== Args={'value': 0, 'prev_value': 0, 'change': 0, 'player_num': 1}
2024-09-05 18:47:07,617 : EventManager : Event: ======'player_t_3_3_commander'====== Args={'value': 0, 'prev_value': 0, 'change': 0, 'player_num': 1}
2024-09-05 18:47:07,617 : EventManager : Event: ======'player_t_3_4_commander'====== Args={'value': 0, 'prev_value': 0, 'change': 0, 'player_num': 1}
2024-09-05 18:47:07,617 : EventManager : Event: ======'player_t_4_1_commander'====== Args={'value': 0, 'prev_value': 0, 'change': 0, 'player_num': 1}
2024-09-05 18:47:07,617 : EventManager : Event: ======'player_t_4_2_commander'====== Args={'value': 0, 'prev_value': 0, 'change': 0, 'player_num': 1}
2024-09-05 18:47:07,618 : EventManager : Event: ======'player_t_4_3_commander'====== Args={'value': 0, 'prev_value': 0, 'change': 0, 'player_num': 1}
2024-09-05 18:47:07,618 : EventManager : Event: ======'player_t_4_4_commander'====== Args={'value': 0, 'prev_value': 0, 'change': 0, 'player_num': 1}
2024-09-05 18:47:07,618 : EventManager : Event: ======'player_current_commander'====== Args={'value': 1, 'prev_value': 0, 'change': 1, 'player_num': 1}
2024-09-05 18:47:07,618 : EventManager : Event: ======'player_current_skill_points'====== Args={'value': 0, 'prev_value': 0, 'change': 0, 'player_num': 1}
2024-09-05 18:47:07,618 : EventManager : Event: ======'player_current_skill_level'====== Args={'value': 0, 'prev_value': 0, 'change': 0, 'player_num': 1}
2024-09-05 18:47:07,618 : EventManager : Event: ======'player_skill_lit'====== Args={'value': 0, 'prev_value': 0, 'change': 0, 'player_num': 1}
2024-09-05 18:47:07,618 : EventManager : Event: ======'player_bomb_1_active'====== Args={'value': 0, 'prev_value': 0, 'change': 0, 'player_num': 1}
2024-09-05 18:47:07,619 : EventManager : Event: ======'player_bomb_2_active'====== Args={'value': 0, 'prev_value': 0, 'change': 0, 'player_num': 1}
2024-09-05 18:47:07,619 : EventManager : Event: ======'player_bomb_3_active'====== Args={'value': 0, 'prev_value': 0, 'change': 0, 'player_num': 1}
2024-09-05 18:47:07,619 : EventManager : Event: ======'player_bomb_4_active'====== Args={'value': 0, 'prev_value': 0, 'change': 0, 'player_num': 1}
2024-09-05 18:47:07,619 : EventManager : Event: ======'player_bomb_5_active'====== Args={'value': 0, 'prev_value': 0, 'change': 0, 'player_num': 1}
2024-09-05 18:47:07,619 : EventManager : Event: ======'player_bomb_6_active'====== Args={'value': 0, 'prev_value': 0, 'change': 0, 'player_num': 1}
2024-09-05 18:47:07,623 : EventManager : Event: ======'player_bomb_7_active'====== Args={'value': 0, 'prev_value': 0, 'change': 0, 'player_num': 1}
2024-09-05 18:47:07,623 : EventManager : Event: ======'player_bomb_8_active'====== Args={'value': 0, 'prev_value': 0, 'change': 0, 'player_num': 1}
2024-09-05 18:47:07,624 : EventManager : Event: ======'player_bomb_9_active'====== Args={'value': 0, 'prev_value': 0, 'change': 0, 'player_num': 1}
2024-09-05 18:47:07,624 : EventManager : Event: ======'player_bomb_10_active'====== Args={'value': 0, 'prev_value': 0, 'change': 0, 'player_num': 1}
2024-09-05 18:47:07,624 : EventManager : Event: ======'player_bomb_11_active'====== Args={'value': 0, 'prev_value': 0, 'change': 0, 'player_num': 1}
2024-09-05 18:47:07,624 : EventManager : Event: ======'player_bomb_animation_queue'====== Args={'value': 0, 'prev_value': 0, 'change': 0, 'player_num': 1}
2024-09-05 18:47:07,624 : EventManager : Event: ======'player_bomb_animation_in_progress'====== Args={'value': 0, 'prev_value': 0, 'change': 0, 'player_num': 1}
2024-09-05 18:47:07,624 : EventManager : Event: ======'player_bomb_animation_completed'====== Args={'value': 0, 'prev_value': 0, 'change': 0, 'player_num': 1}
2024-09-05 18:47:07,624 : EventManager : Event: ======'player_bomb_animation_no_more'====== Args={'value': 0, 'prev_value': 0, 'change': 0, 'player_num': 1}
2024-09-05 18:47:07,624 : EventManager : Event: ======'player_aircraft_carrier_in_engage'====== Args={'value': 0, 'prev_value': 0, 'change': 0, 'player_num': 1}
2024-09-05 18:47:07,624 : EventManager : Event: ======'player_aircraft_carrier_torpedo_dropped'====== Args={'value': 0, 'prev_value': 0, 'change': 0, 'player_num': 1}
2024-09-05 18:47:07,624 : EventManager : Event: ======'player_spinner_value'====== Args={'value': 0, 'prev_value': 0, 'change': 0, 'player_num': 1}
2024-09-05 18:47:07,624 : EventManager : Event: ======'widgets_play'====== Args={'settings': {'base_score_widget': {'slide': 'base_slide', 'priority': 0, 'action': 'add', 'key': None, 'target': None}, 'base_level_widget': {'slide': 'base_slide', 'priority': 0, 'action': 'add', 'key': None, 'target': None}, 'base_ball_widget': {'slide': 'base_slide', 'priority': 0, 'action': 'add', 'key': None, 'target': None}}, 'context': 'game', 'calling_context': 'game_started', 'priority': 20}
2024-09-05 18:47:07,624 : EventManager : Event: ======'widgets_play'====== Args={'settings': {'sr_base_score_widget': {'slide': 'status_report_scores', 'priority': 0, 'action': 'add', 'key': None, 'target': None}, 'sr_base_level_widget': {'slide': 'status_report_scores', 'priority': 0, 'action': 'add', 'key': None, 'target': None}, 'sr_base_ball_widget': {'slide': 'status_report_scores', 'priority': 0, 'action': 'add', 'key': None, 'target': None}}, 'context': '_global', 'calling_context': 'game_started', 'priority': 0}
2024-09-05 18:47:07,625 : EventManager : Unordered handler for class McConfigPlayer.widgets on event slide_base_slide_created with priority 0. Handlers: [RegisteredHandler(callback=<bound method McWidgetPlayer._add_widget_to_slide_when_active of McConfigPlayer.widgets>, priority=0, kwargs={'slide_name': 'base_slide', 'widget': 'base_level_widget', 's': {'slide': 'base_slide', 'key': 'game-base_level_widget', 'target': None}, 'play_kwargs': {}}, key=UUID('b4081376-3a9d-4610-b588-76230b8980cc'), condition=None, blocking_facility=None), RegisteredHandler(callback=<bound method McWidgetPlayer._add_widget_to_slide_when_active of McConfigPlayer.widgets>, priority=0, kwargs={'slide_name': 'base_slide', 'widget': 'base_ball_widget', 's': {'slide': 'base_slide', 'key': 'game-base_ball_widget', 'target': None}, 'play_kwargs': {}}, key=UUID('ab8944ad-b33a-4254-8617-d7865ee8e094'), condition=None, blocking_facility=None), RegisteredHandler(callback=<bound method McWidgetPlayer._add_widget_to_slide_when_active of McConfigPlayer.widgets>, priority=0, kwargs={'slide_name': 'base_slide', 'widget': 'base_score_widget', 's': {'slide': 'base_slide', 'key': 'game-base_score_widget', 'target': None}, 'play_kwargs': {}}, key=UUID('6f893459-0c4a-4132-96cb-4291bf2a1629'), condition=None, blocking_facility=None)]. The order of those handlers is not defined and they will be executed in random order. This might lead to race conditions and potential bugs.
2024-09-05 18:47:07,625 : EventManager : Unordered handler for class McConfigPlayer.widgets on event slide_base_slide_created with priority 0. Handlers: [RegisteredHandler(callback=<bound method McWidgetPlayer._add_widget_to_slide_when_active of McConfigPlayer.widgets>, priority=0, kwargs={'slide_name': 'base_slide', 'widget': 'base_level_widget', 's': {'slide': 'base_slide', 'key': 'game-base_level_widget', 'target': None}, 'play_kwargs': {}}, key=UUID('b4081376-3a9d-4610-b588-76230b8980cc'), condition=None, blocking_facility=None), RegisteredHandler(callback=<bound method McWidgetPlayer._add_widget_to_slide_when_active of McConfigPlayer.widgets>, priority=0, kwargs={'slide_name': 'base_slide', 'widget': 'base_ball_widget', 's': {'slide': 'base_slide', 'key': 'game-base_ball_widget', 'target': None}, 'play_kwargs': {}}, key=UUID('ab8944ad-b33a-4254-8617-d7865ee8e094'), condition=None, blocking_facility=None), RegisteredHandler(callback=<bound method McWidgetPlayer._add_widget_to_slide_when_active of McConfigPlayer.widgets>, priority=0, kwargs={'slide_name': 'base_slide', 'widget': 'base_score_widget', 's': {'slide': 'base_slide', 'key': 'game-base_score_widget', 'target': None}, 'play_kwargs': {}}, key=UUID('6f893459-0c4a-4132-96cb-4291bf2a1629'), condition=None, blocking_facility=None)]. The order of those handlers is not defined and they will be executed in random order. This might lead to race conditions and potential bugs.
2024-09-05 18:47:07,625 : EventManager : Unordered handler for class McConfigPlayer.widgets on event slide_base_slide_created with priority 0. Handlers: [RegisteredHandler(callback=<bound method McWidgetPlayer._add_widget_to_slide_when_active of McConfigPlayer.widgets>, priority=0, kwargs={'slide_name': 'base_slide', 'widget': 'base_ball_widget', 's': {'slide': 'base_slide', 'key': 'game-base_ball_widget', 'target': None}, 'play_kwargs': {}}, key=UUID('ab8944ad-b33a-4254-8617-d7865ee8e094'), condition=None, blocking_facility=None), RegisteredHandler(callback=<bound method McWidgetPlayer._add_widget_to_slide_when_active of McConfigPlayer.widgets>, priority=0, kwargs={'slide_name': 'base_slide', 'widget': 'base_score_widget', 's': {'slide': 'base_slide', 'key': 'game-base_score_widget', 'target': None}, 'play_kwargs': {}}, key=UUID('6f893459-0c4a-4132-96cb-4291bf2a1629'), condition=None, blocking_facility=None), RegisteredHandler(callback=<bound method McWidgetPlayer._add_widget_to_slide_when_active of McConfigPlayer.widgets>, priority=0, kwargs={'slide_name': 'base_slide', 'widget': 'base_level_widget', 's': {'slide': 'base_slide', 'key': 'game-base_level_widget', 'target': None}, 'play_kwargs': {}}, key=UUID('f43ae6f9-cdb6-4f7c-beb3-b7390feb25b4'), condition=None, blocking_facility=None)]. The order of those handlers is not defined and they will be executed in random order. This might lead to race conditions and potential bugs.
2024-09-05 18:47:07,625 : EventManager : Unordered handler for class McConfigPlayer.widgets on event slide_base_slide_created with priority 0. Handlers: [RegisteredHandler(callback=<bound method McWidgetPlayer._add_widget_to_slide_when_active of McConfigPlayer.widgets>, priority=0, kwargs={'slide_name': 'base_slide', 'widget': 'base_ball_widget', 's': {'slide': 'base_slide', 'key': 'game-base_ball_widget', 'target': None}, 'play_kwargs': {}}, key=UUID('ab8944ad-b33a-4254-8617-d7865ee8e094'), condition=None, blocking_facility=None), RegisteredHandler(callback=<bound method McWidgetPlayer._add_widget_to_slide_when_active of McConfigPlayer.widgets>, priority=0, kwargs={'slide_name': 'base_slide', 'widget': 'base_score_widget', 's': {'slide': 'base_slide', 'key': 'game-base_score_widget', 'target': None}, 'play_kwargs': {}}, key=UUID('6f893459-0c4a-4132-96cb-4291bf2a1629'), condition=None, blocking_facility=None), RegisteredHandler(callback=<bound method McWidgetPlayer._add_widget_to_slide_when_active of McConfigPlayer.widgets>, priority=0, kwargs={'slide_name': 'base_slide', 'widget': 'base_level_widget', 's': {'slide': 'base_slide', 'key': 'game-base_level_widget', 'target': None}, 'play_kwargs': {}}, key=UUID('f43ae6f9-cdb6-4f7c-beb3-b7390feb25b4'), condition=None, blocking_facility=None)]. The order of those handlers is not defined and they will be executed in random order. This might lead to race conditions and potential bugs.
2024-09-05 18:47:07,625 : EventManager : Unordered handler for class McConfigPlayer.widgets on event slide_base_slide_created with priority 0. Handlers: [RegisteredHandler(callback=<bound method McWidgetPlayer._add_widget_to_slide_when_active of McConfigPlayer.widgets>, priority=0, kwargs={'slide_name': 'base_slide', 'widget': 'base_score_widget', 's': {'slide': 'base_slide', 'key': 'game-base_score_widget', 'target': None}, 'play_kwargs': {}}, key=UUID('6f893459-0c4a-4132-96cb-4291bf2a1629'), condition=None, blocking_facility=None), RegisteredHandler(callback=<bound method McWidgetPlayer._add_widget_to_slide_when_active of McConfigPlayer.widgets>, priority=0, kwargs={'slide_name': 'base_slide', 'widget': 'base_level_widget', 's': {'slide': 'base_slide', 'key': 'game-base_level_widget', 'target': None}, 'play_kwargs': {}}, key=UUID('f43ae6f9-cdb6-4f7c-beb3-b7390feb25b4'), condition=None, blocking_facility=None), RegisteredHandler(callback=<bound method McWidgetPlayer._add_widget_to_slide_when_active of McConfigPlayer.widgets>, priority=0, kwargs={'slide_name': 'base_slide', 'widget': 'base_ball_widget', 's': {'slide': 'base_slide', 'key': 'game-base_ball_widget', 'target': None}, 'play_kwargs': {}}, key=UUID('6cbed545-729c-48d0-98f3-6e78bdc8f5e6'), condition=None, blocking_facility=None)]. The order of those handlers is not defined and they will be executed in random order. This might lead to race conditions and potential bugs.
2024-09-05 18:47:07,625 : EventManager : Unordered handler for class McConfigPlayer.widgets on event slide_base_slide_created with priority 0. Handlers: [RegisteredHandler(callback=<bound method McWidgetPlayer._add_widget_to_slide_when_active of McConfigPlayer.widgets>, priority=0, kwargs={'slide_name': 'base_slide', 'widget': 'base_score_widget', 's': {'slide': 'base_slide', 'key': 'game-base_score_widget', 'target': None}, 'play_kwargs': {}}, key=UUID('6f893459-0c4a-4132-96cb-4291bf2a1629'), condition=None, blocking_facility=None), RegisteredHandler(callback=<bound method McWidgetPlayer._add_widget_to_slide_when_active of McConfigPlayer.widgets>, priority=0, kwargs={'slide_name': 'base_slide', 'widget': 'base_level_widget', 's': {'slide': 'base_slide', 'key': 'game-base_level_widget', 'target': None}, 'play_kwargs': {}}, key=UUID('f43ae6f9-cdb6-4f7c-beb3-b7390feb25b4'), condition=None, blocking_facility=None), RegisteredHandler(callback=<bound method McWidgetPlayer._add_widget_to_slide_when_active of McConfigPlayer.widgets>, priority=0, kwargs={'slide_name': 'base_slide', 'widget': 'base_ball_widget', 's': {'slide': 'base_slide', 'key': 'game-base_ball_widget', 'target': None}, 'play_kwargs': {}}, key=UUID('6cbed545-729c-48d0-98f3-6e78bdc8f5e6'), condition=None, blocking_facility=None)]. The order of those handlers is not defined and they will be executed in random order. This might lead to race conditions and potential bugs.
2024-09-05 18:47:07,626 : EventManager : Unordered handler for class McConfigPlayer.widgets on event slide_status_report_scores_created with priority 0. Handlers: [RegisteredHandler(callback=<bound method McWidgetPlayer._add_widget_to_slide_when_active of McConfigPlayer.widgets>, priority=0, kwargs={'slide_name': 'status_report_scores', 'widget': 'sr_base_level_widget', 's': {'slide': 'status_report_scores', 'key': '_global-sr_base_level_widget', 'target': None}, 'play_kwargs': {}}, key=UUID('90281415-a7c9-4fc5-b166-3ea4f42471d1'), condition=None, blocking_facility=None), RegisteredHandler(callback=<bound method McWidgetPlayer._add_widget_to_slide_when_active of McConfigPlayer.widgets>, priority=0, kwargs={'slide_name': 'status_report_scores', 'widget': 'sr_base_ball_widget', 's': {'slide': 'status_report_scores', 'key': '_global-sr_base_ball_widget', 'target': None}, 'play_kwargs': {}}, key=UUID('32118254-6062-4f1d-8b24-f267636a0995'), condition=None, blocking_facility=None), RegisteredHandler(callback=<bound method McWidgetPlayer._add_widget_to_slide_when_active of McConfigPlayer.widgets>, priority=0, kwargs={'slide_name': 'status_report_scores', 'widget': 'sr_base_score_widget', 's': {'slide': 'status_report_scores', 'key': '_global-sr_base_score_widget', 'target': None}, 'play_kwargs': {}}, key=UUID('6f2f6eca-418f-4731-b09c-ef1d472888e8'), condition=None, blocking_facility=None)]. The order of those handlers is not defined and they will be executed in random order. This might lead to race conditions and potential bugs.
2024-09-05 18:47:07,626 : EventManager : Unordered handler for class McConfigPlayer.widgets on event slide_status_report_scores_created with priority 0. Handlers: [RegisteredHandler(callback=<bound method McWidgetPlayer._add_widget_to_slide_when_active of McConfigPlayer.widgets>, priority=0, kwargs={'slide_name': 'status_report_scores', 'widget': 'sr_base_level_widget', 's': {'slide': 'status_report_scores', 'key': '_global-sr_base_level_widget', 'target': None}, 'play_kwargs': {}}, key=UUID('90281415-a7c9-4fc5-b166-3ea4f42471d1'), condition=None, blocking_facility=None), RegisteredHandler(callback=<bound method McWidgetPlayer._add_widget_to_slide_when_active of McConfigPlayer.widgets>, priority=0, kwargs={'slide_name': 'status_report_scores', 'widget': 'sr_base_ball_widget', 's': {'slide': 'status_report_scores', 'key': '_global-sr_base_ball_widget', 'target': None}, 'play_kwargs': {}}, key=UUID('32118254-6062-4f1d-8b24-f267636a0995'), condition=None, blocking_facility=None), RegisteredHandler(callback=<bound method McWidgetPlayer._add_widget_to_slide_when_active of McConfigPlayer.widgets>, priority=0, kwargs={'slide_name': 'status_report_scores', 'widget': 'sr_base_score_widget', 's': {'slide': 'status_report_scores', 'key': '_global-sr_base_score_widget', 'target': None}, 'play_kwargs': {}}, key=UUID('6f2f6eca-418f-4731-b09c-ef1d472888e8'), condition=None, blocking_facility=None)]. The order of those handlers is not defined and they will be executed in random order. This might lead to race conditions and potential bugs.
2024-09-05 18:47:07,626 : EventManager : Unordered handler for class McConfigPlayer.widgets on event slide_status_report_scores_created with priority 0. Handlers: [RegisteredHandler(callback=<bound method McWidgetPlayer._add_widget_to_slide_when_active of McConfigPlayer.widgets>, priority=0, kwargs={'slide_name': 'status_report_scores', 'widget': 'sr_base_ball_widget', 's': {'slide': 'status_report_scores', 'key': '_global-sr_base_ball_widget', 'target': None}, 'play_kwargs': {}}, key=UUID('32118254-6062-4f1d-8b24-f267636a0995'), condition=None, blocking_facility=None), RegisteredHandler(callback=<bound method McWidgetPlayer._add_widget_to_slide_when_active of McConfigPlayer.widgets>, priority=0, kwargs={'slide_name': 'status_report_scores', 'widget': 'sr_base_score_widget', 's': {'slide': 'status_report_scores', 'key': '_global-sr_base_score_widget', 'target': None}, 'play_kwargs': {}}, key=UUID('6f2f6eca-418f-4731-b09c-ef1d472888e8'), condition=None, blocking_facility=None), RegisteredHandler(callback=<bound method McWidgetPlayer._add_widget_to_slide_when_active of McConfigPlayer.widgets>, priority=0, kwargs={'slide_name': 'status_report_scores', 'widget': 'sr_base_level_widget', 's': {'slide': 'status_report_scores', 'key': '_global-sr_base_level_widget', 'target': None}, 'play_kwargs': {}}, key=UUID('de02e953-2ab5-49ae-9fdc-30b9eceaf1ce'), condition=None, blocking_facility=None)]. The order of those handlers is not defined and they will be executed in random order. This might lead to race conditions and potential bugs.
2024-09-05 18:47:07,626 : EventManager : Unordered handler for class McConfigPlayer.widgets on event slide_status_report_scores_created with priority 0. Handlers: [RegisteredHandler(callback=<bound method McWidgetPlayer._add_widget_to_slide_when_active of McConfigPlayer.widgets>, priority=0, kwargs={'slide_name': 'status_report_scores', 'widget': 'sr_base_ball_widget', 's': {'slide': 'status_report_scores', 'key': '_global-sr_base_ball_widget', 'target': None}, 'play_kwargs': {}}, key=UUID('32118254-6062-4f1d-8b24-f267636a0995'), condition=None, blocking_facility=None), RegisteredHandler(callback=<bound method McWidgetPlayer._add_widget_to_slide_when_active of McConfigPlayer.widgets>, priority=0, kwargs={'slide_name': 'status_report_scores', 'widget': 'sr_base_score_widget', 's': {'slide': 'status_report_scores', 'key': '_global-sr_base_score_widget', 'target': None}, 'play_kwargs': {}}, key=UUID('6f2f6eca-418f-4731-b09c-ef1d472888e8'), condition=None, blocking_facility=None), RegisteredHandler(callback=<bound method McWidgetPlayer._add_widget_to_slide_when_active of McConfigPlayer.widgets>, priority=0, kwargs={'slide_name': 'status_report_scores', 'widget': 'sr_base_level_widget', 's': {'slide': 'status_report_scores', 'key': '_global-sr_base_level_widget', 'target': None}, 'play_kwargs': {}}, key=UUID('de02e953-2ab5-49ae-9fdc-30b9eceaf1ce'), condition=None, blocking_facility=None)]. The order of those handlers is not defined and they will be executed in random order. This might lead to race conditions and potential bugs.
2024-09-05 18:47:07,626 : EventManager : Unordered handler for class McConfigPlayer.widgets on event slide_status_report_scores_created with priority 0. Handlers: [RegisteredHandler(callback=<bound method McWidgetPlayer._add_widget_to_slide_when_active of McConfigPlayer.widgets>, priority=0, kwargs={'slide_name': 'status_report_scores', 'widget': 'sr_base_score_widget', 's': {'slide': 'status_report_scores', 'key': '_global-sr_base_score_widget', 'target': None}, 'play_kwargs': {}}, key=UUID('6f2f6eca-418f-4731-b09c-ef1d472888e8'), condition=None, blocking_facility=None), RegisteredHandler(callback=<bound method McWidgetPlayer._add_widget_to_slide_when_active of McConfigPlayer.widgets>, priority=0, kwargs={'slide_name': 'status_report_scores', 'widget': 'sr_base_level_widget', 's': {'slide': 'status_report_scores', 'key': '_global-sr_base_level_widget', 'target': None}, 'play_kwargs': {}}, key=UUID('de02e953-2ab5-49ae-9fdc-30b9eceaf1ce'), condition=None, blocking_facility=None), RegisteredHandler(callback=<bound method McWidgetPlayer._add_widget_to_slide_when_active of McConfigPlayer.widgets>, priority=0, kwargs={'slide_name': 'status_report_scores', 'widget': 'sr_base_ball_widget', 's': {'slide': 'status_report_scores', 'key': '_global-sr_base_ball_widget', 'target': None}, 'play_kwargs': {}}, key=UUID('075fe49e-dc5b-490e-9bb3-0bcd43dfd2b4'), condition=None, blocking_facility=None)]. The order of those handlers is not defined and they will be executed in random order. This might lead to race conditions and potential bugs.
2024-09-05 18:47:07,626 : EventManager : Unordered handler for class McConfigPlayer.widgets on event slide_status_report_scores_created with priority 0. Handlers: [RegisteredHandler(callback=<bound method McWidgetPlayer._add_widget_to_slide_when_active of McConfigPlayer.widgets>, priority=0, kwargs={'slide_name': 'status_report_scores', 'widget': 'sr_base_score_widget', 's': {'slide': 'status_report_scores', 'key': '_global-sr_base_score_widget', 'target': None}, 'play_kwargs': {}}, key=UUID('6f2f6eca-418f-4731-b09c-ef1d472888e8'), condition=None, blocking_facility=None), RegisteredHandler(callback=<bound method McWidgetPlayer._add_widget_to_slide_when_active of McConfigPlayer.widgets>, priority=0, kwargs={'slide_name': 'status_report_scores', 'widget': 'sr_base_level_widget', 's': {'slide': 'status_report_scores', 'key': '_global-sr_base_level_widget', 'target': None}, 'play_kwargs': {}}, key=UUID('de02e953-2ab5-49ae-9fdc-30b9eceaf1ce'), condition=None, blocking_facility=None), RegisteredHandler(callback=<bound method McWidgetPlayer._add_widget_to_slide_when_active of McConfigPlayer.widgets>, priority=0, kwargs={'slide_name': 'status_report_scores', 'widget': 'sr_base_ball_widget', 's': {'slide': 'status_report_scores', 'key': '_global-sr_base_ball_widget', 'target': None}, 'play_kwargs': {}}, key=UUID('075fe49e-dc5b-490e-9bb3-0bcd43dfd2b4'), condition=None, blocking_facility=None)]. The order of those handlers is not defined and they will be executed in random order. This might lead to race conditions and potential bugs.
2024-09-05 18:47:07,674 : EventManager : Event: ======'player_ball'====== Args={'value': 1, 'prev_value': 0, 'change': 1, 'player_num': 1}
2024-09-05 18:47:07,674 : EventManager : Event: ======'widgets_play'====== Args={'settings': {'mp_score_widget_player_1': {'action': 'remove', 'priority': 0, 'slide': None, 'key': None, 'target': None}, 'mp_name_widget_player_1': {'slide': 'multiplayer_slide', 'priority': 0, 'action': 'add', 'key': None, 'target': None}}, 'context': 'game', 'calling_context': 'player_turn_started{number==1}', 'priority': 20, 'player': '<Player 1>', 'number': 1}
2024-09-05 18:47:07,674 : EventManager : Event: ======'player_turn_start'====== Args={'number': 1, 'player': <Player 1>}
2024-09-05 18:47:07,674 : EventManager : Event: ======'widgets_play'====== Args={'settings': {'sr_mp_score_widget_player_1': {'action': 'remove', 'priority': 0, 'slide': None, 'key': None, 'target': None}, 'sr_mp_name_widget_player_1': {'slide': 'status_report_scores', 'priority': 0, 'action': 'add', 'key': None, 'target': None}}, 'context': '_global', 'calling_context': 'player_turn_started{number==1}', 'priority': 0, 'player': '<Player 1>', 'number': 1}
2024-09-05 18:47:07,675 : EventManager : Unordered handler for class McConfigPlayer.widgets on event slide_status_report_scores_created with priority 0. Handlers: [RegisteredHandler(callback=<bound method McWidgetPlayer._add_widget_to_slide_when_active of McConfigPlayer.widgets>, priority=0, kwargs={'slide_name': 'status_report_scores', 'widget': 'sr_base_score_widget', 's': {'slide': 'status_report_scores', 'key': '_global-sr_base_score_widget', 'target': None}, 'play_kwargs': {}}, key=UUID('6f2f6eca-418f-4731-b09c-ef1d472888e8'), condition=None, blocking_facility=None), RegisteredHandler(callback=<bound method McWidgetPlayer._add_widget_to_slide_when_active of McConfigPlayer.widgets>, priority=0, kwargs={'slide_name': 'status_report_scores', 'widget': 'sr_base_level_widget', 's': {'slide': 'status_report_scores', 'key': '_global-sr_base_level_widget', 'target': None}, 'play_kwargs': {}}, key=UUID('de02e953-2ab5-49ae-9fdc-30b9eceaf1ce'), condition=None, blocking_facility=None), RegisteredHandler(callback=<bound method McWidgetPlayer._add_widget_to_slide_when_active of McConfigPlayer.widgets>, priority=0, kwargs={'slide_name': 'status_report_scores', 'widget': 'sr_base_ball_widget', 's': {'slide': 'status_report_scores', 'key': '_global-sr_base_ball_widget', 'target': None}, 'play_kwargs': {}}, key=UUID('075fe49e-dc5b-490e-9bb3-0bcd43dfd2b4'), condition=None, blocking_facility=None), RegisteredHandler(callback=<bound method McWidgetPlayer._add_widget_to_slide_when_active of McConfigPlayer.widgets>, priority=0, kwargs={'slide_name': 'status_report_scores', 'widget': 'sr_mp_name_widget_player_1', 's': {'slide': 'status_report_scores', 'key': '_global-sr_mp_name_widget_player_1', 'target': None}, 'play_kwargs': {'player': '<Player 1>', 'number': 1}}, key=UUID('556012da-d324-43a8-8070-3a934a84ef26'), condition=None, blocking_facility=None)]. The order of those handlers is not defined and they will be executed in random order. This might lead to race conditions and potential bugs.
2024-09-05 18:47:07,675 : EventManager : Unordered handler for class McConfigPlayer.widgets on event slide_status_report_scores_created with priority 0. Handlers: [RegisteredHandler(callback=<bound method McWidgetPlayer._add_widget_to_slide_when_active of McConfigPlayer.widgets>, priority=0, kwargs={'slide_name': 'status_report_scores', 'widget': 'sr_base_score_widget', 's': {'slide': 'status_report_scores', 'key': '_global-sr_base_score_widget', 'target': None}, 'play_kwargs': {}}, key=UUID('6f2f6eca-418f-4731-b09c-ef1d472888e8'), condition=None, blocking_facility=None), RegisteredHandler(callback=<bound method McWidgetPlayer._add_widget_to_slide_when_active of McConfigPlayer.widgets>, priority=0, kwargs={'slide_name': 'status_report_scores', 'widget': 'sr_base_level_widget', 's': {'slide': 'status_report_scores', 'key': '_global-sr_base_level_widget', 'target': None}, 'play_kwargs': {}}, key=UUID('de02e953-2ab5-49ae-9fdc-30b9eceaf1ce'), condition=None, blocking_facility=None), RegisteredHandler(callback=<bound method McWidgetPlayer._add_widget_to_slide_when_active of McConfigPlayer.widgets>, priority=0, kwargs={'slide_name': 'status_report_scores', 'widget': 'sr_base_ball_widget', 's': {'slide': 'status_report_scores', 'key': '_global-sr_base_ball_widget', 'target': None}, 'play_kwargs': {}}, key=UUID('075fe49e-dc5b-490e-9bb3-0bcd43dfd2b4'), condition=None, blocking_facility=None), RegisteredHandler(callback=<bound method McWidgetPlayer._add_widget_to_slide_when_active of McConfigPlayer.widgets>, priority=0, kwargs={'slide_name': 'status_report_scores', 'widget': 'sr_mp_name_widget_player_1', 's': {'slide': 'status_report_scores', 'key': '_global-sr_mp_name_widget_player_1', 'target': None}, 'play_kwargs': {'player': '<Player 1>', 'number': 1}}, key=UUID('556012da-d324-43a8-8070-3a934a84ef26'), condition=None, blocking_facility=None)]. The order of those handlers is not defined and they will be executed in random order. This might lead to race conditions and potential bugs.
2024-09-05 18:47:07,675 : EventManager : Unordered handler for class McConfigPlayer.widgets on event slide_status_report_scores_created with priority 0. Handlers: [RegisteredHandler(callback=<bound method McWidgetPlayer._add_widget_to_slide_when_active of McConfigPlayer.widgets>, priority=0, kwargs={'slide_name': 'status_report_scores', 'widget': 'sr_base_score_widget', 's': {'slide': 'status_report_scores', 'key': '_global-sr_base_score_widget', 'target': None}, 'play_kwargs': {}}, key=UUID('6f2f6eca-418f-4731-b09c-ef1d472888e8'), condition=None, blocking_facility=None), RegisteredHandler(callback=<bound method McWidgetPlayer._add_widget_to_slide_when_active of McConfigPlayer.widgets>, priority=0, kwargs={'slide_name': 'status_report_scores', 'widget': 'sr_base_level_widget', 's': {'slide': 'status_report_scores', 'key': '_global-sr_base_level_widget', 'target': None}, 'play_kwargs': {}}, key=UUID('de02e953-2ab5-49ae-9fdc-30b9eceaf1ce'), condition=None, blocking_facility=None), RegisteredHandler(callback=<bound method McWidgetPlayer._add_widget_to_slide_when_active of McConfigPlayer.widgets>, priority=0, kwargs={'slide_name': 'status_report_scores', 'widget': 'sr_base_ball_widget', 's': {'slide': 'status_report_scores', 'key': '_global-sr_base_ball_widget', 'target': None}, 'play_kwargs': {}}, key=UUID('075fe49e-dc5b-490e-9bb3-0bcd43dfd2b4'), condition=None, blocking_facility=None), RegisteredHandler(callback=<bound method McWidgetPlayer._add_widget_to_slide_when_active of McConfigPlayer.widgets>, priority=0, kwargs={'slide_name': 'status_report_scores', 'widget': 'sr_mp_name_widget_player_1', 's': {'slide': 'status_report_scores', 'key': '_global-sr_mp_name_widget_player_1', 'target': None}, 'play_kwargs': {'player': '<Player 1>', 'number': 1}}, key=UUID('556012da-d324-43a8-8070-3a934a84ef26'), condition=None, blocking_facility=None)]. The order of those handlers is not defined and they will be executed in random order. This might lead to race conditions and potential bugs.
2024-09-05 18:47:07,791 : EventManager : Event: ======'player_shot_lane_A_enabled'====== Args={'value': True, 'prev_value': 0, 'change': 1, 'player_num': 1}
2024-09-05 18:47:07,791 : EventManager : Event: ======'player_shot_lane_B_enabled'====== Args={'value': True, 'prev_value': 0, 'change': 1, 'player_num': 1}
2024-09-05 18:47:07,791 : EventManager : Event: ======'player_shot_lane_C_enabled'====== Args={'value': True, 'prev_value': 0, 'change': 1, 'player_num': 1}
2024-09-05 18:47:07,792 : EventManager : Event: ======'player_shot_lane_D_enabled'====== Args={'value': True, 'prev_value': 0, 'change': 1, 'player_num': 1}
2024-09-05 18:47:07,792 : EventManager : Event: ======'player_shot_lane_E_enabled'====== Args={'value': True, 'prev_value': 0, 'change': 1, 'player_num': 1}
2024-09-05 18:47:07,792 : EventManager : Event: ======'player_shot_lock_lit_1_enabled'====== Args={'value': True, 'prev_value': 0, 'change': 1, 'player_num': 1}
2024-09-05 18:47:07,792 : EventManager : Event: ======'player_shot_lock_lit_2_enabled'====== Args={'value': True, 'prev_value': 0, 'change': 1, 'player_num': 1}
2024-09-05 18:47:07,809 : EventManager : Event: ======'player_shot_ricochet_1_enabled'====== Args={'value': True, 'prev_value': 0, 'change': 1, 'player_num': 1}
2024-09-05 18:47:07,809 : EventManager : Event: ======'player_shot_ricochet_2_enabled'====== Args={'value': True, 'prev_value': 0, 'change': 1, 'player_num': 1}
2024-09-05 18:47:07,809 : EventManager : Event: ======'player_shot_ricochet_3_enabled'====== Args={'value': True, 'prev_value': 0, 'change': 1, 'player_num': 1}
2024-09-05 18:47:07,809 : EventManager : Event: ======'player_shot_ricochet_4_enabled'====== Args={'value': True, 'prev_value': 0, 'change': 1, 'player_num': 1}
2024-09-05 18:47:07,824 : EventManager : Event: ======'player_shot_detonation_lit_enabled'====== Args={'value': True, 'prev_value': 0, 'change': 1, 'player_num': 1}
2024-09-05 18:47:07,825 : EventManager : Event: ======'player_shot_detonation_enabled'====== Args={'value': False, 'prev_value': 0, 'change': 0, 'player_num': 1}
2024-09-05 18:47:07,825 : EventManager : Event: ======'player_DMGValue'====== Args={'value': 120000000, 'prev_value': 10000000, 'change': 110000000, 'player_num': 1}
2024-09-05 18:47:07,825 : EventManager : Event: ======'player_JetValue'====== Args={'value': 500000, 'prev_value': 5000000, 'change': -4500000, 'player_num': 1}
2024-09-05 18:47:07,840 : EventManager : Event: ======'player_BonusX'====== Args={'value': 1, 'prev_value': 0, 'change': 1, 'player_num': 1}
2024-09-05 18:47:07,840 : EventManager : Event: ======'player_shot_lock_lit_1_enabled'====== Args={'value': False, 'prev_value': True, 'change': -1, 'player_num': 1}
2024-09-05 18:47:07,841 : EventManager : Event: ======'player_shot_lock_lit_2_enabled'====== Args={'value': False, 'prev_value': True, 'change': -1, 'player_num': 1}
2024-09-05 18:47:07,841 : EventManager : Event: ======'player_shot_lock_lit_1_enabled'====== Args={'value': True, 'prev_value': False, 'change': 1, 'player_num': 1}
2024-09-05 18:47:07,841 : EventManager : Event: ======'player_shot_lock_lit_2_enabled'====== Args={'value': True, 'prev_value': False, 'change': 1, 'player_num': 1}
2024-09-05 18:47:07,841 : EventManager : Event: ======'player_bonusX_progress_number'====== Args={'value': 2, 'prev_value': 0, 'change': 2, 'player_num': 1}
2024-09-05 18:47:07,841 : EventManager : Event: ======'player_bomb_progress_number'====== Args={'value': 3, 'prev_value': 0, 'change': 3, 'player_num': 1}
2024-09-05 18:47:07,857 : EventManager : Event: ======'player_take_dmg_score'====== Args={'value': 18000000, 'prev_value': 0, 'change': 18000000, 'player_num': 1}
2024-09-05 18:47:07,857 : EventManager : Event: ======'player_ReceivedDMGshow'====== Args={'value': 0, 'prev_value': 0, 'change': 0, 'player_num': 1}
2024-09-05 18:47:07,857 : EventManager : Event: ======'slides_play'====== Args={'settings': {'prelaunch_slide': {'priority': 120, 'target': None, 'background_color': [0.0, 0.0, 0.0, 1.0], 'show': True, 'force': False, 'expire': None, 'slide': None, 'tokens': {}, 'action': 'play'}}, 'context': 'skill_shot', 'calling_context': 'mode_skill_shot_started', 'priority': 150, 'player': 1, 'ball': 1, 'balls_remaining': 2, 'is_extra_ball': False}
2024-09-05 18:47:07,857 : EventManager : Event: ======'widgets_play'====== Args={'settings': {'skill_shot_select_widget_1': {'slide': 'prelaunch_slide', 'action': 'add', 'priority': 0, 'key': None, 'target': None}, 'skill_shot_select_widget_2': {'action': 'remove', 'priority': 0, 'slide': None, 'key': None, 'target': None}, 'skill_shot_select_widget_3': {'action': 'remove', 'priority': 0, 'slide': None, 'key': None, 'target': None}, 'skill_shot_select_widget_4': {'action': 'remove', 'priority': 0, 'slide': None, 'key': None, 'target': None}, 'skill_shot_select_widget_5': {'action': 'remove', 'priority': 0, 'slide': None, 'key': None, 'target': None}}, 'context': 'skill_shot', 'calling_context': 'skillshot_1_selected', 'priority': 150, 'restore': False, 'state': 'enabled', 'selected': True}
2024-09-05 18:47:07,858 : mpfmc : SlidePlayer: Play called with settings={'prelaunch_slide': {'priority': 120, 'target': None, 'background_color': [0.0, 0.0, 0.0, 1.0], 'show': True, 'force': False, 'expire': None, 'slide': None, 'tokens': {}, 'action': 'play'}}
2024-09-05 18:47:07,858 : EventManager : Event: ======'slide_prelaunch_slide_created'====== Args={}
2024-09-05 18:47:07,860 : EventManager : Event: ======'slide_prelaunch_slide_active'====== Args={}
2024-09-05 18:47:07,874 : EventManager : Unordered handler for class McConfigPlayer.widgets on event slide_prelaunch_slide_created with priority 0. Handlers: [RegisteredHandler(callback=<bound method McWidgetPlayer._add_widget_to_slide_when_active of McConfigPlayer.widgets>, priority=0, kwargs={'slide_name': 'prelaunch_slide', 'widget': 'skill_shot_select_widget_1', 's': {'slide': 'prelaunch_slide', 'key': 'skill_shot-skill_shot_select_widget_1', 'target': None}, 'play_kwargs': {'restore': False, 'state': 'enabled', 'selected': True}}, key=UUID('9adf0a8c-393e-4538-85bc-566a0ed5f107'), condition=None, blocking_facility=None), RegisteredHandler(callback=<bound method McWidgetPlayer._add_widget_to_slide_when_active of McConfigPlayer.widgets>, priority=0, kwargs={'slide_name': 'prelaunch_slide', 'widget': 'skillshot_up_selected_player_1_widget', 's': {'slide': 'prelaunch_slide', 'key': 'skill_shot-skillshot_up_selected_player_1_widget', 'target': None}, 'play_kwargs': {}}, key=UUID('9eeb612b-74b0-466d-bcc6-6ccd14cc9e2b'), condition=None, blocking_facility=None)]. The order of those handlers is not defined and they will be executed in random order. This might lead to race conditions and potential bugs.
2024-09-05 18:47:07,876 : EventManager : Unordered handler for class McConfigPlayer.widgets on event slide_prelaunch_slide_created with priority 0. Handlers: [RegisteredHandler(callback=<bound method McWidgetPlayer._add_widget_to_slide_when_active of McConfigPlayer.widgets>, priority=0, kwargs={'slide_name': 'prelaunch_slide', 'widget': 'skill_shot_select_widget_1', 's': {'slide': 'prelaunch_slide', 'key': 'skill_shot-skill_shot_select_widget_1', 'target': None}, 'play_kwargs': {'restore': False, 'state': 'enabled', 'selected': True}}, key=UUID('9adf0a8c-393e-4538-85bc-566a0ed5f107'), condition=None, blocking_facility=None), RegisteredHandler(callback=<bound method McWidgetPlayer._add_widget_to_slide_when_active of McConfigPlayer.widgets>, priority=0, kwargs={'slide_name': 'prelaunch_slide', 'widget': 'skillshot_up_selected_player_1_widget', 's': {'slide': 'prelaunch_slide', 'key': 'skill_shot-skillshot_up_selected_player_1_widget', 'target': None}, 'play_kwargs': {}}, key=UUID('9eeb612b-74b0-466d-bcc6-6ccd14cc9e2b'), condition=None, blocking_facility=None), RegisteredHandler(callback=<bound method McWidgetPlayer._add_widget_to_slide_when_active of McConfigPlayer.widgets>, priority=0, kwargs={'slide_name': 'prelaunch_slide', 'widget': 'skillshot_up_player_2_widget', 's': {'slide': 'prelaunch_slide', 'key': 'skill_shot-skillshot_up_player_2_widget', 'target': None}, 'play_kwargs': {}}, key=UUID('9491ec45-ef1c-4f4f-a61e-24c0172b022a'), condition=None, blocking_facility=None)]. The order of those handlers is not defined and they will be executed in random order. This might lead to race conditions and potential bugs.
2024-09-05 18:47:07,876 : EventManager : Unordered handler for class McConfigPlayer.widgets on event slide_prelaunch_slide_created with priority 0. Handlers: [RegisteredHandler(callback=<bound method McWidgetPlayer._add_widget_to_slide_when_active of McConfigPlayer.widgets>, priority=0, kwargs={'slide_name': 'prelaunch_slide', 'widget': 'skill_shot_select_widget_1', 's': {'slide': 'prelaunch_slide', 'key': 'skill_shot-skill_shot_select_widget_1', 'target': None}, 'play_kwargs': {'restore': False, 'state': 'enabled', 'selected': True}}, key=UUID('9adf0a8c-393e-4538-85bc-566a0ed5f107'), condition=None, blocking_facility=None), RegisteredHandler(callback=<bound method McWidgetPlayer._add_widget_to_slide_when_active of McConfigPlayer.widgets>, priority=0, kwargs={'slide_name': 'prelaunch_slide', 'widget': 'skillshot_up_selected_player_1_widget', 's': {'slide': 'prelaunch_slide', 'key': 'skill_shot-skillshot_up_selected_player_1_widget', 'target': None}, 'play_kwargs': {}}, key=UUID('9eeb612b-74b0-466d-bcc6-6ccd14cc9e2b'), condition=None, blocking_facility=None), RegisteredHandler(callback=<bound method McWidgetPlayer._add_widget_to_slide_when_active of McConfigPlayer.widgets>, priority=0, kwargs={'slide_name': 'prelaunch_slide', 'widget': 'skillshot_up_player_2_widget', 's': {'slide': 'prelaunch_slide', 'key': 'skill_shot-skillshot_up_player_2_widget', 'target': None}, 'play_kwargs': {}}, key=UUID('9491ec45-ef1c-4f4f-a61e-24c0172b022a'), condition=None, blocking_facility=None)]. The order of those handlers is not defined and they will be executed in random order. This might lead to race conditions and potential bugs.
2024-09-05 18:47:07,878 : EventManager : Unordered handler for class McConfigPlayer.widgets on event slide_prelaunch_slide_created with priority 0. Handlers: [RegisteredHandler(callback=<bound method McWidgetPlayer._add_widget_to_slide_when_active of McConfigPlayer.widgets>, priority=0, kwargs={'slide_name': 'prelaunch_slide', 'widget': 'skill_shot_select_widget_1', 's': {'slide': 'prelaunch_slide', 'key': 'skill_shot-skill_shot_select_widget_1', 'target': None}, 'play_kwargs': {'restore': False, 'state': 'enabled', 'selected': True}}, key=UUID('9adf0a8c-393e-4538-85bc-566a0ed5f107'), condition=None, blocking_facility=None), RegisteredHandler(callback=<bound method McWidgetPlayer._add_widget_to_slide_when_active of McConfigPlayer.widgets>, priority=0, kwargs={'slide_name': 'prelaunch_slide', 'widget': 'skillshot_up_selected_player_1_widget', 's': {'slide': 'prelaunch_slide', 'key': 'skill_shot-skillshot_up_selected_player_1_widget', 'target': None}, 'play_kwargs': {}}, key=UUID('9eeb612b-74b0-466d-bcc6-6ccd14cc9e2b'), condition=None, blocking_facility=None), RegisteredHandler(callback=<bound method McWidgetPlayer._add_widget_to_slide_when_active of McConfigPlayer.widgets>, priority=0, kwargs={'slide_name': 'prelaunch_slide', 'widget': 'skillshot_up_player_2_widget', 's': {'slide': 'prelaunch_slide', 'key': 'skill_shot-skillshot_up_player_2_widget', 'target': None}, 'play_kwargs': {}}, key=UUID('9491ec45-ef1c-4f4f-a61e-24c0172b022a'), condition=None, blocking_facility=None), RegisteredHandler(callback=<bound method McWidgetPlayer._add_widget_to_slide_when_active of McConfigPlayer.widgets>, priority=0, kwargs={'slide_name': 'prelaunch_slide', 'widget': 'skillshot_up_player_3_widget', 's': {'slide': 'prelaunch_slide', 'key': 'skill_shot-skillshot_up_player_3_widget', 'target': None}, 'play_kwargs': {}}, key=UUID('5180c99b-6a90-4fb5-aa0e-12ae60efdb12'), condition=None, blocking_facility=None)]. The order of those handlers is not defined and they will be executed in random order. This might lead to race conditions and potential bugs.
2024-09-05 18:47:07,878 : EventManager : Unordered handler for class McConfigPlayer.widgets on event slide_prelaunch_slide_created with priority 0. Handlers: [RegisteredHandler(callback=<bound method McWidgetPlayer._add_widget_to_slide_when_active of McConfigPlayer.widgets>, priority=0, kwargs={'slide_name': 'prelaunch_slide', 'widget': 'skill_shot_select_widget_1', 's': {'slide': 'prelaunch_slide', 'key': 'skill_shot-skill_shot_select_widget_1', 'target': None}, 'play_kwargs': {'restore': False, 'state': 'enabled', 'selected': True}}, key=UUID('9adf0a8c-393e-4538-85bc-566a0ed5f107'), condition=None, blocking_facility=None), RegisteredHandler(callback=<bound method McWidgetPlayer._add_widget_to_slide_when_active of McConfigPlayer.widgets>, priority=0, kwargs={'slide_name': 'prelaunch_slide', 'widget': 'skillshot_up_selected_player_1_widget', 's': {'slide': 'prelaunch_slide', 'key': 'skill_shot-skillshot_up_selected_player_1_widget', 'target': None}, 'play_kwargs': {}}, key=UUID('9eeb612b-74b0-466d-bcc6-6ccd14cc9e2b'), condition=None, blocking_facility=None), RegisteredHandler(callback=<bound method McWidgetPlayer._add_widget_to_slide_when_active of McConfigPlayer.widgets>, priority=0, kwargs={'slide_name': 'prelaunch_slide', 'widget': 'skillshot_up_player_2_widget', 's': {'slide': 'prelaunch_slide', 'key': 'skill_shot-skillshot_up_player_2_widget', 'target': None}, 'play_kwargs': {}}, key=UUID('9491ec45-ef1c-4f4f-a61e-24c0172b022a'), condition=None, blocking_facility=None), RegisteredHandler(callback=<bound method McWidgetPlayer._add_widget_to_slide_when_active of McConfigPlayer.widgets>, priority=0, kwargs={'slide_name': 'prelaunch_slide', 'widget': 'skillshot_up_player_3_widget', 's': {'slide': 'prelaunch_slide', 'key': 'skill_shot-skillshot_up_player_3_widget', 'target': None}, 'play_kwargs': {}}, key=UUID('5180c99b-6a90-4fb5-aa0e-12ae60efdb12'), condition=None, blocking_facility=None)]. The order of those handlers is not defined and they will be executed in random order. This might lead to race conditions and potential bugs.
2024-09-05 18:47:07,878 : EventManager : Unordered handler for class McConfigPlayer.widgets on event slide_prelaunch_slide_created with priority 0. Handlers: [RegisteredHandler(callback=<bound method McWidgetPlayer._add_widget_to_slide_when_active of McConfigPlayer.widgets>, priority=0, kwargs={'slide_name': 'prelaunch_slide', 'widget': 'skill_shot_select_widget_1', 's': {'slide': 'prelaunch_slide', 'key': 'skill_shot-skill_shot_select_widget_1', 'target': None}, 'play_kwargs': {'restore': False, 'state': 'enabled', 'selected': True}}, key=UUID('9adf0a8c-393e-4538-85bc-566a0ed5f107'), condition=None, blocking_facility=None), RegisteredHandler(callback=<bound method McWidgetPlayer._add_widget_to_slide_when_active of McConfigPlayer.widgets>, priority=0, kwargs={'slide_name': 'prelaunch_slide', 'widget': 'skillshot_up_selected_player_1_widget', 's': {'slide': 'prelaunch_slide', 'key': 'skill_shot-skillshot_up_selected_player_1_widget', 'target': None}, 'play_kwargs': {}}, key=UUID('9eeb612b-74b0-466d-bcc6-6ccd14cc9e2b'), condition=None, blocking_facility=None), RegisteredHandler(callback=<bound method McWidgetPlayer._add_widget_to_slide_when_active of McConfigPlayer.widgets>, priority=0, kwargs={'slide_name': 'prelaunch_slide', 'widget': 'skillshot_up_player_2_widget', 's': {'slide': 'prelaunch_slide', 'key': 'skill_shot-skillshot_up_player_2_widget', 'target': None}, 'play_kwargs': {}}, key=UUID('9491ec45-ef1c-4f4f-a61e-24c0172b022a'), condition=None, blocking_facility=None), RegisteredHandler(callback=<bound method McWidgetPlayer._add_widget_to_slide_when_active of McConfigPlayer.widgets>, priority=0, kwargs={'slide_name': 'prelaunch_slide', 'widget': 'skillshot_up_player_3_widget', 's': {'slide': 'prelaunch_slide', 'key': 'skill_shot-skillshot_up_player_3_widget', 'target': None}, 'play_kwargs': {}}, key=UUID('5180c99b-6a90-4fb5-aa0e-12ae60efdb12'), condition=None, blocking_facility=None)]. The order of those handlers is not defined and they will be executed in random order. This might lead to race conditions and potential bugs.
2024-09-05 18:47:07,879 : EventManager : Unordered handler for class McConfigPlayer.widgets on event slide_prelaunch_slide_created with priority 0. Handlers: [RegisteredHandler(callback=<bound method McWidgetPlayer._add_widget_to_slide_when_active of McConfigPlayer.widgets>, priority=0, kwargs={'slide_name': 'prelaunch_slide', 'widget': 'skill_shot_select_widget_1', 's': {'slide': 'prelaunch_slide', 'key': 'skill_shot-skill_shot_select_widget_1', 'target': None}, 'play_kwargs': {'restore': False, 'state': 'enabled', 'selected': True}}, key=UUID('9adf0a8c-393e-4538-85bc-566a0ed5f107'), condition=None, blocking_facility=None), RegisteredHandler(callback=<bound method McWidgetPlayer._add_widget_to_slide_when_active of McConfigPlayer.widgets>, priority=0, kwargs={'slide_name': 'prelaunch_slide', 'widget': 'skillshot_up_selected_player_1_widget', 's': {'slide': 'prelaunch_slide', 'key': 'skill_shot-skillshot_up_selected_player_1_widget', 'target': None}, 'play_kwargs': {}}, key=UUID('9eeb612b-74b0-466d-bcc6-6ccd14cc9e2b'), condition=None, blocking_facility=None), RegisteredHandler(callback=<bound method McWidgetPlayer._add_widget_to_slide_when_active of McConfigPlayer.widgets>, priority=0, kwargs={'slide_name': 'prelaunch_slide', 'widget': 'skillshot_up_player_2_widget', 's': {'slide': 'prelaunch_slide', 'key': 'skill_shot-skillshot_up_player_2_widget', 'target': None}, 'play_kwargs': {}}, key=UUID('9491ec45-ef1c-4f4f-a61e-24c0172b022a'), condition=None, blocking_facility=None), RegisteredHandler(callback=<bound method McWidgetPlayer._add_widget_to_slide_when_active of McConfigPlayer.widgets>, priority=0, kwargs={'slide_name': 'prelaunch_slide', 'widget': 'skillshot_up_player_3_widget', 's': {'slide': 'prelaunch_slide', 'key': 'skill_shot-skillshot_up_player_3_widget', 'target': None}, 'play_kwargs': {}}, key=UUID('5180c99b-6a90-4fb5-aa0e-12ae60efdb12'), condition=None, blocking_facility=None), RegisteredHandler(callback=<bound method McWidgetPlayer._add_widget_to_slide_when_active of McConfigPlayer.widgets>, priority=0, kwargs={'slide_name': 'prelaunch_slide', 'widget': 'skillshot_up_player_4_widget', 's': {'slide': 'prelaunch_slide', 'key': 'skill_shot-skillshot_up_player_4_widget', 'target': None}, 'play_kwargs': {}}, key=UUID('41f02eb4-e13f-4521-a05d-bd2d0de171ea'), condition=None, blocking_facility=None)]. The order of those handlers is not defined and they will be executed in random order. This might lead to race conditions and potential bugs.
2024-09-05 18:47:07,879 : EventManager : Unordered handler for class McConfigPlayer.widgets on event slide_prelaunch_slide_created with priority 0. Handlers: [RegisteredHandler(callback=<bound method McWidgetPlayer._add_widget_to_slide_when_active of McConfigPlayer.widgets>, priority=0, kwargs={'slide_name': 'prelaunch_slide', 'widget': 'skill_shot_select_widget_1', 's': {'slide': 'prelaunch_slide', 'key': 'skill_shot-skill_shot_select_widget_1', 'target': None}, 'play_kwargs': {'restore': False, 'state': 'enabled', 'selected': True}}, key=UUID('9adf0a8c-393e-4538-85bc-566a0ed5f107'), condition=None, blocking_facility=None), RegisteredHandler(callback=<bound method McWidgetPlayer._add_widget_to_slide_when_active of McConfigPlayer.widgets>, priority=0, kwargs={'slide_name': 'prelaunch_slide', 'widget': 'skillshot_up_selected_player_1_widget', 's': {'slide': 'prelaunch_slide', 'key': 'skill_shot-skillshot_up_selected_player_1_widget', 'target': None}, 'play_kwargs': {}}, key=UUID('9eeb612b-74b0-466d-bcc6-6ccd14cc9e2b'), condition=None, blocking_facility=None), RegisteredHandler(callback=<bound method McWidgetPlayer._add_widget_to_slide_when_active of McConfigPlayer.widgets>, priority=0, kwargs={'slide_name': 'prelaunch_slide', 'widget': 'skillshot_up_player_2_widget', 's': {'slide': 'prelaunch_slide', 'key': 'skill_shot-skillshot_up_player_2_widget', 'target': None}, 'play_kwargs': {}}, key=UUID('9491ec45-ef1c-4f4f-a61e-24c0172b022a'), condition=None, blocking_facility=None), RegisteredHandler(callback=<bound method McWidgetPlayer._add_widget_to_slide_when_active of McConfigPlayer.widgets>, priority=0, kwargs={'slide_name': 'prelaunch_slide', 'widget': 'skillshot_up_player_3_widget', 's': {'slide': 'prelaunch_slide', 'key': 'skill_shot-skillshot_up_player_3_widget', 'target': None}, 'play_kwargs': {}}, key=UUID('5180c99b-6a90-4fb5-aa0e-12ae60efdb12'), condition=None, blocking_facility=None), RegisteredHandler(callback=<bound method McWidgetPlayer._add_widget_to_slide_when_active of McConfigPlayer.widgets>, priority=0, kwargs={'slide_name': 'prelaunch_slide', 'widget': 'skillshot_up_player_4_widget', 's': {'slide': 'prelaunch_slide', 'key': 'skill_shot-skillshot_up_player_4_widget', 'target': None}, 'play_kwargs': {}}, key=UUID('41f02eb4-e13f-4521-a05d-bd2d0de171ea'), condition=None, blocking_facility=None)]. The order of those handlers is not defined and they will be executed in random order. This might lead to race conditions and potential bugs.
2024-09-05 18:47:07,880 : EventManager : Unordered handler for class McConfigPlayer.widgets on event slide_prelaunch_slide_created with priority 0. Handlers: [RegisteredHandler(callback=<bound method McWidgetPlayer._add_widget_to_slide_when_active of McConfigPlayer.widgets>, priority=0, kwargs={'slide_name': 'prelaunch_slide', 'widget': 'skill_shot_select_widget_1', 's': {'slide': 'prelaunch_slide', 'key': 'skill_shot-skill_shot_select_widget_1', 'target': None}, 'play_kwargs': {'restore': False, 'state': 'enabled', 'selected': True}}, key=UUID('9adf0a8c-393e-4538-85bc-566a0ed5f107'), condition=None, blocking_facility=None), RegisteredHandler(callback=<bound method McWidgetPlayer._add_widget_to_slide_when_active of McConfigPlayer.widgets>, priority=0, kwargs={'slide_name': 'prelaunch_slide', 'widget': 'skillshot_up_selected_player_1_widget', 's': {'slide': 'prelaunch_slide', 'key': 'skill_shot-skillshot_up_selected_player_1_widget', 'target': None}, 'play_kwargs': {}}, key=UUID('9eeb612b-74b0-466d-bcc6-6ccd14cc9e2b'), condition=None, blocking_facility=None), RegisteredHandler(callback=<bound method McWidgetPlayer._add_widget_to_slide_when_active of McConfigPlayer.widgets>, priority=0, kwargs={'slide_name': 'prelaunch_slide', 'widget': 'skillshot_up_player_2_widget', 's': {'slide': 'prelaunch_slide', 'key': 'skill_shot-skillshot_up_player_2_widget', 'target': None}, 'play_kwargs': {}}, key=UUID('9491ec45-ef1c-4f4f-a61e-24c0172b022a'), condition=None, blocking_facility=None), RegisteredHandler(callback=<bound method McWidgetPlayer._add_widget_to_slide_when_active of McConfigPlayer.widgets>, priority=0, kwargs={'slide_name': 'prelaunch_slide', 'widget': 'skillshot_up_player_3_widget', 's': {'slide': 'prelaunch_slide', 'key': 'skill_shot-skillshot_up_player_3_widget', 'target': None}, 'play_kwargs': {}}, key=UUID('5180c99b-6a90-4fb5-aa0e-12ae60efdb12'), condition=None, blocking_facility=None), RegisteredHandler(callback=<bound method McWidgetPlayer._add_widget_to_slide_when_active of McConfigPlayer.widgets>, priority=0, kwargs={'slide_name': 'prelaunch_slide', 'widget': 'skillshot_up_player_4_widget', 's': {'slide': 'prelaunch_slide', 'key': 'skill_shot-skillshot_up_player_4_widget', 'target': None}, 'play_kwargs': {}}, key=UUID('41f02eb4-e13f-4521-a05d-bd2d0de171ea'), condition=None, blocking_facility=None)]. The order of those handlers is not defined and they will be executed in random order. This might lead to race conditions and potential bugs.
2024-09-05 18:47:07,880 : EventManager : Unordered handler for class McConfigPlayer.widgets on event slide_prelaunch_slide_created with priority 0. Handlers: [RegisteredHandler(callback=<bound method McWidgetPlayer._add_widget_to_slide_when_active of McConfigPlayer.widgets>, priority=0, kwargs={'slide_name': 'prelaunch_slide', 'widget': 'skill_shot_select_widget_1', 's': {'slide': 'prelaunch_slide', 'key': 'skill_shot-skill_shot_select_widget_1', 'target': None}, 'play_kwargs': {'restore': False, 'state': 'enabled', 'selected': True}}, key=UUID('9adf0a8c-393e-4538-85bc-566a0ed5f107'), condition=None, blocking_facility=None), RegisteredHandler(callback=<bound method McWidgetPlayer._add_widget_to_slide_when_active of McConfigPlayer.widgets>, priority=0, kwargs={'slide_name': 'prelaunch_slide', 'widget': 'skillshot_up_selected_player_1_widget', 's': {'slide': 'prelaunch_slide', 'key': 'skill_shot-skillshot_up_selected_player_1_widget', 'target': None}, 'play_kwargs': {}}, key=UUID('9eeb612b-74b0-466d-bcc6-6ccd14cc9e2b'), condition=None, blocking_facility=None), RegisteredHandler(callback=<bound method McWidgetPlayer._add_widget_to_slide_when_active of McConfigPlayer.widgets>, priority=0, kwargs={'slide_name': 'prelaunch_slide', 'widget': 'skillshot_up_player_2_widget', 's': {'slide': 'prelaunch_slide', 'key': 'skill_shot-skillshot_up_player_2_widget', 'target': None}, 'play_kwargs': {}}, key=UUID('9491ec45-ef1c-4f4f-a61e-24c0172b022a'), condition=None, blocking_facility=None), RegisteredHandler(callback=<bound method McWidgetPlayer._add_widget_to_slide_when_active of McConfigPlayer.widgets>, priority=0, kwargs={'slide_name': 'prelaunch_slide', 'widget': 'skillshot_up_player_3_widget', 's': {'slide': 'prelaunch_slide', 'key': 'skill_shot-skillshot_up_player_3_widget', 'target': None}, 'play_kwargs': {}}, key=UUID('5180c99b-6a90-4fb5-aa0e-12ae60efdb12'), condition=None, blocking_facility=None), RegisteredHandler(callback=<bound method McWidgetPlayer._add_widget_to_slide_when_active of McConfigPlayer.widgets>, priority=0, kwargs={'slide_name': 'prelaunch_slide', 'widget': 'skillshot_up_player_4_widget', 's': {'slide': 'prelaunch_slide', 'key': 'skill_shot-skillshot_up_player_4_widget', 'target': None}, 'play_kwargs': {}}, key=UUID('41f02eb4-e13f-4521-a05d-bd2d0de171ea'), condition=None, blocking_facility=None)]. The order of those handlers is not defined and they will be executed in random order. This might lead to race conditions and potential bugs.
2024-09-05 18:47:07,907 : EventManager : Event: ======'player_battle_lit_score'====== Args={'value': 5, 'prev_value': 0, 'change': 5, 'player_num': 1}
2024-09-05 18:47:07,907 : EventManager : Event: ======'slides_play'====== Args={'settings': {'base_slide': {'target': None, 'background_color': [0.0, 0.0, 0.0, 1.0], 'priority': None, 'show': True, 'force': False, 'expire': None, 'slide': None, 'tokens': {}, 'action': 'play'}}, 'context': 'game', 'calling_context': 'single_player_ball_started', 'priority': 20}
2024-09-05 18:47:07,907 : mpfmc : SlidePlayer: Play called with settings={'base_slide': {'target': None, 'background_color': [0.0, 0.0, 0.0, 1.0], 'priority': None, 'show': True, 'force': False, 'expire': None, 'slide': None, 'tokens': {}, 'action': 'play'}}
2024-09-05 18:47:07,908 : EventManager : Event: ======'slide_base_slide_created'====== Args={}
2024-09-05 18:47:08,090 : EventManager : Event: ======'machine_var_audits_switches_s_plunger'====== Args={'value': 4103, 'prev_value': 4102, 'change': 1}
2024-09-05 18:47:08,807 : EventManager : Event: ======'machine_var_audits_switches_s_right_outlane'====== Args={'value': 142, 'prev_value': 141, 'change': 1}
2024-09-05 18:47:08,807 : EventManager : Event: ======'player_shot_lane_E'====== Args={'value': 1, 'prev_value': 0, 'change': 1, 'player_num': 1}
2024-09-05 18:47:08,807 : EventManager : Event: ======'machine_var_audits_shots_lane_E'====== Args={'value': 140, 'prev_value': 139, 'change': 1}
2024-09-05 18:47:08,807 : EventManager : Event: ======'slides_play'====== Args={'settings': {'ball_saved_slide': {'action': 'play', 'expire': 1.0, 'priority': 800, 'target': None, 'background_color': [0.0, 0.0, 0.0, 1.0], 'show': True, 'force': False, 'slide': None, 'tokens': {}}}, 'context': 'game', 'calling_context': 'ball_save_main_ball_save_saving_ball', 'priority': 20, 'balls': 1, 'early_save': True}
2024-09-05 18:47:08,807 : mpfmc : SlidePlayer: Play called with settings={'ball_saved_slide': {'action': 'play', 'expire': 1.0, 'priority': 800, 'target': None, 'background_color': [0.0, 0.0, 0.0, 1.0], 'show': True, 'force': False, 'slide': None, 'tokens': {}}}
2024-09-05 18:47:08,813 : EventManager : Event: ======'slide_ball_saved_slide_created'====== Args={}
2024-09-05 18:47:08,817 : EventManager : Event: ======'slide_ball_saved_slide_active'====== Args={}
2024-09-05 18:47:09,809 : EventManager : Event: ======'slide_ball_saved_slide_removed'====== Args={}
2024-09-05 18:47:09,813 : EventManager : Event: ======'slide_prelaunch_slide_active'====== Args={}
2024-09-05 18:47:09,824 : EventManager : Unordered handler for class McConfigPlayer.widgets on event slide_prelaunch_slide_created with priority 0. Handlers: [RegisteredHandler(callback=<bound method McWidgetPlayer._add_widget_to_slide_when_active of McConfigPlayer.widgets>, priority=0, kwargs={'slide_name': 'prelaunch_slide', 'widget': 'skill_shot_select_widget_1', 's': {'slide': 'prelaunch_slide', 'key': 'skill_shot-skill_shot_select_widget_1', 'target': None}, 'play_kwargs': {'restore': False, 'state': 'enabled', 'selected': True}}, key=UUID('9adf0a8c-393e-4538-85bc-566a0ed5f107'), condition=None, blocking_facility=None), RegisteredHandler(callback=<bound method McWidgetPlayer._add_widget_to_slide_when_active of McConfigPlayer.widgets>, priority=0, kwargs={'slide_name': 'prelaunch_slide', 'widget': 'skillshot_up_player_2_widget', 's': {'slide': 'prelaunch_slide', 'key': 'skill_shot-skillshot_up_player_2_widget', 'target': None}, 'play_kwargs': {}}, key=UUID('9491ec45-ef1c-4f4f-a61e-24c0172b022a'), condition=None, blocking_facility=None), RegisteredHandler(callback=<bound method McWidgetPlayer._add_widget_to_slide_when_active of McConfigPlayer.widgets>, priority=0, kwargs={'slide_name': 'prelaunch_slide', 'widget': 'skillshot_up_player_3_widget', 's': {'slide': 'prelaunch_slide', 'key': 'skill_shot-skillshot_up_player_3_widget', 'target': None}, 'play_kwargs': {}}, key=UUID('5180c99b-6a90-4fb5-aa0e-12ae60efdb12'), condition=None, blocking_facility=None), RegisteredHandler(callback=<bound method McWidgetPlayer._add_widget_to_slide_when_active of McConfigPlayer.widgets>, priority=0, kwargs={'slide_name': 'prelaunch_slide', 'widget': 'skillshot_up_player_4_widget', 's': {'slide': 'prelaunch_slide', 'key': 'skill_shot-skillshot_up_player_4_widget', 'target': None}, 'play_kwargs': {}}, key=UUID('41f02eb4-e13f-4521-a05d-bd2d0de171ea'), condition=None, blocking_facility=None), RegisteredHandler(callback=<bound method McWidgetPlayer._add_widget_to_slide_when_active of McConfigPlayer.widgets>, priority=0, kwargs={'slide_name': 'prelaunch_slide', 'widget': 'skillshot_up_selected_player_1_widget', 's': {'slide': 'prelaunch_slide', 'key': 'skill_shot-skillshot_up_selected_player_1_widget', 'target': None}, 'play_kwargs': {}}, key=UUID('f803db9e-cc6d-4848-bb74-6f94eb07a40b'), condition=None, blocking_facility=None)]. The order of those handlers is not defined and they will be executed in random order. This might lead to race conditions and potential bugs.
2024-09-05 18:47:09,825 : EventManager : Unordered handler for class McConfigPlayer.widgets on event slide_prelaunch_slide_created with priority 0. Handlers: [RegisteredHandler(callback=<bound method McWidgetPlayer._add_widget_to_slide_when_active of McConfigPlayer.widgets>, priority=0, kwargs={'slide_name': 'prelaunch_slide', 'widget': 'skill_shot_select_widget_1', 's': {'slide': 'prelaunch_slide', 'key': 'skill_shot-skill_shot_select_widget_1', 'target': None}, 'play_kwargs': {'restore': False, 'state': 'enabled', 'selected': True}}, key=UUID('9adf0a8c-393e-4538-85bc-566a0ed5f107'), condition=None, blocking_facility=None), RegisteredHandler(callback=<bound method McWidgetPlayer._add_widget_to_slide_when_active of McConfigPlayer.widgets>, priority=0, kwargs={'slide_name': 'prelaunch_slide', 'widget': 'skillshot_up_player_2_widget', 's': {'slide': 'prelaunch_slide', 'key': 'skill_shot-skillshot_up_player_2_widget', 'target': None}, 'play_kwargs': {}}, key=UUID('9491ec45-ef1c-4f4f-a61e-24c0172b022a'), condition=None, blocking_facility=None), RegisteredHandler(callback=<bound method McWidgetPlayer._add_widget_to_slide_when_active of McConfigPlayer.widgets>, priority=0, kwargs={'slide_name': 'prelaunch_slide', 'widget': 'skillshot_up_player_3_widget', 's': {'slide': 'prelaunch_slide', 'key': 'skill_shot-skillshot_up_player_3_widget', 'target': None}, 'play_kwargs': {}}, key=UUID('5180c99b-6a90-4fb5-aa0e-12ae60efdb12'), condition=None, blocking_facility=None), RegisteredHandler(callback=<bound method McWidgetPlayer._add_widget_to_slide_when_active of McConfigPlayer.widgets>, priority=0, kwargs={'slide_name': 'prelaunch_slide', 'widget': 'skillshot_up_player_4_widget', 's': {'slide': 'prelaunch_slide', 'key': 'skill_shot-skillshot_up_player_4_widget', 'target': None}, 'play_kwargs': {}}, key=UUID('41f02eb4-e13f-4521-a05d-bd2d0de171ea'), condition=None, blocking_facility=None), RegisteredHandler(callback=<bound method McWidgetPlayer._add_widget_to_slide_when_active of McConfigPlayer.widgets>, priority=0, kwargs={'slide_name': 'prelaunch_slide', 'widget': 'skillshot_up_selected_player_1_widget', 's': {'slide': 'prelaunch_slide', 'key': 'skill_shot-skillshot_up_selected_player_1_widget', 'target': None}, 'play_kwargs': {}}, key=UUID('f803db9e-cc6d-4848-bb74-6f94eb07a40b'), condition=None, blocking_facility=None)]. The order of those handlers is not defined and they will be executed in random order. This might lead to race conditions and potential bugs.
2024-09-05 18:47:09,825 : EventManager : Unordered handler for class McConfigPlayer.widgets on event slide_prelaunch_slide_created with priority 0. Handlers: [RegisteredHandler(callback=<bound method McWidgetPlayer._add_widget_to_slide_when_active of McConfigPlayer.widgets>, priority=0, kwargs={'slide_name': 'prelaunch_slide', 'widget': 'skill_shot_select_widget_1', 's': {'slide': 'prelaunch_slide', 'key': 'skill_shot-skill_shot_select_widget_1', 'target': None}, 'play_kwargs': {'restore': False, 'state': 'enabled', 'selected': True}}, key=UUID('9adf0a8c-393e-4538-85bc-566a0ed5f107'), condition=None, blocking_facility=None), RegisteredHandler(callback=<bound method McWidgetPlayer._add_widget_to_slide_when_active of McConfigPlayer.widgets>, priority=0, kwargs={'slide_name': 'prelaunch_slide', 'widget': 'skillshot_up_player_2_widget', 's': {'slide': 'prelaunch_slide', 'key': 'skill_shot-skillshot_up_player_2_widget', 'target': None}, 'play_kwargs': {}}, key=UUID('9491ec45-ef1c-4f4f-a61e-24c0172b022a'), condition=None, blocking_facility=None), RegisteredHandler(callback=<bound method McWidgetPlayer._add_widget_to_slide_when_active of McConfigPlayer.widgets>, priority=0, kwargs={'slide_name': 'prelaunch_slide', 'widget': 'skillshot_up_player_3_widget', 's': {'slide': 'prelaunch_slide', 'key': 'skill_shot-skillshot_up_player_3_widget', 'target': None}, 'play_kwargs': {}}, key=UUID('5180c99b-6a90-4fb5-aa0e-12ae60efdb12'), condition=None, blocking_facility=None), RegisteredHandler(callback=<bound method McWidgetPlayer._add_widget_to_slide_when_active of McConfigPlayer.widgets>, priority=0, kwargs={'slide_name': 'prelaunch_slide', 'widget': 'skillshot_up_player_4_widget', 's': {'slide': 'prelaunch_slide', 'key': 'skill_shot-skillshot_up_player_4_widget', 'target': None}, 'play_kwargs': {}}, key=UUID('41f02eb4-e13f-4521-a05d-bd2d0de171ea'), condition=None, blocking_facility=None), RegisteredHandler(callback=<bound method McWidgetPlayer._add_widget_to_slide_when_active of McConfigPlayer.widgets>, priority=0, kwargs={'slide_name': 'prelaunch_slide', 'widget': 'skillshot_up_selected_player_1_widget', 's': {'slide': 'prelaunch_slide', 'key': 'skill_shot-skillshot_up_selected_player_1_widget', 'target': None}, 'play_kwargs': {}}, key=UUID('f803db9e-cc6d-4848-bb74-6f94eb07a40b'), condition=None, blocking_facility=None)]. The order of those handlers is not defined and they will be executed in random order. This might lead to race conditions and potential bugs.
2024-09-05 18:47:09,825 : EventManager : Unordered handler for class McConfigPlayer.widgets on event slide_prelaunch_slide_created with priority 0. Handlers: [RegisteredHandler(callback=<bound method McWidgetPlayer._add_widget_to_slide_when_active of McConfigPlayer.widgets>, priority=0, kwargs={'slide_name': 'prelaunch_slide', 'widget': 'skill_shot_select_widget_1', 's': {'slide': 'prelaunch_slide', 'key': 'skill_shot-skill_shot_select_widget_1', 'target': None}, 'play_kwargs': {'restore': False, 'state': 'enabled', 'selected': True}}, key=UUID('9adf0a8c-393e-4538-85bc-566a0ed5f107'), condition=None, blocking_facility=None), RegisteredHandler(callback=<bound method McWidgetPlayer._add_widget_to_slide_when_active of McConfigPlayer.widgets>, priority=0, kwargs={'slide_name': 'prelaunch_slide', 'widget': 'skillshot_up_player_2_widget', 's': {'slide': 'prelaunch_slide', 'key': 'skill_shot-skillshot_up_player_2_widget', 'target': None}, 'play_kwargs': {}}, key=UUID('9491ec45-ef1c-4f4f-a61e-24c0172b022a'), condition=None, blocking_facility=None), RegisteredHandler(callback=<bound method McWidgetPlayer._add_widget_to_slide_when_active of McConfigPlayer.widgets>, priority=0, kwargs={'slide_name': 'prelaunch_slide', 'widget': 'skillshot_up_player_3_widget', 's': {'slide': 'prelaunch_slide', 'key': 'skill_shot-skillshot_up_player_3_widget', 'target': None}, 'play_kwargs': {}}, key=UUID('5180c99b-6a90-4fb5-aa0e-12ae60efdb12'), condition=None, blocking_facility=None), RegisteredHandler(callback=<bound method McWidgetPlayer._add_widget_to_slide_when_active of McConfigPlayer.widgets>, priority=0, kwargs={'slide_name': 'prelaunch_slide', 'widget': 'skillshot_up_player_4_widget', 's': {'slide': 'prelaunch_slide', 'key': 'skill_shot-skillshot_up_player_4_widget', 'target': None}, 'play_kwargs': {}}, key=UUID('41f02eb4-e13f-4521-a05d-bd2d0de171ea'), condition=None, blocking_facility=None), RegisteredHandler(callback=<bound method McWidgetPlayer._add_widget_to_slide_when_active of McConfigPlayer.widgets>, priority=0, kwargs={'slide_name': 'prelaunch_slide', 'widget': 'skillshot_up_selected_player_1_widget', 's': {'slide': 'prelaunch_slide', 'key': 'skill_shot-skillshot_up_selected_player_1_widget', 'target': None}, 'play_kwargs': {}}, key=UUID('f803db9e-cc6d-4848-bb74-6f94eb07a40b'), condition=None, blocking_facility=None)]. The order of those handlers is not defined and they will be executed in random order. This might lead to race conditions and potential bugs.
2024-09-05 18:47:09,828 : EventManager : Unordered handler for class McConfigPlayer.widgets on event slide_prelaunch_slide_created with priority 0. Handlers: [RegisteredHandler(callback=<bound method McWidgetPlayer._add_widget_to_slide_when_active of McConfigPlayer.widgets>, priority=0, kwargs={'slide_name': 'prelaunch_slide', 'widget': 'skill_shot_select_widget_1', 's': {'slide': 'prelaunch_slide', 'key': 'skill_shot-skill_shot_select_widget_1', 'target': None}, 'play_kwargs': {'restore': False, 'state': 'enabled', 'selected': True}}, key=UUID('9adf0a8c-393e-4538-85bc-566a0ed5f107'), condition=None, blocking_facility=None), RegisteredHandler(callback=<bound method McWidgetPlayer._add_widget_to_slide_when_active of McConfigPlayer.widgets>, priority=0, kwargs={'slide_name': 'prelaunch_slide', 'widget': 'skillshot_up_player_3_widget', 's': {'slide': 'prelaunch_slide', 'key': 'skill_shot-skillshot_up_player_3_widget', 'target': None}, 'play_kwargs': {}}, key=UUID('5180c99b-6a90-4fb5-aa0e-12ae60efdb12'), condition=None, blocking_facility=None), RegisteredHandler(callback=<bound method McWidgetPlayer._add_widget_to_slide_when_active of McConfigPlayer.widgets>, priority=0, kwargs={'slide_name': 'prelaunch_slide', 'widget': 'skillshot_up_player_4_widget', 's': {'slide': 'prelaunch_slide', 'key': 'skill_shot-skillshot_up_player_4_widget', 'target': None}, 'play_kwargs': {}}, key=UUID('41f02eb4-e13f-4521-a05d-bd2d0de171ea'), condition=None, blocking_facility=None), RegisteredHandler(callback=<bound method McWidgetPlayer._add_widget_to_slide_when_active of McConfigPlayer.widgets>, priority=0, kwargs={'slide_name': 'prelaunch_slide', 'widget': 'skillshot_up_selected_player_1_widget', 's': {'slide': 'prelaunch_slide', 'key': 'skill_shot-skillshot_up_selected_player_1_widget', 'target': None}, 'play_kwargs': {}}, key=UUID('f803db9e-cc6d-4848-bb74-6f94eb07a40b'), condition=None, blocking_facility=None), RegisteredHandler(callback=<bound method McWidgetPlayer._add_widget_to_slide_when_active of McConfigPlayer.widgets>, priority=0, kwargs={'slide_name': 'prelaunch_slide', 'widget': 'skillshot_up_player_2_widget', 's': {'slide': 'prelaunch_slide', 'key': 'skill_shot-skillshot_up_player_2_widget', 'target': None}, 'play_kwargs': {}}, key=UUID('92f13719-1d88-4d9c-99bf-80c800bf6aeb'), condition=None, blocking_facility=None)]. The order of those handlers is not defined and they will be executed in random order. This might lead to race conditions and potential bugs.
2024-09-05 18:47:09,828 : EventManager : Unordered handler for class McConfigPlayer.widgets on event slide_prelaunch_slide_created with priority 0. Handlers: [RegisteredHandler(callback=<bound method McWidgetPlayer._add_widget_to_slide_when_active of McConfigPlayer.widgets>, priority=0, kwargs={'slide_name': 'prelaunch_slide', 'widget': 'skill_shot_select_widget_1', 's': {'slide': 'prelaunch_slide', 'key': 'skill_shot-skill_shot_select_widget_1', 'target': None}, 'play_kwargs': {'restore': False, 'state': 'enabled', 'selected': True}}, key=UUID('9adf0a8c-393e-4538-85bc-566a0ed5f107'), condition=None, blocking_facility=None), RegisteredHandler(callback=<bound method McWidgetPlayer._add_widget_to_slide_when_active of McConfigPlayer.widgets>, priority=0, kwargs={'slide_name': 'prelaunch_slide', 'widget': 'skillshot_up_player_3_widget', 's': {'slide': 'prelaunch_slide', 'key': 'skill_shot-skillshot_up_player_3_widget', 'target': None}, 'play_kwargs': {}}, key=UUID('5180c99b-6a90-4fb5-aa0e-12ae60efdb12'), condition=None, blocking_facility=None), RegisteredHandler(callback=<bound method McWidgetPlayer._add_widget_to_slide_when_active of McConfigPlayer.widgets>, priority=0, kwargs={'slide_name': 'prelaunch_slide', 'widget': 'skillshot_up_player_4_widget', 's': {'slide': 'prelaunch_slide', 'key': 'skill_shot-skillshot_up_player_4_widget', 'target': None}, 'play_kwargs': {}}, key=UUID('41f02eb4-e13f-4521-a05d-bd2d0de171ea'), condition=None, blocking_facility=None), RegisteredHandler(callback=<bound method McWidgetPlayer._add_widget_to_slide_when_active of McConfigPlayer.widgets>, priority=0, kwargs={'slide_name': 'prelaunch_slide', 'widget': 'skillshot_up_selected_player_1_widget', 's': {'slide': 'prelaunch_slide', 'key': 'skill_shot-skillshot_up_selected_player_1_widget', 'target': None}, 'play_kwargs': {}}, key=UUID('f803db9e-cc6d-4848-bb74-6f94eb07a40b'), condition=None, blocking_facility=None), RegisteredHandler(callback=<bound method McWidgetPlayer._add_widget_to_slide_when_active of McConfigPlayer.widgets>, priority=0, kwargs={'slide_name': 'prelaunch_slide', 'widget': 'skillshot_up_player_2_widget', 's': {'slide': 'prelaunch_slide', 'key': 'skill_shot-skillshot_up_player_2_widget', 'target': None}, 'play_kwargs': {}}, key=UUID('92f13719-1d88-4d9c-99bf-80c800bf6aeb'), condition=None, blocking_facility=None)]. The order of those handlers is not defined and they will be executed in random order. This might lead to race conditions and potential bugs.
2024-09-05 18:47:09,828 : EventManager : Unordered handler for class McConfigPlayer.widgets on event slide_prelaunch_slide_created with priority 0. Handlers: [RegisteredHandler(callback=<bound method McWidgetPlayer._add_widget_to_slide_when_active of McConfigPlayer.widgets>, priority=0, kwargs={'slide_name': 'prelaunch_slide', 'widget': 'skill_shot_select_widget_1', 's': {'slide': 'prelaunch_slide', 'key': 'skill_shot-skill_shot_select_widget_1', 'target': None}, 'play_kwargs': {'restore': False, 'state': 'enabled', 'selected': True}}, key=UUID('9adf0a8c-393e-4538-85bc-566a0ed5f107'), condition=None, blocking_facility=None), RegisteredHandler(callback=<bound method McWidgetPlayer._add_widget_to_slide_when_active of McConfigPlayer.widgets>, priority=0, kwargs={'slide_name': 'prelaunch_slide', 'widget': 'skillshot_up_player_3_widget', 's': {'slide': 'prelaunch_slide', 'key': 'skill_shot-skillshot_up_player_3_widget', 'target': None}, 'play_kwargs': {}}, key=UUID('5180c99b-6a90-4fb5-aa0e-12ae60efdb12'), condition=None, blocking_facility=None), RegisteredHandler(callback=<bound method McWidgetPlayer._add_widget_to_slide_when_active of McConfigPlayer.widgets>, priority=0, kwargs={'slide_name': 'prelaunch_slide', 'widget': 'skillshot_up_player_4_widget', 's': {'slide': 'prelaunch_slide', 'key': 'skill_shot-skillshot_up_player_4_widget', 'target': None}, 'play_kwargs': {}}, key=UUID('41f02eb4-e13f-4521-a05d-bd2d0de171ea'), condition=None, blocking_facility=None), RegisteredHandler(callback=<bound method McWidgetPlayer._add_widget_to_slide_when_active of McConfigPlayer.widgets>, priority=0, kwargs={'slide_name': 'prelaunch_slide', 'widget': 'skillshot_up_selected_player_1_widget', 's': {'slide': 'prelaunch_slide', 'key': 'skill_shot-skillshot_up_selected_player_1_widget', 'target': None}, 'play_kwargs': {}}, key=UUID('f803db9e-cc6d-4848-bb74-6f94eb07a40b'), condition=None, blocking_facility=None), RegisteredHandler(callback=<bound method McWidgetPlayer._add_widget_to_slide_when_active of McConfigPlayer.widgets>, priority=0, kwargs={'slide_name': 'prelaunch_slide', 'widget': 'skillshot_up_player_2_widget', 's': {'slide': 'prelaunch_slide', 'key': 'skill_shot-skillshot_up_player_2_widget', 'target': None}, 'play_kwargs': {}}, key=UUID('92f13719-1d88-4d9c-99bf-80c800bf6aeb'), condition=None, blocking_facility=None)]. The order of those handlers is not defined and they will be executed in random order. This might lead to race conditions and potential bugs.
2024-09-05 18:47:09,828 : EventManager : Unordered handler for class McConfigPlayer.widgets on event slide_prelaunch_slide_created with priority 0. Handlers: [RegisteredHandler(callback=<bound method McWidgetPlayer._add_widget_to_slide_when_active of McConfigPlayer.widgets>, priority=0, kwargs={'slide_name': 'prelaunch_slide', 'widget': 'skill_shot_select_widget_1', 's': {'slide': 'prelaunch_slide', 'key': 'skill_shot-skill_shot_select_widget_1', 'target': None}, 'play_kwargs': {'restore': False, 'state': 'enabled', 'selected': True}}, key=UUID('9adf0a8c-393e-4538-85bc-566a0ed5f107'), condition=None, blocking_facility=None), RegisteredHandler(callback=<bound method McWidgetPlayer._add_widget_to_slide_when_active of McConfigPlayer.widgets>, priority=0, kwargs={'slide_name': 'prelaunch_slide', 'widget': 'skillshot_up_player_3_widget', 's': {'slide': 'prelaunch_slide', 'key': 'skill_shot-skillshot_up_player_3_widget', 'target': None}, 'play_kwargs': {}}, key=UUID('5180c99b-6a90-4fb5-aa0e-12ae60efdb12'), condition=None, blocking_facility=None), RegisteredHandler(callback=<bound method McWidgetPlayer._add_widget_to_slide_when_active of McConfigPlayer.widgets>, priority=0, kwargs={'slide_name': 'prelaunch_slide', 'widget': 'skillshot_up_player_4_widget', 's': {'slide': 'prelaunch_slide', 'key': 'skill_shot-skillshot_up_player_4_widget', 'target': None}, 'play_kwargs': {}}, key=UUID('41f02eb4-e13f-4521-a05d-bd2d0de171ea'), condition=None, blocking_facility=None), RegisteredHandler(callback=<bound method McWidgetPlayer._add_widget_to_slide_when_active of McConfigPlayer.widgets>, priority=0, kwargs={'slide_name': 'prelaunch_slide', 'widget': 'skillshot_up_selected_player_1_widget', 's': {'slide': 'prelaunch_slide', 'key': 'skill_shot-skillshot_up_selected_player_1_widget', 'target': None}, 'play_kwargs': {}}, key=UUID('f803db9e-cc6d-4848-bb74-6f94eb07a40b'), condition=None, blocking_facility=None), RegisteredHandler(callback=<bound method McWidgetPlayer._add_widget_to_slide_when_active of McConfigPlayer.widgets>, priority=0, kwargs={'slide_name': 'prelaunch_slide', 'widget': 'skillshot_up_player_2_widget', 's': {'slide': 'prelaunch_slide', 'key': 'skill_shot-skillshot_up_player_2_widget', 'target': None}, 'play_kwargs': {}}, key=UUID('92f13719-1d88-4d9c-99bf-80c800bf6aeb'), condition=None, blocking_facility=None)]. The order of those handlers is not defined and they will be executed in random order. This might lead to race conditions and potential bugs.
2024-09-05 18:47:09,830 : EventManager : Unordered handler for class McConfigPlayer.widgets on event slide_prelaunch_slide_created with priority 0. Handlers: [RegisteredHandler(callback=<bound method McWidgetPlayer._add_widget_to_slide_when_active of McConfigPlayer.widgets>, priority=0, kwargs={'slide_name': 'prelaunch_slide', 'widget': 'skill_shot_select_widget_1', 's': {'slide': 'prelaunch_slide', 'key': 'skill_shot-skill_shot_select_widget_1', 'target': None}, 'play_kwargs': {'restore': False, 'state': 'enabled', 'selected': True}}, key=UUID('9adf0a8c-393e-4538-85bc-566a0ed5f107'), condition=None, blocking_facility=None), RegisteredHandler(callback=<bound method McWidgetPlayer._add_widget_to_slide_when_active of McConfigPlayer.widgets>, priority=0, kwargs={'slide_name': 'prelaunch_slide', 'widget': 'skillshot_up_player_4_widget', 's': {'slide': 'prelaunch_slide', 'key': 'skill_shot-skillshot_up_player_4_widget', 'target': None}, 'play_kwargs': {}}, key=UUID('41f02eb4-e13f-4521-a05d-bd2d0de171ea'), condition=None, blocking_facility=None), RegisteredHandler(callback=<bound method McWidgetPlayer._add_widget_to_slide_when_active of McConfigPlayer.widgets>, priority=0, kwargs={'slide_name': 'prelaunch_slide', 'widget': 'skillshot_up_selected_player_1_widget', 's': {'slide': 'prelaunch_slide', 'key': 'skill_shot-skillshot_up_selected_player_1_widget', 'target': None}, 'play_kwargs': {}}, key=UUID('f803db9e-cc6d-4848-bb74-6f94eb07a40b'), condition=None, blocking_facility=None), RegisteredHandler(callback=<bound method McWidgetPlayer._add_widget_to_slide_when_active of McConfigPlayer.widgets>, priority=0, kwargs={'slide_name': 'prelaunch_slide', 'widget': 'skillshot_up_player_2_widget', 's': {'slide': 'prelaunch_slide', 'key': 'skill_shot-skillshot_up_player_2_widget', 'target': None}, 'play_kwargs': {}}, key=UUID('92f13719-1d88-4d9c-99bf-80c800bf6aeb'), condition=None, blocking_facility=None), RegisteredHandler(callback=<bound method McWidgetPlayer._add_widget_to_slide_when_active of McConfigPlayer.widgets>, priority=0, kwargs={'slide_name': 'prelaunch_slide', 'widget': 'skillshot_up_player_3_widget', 's': {'slide': 'prelaunch_slide', 'key': 'skill_shot-skillshot_up_player_3_widget', 'target': None}, 'play_kwargs': {}}, key=UUID('d7d3b4b6-e720-40d0-8da2-701c22107eaa'), condition=None, blocking_facility=None)]. The order of those handlers is not defined and they will be executed in random order. This might lead to race conditions and potential bugs.
2024-09-05 18:47:09,830 : EventManager : Unordered handler for class McConfigPlayer.widgets on event slide_prelaunch_slide_created with priority 0. Handlers: [RegisteredHandler(callback=<bound method McWidgetPlayer._add_widget_to_slide_when_active of McConfigPlayer.widgets>, priority=0, kwargs={'slide_name': 'prelaunch_slide', 'widget': 'skill_shot_select_widget_1', 's': {'slide': 'prelaunch_slide', 'key': 'skill_shot-skill_shot_select_widget_1', 'target': None}, 'play_kwargs': {'restore': False, 'state': 'enabled', 'selected': True}}, key=UUID('9adf0a8c-393e-4538-85bc-566a0ed5f107'), condition=None, blocking_facility=None), RegisteredHandler(callback=<bound method McWidgetPlayer._add_widget_to_slide_when_active of McConfigPlayer.widgets>, priority=0, kwargs={'slide_name': 'prelaunch_slide', 'widget': 'skillshot_up_player_4_widget', 's': {'slide': 'prelaunch_slide', 'key': 'skill_shot-skillshot_up_player_4_widget', 'target': None}, 'play_kwargs': {}}, key=UUID('41f02eb4-e13f-4521-a05d-bd2d0de171ea'), condition=None, blocking_facility=None), RegisteredHandler(callback=<bound method McWidgetPlayer._add_widget_to_slide_when_active of McConfigPlayer.widgets>, priority=0, kwargs={'slide_name': 'prelaunch_slide', 'widget': 'skillshot_up_selected_player_1_widget', 's': {'slide': 'prelaunch_slide', 'key': 'skill_shot-skillshot_up_selected_player_1_widget', 'target': None}, 'play_kwargs': {}}, key=UUID('f803db9e-cc6d-4848-bb74-6f94eb07a40b'), condition=None, blocking_facility=None), RegisteredHandler(callback=<bound method McWidgetPlayer._add_widget_to_slide_when_active of McConfigPlayer.widgets>, priority=0, kwargs={'slide_name': 'prelaunch_slide', 'widget': 'skillshot_up_player_2_widget', 's': {'slide': 'prelaunch_slide', 'key': 'skill_shot-skillshot_up_player_2_widget', 'target': None}, 'play_kwargs': {}}, key=UUID('92f13719-1d88-4d9c-99bf-80c800bf6aeb'), condition=None, blocking_facility=None), RegisteredHandler(callback=<bound method McWidgetPlayer._add_widget_to_slide_when_active of McConfigPlayer.widgets>, priority=0, kwargs={'slide_name': 'prelaunch_slide', 'widget': 'skillshot_up_player_3_widget', 's': {'slide': 'prelaunch_slide', 'key': 'skill_shot-skillshot_up_player_3_widget', 'target': None}, 'play_kwargs': {}}, key=UUID('d7d3b4b6-e720-40d0-8da2-701c22107eaa'), condition=None, blocking_facility=None)]. The order of those handlers is not defined and they will be executed in random order. This might lead to race conditions and potential bugs.
2024-09-05 18:47:09,830 : EventManager : Unordered handler for class McConfigPlayer.widgets on event slide_prelaunch_slide_created with priority 0. Handlers: [RegisteredHandler(callback=<bound method McWidgetPlayer._add_widget_to_slide_when_active of McConfigPlayer.widgets>, priority=0, kwargs={'slide_name': 'prelaunch_slide', 'widget': 'skill_shot_select_widget_1', 's': {'slide': 'prelaunch_slide', 'key': 'skill_shot-skill_shot_select_widget_1', 'target': None}, 'play_kwargs': {'restore': False, 'state': 'enabled', 'selected': True}}, key=UUID('9adf0a8c-393e-4538-85bc-566a0ed5f107'), condition=None, blocking_facility=None), RegisteredHandler(callback=<bound method McWidgetPlayer._add_widget_to_slide_when_active of McConfigPlayer.widgets>, priority=0, kwargs={'slide_name': 'prelaunch_slide', 'widget': 'skillshot_up_player_4_widget', 's': {'slide': 'prelaunch_slide', 'key': 'skill_shot-skillshot_up_player_4_widget', 'target': None}, 'play_kwargs': {}}, key=UUID('41f02eb4-e13f-4521-a05d-bd2d0de171ea'), condition=None, blocking_facility=None), RegisteredHandler(callback=<bound method McWidgetPlayer._add_widget_to_slide_when_active of McConfigPlayer.widgets>, priority=0, kwargs={'slide_name': 'prelaunch_slide', 'widget': 'skillshot_up_selected_player_1_widget', 's': {'slide': 'prelaunch_slide', 'key': 'skill_shot-skillshot_up_selected_player_1_widget', 'target': None}, 'play_kwargs': {}}, key=UUID('f803db9e-cc6d-4848-bb74-6f94eb07a40b'), condition=None, blocking_facility=None), RegisteredHandler(callback=<bound method McWidgetPlayer._add_widget_to_slide_when_active of McConfigPlayer.widgets>, priority=0, kwargs={'slide_name': 'prelaunch_slide', 'widget': 'skillshot_up_player_2_widget', 's': {'slide': 'prelaunch_slide', 'key': 'skill_shot-skillshot_up_player_2_widget', 'target': None}, 'play_kwargs': {}}, key=UUID('92f13719-1d88-4d9c-99bf-80c800bf6aeb'), condition=None, blocking_facility=None), RegisteredHandler(callback=<bound method McWidgetPlayer._add_widget_to_slide_when_active of McConfigPlayer.widgets>, priority=0, kwargs={'slide_name': 'prelaunch_slide', 'widget': 'skillshot_up_player_3_widget', 's': {'slide': 'prelaunch_slide', 'key': 'skill_shot-skillshot_up_player_3_widget', 'target': None}, 'play_kwargs': {}}, key=UUID('d7d3b4b6-e720-40d0-8da2-701c22107eaa'), condition=None, blocking_facility=None)]. The order of those handlers is not defined and they will be executed in random order. This might lead to race conditions and potential bugs.
2024-09-05 18:47:09,831 : EventManager : Unordered handler for class McConfigPlayer.widgets on event slide_prelaunch_slide_created with priority 0. Handlers: [RegisteredHandler(callback=<bound method McWidgetPlayer._add_widget_to_slide_when_active of McConfigPlayer.widgets>, priority=0, kwargs={'slide_name': 'prelaunch_slide', 'widget': 'skill_shot_select_widget_1', 's': {'slide': 'prelaunch_slide', 'key': 'skill_shot-skill_shot_select_widget_1', 'target': None}, 'play_kwargs': {'restore': False, 'state': 'enabled', 'selected': True}}, key=UUID('9adf0a8c-393e-4538-85bc-566a0ed5f107'), condition=None, blocking_facility=None), RegisteredHandler(callback=<bound method McWidgetPlayer._add_widget_to_slide_when_active of McConfigPlayer.widgets>, priority=0, kwargs={'slide_name': 'prelaunch_slide', 'widget': 'skillshot_up_player_4_widget', 's': {'slide': 'prelaunch_slide', 'key': 'skill_shot-skillshot_up_player_4_widget', 'target': None}, 'play_kwargs': {}}, key=UUID('41f02eb4-e13f-4521-a05d-bd2d0de171ea'), condition=None, blocking_facility=None), RegisteredHandler(callback=<bound method McWidgetPlayer._add_widget_to_slide_when_active of McConfigPlayer.widgets>, priority=0, kwargs={'slide_name': 'prelaunch_slide', 'widget': 'skillshot_up_selected_player_1_widget', 's': {'slide': 'prelaunch_slide', 'key': 'skill_shot-skillshot_up_selected_player_1_widget', 'target': None}, 'play_kwargs': {}}, key=UUID('f803db9e-cc6d-4848-bb74-6f94eb07a40b'), condition=None, blocking_facility=None), RegisteredHandler(callback=<bound method McWidgetPlayer._add_widget_to_slide_when_active of McConfigPlayer.widgets>, priority=0, kwargs={'slide_name': 'prelaunch_slide', 'widget': 'skillshot_up_player_2_widget', 's': {'slide': 'prelaunch_slide', 'key': 'skill_shot-skillshot_up_player_2_widget', 'target': None}, 'play_kwargs': {}}, key=UUID('92f13719-1d88-4d9c-99bf-80c800bf6aeb'), condition=None, blocking_facility=None), RegisteredHandler(callback=<bound method McWidgetPlayer._add_widget_to_slide_when_active of McConfigPlayer.widgets>, priority=0, kwargs={'slide_name': 'prelaunch_slide', 'widget': 'skillshot_up_player_3_widget', 's': {'slide': 'prelaunch_slide', 'key': 'skill_shot-skillshot_up_player_3_widget', 'target': None}, 'play_kwargs': {}}, key=UUID('d7d3b4b6-e720-40d0-8da2-701c22107eaa'), condition=None, blocking_facility=None)]. The order of those handlers is not defined and they will be executed in random order. This might lead to race conditions and potential bugs.
2024-09-05 18:47:09,833 : EventManager : Unordered handler for class McConfigPlayer.widgets on event slide_prelaunch_slide_created with priority 0. Handlers: [RegisteredHandler(callback=<bound method McWidgetPlayer._add_widget_to_slide_when_active of McConfigPlayer.widgets>, priority=0, kwargs={'slide_name': 'prelaunch_slide', 'widget': 'skill_shot_select_widget_1', 's': {'slide': 'prelaunch_slide', 'key': 'skill_shot-skill_shot_select_widget_1', 'target': None}, 'play_kwargs': {'restore': False, 'state': 'enabled', 'selected': True}}, key=UUID('9adf0a8c-393e-4538-85bc-566a0ed5f107'), condition=None, blocking_facility=None), RegisteredHandler(callback=<bound method McWidgetPlayer._add_widget_to_slide_when_active of McConfigPlayer.widgets>, priority=0, kwargs={'slide_name': 'prelaunch_slide', 'widget': 'skillshot_up_selected_player_1_widget', 's': {'slide': 'prelaunch_slide', 'key': 'skill_shot-skillshot_up_selected_player_1_widget', 'target': None}, 'play_kwargs': {}}, key=UUID('f803db9e-cc6d-4848-bb74-6f94eb07a40b'), condition=None, blocking_facility=None), RegisteredHandler(callback=<bound method McWidgetPlayer._add_widget_to_slide_when_active of McConfigPlayer.widgets>, priority=0, kwargs={'slide_name': 'prelaunch_slide', 'widget': 'skillshot_up_player_2_widget', 's': {'slide': 'prelaunch_slide', 'key': 'skill_shot-skillshot_up_player_2_widget', 'target': None}, 'play_kwargs': {}}, key=UUID('92f13719-1d88-4d9c-99bf-80c800bf6aeb'), condition=None, blocking_facility=None), RegisteredHandler(callback=<bound method McWidgetPlayer._add_widget_to_slide_when_active of McConfigPlayer.widgets>, priority=0, kwargs={'slide_name': 'prelaunch_slide', 'widget': 'skillshot_up_player_3_widget', 's': {'slide': 'prelaunch_slide', 'key': 'skill_shot-skillshot_up_player_3_widget', 'target': None}, 'play_kwargs': {}}, key=UUID('d7d3b4b6-e720-40d0-8da2-701c22107eaa'), condition=None, blocking_facility=None), RegisteredHandler(callback=<bound method McWidgetPlayer._add_widget_to_slide_when_active of McConfigPlayer.widgets>, priority=0, kwargs={'slide_name': 'prelaunch_slide', 'widget': 'skillshot_up_player_4_widget', 's': {'slide': 'prelaunch_slide', 'key': 'skill_shot-skillshot_up_player_4_widget', 'target': None}, 'play_kwargs': {}}, key=UUID('9b64e629-9e66-4842-a462-fd4809da0039'), condition=None, blocking_facility=None)]. The order of those handlers is not defined and they will be executed in random order. This might lead to race conditions and potential bugs.
2024-09-05 18:47:09,833 : EventManager : Unordered handler for class McConfigPlayer.widgets on event slide_prelaunch_slide_created with priority 0. Handlers: [RegisteredHandler(callback=<bound method McWidgetPlayer._add_widget_to_slide_when_active of McConfigPlayer.widgets>, priority=0, kwargs={'slide_name': 'prelaunch_slide', 'widget': 'skill_shot_select_widget_1', 's': {'slide': 'prelaunch_slide', 'key': 'skill_shot-skill_shot_select_widget_1', 'target': None}, 'play_kwargs': {'restore': False, 'state': 'enabled', 'selected': True}}, key=UUID('9adf0a8c-393e-4538-85bc-566a0ed5f107'), condition=None, blocking_facility=None), RegisteredHandler(callback=<bound method McWidgetPlayer._add_widget_to_slide_when_active of McConfigPlayer.widgets>, priority=0, kwargs={'slide_name': 'prelaunch_slide', 'widget': 'skillshot_up_selected_player_1_widget', 's': {'slide': 'prelaunch_slide', 'key': 'skill_shot-skillshot_up_selected_player_1_widget', 'target': None}, 'play_kwargs': {}}, key=UUID('f803db9e-cc6d-4848-bb74-6f94eb07a40b'), condition=None, blocking_facility=None), RegisteredHandler(callback=<bound method McWidgetPlayer._add_widget_to_slide_when_active of McConfigPlayer.widgets>, priority=0, kwargs={'slide_name': 'prelaunch_slide', 'widget': 'skillshot_up_player_2_widget', 's': {'slide': 'prelaunch_slide', 'key': 'skill_shot-skillshot_up_player_2_widget', 'target': None}, 'play_kwargs': {}}, key=UUID('92f13719-1d88-4d9c-99bf-80c800bf6aeb'), condition=None, blocking_facility=None), RegisteredHandler(callback=<bound method McWidgetPlayer._add_widget_to_slide_when_active of McConfigPlayer.widgets>, priority=0, kwargs={'slide_name': 'prelaunch_slide', 'widget': 'skillshot_up_player_3_widget', 's': {'slide': 'prelaunch_slide', 'key': 'skill_shot-skillshot_up_player_3_widget', 'target': None}, 'play_kwargs': {}}, key=UUID('d7d3b4b6-e720-40d0-8da2-701c22107eaa'), condition=None, blocking_facility=None), RegisteredHandler(callback=<bound method McWidgetPlayer._add_widget_to_slide_when_active of McConfigPlayer.widgets>, priority=0, kwargs={'slide_name': 'prelaunch_slide', 'widget': 'skillshot_up_player_4_widget', 's': {'slide': 'prelaunch_slide', 'key': 'skill_shot-skillshot_up_player_4_widget', 'target': None}, 'play_kwargs': {}}, key=UUID('9b64e629-9e66-4842-a462-fd4809da0039'), condition=None, blocking_facility=None)]. The order of those handlers is not defined and they will be executed in random order. This might lead to race conditions and potential bugs.
2024-09-05 18:47:09,833 : EventManager : Unordered handler for class McConfigPlayer.widgets on event slide_prelaunch_slide_created with priority 0. Handlers: [RegisteredHandler(callback=<bound method McWidgetPlayer._add_widget_to_slide_when_active of McConfigPlayer.widgets>, priority=0, kwargs={'slide_name': 'prelaunch_slide', 'widget': 'skill_shot_select_widget_1', 's': {'slide': 'prelaunch_slide', 'key': 'skill_shot-skill_shot_select_widget_1', 'target': None}, 'play_kwargs': {'restore': False, 'state': 'enabled', 'selected': True}}, key=UUID('9adf0a8c-393e-4538-85bc-566a0ed5f107'), condition=None, blocking_facility=None), RegisteredHandler(callback=<bound method McWidgetPlayer._add_widget_to_slide_when_active of McConfigPlayer.widgets>, priority=0, kwargs={'slide_name': 'prelaunch_slide', 'widget': 'skillshot_up_selected_player_1_widget', 's': {'slide': 'prelaunch_slide', 'key': 'skill_shot-skillshot_up_selected_player_1_widget', 'target': None}, 'play_kwargs': {}}, key=UUID('f803db9e-cc6d-4848-bb74-6f94eb07a40b'), condition=None, blocking_facility=None), RegisteredHandler(callback=<bound method McWidgetPlayer._add_widget_to_slide_when_active of McConfigPlayer.widgets>, priority=0, kwargs={'slide_name': 'prelaunch_slide', 'widget': 'skillshot_up_player_2_widget', 's': {'slide': 'prelaunch_slide', 'key': 'skill_shot-skillshot_up_player_2_widget', 'target': None}, 'play_kwargs': {}}, key=UUID('92f13719-1d88-4d9c-99bf-80c800bf6aeb'), condition=None, blocking_facility=None), RegisteredHandler(callback=<bound method McWidgetPlayer._add_widget_to_slide_when_active of McConfigPlayer.widgets>, priority=0, kwargs={'slide_name': 'prelaunch_slide', 'widget': 'skillshot_up_player_3_widget', 's': {'slide': 'prelaunch_slide', 'key': 'skill_shot-skillshot_up_player_3_widget', 'target': None}, 'play_kwargs': {}}, key=UUID('d7d3b4b6-e720-40d0-8da2-701c22107eaa'), condition=None, blocking_facility=None), RegisteredHandler(callback=<bound method McWidgetPlayer._add_widget_to_slide_when_active of McConfigPlayer.widgets>, priority=0, kwargs={'slide_name': 'prelaunch_slide', 'widget': 'skillshot_up_player_4_widget', 's': {'slide': 'prelaunch_slide', 'key': 'skill_shot-skillshot_up_player_4_widget', 'target': None}, 'play_kwargs': {}}, key=UUID('9b64e629-9e66-4842-a462-fd4809da0039'), condition=None, blocking_facility=None)]. The order of those handlers is not defined and they will be executed in random order. This might lead to race conditions and potential bugs.
2024-09-05 18:47:09,833 : EventManager : Unordered handler for class McConfigPlayer.widgets on event slide_prelaunch_slide_created with priority 0. Handlers: [RegisteredHandler(callback=<bound method McWidgetPlayer._add_widget_to_slide_when_active of McConfigPlayer.widgets>, priority=0, kwargs={'slide_name': 'prelaunch_slide', 'widget': 'skill_shot_select_widget_1', 's': {'slide': 'prelaunch_slide', 'key': 'skill_shot-skill_shot_select_widget_1', 'target': None}, 'play_kwargs': {'restore': False, 'state': 'enabled', 'selected': True}}, key=UUID('9adf0a8c-393e-4538-85bc-566a0ed5f107'), condition=None, blocking_facility=None), RegisteredHandler(callback=<bound method McWidgetPlayer._add_widget_to_slide_when_active of McConfigPlayer.widgets>, priority=0, kwargs={'slide_name': 'prelaunch_slide', 'widget': 'skillshot_up_selected_player_1_widget', 's': {'slide': 'prelaunch_slide', 'key': 'skill_shot-skillshot_up_selected_player_1_widget', 'target': None}, 'play_kwargs': {}}, key=UUID('f803db9e-cc6d-4848-bb74-6f94eb07a40b'), condition=None, blocking_facility=None), RegisteredHandler(callback=<bound method McWidgetPlayer._add_widget_to_slide_when_active of McConfigPlayer.widgets>, priority=0, kwargs={'slide_name': 'prelaunch_slide', 'widget': 'skillshot_up_player_2_widget', 's': {'slide': 'prelaunch_slide', 'key': 'skill_shot-skillshot_up_player_2_widget', 'target': None}, 'play_kwargs': {}}, key=UUID('92f13719-1d88-4d9c-99bf-80c800bf6aeb'), condition=None, blocking_facility=None), RegisteredHandler(callback=<bound method McWidgetPlayer._add_widget_to_slide_when_active of McConfigPlayer.widgets>, priority=0, kwargs={'slide_name': 'prelaunch_slide', 'widget': 'skillshot_up_player_3_widget', 's': {'slide': 'prelaunch_slide', 'key': 'skill_shot-skillshot_up_player_3_widget', 'target': None}, 'play_kwargs': {}}, key=UUID('d7d3b4b6-e720-40d0-8da2-701c22107eaa'), condition=None, blocking_facility=None), RegisteredHandler(callback=<bound method McWidgetPlayer._add_widget_to_slide_when_active of McConfigPlayer.widgets>, priority=0, kwargs={'slide_name': 'prelaunch_slide', 'widget': 'skillshot_up_player_4_widget', 's': {'slide': 'prelaunch_slide', 'key': 'skill_shot-skillshot_up_player_4_widget', 'target': None}, 'play_kwargs': {}}, key=UUID('9b64e629-9e66-4842-a462-fd4809da0039'), condition=None, blocking_facility=None)]. The order of those handlers is not defined and they will be executed in random order. This might lead to race conditions and potential bugs.
2024-09-05 18:47:15,259 : EventManager : Event: ======'machine_var_audits_switches_s_plunger'====== Args={'value': 4104, 'prev_value': 4103, 'change': 1}
2024-09-05 18:47:17,457 : EventManager : Event: ======'machine_var_audits_switches_s_left_ramp_made'====== Args={'value': 2010, 'prev_value': 2009, 'change': 1}
2024-09-05 18:47:17,458 : EventManager : Event: ======'player_shot_lock_lit_1'====== Args={'value': 1, 'prev_value': 0, 'change': 1, 'player_num': 1}
2024-09-05 18:47:17,474 : EventManager : Event: ======'machine_var_audits_shots_lock_lit_1'====== Args={'value': 1595, 'prev_value': 1594, 'change': 1}
2024-09-05 18:47:17,492 : EventManager : Event: ======'slides_play'====== Args={'settings': {'capturing_slide': {'action': 'play', 'expire': 1.0, 'target': None, 'background_color': [0.0, 0.0, 0.0, 1.0], 'priority': None, 'show': True, 'force': False, 'slide': None, 'tokens': {}}}, 'context': 'capture', 'calling_context': 'advance_capturing', 'priority': 100, 'count': 5, 'remaining': -5}
2024-09-05 18:47:17,493 : mpfmc : SlidePlayer: Play called with settings={'capturing_slide': {'action': 'play', 'expire': 1.0, 'target': None, 'background_color': [0.0, 0.0, 0.0, 1.0], 'priority': None, 'show': True, 'force': False, 'slide': None, 'tokens': {}}}
2024-09-05 18:47:17,494 : EventManager : Event: ======'slide_capturing_slide_created'====== Args={}
2024-09-05 18:47:18,493 : EventManager : Event: ======'slide_capturing_slide_removed'====== Args={}
2024-09-05 18:47:19,608 : EventManager : Event: ======'machine_var_audits_switches_s_plunger'====== Args={'value': 4105, 'prev_value': 4104, 'change': 1}
2024-09-05 18:47:21,274 : EventManager : Event: ======'machine_var_audits_switches_s_right_flipper'====== Args={'value': 4246, 'prev_value': 4245, 'change': 1}
2024-09-05 18:47:21,274 : EventManager : Event: ======'player_shot_lane_A'====== Args={'value': 1, 'prev_value': 0, 'change': 1, 'player_num': 1}
2024-09-05 18:47:21,274 : EventManager : Event: ======'player_shot_lane_E'====== Args={'value': 0, 'prev_value': 1, 'change': -1, 'player_num': 1}
2024-09-05 18:47:21,274 : EventManager : Event: ======'widgets_play'====== Args={'settings': {'skill_shot_select_widget_2': {'slide': 'prelaunch_slide', 'action': 'add', 'priority': 0, 'key': None, 'target': None}, 'skill_shot_select_widget_1': {'action': 'remove', 'priority': 0, 'slide': None, 'key': None, 'target': None}, 'skill_shot_select_widget_3': {'action': 'remove', 'priority': 0, 'slide': None, 'key': None, 'target': None}, 'skill_shot_select_widget_4': {'action': 'remove', 'priority': 0, 'slide': None, 'key': None, 'target': None}, 'skill_shot_select_widget_5': {'action': 'remove', 'priority': 0, 'slide': None, 'key': None, 'target': None}}, 'context': 'skill_shot', 'calling_context': 'skillshot_2_selected', 'priority': 150, 'restore': False, 'state': 'enabled', 'selected': True}
2024-09-05 18:47:21,275 : EventManager : Unordered handler for class McConfigPlayer.widgets on event slide_prelaunch_slide_created with priority 0. Handlers: [RegisteredHandler(callback=<bound method McWidgetPlayer._add_widget_to_slide_when_active of McConfigPlayer.widgets>, priority=0, kwargs={'slide_name': 'prelaunch_slide', 'widget': 'skill_shot_select_widget_1', 's': {'slide': 'prelaunch_slide', 'key': 'skill_shot-skill_shot_select_widget_1', 'target': None}, 'play_kwargs': {'restore': False, 'state': 'enabled', 'selected': True}}, key=UUID('9adf0a8c-393e-4538-85bc-566a0ed5f107'), condition=None, blocking_facility=None), RegisteredHandler(callback=<bound method McWidgetPlayer._add_widget_to_slide_when_active of McConfigPlayer.widgets>, priority=0, kwargs={'slide_name': 'prelaunch_slide', 'widget': 'skillshot_up_selected_player_1_widget', 's': {'slide': 'prelaunch_slide', 'key': 'skill_shot-skillshot_up_selected_player_1_widget', 'target': None}, 'play_kwargs': {}}, key=UUID('f803db9e-cc6d-4848-bb74-6f94eb07a40b'), condition=None, blocking_facility=None), RegisteredHandler(callback=<bound method McWidgetPlayer._add_widget_to_slide_when_active of McConfigPlayer.widgets>, priority=0, kwargs={'slide_name': 'prelaunch_slide', 'widget': 'skillshot_up_player_2_widget', 's': {'slide': 'prelaunch_slide', 'key': 'skill_shot-skillshot_up_player_2_widget', 'target': None}, 'play_kwargs': {}}, key=UUID('92f13719-1d88-4d9c-99bf-80c800bf6aeb'), condition=None, blocking_facility=None), RegisteredHandler(callback=<bound method McWidgetPlayer._add_widget_to_slide_when_active of McConfigPlayer.widgets>, priority=0, kwargs={'slide_name': 'prelaunch_slide', 'widget': 'skillshot_up_player_3_widget', 's': {'slide': 'prelaunch_slide', 'key': 'skill_shot-skillshot_up_player_3_widget', 'target': None}, 'play_kwargs': {}}, key=UUID('d7d3b4b6-e720-40d0-8da2-701c22107eaa'), condition=None, blocking_facility=None), RegisteredHandler(callback=<bound method McWidgetPlayer._add_widget_to_slide_when_active of McConfigPlayer.widgets>, priority=0, kwargs={'slide_name': 'prelaunch_slide', 'widget': 'skillshot_up_player_4_widget', 's': {'slide': 'prelaunch_slide', 'key': 'skill_shot-skillshot_up_player_4_widget', 'target': None}, 'play_kwargs': {}}, key=UUID('9b64e629-9e66-4842-a462-fd4809da0039'), condition=None, blocking_facility=None), RegisteredHandler(callback=<bound method McWidgetPlayer._add_widget_to_slide_when_active of McConfigPlayer.widgets>, priority=0, kwargs={'slide_name': 'prelaunch_slide', 'widget': 'skill_shot_select_widget_2', 's': {'slide': 'prelaunch_slide', 'key': 'skill_shot-skill_shot_select_widget_2', 'target': None}, 'play_kwargs': {'restore': False, 'state': 'enabled', 'selected': True}}, key=UUID('82849e14-c5d8-4810-a870-2a2b04294df0'), condition=None, blocking_facility=None)]. The order of those handlers is not defined and they will be executed in random order. This might lead to race conditions and potential bugs.
2024-09-05 18:47:21,275 : EventManager : Unordered handler for class McConfigPlayer.widgets on event slide_prelaunch_slide_created with priority 0. Handlers: [RegisteredHandler(callback=<bound method McWidgetPlayer._add_widget_to_slide_when_active of McConfigPlayer.widgets>, priority=0, kwargs={'slide_name': 'prelaunch_slide', 'widget': 'skill_shot_select_widget_1', 's': {'slide': 'prelaunch_slide', 'key': 'skill_shot-skill_shot_select_widget_1', 'target': None}, 'play_kwargs': {'restore': False, 'state': 'enabled', 'selected': True}}, key=UUID('9adf0a8c-393e-4538-85bc-566a0ed5f107'), condition=None, blocking_facility=None), RegisteredHandler(callback=<bound method McWidgetPlayer._add_widget_to_slide_when_active of McConfigPlayer.widgets>, priority=0, kwargs={'slide_name': 'prelaunch_slide', 'widget': 'skillshot_up_selected_player_1_widget', 's': {'slide': 'prelaunch_slide', 'key': 'skill_shot-skillshot_up_selected_player_1_widget', 'target': None}, 'play_kwargs': {}}, key=UUID('f803db9e-cc6d-4848-bb74-6f94eb07a40b'), condition=None, blocking_facility=None), RegisteredHandler(callback=<bound method McWidgetPlayer._add_widget_to_slide_when_active of McConfigPlayer.widgets>, priority=0, kwargs={'slide_name': 'prelaunch_slide', 'widget': 'skillshot_up_player_2_widget', 's': {'slide': 'prelaunch_slide', 'key': 'skill_shot-skillshot_up_player_2_widget', 'target': None}, 'play_kwargs': {}}, key=UUID('92f13719-1d88-4d9c-99bf-80c800bf6aeb'), condition=None, blocking_facility=None), RegisteredHandler(callback=<bound method McWidgetPlayer._add_widget_to_slide_when_active of McConfigPlayer.widgets>, priority=0, kwargs={'slide_name': 'prelaunch_slide', 'widget': 'skillshot_up_player_3_widget', 's': {'slide': 'prelaunch_slide', 'key': 'skill_shot-skillshot_up_player_3_widget', 'target': None}, 'play_kwargs': {}}, key=UUID('d7d3b4b6-e720-40d0-8da2-701c22107eaa'), condition=None, blocking_facility=None), RegisteredHandler(callback=<bound method McWidgetPlayer._add_widget_to_slide_when_active of McConfigPlayer.widgets>, priority=0, kwargs={'slide_name': 'prelaunch_slide', 'widget': 'skillshot_up_player_4_widget', 's': {'slide': 'prelaunch_slide', 'key': 'skill_shot-skillshot_up_player_4_widget', 'target': None}, 'play_kwargs': {}}, key=UUID('9b64e629-9e66-4842-a462-fd4809da0039'), condition=None, blocking_facility=None), RegisteredHandler(callback=<bound method McWidgetPlayer._add_widget_to_slide_when_active of McConfigPlayer.widgets>, priority=0, kwargs={'slide_name': 'prelaunch_slide', 'widget': 'skill_shot_select_widget_2', 's': {'slide': 'prelaunch_slide', 'key': 'skill_shot-skill_shot_select_widget_2', 'target': None}, 'play_kwargs': {'restore': False, 'state': 'enabled', 'selected': True}}, key=UUID('82849e14-c5d8-4810-a870-2a2b04294df0'), condition=None, blocking_facility=None)]. The order of those handlers is not defined and they will be executed in random order. This might lead to race conditions and potential bugs.
2024-09-05 18:47:21,275 : EventManager : Unordered handler for class McConfigPlayer.widgets on event slide_prelaunch_slide_created with priority 0. Handlers: [RegisteredHandler(callback=<bound method McWidgetPlayer._add_widget_to_slide_when_active of McConfigPlayer.widgets>, priority=0, kwargs={'slide_name': 'prelaunch_slide', 'widget': 'skill_shot_select_widget_1', 's': {'slide': 'prelaunch_slide', 'key': 'skill_shot-skill_shot_select_widget_1', 'target': None}, 'play_kwargs': {'restore': False, 'state': 'enabled', 'selected': True}}, key=UUID('9adf0a8c-393e-4538-85bc-566a0ed5f107'), condition=None, blocking_facility=None), RegisteredHandler(callback=<bound method McWidgetPlayer._add_widget_to_slide_when_active of McConfigPlayer.widgets>, priority=0, kwargs={'slide_name': 'prelaunch_slide', 'widget': 'skillshot_up_selected_player_1_widget', 's': {'slide': 'prelaunch_slide', 'key': 'skill_shot-skillshot_up_selected_player_1_widget', 'target': None}, 'play_kwargs': {}}, key=UUID('f803db9e-cc6d-4848-bb74-6f94eb07a40b'), condition=None, blocking_facility=None), RegisteredHandler(callback=<bound method McWidgetPlayer._add_widget_to_slide_when_active of McConfigPlayer.widgets>, priority=0, kwargs={'slide_name': 'prelaunch_slide', 'widget': 'skillshot_up_player_2_widget', 's': {'slide': 'prelaunch_slide', 'key': 'skill_shot-skillshot_up_player_2_widget', 'target': None}, 'play_kwargs': {}}, key=UUID('92f13719-1d88-4d9c-99bf-80c800bf6aeb'), condition=None, blocking_facility=None), RegisteredHandler(callback=<bound method McWidgetPlayer._add_widget_to_slide_when_active of McConfigPlayer.widgets>, priority=0, kwargs={'slide_name': 'prelaunch_slide', 'widget': 'skillshot_up_player_3_widget', 's': {'slide': 'prelaunch_slide', 'key': 'skill_shot-skillshot_up_player_3_widget', 'target': None}, 'play_kwargs': {}}, key=UUID('d7d3b4b6-e720-40d0-8da2-701c22107eaa'), condition=None, blocking_facility=None), RegisteredHandler(callback=<bound method McWidgetPlayer._add_widget_to_slide_when_active of McConfigPlayer.widgets>, priority=0, kwargs={'slide_name': 'prelaunch_slide', 'widget': 'skillshot_up_player_4_widget', 's': {'slide': 'prelaunch_slide', 'key': 'skill_shot-skillshot_up_player_4_widget', 'target': None}, 'play_kwargs': {}}, key=UUID('9b64e629-9e66-4842-a462-fd4809da0039'), condition=None, blocking_facility=None), RegisteredHandler(callback=<bound method McWidgetPlayer._add_widget_to_slide_when_active of McConfigPlayer.widgets>, priority=0, kwargs={'slide_name': 'prelaunch_slide', 'widget': 'skill_shot_select_widget_2', 's': {'slide': 'prelaunch_slide', 'key': 'skill_shot-skill_shot_select_widget_2', 'target': None}, 'play_kwargs': {'restore': False, 'state': 'enabled', 'selected': True}}, key=UUID('82849e14-c5d8-4810-a870-2a2b04294df0'), condition=None, blocking_facility=None)]. The order of those handlers is not defined and they will be executed in random order. This might lead to race conditions and potential bugs.
2024-09-05 18:47:21,276 : EventManager : Unordered handler for class McConfigPlayer.widgets on event slide_prelaunch_slide_created with priority 0. Handlers: [RegisteredHandler(callback=<bound method McWidgetPlayer._add_widget_to_slide_when_active of McConfigPlayer.widgets>, priority=0, kwargs={'slide_name': 'prelaunch_slide', 'widget': 'skill_shot_select_widget_1', 's': {'slide': 'prelaunch_slide', 'key': 'skill_shot-skill_shot_select_widget_1', 'target': None}, 'play_kwargs': {'restore': False, 'state': 'enabled', 'selected': True}}, key=UUID('9adf0a8c-393e-4538-85bc-566a0ed5f107'), condition=None, blocking_facility=None), RegisteredHandler(callback=<bound method McWidgetPlayer._add_widget_to_slide_when_active of McConfigPlayer.widgets>, priority=0, kwargs={'slide_name': 'prelaunch_slide', 'widget': 'skillshot_up_selected_player_1_widget', 's': {'slide': 'prelaunch_slide', 'key': 'skill_shot-skillshot_up_selected_player_1_widget', 'target': None}, 'play_kwargs': {}}, key=UUID('f803db9e-cc6d-4848-bb74-6f94eb07a40b'), condition=None, blocking_facility=None), RegisteredHandler(callback=<bound method McWidgetPlayer._add_widget_to_slide_when_active of McConfigPlayer.widgets>, priority=0, kwargs={'slide_name': 'prelaunch_slide', 'widget': 'skillshot_up_player_2_widget', 's': {'slide': 'prelaunch_slide', 'key': 'skill_shot-skillshot_up_player_2_widget', 'target': None}, 'play_kwargs': {}}, key=UUID('92f13719-1d88-4d9c-99bf-80c800bf6aeb'), condition=None, blocking_facility=None), RegisteredHandler(callback=<bound method McWidgetPlayer._add_widget_to_slide_when_active of McConfigPlayer.widgets>, priority=0, kwargs={'slide_name': 'prelaunch_slide', 'widget': 'skillshot_up_player_3_widget', 's': {'slide': 'prelaunch_slide', 'key': 'skill_shot-skillshot_up_player_3_widget', 'target': None}, 'play_kwargs': {}}, key=UUID('d7d3b4b6-e720-40d0-8da2-701c22107eaa'), condition=None, blocking_facility=None), RegisteredHandler(callback=<bound method McWidgetPlayer._add_widget_to_slide_when_active of McConfigPlayer.widgets>, priority=0, kwargs={'slide_name': 'prelaunch_slide', 'widget': 'skillshot_up_player_4_widget', 's': {'slide': 'prelaunch_slide', 'key': 'skill_shot-skillshot_up_player_4_widget', 'target': None}, 'play_kwargs': {}}, key=UUID('9b64e629-9e66-4842-a462-fd4809da0039'), condition=None, blocking_facility=None), RegisteredHandler(callback=<bound method McWidgetPlayer._add_widget_to_slide_when_active of McConfigPlayer.widgets>, priority=0, kwargs={'slide_name': 'prelaunch_slide', 'widget': 'skill_shot_select_widget_2', 's': {'slide': 'prelaunch_slide', 'key': 'skill_shot-skill_shot_select_widget_2', 'target': None}, 'play_kwargs': {'restore': False, 'state': 'enabled', 'selected': True}}, key=UUID('82849e14-c5d8-4810-a870-2a2b04294df0'), condition=None, blocking_facility=None)]. The order of those handlers is not defined and they will be executed in random order. This might lead to race conditions and potential bugs.
2024-09-05 18:47:21,276 : EventManager : Unordered handler for class McConfigPlayer.widgets on event slide_prelaunch_slide_created with priority 0. Handlers: [RegisteredHandler(callback=<bound method McWidgetPlayer._add_widget_to_slide_when_active of McConfigPlayer.widgets>, priority=0, kwargs={'slide_name': 'prelaunch_slide', 'widget': 'skill_shot_select_widget_1', 's': {'slide': 'prelaunch_slide', 'key': 'skill_shot-skill_shot_select_widget_1', 'target': None}, 'play_kwargs': {'restore': False, 'state': 'enabled', 'selected': True}}, key=UUID('9adf0a8c-393e-4538-85bc-566a0ed5f107'), condition=None, blocking_facility=None), RegisteredHandler(callback=<bound method McWidgetPlayer._add_widget_to_slide_when_active of McConfigPlayer.widgets>, priority=0, kwargs={'slide_name': 'prelaunch_slide', 'widget': 'skillshot_up_selected_player_1_widget', 's': {'slide': 'prelaunch_slide', 'key': 'skill_shot-skillshot_up_selected_player_1_widget', 'target': None}, 'play_kwargs': {}}, key=UUID('f803db9e-cc6d-4848-bb74-6f94eb07a40b'), condition=None, blocking_facility=None), RegisteredHandler(callback=<bound method McWidgetPlayer._add_widget_to_slide_when_active of McConfigPlayer.widgets>, priority=0, kwargs={'slide_name': 'prelaunch_slide', 'widget': 'skillshot_up_player_2_widget', 's': {'slide': 'prelaunch_slide', 'key': 'skill_shot-skillshot_up_player_2_widget', 'target': None}, 'play_kwargs': {}}, key=UUID('92f13719-1d88-4d9c-99bf-80c800bf6aeb'), condition=None, blocking_facility=None), RegisteredHandler(callback=<bound method McWidgetPlayer._add_widget_to_slide_when_active of McConfigPlayer.widgets>, priority=0, kwargs={'slide_name': 'prelaunch_slide', 'widget': 'skillshot_up_player_3_widget', 's': {'slide': 'prelaunch_slide', 'key': 'skill_shot-skillshot_up_player_3_widget', 'target': None}, 'play_kwargs': {}}, key=UUID('d7d3b4b6-e720-40d0-8da2-701c22107eaa'), condition=None, blocking_facility=None), RegisteredHandler(callback=<bound method McWidgetPlayer._add_widget_to_slide_when_active of McConfigPlayer.widgets>, priority=0, kwargs={'slide_name': 'prelaunch_slide', 'widget': 'skillshot_up_player_4_widget', 's': {'slide': 'prelaunch_slide', 'key': 'skill_shot-skillshot_up_player_4_widget', 'target': None}, 'play_kwargs': {}}, key=UUID('9b64e629-9e66-4842-a462-fd4809da0039'), condition=None, blocking_facility=None), RegisteredHandler(callback=<bound method McWidgetPlayer._add_widget_to_slide_when_active of McConfigPlayer.widgets>, priority=0, kwargs={'slide_name': 'prelaunch_slide', 'widget': 'skill_shot_select_widget_2', 's': {'slide': 'prelaunch_slide', 'key': 'skill_shot-skill_shot_select_widget_2', 'target': None}, 'play_kwargs': {'restore': False, 'state': 'enabled', 'selected': True}}, key=UUID('82849e14-c5d8-4810-a870-2a2b04294df0'), condition=None, blocking_facility=None)]. The order of those handlers is not defined and they will be executed in random order. This might lead to race conditions and potential bugs.
2024-09-05 18:47:21,741 : EventManager : Event: ======'machine_var_audits_switches_s_right_flipper'====== Args={'value': 4247, 'prev_value': 4246, 'change': 1}
2024-09-05 18:47:21,741 : EventManager : Event: ======'player_shot_lane_A'====== Args={'value': 0, 'prev_value': 1, 'change': -1, 'player_num': 1}
2024-09-05 18:47:21,741 : EventManager : Event: ======'player_shot_lane_B'====== Args={'value': 1, 'prev_value': 0, 'change': 1, 'player_num': 1}
2024-09-05 18:47:21,741 : EventManager : Event: ======'widgets_play'====== Args={'settings': {'skill_shot_select_widget_3': {'slide': 'prelaunch_slide', 'action': 'add', 'priority': 0, 'key': None, 'target': None}, 'skill_shot_select_widget_1': {'action': 'remove', 'priority': 0, 'slide': None, 'key': None, 'target': None}, 'skill_shot_select_widget_2': {'action': 'remove', 'priority': 0, 'slide': None, 'key': None, 'target': None}, 'skill_shot_select_widget_4': {'action': 'remove', 'priority': 0, 'slide': None, 'key': None, 'target': None}, 'skill_shot_select_widget_5': {'action': 'remove', 'priority': 0, 'slide': None, 'key': None, 'target': None}}, 'context': 'skill_shot', 'calling_context': 'skillshot_3_selected', 'priority': 150, 'restore': False, 'state': 'enabled', 'selected': True}
2024-09-05 18:47:21,741 : EventManager : Unordered handler for class McConfigPlayer.widgets on event slide_prelaunch_slide_created with priority 0. Handlers: [RegisteredHandler(callback=<bound method McWidgetPlayer._add_widget_to_slide_when_active of McConfigPlayer.widgets>, priority=0, kwargs={'slide_name': 'prelaunch_slide', 'widget': 'skillshot_up_selected_player_1_widget', 's': {'slide': 'prelaunch_slide', 'key': 'skill_shot-skillshot_up_selected_player_1_widget', 'target': None}, 'play_kwargs': {}}, key=UUID('f803db9e-cc6d-4848-bb74-6f94eb07a40b'), condition=None, blocking_facility=None), RegisteredHandler(callback=<bound method McWidgetPlayer._add_widget_to_slide_when_active of McConfigPlayer.widgets>, priority=0, kwargs={'slide_name': 'prelaunch_slide', 'widget': 'skillshot_up_player_2_widget', 's': {'slide': 'prelaunch_slide', 'key': 'skill_shot-skillshot_up_player_2_widget', 'target': None}, 'play_kwargs': {}}, key=UUID('92f13719-1d88-4d9c-99bf-80c800bf6aeb'), condition=None, blocking_facility=None), RegisteredHandler(callback=<bound method McWidgetPlayer._add_widget_to_slide_when_active of McConfigPlayer.widgets>, priority=0, kwargs={'slide_name': 'prelaunch_slide', 'widget': 'skillshot_up_player_3_widget', 's': {'slide': 'prelaunch_slide', 'key': 'skill_shot-skillshot_up_player_3_widget', 'target': None}, 'play_kwargs': {}}, key=UUID('d7d3b4b6-e720-40d0-8da2-701c22107eaa'), condition=None, blocking_facility=None), RegisteredHandler(callback=<bound method McWidgetPlayer._add_widget_to_slide_when_active of McConfigPlayer.widgets>, priority=0, kwargs={'slide_name': 'prelaunch_slide', 'widget': 'skillshot_up_player_4_widget', 's': {'slide': 'prelaunch_slide', 'key': 'skill_shot-skillshot_up_player_4_widget', 'target': None}, 'play_kwargs': {}}, key=UUID('9b64e629-9e66-4842-a462-fd4809da0039'), condition=None, blocking_facility=None), RegisteredHandler(callback=<bound method McWidgetPlayer._add_widget_to_slide_when_active of McConfigPlayer.widgets>, priority=0, kwargs={'slide_name': 'prelaunch_slide', 'widget': 'skill_shot_select_widget_2', 's': {'slide': 'prelaunch_slide', 'key': 'skill_shot-skill_shot_select_widget_2', 'target': None}, 'play_kwargs': {'restore': False, 'state': 'enabled', 'selected': True}}, key=UUID('82849e14-c5d8-4810-a870-2a2b04294df0'), condition=None, blocking_facility=None), RegisteredHandler(callback=<bound method McWidgetPlayer._add_widget_to_slide_when_active of McConfigPlayer.widgets>, priority=0, kwargs={'slide_name': 'prelaunch_slide', 'widget': 'skill_shot_select_widget_3', 's': {'slide': 'prelaunch_slide', 'key': 'skill_shot-skill_shot_select_widget_3', 'target': None}, 'play_kwargs': {'restore': False, 'state': 'enabled', 'selected': True}}, key=UUID('05211d66-b74c-462f-91c7-41dbf9cf1155'), condition=None, blocking_facility=None)]. The order of those handlers is not defined and they will be executed in random order. This might lead to race conditions and potential bugs.
2024-09-05 18:47:21,741 : EventManager : Unordered handler for class McConfigPlayer.widgets on event slide_prelaunch_slide_created with priority 0. Handlers: [RegisteredHandler(callback=<bound method McWidgetPlayer._add_widget_to_slide_when_active of McConfigPlayer.widgets>, priority=0, kwargs={'slide_name': 'prelaunch_slide', 'widget': 'skillshot_up_selected_player_1_widget', 's': {'slide': 'prelaunch_slide', 'key': 'skill_shot-skillshot_up_selected_player_1_widget', 'target': None}, 'play_kwargs': {}}, key=UUID('f803db9e-cc6d-4848-bb74-6f94eb07a40b'), condition=None, blocking_facility=None), RegisteredHandler(callback=<bound method McWidgetPlayer._add_widget_to_slide_when_active of McConfigPlayer.widgets>, priority=0, kwargs={'slide_name': 'prelaunch_slide', 'widget': 'skillshot_up_player_2_widget', 's': {'slide': 'prelaunch_slide', 'key': 'skill_shot-skillshot_up_player_2_widget', 'target': None}, 'play_kwargs': {}}, key=UUID('92f13719-1d88-4d9c-99bf-80c800bf6aeb'), condition=None, blocking_facility=None), RegisteredHandler(callback=<bound method McWidgetPlayer._add_widget_to_slide_when_active of McConfigPlayer.widgets>, priority=0, kwargs={'slide_name': 'prelaunch_slide', 'widget': 'skillshot_up_player_3_widget', 's': {'slide': 'prelaunch_slide', 'key': 'skill_shot-skillshot_up_player_3_widget', 'target': None}, 'play_kwargs': {}}, key=UUID('d7d3b4b6-e720-40d0-8da2-701c22107eaa'), condition=None, blocking_facility=None), RegisteredHandler(callback=<bound method McWidgetPlayer._add_widget_to_slide_when_active of McConfigPlayer.widgets>, priority=0, kwargs={'slide_name': 'prelaunch_slide', 'widget': 'skillshot_up_player_4_widget', 's': {'slide': 'prelaunch_slide', 'key': 'skill_shot-skillshot_up_player_4_widget', 'target': None}, 'play_kwargs': {}}, key=UUID('9b64e629-9e66-4842-a462-fd4809da0039'), condition=None, blocking_facility=None), RegisteredHandler(callback=<bound method McWidgetPlayer._add_widget_to_slide_when_active of McConfigPlayer.widgets>, priority=0, kwargs={'slide_name': 'prelaunch_slide', 'widget': 'skill_shot_select_widget_2', 's': {'slide': 'prelaunch_slide', 'key': 'skill_shot-skill_shot_select_widget_2', 'target': None}, 'play_kwargs': {'restore': False, 'state': 'enabled', 'selected': True}}, key=UUID('82849e14-c5d8-4810-a870-2a2b04294df0'), condition=None, blocking_facility=None), RegisteredHandler(callback=<bound method McWidgetPlayer._add_widget_to_slide_when_active of McConfigPlayer.widgets>, priority=0, kwargs={'slide_name': 'prelaunch_slide', 'widget': 'skill_shot_select_widget_3', 's': {'slide': 'prelaunch_slide', 'key': 'skill_shot-skill_shot_select_widget_3', 'target': None}, 'play_kwargs': {'restore': False, 'state': 'enabled', 'selected': True}}, key=UUID('05211d66-b74c-462f-91c7-41dbf9cf1155'), condition=None, blocking_facility=None)]. The order of those handlers is not defined and they will be executed in random order. This might lead to race conditions and potential bugs.
2024-09-05 18:47:21,742 : EventManager : Unordered handler for class McConfigPlayer.widgets on event slide_prelaunch_slide_created with priority 0. Handlers: [RegisteredHandler(callback=<bound method McWidgetPlayer._add_widget_to_slide_when_active of McConfigPlayer.widgets>, priority=0, kwargs={'slide_name': 'prelaunch_slide', 'widget': 'skillshot_up_selected_player_1_widget', 's': {'slide': 'prelaunch_slide', 'key': 'skill_shot-skillshot_up_selected_player_1_widget', 'target': None}, 'play_kwargs': {}}, key=UUID('f803db9e-cc6d-4848-bb74-6f94eb07a40b'), condition=None, blocking_facility=None), RegisteredHandler(callback=<bound method McWidgetPlayer._add_widget_to_slide_when_active of McConfigPlayer.widgets>, priority=0, kwargs={'slide_name': 'prelaunch_slide', 'widget': 'skillshot_up_player_2_widget', 's': {'slide': 'prelaunch_slide', 'key': 'skill_shot-skillshot_up_player_2_widget', 'target': None}, 'play_kwargs': {}}, key=UUID('92f13719-1d88-4d9c-99bf-80c800bf6aeb'), condition=None, blocking_facility=None), RegisteredHandler(callback=<bound method McWidgetPlayer._add_widget_to_slide_when_active of McConfigPlayer.widgets>, priority=0, kwargs={'slide_name': 'prelaunch_slide', 'widget': 'skillshot_up_player_3_widget', 's': {'slide': 'prelaunch_slide', 'key': 'skill_shot-skillshot_up_player_3_widget', 'target': None}, 'play_kwargs': {}}, key=UUID('d7d3b4b6-e720-40d0-8da2-701c22107eaa'), condition=None, blocking_facility=None), RegisteredHandler(callback=<bound method McWidgetPlayer._add_widget_to_slide_when_active of McConfigPlayer.widgets>, priority=0, kwargs={'slide_name': 'prelaunch_slide', 'widget': 'skillshot_up_player_4_widget', 's': {'slide': 'prelaunch_slide', 'key': 'skill_shot-skillshot_up_player_4_widget', 'target': None}, 'play_kwargs': {}}, key=UUID('9b64e629-9e66-4842-a462-fd4809da0039'), condition=None, blocking_facility=None), RegisteredHandler(callback=<bound method McWidgetPlayer._add_widget_to_slide_when_active of McConfigPlayer.widgets>, priority=0, kwargs={'slide_name': 'prelaunch_slide', 'widget': 'skill_shot_select_widget_2', 's': {'slide': 'prelaunch_slide', 'key': 'skill_shot-skill_shot_select_widget_2', 'target': None}, 'play_kwargs': {'restore': False, 'state': 'enabled', 'selected': True}}, key=UUID('82849e14-c5d8-4810-a870-2a2b04294df0'), condition=None, blocking_facility=None), RegisteredHandler(callback=<bound method McWidgetPlayer._add_widget_to_slide_when_active of McConfigPlayer.widgets>, priority=0, kwargs={'slide_name': 'prelaunch_slide', 'widget': 'skill_shot_select_widget_3', 's': {'slide': 'prelaunch_slide', 'key': 'skill_shot-skill_shot_select_widget_3', 'target': None}, 'play_kwargs': {'restore': False, 'state': 'enabled', 'selected': True}}, key=UUID('05211d66-b74c-462f-91c7-41dbf9cf1155'), condition=None, blocking_facility=None)]. The order of those handlers is not defined and they will be executed in random order. This might lead to race conditions and potential bugs.
2024-09-05 18:47:21,742 : EventManager : Unordered handler for class McConfigPlayer.widgets on event slide_prelaunch_slide_created with priority 0. Handlers: [RegisteredHandler(callback=<bound method McWidgetPlayer._add_widget_to_slide_when_active of McConfigPlayer.widgets>, priority=0, kwargs={'slide_name': 'prelaunch_slide', 'widget': 'skillshot_up_selected_player_1_widget', 's': {'slide': 'prelaunch_slide', 'key': 'skill_shot-skillshot_up_selected_player_1_widget', 'target': None}, 'play_kwargs': {}}, key=UUID('f803db9e-cc6d-4848-bb74-6f94eb07a40b'), condition=None, blocking_facility=None), RegisteredHandler(callback=<bound method McWidgetPlayer._add_widget_to_slide_when_active of McConfigPlayer.widgets>, priority=0, kwargs={'slide_name': 'prelaunch_slide', 'widget': 'skillshot_up_player_2_widget', 's': {'slide': 'prelaunch_slide', 'key': 'skill_shot-skillshot_up_player_2_widget', 'target': None}, 'play_kwargs': {}}, key=UUID('92f13719-1d88-4d9c-99bf-80c800bf6aeb'), condition=None, blocking_facility=None), RegisteredHandler(callback=<bound method McWidgetPlayer._add_widget_to_slide_when_active of McConfigPlayer.widgets>, priority=0, kwargs={'slide_name': 'prelaunch_slide', 'widget': 'skillshot_up_player_3_widget', 's': {'slide': 'prelaunch_slide', 'key': 'skill_shot-skillshot_up_player_3_widget', 'target': None}, 'play_kwargs': {}}, key=UUID('d7d3b4b6-e720-40d0-8da2-701c22107eaa'), condition=None, blocking_facility=None), RegisteredHandler(callback=<bound method McWidgetPlayer._add_widget_to_slide_when_active of McConfigPlayer.widgets>, priority=0, kwargs={'slide_name': 'prelaunch_slide', 'widget': 'skillshot_up_player_4_widget', 's': {'slide': 'prelaunch_slide', 'key': 'skill_shot-skillshot_up_player_4_widget', 'target': None}, 'play_kwargs': {}}, key=UUID('9b64e629-9e66-4842-a462-fd4809da0039'), condition=None, blocking_facility=None), RegisteredHandler(callback=<bound method McWidgetPlayer._add_widget_to_slide_when_active of McConfigPlayer.widgets>, priority=0, kwargs={'slide_name': 'prelaunch_slide', 'widget': 'skill_shot_select_widget_2', 's': {'slide': 'prelaunch_slide', 'key': 'skill_shot-skill_shot_select_widget_2', 'target': None}, 'play_kwargs': {'restore': False, 'state': 'enabled', 'selected': True}}, key=UUID('82849e14-c5d8-4810-a870-2a2b04294df0'), condition=None, blocking_facility=None), RegisteredHandler(callback=<bound method McWidgetPlayer._add_widget_to_slide_when_active of McConfigPlayer.widgets>, priority=0, kwargs={'slide_name': 'prelaunch_slide', 'widget': 'skill_shot_select_widget_3', 's': {'slide': 'prelaunch_slide', 'key': 'skill_shot-skill_shot_select_widget_3', 'target': None}, 'play_kwargs': {'restore': False, 'state': 'enabled', 'selected': True}}, key=UUID('05211d66-b74c-462f-91c7-41dbf9cf1155'), condition=None, blocking_facility=None)]. The order of those handlers is not defined and they will be executed in random order. This might lead to race conditions and potential bugs.
2024-09-05 18:47:21,742 : EventManager : Unordered handler for class McConfigPlayer.widgets on event slide_prelaunch_slide_created with priority 0. Handlers: [RegisteredHandler(callback=<bound method McWidgetPlayer._add_widget_to_slide_when_active of McConfigPlayer.widgets>, priority=0, kwargs={'slide_name': 'prelaunch_slide', 'widget': 'skillshot_up_selected_player_1_widget', 's': {'slide': 'prelaunch_slide', 'key': 'skill_shot-skillshot_up_selected_player_1_widget', 'target': None}, 'play_kwargs': {}}, key=UUID('f803db9e-cc6d-4848-bb74-6f94eb07a40b'), condition=None, blocking_facility=None), RegisteredHandler(callback=<bound method McWidgetPlayer._add_widget_to_slide_when_active of McConfigPlayer.widgets>, priority=0, kwargs={'slide_name': 'prelaunch_slide', 'widget': 'skillshot_up_player_2_widget', 's': {'slide': 'prelaunch_slide', 'key': 'skill_shot-skillshot_up_player_2_widget', 'target': None}, 'play_kwargs': {}}, key=UUID('92f13719-1d88-4d9c-99bf-80c800bf6aeb'), condition=None, blocking_facility=None), RegisteredHandler(callback=<bound method McWidgetPlayer._add_widget_to_slide_when_active of McConfigPlayer.widgets>, priority=0, kwargs={'slide_name': 'prelaunch_slide', 'widget': 'skillshot_up_player_3_widget', 's': {'slide': 'prelaunch_slide', 'key': 'skill_shot-skillshot_up_player_3_widget', 'target': None}, 'play_kwargs': {}}, key=UUID('d7d3b4b6-e720-40d0-8da2-701c22107eaa'), condition=None, blocking_facility=None), RegisteredHandler(callback=<bound method McWidgetPlayer._add_widget_to_slide_when_active of McConfigPlayer.widgets>, priority=0, kwargs={'slide_name': 'prelaunch_slide', 'widget': 'skillshot_up_player_4_widget', 's': {'slide': 'prelaunch_slide', 'key': 'skill_shot-skillshot_up_player_4_widget', 'target': None}, 'play_kwargs': {}}, key=UUID('9b64e629-9e66-4842-a462-fd4809da0039'), condition=None, blocking_facility=None), RegisteredHandler(callback=<bound method McWidgetPlayer._add_widget_to_slide_when_active of McConfigPlayer.widgets>, priority=0, kwargs={'slide_name': 'prelaunch_slide', 'widget': 'skill_shot_select_widget_2', 's': {'slide': 'prelaunch_slide', 'key': 'skill_shot-skill_shot_select_widget_2', 'target': None}, 'play_kwargs': {'restore': False, 'state': 'enabled', 'selected': True}}, key=UUID('82849e14-c5d8-4810-a870-2a2b04294df0'), condition=None, blocking_facility=None), RegisteredHandler(callback=<bound method McWidgetPlayer._add_widget_to_slide_when_active of McConfigPlayer.widgets>, priority=0, kwargs={'slide_name': 'prelaunch_slide', 'widget': 'skill_shot_select_widget_3', 's': {'slide': 'prelaunch_slide', 'key': 'skill_shot-skill_shot_select_widget_3', 'target': None}, 'play_kwargs': {'restore': False, 'state': 'enabled', 'selected': True}}, key=UUID('05211d66-b74c-462f-91c7-41dbf9cf1155'), condition=None, blocking_facility=None)]. The order of those handlers is not defined and they will be executed in random order. This might lead to race conditions and potential bugs.
2024-09-05 18:47:22,041 : EventManager : Event: ======'machine_var_audits_switches_s_right_flipper'====== Args={'value': 4248, 'prev_value': 4247, 'change': 1}
2024-09-05 18:47:22,041 : EventManager : Event: ======'player_shot_lane_B'====== Args={'value': 0, 'prev_value': 1, 'change': -1, 'player_num': 1}
2024-09-05 18:47:22,041 : EventManager : Event: ======'player_shot_lane_C'====== Args={'value': 1, 'prev_value': 0, 'change': 1, 'player_num': 1}
2024-09-05 18:47:22,041 : EventManager : Event: ======'widgets_play'====== Args={'settings': {'skill_shot_select_widget_4': {'slide': 'prelaunch_slide', 'action': 'add', 'priority': 0, 'key': None, 'target': None}, 'skill_shot_select_widget_1': {'action': 'remove', 'priority': 0, 'slide': None, 'key': None, 'target': None}, 'skill_shot_select_widget_2': {'action': 'remove', 'priority': 0, 'slide': None, 'key': None, 'target': None}, 'skill_shot_select_widget_3': {'action': 'remove', 'priority': 0, 'slide': None, 'key': None, 'target': None}, 'skill_shot_select_widget_5': {'action': 'remove', 'priority': 0, 'slide': None, 'key': None, 'target': None}}, 'context': 'skill_shot', 'calling_context': 'skillshot_4_selected', 'priority': 150, 'restore': False, 'state': 'enabled', 'selected': True}
2024-09-05 18:47:22,041 : EventManager : Unordered handler for class McConfigPlayer.widgets on event slide_prelaunch_slide_created with priority 0. Handlers: [RegisteredHandler(callback=<bound method McWidgetPlayer._add_widget_to_slide_when_active of McConfigPlayer.widgets>, priority=0, kwargs={'slide_name': 'prelaunch_slide', 'widget': 'skillshot_up_selected_player_1_widget', 's': {'slide': 'prelaunch_slide', 'key': 'skill_shot-skillshot_up_selected_player_1_widget', 'target': None}, 'play_kwargs': {}}, key=UUID('f803db9e-cc6d-4848-bb74-6f94eb07a40b'), condition=None, blocking_facility=None), RegisteredHandler(callback=<bound method McWidgetPlayer._add_widget_to_slide_when_active of McConfigPlayer.widgets>, priority=0, kwargs={'slide_name': 'prelaunch_slide', 'widget': 'skillshot_up_player_2_widget', 's': {'slide': 'prelaunch_slide', 'key': 'skill_shot-skillshot_up_player_2_widget', 'target': None}, 'play_kwargs': {}}, key=UUID('92f13719-1d88-4d9c-99bf-80c800bf6aeb'), condition=None, blocking_facility=None), RegisteredHandler(callback=<bound method McWidgetPlayer._add_widget_to_slide_when_active of McConfigPlayer.widgets>, priority=0, kwargs={'slide_name': 'prelaunch_slide', 'widget': 'skillshot_up_player_3_widget', 's': {'slide': 'prelaunch_slide', 'key': 'skill_shot-skillshot_up_player_3_widget', 'target': None}, 'play_kwargs': {}}, key=UUID('d7d3b4b6-e720-40d0-8da2-701c22107eaa'), condition=None, blocking_facility=None), RegisteredHandler(callback=<bound method McWidgetPlayer._add_widget_to_slide_when_active of McConfigPlayer.widgets>, priority=0, kwargs={'slide_name': 'prelaunch_slide', 'widget': 'skillshot_up_player_4_widget', 's': {'slide': 'prelaunch_slide', 'key': 'skill_shot-skillshot_up_player_4_widget', 'target': None}, 'play_kwargs': {}}, key=UUID('9b64e629-9e66-4842-a462-fd4809da0039'), condition=None, blocking_facility=None), RegisteredHandler(callback=<bound method McWidgetPlayer._add_widget_to_slide_when_active of McConfigPlayer.widgets>, priority=0, kwargs={'slide_name': 'prelaunch_slide', 'widget': 'skill_shot_select_widget_3', 's': {'slide': 'prelaunch_slide', 'key': 'skill_shot-skill_shot_select_widget_3', 'target': None}, 'play_kwargs': {'restore': False, 'state': 'enabled', 'selected': True}}, key=UUID('05211d66-b74c-462f-91c7-41dbf9cf1155'), condition=None, blocking_facility=None), RegisteredHandler(callback=<bound method McWidgetPlayer._add_widget_to_slide_when_active of McConfigPlayer.widgets>, priority=0, kwargs={'slide_name': 'prelaunch_slide', 'widget': 'skill_shot_select_widget_4', 's': {'slide': 'prelaunch_slide', 'key': 'skill_shot-skill_shot_select_widget_4', 'target': None}, 'play_kwargs': {'restore': False, 'state': 'enabled', 'selected': True}}, key=UUID('7f7b1339-df2f-4bd1-96bf-14c5cf9fe750'), condition=None, blocking_facility=None)]. The order of those handlers is not defined and they will be executed in random order. This might lead to race conditions and potential bugs.
2024-09-05 18:47:22,042 : EventManager : Unordered handler for class McConfigPlayer.widgets on event slide_prelaunch_slide_created with priority 0. Handlers: [RegisteredHandler(callback=<bound method McWidgetPlayer._add_widget_to_slide_when_active of McConfigPlayer.widgets>, priority=0, kwargs={'slide_name': 'prelaunch_slide', 'widget': 'skillshot_up_selected_player_1_widget', 's': {'slide': 'prelaunch_slide', 'key': 'skill_shot-skillshot_up_selected_player_1_widget', 'target': None}, 'play_kwargs': {}}, key=UUID('f803db9e-cc6d-4848-bb74-6f94eb07a40b'), condition=None, blocking_facility=None), RegisteredHandler(callback=<bound method McWidgetPlayer._add_widget_to_slide_when_active of McConfigPlayer.widgets>, priority=0, kwargs={'slide_name': 'prelaunch_slide', 'widget': 'skillshot_up_player_2_widget', 's': {'slide': 'prelaunch_slide', 'key': 'skill_shot-skillshot_up_player_2_widget', 'target': None}, 'play_kwargs': {}}, key=UUID('92f13719-1d88-4d9c-99bf-80c800bf6aeb'), condition=None, blocking_facility=None), RegisteredHandler(callback=<bound method McWidgetPlayer._add_widget_to_slide_when_active of McConfigPlayer.widgets>, priority=0, kwargs={'slide_name': 'prelaunch_slide', 'widget': 'skillshot_up_player_3_widget', 's': {'slide': 'prelaunch_slide', 'key': 'skill_shot-skillshot_up_player_3_widget', 'target': None}, 'play_kwargs': {}}, key=UUID('d7d3b4b6-e720-40d0-8da2-701c22107eaa'), condition=None, blocking_facility=None), RegisteredHandler(callback=<bound method McWidgetPlayer._add_widget_to_slide_when_active of McConfigPlayer.widgets>, priority=0, kwargs={'slide_name': 'prelaunch_slide', 'widget': 'skillshot_up_player_4_widget', 's': {'slide': 'prelaunch_slide', 'key': 'skill_shot-skillshot_up_player_4_widget', 'target': None}, 'play_kwargs': {}}, key=UUID('9b64e629-9e66-4842-a462-fd4809da0039'), condition=None, blocking_facility=None), RegisteredHandler(callback=<bound method McWidgetPlayer._add_widget_to_slide_when_active of McConfigPlayer.widgets>, priority=0, kwargs={'slide_name': 'prelaunch_slide', 'widget': 'skill_shot_select_widget_3', 's': {'slide': 'prelaunch_slide', 'key': 'skill_shot-skill_shot_select_widget_3', 'target': None}, 'play_kwargs': {'restore': False, 'state': 'enabled', 'selected': True}}, key=UUID('05211d66-b74c-462f-91c7-41dbf9cf1155'), condition=None, blocking_facility=None), RegisteredHandler(callback=<bound method McWidgetPlayer._add_widget_to_slide_when_active of McConfigPlayer.widgets>, priority=0, kwargs={'slide_name': 'prelaunch_slide', 'widget': 'skill_shot_select_widget_4', 's': {'slide': 'prelaunch_slide', 'key': 'skill_shot-skill_shot_select_widget_4', 'target': None}, 'play_kwargs': {'restore': False, 'state': 'enabled', 'selected': True}}, key=UUID('7f7b1339-df2f-4bd1-96bf-14c5cf9fe750'), condition=None, blocking_facility=None)]. The order of those handlers is not defined and they will be executed in random order. This might lead to race conditions and potential bugs.
2024-09-05 18:47:22,042 : EventManager : Unordered handler for class McConfigPlayer.widgets on event slide_prelaunch_slide_created with priority 0. Handlers: [RegisteredHandler(callback=<bound method McWidgetPlayer._add_widget_to_slide_when_active of McConfigPlayer.widgets>, priority=0, kwargs={'slide_name': 'prelaunch_slide', 'widget': 'skillshot_up_selected_player_1_widget', 's': {'slide': 'prelaunch_slide', 'key': 'skill_shot-skillshot_up_selected_player_1_widget', 'target': None}, 'play_kwargs': {}}, key=UUID('f803db9e-cc6d-4848-bb74-6f94eb07a40b'), condition=None, blocking_facility=None), RegisteredHandler(callback=<bound method McWidgetPlayer._add_widget_to_slide_when_active of McConfigPlayer.widgets>, priority=0, kwargs={'slide_name': 'prelaunch_slide', 'widget': 'skillshot_up_player_2_widget', 's': {'slide': 'prelaunch_slide', 'key': 'skill_shot-skillshot_up_player_2_widget', 'target': None}, 'play_kwargs': {}}, key=UUID('92f13719-1d88-4d9c-99bf-80c800bf6aeb'), condition=None, blocking_facility=None), RegisteredHandler(callback=<bound method McWidgetPlayer._add_widget_to_slide_when_active of McConfigPlayer.widgets>, priority=0, kwargs={'slide_name': 'prelaunch_slide', 'widget': 'skillshot_up_player_3_widget', 's': {'slide': 'prelaunch_slide', 'key': 'skill_shot-skillshot_up_player_3_widget', 'target': None}, 'play_kwargs': {}}, key=UUID('d7d3b4b6-e720-40d0-8da2-701c22107eaa'), condition=None, blocking_facility=None), RegisteredHandler(callback=<bound method McWidgetPlayer._add_widget_to_slide_when_active of McConfigPlayer.widgets>, priority=0, kwargs={'slide_name': 'prelaunch_slide', 'widget': 'skillshot_up_player_4_widget', 's': {'slide': 'prelaunch_slide', 'key': 'skill_shot-skillshot_up_player_4_widget', 'target': None}, 'play_kwargs': {}}, key=UUID('9b64e629-9e66-4842-a462-fd4809da0039'), condition=None, blocking_facility=None), RegisteredHandler(callback=<bound method McWidgetPlayer._add_widget_to_slide_when_active of McConfigPlayer.widgets>, priority=0, kwargs={'slide_name': 'prelaunch_slide', 'widget': 'skill_shot_select_widget_3', 's': {'slide': 'prelaunch_slide', 'key': 'skill_shot-skill_shot_select_widget_3', 'target': None}, 'play_kwargs': {'restore': False, 'state': 'enabled', 'selected': True}}, key=UUID('05211d66-b74c-462f-91c7-41dbf9cf1155'), condition=None, blocking_facility=None), RegisteredHandler(callback=<bound method McWidgetPlayer._add_widget_to_slide_when_active of McConfigPlayer.widgets>, priority=0, kwargs={'slide_name': 'prelaunch_slide', 'widget': 'skill_shot_select_widget_4', 's': {'slide': 'prelaunch_slide', 'key': 'skill_shot-skill_shot_select_widget_4', 'target': None}, 'play_kwargs': {'restore': False, 'state': 'enabled', 'selected': True}}, key=UUID('7f7b1339-df2f-4bd1-96bf-14c5cf9fe750'), condition=None, blocking_facility=None)]. The order of those handlers is not defined and they will be executed in random order. This might lead to race conditions and potential bugs.
2024-09-05 18:47:22,042 : EventManager : Unordered handler for class McConfigPlayer.widgets on event slide_prelaunch_slide_created with priority 0. Handlers: [RegisteredHandler(callback=<bound method McWidgetPlayer._add_widget_to_slide_when_active of McConfigPlayer.widgets>, priority=0, kwargs={'slide_name': 'prelaunch_slide', 'widget': 'skillshot_up_selected_player_1_widget', 's': {'slide': 'prelaunch_slide', 'key': 'skill_shot-skillshot_up_selected_player_1_widget', 'target': None}, 'play_kwargs': {}}, key=UUID('f803db9e-cc6d-4848-bb74-6f94eb07a40b'), condition=None, blocking_facility=None), RegisteredHandler(callback=<bound method McWidgetPlayer._add_widget_to_slide_when_active of McConfigPlayer.widgets>, priority=0, kwargs={'slide_name': 'prelaunch_slide', 'widget': 'skillshot_up_player_2_widget', 's': {'slide': 'prelaunch_slide', 'key': 'skill_shot-skillshot_up_player_2_widget', 'target': None}, 'play_kwargs': {}}, key=UUID('92f13719-1d88-4d9c-99bf-80c800bf6aeb'), condition=None, blocking_facility=None), RegisteredHandler(callback=<bound method McWidgetPlayer._add_widget_to_slide_when_active of McConfigPlayer.widgets>, priority=0, kwargs={'slide_name': 'prelaunch_slide', 'widget': 'skillshot_up_player_3_widget', 's': {'slide': 'prelaunch_slide', 'key': 'skill_shot-skillshot_up_player_3_widget', 'target': None}, 'play_kwargs': {}}, key=UUID('d7d3b4b6-e720-40d0-8da2-701c22107eaa'), condition=None, blocking_facility=None), RegisteredHandler(callback=<bound method McWidgetPlayer._add_widget_to_slide_when_active of McConfigPlayer.widgets>, priority=0, kwargs={'slide_name': 'prelaunch_slide', 'widget': 'skillshot_up_player_4_widget', 's': {'slide': 'prelaunch_slide', 'key': 'skill_shot-skillshot_up_player_4_widget', 'target': None}, 'play_kwargs': {}}, key=UUID('9b64e629-9e66-4842-a462-fd4809da0039'), condition=None, blocking_facility=None), RegisteredHandler(callback=<bound method McWidgetPlayer._add_widget_to_slide_when_active of McConfigPlayer.widgets>, priority=0, kwargs={'slide_name': 'prelaunch_slide', 'widget': 'skill_shot_select_widget_3', 's': {'slide': 'prelaunch_slide', 'key': 'skill_shot-skill_shot_select_widget_3', 'target': None}, 'play_kwargs': {'restore': False, 'state': 'enabled', 'selected': True}}, key=UUID('05211d66-b74c-462f-91c7-41dbf9cf1155'), condition=None, blocking_facility=None), RegisteredHandler(callback=<bound method McWidgetPlayer._add_widget_to_slide_when_active of McConfigPlayer.widgets>, priority=0, kwargs={'slide_name': 'prelaunch_slide', 'widget': 'skill_shot_select_widget_4', 's': {'slide': 'prelaunch_slide', 'key': 'skill_shot-skill_shot_select_widget_4', 'target': None}, 'play_kwargs': {'restore': False, 'state': 'enabled', 'selected': True}}, key=UUID('7f7b1339-df2f-4bd1-96bf-14c5cf9fe750'), condition=None, blocking_facility=None)]. The order of those handlers is not defined and they will be executed in random order. This might lead to race conditions and potential bugs.
2024-09-05 18:47:22,042 : EventManager : Unordered handler for class McConfigPlayer.widgets on event slide_prelaunch_slide_created with priority 0. Handlers: [RegisteredHandler(callback=<bound method McWidgetPlayer._add_widget_to_slide_when_active of McConfigPlayer.widgets>, priority=0, kwargs={'slide_name': 'prelaunch_slide', 'widget': 'skillshot_up_selected_player_1_widget', 's': {'slide': 'prelaunch_slide', 'key': 'skill_shot-skillshot_up_selected_player_1_widget', 'target': None}, 'play_kwargs': {}}, key=UUID('f803db9e-cc6d-4848-bb74-6f94eb07a40b'), condition=None, blocking_facility=None), RegisteredHandler(callback=<bound method McWidgetPlayer._add_widget_to_slide_when_active of McConfigPlayer.widgets>, priority=0, kwargs={'slide_name': 'prelaunch_slide', 'widget': 'skillshot_up_player_2_widget', 's': {'slide': 'prelaunch_slide', 'key': 'skill_shot-skillshot_up_player_2_widget', 'target': None}, 'play_kwargs': {}}, key=UUID('92f13719-1d88-4d9c-99bf-80c800bf6aeb'), condition=None, blocking_facility=None), RegisteredHandler(callback=<bound method McWidgetPlayer._add_widget_to_slide_when_active of McConfigPlayer.widgets>, priority=0, kwargs={'slide_name': 'prelaunch_slide', 'widget': 'skillshot_up_player_3_widget', 's': {'slide': 'prelaunch_slide', 'key': 'skill_shot-skillshot_up_player_3_widget', 'target': None}, 'play_kwargs': {}}, key=UUID('d7d3b4b6-e720-40d0-8da2-701c22107eaa'), condition=None, blocking_facility=None), RegisteredHandler(callback=<bound method McWidgetPlayer._add_widget_to_slide_when_active of McConfigPlayer.widgets>, priority=0, kwargs={'slide_name': 'prelaunch_slide', 'widget': 'skillshot_up_player_4_widget', 's': {'slide': 'prelaunch_slide', 'key': 'skill_shot-skillshot_up_player_4_widget', 'target': None}, 'play_kwargs': {}}, key=UUID('9b64e629-9e66-4842-a462-fd4809da0039'), condition=None, blocking_facility=None), RegisteredHandler(callback=<bound method McWidgetPlayer._add_widget_to_slide_when_active of McConfigPlayer.widgets>, priority=0, kwargs={'slide_name': 'prelaunch_slide', 'widget': 'skill_shot_select_widget_3', 's': {'slide': 'prelaunch_slide', 'key': 'skill_shot-skill_shot_select_widget_3', 'target': None}, 'play_kwargs': {'restore': False, 'state': 'enabled', 'selected': True}}, key=UUID('05211d66-b74c-462f-91c7-41dbf9cf1155'), condition=None, blocking_facility=None), RegisteredHandler(callback=<bound method McWidgetPlayer._add_widget_to_slide_when_active of McConfigPlayer.widgets>, priority=0, kwargs={'slide_name': 'prelaunch_slide', 'widget': 'skill_shot_select_widget_4', 's': {'slide': 'prelaunch_slide', 'key': 'skill_shot-skill_shot_select_widget_4', 'target': None}, 'play_kwargs': {'restore': False, 'state': 'enabled', 'selected': True}}, key=UUID('7f7b1339-df2f-4bd1-96bf-14c5cf9fe750'), condition=None, blocking_facility=None)]. The order of those handlers is not defined and they will be executed in random order. This might lead to race conditions and potential bugs.
2024-09-05 18:47:22,490 : EventManager : Event: ======'machine_var_audits_switches_s_right_flipper'====== Args={'value': 4249, 'prev_value': 4248, 'change': 1}
2024-09-05 18:47:22,491 : EventManager : Event: ======'player_shot_lane_C'====== Args={'value': 0, 'prev_value': 1, 'change': -1, 'player_num': 1}
2024-09-05 18:47:22,491 : EventManager : Event: ======'player_shot_lane_D'====== Args={'value': 1, 'prev_value': 0, 'change': 1, 'player_num': 1}
2024-09-05 18:47:22,491 : EventManager : Event: ======'widgets_play'====== Args={'settings': {'skill_shot_select_widget_5': {'slide': 'prelaunch_slide', 'action': 'add', 'priority': 0, 'key': None, 'target': None}, 'skill_shot_select_widget_1': {'action': 'remove', 'priority': 0, 'slide': None, 'key': None, 'target': None}, 'skill_shot_select_widget_2': {'action': 'remove', 'priority': 0, 'slide': None, 'key': None, 'target': None}, 'skill_shot_select_widget_3': {'action': 'remove', 'priority': 0, 'slide': None, 'key': None, 'target': None}, 'skill_shot_select_widget_4': {'action': 'remove', 'priority': 0, 'slide': None, 'key': None, 'target': None}}, 'context': 'skill_shot', 'calling_context': 'skillshot_5_selected', 'priority': 150, 'restore': False, 'state': 'enabled', 'selected': True}
2024-09-05 18:47:22,491 : EventManager : Unordered handler for class McConfigPlayer.widgets on event slide_prelaunch_slide_created with priority 0. Handlers: [RegisteredHandler(callback=<bound method McWidgetPlayer._add_widget_to_slide_when_active of McConfigPlayer.widgets>, priority=0, kwargs={'slide_name': 'prelaunch_slide', 'widget': 'skillshot_up_selected_player_1_widget', 's': {'slide': 'prelaunch_slide', 'key': 'skill_shot-skillshot_up_selected_player_1_widget', 'target': None}, 'play_kwargs': {}}, key=UUID('f803db9e-cc6d-4848-bb74-6f94eb07a40b'), condition=None, blocking_facility=None), RegisteredHandler(callback=<bound method McWidgetPlayer._add_widget_to_slide_when_active of McConfigPlayer.widgets>, priority=0, kwargs={'slide_name': 'prelaunch_slide', 'widget': 'skillshot_up_player_2_widget', 's': {'slide': 'prelaunch_slide', 'key': 'skill_shot-skillshot_up_player_2_widget', 'target': None}, 'play_kwargs': {}}, key=UUID('92f13719-1d88-4d9c-99bf-80c800bf6aeb'), condition=None, blocking_facility=None), RegisteredHandler(callback=<bound method McWidgetPlayer._add_widget_to_slide_when_active of McConfigPlayer.widgets>, priority=0, kwargs={'slide_name': 'prelaunch_slide', 'widget': 'skillshot_up_player_3_widget', 's': {'slide': 'prelaunch_slide', 'key': 'skill_shot-skillshot_up_player_3_widget', 'target': None}, 'play_kwargs': {}}, key=UUID('d7d3b4b6-e720-40d0-8da2-701c22107eaa'), condition=None, blocking_facility=None), RegisteredHandler(callback=<bound method McWidgetPlayer._add_widget_to_slide_when_active of McConfigPlayer.widgets>, priority=0, kwargs={'slide_name': 'prelaunch_slide', 'widget': 'skillshot_up_player_4_widget', 's': {'slide': 'prelaunch_slide', 'key': 'skill_shot-skillshot_up_player_4_widget', 'target': None}, 'play_kwargs': {}}, key=UUID('9b64e629-9e66-4842-a462-fd4809da0039'), condition=None, blocking_facility=None), RegisteredHandler(callback=<bound method McWidgetPlayer._add_widget_to_slide_when_active of McConfigPlayer.widgets>, priority=0, kwargs={'slide_name': 'prelaunch_slide', 'widget': 'skill_shot_select_widget_4', 's': {'slide': 'prelaunch_slide', 'key': 'skill_shot-skill_shot_select_widget_4', 'target': None}, 'play_kwargs': {'restore': False, 'state': 'enabled', 'selected': True}}, key=UUID('7f7b1339-df2f-4bd1-96bf-14c5cf9fe750'), condition=None, blocking_facility=None), RegisteredHandler(callback=<bound method McWidgetPlayer._add_widget_to_slide_when_active of McConfigPlayer.widgets>, priority=0, kwargs={'slide_name': 'prelaunch_slide', 'widget': 'skill_shot_select_widget_5', 's': {'slide': 'prelaunch_slide', 'key': 'skill_shot-skill_shot_select_widget_5', 'target': None}, 'play_kwargs': {'restore': False, 'state': 'enabled', 'selected': True}}, key=UUID('b18d1f98-16af-42e5-ae89-b8cb28ad09be'), condition=None, blocking_facility=None)]. The order of those handlers is not defined and they will be executed in random order. This might lead to race conditions and potential bugs.
2024-09-05 18:47:22,491 : EventManager : Unordered handler for class McConfigPlayer.widgets on event slide_prelaunch_slide_created with priority 0. Handlers: [RegisteredHandler(callback=<bound method McWidgetPlayer._add_widget_to_slide_when_active of McConfigPlayer.widgets>, priority=0, kwargs={'slide_name': 'prelaunch_slide', 'widget': 'skillshot_up_selected_player_1_widget', 's': {'slide': 'prelaunch_slide', 'key': 'skill_shot-skillshot_up_selected_player_1_widget', 'target': None}, 'play_kwargs': {}}, key=UUID('f803db9e-cc6d-4848-bb74-6f94eb07a40b'), condition=None, blocking_facility=None), RegisteredHandler(callback=<bound method McWidgetPlayer._add_widget_to_slide_when_active of McConfigPlayer.widgets>, priority=0, kwargs={'slide_name': 'prelaunch_slide', 'widget': 'skillshot_up_player_2_widget', 's': {'slide': 'prelaunch_slide', 'key': 'skill_shot-skillshot_up_player_2_widget', 'target': None}, 'play_kwargs': {}}, key=UUID('92f13719-1d88-4d9c-99bf-80c800bf6aeb'), condition=None, blocking_facility=None), RegisteredHandler(callback=<bound method McWidgetPlayer._add_widget_to_slide_when_active of McConfigPlayer.widgets>, priority=0, kwargs={'slide_name': 'prelaunch_slide', 'widget': 'skillshot_up_player_3_widget', 's': {'slide': 'prelaunch_slide', 'key': 'skill_shot-skillshot_up_player_3_widget', 'target': None}, 'play_kwargs': {}}, key=UUID('d7d3b4b6-e720-40d0-8da2-701c22107eaa'), condition=None, blocking_facility=None), RegisteredHandler(callback=<bound method McWidgetPlayer._add_widget_to_slide_when_active of McConfigPlayer.widgets>, priority=0, kwargs={'slide_name': 'prelaunch_slide', 'widget': 'skillshot_up_player_4_widget', 's': {'slide': 'prelaunch_slide', 'key': 'skill_shot-skillshot_up_player_4_widget', 'target': None}, 'play_kwargs': {}}, key=UUID('9b64e629-9e66-4842-a462-fd4809da0039'), condition=None, blocking_facility=None), RegisteredHandler(callback=<bound method McWidgetPlayer._add_widget_to_slide_when_active of McConfigPlayer.widgets>, priority=0, kwargs={'slide_name': 'prelaunch_slide', 'widget': 'skill_shot_select_widget_4', 's': {'slide': 'prelaunch_slide', 'key': 'skill_shot-skill_shot_select_widget_4', 'target': None}, 'play_kwargs': {'restore': False, 'state': 'enabled', 'selected': True}}, key=UUID('7f7b1339-df2f-4bd1-96bf-14c5cf9fe750'), condition=None, blocking_facility=None), RegisteredHandler(callback=<bound method McWidgetPlayer._add_widget_to_slide_when_active of McConfigPlayer.widgets>, priority=0, kwargs={'slide_name': 'prelaunch_slide', 'widget': 'skill_shot_select_widget_5', 's': {'slide': 'prelaunch_slide', 'key': 'skill_shot-skill_shot_select_widget_5', 'target': None}, 'play_kwargs': {'restore': False, 'state': 'enabled', 'selected': True}}, key=UUID('b18d1f98-16af-42e5-ae89-b8cb28ad09be'), condition=None, blocking_facility=None)]. The order of those handlers is not defined and they will be executed in random order. This might lead to race conditions and potential bugs.
2024-09-05 18:47:22,491 : EventManager : Unordered handler for class McConfigPlayer.widgets on event slide_prelaunch_slide_created with priority 0. Handlers: [RegisteredHandler(callback=<bound method McWidgetPlayer._add_widget_to_slide_when_active of McConfigPlayer.widgets>, priority=0, kwargs={'slide_name': 'prelaunch_slide', 'widget': 'skillshot_up_selected_player_1_widget', 's': {'slide': 'prelaunch_slide', 'key': 'skill_shot-skillshot_up_selected_player_1_widget', 'target': None}, 'play_kwargs': {}}, key=UUID('f803db9e-cc6d-4848-bb74-6f94eb07a40b'), condition=None, blocking_facility=None), RegisteredHandler(callback=<bound method McWidgetPlayer._add_widget_to_slide_when_active of McConfigPlayer.widgets>, priority=0, kwargs={'slide_name': 'prelaunch_slide', 'widget': 'skillshot_up_player_2_widget', 's': {'slide': 'prelaunch_slide', 'key': 'skill_shot-skillshot_up_player_2_widget', 'target': None}, 'play_kwargs': {}}, key=UUID('92f13719-1d88-4d9c-99bf-80c800bf6aeb'), condition=None, blocking_facility=None), RegisteredHandler(callback=<bound method McWidgetPlayer._add_widget_to_slide_when_active of McConfigPlayer.widgets>, priority=0, kwargs={'slide_name': 'prelaunch_slide', 'widget': 'skillshot_up_player_3_widget', 's': {'slide': 'prelaunch_slide', 'key': 'skill_shot-skillshot_up_player_3_widget', 'target': None}, 'play_kwargs': {}}, key=UUID('d7d3b4b6-e720-40d0-8da2-701c22107eaa'), condition=None, blocking_facility=None), RegisteredHandler(callback=<bound method McWidgetPlayer._add_widget_to_slide_when_active of McConfigPlayer.widgets>, priority=0, kwargs={'slide_name': 'prelaunch_slide', 'widget': 'skillshot_up_player_4_widget', 's': {'slide': 'prelaunch_slide', 'key': 'skill_shot-skillshot_up_player_4_widget', 'target': None}, 'play_kwargs': {}}, key=UUID('9b64e629-9e66-4842-a462-fd4809da0039'), condition=None, blocking_facility=None), RegisteredHandler(callback=<bound method McWidgetPlayer._add_widget_to_slide_when_active of McConfigPlayer.widgets>, priority=0, kwargs={'slide_name': 'prelaunch_slide', 'widget': 'skill_shot_select_widget_4', 's': {'slide': 'prelaunch_slide', 'key': 'skill_shot-skill_shot_select_widget_4', 'target': None}, 'play_kwargs': {'restore': False, 'state': 'enabled', 'selected': True}}, key=UUID('7f7b1339-df2f-4bd1-96bf-14c5cf9fe750'), condition=None, blocking_facility=None), RegisteredHandler(callback=<bound method McWidgetPlayer._add_widget_to_slide_when_active of McConfigPlayer.widgets>, priority=0, kwargs={'slide_name': 'prelaunch_slide', 'widget': 'skill_shot_select_widget_5', 's': {'slide': 'prelaunch_slide', 'key': 'skill_shot-skill_shot_select_widget_5', 'target': None}, 'play_kwargs': {'restore': False, 'state': 'enabled', 'selected': True}}, key=UUID('b18d1f98-16af-42e5-ae89-b8cb28ad09be'), condition=None, blocking_facility=None)]. The order of those handlers is not defined and they will be executed in random order. This might lead to race conditions and potential bugs.
2024-09-05 18:47:22,492 : EventManager : Unordered handler for class McConfigPlayer.widgets on event slide_prelaunch_slide_created with priority 0. Handlers: [RegisteredHandler(callback=<bound method McWidgetPlayer._add_widget_to_slide_when_active of McConfigPlayer.widgets>, priority=0, kwargs={'slide_name': 'prelaunch_slide', 'widget': 'skillshot_up_selected_player_1_widget', 's': {'slide': 'prelaunch_slide', 'key': 'skill_shot-skillshot_up_selected_player_1_widget', 'target': None}, 'play_kwargs': {}}, key=UUID('f803db9e-cc6d-4848-bb74-6f94eb07a40b'), condition=None, blocking_facility=None), RegisteredHandler(callback=<bound method McWidgetPlayer._add_widget_to_slide_when_active of McConfigPlayer.widgets>, priority=0, kwargs={'slide_name': 'prelaunch_slide', 'widget': 'skillshot_up_player_2_widget', 's': {'slide': 'prelaunch_slide', 'key': 'skill_shot-skillshot_up_player_2_widget', 'target': None}, 'play_kwargs': {}}, key=UUID('92f13719-1d88-4d9c-99bf-80c800bf6aeb'), condition=None, blocking_facility=None), RegisteredHandler(callback=<bound method McWidgetPlayer._add_widget_to_slide_when_active of McConfigPlayer.widgets>, priority=0, kwargs={'slide_name': 'prelaunch_slide', 'widget': 'skillshot_up_player_3_widget', 's': {'slide': 'prelaunch_slide', 'key': 'skill_shot-skillshot_up_player_3_widget', 'target': None}, 'play_kwargs': {}}, key=UUID('d7d3b4b6-e720-40d0-8da2-701c22107eaa'), condition=None, blocking_facility=None), RegisteredHandler(callback=<bound method McWidgetPlayer._add_widget_to_slide_when_active of McConfigPlayer.widgets>, priority=0, kwargs={'slide_name': 'prelaunch_slide', 'widget': 'skillshot_up_player_4_widget', 's': {'slide': 'prelaunch_slide', 'key': 'skill_shot-skillshot_up_player_4_widget', 'target': None}, 'play_kwargs': {}}, key=UUID('9b64e629-9e66-4842-a462-fd4809da0039'), condition=None, blocking_facility=None), RegisteredHandler(callback=<bound method McWidgetPlayer._add_widget_to_slide_when_active of McConfigPlayer.widgets>, priority=0, kwargs={'slide_name': 'prelaunch_slide', 'widget': 'skill_shot_select_widget_4', 's': {'slide': 'prelaunch_slide', 'key': 'skill_shot-skill_shot_select_widget_4', 'target': None}, 'play_kwargs': {'restore': False, 'state': 'enabled', 'selected': True}}, key=UUID('7f7b1339-df2f-4bd1-96bf-14c5cf9fe750'), condition=None, blocking_facility=None), RegisteredHandler(callback=<bound method McWidgetPlayer._add_widget_to_slide_when_active of McConfigPlayer.widgets>, priority=0, kwargs={'slide_name': 'prelaunch_slide', 'widget': 'skill_shot_select_widget_5', 's': {'slide': 'prelaunch_slide', 'key': 'skill_shot-skill_shot_select_widget_5', 'target': None}, 'play_kwargs': {'restore': False, 'state': 'enabled', 'selected': True}}, key=UUID('b18d1f98-16af-42e5-ae89-b8cb28ad09be'), condition=None, blocking_facility=None)]. The order of those handlers is not defined and they will be executed in random order. This might lead to race conditions and potential bugs.
2024-09-05 18:47:22,492 : EventManager : Unordered handler for class McConfigPlayer.widgets on event slide_prelaunch_slide_created with priority 0. Handlers: [RegisteredHandler(callback=<bound method McWidgetPlayer._add_widget_to_slide_when_active of McConfigPlayer.widgets>, priority=0, kwargs={'slide_name': 'prelaunch_slide', 'widget': 'skillshot_up_selected_player_1_widget', 's': {'slide': 'prelaunch_slide', 'key': 'skill_shot-skillshot_up_selected_player_1_widget', 'target': None}, 'play_kwargs': {}}, key=UUID('f803db9e-cc6d-4848-bb74-6f94eb07a40b'), condition=None, blocking_facility=None), RegisteredHandler(callback=<bound method McWidgetPlayer._add_widget_to_slide_when_active of McConfigPlayer.widgets>, priority=0, kwargs={'slide_name': 'prelaunch_slide', 'widget': 'skillshot_up_player_2_widget', 's': {'slide': 'prelaunch_slide', 'key': 'skill_shot-skillshot_up_player_2_widget', 'target': None}, 'play_kwargs': {}}, key=UUID('92f13719-1d88-4d9c-99bf-80c800bf6aeb'), condition=None, blocking_facility=None), RegisteredHandler(callback=<bound method McWidgetPlayer._add_widget_to_slide_when_active of McConfigPlayer.widgets>, priority=0, kwargs={'slide_name': 'prelaunch_slide', 'widget': 'skillshot_up_player_3_widget', 's': {'slide': 'prelaunch_slide', 'key': 'skill_shot-skillshot_up_player_3_widget', 'target': None}, 'play_kwargs': {}}, key=UUID('d7d3b4b6-e720-40d0-8da2-701c22107eaa'), condition=None, blocking_facility=None), RegisteredHandler(callback=<bound method McWidgetPlayer._add_widget_to_slide_when_active of McConfigPlayer.widgets>, priority=0, kwargs={'slide_name': 'prelaunch_slide', 'widget': 'skillshot_up_player_4_widget', 's': {'slide': 'prelaunch_slide', 'key': 'skill_shot-skillshot_up_player_4_widget', 'target': None}, 'play_kwargs': {}}, key=UUID('9b64e629-9e66-4842-a462-fd4809da0039'), condition=None, blocking_facility=None), RegisteredHandler(callback=<bound method McWidgetPlayer._add_widget_to_slide_when_active of McConfigPlayer.widgets>, priority=0, kwargs={'slide_name': 'prelaunch_slide', 'widget': 'skill_shot_select_widget_4', 's': {'slide': 'prelaunch_slide', 'key': 'skill_shot-skill_shot_select_widget_4', 'target': None}, 'play_kwargs': {'restore': False, 'state': 'enabled', 'selected': True}}, key=UUID('7f7b1339-df2f-4bd1-96bf-14c5cf9fe750'), condition=None, blocking_facility=None), RegisteredHandler(callback=<bound method McWidgetPlayer._add_widget_to_slide_when_active of McConfigPlayer.widgets>, priority=0, kwargs={'slide_name': 'prelaunch_slide', 'widget': 'skill_shot_select_widget_5', 's': {'slide': 'prelaunch_slide', 'key': 'skill_shot-skill_shot_select_widget_5', 'target': None}, 'play_kwargs': {'restore': False, 'state': 'enabled', 'selected': True}}, key=UUID('b18d1f98-16af-42e5-ae89-b8cb28ad09be'), condition=None, blocking_facility=None)]. The order of those handlers is not defined and they will be executed in random order. This might lead to race conditions and potential bugs.
2024-09-05 18:47:22,792 : EventManager : Event: ======'machine_var_audits_switches_s_right_flipper'====== Args={'value': 4250, 'prev_value': 4249, 'change': 1}
2024-09-05 18:47:22,792 : EventManager : Event: ======'player_shot_lane_D'====== Args={'value': 0, 'prev_value': 1, 'change': -1, 'player_num': 1}
2024-09-05 18:47:22,792 : EventManager : Event: ======'player_shot_lane_E'====== Args={'value': 1, 'prev_value': 0, 'change': 1, 'player_num': 1}
2024-09-05 18:47:22,808 : EventManager : Event: ======'widgets_play'====== Args={'settings': {'skill_shot_select_widget_4': {'slide': 'prelaunch_slide', 'action': 'add', 'priority': 0, 'key': None, 'target': None}, 'skill_shot_select_widget_1': {'action': 'remove', 'priority': 0, 'slide': None, 'key': None, 'target': None}, 'skill_shot_select_widget_2': {'action': 'remove', 'priority': 0, 'slide': None, 'key': None, 'target': None}, 'skill_shot_select_widget_3': {'action': 'remove', 'priority': 0, 'slide': None, 'key': None, 'target': None}, 'skill_shot_select_widget_5': {'action': 'remove', 'priority': 0, 'slide': None, 'key': None, 'target': None}}, 'context': 'skill_shot', 'calling_context': 'skillshot_4_selected', 'priority': 150, 'restore': False, 'state': 'enabled', 'selected': True}
2024-09-05 18:47:22,809 : EventManager : Unordered handler for class McConfigPlayer.widgets on event slide_prelaunch_slide_created with priority 0. Handlers: [RegisteredHandler(callback=<bound method McWidgetPlayer._add_widget_to_slide_when_active of McConfigPlayer.widgets>, priority=0, kwargs={'slide_name': 'prelaunch_slide', 'widget': 'skillshot_up_selected_player_1_widget', 's': {'slide': 'prelaunch_slide', 'key': 'skill_shot-skillshot_up_selected_player_1_widget', 'target': None}, 'play_kwargs': {}}, key=UUID('f803db9e-cc6d-4848-bb74-6f94eb07a40b'), condition=None, blocking_facility=None), RegisteredHandler(callback=<bound method McWidgetPlayer._add_widget_to_slide_when_active of McConfigPlayer.widgets>, priority=0, kwargs={'slide_name': 'prelaunch_slide', 'widget': 'skillshot_up_player_2_widget', 's': {'slide': 'prelaunch_slide', 'key': 'skill_shot-skillshot_up_player_2_widget', 'target': None}, 'play_kwargs': {}}, key=UUID('92f13719-1d88-4d9c-99bf-80c800bf6aeb'), condition=None, blocking_facility=None), RegisteredHandler(callback=<bound method McWidgetPlayer._add_widget_to_slide_when_active of McConfigPlayer.widgets>, priority=0, kwargs={'slide_name': 'prelaunch_slide', 'widget': 'skillshot_up_player_3_widget', 's': {'slide': 'prelaunch_slide', 'key': 'skill_shot-skillshot_up_player_3_widget', 'target': None}, 'play_kwargs': {}}, key=UUID('d7d3b4b6-e720-40d0-8da2-701c22107eaa'), condition=None, blocking_facility=None), RegisteredHandler(callback=<bound method McWidgetPlayer._add_widget_to_slide_when_active of McConfigPlayer.widgets>, priority=0, kwargs={'slide_name': 'prelaunch_slide', 'widget': 'skillshot_up_player_4_widget', 's': {'slide': 'prelaunch_slide', 'key': 'skill_shot-skillshot_up_player_4_widget', 'target': None}, 'play_kwargs': {}}, key=UUID('9b64e629-9e66-4842-a462-fd4809da0039'), condition=None, blocking_facility=None), RegisteredHandler(callback=<bound method McWidgetPlayer._add_widget_to_slide_when_active of McConfigPlayer.widgets>, priority=0, kwargs={'slide_name': 'prelaunch_slide', 'widget': 'skill_shot_select_widget_5', 's': {'slide': 'prelaunch_slide', 'key': 'skill_shot-skill_shot_select_widget_5', 'target': None}, 'play_kwargs': {'restore': False, 'state': 'enabled', 'selected': True}}, key=UUID('b18d1f98-16af-42e5-ae89-b8cb28ad09be'), condition=None, blocking_facility=None), RegisteredHandler(callback=<bound method McWidgetPlayer._add_widget_to_slide_when_active of McConfigPlayer.widgets>, priority=0, kwargs={'slide_name': 'prelaunch_slide', 'widget': 'skill_shot_select_widget_4', 's': {'slide': 'prelaunch_slide', 'key': 'skill_shot-skill_shot_select_widget_4', 'target': None}, 'play_kwargs': {'restore': False, 'state': 'enabled', 'selected': True}}, key=UUID('bf3f856e-1a19-43f5-9a76-424403fe6e37'), condition=None, blocking_facility=None)]. The order of those handlers is not defined and they will be executed in random order. This might lead to race conditions and potential bugs.
2024-09-05 18:47:22,809 : EventManager : Unordered handler for class McConfigPlayer.widgets on event slide_prelaunch_slide_created with priority 0. Handlers: [RegisteredHandler(callback=<bound method McWidgetPlayer._add_widget_to_slide_when_active of McConfigPlayer.widgets>, priority=0, kwargs={'slide_name': 'prelaunch_slide', 'widget': 'skillshot_up_selected_player_1_widget', 's': {'slide': 'prelaunch_slide', 'key': 'skill_shot-skillshot_up_selected_player_1_widget', 'target': None}, 'play_kwargs': {}}, key=UUID('f803db9e-cc6d-4848-bb74-6f94eb07a40b'), condition=None, blocking_facility=None), RegisteredHandler(callback=<bound method McWidgetPlayer._add_widget_to_slide_when_active of McConfigPlayer.widgets>, priority=0, kwargs={'slide_name': 'prelaunch_slide', 'widget': 'skillshot_up_player_2_widget', 's': {'slide': 'prelaunch_slide', 'key': 'skill_shot-skillshot_up_player_2_widget', 'target': None}, 'play_kwargs': {}}, key=UUID('92f13719-1d88-4d9c-99bf-80c800bf6aeb'), condition=None, blocking_facility=None), RegisteredHandler(callback=<bound method McWidgetPlayer._add_widget_to_slide_when_active of McConfigPlayer.widgets>, priority=0, kwargs={'slide_name': 'prelaunch_slide', 'widget': 'skillshot_up_player_3_widget', 's': {'slide': 'prelaunch_slide', 'key': 'skill_shot-skillshot_up_player_3_widget', 'target': None}, 'play_kwargs': {}}, key=UUID('d7d3b4b6-e720-40d0-8da2-701c22107eaa'), condition=None, blocking_facility=None), RegisteredHandler(callback=<bound method McWidgetPlayer._add_widget_to_slide_when_active of McConfigPlayer.widgets>, priority=0, kwargs={'slide_name': 'prelaunch_slide', 'widget': 'skillshot_up_player_4_widget', 's': {'slide': 'prelaunch_slide', 'key': 'skill_shot-skillshot_up_player_4_widget', 'target': None}, 'play_kwargs': {}}, key=UUID('9b64e629-9e66-4842-a462-fd4809da0039'), condition=None, blocking_facility=None), RegisteredHandler(callback=<bound method McWidgetPlayer._add_widget_to_slide_when_active of McConfigPlayer.widgets>, priority=0, kwargs={'slide_name': 'prelaunch_slide', 'widget': 'skill_shot_select_widget_5', 's': {'slide': 'prelaunch_slide', 'key': 'skill_shot-skill_shot_select_widget_5', 'target': None}, 'play_kwargs': {'restore': False, 'state': 'enabled', 'selected': True}}, key=UUID('b18d1f98-16af-42e5-ae89-b8cb28ad09be'), condition=None, blocking_facility=None), RegisteredHandler(callback=<bound method McWidgetPlayer._add_widget_to_slide_when_active of McConfigPlayer.widgets>, priority=0, kwargs={'slide_name': 'prelaunch_slide', 'widget': 'skill_shot_select_widget_4', 's': {'slide': 'prelaunch_slide', 'key': 'skill_shot-skill_shot_select_widget_4', 'target': None}, 'play_kwargs': {'restore': False, 'state': 'enabled', 'selected': True}}, key=UUID('bf3f856e-1a19-43f5-9a76-424403fe6e37'), condition=None, blocking_facility=None)]. The order of those handlers is not defined and they will be executed in random order. This might lead to race conditions and potential bugs.
2024-09-05 18:47:22,809 : EventManager : Unordered handler for class McConfigPlayer.widgets on event slide_prelaunch_slide_created with priority 0. Handlers: [RegisteredHandler(callback=<bound method McWidgetPlayer._add_widget_to_slide_when_active of McConfigPlayer.widgets>, priority=0, kwargs={'slide_name': 'prelaunch_slide', 'widget': 'skillshot_up_selected_player_1_widget', 's': {'slide': 'prelaunch_slide', 'key': 'skill_shot-skillshot_up_selected_player_1_widget', 'target': None}, 'play_kwargs': {}}, key=UUID('f803db9e-cc6d-4848-bb74-6f94eb07a40b'), condition=None, blocking_facility=None), RegisteredHandler(callback=<bound method McWidgetPlayer._add_widget_to_slide_when_active of McConfigPlayer.widgets>, priority=0, kwargs={'slide_name': 'prelaunch_slide', 'widget': 'skillshot_up_player_2_widget', 's': {'slide': 'prelaunch_slide', 'key': 'skill_shot-skillshot_up_player_2_widget', 'target': None}, 'play_kwargs': {}}, key=UUID('92f13719-1d88-4d9c-99bf-80c800bf6aeb'), condition=None, blocking_facility=None), RegisteredHandler(callback=<bound method McWidgetPlayer._add_widget_to_slide_when_active of McConfigPlayer.widgets>, priority=0, kwargs={'slide_name': 'prelaunch_slide', 'widget': 'skillshot_up_player_3_widget', 's': {'slide': 'prelaunch_slide', 'key': 'skill_shot-skillshot_up_player_3_widget', 'target': None}, 'play_kwargs': {}}, key=UUID('d7d3b4b6-e720-40d0-8da2-701c22107eaa'), condition=None, blocking_facility=None), RegisteredHandler(callback=<bound method McWidgetPlayer._add_widget_to_slide_when_active of McConfigPlayer.widgets>, priority=0, kwargs={'slide_name': 'prelaunch_slide', 'widget': 'skillshot_up_player_4_widget', 's': {'slide': 'prelaunch_slide', 'key': 'skill_shot-skillshot_up_player_4_widget', 'target': None}, 'play_kwargs': {}}, key=UUID('9b64e629-9e66-4842-a462-fd4809da0039'), condition=None, blocking_facility=None), RegisteredHandler(callback=<bound method McWidgetPlayer._add_widget_to_slide_when_active of McConfigPlayer.widgets>, priority=0, kwargs={'slide_name': 'prelaunch_slide', 'widget': 'skill_shot_select_widget_5', 's': {'slide': 'prelaunch_slide', 'key': 'skill_shot-skill_shot_select_widget_5', 'target': None}, 'play_kwargs': {'restore': False, 'state': 'enabled', 'selected': True}}, key=UUID('b18d1f98-16af-42e5-ae89-b8cb28ad09be'), condition=None, blocking_facility=None), RegisteredHandler(callback=<bound method McWidgetPlayer._add_widget_to_slide_when_active of McConfigPlayer.widgets>, priority=0, kwargs={'slide_name': 'prelaunch_slide', 'widget': 'skill_shot_select_widget_4', 's': {'slide': 'prelaunch_slide', 'key': 'skill_shot-skill_shot_select_widget_4', 'target': None}, 'play_kwargs': {'restore': False, 'state': 'enabled', 'selected': True}}, key=UUID('bf3f856e-1a19-43f5-9a76-424403fe6e37'), condition=None, blocking_facility=None)]. The order of those handlers is not defined and they will be executed in random order. This might lead to race conditions and potential bugs.
2024-09-05 18:47:22,809 : EventManager : Unordered handler for class McConfigPlayer.widgets on event slide_prelaunch_slide_created with priority 0. Handlers: [RegisteredHandler(callback=<bound method McWidgetPlayer._add_widget_to_slide_when_active of McConfigPlayer.widgets>, priority=0, kwargs={'slide_name': 'prelaunch_slide', 'widget': 'skillshot_up_selected_player_1_widget', 's': {'slide': 'prelaunch_slide', 'key': 'skill_shot-skillshot_up_selected_player_1_widget', 'target': None}, 'play_kwargs': {}}, key=UUID('f803db9e-cc6d-4848-bb74-6f94eb07a40b'), condition=None, blocking_facility=None), RegisteredHandler(callback=<bound method McWidgetPlayer._add_widget_to_slide_when_active of McConfigPlayer.widgets>, priority=0, kwargs={'slide_name': 'prelaunch_slide', 'widget': 'skillshot_up_player_2_widget', 's': {'slide': 'prelaunch_slide', 'key': 'skill_shot-skillshot_up_player_2_widget', 'target': None}, 'play_kwargs': {}}, key=UUID('92f13719-1d88-4d9c-99bf-80c800bf6aeb'), condition=None, blocking_facility=None), RegisteredHandler(callback=<bound method McWidgetPlayer._add_widget_to_slide_when_active of McConfigPlayer.widgets>, priority=0, kwargs={'slide_name': 'prelaunch_slide', 'widget': 'skillshot_up_player_3_widget', 's': {'slide': 'prelaunch_slide', 'key': 'skill_shot-skillshot_up_player_3_widget', 'target': None}, 'play_kwargs': {}}, key=UUID('d7d3b4b6-e720-40d0-8da2-701c22107eaa'), condition=None, blocking_facility=None), RegisteredHandler(callback=<bound method McWidgetPlayer._add_widget_to_slide_when_active of McConfigPlayer.widgets>, priority=0, kwargs={'slide_name': 'prelaunch_slide', 'widget': 'skillshot_up_player_4_widget', 's': {'slide': 'prelaunch_slide', 'key': 'skill_shot-skillshot_up_player_4_widget', 'target': None}, 'play_kwargs': {}}, key=UUID('9b64e629-9e66-4842-a462-fd4809da0039'), condition=None, blocking_facility=None), RegisteredHandler(callback=<bound method McWidgetPlayer._add_widget_to_slide_when_active of McConfigPlayer.widgets>, priority=0, kwargs={'slide_name': 'prelaunch_slide', 'widget': 'skill_shot_select_widget_5', 's': {'slide': 'prelaunch_slide', 'key': 'skill_shot-skill_shot_select_widget_5', 'target': None}, 'play_kwargs': {'restore': False, 'state': 'enabled', 'selected': True}}, key=UUID('b18d1f98-16af-42e5-ae89-b8cb28ad09be'), condition=None, blocking_facility=None), RegisteredHandler(callback=<bound method McWidgetPlayer._add_widget_to_slide_when_active of McConfigPlayer.widgets>, priority=0, kwargs={'slide_name': 'prelaunch_slide', 'widget': 'skill_shot_select_widget_4', 's': {'slide': 'prelaunch_slide', 'key': 'skill_shot-skill_shot_select_widget_4', 'target': None}, 'play_kwargs': {'restore': False, 'state': 'enabled', 'selected': True}}, key=UUID('bf3f856e-1a19-43f5-9a76-424403fe6e37'), condition=None, blocking_facility=None)]. The order of those handlers is not defined and they will be executed in random order. This might lead to race conditions and potential bugs.
2024-09-05 18:47:22,809 : EventManager : Unordered handler for class McConfigPlayer.widgets on event slide_prelaunch_slide_created with priority 0. Handlers: [RegisteredHandler(callback=<bound method McWidgetPlayer._add_widget_to_slide_when_active of McConfigPlayer.widgets>, priority=0, kwargs={'slide_name': 'prelaunch_slide', 'widget': 'skillshot_up_selected_player_1_widget', 's': {'slide': 'prelaunch_slide', 'key': 'skill_shot-skillshot_up_selected_player_1_widget', 'target': None}, 'play_kwargs': {}}, key=UUID('f803db9e-cc6d-4848-bb74-6f94eb07a40b'), condition=None, blocking_facility=None), RegisteredHandler(callback=<bound method McWidgetPlayer._add_widget_to_slide_when_active of McConfigPlayer.widgets>, priority=0, kwargs={'slide_name': 'prelaunch_slide', 'widget': 'skillshot_up_player_2_widget', 's': {'slide': 'prelaunch_slide', 'key': 'skill_shot-skillshot_up_player_2_widget', 'target': None}, 'play_kwargs': {}}, key=UUID('92f13719-1d88-4d9c-99bf-80c800bf6aeb'), condition=None, blocking_facility=None), RegisteredHandler(callback=<bound method McWidgetPlayer._add_widget_to_slide_when_active of McConfigPlayer.widgets>, priority=0, kwargs={'slide_name': 'prelaunch_slide', 'widget': 'skillshot_up_player_3_widget', 's': {'slide': 'prelaunch_slide', 'key': 'skill_shot-skillshot_up_player_3_widget', 'target': None}, 'play_kwargs': {}}, key=UUID('d7d3b4b6-e720-40d0-8da2-701c22107eaa'), condition=None, blocking_facility=None), RegisteredHandler(callback=<bound method McWidgetPlayer._add_widget_to_slide_when_active of McConfigPlayer.widgets>, priority=0, kwargs={'slide_name': 'prelaunch_slide', 'widget': 'skillshot_up_player_4_widget', 's': {'slide': 'prelaunch_slide', 'key': 'skill_shot-skillshot_up_player_4_widget', 'target': None}, 'play_kwargs': {}}, key=UUID('9b64e629-9e66-4842-a462-fd4809da0039'), condition=None, blocking_facility=None), RegisteredHandler(callback=<bound method McWidgetPlayer._add_widget_to_slide_when_active of McConfigPlayer.widgets>, priority=0, kwargs={'slide_name': 'prelaunch_slide', 'widget': 'skill_shot_select_widget_5', 's': {'slide': 'prelaunch_slide', 'key': 'skill_shot-skill_shot_select_widget_5', 'target': None}, 'play_kwargs': {'restore': False, 'state': 'enabled', 'selected': True}}, key=UUID('b18d1f98-16af-42e5-ae89-b8cb28ad09be'), condition=None, blocking_facility=None), RegisteredHandler(callback=<bound method McWidgetPlayer._add_widget_to_slide_when_active of McConfigPlayer.widgets>, priority=0, kwargs={'slide_name': 'prelaunch_slide', 'widget': 'skill_shot_select_widget_4', 's': {'slide': 'prelaunch_slide', 'key': 'skill_shot-skill_shot_select_widget_4', 'target': None}, 'play_kwargs': {'restore': False, 'state': 'enabled', 'selected': True}}, key=UUID('bf3f856e-1a19-43f5-9a76-424403fe6e37'), condition=None, blocking_facility=None)]. The order of those handlers is not defined and they will be executed in random order. This might lead to race conditions and potential bugs.
2024-09-05 18:47:23,157 : EventManager : Event: ======'machine_var_audits_switches_s_right_flipper'====== Args={'value': 4251, 'prev_value': 4250, 'change': 1}
2024-09-05 18:47:23,157 : EventManager : Event: ======'player_shot_lane_A'====== Args={'value': 1, 'prev_value': 0, 'change': 1, 'player_num': 1}
2024-09-05 18:47:23,174 : EventManager : Event: ======'player_shot_lane_E'====== Args={'value': 0, 'prev_value': 1, 'change': -1, 'player_num': 1}
2024-09-05 18:47:23,174 : EventManager : Event: ======'widgets_play'====== Args={'settings': {'skill_shot_select_widget_3': {'slide': 'prelaunch_slide', 'action': 'add', 'priority': 0, 'key': None, 'target': None}, 'skill_shot_select_widget_1': {'action': 'remove', 'priority': 0, 'slide': None, 'key': None, 'target': None}, 'skill_shot_select_widget_2': {'action': 'remove', 'priority': 0, 'slide': None, 'key': None, 'target': None}, 'skill_shot_select_widget_4': {'action': 'remove', 'priority': 0, 'slide': None, 'key': None, 'target': None}, 'skill_shot_select_widget_5': {'action': 'remove', 'priority': 0, 'slide': None, 'key': None, 'target': None}}, 'context': 'skill_shot', 'calling_context': 'skillshot_3_selected', 'priority': 150, 'restore': False, 'state': 'enabled', 'selected': True}
2024-09-05 18:47:23,174 : EventManager : Unordered handler for class McConfigPlayer.widgets on event slide_prelaunch_slide_created with priority 0. Handlers: [RegisteredHandler(callback=<bound method McWidgetPlayer._add_widget_to_slide_when_active of McConfigPlayer.widgets>, priority=0, kwargs={'slide_name': 'prelaunch_slide', 'widget': 'skillshot_up_selected_player_1_widget', 's': {'slide': 'prelaunch_slide', 'key': 'skill_shot-skillshot_up_selected_player_1_widget', 'target': None}, 'play_kwargs': {}}, key=UUID('f803db9e-cc6d-4848-bb74-6f94eb07a40b'), condition=None, blocking_facility=None), RegisteredHandler(callback=<bound method McWidgetPlayer._add_widget_to_slide_when_active of McConfigPlayer.widgets>, priority=0, kwargs={'slide_name': 'prelaunch_slide', 'widget': 'skillshot_up_player_2_widget', 's': {'slide': 'prelaunch_slide', 'key': 'skill_shot-skillshot_up_player_2_widget', 'target': None}, 'play_kwargs': {}}, key=UUID('92f13719-1d88-4d9c-99bf-80c800bf6aeb'), condition=None, blocking_facility=None), RegisteredHandler(callback=<bound method McWidgetPlayer._add_widget_to_slide_when_active of McConfigPlayer.widgets>, priority=0, kwargs={'slide_name': 'prelaunch_slide', 'widget': 'skillshot_up_player_3_widget', 's': {'slide': 'prelaunch_slide', 'key': 'skill_shot-skillshot_up_player_3_widget', 'target': None}, 'play_kwargs': {}}, key=UUID('d7d3b4b6-e720-40d0-8da2-701c22107eaa'), condition=None, blocking_facility=None), RegisteredHandler(callback=<bound method McWidgetPlayer._add_widget_to_slide_when_active of McConfigPlayer.widgets>, priority=0, kwargs={'slide_name': 'prelaunch_slide', 'widget': 'skillshot_up_player_4_widget', 's': {'slide': 'prelaunch_slide', 'key': 'skill_shot-skillshot_up_player_4_widget', 'target': None}, 'play_kwargs': {}}, key=UUID('9b64e629-9e66-4842-a462-fd4809da0039'), condition=None, blocking_facility=None), RegisteredHandler(callback=<bound method McWidgetPlayer._add_widget_to_slide_when_active of McConfigPlayer.widgets>, priority=0, kwargs={'slide_name': 'prelaunch_slide', 'widget': 'skill_shot_select_widget_4', 's': {'slide': 'prelaunch_slide', 'key': 'skill_shot-skill_shot_select_widget_4', 'target': None}, 'play_kwargs': {'restore': False, 'state': 'enabled', 'selected': True}}, key=UUID('bf3f856e-1a19-43f5-9a76-424403fe6e37'), condition=None, blocking_facility=None), RegisteredHandler(callback=<bound method McWidgetPlayer._add_widget_to_slide_when_active of McConfigPlayer.widgets>, priority=0, kwargs={'slide_name': 'prelaunch_slide', 'widget': 'skill_shot_select_widget_3', 's': {'slide': 'prelaunch_slide', 'key': 'skill_shot-skill_shot_select_widget_3', 'target': None}, 'play_kwargs': {'restore': False, 'state': 'enabled', 'selected': True}}, key=UUID('6a010e8e-dfc8-451d-ac6a-811ca6c420e8'), condition=None, blocking_facility=None)]. The order of those handlers is not defined and they will be executed in random order. This might lead to race conditions and potential bugs.
2024-09-05 18:47:23,174 : EventManager : Unordered handler for class McConfigPlayer.widgets on event slide_prelaunch_slide_created with priority 0. Handlers: [RegisteredHandler(callback=<bound method McWidgetPlayer._add_widget_to_slide_when_active of McConfigPlayer.widgets>, priority=0, kwargs={'slide_name': 'prelaunch_slide', 'widget': 'skillshot_up_selected_player_1_widget', 's': {'slide': 'prelaunch_slide', 'key': 'skill_shot-skillshot_up_selected_player_1_widget', 'target': None}, 'play_kwargs': {}}, key=UUID('f803db9e-cc6d-4848-bb74-6f94eb07a40b'), condition=None, blocking_facility=None), RegisteredHandler(callback=<bound method McWidgetPlayer._add_widget_to_slide_when_active of McConfigPlayer.widgets>, priority=0, kwargs={'slide_name': 'prelaunch_slide', 'widget': 'skillshot_up_player_2_widget', 's': {'slide': 'prelaunch_slide', 'key': 'skill_shot-skillshot_up_player_2_widget', 'target': None}, 'play_kwargs': {}}, key=UUID('92f13719-1d88-4d9c-99bf-80c800bf6aeb'), condition=None, blocking_facility=None), RegisteredHandler(callback=<bound method McWidgetPlayer._add_widget_to_slide_when_active of McConfigPlayer.widgets>, priority=0, kwargs={'slide_name': 'prelaunch_slide', 'widget': 'skillshot_up_player_3_widget', 's': {'slide': 'prelaunch_slide', 'key': 'skill_shot-skillshot_up_player_3_widget', 'target': None}, 'play_kwargs': {}}, key=UUID('d7d3b4b6-e720-40d0-8da2-701c22107eaa'), condition=None, blocking_facility=None), RegisteredHandler(callback=<bound method McWidgetPlayer._add_widget_to_slide_when_active of McConfigPlayer.widgets>, priority=0, kwargs={'slide_name': 'prelaunch_slide', 'widget': 'skillshot_up_player_4_widget', 's': {'slide': 'prelaunch_slide', 'key': 'skill_shot-skillshot_up_player_4_widget', 'target': None}, 'play_kwargs': {}}, key=UUID('9b64e629-9e66-4842-a462-fd4809da0039'), condition=None, blocking_facility=None), RegisteredHandler(callback=<bound method McWidgetPlayer._add_widget_to_slide_when_active of McConfigPlayer.widgets>, priority=0, kwargs={'slide_name': 'prelaunch_slide', 'widget': 'skill_shot_select_widget_4', 's': {'slide': 'prelaunch_slide', 'key': 'skill_shot-skill_shot_select_widget_4', 'target': None}, 'play_kwargs': {'restore': False, 'state': 'enabled', 'selected': True}}, key=UUID('bf3f856e-1a19-43f5-9a76-424403fe6e37'), condition=None, blocking_facility=None), RegisteredHandler(callback=<bound method McWidgetPlayer._add_widget_to_slide_when_active of McConfigPlayer.widgets>, priority=0, kwargs={'slide_name': 'prelaunch_slide', 'widget': 'skill_shot_select_widget_3', 's': {'slide': 'prelaunch_slide', 'key': 'skill_shot-skill_shot_select_widget_3', 'target': None}, 'play_kwargs': {'restore': False, 'state': 'enabled', 'selected': True}}, key=UUID('6a010e8e-dfc8-451d-ac6a-811ca6c420e8'), condition=None, blocking_facility=None)]. The order of those handlers is not defined and they will be executed in random order. This might lead to race conditions and potential bugs.
2024-09-05 18:47:23,174 : EventManager : Unordered handler for class McConfigPlayer.widgets on event slide_prelaunch_slide_created with priority 0. Handlers: [RegisteredHandler(callback=<bound method McWidgetPlayer._add_widget_to_slide_when_active of McConfigPlayer.widgets>, priority=0, kwargs={'slide_name': 'prelaunch_slide', 'widget': 'skillshot_up_selected_player_1_widget', 's': {'slide': 'prelaunch_slide', 'key': 'skill_shot-skillshot_up_selected_player_1_widget', 'target': None}, 'play_kwargs': {}}, key=UUID('f803db9e-cc6d-4848-bb74-6f94eb07a40b'), condition=None, blocking_facility=None), RegisteredHandler(callback=<bound method McWidgetPlayer._add_widget_to_slide_when_active of McConfigPlayer.widgets>, priority=0, kwargs={'slide_name': 'prelaunch_slide', 'widget': 'skillshot_up_player_2_widget', 's': {'slide': 'prelaunch_slide', 'key': 'skill_shot-skillshot_up_player_2_widget', 'target': None}, 'play_kwargs': {}}, key=UUID('92f13719-1d88-4d9c-99bf-80c800bf6aeb'), condition=None, blocking_facility=None), RegisteredHandler(callback=<bound method McWidgetPlayer._add_widget_to_slide_when_active of McConfigPlayer.widgets>, priority=0, kwargs={'slide_name': 'prelaunch_slide', 'widget': 'skillshot_up_player_3_widget', 's': {'slide': 'prelaunch_slide', 'key': 'skill_shot-skillshot_up_player_3_widget', 'target': None}, 'play_kwargs': {}}, key=UUID('d7d3b4b6-e720-40d0-8da2-701c22107eaa'), condition=None, blocking_facility=None), RegisteredHandler(callback=<bound method McWidgetPlayer._add_widget_to_slide_when_active of McConfigPlayer.widgets>, priority=0, kwargs={'slide_name': 'prelaunch_slide', 'widget': 'skillshot_up_player_4_widget', 's': {'slide': 'prelaunch_slide', 'key': 'skill_shot-skillshot_up_player_4_widget', 'target': None}, 'play_kwargs': {}}, key=UUID('9b64e629-9e66-4842-a462-fd4809da0039'), condition=None, blocking_facility=None), RegisteredHandler(callback=<bound method McWidgetPlayer._add_widget_to_slide_when_active of McConfigPlayer.widgets>, priority=0, kwargs={'slide_name': 'prelaunch_slide', 'widget': 'skill_shot_select_widget_4', 's': {'slide': 'prelaunch_slide', 'key': 'skill_shot-skill_shot_select_widget_4', 'target': None}, 'play_kwargs': {'restore': False, 'state': 'enabled', 'selected': True}}, key=UUID('bf3f856e-1a19-43f5-9a76-424403fe6e37'), condition=None, blocking_facility=None), RegisteredHandler(callback=<bound method McWidgetPlayer._add_widget_to_slide_when_active of McConfigPlayer.widgets>, priority=0, kwargs={'slide_name': 'prelaunch_slide', 'widget': 'skill_shot_select_widget_3', 's': {'slide': 'prelaunch_slide', 'key': 'skill_shot-skill_shot_select_widget_3', 'target': None}, 'play_kwargs': {'restore': False, 'state': 'enabled', 'selected': True}}, key=UUID('6a010e8e-dfc8-451d-ac6a-811ca6c420e8'), condition=None, blocking_facility=None)]. The order of those handlers is not defined and they will be executed in random order. This might lead to race conditions and potential bugs.
2024-09-05 18:47:23,175 : EventManager : Unordered handler for class McConfigPlayer.widgets on event slide_prelaunch_slide_created with priority 0. Handlers: [RegisteredHandler(callback=<bound method McWidgetPlayer._add_widget_to_slide_when_active of McConfigPlayer.widgets>, priority=0, kwargs={'slide_name': 'prelaunch_slide', 'widget': 'skillshot_up_selected_player_1_widget', 's': {'slide': 'prelaunch_slide', 'key': 'skill_shot-skillshot_up_selected_player_1_widget', 'target': None}, 'play_kwargs': {}}, key=UUID('f803db9e-cc6d-4848-bb74-6f94eb07a40b'), condition=None, blocking_facility=None), RegisteredHandler(callback=<bound method McWidgetPlayer._add_widget_to_slide_when_active of McConfigPlayer.widgets>, priority=0, kwargs={'slide_name': 'prelaunch_slide', 'widget': 'skillshot_up_player_2_widget', 's': {'slide': 'prelaunch_slide', 'key': 'skill_shot-skillshot_up_player_2_widget', 'target': None}, 'play_kwargs': {}}, key=UUID('92f13719-1d88-4d9c-99bf-80c800bf6aeb'), condition=None, blocking_facility=None), RegisteredHandler(callback=<bound method McWidgetPlayer._add_widget_to_slide_when_active of McConfigPlayer.widgets>, priority=0, kwargs={'slide_name': 'prelaunch_slide', 'widget': 'skillshot_up_player_3_widget', 's': {'slide': 'prelaunch_slide', 'key': 'skill_shot-skillshot_up_player_3_widget', 'target': None}, 'play_kwargs': {}}, key=UUID('d7d3b4b6-e720-40d0-8da2-701c22107eaa'), condition=None, blocking_facility=None), RegisteredHandler(callback=<bound method McWidgetPlayer._add_widget_to_slide_when_active of McConfigPlayer.widgets>, priority=0, kwargs={'slide_name': 'prelaunch_slide', 'widget': 'skillshot_up_player_4_widget', 's': {'slide': 'prelaunch_slide', 'key': 'skill_shot-skillshot_up_player_4_widget', 'target': None}, 'play_kwargs': {}}, key=UUID('9b64e629-9e66-4842-a462-fd4809da0039'), condition=None, blocking_facility=None), RegisteredHandler(callback=<bound method McWidgetPlayer._add_widget_to_slide_when_active of McConfigPlayer.widgets>, priority=0, kwargs={'slide_name': 'prelaunch_slide', 'widget': 'skill_shot_select_widget_4', 's': {'slide': 'prelaunch_slide', 'key': 'skill_shot-skill_shot_select_widget_4', 'target': None}, 'play_kwargs': {'restore': False, 'state': 'enabled', 'selected': True}}, key=UUID('bf3f856e-1a19-43f5-9a76-424403fe6e37'), condition=None, blocking_facility=None), RegisteredHandler(callback=<bound method McWidgetPlayer._add_widget_to_slide_when_active of McConfigPlayer.widgets>, priority=0, kwargs={'slide_name': 'prelaunch_slide', 'widget': 'skill_shot_select_widget_3', 's': {'slide': 'prelaunch_slide', 'key': 'skill_shot-skill_shot_select_widget_3', 'target': None}, 'play_kwargs': {'restore': False, 'state': 'enabled', 'selected': True}}, key=UUID('6a010e8e-dfc8-451d-ac6a-811ca6c420e8'), condition=None, blocking_facility=None)]. The order of those handlers is not defined and they will be executed in random order. This might lead to race conditions and potential bugs.
2024-09-05 18:47:23,175 : EventManager : Unordered handler for class McConfigPlayer.widgets on event slide_prelaunch_slide_created with priority 0. Handlers: [RegisteredHandler(callback=<bound method McWidgetPlayer._add_widget_to_slide_when_active of McConfigPlayer.widgets>, priority=0, kwargs={'slide_name': 'prelaunch_slide', 'widget': 'skillshot_up_selected_player_1_widget', 's': {'slide': 'prelaunch_slide', 'key': 'skill_shot-skillshot_up_selected_player_1_widget', 'target': None}, 'play_kwargs': {}}, key=UUID('f803db9e-cc6d-4848-bb74-6f94eb07a40b'), condition=None, blocking_facility=None), RegisteredHandler(callback=<bound method McWidgetPlayer._add_widget_to_slide_when_active of McConfigPlayer.widgets>, priority=0, kwargs={'slide_name': 'prelaunch_slide', 'widget': 'skillshot_up_player_2_widget', 's': {'slide': 'prelaunch_slide', 'key': 'skill_shot-skillshot_up_player_2_widget', 'target': None}, 'play_kwargs': {}}, key=UUID('92f13719-1d88-4d9c-99bf-80c800bf6aeb'), condition=None, blocking_facility=None), RegisteredHandler(callback=<bound method McWidgetPlayer._add_widget_to_slide_when_active of McConfigPlayer.widgets>, priority=0, kwargs={'slide_name': 'prelaunch_slide', 'widget': 'skillshot_up_player_3_widget', 's': {'slide': 'prelaunch_slide', 'key': 'skill_shot-skillshot_up_player_3_widget', 'target': None}, 'play_kwargs': {}}, key=UUID('d7d3b4b6-e720-40d0-8da2-701c22107eaa'), condition=None, blocking_facility=None), RegisteredHandler(callback=<bound method McWidgetPlayer._add_widget_to_slide_when_active of McConfigPlayer.widgets>, priority=0, kwargs={'slide_name': 'prelaunch_slide', 'widget': 'skillshot_up_player_4_widget', 's': {'slide': 'prelaunch_slide', 'key': 'skill_shot-skillshot_up_player_4_widget', 'target': None}, 'play_kwargs': {}}, key=UUID('9b64e629-9e66-4842-a462-fd4809da0039'), condition=None, blocking_facility=None), RegisteredHandler(callback=<bound method McWidgetPlayer._add_widget_to_slide_when_active of McConfigPlayer.widgets>, priority=0, kwargs={'slide_name': 'prelaunch_slide', 'widget': 'skill_shot_select_widget_4', 's': {'slide': 'prelaunch_slide', 'key': 'skill_shot-skill_shot_select_widget_4', 'target': None}, 'play_kwargs': {'restore': False, 'state': 'enabled', 'selected': True}}, key=UUID('bf3f856e-1a19-43f5-9a76-424403fe6e37'), condition=None, blocking_facility=None), RegisteredHandler(callback=<bound method McWidgetPlayer._add_widget_to_slide_when_active of McConfigPlayer.widgets>, priority=0, kwargs={'slide_name': 'prelaunch_slide', 'widget': 'skill_shot_select_widget_3', 's': {'slide': 'prelaunch_slide', 'key': 'skill_shot-skill_shot_select_widget_3', 'target': None}, 'play_kwargs': {'restore': False, 'state': 'enabled', 'selected': True}}, key=UUID('6a010e8e-dfc8-451d-ac6a-811ca6c420e8'), condition=None, blocking_facility=None)]. The order of those handlers is not defined and they will be executed in random order. This might lead to race conditions and potential bugs.
2024-09-05 18:47:23,357 : EventManager : Event: ======'machine_var_audits_switches_s_right_flipper'====== Args={'value': 4252, 'prev_value': 4251, 'change': 1}
2024-09-05 18:47:23,357 : EventManager : Event: ======'player_shot_lane_A'====== Args={'value': 0, 'prev_value': 1, 'change': -1, 'player_num': 1}
2024-09-05 18:47:23,357 : EventManager : Event: ======'player_shot_lane_B'====== Args={'value': 1, 'prev_value': 0, 'change': 1, 'player_num': 1}
2024-09-05 18:47:23,375 : EventManager : Event: ======'widgets_play'====== Args={'settings': {'skill_shot_select_widget_2': {'slide': 'prelaunch_slide', 'action': 'add', 'priority': 0, 'key': None, 'target': None}, 'skill_shot_select_widget_1': {'action': 'remove', 'priority': 0, 'slide': None, 'key': None, 'target': None}, 'skill_shot_select_widget_3': {'action': 'remove', 'priority': 0, 'slide': None, 'key': None, 'target': None}, 'skill_shot_select_widget_4': {'action': 'remove', 'priority': 0, 'slide': None, 'key': None, 'target': None}, 'skill_shot_select_widget_5': {'action': 'remove', 'priority': 0, 'slide': None, 'key': None, 'target': None}}, 'context': 'skill_shot', 'calling_context': 'skillshot_2_selected', 'priority': 150, 'restore': False, 'state': 'enabled', 'selected': True}
2024-09-05 18:47:23,376 : EventManager : Unordered handler for class McConfigPlayer.widgets on event slide_prelaunch_slide_created with priority 0. Handlers: [RegisteredHandler(callback=<bound method McWidgetPlayer._add_widget_to_slide_when_active of McConfigPlayer.widgets>, priority=0, kwargs={'slide_name': 'prelaunch_slide', 'widget': 'skillshot_up_selected_player_1_widget', 's': {'slide': 'prelaunch_slide', 'key': 'skill_shot-skillshot_up_selected_player_1_widget', 'target': None}, 'play_kwargs': {}}, key=UUID('f803db9e-cc6d-4848-bb74-6f94eb07a40b'), condition=None, blocking_facility=None), RegisteredHandler(callback=<bound method McWidgetPlayer._add_widget_to_slide_when_active of McConfigPlayer.widgets>, priority=0, kwargs={'slide_name': 'prelaunch_slide', 'widget': 'skillshot_up_player_2_widget', 's': {'slide': 'prelaunch_slide', 'key': 'skill_shot-skillshot_up_player_2_widget', 'target': None}, 'play_kwargs': {}}, key=UUID('92f13719-1d88-4d9c-99bf-80c800bf6aeb'), condition=None, blocking_facility=None), RegisteredHandler(callback=<bound method McWidgetPlayer._add_widget_to_slide_when_active of McConfigPlayer.widgets>, priority=0, kwargs={'slide_name': 'prelaunch_slide', 'widget': 'skillshot_up_player_3_widget', 's': {'slide': 'prelaunch_slide', 'key': 'skill_shot-skillshot_up_player_3_widget', 'target': None}, 'play_kwargs': {}}, key=UUID('d7d3b4b6-e720-40d0-8da2-701c22107eaa'), condition=None, blocking_facility=None), RegisteredHandler(callback=<bound method McWidgetPlayer._add_widget_to_slide_when_active of McConfigPlayer.widgets>, priority=0, kwargs={'slide_name': 'prelaunch_slide', 'widget': 'skillshot_up_player_4_widget', 's': {'slide': 'prelaunch_slide', 'key': 'skill_shot-skillshot_up_player_4_widget', 'target': None}, 'play_kwargs': {}}, key=UUID('9b64e629-9e66-4842-a462-fd4809da0039'), condition=None, blocking_facility=None), RegisteredHandler(callback=<bound method McWidgetPlayer._add_widget_to_slide_when_active of McConfigPlayer.widgets>, priority=0, kwargs={'slide_name': 'prelaunch_slide', 'widget': 'skill_shot_select_widget_3', 's': {'slide': 'prelaunch_slide', 'key': 'skill_shot-skill_shot_select_widget_3', 'target': None}, 'play_kwargs': {'restore': False, 'state': 'enabled', 'selected': True}}, key=UUID('6a010e8e-dfc8-451d-ac6a-811ca6c420e8'), condition=None, blocking_facility=None), RegisteredHandler(callback=<bound method McWidgetPlayer._add_widget_to_slide_when_active of McConfigPlayer.widgets>, priority=0, kwargs={'slide_name': 'prelaunch_slide', 'widget': 'skill_shot_select_widget_2', 's': {'slide': 'prelaunch_slide', 'key': 'skill_shot-skill_shot_select_widget_2', 'target': None}, 'play_kwargs': {'restore': False, 'state': 'enabled', 'selected': True}}, key=UUID('c773d7aa-8dbe-4861-99db-45b75944fb14'), condition=None, blocking_facility=None)]. The order of those handlers is not defined and they will be executed in random order. This might lead to race conditions and potential bugs.
2024-09-05 18:47:23,376 : EventManager : Unordered handler for class McConfigPlayer.widgets on event slide_prelaunch_slide_created with priority 0. Handlers: [RegisteredHandler(callback=<bound method McWidgetPlayer._add_widget_to_slide_when_active of McConfigPlayer.widgets>, priority=0, kwargs={'slide_name': 'prelaunch_slide', 'widget': 'skillshot_up_selected_player_1_widget', 's': {'slide': 'prelaunch_slide', 'key': 'skill_shot-skillshot_up_selected_player_1_widget', 'target': None}, 'play_kwargs': {}}, key=UUID('f803db9e-cc6d-4848-bb74-6f94eb07a40b'), condition=None, blocking_facility=None), RegisteredHandler(callback=<bound method McWidgetPlayer._add_widget_to_slide_when_active of McConfigPlayer.widgets>, priority=0, kwargs={'slide_name': 'prelaunch_slide', 'widget': 'skillshot_up_player_2_widget', 's': {'slide': 'prelaunch_slide', 'key': 'skill_shot-skillshot_up_player_2_widget', 'target': None}, 'play_kwargs': {}}, key=UUID('92f13719-1d88-4d9c-99bf-80c800bf6aeb'), condition=None, blocking_facility=None), RegisteredHandler(callback=<bound method McWidgetPlayer._add_widget_to_slide_when_active of McConfigPlayer.widgets>, priority=0, kwargs={'slide_name': 'prelaunch_slide', 'widget': 'skillshot_up_player_3_widget', 's': {'slide': 'prelaunch_slide', 'key': 'skill_shot-skillshot_up_player_3_widget', 'target': None}, 'play_kwargs': {}}, key=UUID('d7d3b4b6-e720-40d0-8da2-701c22107eaa'), condition=None, blocking_facility=None), RegisteredHandler(callback=<bound method McWidgetPlayer._add_widget_to_slide_when_active of McConfigPlayer.widgets>, priority=0, kwargs={'slide_name': 'prelaunch_slide', 'widget': 'skillshot_up_player_4_widget', 's': {'slide': 'prelaunch_slide', 'key': 'skill_shot-skillshot_up_player_4_widget', 'target': None}, 'play_kwargs': {}}, key=UUID('9b64e629-9e66-4842-a462-fd4809da0039'), condition=None, blocking_facility=None), RegisteredHandler(callback=<bound method McWidgetPlayer._add_widget_to_slide_when_active of McConfigPlayer.widgets>, priority=0, kwargs={'slide_name': 'prelaunch_slide', 'widget': 'skill_shot_select_widget_3', 's': {'slide': 'prelaunch_slide', 'key': 'skill_shot-skill_shot_select_widget_3', 'target': None}, 'play_kwargs': {'restore': False, 'state': 'enabled', 'selected': True}}, key=UUID('6a010e8e-dfc8-451d-ac6a-811ca6c420e8'), condition=None, blocking_facility=None), RegisteredHandler(callback=<bound method McWidgetPlayer._add_widget_to_slide_when_active of McConfigPlayer.widgets>, priority=0, kwargs={'slide_name': 'prelaunch_slide', 'widget': 'skill_shot_select_widget_2', 's': {'slide': 'prelaunch_slide', 'key': 'skill_shot-skill_shot_select_widget_2', 'target': None}, 'play_kwargs': {'restore': False, 'state': 'enabled', 'selected': True}}, key=UUID('c773d7aa-8dbe-4861-99db-45b75944fb14'), condition=None, blocking_facility=None)]. The order of those handlers is not defined and they will be executed in random order. This might lead to race conditions and potential bugs.
2024-09-05 18:47:23,376 : EventManager : Unordered handler for class McConfigPlayer.widgets on event slide_prelaunch_slide_created with priority 0. Handlers: [RegisteredHandler(callback=<bound method McWidgetPlayer._add_widget_to_slide_when_active of McConfigPlayer.widgets>, priority=0, kwargs={'slide_name': 'prelaunch_slide', 'widget': 'skillshot_up_selected_player_1_widget', 's': {'slide': 'prelaunch_slide', 'key': 'skill_shot-skillshot_up_selected_player_1_widget', 'target': None}, 'play_kwargs': {}}, key=UUID('f803db9e-cc6d-4848-bb74-6f94eb07a40b'), condition=None, blocking_facility=None), RegisteredHandler(callback=<bound method McWidgetPlayer._add_widget_to_slide_when_active of McConfigPlayer.widgets>, priority=0, kwargs={'slide_name': 'prelaunch_slide', 'widget': 'skillshot_up_player_2_widget', 's': {'slide': 'prelaunch_slide', 'key': 'skill_shot-skillshot_up_player_2_widget', 'target': None}, 'play_kwargs': {}}, key=UUID('92f13719-1d88-4d9c-99bf-80c800bf6aeb'), condition=None, blocking_facility=None), RegisteredHandler(callback=<bound method McWidgetPlayer._add_widget_to_slide_when_active of McConfigPlayer.widgets>, priority=0, kwargs={'slide_name': 'prelaunch_slide', 'widget': 'skillshot_up_player_3_widget', 's': {'slide': 'prelaunch_slide', 'key': 'skill_shot-skillshot_up_player_3_widget', 'target': None}, 'play_kwargs': {}}, key=UUID('d7d3b4b6-e720-40d0-8da2-701c22107eaa'), condition=None, blocking_facility=None), RegisteredHandler(callback=<bound method McWidgetPlayer._add_widget_to_slide_when_active of McConfigPlayer.widgets>, priority=0, kwargs={'slide_name': 'prelaunch_slide', 'widget': 'skillshot_up_player_4_widget', 's': {'slide': 'prelaunch_slide', 'key': 'skill_shot-skillshot_up_player_4_widget', 'target': None}, 'play_kwargs': {}}, key=UUID('9b64e629-9e66-4842-a462-fd4809da0039'), condition=None, blocking_facility=None), RegisteredHandler(callback=<bound method McWidgetPlayer._add_widget_to_slide_when_active of McConfigPlayer.widgets>, priority=0, kwargs={'slide_name': 'prelaunch_slide', 'widget': 'skill_shot_select_widget_3', 's': {'slide': 'prelaunch_slide', 'key': 'skill_shot-skill_shot_select_widget_3', 'target': None}, 'play_kwargs': {'restore': False, 'state': 'enabled', 'selected': True}}, key=UUID('6a010e8e-dfc8-451d-ac6a-811ca6c420e8'), condition=None, blocking_facility=None), RegisteredHandler(callback=<bound method McWidgetPlayer._add_widget_to_slide_when_active of McConfigPlayer.widgets>, priority=0, kwargs={'slide_name': 'prelaunch_slide', 'widget': 'skill_shot_select_widget_2', 's': {'slide': 'prelaunch_slide', 'key': 'skill_shot-skill_shot_select_widget_2', 'target': None}, 'play_kwargs': {'restore': False, 'state': 'enabled', 'selected': True}}, key=UUID('c773d7aa-8dbe-4861-99db-45b75944fb14'), condition=None, blocking_facility=None)]. The order of those handlers is not defined and they will be executed in random order. This might lead to race conditions and potential bugs.
2024-09-05 18:47:23,376 : EventManager : Unordered handler for class McConfigPlayer.widgets on event slide_prelaunch_slide_created with priority 0. Handlers: [RegisteredHandler(callback=<bound method McWidgetPlayer._add_widget_to_slide_when_active of McConfigPlayer.widgets>, priority=0, kwargs={'slide_name': 'prelaunch_slide', 'widget': 'skillshot_up_selected_player_1_widget', 's': {'slide': 'prelaunch_slide', 'key': 'skill_shot-skillshot_up_selected_player_1_widget', 'target': None}, 'play_kwargs': {}}, key=UUID('f803db9e-cc6d-4848-bb74-6f94eb07a40b'), condition=None, blocking_facility=None), RegisteredHandler(callback=<bound method McWidgetPlayer._add_widget_to_slide_when_active of McConfigPlayer.widgets>, priority=0, kwargs={'slide_name': 'prelaunch_slide', 'widget': 'skillshot_up_player_2_widget', 's': {'slide': 'prelaunch_slide', 'key': 'skill_shot-skillshot_up_player_2_widget', 'target': None}, 'play_kwargs': {}}, key=UUID('92f13719-1d88-4d9c-99bf-80c800bf6aeb'), condition=None, blocking_facility=None), RegisteredHandler(callback=<bound method McWidgetPlayer._add_widget_to_slide_when_active of McConfigPlayer.widgets>, priority=0, kwargs={'slide_name': 'prelaunch_slide', 'widget': 'skillshot_up_player_3_widget', 's': {'slide': 'prelaunch_slide', 'key': 'skill_shot-skillshot_up_player_3_widget', 'target': None}, 'play_kwargs': {}}, key=UUID('d7d3b4b6-e720-40d0-8da2-701c22107eaa'), condition=None, blocking_facility=None), RegisteredHandler(callback=<bound method McWidgetPlayer._add_widget_to_slide_when_active of McConfigPlayer.widgets>, priority=0, kwargs={'slide_name': 'prelaunch_slide', 'widget': 'skillshot_up_player_4_widget', 's': {'slide': 'prelaunch_slide', 'key': 'skill_shot-skillshot_up_player_4_widget', 'target': None}, 'play_kwargs': {}}, key=UUID('9b64e629-9e66-4842-a462-fd4809da0039'), condition=None, blocking_facility=None), RegisteredHandler(callback=<bound method McWidgetPlayer._add_widget_to_slide_when_active of McConfigPlayer.widgets>, priority=0, kwargs={'slide_name': 'prelaunch_slide', 'widget': 'skill_shot_select_widget_3', 's': {'slide': 'prelaunch_slide', 'key': 'skill_shot-skill_shot_select_widget_3', 'target': None}, 'play_kwargs': {'restore': False, 'state': 'enabled', 'selected': True}}, key=UUID('6a010e8e-dfc8-451d-ac6a-811ca6c420e8'), condition=None, blocking_facility=None), RegisteredHandler(callback=<bound method McWidgetPlayer._add_widget_to_slide_when_active of McConfigPlayer.widgets>, priority=0, kwargs={'slide_name': 'prelaunch_slide', 'widget': 'skill_shot_select_widget_2', 's': {'slide': 'prelaunch_slide', 'key': 'skill_shot-skill_shot_select_widget_2', 'target': None}, 'play_kwargs': {'restore': False, 'state': 'enabled', 'selected': True}}, key=UUID('c773d7aa-8dbe-4861-99db-45b75944fb14'), condition=None, blocking_facility=None)]. The order of those handlers is not defined and they will be executed in random order. This might lead to race conditions and potential bugs.
2024-09-05 18:47:23,376 : EventManager : Unordered handler for class McConfigPlayer.widgets on event slide_prelaunch_slide_created with priority 0. Handlers: [RegisteredHandler(callback=<bound method McWidgetPlayer._add_widget_to_slide_when_active of McConfigPlayer.widgets>, priority=0, kwargs={'slide_name': 'prelaunch_slide', 'widget': 'skillshot_up_selected_player_1_widget', 's': {'slide': 'prelaunch_slide', 'key': 'skill_shot-skillshot_up_selected_player_1_widget', 'target': None}, 'play_kwargs': {}}, key=UUID('f803db9e-cc6d-4848-bb74-6f94eb07a40b'), condition=None, blocking_facility=None), RegisteredHandler(callback=<bound method McWidgetPlayer._add_widget_to_slide_when_active of McConfigPlayer.widgets>, priority=0, kwargs={'slide_name': 'prelaunch_slide', 'widget': 'skillshot_up_player_2_widget', 's': {'slide': 'prelaunch_slide', 'key': 'skill_shot-skillshot_up_player_2_widget', 'target': None}, 'play_kwargs': {}}, key=UUID('92f13719-1d88-4d9c-99bf-80c800bf6aeb'), condition=None, blocking_facility=None), RegisteredHandler(callback=<bound method McWidgetPlayer._add_widget_to_slide_when_active of McConfigPlayer.widgets>, priority=0, kwargs={'slide_name': 'prelaunch_slide', 'widget': 'skillshot_up_player_3_widget', 's': {'slide': 'prelaunch_slide', 'key': 'skill_shot-skillshot_up_player_3_widget', 'target': None}, 'play_kwargs': {}}, key=UUID('d7d3b4b6-e720-40d0-8da2-701c22107eaa'), condition=None, blocking_facility=None), RegisteredHandler(callback=<bound method McWidgetPlayer._add_widget_to_slide_when_active of McConfigPlayer.widgets>, priority=0, kwargs={'slide_name': 'prelaunch_slide', 'widget': 'skillshot_up_player_4_widget', 's': {'slide': 'prelaunch_slide', 'key': 'skill_shot-skillshot_up_player_4_widget', 'target': None}, 'play_kwargs': {}}, key=UUID('9b64e629-9e66-4842-a462-fd4809da0039'), condition=None, blocking_facility=None), RegisteredHandler(callback=<bound method McWidgetPlayer._add_widget_to_slide_when_active of McConfigPlayer.widgets>, priority=0, kwargs={'slide_name': 'prelaunch_slide', 'widget': 'skill_shot_select_widget_3', 's': {'slide': 'prelaunch_slide', 'key': 'skill_shot-skill_shot_select_widget_3', 'target': None}, 'play_kwargs': {'restore': False, 'state': 'enabled', 'selected': True}}, key=UUID('6a010e8e-dfc8-451d-ac6a-811ca6c420e8'), condition=None, blocking_facility=None), RegisteredHandler(callback=<bound method McWidgetPlayer._add_widget_to_slide_when_active of McConfigPlayer.widgets>, priority=0, kwargs={'slide_name': 'prelaunch_slide', 'widget': 'skill_shot_select_widget_2', 's': {'slide': 'prelaunch_slide', 'key': 'skill_shot-skill_shot_select_widget_2', 'target': None}, 'play_kwargs': {'restore': False, 'state': 'enabled', 'selected': True}}, key=UUID('c773d7aa-8dbe-4861-99db-45b75944fb14'), condition=None, blocking_facility=None)]. The order of those handlers is not defined and they will be executed in random order. This might lead to race conditions and potential bugs.
2024-09-05 18:47:23,558 : EventManager : Event: ======'machine_var_audits_switches_s_right_flipper'====== Args={'value': 4253, 'prev_value': 4252, 'change': 1}
2024-09-05 18:47:23,558 : EventManager : Event: ======'player_shot_lane_B'====== Args={'value': 0, 'prev_value': 1, 'change': -1, 'player_num': 1}
2024-09-05 18:47:23,558 : EventManager : Event: ======'player_shot_lane_C'====== Args={'value': 1, 'prev_value': 0, 'change': 1, 'player_num': 1}
2024-09-05 18:47:23,558 : EventManager : Event: ======'widgets_play'====== Args={'settings': {'skill_shot_select_widget_1': {'slide': 'prelaunch_slide', 'action': 'add', 'priority': 0, 'key': None, 'target': None}, 'skill_shot_select_widget_2': {'action': 'remove', 'priority': 0, 'slide': None, 'key': None, 'target': None}, 'skill_shot_select_widget_3': {'action': 'remove', 'priority': 0, 'slide': None, 'key': None, 'target': None}, 'skill_shot_select_widget_4': {'action': 'remove', 'priority': 0, 'slide': None, 'key': None, 'target': None}, 'skill_shot_select_widget_5': {'action': 'remove', 'priority': 0, 'slide': None, 'key': None, 'target': None}}, 'context': 'skill_shot', 'calling_context': 'skillshot_1_selected', 'priority': 150, 'restore': False, 'state': 'enabled', 'selected': True}
2024-09-05 18:47:23,558 : EventManager : Unordered handler for class McConfigPlayer.widgets on event slide_prelaunch_slide_created with priority 0. Handlers: [RegisteredHandler(callback=<bound method McWidgetPlayer._add_widget_to_slide_when_active of McConfigPlayer.widgets>, priority=0, kwargs={'slide_name': 'prelaunch_slide', 'widget': 'skillshot_up_selected_player_1_widget', 's': {'slide': 'prelaunch_slide', 'key': 'skill_shot-skillshot_up_selected_player_1_widget', 'target': None}, 'play_kwargs': {}}, key=UUID('f803db9e-cc6d-4848-bb74-6f94eb07a40b'), condition=None, blocking_facility=None), RegisteredHandler(callback=<bound method McWidgetPlayer._add_widget_to_slide_when_active of McConfigPlayer.widgets>, priority=0, kwargs={'slide_name': 'prelaunch_slide', 'widget': 'skillshot_up_player_2_widget', 's': {'slide': 'prelaunch_slide', 'key': 'skill_shot-skillshot_up_player_2_widget', 'target': None}, 'play_kwargs': {}}, key=UUID('92f13719-1d88-4d9c-99bf-80c800bf6aeb'), condition=None, blocking_facility=None), RegisteredHandler(callback=<bound method McWidgetPlayer._add_widget_to_slide_when_active of McConfigPlayer.widgets>, priority=0, kwargs={'slide_name': 'prelaunch_slide', 'widget': 'skillshot_up_player_3_widget', 's': {'slide': 'prelaunch_slide', 'key': 'skill_shot-skillshot_up_player_3_widget', 'target': None}, 'play_kwargs': {}}, key=UUID('d7d3b4b6-e720-40d0-8da2-701c22107eaa'), condition=None, blocking_facility=None), RegisteredHandler(callback=<bound method McWidgetPlayer._add_widget_to_slide_when_active of McConfigPlayer.widgets>, priority=0, kwargs={'slide_name': 'prelaunch_slide', 'widget': 'skillshot_up_player_4_widget', 's': {'slide': 'prelaunch_slide', 'key': 'skill_shot-skillshot_up_player_4_widget', 'target': None}, 'play_kwargs': {}}, key=UUID('9b64e629-9e66-4842-a462-fd4809da0039'), condition=None, blocking_facility=None), RegisteredHandler(callback=<bound method McWidgetPlayer._add_widget_to_slide_when_active of McConfigPlayer.widgets>, priority=0, kwargs={'slide_name': 'prelaunch_slide', 'widget': 'skill_shot_select_widget_2', 's': {'slide': 'prelaunch_slide', 'key': 'skill_shot-skill_shot_select_widget_2', 'target': None}, 'play_kwargs': {'restore': False, 'state': 'enabled', 'selected': True}}, key=UUID('c773d7aa-8dbe-4861-99db-45b75944fb14'), condition=None, blocking_facility=None), RegisteredHandler(callback=<bound method McWidgetPlayer._add_widget_to_slide_when_active of McConfigPlayer.widgets>, priority=0, kwargs={'slide_name': 'prelaunch_slide', 'widget': 'skill_shot_select_widget_1', 's': {'slide': 'prelaunch_slide', 'key': 'skill_shot-skill_shot_select_widget_1', 'target': None}, 'play_kwargs': {'restore': False, 'state': 'enabled', 'selected': True}}, key=UUID('a8f2b596-5c8f-426e-addc-2079ee9ec3ac'), condition=None, blocking_facility=None)]. The order of those handlers is not defined and they will be executed in random order. This might lead to race conditions and potential bugs.
2024-09-05 18:47:23,559 : EventManager : Unordered handler for class McConfigPlayer.widgets on event slide_prelaunch_slide_created with priority 0. Handlers: [RegisteredHandler(callback=<bound method McWidgetPlayer._add_widget_to_slide_when_active of McConfigPlayer.widgets>, priority=0, kwargs={'slide_name': 'prelaunch_slide', 'widget': 'skillshot_up_selected_player_1_widget', 's': {'slide': 'prelaunch_slide', 'key': 'skill_shot-skillshot_up_selected_player_1_widget', 'target': None}, 'play_kwargs': {}}, key=UUID('f803db9e-cc6d-4848-bb74-6f94eb07a40b'), condition=None, blocking_facility=None), RegisteredHandler(callback=<bound method McWidgetPlayer._add_widget_to_slide_when_active of McConfigPlayer.widgets>, priority=0, kwargs={'slide_name': 'prelaunch_slide', 'widget': 'skillshot_up_player_2_widget', 's': {'slide': 'prelaunch_slide', 'key': 'skill_shot-skillshot_up_player_2_widget', 'target': None}, 'play_kwargs': {}}, key=UUID('92f13719-1d88-4d9c-99bf-80c800bf6aeb'), condition=None, blocking_facility=None), RegisteredHandler(callback=<bound method McWidgetPlayer._add_widget_to_slide_when_active of McConfigPlayer.widgets>, priority=0, kwargs={'slide_name': 'prelaunch_slide', 'widget': 'skillshot_up_player_3_widget', 's': {'slide': 'prelaunch_slide', 'key': 'skill_shot-skillshot_up_player_3_widget', 'target': None}, 'play_kwargs': {}}, key=UUID('d7d3b4b6-e720-40d0-8da2-701c22107eaa'), condition=None, blocking_facility=None), RegisteredHandler(callback=<bound method McWidgetPlayer._add_widget_to_slide_when_active of McConfigPlayer.widgets>, priority=0, kwargs={'slide_name': 'prelaunch_slide', 'widget': 'skillshot_up_player_4_widget', 's': {'slide': 'prelaunch_slide', 'key': 'skill_shot-skillshot_up_player_4_widget', 'target': None}, 'play_kwargs': {}}, key=UUID('9b64e629-9e66-4842-a462-fd4809da0039'), condition=None, blocking_facility=None), RegisteredHandler(callback=<bound method McWidgetPlayer._add_widget_to_slide_when_active of McConfigPlayer.widgets>, priority=0, kwargs={'slide_name': 'prelaunch_slide', 'widget': 'skill_shot_select_widget_2', 's': {'slide': 'prelaunch_slide', 'key': 'skill_shot-skill_shot_select_widget_2', 'target': None}, 'play_kwargs': {'restore': False, 'state': 'enabled', 'selected': True}}, key=UUID('c773d7aa-8dbe-4861-99db-45b75944fb14'), condition=None, blocking_facility=None), RegisteredHandler(callback=<bound method McWidgetPlayer._add_widget_to_slide_when_active of McConfigPlayer.widgets>, priority=0, kwargs={'slide_name': 'prelaunch_slide', 'widget': 'skill_shot_select_widget_1', 's': {'slide': 'prelaunch_slide', 'key': 'skill_shot-skill_shot_select_widget_1', 'target': None}, 'play_kwargs': {'restore': False, 'state': 'enabled', 'selected': True}}, key=UUID('a8f2b596-5c8f-426e-addc-2079ee9ec3ac'), condition=None, blocking_facility=None)]. The order of those handlers is not defined and they will be executed in random order. This might lead to race conditions and potential bugs.
2024-09-05 18:47:23,559 : EventManager : Unordered handler for class McConfigPlayer.widgets on event slide_prelaunch_slide_created with priority 0. Handlers: [RegisteredHandler(callback=<bound method McWidgetPlayer._add_widget_to_slide_when_active of McConfigPlayer.widgets>, priority=0, kwargs={'slide_name': 'prelaunch_slide', 'widget': 'skillshot_up_selected_player_1_widget', 's': {'slide': 'prelaunch_slide', 'key': 'skill_shot-skillshot_up_selected_player_1_widget', 'target': None}, 'play_kwargs': {}}, key=UUID('f803db9e-cc6d-4848-bb74-6f94eb07a40b'), condition=None, blocking_facility=None), RegisteredHandler(callback=<bound method McWidgetPlayer._add_widget_to_slide_when_active of McConfigPlayer.widgets>, priority=0, kwargs={'slide_name': 'prelaunch_slide', 'widget': 'skillshot_up_player_2_widget', 's': {'slide': 'prelaunch_slide', 'key': 'skill_shot-skillshot_up_player_2_widget', 'target': None}, 'play_kwargs': {}}, key=UUID('92f13719-1d88-4d9c-99bf-80c800bf6aeb'), condition=None, blocking_facility=None), RegisteredHandler(callback=<bound method McWidgetPlayer._add_widget_to_slide_when_active of McConfigPlayer.widgets>, priority=0, kwargs={'slide_name': 'prelaunch_slide', 'widget': 'skillshot_up_player_3_widget', 's': {'slide': 'prelaunch_slide', 'key': 'skill_shot-skillshot_up_player_3_widget', 'target': None}, 'play_kwargs': {}}, key=UUID('d7d3b4b6-e720-40d0-8da2-701c22107eaa'), condition=None, blocking_facility=None), RegisteredHandler(callback=<bound method McWidgetPlayer._add_widget_to_slide_when_active of McConfigPlayer.widgets>, priority=0, kwargs={'slide_name': 'prelaunch_slide', 'widget': 'skillshot_up_player_4_widget', 's': {'slide': 'prelaunch_slide', 'key': 'skill_shot-skillshot_up_player_4_widget', 'target': None}, 'play_kwargs': {}}, key=UUID('9b64e629-9e66-4842-a462-fd4809da0039'), condition=None, blocking_facility=None), RegisteredHandler(callback=<bound method McWidgetPlayer._add_widget_to_slide_when_active of McConfigPlayer.widgets>, priority=0, kwargs={'slide_name': 'prelaunch_slide', 'widget': 'skill_shot_select_widget_2', 's': {'slide': 'prelaunch_slide', 'key': 'skill_shot-skill_shot_select_widget_2', 'target': None}, 'play_kwargs': {'restore': False, 'state': 'enabled', 'selected': True}}, key=UUID('c773d7aa-8dbe-4861-99db-45b75944fb14'), condition=None, blocking_facility=None), RegisteredHandler(callback=<bound method McWidgetPlayer._add_widget_to_slide_when_active of McConfigPlayer.widgets>, priority=0, kwargs={'slide_name': 'prelaunch_slide', 'widget': 'skill_shot_select_widget_1', 's': {'slide': 'prelaunch_slide', 'key': 'skill_shot-skill_shot_select_widget_1', 'target': None}, 'play_kwargs': {'restore': False, 'state': 'enabled', 'selected': True}}, key=UUID('a8f2b596-5c8f-426e-addc-2079ee9ec3ac'), condition=None, blocking_facility=None)]. The order of those handlers is not defined and they will be executed in random order. This might lead to race conditions and potential bugs.
2024-09-05 18:47:23,559 : EventManager : Unordered handler for class McConfigPlayer.widgets on event slide_prelaunch_slide_created with priority 0. Handlers: [RegisteredHandler(callback=<bound method McWidgetPlayer._add_widget_to_slide_when_active of McConfigPlayer.widgets>, priority=0, kwargs={'slide_name': 'prelaunch_slide', 'widget': 'skillshot_up_selected_player_1_widget', 's': {'slide': 'prelaunch_slide', 'key': 'skill_shot-skillshot_up_selected_player_1_widget', 'target': None}, 'play_kwargs': {}}, key=UUID('f803db9e-cc6d-4848-bb74-6f94eb07a40b'), condition=None, blocking_facility=None), RegisteredHandler(callback=<bound method McWidgetPlayer._add_widget_to_slide_when_active of McConfigPlayer.widgets>, priority=0, kwargs={'slide_name': 'prelaunch_slide', 'widget': 'skillshot_up_player_2_widget', 's': {'slide': 'prelaunch_slide', 'key': 'skill_shot-skillshot_up_player_2_widget', 'target': None}, 'play_kwargs': {}}, key=UUID('92f13719-1d88-4d9c-99bf-80c800bf6aeb'), condition=None, blocking_facility=None), RegisteredHandler(callback=<bound method McWidgetPlayer._add_widget_to_slide_when_active of McConfigPlayer.widgets>, priority=0, kwargs={'slide_name': 'prelaunch_slide', 'widget': 'skillshot_up_player_3_widget', 's': {'slide': 'prelaunch_slide', 'key': 'skill_shot-skillshot_up_player_3_widget', 'target': None}, 'play_kwargs': {}}, key=UUID('d7d3b4b6-e720-40d0-8da2-701c22107eaa'), condition=None, blocking_facility=None), RegisteredHandler(callback=<bound method McWidgetPlayer._add_widget_to_slide_when_active of McConfigPlayer.widgets>, priority=0, kwargs={'slide_name': 'prelaunch_slide', 'widget': 'skillshot_up_player_4_widget', 's': {'slide': 'prelaunch_slide', 'key': 'skill_shot-skillshot_up_player_4_widget', 'target': None}, 'play_kwargs': {}}, key=UUID('9b64e629-9e66-4842-a462-fd4809da0039'), condition=None, blocking_facility=None), RegisteredHandler(callback=<bound method McWidgetPlayer._add_widget_to_slide_when_active of McConfigPlayer.widgets>, priority=0, kwargs={'slide_name': 'prelaunch_slide', 'widget': 'skill_shot_select_widget_2', 's': {'slide': 'prelaunch_slide', 'key': 'skill_shot-skill_shot_select_widget_2', 'target': None}, 'play_kwargs': {'restore': False, 'state': 'enabled', 'selected': True}}, key=UUID('c773d7aa-8dbe-4861-99db-45b75944fb14'), condition=None, blocking_facility=None), RegisteredHandler(callback=<bound method McWidgetPlayer._add_widget_to_slide_when_active of McConfigPlayer.widgets>, priority=0, kwargs={'slide_name': 'prelaunch_slide', 'widget': 'skill_shot_select_widget_1', 's': {'slide': 'prelaunch_slide', 'key': 'skill_shot-skill_shot_select_widget_1', 'target': None}, 'play_kwargs': {'restore': False, 'state': 'enabled', 'selected': True}}, key=UUID('a8f2b596-5c8f-426e-addc-2079ee9ec3ac'), condition=None, blocking_facility=None)]. The order of those handlers is not defined and they will be executed in random order. This might lead to race conditions and potential bugs.
2024-09-05 18:47:23,559 : EventManager : Unordered handler for class McConfigPlayer.widgets on event slide_prelaunch_slide_created with priority 0. Handlers: [RegisteredHandler(callback=<bound method McWidgetPlayer._add_widget_to_slide_when_active of McConfigPlayer.widgets>, priority=0, kwargs={'slide_name': 'prelaunch_slide', 'widget': 'skillshot_up_selected_player_1_widget', 's': {'slide': 'prelaunch_slide', 'key': 'skill_shot-skillshot_up_selected_player_1_widget', 'target': None}, 'play_kwargs': {}}, key=UUID('f803db9e-cc6d-4848-bb74-6f94eb07a40b'), condition=None, blocking_facility=None), RegisteredHandler(callback=<bound method McWidgetPlayer._add_widget_to_slide_when_active of McConfigPlayer.widgets>, priority=0, kwargs={'slide_name': 'prelaunch_slide', 'widget': 'skillshot_up_player_2_widget', 's': {'slide': 'prelaunch_slide', 'key': 'skill_shot-skillshot_up_player_2_widget', 'target': None}, 'play_kwargs': {}}, key=UUID('92f13719-1d88-4d9c-99bf-80c800bf6aeb'), condition=None, blocking_facility=None), RegisteredHandler(callback=<bound method McWidgetPlayer._add_widget_to_slide_when_active of McConfigPlayer.widgets>, priority=0, kwargs={'slide_name': 'prelaunch_slide', 'widget': 'skillshot_up_player_3_widget', 's': {'slide': 'prelaunch_slide', 'key': 'skill_shot-skillshot_up_player_3_widget', 'target': None}, 'play_kwargs': {}}, key=UUID('d7d3b4b6-e720-40d0-8da2-701c22107eaa'), condition=None, blocking_facility=None), RegisteredHandler(callback=<bound method McWidgetPlayer._add_widget_to_slide_when_active of McConfigPlayer.widgets>, priority=0, kwargs={'slide_name': 'prelaunch_slide', 'widget': 'skillshot_up_player_4_widget', 's': {'slide': 'prelaunch_slide', 'key': 'skill_shot-skillshot_up_player_4_widget', 'target': None}, 'play_kwargs': {}}, key=UUID('9b64e629-9e66-4842-a462-fd4809da0039'), condition=None, blocking_facility=None), RegisteredHandler(callback=<bound method McWidgetPlayer._add_widget_to_slide_when_active of McConfigPlayer.widgets>, priority=0, kwargs={'slide_name': 'prelaunch_slide', 'widget': 'skill_shot_select_widget_2', 's': {'slide': 'prelaunch_slide', 'key': 'skill_shot-skill_shot_select_widget_2', 'target': None}, 'play_kwargs': {'restore': False, 'state': 'enabled', 'selected': True}}, key=UUID('c773d7aa-8dbe-4861-99db-45b75944fb14'), condition=None, blocking_facility=None), RegisteredHandler(callback=<bound method McWidgetPlayer._add_widget_to_slide_when_active of McConfigPlayer.widgets>, priority=0, kwargs={'slide_name': 'prelaunch_slide', 'widget': 'skill_shot_select_widget_1', 's': {'slide': 'prelaunch_slide', 'key': 'skill_shot-skill_shot_select_widget_1', 'target': None}, 'play_kwargs': {'restore': False, 'state': 'enabled', 'selected': True}}, key=UUID('a8f2b596-5c8f-426e-addc-2079ee9ec3ac'), condition=None, blocking_facility=None)]. The order of those handlers is not defined and they will be executed in random order. This might lead to race conditions and potential bugs.
2024-09-05 18:47:25,586 : kivy : WindowSDL: exiting mainloop and closing.
2024-09-05 18:47:25,770 : kivy : Base: Leaving application in progress...
2024-09-05 18:47:25,770 : mpfmc : Stopping...
2024-09-05 18:47:25,770 : EventManager : Event: ======'shutdown'====== Args={}
2024-09-05 18:47:25,770 : mpfmc : Loop rate 58.84 Hz
2024-09-05 18:47:25,770 : kivy : MC run loop ended.
2024-09-05 18:47:25,770 : kivy : Stopping child threads... (3 remaining)
2024-09-05 18:47:25,770 : mpfmc : Stopping...
2024-09-05 18:47:25,771 : EventManager : Event: ======'shutdown'====== Args={}
2024-09-05 18:47:25,771 : mpfmc : Loop rate 58.84 Hz
2024-09-05 18:47:26,510 : MPF-MC BCP Server : Stopping BCP sending thread
2024-09-05 18:47:26,648 : kivy : All child threads stopped.
