2024-09-05 18:41:55,358 : INFO : root : Loading config.
2024-09-05 18:41:55,712 : INFO : ConfigProcessor : Config spec file cache created: C:\Users\dell\AppData\Local\Temp\config_spec.mpf_cache
2024-09-05 18:41:55,712 : INFO : YamlMultifileConfigLoader : Machine config file #1: config.yaml
2024-09-05 18:41:55,714 : WARNING : ConfigProcessor : Cache file not found: C:\Users\dell\AppData\Local\Temp\823390186140f561069e51d67517f5d0.mpf_cache
2024-09-05 18:41:55,714 : INFO : ConfigProcessor : Loading config from file c:\users\dell\appdata\local\programs\python\python36\lib\site-packages\mpf\mpfconfig.yaml.
2024-09-05 18:41:55,783 : INFO : ConfigProcessor : Loading config: c:\users\dell\appdata\local\programs\python\python36\lib\site-packages\mpf\mpfconfig.yaml
2024-09-05 18:41:55,783 : INFO : ConfigProcessor : Loading config from file E:\MPF\wows\wows\config\config.yaml.
2024-09-05 18:41:55,831 : INFO : ConfigProcessor : Loading config: E:\MPF\wows\wows\config\config.yaml
2024-09-05 18:41:55,877 : INFO : ConfigProcessor : Loading config: E:\MPF\wows\wows\config\primary/config_else_virtual.yaml
2024-09-05 18:41:55,969 : INFO : ConfigProcessor : Loading config: E:\MPF\wows\wows\config\primary/config_hardware.yaml
2024-09-05 18:41:55,978 : INFO : ConfigProcessor : Loading config: E:\MPF\wows\wows\config\primary/config_keys.yaml
2024-09-05 18:41:56,048 : INFO : ConfigProcessor : Loading config: E:\MPF\wows\wows\config\primary/config_logic.yaml
2024-09-05 18:41:56,066 : INFO : ConfigProcessor : Loading config: E:\MPF\wows\wows\config\primary/config_modes.yaml
2024-09-05 18:41:56,107 : INFO : ConfigProcessor : Loading config: E:\MPF\wows\wows\config\primary/config_operator_settings.yaml
2024-09-05 18:41:56,130 : INFO : ConfigProcessor : Loading config: E:\MPF\wows\wows\config\primary/config_sound_music.yaml
2024-09-05 18:41:56,206 : INFO : ConfigProcessor : Loading config: E:\MPF\wows\wows\config\primary/config_values.yaml
2024-09-05 18:41:56,220 : INFO : ConfigProcessor : Loading config: E:\MPF\wows\wows\config\primary/config_virtual_hardware.yaml
2024-09-05 18:41:56,678 : INFO : ConfigProcessor : Loading config: E:\MPF\wows\wows\config\support/config_support_mode_end.yaml
2024-09-05 18:41:56,739 : INFO : ConfigProcessor : Loading config: E:\MPF\wows\wows\config\support/config_support_hc.yaml
2024-09-05 18:41:56,763 : INFO : ConfigProcessor : Loading config: E:\MPF\wows\wows\config\support/config_support_capture.yaml
2024-09-05 18:41:56,786 : INFO : ConfigProcessor : Loading config: E:\MPF\wows\wows\config\support/config_support_commander.yaml
2024-09-05 18:41:56,866 : INFO : ConfigProcessor : Loading config: E:\MPF\wows\wows\config\support/config_support_dmg_con.yaml
2024-09-05 18:41:56,964 : INFO : ConfigProcessor : Loading config: E:\MPF\wows\wows\config\support/config_support_status_report.yaml
2024-09-05 18:41:56,986 : INFO : ConfigProcessor : Config file cache created: C:\Users\dell\AppData\Local\Temp\823390186140f561069e51d67517f5d0.mpf_cache
2024-09-05 18:41:57,149 : WARNING : ConfigProcessor : Cache file not found: C:\Users\dell\AppData\Local\Temp\59a64183768b31a5bf2b8a1c5fa05afc.mpf_cache
2024-09-05 18:41:57,149 : INFO : ConfigProcessor : Loading config from file c:\users\dell\appdata\local\programs\python\python36\lib\site-packages\mpf\modes\attract\config\attract.yaml.
2024-09-05 18:41:57,154 : INFO : ConfigProcessor : Loading config: c:\users\dell\appdata\local\programs\python\python36\lib\site-packages\mpf\modes\attract\config\attract.yaml
2024-09-05 18:41:57,154 : INFO : ConfigProcessor : Loading config from file E:\MPF\wows\wows\modes\attract\config\attract.yaml.
2024-09-05 18:41:57,161 : INFO : ConfigProcessor : Loading config: E:\MPF\wows\wows\modes\attract\config\attract.yaml
2024-09-05 18:41:57,161 : INFO : ConfigProcessor : Config file cache created: C:\Users\dell\AppData\Local\Temp\59a64183768b31a5bf2b8a1c5fa05afc.mpf_cache
2024-09-05 18:41:57,180 : WARNING : ConfigProcessor : Cache file not found: C:\Users\dell\AppData\Local\Temp\e4aaedaa0a5d6d283bdf8896bd678b71.mpf_cache
2024-09-05 18:41:57,180 : INFO : ConfigProcessor : Loading config from file c:\users\dell\appdata\local\programs\python\python36\lib\site-packages\mpf\modes\game\config\game.yaml.
2024-09-05 18:41:57,187 : INFO : ConfigProcessor : Loading config: c:\users\dell\appdata\local\programs\python\python36\lib\site-packages\mpf\modes\game\config\game.yaml
2024-09-05 18:41:57,187 : INFO : ConfigProcessor : Loading config from file E:\MPF\wows\wows\modes\game\config\game.yaml.
2024-09-05 18:41:57,262 : INFO : ConfigProcessor : Loading config: E:\MPF\wows\wows\modes\game\config\game.yaml
2024-09-05 18:41:57,263 : INFO : ConfigProcessor : Config file cache created: C:\Users\dell\AppData\Local\Temp\e4aaedaa0a5d6d283bdf8896bd678b71.mpf_cache
2024-09-05 18:41:57,264 : INFO : ConfigProcessor : Loading config from cache: C:\Users\dell\AppData\Local\Temp\59a64183768b31a5bf2b8a1c5fa05afc.mpf_cache
2024-09-05 18:41:57,323 : WARNING : ConfigProcessor : Cache file not found: C:\Users\dell\AppData\Local\Temp\d05889abdb32f5a85db64ac2e197f4ff.mpf_cache
2024-09-05 18:41:57,323 : INFO : ConfigProcessor : Loading config from file c:\users\dell\appdata\local\programs\python\python36\lib\site-packages\mpf\modes\high_score\config\high_score.yaml.
2024-09-05 18:41:57,342 : INFO : ConfigProcessor : Loading config: c:\users\dell\appdata\local\programs\python\python36\lib\site-packages\mpf\modes\high_score\config\high_score.yaml
2024-09-05 18:41:57,342 : INFO : ConfigProcessor : Loading config from file E:\MPF\wows\wows\modes\high_score\config\high_score.yaml.
2024-09-05 18:41:57,383 : INFO : ConfigProcessor : Loading config: E:\MPF\wows\wows\modes\high_score\config\high_score.yaml
2024-09-05 18:41:57,384 : INFO : ConfigProcessor : Config file cache created: C:\Users\dell\AppData\Local\Temp\d05889abdb32f5a85db64ac2e197f4ff.mpf_cache
2024-09-05 18:41:57,386 : WARNING : ConfigProcessor : Cache file not found: C:\Users\dell\AppData\Local\Temp\434c2e3a52e1507818428e1c584a9ae0.mpf_cache
2024-09-05 18:41:57,386 : INFO : ConfigProcessor : Loading config from file c:\users\dell\appdata\local\programs\python\python36\lib\site-packages\mpf\modes\match\config\match.yaml.
2024-09-05 18:41:57,392 : INFO : ConfigProcessor : Loading config: c:\users\dell\appdata\local\programs\python\python36\lib\site-packages\mpf\modes\match\config\match.yaml
2024-09-05 18:41:57,392 : INFO : ConfigProcessor : Loading config from file E:\MPF\wows\wows\modes\match\config\match.yaml.
2024-09-05 18:41:57,442 : INFO : ConfigProcessor : Loading config: E:\MPF\wows\wows\modes\match\config\match.yaml
2024-09-05 18:41:57,443 : INFO : ConfigProcessor : Config file cache created: C:\Users\dell\AppData\Local\Temp\434c2e3a52e1507818428e1c584a9ae0.mpf_cache
2024-09-05 18:41:57,454 : WARNING : ConfigProcessor : Cache file not found: C:\Users\dell\AppData\Local\Temp\c96ee90647ae5b034e2dd42c348c42ad.mpf_cache
2024-09-05 18:41:57,454 : INFO : ConfigProcessor : Loading config from file E:\MPF\wows\wows\modes\main_play\config\main_play.yaml.
2024-09-05 18:41:57,567 : INFO : ConfigProcessor : Loading config: E:\MPF\wows\wows\modes\main_play\config\main_play.yaml
2024-09-05 18:41:57,569 : INFO : ConfigProcessor : Config file cache created: C:\Users\dell\AppData\Local\Temp\c96ee90647ae5b034e2dd42c348c42ad.mpf_cache
2024-09-05 18:41:57,570 : WARNING : ConfigProcessor : Cache file not found: C:\Users\dell\AppData\Local\Temp\ca0415bb38fd20ce1ae72b2592ece46e.mpf_cache
2024-09-05 18:41:57,570 : INFO : ConfigProcessor : Loading config from file E:\MPF\wows\wows\modes\value_reset\config\value_reset.yaml.
2024-09-05 18:41:57,595 : INFO : ConfigProcessor : Loading config: E:\MPF\wows\wows\modes\value_reset\config\value_reset.yaml
2024-09-05 18:41:57,595 : INFO : ConfigProcessor : Config file cache created: C:\Users\dell\AppData\Local\Temp\ca0415bb38fd20ce1ae72b2592ece46e.mpf_cache
2024-09-05 18:41:57,596 : WARNING : ConfigProcessor : Cache file not found: C:\Users\dell\AppData\Local\Temp\72e9fea1cb562e40024eb5e8538ccaf2.mpf_cache
2024-09-05 18:41:57,596 : INFO : ConfigProcessor : Loading config from file E:\MPF\wows\wows\modes\mode_lit\config\mode_lit.yaml.
2024-09-05 18:41:57,643 : INFO : ConfigProcessor : Loading config: E:\MPF\wows\wows\modes\mode_lit\config\mode_lit.yaml
2024-09-05 18:41:57,644 : INFO : ConfigProcessor : Config file cache created: C:\Users\dell\AppData\Local\Temp\72e9fea1cb562e40024eb5e8538ccaf2.mpf_cache
2024-09-05 18:41:57,654 : WARNING : ConfigProcessor : Cache file not found: C:\Users\dell\AppData\Local\Temp\c22c03646c3330fed25ec0d2c1900176.mpf_cache
2024-09-05 18:41:57,654 : INFO : ConfigProcessor : Loading config from file E:\MPF\wows\wows\modes\capture\config\capture.yaml.
2024-09-05 18:41:57,788 : INFO : ConfigProcessor : Loading config: E:\MPF\wows\wows\modes\capture\config\capture.yaml
2024-09-05 18:41:57,790 : INFO : ConfigProcessor : Config file cache created: C:\Users\dell\AppData\Local\Temp\c22c03646c3330fed25ec0d2c1900176.mpf_cache
2024-09-05 18:41:57,808 : WARNING : ConfigProcessor : Cache file not found: C:\Users\dell\AppData\Local\Temp\4f40b51a2a6ab6b3327b174347355c6f.mpf_cache
2024-09-05 18:41:57,808 : INFO : ConfigProcessor : Loading config from file E:\MPF\wows\wows\modes\capture_hurryup\config\capture_hurryup.yaml.
2024-09-05 18:41:57,892 : INFO : ConfigProcessor : Loading config: E:\MPF\wows\wows\modes\capture_hurryup\config\capture_hurryup.yaml
2024-09-05 18:41:57,893 : INFO : ConfigProcessor : Config file cache created: C:\Users\dell\AppData\Local\Temp\4f40b51a2a6ab6b3327b174347355c6f.mpf_cache
2024-09-05 18:41:57,894 : WARNING : ConfigProcessor : Cache file not found: C:\Users\dell\AppData\Local\Temp\39fabcdae38f081491893b3f9bf3922e.mpf_cache
2024-09-05 18:41:57,895 : INFO : ConfigProcessor : Loading config from file E:\MPF\wows\wows\modes\capture_award\config\capture_award.yaml.
2024-09-05 18:41:57,954 : INFO : ConfigProcessor : Loading config: E:\MPF\wows\wows\modes\capture_award\config\capture_award.yaml
2024-09-05 18:41:57,955 : INFO : ConfigProcessor : Config file cache created: C:\Users\dell\AppData\Local\Temp\39fabcdae38f081491893b3f9bf3922e.mpf_cache
2024-09-05 18:41:57,956 : WARNING : ConfigProcessor : Cache file not found: C:\Users\dell\AppData\Local\Temp\f18cd76783971ff471759940af4bc5eb.mpf_cache
2024-09-05 18:41:57,956 : INFO : ConfigProcessor : Loading config from file E:\MPF\wows\wows\modes\skill_shot\config\skill_shot.yaml.
2024-09-05 18:41:58,039 : INFO : ConfigProcessor : Loading config: E:\MPF\wows\wows\modes\skill_shot\config\skill_shot.yaml
2024-09-05 18:41:58,040 : INFO : ConfigProcessor : Config file cache created: C:\Users\dell\AppData\Local\Temp\f18cd76783971ff471759940af4bc5eb.mpf_cache
2024-09-05 18:41:58,053 : WARNING : ConfigProcessor : Cache file not found: C:\Users\dell\AppData\Local\Temp\943ecf72a5798e3efec3d4f70c6ce1d2.mpf_cache
2024-09-05 18:41:58,053 : INFO : ConfigProcessor : Loading config from file E:\MPF\wows\wows\modes\commander_skill\config\commander_skill.yaml.
2024-09-05 18:41:58,376 : INFO : ConfigProcessor : Loading config: E:\MPF\wows\wows\modes\commander_skill\config\commander_skill.yaml
2024-09-05 18:41:58,379 : INFO : ConfigProcessor : Config file cache created: C:\Users\dell\AppData\Local\Temp\943ecf72a5798e3efec3d4f70c6ce1d2.mpf_cache
2024-09-05 18:41:58,398 : WARNING : ConfigProcessor : Cache file not found: C:\Users\dell\AppData\Local\Temp\04d9c03061fa17a1f6b23081f79db9ab.mpf_cache
2024-09-05 18:41:58,398 : INFO : ConfigProcessor : Loading config from file E:\MPF\wows\wows\modes\commander_skill_manager\config\commander_skill_manager.yaml.
2024-09-05 18:41:58,573 : INFO : ConfigProcessor : Loading config: E:\MPF\wows\wows\modes\commander_skill_manager\config\commander_skill_manager.yaml
2024-09-05 18:41:58,575 : INFO : ConfigProcessor : Config file cache created: C:\Users\dell\AppData\Local\Temp\04d9c03061fa17a1f6b23081f79db9ab.mpf_cache
2024-09-05 18:41:58,575 : WARNING : ConfigProcessor : Cache file not found: C:\Users\dell\AppData\Local\Temp\1ff29be1d22fb14fe5fd1c82a6918df4.mpf_cache
2024-09-05 18:41:58,576 : INFO : ConfigProcessor : Loading config from file E:\MPF\wows\wows\modes\mode_1\config\mode_1.yaml.
2024-09-05 18:41:58,605 : INFO : ConfigProcessor : Loading config: E:\MPF\wows\wows\modes\mode_1\config\mode_1.yaml
2024-09-05 18:41:58,605 : INFO : ConfigProcessor : Config file cache created: C:\Users\dell\AppData\Local\Temp\1ff29be1d22fb14fe5fd1c82a6918df4.mpf_cache
2024-09-05 18:41:58,619 : WARNING : ConfigProcessor : Cache file not found: C:\Users\dell\AppData\Local\Temp\f0ffd5ecaddfe34035bf3b1779215a88.mpf_cache
2024-09-05 18:41:58,619 : INFO : ConfigProcessor : Loading config from file E:\MPF\wows\wows\modes\mode_2\config\mode_2.yaml.
2024-09-05 18:41:58,663 : INFO : ConfigProcessor : Loading config: E:\MPF\wows\wows\modes\mode_2\config\mode_2.yaml
2024-09-05 18:41:58,664 : INFO : ConfigProcessor : Config file cache created: C:\Users\dell\AppData\Local\Temp\f0ffd5ecaddfe34035bf3b1779215a88.mpf_cache
2024-09-05 18:41:58,665 : WARNING : ConfigProcessor : Cache file not found: C:\Users\dell\AppData\Local\Temp\b0de444617e3bf30a07f755a6d4831cc.mpf_cache
2024-09-05 18:41:58,665 : INFO : ConfigProcessor : Loading config from file E:\MPF\wows\wows\modes\mode_3\config\mode_3.yaml.
2024-09-05 18:41:58,685 : INFO : ConfigProcessor : Loading config: E:\MPF\wows\wows\modes\mode_3\config\mode_3.yaml
2024-09-05 18:41:58,686 : INFO : ConfigProcessor : Config file cache created: C:\Users\dell\AppData\Local\Temp\b0de444617e3bf30a07f755a6d4831cc.mpf_cache
2024-09-05 18:41:58,687 : WARNING : ConfigProcessor : Cache file not found: C:\Users\dell\AppData\Local\Temp\200a9b2dddbe7706ffb4c4426b6d54a8.mpf_cache
2024-09-05 18:41:58,687 : INFO : ConfigProcessor : Loading config from file E:\MPF\wows\wows\modes\mode_4\config\mode_4.yaml.
2024-09-05 18:41:58,715 : INFO : ConfigProcessor : Loading config: E:\MPF\wows\wows\modes\mode_4\config\mode_4.yaml
2024-09-05 18:41:58,716 : INFO : ConfigProcessor : Config file cache created: C:\Users\dell\AppData\Local\Temp\200a9b2dddbe7706ffb4c4426b6d54a8.mpf_cache
2024-09-05 18:41:58,716 : WARNING : ConfigProcessor : Cache file not found: C:\Users\dell\AppData\Local\Temp\5ab98d4be1e8de85bea62364890eb2e9.mpf_cache
2024-09-05 18:41:58,717 : INFO : ConfigProcessor : Loading config from file E:\MPF\wows\wows\modes\mode_5\config\mode_5.yaml.
2024-09-05 18:41:58,737 : INFO : ConfigProcessor : Loading config: E:\MPF\wows\wows\modes\mode_5\config\mode_5.yaml
2024-09-05 18:41:58,738 : INFO : ConfigProcessor : Config file cache created: C:\Users\dell\AppData\Local\Temp\5ab98d4be1e8de85bea62364890eb2e9.mpf_cache
2024-09-05 18:41:58,739 : WARNING : ConfigProcessor : Cache file not found: C:\Users\dell\AppData\Local\Temp\4303dca7489148da2d256fc831cf8c96.mpf_cache
2024-09-05 18:41:58,739 : INFO : ConfigProcessor : Loading config from file E:\MPF\wows\wows\modes\mode_6\config\mode_6.yaml.
2024-09-05 18:41:58,760 : INFO : ConfigProcessor : Loading config: E:\MPF\wows\wows\modes\mode_6\config\mode_6.yaml
2024-09-05 18:41:58,760 : INFO : ConfigProcessor : Config file cache created: C:\Users\dell\AppData\Local\Temp\4303dca7489148da2d256fc831cf8c96.mpf_cache
2024-09-05 18:41:58,761 : WARNING : ConfigProcessor : Cache file not found: C:\Users\dell\AppData\Local\Temp\e8fceecd8f65a6a7269e98c7961bbf6a.mpf_cache
2024-09-05 18:41:58,761 : INFO : ConfigProcessor : Loading config from file E:\MPF\wows\wows\modes\mode_7\config\mode_7.yaml.
2024-09-05 18:41:58,808 : INFO : ConfigProcessor : Loading config: E:\MPF\wows\wows\modes\mode_7\config\mode_7.yaml
2024-09-05 18:41:58,809 : INFO : ConfigProcessor : Config file cache created: C:\Users\dell\AppData\Local\Temp\e8fceecd8f65a6a7269e98c7961bbf6a.mpf_cache
2024-09-05 18:41:58,810 : WARNING : ConfigProcessor : Cache file not found: C:\Users\dell\AppData\Local\Temp\c84d6d08bf6f923cbcccfeeea02d2c8a.mpf_cache
2024-09-05 18:41:58,810 : INFO : ConfigProcessor : Loading config from file E:\MPF\wows\wows\modes\mode_8\config\mode_8.yaml.
2024-09-05 18:41:58,832 : INFO : ConfigProcessor : Loading config: E:\MPF\wows\wows\modes\mode_8\config\mode_8.yaml
2024-09-05 18:41:58,833 : INFO : ConfigProcessor : Config file cache created: C:\Users\dell\AppData\Local\Temp\c84d6d08bf6f923cbcccfeeea02d2c8a.mpf_cache
2024-09-05 18:41:58,834 : WARNING : ConfigProcessor : Cache file not found: C:\Users\dell\AppData\Local\Temp\159a0b7ffc6de2ed1a8cdcd57b7df3c0.mpf_cache
2024-09-05 18:41:58,834 : INFO : ConfigProcessor : Loading config from file E:\MPF\wows\wows\modes\mode_9\config\mode_9.yaml.
2024-09-05 18:41:58,864 : INFO : ConfigProcessor : Loading config: E:\MPF\wows\wows\modes\mode_9\config\mode_9.yaml
2024-09-05 18:41:58,865 : INFO : ConfigProcessor : Config file cache created: C:\Users\dell\AppData\Local\Temp\159a0b7ffc6de2ed1a8cdcd57b7df3c0.mpf_cache
2024-09-05 18:41:58,875 : WARNING : ConfigProcessor : Cache file not found: C:\Users\dell\AppData\Local\Temp\dd71d04ba3f4dce8325f2504de3de352.mpf_cache
2024-09-05 18:41:58,875 : INFO : ConfigProcessor : Loading config from file E:\MPF\wows\wows\modes\dmg_con_party\config\dmg_con_party.yaml.
2024-09-05 18:41:59,004 : INFO : ConfigProcessor : Loading config: E:\MPF\wows\wows\modes\dmg_con_party\config\dmg_con_party.yaml
2024-09-05 18:41:59,005 : INFO : ConfigProcessor : Config file cache created: C:\Users\dell\AppData\Local\Temp\dd71d04ba3f4dce8325f2504de3de352.mpf_cache
2024-09-05 18:41:59,019 : WARNING : ConfigProcessor : Cache file not found: C:\Users\dell\AppData\Local\Temp\47da5935da57327449007069e0d0551c.mpf_cache
2024-09-05 18:41:59,019 : INFO : ConfigProcessor : Loading config from file E:\MPF\wows\wows\modes\mode_wizard\config\mode_wizard.yaml.
2024-09-05 18:41:59,232 : INFO : ConfigProcessor : Loading config: E:\MPF\wows\wows\modes\mode_wizard\config\mode_wizard.yaml
2024-09-05 18:41:59,234 : INFO : ConfigProcessor : Config file cache created: C:\Users\dell\AppData\Local\Temp\47da5935da57327449007069e0d0551c.mpf_cache
2024-09-05 18:41:59,246 : WARNING : ConfigProcessor : Cache file not found: C:\Users\dell\AppData\Local\Temp\b1234e2c44a33609dc2af4760c4a3f89.mpf_cache
2024-09-05 18:41:59,246 : INFO : ConfigProcessor : Loading config from file E:\MPF\wows\wows\modes\mode_manager\config\mode_manager.yaml.
2024-09-05 18:41:59,443 : INFO : ConfigProcessor : Loading config: E:\MPF\wows\wows\modes\mode_manager\config\mode_manager.yaml
2024-09-05 18:41:59,446 : INFO : ConfigProcessor : Config file cache created: C:\Users\dell\AppData\Local\Temp\b1234e2c44a33609dc2af4760c4a3f89.mpf_cache
2024-09-05 18:41:59,462 : WARNING : ConfigProcessor : Cache file not found: C:\Users\dell\AppData\Local\Temp\7ab9985e2a62b75a325504808417b1e7.mpf_cache
2024-09-05 18:41:59,462 : INFO : ConfigProcessor : Loading config from file E:\MPF\wows\wows\modes\mode_timer\config\mode_timer.yaml.
2024-09-05 18:41:59,511 : INFO : ConfigProcessor : Loading config: E:\MPF\wows\wows\modes\mode_timer\config\mode_timer.yaml
2024-09-05 18:41:59,511 : INFO : ConfigProcessor : Config file cache created: C:\Users\dell\AppData\Local\Temp\7ab9985e2a62b75a325504808417b1e7.mpf_cache
2024-09-05 18:41:59,512 : WARNING : ConfigProcessor : Cache file not found: C:\Users\dell\AppData\Local\Temp\466eddfec572894d9eb472ce07aa5fba.mpf_cache
2024-09-05 18:41:59,512 : INFO : ConfigProcessor : Loading config from file E:\MPF\wows\wows\modes\container\config\container.yaml.
2024-09-05 18:41:59,549 : INFO : ConfigProcessor : Loading config: E:\MPF\wows\wows\modes\container\config\container.yaml
2024-09-05 18:41:59,549 : INFO : ConfigProcessor : Config file cache created: C:\Users\dell\AppData\Local\Temp\466eddfec572894d9eb472ce07aa5fba.mpf_cache
2024-09-05 18:41:59,550 : WARNING : ConfigProcessor : Cache file not found: C:\Users\dell\AppData\Local\Temp\93429a2a8e0859f6546b68f40c2a4656.mpf_cache
2024-09-05 18:41:59,551 : INFO : ConfigProcessor : Loading config from file E:\MPF\wows\wows\modes\salvo_lit\config\salvo_lit.yaml.
2024-09-05 18:41:59,565 : INFO : ConfigProcessor : Loading config: E:\MPF\wows\wows\modes\salvo_lit\config\salvo_lit.yaml
2024-09-05 18:41:59,566 : INFO : ConfigProcessor : Config file cache created: C:\Users\dell\AppData\Local\Temp\93429a2a8e0859f6546b68f40c2a4656.mpf_cache
2024-09-05 18:41:59,567 : WARNING : ConfigProcessor : Cache file not found: C:\Users\dell\AppData\Local\Temp\95ae88fb094583fa2b4097c6df179650.mpf_cache
2024-09-05 18:41:59,567 : INFO : ConfigProcessor : Loading config from file E:\MPF\wows\wows\modes\hc_lock_lit\config\hc_lock_lit.yaml.
2024-09-05 18:41:59,590 : INFO : ConfigProcessor : Loading config: E:\MPF\wows\wows\modes\hc_lock_lit\config\hc_lock_lit.yaml
2024-09-05 18:41:59,590 : INFO : ConfigProcessor : Config file cache created: C:\Users\dell\AppData\Local\Temp\95ae88fb094583fa2b4097c6df179650.mpf_cache
2024-09-05 18:41:59,608 : WARNING : ConfigProcessor : Cache file not found: C:\Users\dell\AppData\Local\Temp\de2d3fc178b15ce3807fa4ab35b9c965.mpf_cache
2024-09-05 18:41:59,608 : INFO : ConfigProcessor : Loading config from file E:\MPF\wows\wows\modes\hc_multiball\config\hc_multiball.yaml.
2024-09-05 18:41:59,859 : INFO : ConfigProcessor : Loading config: E:\MPF\wows\wows\modes\hc_multiball\config\hc_multiball.yaml
2024-09-05 18:41:59,861 : INFO : ConfigProcessor : Config file cache created: C:\Users\dell\AppData\Local\Temp\de2d3fc178b15ce3807fa4ab35b9c965.mpf_cache
2024-09-05 18:41:59,874 : WARNING : ConfigProcessor : Cache file not found: C:\Users\dell\AppData\Local\Temp\0c80ca2179989d09b86c78c19ec87d9b.mpf_cache
2024-09-05 18:41:59,874 : INFO : ConfigProcessor : Loading config from file E:\MPF\wows\wows\modes\hc_multiball_super\config\hc_multiball_super.yaml.
2024-09-05 18:42:00,035 : INFO : ConfigProcessor : Loading config: E:\MPF\wows\wows\modes\hc_multiball_super\config\hc_multiball_super.yaml
2024-09-05 18:42:00,037 : INFO : ConfigProcessor : Config file cache created: C:\Users\dell\AppData\Local\Temp\0c80ca2179989d09b86c78c19ec87d9b.mpf_cache
2024-09-05 18:42:00,038 : WARNING : ConfigProcessor : Cache file not found: C:\Users\dell\AppData\Local\Temp\95e265efe14e4eb05d8d5c5689c9ae6b.mpf_cache
2024-09-05 18:42:00,038 : INFO : ConfigProcessor : Loading config from file E:\MPF\wows\wows\modes\confederate\config\confederate.yaml.
2024-09-05 18:42:00,059 : INFO : ConfigProcessor : Loading config: E:\MPF\wows\wows\modes\confederate\config\confederate.yaml
2024-09-05 18:42:00,059 : INFO : ConfigProcessor : Config file cache created: C:\Users\dell\AppData\Local\Temp\95e265efe14e4eb05d8d5c5689c9ae6b.mpf_cache
2024-09-05 18:42:00,060 : WARNING : ConfigProcessor : Cache file not found: C:\Users\dell\AppData\Local\Temp\ba047bbdc168fca96d58d351c4240916.mpf_cache
2024-09-05 18:42:00,060 : INFO : ConfigProcessor : Loading config from file E:\MPF\wows\wows\modes\battle\config\battle.yaml.
2024-09-05 18:42:00,144 : INFO : ConfigProcessor : Loading config: E:\MPF\wows\wows\modes\battle\config\battle.yaml
2024-09-05 18:42:00,145 : INFO : ConfigProcessor : Config file cache created: C:\Users\dell\AppData\Local\Temp\ba047bbdc168fca96d58d351c4240916.mpf_cache
2024-09-05 18:42:00,153 : WARNING : ConfigProcessor : Cache file not found: C:\Users\dell\AppData\Local\Temp\7c1900736275ba8a713cfe77e991e929.mpf_cache
2024-09-05 18:42:00,153 : INFO : ConfigProcessor : Loading config from file E:\MPF\wows\wows\modes\battle_manager\config\battle_manager.yaml.
2024-09-05 18:42:00,179 : INFO : ConfigProcessor : Loading config: E:\MPF\wows\wows\modes\battle_manager\config\battle_manager.yaml
2024-09-05 18:42:00,180 : INFO : ConfigProcessor : Config file cache created: C:\Users\dell\AppData\Local\Temp\7c1900736275ba8a713cfe77e991e929.mpf_cache
2024-09-05 18:42:00,195 : WARNING : ConfigProcessor : Cache file not found: C:\Users\dell\AppData\Local\Temp\db3d1ab92e5d5c563b40d82372434517.mpf_cache
2024-09-05 18:42:00,195 : INFO : ConfigProcessor : Loading config from file E:\MPF\wows\wows\modes\detonation\config\detonation.yaml.
2024-09-05 18:42:00,221 : INFO : ConfigProcessor : Loading config: E:\MPF\wows\wows\modes\detonation\config\detonation.yaml
2024-09-05 18:42:00,222 : INFO : ConfigProcessor : Config file cache created: C:\Users\dell\AppData\Local\Temp\db3d1ab92e5d5c563b40d82372434517.mpf_cache
2024-09-05 18:42:00,223 : WARNING : ConfigProcessor : Cache file not found: C:\Users\dell\AppData\Local\Temp\78980531363184480bbd7075661ced33.mpf_cache
2024-09-05 18:42:00,223 : INFO : ConfigProcessor : Loading config from file E:\MPF\wows\wows\modes\drednaught\config\drednaught.yaml.
2024-09-05 18:42:00,254 : INFO : ConfigProcessor : Loading config: E:\MPF\wows\wows\modes\drednaught\config\drednaught.yaml
2024-09-05 18:42:00,254 : INFO : ConfigProcessor : Config file cache created: C:\Users\dell\AppData\Local\Temp\78980531363184480bbd7075661ced33.mpf_cache
2024-09-05 18:42:00,256 : WARNING : ConfigProcessor : Cache file not found: C:\Users\dell\AppData\Local\Temp\efcf079e5af2b94e88dae4e07273acc8.mpf_cache
2024-09-05 18:42:00,256 : INFO : ConfigProcessor : Loading config from file E:\MPF\wows\wows\modes\port_hole_manager\config\port_hole_manager.yaml.
2024-09-05 18:42:00,269 : INFO : ConfigProcessor : Loading config: E:\MPF\wows\wows\modes\port_hole_manager\config\port_hole_manager.yaml
2024-09-05 18:42:00,269 : INFO : ConfigProcessor : Config file cache created: C:\Users\dell\AppData\Local\Temp\efcf079e5af2b94e88dae4e07273acc8.mpf_cache
2024-09-05 18:42:00,279 : WARNING : ConfigProcessor : Cache file not found: C:\Users\dell\AppData\Local\Temp\44231afd4be159e8c99041e8eb88670e.mpf_cache
2024-09-05 18:42:00,279 : INFO : ConfigProcessor : Loading config from file E:\MPF\wows\wows\modes\bomb\config\bomb.yaml.
2024-09-05 18:42:00,326 : INFO : ConfigProcessor : Loading config: E:\MPF\wows\wows\modes\bomb\config\bomb.yaml
2024-09-05 18:42:00,327 : INFO : ConfigProcessor : Config file cache created: C:\Users\dell\AppData\Local\Temp\44231afd4be159e8c99041e8eb88670e.mpf_cache
2024-09-05 18:42:00,334 : WARNING : ConfigProcessor : Cache file not found: C:\Users\dell\AppData\Local\Temp\2b5357265150b67996b1d26df60329cf.mpf_cache
2024-09-05 18:42:00,334 : INFO : ConfigProcessor : Loading config from file E:\MPF\wows\wows\modes\aircraft_carrier\config\aircraft_carrier.yaml.
2024-09-05 18:42:00,497 : INFO : ConfigProcessor : Loading config: E:\MPF\wows\wows\modes\aircraft_carrier\config\aircraft_carrier.yaml
2024-09-05 18:42:00,499 : INFO : ConfigProcessor : Config file cache created: C:\Users\dell\AppData\Local\Temp\2b5357265150b67996b1d26df60329cf.mpf_cache
2024-09-05 18:42:00,527 : WARNING : ConfigProcessor : Cache file not found: C:\Users\dell\AppData\Local\Temp\6d62665f0d27f04673542af594d4fd9b.mpf_cache
2024-09-05 18:42:00,527 : INFO : ConfigProcessor : Loading config from file E:\MPF\wows\wows\shows\.\mode_countdown.yaml.
2024-09-05 18:42:00,543 : INFO : ConfigProcessor : Loading config: E:\MPF\wows\wows\shows\.\mode_countdown.yaml
2024-09-05 18:42:00,544 : INFO : ConfigProcessor : Config file cache created: C:\Users\dell\AppData\Local\Temp\6d62665f0d27f04673542af594d4fd9b.mpf_cache
2024-09-05 18:42:00,544 : WARNING : ConfigProcessor : Cache file not found: C:\Users\dell\AppData\Local\Temp\3748cd4146dd8769dc8203d243b40460.mpf_cache
2024-09-05 18:42:00,544 : INFO : ConfigProcessor : Loading config from file E:\MPF\wows\wows\shows\.\sh_aircraft_carrier_background.yaml.
2024-09-05 18:42:00,552 : INFO : ConfigProcessor : Loading config: E:\MPF\wows\wows\shows\.\sh_aircraft_carrier_background.yaml
2024-09-05 18:42:00,552 : INFO : ConfigProcessor : Config file cache created: C:\Users\dell\AppData\Local\Temp\3748cd4146dd8769dc8203d243b40460.mpf_cache
2024-09-05 18:42:00,553 : WARNING : ConfigProcessor : Cache file not found: C:\Users\dell\AppData\Local\Temp\17743d86d766158b74063aba6bc1c32c.mpf_cache
2024-09-05 18:42:00,553 : INFO : ConfigProcessor : Loading config from file E:\MPF\wows\wows\shows\.\sh_aircraft_carrier_plane_crash_1.yaml.
2024-09-05 18:42:00,576 : INFO : ConfigProcessor : Loading config: E:\MPF\wows\wows\shows\.\sh_aircraft_carrier_plane_crash_1.yaml
2024-09-05 18:42:00,576 : INFO : ConfigProcessor : Config file cache created: C:\Users\dell\AppData\Local\Temp\17743d86d766158b74063aba6bc1c32c.mpf_cache
2024-09-05 18:42:00,576 : WARNING : ConfigProcessor : Cache file not found: C:\Users\dell\AppData\Local\Temp\f880dfaba64907cc1c8d35fe4f9ee098.mpf_cache
2024-09-05 18:42:00,576 : INFO : ConfigProcessor : Loading config from file E:\MPF\wows\wows\shows\.\sh_aircraft_carrier_plane_crash_2.yaml.
2024-09-05 18:42:00,585 : INFO : ConfigProcessor : Loading config: E:\MPF\wows\wows\shows\.\sh_aircraft_carrier_plane_crash_2.yaml
2024-09-05 18:42:00,585 : INFO : ConfigProcessor : Config file cache created: C:\Users\dell\AppData\Local\Temp\f880dfaba64907cc1c8d35fe4f9ee098.mpf_cache
2024-09-05 18:42:00,585 : WARNING : ConfigProcessor : Cache file not found: C:\Users\dell\AppData\Local\Temp\b3315542fefac86d8251965e4eddcee0.mpf_cache
2024-09-05 18:42:00,585 : INFO : ConfigProcessor : Loading config from file E:\MPF\wows\wows\shows\.\sh_aircraft_carrier_plane_crash_3.yaml.
2024-09-05 18:42:00,593 : INFO : ConfigProcessor : Loading config: E:\MPF\wows\wows\shows\.\sh_aircraft_carrier_plane_crash_3.yaml
2024-09-05 18:42:00,594 : INFO : ConfigProcessor : Config file cache created: C:\Users\dell\AppData\Local\Temp\b3315542fefac86d8251965e4eddcee0.mpf_cache
2024-09-05 18:42:00,594 : WARNING : ConfigProcessor : Cache file not found: C:\Users\dell\AppData\Local\Temp\c87ce6071caf9b8e671d40e32f84144f.mpf_cache
2024-09-05 18:42:00,594 : INFO : ConfigProcessor : Loading config from file E:\MPF\wows\wows\shows\.\sh_aircraft_carrier_plane_crash_4.yaml.
2024-09-05 18:42:00,601 : INFO : ConfigProcessor : Loading config: E:\MPF\wows\wows\shows\.\sh_aircraft_carrier_plane_crash_4.yaml
2024-09-05 18:42:00,602 : INFO : ConfigProcessor : Config file cache created: C:\Users\dell\AppData\Local\Temp\c87ce6071caf9b8e671d40e32f84144f.mpf_cache
2024-09-05 18:42:00,602 : WARNING : ConfigProcessor : Cache file not found: C:\Users\dell\AppData\Local\Temp\2896a43e0d61e3501c9963d4b59c6ee0.mpf_cache
2024-09-05 18:42:00,602 : INFO : ConfigProcessor : Loading config from file E:\MPF\wows\wows\shows\.\sh_aircraft_carrier_torpedo_drop.yaml.
2024-09-05 18:42:00,621 : INFO : ConfigProcessor : Loading config: E:\MPF\wows\wows\shows\.\sh_aircraft_carrier_torpedo_drop.yaml
2024-09-05 18:42:00,621 : INFO : ConfigProcessor : Config file cache created: C:\Users\dell\AppData\Local\Temp\2896a43e0d61e3501c9963d4b59c6ee0.mpf_cache
2024-09-05 18:42:00,621 : WARNING : ConfigProcessor : Cache file not found: C:\Users\dell\AppData\Local\Temp\ff8f94bde3fa94916ad1b7409fed77bd.mpf_cache
2024-09-05 18:42:00,622 : INFO : ConfigProcessor : Loading config from file E:\MPF\wows\wows\shows\.\sh_attract.yaml.
2024-09-05 18:42:01,053 : INFO : ConfigProcessor : Loading config: E:\MPF\wows\wows\shows\.\sh_attract.yaml
2024-09-05 18:42:01,054 : INFO : ConfigProcessor : Config file cache created: C:\Users\dell\AppData\Local\Temp\ff8f94bde3fa94916ad1b7409fed77bd.mpf_cache
2024-09-05 18:42:01,054 : WARNING : ConfigProcessor : Cache file not found: C:\Users\dell\AppData\Local\Temp\053da04979f77c811527e2c0f3ca94fb.mpf_cache
2024-09-05 18:42:01,055 : INFO : ConfigProcessor : Loading config from file E:\MPF\wows\wows\shows\.\sh_bomb_advance.yaml.
2024-09-05 18:42:01,120 : INFO : ConfigProcessor : Loading config: E:\MPF\wows\wows\shows\.\sh_bomb_advance.yaml
2024-09-05 18:42:01,120 : INFO : ConfigProcessor : Config file cache created: C:\Users\dell\AppData\Local\Temp\053da04979f77c811527e2c0f3ca94fb.mpf_cache
2024-09-05 18:42:01,121 : WARNING : ConfigProcessor : Cache file not found: C:\Users\dell\AppData\Local\Temp\76437d1e292ff239f4f9dc05fbdd5cdf.mpf_cache
2024-09-05 18:42:01,121 : INFO : ConfigProcessor : Loading config from file E:\MPF\wows\wows\shows\.\sh_bomb_advance_animation_1.yaml.
2024-09-05 18:42:01,129 : INFO : ConfigProcessor : Loading config: E:\MPF\wows\wows\shows\.\sh_bomb_advance_animation_1.yaml
2024-09-05 18:42:01,130 : INFO : ConfigProcessor : Config file cache created: C:\Users\dell\AppData\Local\Temp\76437d1e292ff239f4f9dc05fbdd5cdf.mpf_cache
2024-09-05 18:42:01,130 : WARNING : ConfigProcessor : Cache file not found: C:\Users\dell\AppData\Local\Temp\a103f9965307e92153b3826866cd7d56.mpf_cache
2024-09-05 18:42:01,130 : INFO : ConfigProcessor : Loading config from file E:\MPF\wows\wows\shows\.\sh_bomb_advance_animation_2.yaml.
2024-09-05 18:42:01,135 : INFO : ConfigProcessor : Loading config: E:\MPF\wows\wows\shows\.\sh_bomb_advance_animation_2.yaml
2024-09-05 18:42:01,136 : INFO : ConfigProcessor : Config file cache created: C:\Users\dell\AppData\Local\Temp\a103f9965307e92153b3826866cd7d56.mpf_cache
2024-09-05 18:42:01,136 : WARNING : ConfigProcessor : Cache file not found: C:\Users\dell\AppData\Local\Temp\edf282469509fb91fe2444b6848262a1.mpf_cache
2024-09-05 18:42:01,136 : INFO : ConfigProcessor : Loading config from file E:\MPF\wows\wows\shows\.\sh_bomb_advance_animation_3.yaml.
2024-09-05 18:42:01,141 : INFO : ConfigProcessor : Loading config: E:\MPF\wows\wows\shows\.\sh_bomb_advance_animation_3.yaml
2024-09-05 18:42:01,142 : INFO : ConfigProcessor : Config file cache created: C:\Users\dell\AppData\Local\Temp\edf282469509fb91fe2444b6848262a1.mpf_cache
2024-09-05 18:42:01,142 : WARNING : ConfigProcessor : Cache file not found: C:\Users\dell\AppData\Local\Temp\b8da0a805f864daaf4908642bfd2e7fd.mpf_cache
2024-09-05 18:42:01,142 : INFO : ConfigProcessor : Loading config from file E:\MPF\wows\wows\shows\.\sh_bomb_advance_animation_end.yaml.
2024-09-05 18:42:01,147 : INFO : ConfigProcessor : Loading config: E:\MPF\wows\wows\shows\.\sh_bomb_advance_animation_end.yaml
2024-09-05 18:42:01,148 : INFO : ConfigProcessor : Config file cache created: C:\Users\dell\AppData\Local\Temp\b8da0a805f864daaf4908642bfd2e7fd.mpf_cache
2024-09-05 18:42:01,148 : WARNING : ConfigProcessor : Cache file not found: C:\Users\dell\AppData\Local\Temp\57bc401cb4a04615f5b5aa4ba6a61eb7.mpf_cache
2024-09-05 18:42:01,148 : INFO : ConfigProcessor : Loading config from file E:\MPF\wows\wows\shows\.\sh_bomb_complete.yaml.
2024-09-05 18:42:01,156 : INFO : ConfigProcessor : Loading config: E:\MPF\wows\wows\shows\.\sh_bomb_complete.yaml
2024-09-05 18:42:01,156 : INFO : ConfigProcessor : Config file cache created: C:\Users\dell\AppData\Local\Temp\57bc401cb4a04615f5b5aa4ba6a61eb7.mpf_cache
2024-09-05 18:42:01,156 : WARNING : ConfigProcessor : Cache file not found: C:\Users\dell\AppData\Local\Temp\fee9cc2b93cb113814269e4a59231078.mpf_cache
2024-09-05 18:42:01,156 : INFO : ConfigProcessor : Loading config from file E:\MPF\wows\wows\shows\.\sh_captured.yaml.
2024-09-05 18:42:01,163 : INFO : ConfigProcessor : Loading config: E:\MPF\wows\wows\shows\.\sh_captured.yaml
2024-09-05 18:42:01,163 : INFO : ConfigProcessor : Config file cache created: C:\Users\dell\AppData\Local\Temp\fee9cc2b93cb113814269e4a59231078.mpf_cache
2024-09-05 18:42:01,164 : WARNING : ConfigProcessor : Cache file not found: C:\Users\dell\AppData\Local\Temp\fcb209f5756d4056b66c34a3e9f20f60.mpf_cache
2024-09-05 18:42:01,164 : INFO : ConfigProcessor : Loading config from file E:\MPF\wows\wows\shows\.\sh_capturing_1.yaml.
2024-09-05 18:42:01,177 : INFO : ConfigProcessor : Loading config: E:\MPF\wows\wows\shows\.\sh_capturing_1.yaml
2024-09-05 18:42:01,177 : INFO : ConfigProcessor : Config file cache created: C:\Users\dell\AppData\Local\Temp\fcb209f5756d4056b66c34a3e9f20f60.mpf_cache
2024-09-05 18:42:01,178 : WARNING : ConfigProcessor : Cache file not found: C:\Users\dell\AppData\Local\Temp\797d5c88f37a3f4c1eda6cc76ebd1d4b.mpf_cache
2024-09-05 18:42:01,178 : INFO : ConfigProcessor : Loading config from file E:\MPF\wows\wows\shows\.\sh_capturing_2.yaml.
2024-09-05 18:42:01,186 : INFO : ConfigProcessor : Loading config: E:\MPF\wows\wows\shows\.\sh_capturing_2.yaml
2024-09-05 18:42:01,187 : INFO : ConfigProcessor : Config file cache created: C:\Users\dell\AppData\Local\Temp\797d5c88f37a3f4c1eda6cc76ebd1d4b.mpf_cache
2024-09-05 18:42:01,187 : WARNING : ConfigProcessor : Cache file not found: C:\Users\dell\AppData\Local\Temp\fd8f672dffbfb9b282859f7185f62437.mpf_cache
2024-09-05 18:42:01,187 : INFO : ConfigProcessor : Loading config from file E:\MPF\wows\wows\shows\.\sh_capturing_3.yaml.
2024-09-05 18:42:01,195 : INFO : ConfigProcessor : Loading config: E:\MPF\wows\wows\shows\.\sh_capturing_3.yaml
2024-09-05 18:42:01,195 : INFO : ConfigProcessor : Config file cache created: C:\Users\dell\AppData\Local\Temp\fd8f672dffbfb9b282859f7185f62437.mpf_cache
2024-09-05 18:42:01,196 : WARNING : ConfigProcessor : Cache file not found: C:\Users\dell\AppData\Local\Temp\986b6c77a360e7ca0a5b736ec9bfb4fa.mpf_cache
2024-09-05 18:42:01,196 : INFO : ConfigProcessor : Loading config from file E:\MPF\wows\wows\shows\.\sh_capturing_4.yaml.
2024-09-05 18:42:01,203 : INFO : ConfigProcessor : Loading config: E:\MPF\wows\wows\shows\.\sh_capturing_4.yaml
2024-09-05 18:42:01,204 : INFO : ConfigProcessor : Config file cache created: C:\Users\dell\AppData\Local\Temp\986b6c77a360e7ca0a5b736ec9bfb4fa.mpf_cache
2024-09-05 18:42:01,204 : WARNING : ConfigProcessor : Cache file not found: C:\Users\dell\AppData\Local\Temp\851e1d46f2be32b89fdca6ef94995943.mpf_cache
2024-09-05 18:42:01,204 : INFO : ConfigProcessor : Loading config from file E:\MPF\wows\wows\shows\.\sh_capturing_5.yaml.
2024-09-05 18:42:01,210 : INFO : ConfigProcessor : Loading config: E:\MPF\wows\wows\shows\.\sh_capturing_5.yaml
2024-09-05 18:42:01,211 : INFO : ConfigProcessor : Config file cache created: C:\Users\dell\AppData\Local\Temp\851e1d46f2be32b89fdca6ef94995943.mpf_cache
2024-09-05 18:42:01,211 : WARNING : ConfigProcessor : Cache file not found: C:\Users\dell\AppData\Local\Temp\95f5997d9c4798b115eb453656d93a1f.mpf_cache
2024-09-05 18:42:01,211 : INFO : ConfigProcessor : Loading config from file E:\MPF\wows\wows\shows\.\sh_capturing_6.yaml.
2024-09-05 18:42:01,217 : INFO : ConfigProcessor : Loading config: E:\MPF\wows\wows\shows\.\sh_capturing_6.yaml
2024-09-05 18:42:01,218 : INFO : ConfigProcessor : Config file cache created: C:\Users\dell\AppData\Local\Temp\95f5997d9c4798b115eb453656d93a1f.mpf_cache
2024-09-05 18:42:01,218 : WARNING : ConfigProcessor : Cache file not found: C:\Users\dell\AppData\Local\Temp\804b9a1ad2b0368c8378a1697de79431.mpf_cache
2024-09-05 18:42:01,218 : INFO : ConfigProcessor : Loading config from file E:\MPF\wows\wows\shows\.\sh_container_ball.yaml.
2024-09-05 18:42:01,272 : INFO : ConfigProcessor : Loading config: E:\MPF\wows\wows\shows\.\sh_container_ball.yaml
2024-09-05 18:42:01,272 : INFO : ConfigProcessor : Config file cache created: C:\Users\dell\AppData\Local\Temp\804b9a1ad2b0368c8378a1697de79431.mpf_cache
2024-09-05 18:42:01,273 : WARNING : ConfigProcessor : Cache file not found: C:\Users\dell\AppData\Local\Temp\3f05176740ce9b1ce630d9f26057f472.mpf_cache
2024-09-05 18:42:01,273 : INFO : ConfigProcessor : Loading config from file E:\MPF\wows\wows\shows\.\sh_container_dmg.yaml.
2024-09-05 18:42:01,279 : INFO : ConfigProcessor : Loading config: E:\MPF\wows\wows\shows\.\sh_container_dmg.yaml
2024-09-05 18:42:01,280 : INFO : ConfigProcessor : Config file cache created: C:\Users\dell\AppData\Local\Temp\3f05176740ce9b1ce630d9f26057f472.mpf_cache
2024-09-05 18:42:01,280 : WARNING : ConfigProcessor : Cache file not found: C:\Users\dell\AppData\Local\Temp\d75c6855c6bfc342a42171d44ee55d0f.mpf_cache
2024-09-05 18:42:01,280 : INFO : ConfigProcessor : Loading config from file E:\MPF\wows\wows\shows\.\sh_container_jet.yaml.
2024-09-05 18:42:01,286 : INFO : ConfigProcessor : Loading config: E:\MPF\wows\wows\shows\.\sh_container_jet.yaml
2024-09-05 18:42:01,287 : INFO : ConfigProcessor : Config file cache created: C:\Users\dell\AppData\Local\Temp\d75c6855c6bfc342a42171d44ee55d0f.mpf_cache
2024-09-05 18:42:01,287 : WARNING : ConfigProcessor : Cache file not found: C:\Users\dell\AppData\Local\Temp\c03af884f77fd2edff48f1f1b29a0001.mpf_cache
2024-09-05 18:42:01,287 : INFO : ConfigProcessor : Loading config from file E:\MPF\wows\wows\shows\.\sh_container_x.yaml.
2024-09-05 18:42:01,293 : INFO : ConfigProcessor : Loading config: E:\MPF\wows\wows\shows\.\sh_container_x.yaml
2024-09-05 18:42:01,294 : INFO : ConfigProcessor : Config file cache created: C:\Users\dell\AppData\Local\Temp\c03af884f77fd2edff48f1f1b29a0001.mpf_cache
2024-09-05 18:42:01,294 : WARNING : ConfigProcessor : Cache file not found: C:\Users\dell\AppData\Local\Temp\125cf4d7d8d0f7b14ac4e9b5c5fc6dd9.mpf_cache
2024-09-05 18:42:01,294 : INFO : ConfigProcessor : Loading config from file E:\MPF\wows\wows\shows\.\sh_container_xp.yaml.
2024-09-05 18:42:01,301 : INFO : ConfigProcessor : Loading config: E:\MPF\wows\wows\shows\.\sh_container_xp.yaml
2024-09-05 18:42:01,301 : INFO : ConfigProcessor : Config file cache created: C:\Users\dell\AppData\Local\Temp\125cf4d7d8d0f7b14ac4e9b5c5fc6dd9.mpf_cache
2024-09-05 18:42:01,301 : WARNING : ConfigProcessor : Cache file not found: C:\Users\dell\AppData\Local\Temp\e98bbe1017594ac8f5dc55070bdaec1b.mpf_cache
2024-09-05 18:42:01,301 : INFO : ConfigProcessor : Loading config from file E:\MPF\wows\wows\shows\.\sh_crew_highlight_de.yaml.
2024-09-05 18:42:01,309 : INFO : ConfigProcessor : Loading config: E:\MPF\wows\wows\shows\.\sh_crew_highlight_de.yaml
2024-09-05 18:42:01,310 : INFO : ConfigProcessor : Config file cache created: C:\Users\dell\AppData\Local\Temp\e98bbe1017594ac8f5dc55070bdaec1b.mpf_cache
2024-09-05 18:42:01,310 : WARNING : ConfigProcessor : Cache file not found: C:\Users\dell\AppData\Local\Temp\540f9a41a139edc7fb3c0d3fef764d79.mpf_cache
2024-09-05 18:42:01,310 : INFO : ConfigProcessor : Loading config from file E:\MPF\wows\wows\shows\.\sh_crew_highlight_fr.yaml.
2024-09-05 18:42:01,316 : INFO : ConfigProcessor : Loading config: E:\MPF\wows\wows\shows\.\sh_crew_highlight_fr.yaml
2024-09-05 18:42:01,317 : INFO : ConfigProcessor : Config file cache created: C:\Users\dell\AppData\Local\Temp\540f9a41a139edc7fb3c0d3fef764d79.mpf_cache
2024-09-05 18:42:01,317 : WARNING : ConfigProcessor : Cache file not found: C:\Users\dell\AppData\Local\Temp\66310f6b7da6aa9e1e12a092b4e5ea1e.mpf_cache
2024-09-05 18:42:01,317 : INFO : ConfigProcessor : Loading config from file E:\MPF\wows\wows\shows\.\sh_crew_highlight_it.yaml.
2024-09-05 18:42:01,322 : INFO : ConfigProcessor : Loading config: E:\MPF\wows\wows\shows\.\sh_crew_highlight_it.yaml
2024-09-05 18:42:01,323 : INFO : ConfigProcessor : Config file cache created: C:\Users\dell\AppData\Local\Temp\66310f6b7da6aa9e1e12a092b4e5ea1e.mpf_cache
2024-09-05 18:42:01,323 : WARNING : ConfigProcessor : Cache file not found: C:\Users\dell\AppData\Local\Temp\e39b84c1f1807716ec310701a6bf0d73.mpf_cache
2024-09-05 18:42:01,323 : INFO : ConfigProcessor : Loading config from file E:\MPF\wows\wows\shows\.\sh_crew_highlight_ja.yaml.
2024-09-05 18:42:01,329 : INFO : ConfigProcessor : Loading config: E:\MPF\wows\wows\shows\.\sh_crew_highlight_ja.yaml
2024-09-05 18:42:01,329 : INFO : ConfigProcessor : Config file cache created: C:\Users\dell\AppData\Local\Temp\e39b84c1f1807716ec310701a6bf0d73.mpf_cache
2024-09-05 18:42:01,329 : WARNING : ConfigProcessor : Cache file not found: C:\Users\dell\AppData\Local\Temp\a3a3c1b8b3198ac6ffa6b5064057ae07.mpf_cache
2024-09-05 18:42:01,329 : INFO : ConfigProcessor : Loading config from file E:\MPF\wows\wows\shows\.\sh_crew_highlight_ru.yaml.
2024-09-05 18:42:01,334 : INFO : ConfigProcessor : Loading config: E:\MPF\wows\wows\shows\.\sh_crew_highlight_ru.yaml
2024-09-05 18:42:01,335 : INFO : ConfigProcessor : Config file cache created: C:\Users\dell\AppData\Local\Temp\a3a3c1b8b3198ac6ffa6b5064057ae07.mpf_cache
2024-09-05 18:42:01,335 : WARNING : ConfigProcessor : Cache file not found: C:\Users\dell\AppData\Local\Temp\4eebc146e222c8d9b7fa4d2858e69ea1.mpf_cache
2024-09-05 18:42:01,335 : INFO : ConfigProcessor : Loading config from file E:\MPF\wows\wows\shows\.\sh_crew_highlight_uk.yaml.
2024-09-05 18:42:01,348 : INFO : ConfigProcessor : Loading config: E:\MPF\wows\wows\shows\.\sh_crew_highlight_uk.yaml
2024-09-05 18:42:01,349 : INFO : ConfigProcessor : Config file cache created: C:\Users\dell\AppData\Local\Temp\4eebc146e222c8d9b7fa4d2858e69ea1.mpf_cache
2024-09-05 18:42:01,349 : WARNING : ConfigProcessor : Cache file not found: C:\Users\dell\AppData\Local\Temp\e126248c44ebfdee710b05c2b7d5fe82.mpf_cache
2024-09-05 18:42:01,349 : INFO : ConfigProcessor : Loading config from file E:\MPF\wows\wows\shows\.\sh_crew_highlight_us.yaml.
2024-09-05 18:42:01,355 : INFO : ConfigProcessor : Loading config: E:\MPF\wows\wows\shows\.\sh_crew_highlight_us.yaml
2024-09-05 18:42:01,355 : INFO : ConfigProcessor : Config file cache created: C:\Users\dell\AppData\Local\Temp\e126248c44ebfdee710b05c2b7d5fe82.mpf_cache
2024-09-05 18:42:01,355 : WARNING : ConfigProcessor : Cache file not found: C:\Users\dell\AppData\Local\Temp\69ecee52b21d2a851426dcc7135d38ea.mpf_cache
2024-09-05 18:42:01,355 : INFO : ConfigProcessor : Loading config from file E:\MPF\wows\wows\shows\.\sh_double_jackpot_1.yaml.
2024-09-05 18:42:01,392 : INFO : ConfigProcessor : Loading config: E:\MPF\wows\wows\shows\.\sh_double_jackpot_1.yaml
2024-09-05 18:42:01,392 : INFO : ConfigProcessor : Config file cache created: C:\Users\dell\AppData\Local\Temp\69ecee52b21d2a851426dcc7135d38ea.mpf_cache
2024-09-05 18:42:01,392 : WARNING : ConfigProcessor : Cache file not found: C:\Users\dell\AppData\Local\Temp\56ece61e32d3cc2ed53dd325a47460b4.mpf_cache
2024-09-05 18:42:01,392 : INFO : ConfigProcessor : Loading config from file E:\MPF\wows\wows\shows\.\sh_double_jackpot_2.yaml.
2024-09-05 18:42:01,405 : INFO : ConfigProcessor : Loading config: E:\MPF\wows\wows\shows\.\sh_double_jackpot_2.yaml
2024-09-05 18:42:01,405 : INFO : ConfigProcessor : Config file cache created: C:\Users\dell\AppData\Local\Temp\56ece61e32d3cc2ed53dd325a47460b4.mpf_cache
2024-09-05 18:42:01,405 : WARNING : ConfigProcessor : Cache file not found: C:\Users\dell\AppData\Local\Temp\d0b1dbeaceec3deef73ab0fce07cd740.mpf_cache
2024-09-05 18:42:01,406 : INFO : ConfigProcessor : Loading config from file E:\MPF\wows\wows\shows\.\sh_double_jackpot_3.yaml.
2024-09-05 18:42:01,439 : INFO : ConfigProcessor : Loading config: E:\MPF\wows\wows\shows\.\sh_double_jackpot_3.yaml
2024-09-05 18:42:01,439 : INFO : ConfigProcessor : Config file cache created: C:\Users\dell\AppData\Local\Temp\d0b1dbeaceec3deef73ab0fce07cd740.mpf_cache
2024-09-05 18:42:01,439 : WARNING : ConfigProcessor : Cache file not found: C:\Users\dell\AppData\Local\Temp\3d3afc7fea552c2bae3e6e1d92aa1a26.mpf_cache
2024-09-05 18:42:01,439 : INFO : ConfigProcessor : Loading config from file E:\MPF\wows\wows\shows\.\sh_double_jackpot_4.yaml.
2024-09-05 18:42:01,451 : INFO : ConfigProcessor : Loading config: E:\MPF\wows\wows\shows\.\sh_double_jackpot_4.yaml
2024-09-05 18:42:01,451 : INFO : ConfigProcessor : Config file cache created: C:\Users\dell\AppData\Local\Temp\3d3afc7fea552c2bae3e6e1d92aa1a26.mpf_cache
2024-09-05 18:42:01,452 : WARNING : ConfigProcessor : Cache file not found: C:\Users\dell\AppData\Local\Temp\4bd243ad0d8c16d00a837306cf5c3d29.mpf_cache
2024-09-05 18:42:01,452 : INFO : ConfigProcessor : Loading config from file E:\MPF\wows\wows\shows\.\sh_double_jackpot_5.yaml.
2024-09-05 18:42:01,463 : INFO : ConfigProcessor : Loading config: E:\MPF\wows\wows\shows\.\sh_double_jackpot_5.yaml
2024-09-05 18:42:01,464 : INFO : ConfigProcessor : Config file cache created: C:\Users\dell\AppData\Local\Temp\4bd243ad0d8c16d00a837306cf5c3d29.mpf_cache
2024-09-05 18:42:01,464 : WARNING : ConfigProcessor : Cache file not found: C:\Users\dell\AppData\Local\Temp\7f312b640f6d5109d8d1be2a05f128e8.mpf_cache
2024-09-05 18:42:01,464 : INFO : ConfigProcessor : Loading config from file E:\MPF\wows\wows\shows\.\sh_double_jackpot_6.yaml.
2024-09-05 18:42:01,475 : INFO : ConfigProcessor : Loading config: E:\MPF\wows\wows\shows\.\sh_double_jackpot_6.yaml
2024-09-05 18:42:01,476 : INFO : ConfigProcessor : Config file cache created: C:\Users\dell\AppData\Local\Temp\7f312b640f6d5109d8d1be2a05f128e8.mpf_cache
2024-09-05 18:42:01,476 : WARNING : ConfigProcessor : Cache file not found: C:\Users\dell\AppData\Local\Temp\67980d6a57506cd4da44486112b91bec.mpf_cache
2024-09-05 18:42:01,476 : INFO : ConfigProcessor : Loading config from file E:\MPF\wows\wows\shows\.\sh_hc_crit_dmg.yaml.
2024-09-05 18:42:01,496 : INFO : ConfigProcessor : Loading config: E:\MPF\wows\wows\shows\.\sh_hc_crit_dmg.yaml
2024-09-05 18:42:01,496 : INFO : ConfigProcessor : Config file cache created: C:\Users\dell\AppData\Local\Temp\67980d6a57506cd4da44486112b91bec.mpf_cache
2024-09-05 18:42:01,497 : WARNING : ConfigProcessor : Cache file not found: C:\Users\dell\AppData\Local\Temp\9ec3c911ae7e15f7065133c529810f95.mpf_cache
2024-09-05 18:42:01,497 : INFO : ConfigProcessor : Loading config from file E:\MPF\wows\wows\shows\.\sh_hc_heavy_dmg.yaml.
2024-09-05 18:42:01,504 : INFO : ConfigProcessor : Loading config: E:\MPF\wows\wows\shows\.\sh_hc_heavy_dmg.yaml
2024-09-05 18:42:01,505 : INFO : ConfigProcessor : Config file cache created: C:\Users\dell\AppData\Local\Temp\9ec3c911ae7e15f7065133c529810f95.mpf_cache
2024-09-05 18:42:01,505 : WARNING : ConfigProcessor : Cache file not found: C:\Users\dell\AppData\Local\Temp\930069940b749f97f86d219b2ddeacf1.mpf_cache
2024-09-05 18:42:01,505 : INFO : ConfigProcessor : Loading config from file E:\MPF\wows\wows\shows\.\sh_jackpot_1.yaml.
2024-09-05 18:42:01,520 : INFO : ConfigProcessor : Loading config: E:\MPF\wows\wows\shows\.\sh_jackpot_1.yaml
2024-09-05 18:42:01,521 : INFO : ConfigProcessor : Config file cache created: C:\Users\dell\AppData\Local\Temp\930069940b749f97f86d219b2ddeacf1.mpf_cache
2024-09-05 18:42:01,521 : WARNING : ConfigProcessor : Cache file not found: C:\Users\dell\AppData\Local\Temp\650f26d6333e64d21657a8ef260f5acf.mpf_cache
2024-09-05 18:42:01,521 : INFO : ConfigProcessor : Loading config from file E:\MPF\wows\wows\shows\.\sh_jackpot_2.yaml.
2024-09-05 18:42:01,531 : INFO : ConfigProcessor : Loading config: E:\MPF\wows\wows\shows\.\sh_jackpot_2.yaml
2024-09-05 18:42:01,532 : INFO : ConfigProcessor : Config file cache created: C:\Users\dell\AppData\Local\Temp\650f26d6333e64d21657a8ef260f5acf.mpf_cache
2024-09-05 18:42:01,532 : WARNING : ConfigProcessor : Cache file not found: C:\Users\dell\AppData\Local\Temp\7fe69373349de136ea08d265848ee2de.mpf_cache
2024-09-05 18:42:01,532 : INFO : ConfigProcessor : Loading config from file E:\MPF\wows\wows\shows\.\sh_jackpot_3.yaml.
2024-09-05 18:42:01,543 : INFO : ConfigProcessor : Loading config: E:\MPF\wows\wows\shows\.\sh_jackpot_3.yaml
2024-09-05 18:42:01,543 : INFO : ConfigProcessor : Config file cache created: C:\Users\dell\AppData\Local\Temp\7fe69373349de136ea08d265848ee2de.mpf_cache
2024-09-05 18:42:01,543 : WARNING : ConfigProcessor : Cache file not found: C:\Users\dell\AppData\Local\Temp\24196d5bffa5766d9b4a62f9ae23e660.mpf_cache
2024-09-05 18:42:01,543 : INFO : ConfigProcessor : Loading config from file E:\MPF\wows\wows\shows\.\sh_jackpot_4.yaml.
2024-09-05 18:42:01,554 : INFO : ConfigProcessor : Loading config: E:\MPF\wows\wows\shows\.\sh_jackpot_4.yaml
2024-09-05 18:42:01,554 : INFO : ConfigProcessor : Config file cache created: C:\Users\dell\AppData\Local\Temp\24196d5bffa5766d9b4a62f9ae23e660.mpf_cache
2024-09-05 18:42:01,554 : WARNING : ConfigProcessor : Cache file not found: C:\Users\dell\AppData\Local\Temp\5f56171e4007003f2e0029bfa218d47c.mpf_cache
2024-09-05 18:42:01,554 : INFO : ConfigProcessor : Loading config from file E:\MPF\wows\wows\shows\.\sh_jackpot_5.yaml.
2024-09-05 18:42:01,568 : INFO : ConfigProcessor : Loading config: E:\MPF\wows\wows\shows\.\sh_jackpot_5.yaml
2024-09-05 18:42:01,568 : INFO : ConfigProcessor : Config file cache created: C:\Users\dell\AppData\Local\Temp\5f56171e4007003f2e0029bfa218d47c.mpf_cache
2024-09-05 18:42:01,569 : WARNING : ConfigProcessor : Cache file not found: C:\Users\dell\AppData\Local\Temp\9828dc3aacab1158f9e233d43cb3fe1f.mpf_cache
2024-09-05 18:42:01,569 : INFO : ConfigProcessor : Loading config from file E:\MPF\wows\wows\shows\.\sh_jackpot_6.yaml.
2024-09-05 18:42:01,582 : INFO : ConfigProcessor : Loading config: E:\MPF\wows\wows\shows\.\sh_jackpot_6.yaml
2024-09-05 18:42:01,582 : INFO : ConfigProcessor : Config file cache created: C:\Users\dell\AppData\Local\Temp\9828dc3aacab1158f9e233d43cb3fe1f.mpf_cache
2024-09-05 18:42:01,583 : WARNING : ConfigProcessor : Cache file not found: C:\Users\dell\AppData\Local\Temp\93dd7129697f51b97f6c3186dcf43a8c.mpf_cache
2024-09-05 18:42:01,583 : INFO : ConfigProcessor : Loading config from file E:\MPF\wows\wows\shows\.\sh_jackpot_to_super.yaml.
2024-09-05 18:42:01,614 : INFO : ConfigProcessor : Loading config: E:\MPF\wows\wows\shows\.\sh_jackpot_to_super.yaml
2024-09-05 18:42:01,614 : INFO : ConfigProcessor : Config file cache created: C:\Users\dell\AppData\Local\Temp\93dd7129697f51b97f6c3186dcf43a8c.mpf_cache
2024-09-05 18:42:01,615 : WARNING : ConfigProcessor : Cache file not found: C:\Users\dell\AppData\Local\Temp\854a9aa5d57e7e92df5c4ac62cddaec0.mpf_cache
2024-09-05 18:42:01,615 : INFO : ConfigProcessor : Loading config from file E:\MPF\wows\wows\shows\.\sh_jackpot_to_super_prepare.yaml.
2024-09-05 18:42:01,621 : INFO : ConfigProcessor : Loading config: E:\MPF\wows\wows\shows\.\sh_jackpot_to_super_prepare.yaml
2024-09-05 18:42:01,621 : INFO : ConfigProcessor : Config file cache created: C:\Users\dell\AppData\Local\Temp\854a9aa5d57e7e92df5c4ac62cddaec0.mpf_cache
2024-09-05 18:42:01,621 : WARNING : ConfigProcessor : Cache file not found: C:\Users\dell\AppData\Local\Temp\4a17f5ab6f47bd6cbffa808b6eeea916.mpf_cache
2024-09-05 18:42:01,621 : INFO : ConfigProcessor : Loading config from file E:\MPF\wows\wows\shows\.\sh_match.yaml.
2024-09-05 18:42:01,660 : INFO : ConfigProcessor : Loading config: E:\MPF\wows\wows\shows\.\sh_match.yaml
2024-09-05 18:42:01,660 : INFO : ConfigProcessor : Config file cache created: C:\Users\dell\AppData\Local\Temp\4a17f5ab6f47bd6cbffa808b6eeea916.mpf_cache
2024-09-05 18:42:01,661 : WARNING : ConfigProcessor : Cache file not found: C:\Users\dell\AppData\Local\Temp\87b77888918ca02abc6ea55edabaa1e0.mpf_cache
2024-09-05 18:42:01,661 : INFO : ConfigProcessor : Loading config from file E:\MPF\wows\wows\shows\.\sh_mode_10_completed.yaml.
2024-09-05 18:42:01,765 : INFO : ConfigProcessor : Loading config: E:\MPF\wows\wows\shows\.\sh_mode_10_completed.yaml
2024-09-05 18:42:01,766 : INFO : ConfigProcessor : Config file cache created: C:\Users\dell\AppData\Local\Temp\87b77888918ca02abc6ea55edabaa1e0.mpf_cache
2024-09-05 18:42:01,766 : WARNING : ConfigProcessor : Cache file not found: C:\Users\dell\AppData\Local\Temp\2e8097eb902f0db673edff67ef20cd70.mpf_cache
2024-09-05 18:42:01,766 : INFO : ConfigProcessor : Loading config from file E:\MPF\wows\wows\shows\.\sh_mode_10_progress.yaml.
2024-09-05 18:42:01,773 : INFO : ConfigProcessor : Loading config: E:\MPF\wows\wows\shows\.\sh_mode_10_progress.yaml
2024-09-05 18:42:01,774 : INFO : ConfigProcessor : Config file cache created: C:\Users\dell\AppData\Local\Temp\2e8097eb902f0db673edff67ef20cd70.mpf_cache
2024-09-05 18:42:01,774 : WARNING : ConfigProcessor : Cache file not found: C:\Users\dell\AppData\Local\Temp\6dda5ce3394e1c203b91cdb4c3bc5158.mpf_cache
2024-09-05 18:42:01,774 : INFO : ConfigProcessor : Loading config from file E:\MPF\wows\wows\shows\.\sh_mode_10_start.yaml.
2024-09-05 18:42:01,781 : INFO : ConfigProcessor : Loading config: E:\MPF\wows\wows\shows\.\sh_mode_10_start.yaml
2024-09-05 18:42:01,782 : INFO : ConfigProcessor : Config file cache created: C:\Users\dell\AppData\Local\Temp\6dda5ce3394e1c203b91cdb4c3bc5158.mpf_cache
2024-09-05 18:42:01,782 : WARNING : ConfigProcessor : Cache file not found: C:\Users\dell\AppData\Local\Temp\801d82c75b08baf8aba110a640054dee.mpf_cache
2024-09-05 18:42:01,782 : INFO : ConfigProcessor : Loading config from file E:\MPF\wows\wows\shows\.\sh_mode_1_completed.yaml.
2024-09-05 18:42:01,872 : INFO : ConfigProcessor : Loading config: E:\MPF\wows\wows\shows\.\sh_mode_1_completed.yaml
2024-09-05 18:42:01,872 : INFO : ConfigProcessor : Config file cache created: C:\Users\dell\AppData\Local\Temp\801d82c75b08baf8aba110a640054dee.mpf_cache
2024-09-05 18:42:01,873 : WARNING : ConfigProcessor : Cache file not found: C:\Users\dell\AppData\Local\Temp\6d7eeb6b67afdec81637282a9dda6782.mpf_cache
2024-09-05 18:42:01,873 : INFO : ConfigProcessor : Loading config from file E:\MPF\wows\wows\shows\.\sh_mode_1_progress.yaml.
2024-09-05 18:42:01,891 : INFO : ConfigProcessor : Loading config: E:\MPF\wows\wows\shows\.\sh_mode_1_progress.yaml
2024-09-05 18:42:01,891 : INFO : ConfigProcessor : Config file cache created: C:\Users\dell\AppData\Local\Temp\6d7eeb6b67afdec81637282a9dda6782.mpf_cache
2024-09-05 18:42:01,892 : WARNING : ConfigProcessor : Cache file not found: C:\Users\dell\AppData\Local\Temp\f18efe2c04100550263acd9a8a6038af.mpf_cache
2024-09-05 18:42:01,892 : INFO : ConfigProcessor : Loading config from file E:\MPF\wows\wows\shows\.\sh_mode_1_shot_made_1.yaml.
2024-09-05 18:42:01,900 : INFO : ConfigProcessor : Loading config: E:\MPF\wows\wows\shows\.\sh_mode_1_shot_made_1.yaml
2024-09-05 18:42:01,900 : INFO : ConfigProcessor : Config file cache created: C:\Users\dell\AppData\Local\Temp\f18efe2c04100550263acd9a8a6038af.mpf_cache
2024-09-05 18:42:01,901 : WARNING : ConfigProcessor : Cache file not found: C:\Users\dell\AppData\Local\Temp\77dfdfbf7011c8796e93f9e4ee745691.mpf_cache
2024-09-05 18:42:01,901 : INFO : ConfigProcessor : Loading config from file E:\MPF\wows\wows\shows\.\sh_mode_1_shot_made_2.yaml.
2024-09-05 18:42:01,909 : INFO : ConfigProcessor : Loading config: E:\MPF\wows\wows\shows\.\sh_mode_1_shot_made_2.yaml
2024-09-05 18:42:01,909 : INFO : ConfigProcessor : Config file cache created: C:\Users\dell\AppData\Local\Temp\77dfdfbf7011c8796e93f9e4ee745691.mpf_cache
2024-09-05 18:42:01,909 : WARNING : ConfigProcessor : Cache file not found: C:\Users\dell\AppData\Local\Temp\55e62533d8b0090336fcaf5380faf342.mpf_cache
2024-09-05 18:42:01,910 : INFO : ConfigProcessor : Loading config from file E:\MPF\wows\wows\shows\.\sh_mode_1_shot_made_3.yaml.
2024-09-05 18:42:01,917 : INFO : ConfigProcessor : Loading config: E:\MPF\wows\wows\shows\.\sh_mode_1_shot_made_3.yaml
2024-09-05 18:42:01,917 : INFO : ConfigProcessor : Config file cache created: C:\Users\dell\AppData\Local\Temp\55e62533d8b0090336fcaf5380faf342.mpf_cache
2024-09-05 18:42:01,917 : WARNING : ConfigProcessor : Cache file not found: C:\Users\dell\AppData\Local\Temp\9fa4a25ee32f55bf2c6a76fb59d8bbaf.mpf_cache
2024-09-05 18:42:01,917 : INFO : ConfigProcessor : Loading config from file E:\MPF\wows\wows\shows\.\sh_mode_1_shot_made_4.yaml.
2024-09-05 18:42:01,925 : INFO : ConfigProcessor : Loading config: E:\MPF\wows\wows\shows\.\sh_mode_1_shot_made_4.yaml
2024-09-05 18:42:01,925 : INFO : ConfigProcessor : Config file cache created: C:\Users\dell\AppData\Local\Temp\9fa4a25ee32f55bf2c6a76fb59d8bbaf.mpf_cache
2024-09-05 18:42:01,925 : WARNING : ConfigProcessor : Cache file not found: C:\Users\dell\AppData\Local\Temp\7e90ab1bc560333dd4b4d9f4aaf6bf62.mpf_cache
2024-09-05 18:42:01,925 : INFO : ConfigProcessor : Loading config from file E:\MPF\wows\wows\shows\.\sh_mode_1_start.yaml.
2024-09-05 18:42:01,932 : INFO : ConfigProcessor : Loading config: E:\MPF\wows\wows\shows\.\sh_mode_1_start.yaml
2024-09-05 18:42:01,933 : INFO : ConfigProcessor : Config file cache created: C:\Users\dell\AppData\Local\Temp\7e90ab1bc560333dd4b4d9f4aaf6bf62.mpf_cache
2024-09-05 18:42:01,933 : WARNING : ConfigProcessor : Cache file not found: C:\Users\dell\AppData\Local\Temp\24505a0d42d384632078d94085b52904.mpf_cache
2024-09-05 18:42:01,933 : INFO : ConfigProcessor : Loading config from file E:\MPF\wows\wows\shows\.\sh_mode_2_completed.yaml.
2024-09-05 18:42:01,941 : INFO : ConfigProcessor : Loading config: E:\MPF\wows\wows\shows\.\sh_mode_2_completed.yaml
2024-09-05 18:42:01,942 : INFO : ConfigProcessor : Config file cache created: C:\Users\dell\AppData\Local\Temp\24505a0d42d384632078d94085b52904.mpf_cache
2024-09-05 18:42:01,942 : WARNING : ConfigProcessor : Cache file not found: C:\Users\dell\AppData\Local\Temp\d2e2dee5d391f181bf417bbfa62b8ee2.mpf_cache
2024-09-05 18:42:01,942 : INFO : ConfigProcessor : Loading config from file E:\MPF\wows\wows\shows\.\sh_mode_2_progress.yaml.
2024-09-05 18:42:01,949 : INFO : ConfigProcessor : Loading config: E:\MPF\wows\wows\shows\.\sh_mode_2_progress.yaml
2024-09-05 18:42:01,949 : INFO : ConfigProcessor : Config file cache created: C:\Users\dell\AppData\Local\Temp\d2e2dee5d391f181bf417bbfa62b8ee2.mpf_cache
2024-09-05 18:42:01,950 : WARNING : ConfigProcessor : Cache file not found: C:\Users\dell\AppData\Local\Temp\4398dc713d774371f49c655025259670.mpf_cache
2024-09-05 18:42:01,950 : INFO : ConfigProcessor : Loading config from file E:\MPF\wows\wows\shows\.\sh_mode_2_start.yaml.
2024-09-05 18:42:01,958 : INFO : ConfigProcessor : Loading config: E:\MPF\wows\wows\shows\.\sh_mode_2_start.yaml
2024-09-05 18:42:01,958 : INFO : ConfigProcessor : Config file cache created: C:\Users\dell\AppData\Local\Temp\4398dc713d774371f49c655025259670.mpf_cache
2024-09-05 18:42:01,959 : WARNING : ConfigProcessor : Cache file not found: C:\Users\dell\AppData\Local\Temp\2a10046c74e5eb8ef0ed9d338302b7e2.mpf_cache
2024-09-05 18:42:01,959 : INFO : ConfigProcessor : Loading config from file E:\MPF\wows\wows\shows\.\sh_mode_3_completed.yaml.
2024-09-05 18:42:01,967 : INFO : ConfigProcessor : Loading config: E:\MPF\wows\wows\shows\.\sh_mode_3_completed.yaml
2024-09-05 18:42:01,968 : INFO : ConfigProcessor : Config file cache created: C:\Users\dell\AppData\Local\Temp\2a10046c74e5eb8ef0ed9d338302b7e2.mpf_cache
2024-09-05 18:42:01,968 : WARNING : ConfigProcessor : Cache file not found: C:\Users\dell\AppData\Local\Temp\1976a772a16c7f14b7c542c255637f22.mpf_cache
2024-09-05 18:42:01,968 : INFO : ConfigProcessor : Loading config from file E:\MPF\wows\wows\shows\.\sh_mode_3_progress.yaml.
2024-09-05 18:42:01,976 : INFO : ConfigProcessor : Loading config: E:\MPF\wows\wows\shows\.\sh_mode_3_progress.yaml
2024-09-05 18:42:01,976 : INFO : ConfigProcessor : Config file cache created: C:\Users\dell\AppData\Local\Temp\1976a772a16c7f14b7c542c255637f22.mpf_cache
2024-09-05 18:42:01,976 : WARNING : ConfigProcessor : Cache file not found: C:\Users\dell\AppData\Local\Temp\91df8e0ae0e44730ed622ea2efb74e97.mpf_cache
2024-09-05 18:42:01,976 : INFO : ConfigProcessor : Loading config from file E:\MPF\wows\wows\shows\.\sh_mode_3_shot_made.yaml.
2024-09-05 18:42:02,022 : INFO : ConfigProcessor : Loading config: E:\MPF\wows\wows\shows\.\sh_mode_3_shot_made.yaml
2024-09-05 18:42:02,022 : INFO : ConfigProcessor : Config file cache created: C:\Users\dell\AppData\Local\Temp\91df8e0ae0e44730ed622ea2efb74e97.mpf_cache
2024-09-05 18:42:02,022 : WARNING : ConfigProcessor : Cache file not found: C:\Users\dell\AppData\Local\Temp\dff6fabdd3c60a7e52618c514c4d53bb.mpf_cache
2024-09-05 18:42:02,022 : INFO : ConfigProcessor : Loading config from file E:\MPF\wows\wows\shows\.\sh_mode_3_start.yaml.
2024-09-05 18:42:02,030 : INFO : ConfigProcessor : Loading config: E:\MPF\wows\wows\shows\.\sh_mode_3_start.yaml
2024-09-05 18:42:02,030 : INFO : ConfigProcessor : Config file cache created: C:\Users\dell\AppData\Local\Temp\dff6fabdd3c60a7e52618c514c4d53bb.mpf_cache
2024-09-05 18:42:02,030 : WARNING : ConfigProcessor : Cache file not found: C:\Users\dell\AppData\Local\Temp\b00ca6d895de68a8daf4555cf943ba58.mpf_cache
2024-09-05 18:42:02,030 : INFO : ConfigProcessor : Loading config from file E:\MPF\wows\wows\shows\.\sh_mode_4_completed.yaml.
2024-09-05 18:42:02,039 : INFO : ConfigProcessor : Loading config: E:\MPF\wows\wows\shows\.\sh_mode_4_completed.yaml
2024-09-05 18:42:02,039 : INFO : ConfigProcessor : Config file cache created: C:\Users\dell\AppData\Local\Temp\b00ca6d895de68a8daf4555cf943ba58.mpf_cache
2024-09-05 18:42:02,040 : WARNING : ConfigProcessor : Cache file not found: C:\Users\dell\AppData\Local\Temp\b5b8a4db5bea0726b6595532599dafa3.mpf_cache
2024-09-05 18:42:02,040 : INFO : ConfigProcessor : Loading config from file E:\MPF\wows\wows\shows\.\sh_mode_4_progress.yaml.
2024-09-05 18:42:02,047 : INFO : ConfigProcessor : Loading config: E:\MPF\wows\wows\shows\.\sh_mode_4_progress.yaml
2024-09-05 18:42:02,047 : INFO : ConfigProcessor : Config file cache created: C:\Users\dell\AppData\Local\Temp\b5b8a4db5bea0726b6595532599dafa3.mpf_cache
2024-09-05 18:42:02,047 : WARNING : ConfigProcessor : Cache file not found: C:\Users\dell\AppData\Local\Temp\69fdf32f8b1f00ca71933bfdf818d181.mpf_cache
2024-09-05 18:42:02,048 : INFO : ConfigProcessor : Loading config from file E:\MPF\wows\wows\shows\.\sh_mode_4_shot_made.yaml.
2024-09-05 18:42:02,055 : INFO : ConfigProcessor : Loading config: E:\MPF\wows\wows\shows\.\sh_mode_4_shot_made.yaml
2024-09-05 18:42:02,055 : INFO : ConfigProcessor : Config file cache created: C:\Users\dell\AppData\Local\Temp\69fdf32f8b1f00ca71933bfdf818d181.mpf_cache
2024-09-05 18:42:02,055 : WARNING : ConfigProcessor : Cache file not found: C:\Users\dell\AppData\Local\Temp\2ea47c81ed4f8a69c675021c80778e85.mpf_cache
2024-09-05 18:42:02,055 : INFO : ConfigProcessor : Loading config from file E:\MPF\wows\wows\shows\.\sh_mode_4_start.yaml.
2024-09-05 18:42:02,062 : INFO : ConfigProcessor : Loading config: E:\MPF\wows\wows\shows\.\sh_mode_4_start.yaml
2024-09-05 18:42:02,063 : INFO : ConfigProcessor : Config file cache created: C:\Users\dell\AppData\Local\Temp\2ea47c81ed4f8a69c675021c80778e85.mpf_cache
2024-09-05 18:42:02,063 : WARNING : ConfigProcessor : Cache file not found: C:\Users\dell\AppData\Local\Temp\4341f22727a1b0f8b478ff6fc7114278.mpf_cache
2024-09-05 18:42:02,063 : INFO : ConfigProcessor : Loading config from file E:\MPF\wows\wows\shows\.\sh_mode_5_completed.yaml.
2024-09-05 18:42:02,071 : INFO : ConfigProcessor : Loading config: E:\MPF\wows\wows\shows\.\sh_mode_5_completed.yaml
2024-09-05 18:42:02,071 : INFO : ConfigProcessor : Config file cache created: C:\Users\dell\AppData\Local\Temp\4341f22727a1b0f8b478ff6fc7114278.mpf_cache
2024-09-05 18:42:02,072 : WARNING : ConfigProcessor : Cache file not found: C:\Users\dell\AppData\Local\Temp\34b907b0c1988670c99198ad34048e9b.mpf_cache
2024-09-05 18:42:02,072 : INFO : ConfigProcessor : Loading config from file E:\MPF\wows\wows\shows\.\sh_mode_5_progress.yaml.
2024-09-05 18:42:02,078 : INFO : ConfigProcessor : Loading config: E:\MPF\wows\wows\shows\.\sh_mode_5_progress.yaml
2024-09-05 18:42:02,079 : INFO : ConfigProcessor : Config file cache created: C:\Users\dell\AppData\Local\Temp\34b907b0c1988670c99198ad34048e9b.mpf_cache
2024-09-05 18:42:02,079 : WARNING : ConfigProcessor : Cache file not found: C:\Users\dell\AppData\Local\Temp\3078b120455821a73c8c6f8a1dceab4f.mpf_cache
2024-09-05 18:42:02,079 : INFO : ConfigProcessor : Loading config from file E:\MPF\wows\wows\shows\.\sh_mode_5_shot_made.yaml.
2024-09-05 18:42:02,086 : INFO : ConfigProcessor : Loading config: E:\MPF\wows\wows\shows\.\sh_mode_5_shot_made.yaml
2024-09-05 18:42:02,087 : INFO : ConfigProcessor : Config file cache created: C:\Users\dell\AppData\Local\Temp\3078b120455821a73c8c6f8a1dceab4f.mpf_cache
2024-09-05 18:42:02,087 : WARNING : ConfigProcessor : Cache file not found: C:\Users\dell\AppData\Local\Temp\d95a17e65a2b41e386a7fc14bcda65fd.mpf_cache
2024-09-05 18:42:02,087 : INFO : ConfigProcessor : Loading config from file E:\MPF\wows\wows\shows\.\sh_mode_5_start.yaml.
2024-09-05 18:42:02,094 : INFO : ConfigProcessor : Loading config: E:\MPF\wows\wows\shows\.\sh_mode_5_start.yaml
2024-09-05 18:42:02,094 : INFO : ConfigProcessor : Config file cache created: C:\Users\dell\AppData\Local\Temp\d95a17e65a2b41e386a7fc14bcda65fd.mpf_cache
2024-09-05 18:42:02,094 : WARNING : ConfigProcessor : Cache file not found: C:\Users\dell\AppData\Local\Temp\70a3dc288dcfdeeb747f888700969697.mpf_cache
2024-09-05 18:42:02,094 : INFO : ConfigProcessor : Loading config from file E:\MPF\wows\wows\shows\.\sh_mode_6_completed.yaml.
2024-09-05 18:42:02,102 : INFO : ConfigProcessor : Loading config: E:\MPF\wows\wows\shows\.\sh_mode_6_completed.yaml
2024-09-05 18:42:02,103 : INFO : ConfigProcessor : Config file cache created: C:\Users\dell\AppData\Local\Temp\70a3dc288dcfdeeb747f888700969697.mpf_cache
2024-09-05 18:42:02,103 : WARNING : ConfigProcessor : Cache file not found: C:\Users\dell\AppData\Local\Temp\a545989d29acb91f9b5046622b67b4ed.mpf_cache
2024-09-05 18:42:02,103 : INFO : ConfigProcessor : Loading config from file E:\MPF\wows\wows\shows\.\sh_mode_6_progress.yaml.
2024-09-05 18:42:02,110 : INFO : ConfigProcessor : Loading config: E:\MPF\wows\wows\shows\.\sh_mode_6_progress.yaml
2024-09-05 18:42:02,111 : INFO : ConfigProcessor : Config file cache created: C:\Users\dell\AppData\Local\Temp\a545989d29acb91f9b5046622b67b4ed.mpf_cache
2024-09-05 18:42:02,111 : WARNING : ConfigProcessor : Cache file not found: C:\Users\dell\AppData\Local\Temp\8d6f9c7ff9c39db68f4d155bf8492fbe.mpf_cache
2024-09-05 18:42:02,111 : INFO : ConfigProcessor : Loading config from file E:\MPF\wows\wows\shows\.\sh_mode_6_shot_made.yaml.
2024-09-05 18:42:02,118 : INFO : ConfigProcessor : Loading config: E:\MPF\wows\wows\shows\.\sh_mode_6_shot_made.yaml
2024-09-05 18:42:02,119 : INFO : ConfigProcessor : Config file cache created: C:\Users\dell\AppData\Local\Temp\8d6f9c7ff9c39db68f4d155bf8492fbe.mpf_cache
2024-09-05 18:42:02,119 : WARNING : ConfigProcessor : Cache file not found: C:\Users\dell\AppData\Local\Temp\155f4ce74e2bf17af8dbff2a4763087f.mpf_cache
2024-09-05 18:42:02,119 : INFO : ConfigProcessor : Loading config from file E:\MPF\wows\wows\shows\.\sh_mode_6_start.yaml.
2024-09-05 18:42:02,126 : INFO : ConfigProcessor : Loading config: E:\MPF\wows\wows\shows\.\sh_mode_6_start.yaml
2024-09-05 18:42:02,127 : INFO : ConfigProcessor : Config file cache created: C:\Users\dell\AppData\Local\Temp\155f4ce74e2bf17af8dbff2a4763087f.mpf_cache
2024-09-05 18:42:02,127 : WARNING : ConfigProcessor : Cache file not found: C:\Users\dell\AppData\Local\Temp\1f327f8ed4990105250a8e68ccfd880b.mpf_cache
2024-09-05 18:42:02,127 : INFO : ConfigProcessor : Loading config from file E:\MPF\wows\wows\shows\.\sh_mode_7_completed.yaml.
2024-09-05 18:42:02,135 : INFO : ConfigProcessor : Loading config: E:\MPF\wows\wows\shows\.\sh_mode_7_completed.yaml
2024-09-05 18:42:02,135 : INFO : ConfigProcessor : Config file cache created: C:\Users\dell\AppData\Local\Temp\1f327f8ed4990105250a8e68ccfd880b.mpf_cache
2024-09-05 18:42:02,136 : WARNING : ConfigProcessor : Cache file not found: C:\Users\dell\AppData\Local\Temp\631f1a0f4495ddfec417d1e517d075ee.mpf_cache
2024-09-05 18:42:02,136 : INFO : ConfigProcessor : Loading config from file E:\MPF\wows\wows\shows\.\sh_mode_7_progress.yaml.
2024-09-05 18:42:02,143 : INFO : ConfigProcessor : Loading config: E:\MPF\wows\wows\shows\.\sh_mode_7_progress.yaml
2024-09-05 18:42:02,143 : INFO : ConfigProcessor : Config file cache created: C:\Users\dell\AppData\Local\Temp\631f1a0f4495ddfec417d1e517d075ee.mpf_cache
2024-09-05 18:42:02,143 : WARNING : ConfigProcessor : Cache file not found: C:\Users\dell\AppData\Local\Temp\58d128190d1d0b57398f3d0bb3d51665.mpf_cache
2024-09-05 18:42:02,143 : INFO : ConfigProcessor : Loading config from file E:\MPF\wows\wows\shows\.\sh_mode_7_shot_made.yaml.
2024-09-05 18:42:02,158 : INFO : ConfigProcessor : Loading config: E:\MPF\wows\wows\shows\.\sh_mode_7_shot_made.yaml
2024-09-05 18:42:02,158 : INFO : ConfigProcessor : Config file cache created: C:\Users\dell\AppData\Local\Temp\58d128190d1d0b57398f3d0bb3d51665.mpf_cache
2024-09-05 18:42:02,158 : WARNING : ConfigProcessor : Cache file not found: C:\Users\dell\AppData\Local\Temp\3a392e0f36204bd15fe7f620a9abd8a5.mpf_cache
2024-09-05 18:42:02,158 : INFO : ConfigProcessor : Loading config from file E:\MPF\wows\wows\shows\.\sh_mode_7_start.yaml.
2024-09-05 18:42:02,166 : INFO : ConfigProcessor : Loading config: E:\MPF\wows\wows\shows\.\sh_mode_7_start.yaml
2024-09-05 18:42:02,166 : INFO : ConfigProcessor : Config file cache created: C:\Users\dell\AppData\Local\Temp\3a392e0f36204bd15fe7f620a9abd8a5.mpf_cache
2024-09-05 18:42:02,166 : WARNING : ConfigProcessor : Cache file not found: C:\Users\dell\AppData\Local\Temp\a21cdf4e7d11d0ddd588c2361820cd3f.mpf_cache
2024-09-05 18:42:02,166 : INFO : ConfigProcessor : Loading config from file E:\MPF\wows\wows\shows\.\sh_mode_8_completed.yaml.
2024-09-05 18:42:02,202 : INFO : ConfigProcessor : Loading config: E:\MPF\wows\wows\shows\.\sh_mode_8_completed.yaml
2024-09-05 18:42:02,203 : INFO : ConfigProcessor : Config file cache created: C:\Users\dell\AppData\Local\Temp\a21cdf4e7d11d0ddd588c2361820cd3f.mpf_cache
2024-09-05 18:42:02,203 : WARNING : ConfigProcessor : Cache file not found: C:\Users\dell\AppData\Local\Temp\c985e32e9d44f65a2b4ce21de0879b93.mpf_cache
2024-09-05 18:42:02,203 : INFO : ConfigProcessor : Loading config from file E:\MPF\wows\wows\shows\.\sh_mode_8_progress.yaml.
2024-09-05 18:42:02,222 : INFO : ConfigProcessor : Loading config: E:\MPF\wows\wows\shows\.\sh_mode_8_progress.yaml
2024-09-05 18:42:02,222 : INFO : ConfigProcessor : Config file cache created: C:\Users\dell\AppData\Local\Temp\c985e32e9d44f65a2b4ce21de0879b93.mpf_cache
2024-09-05 18:42:02,223 : WARNING : ConfigProcessor : Cache file not found: C:\Users\dell\AppData\Local\Temp\53b5443f454133ae1b362b3b93db77cb.mpf_cache
2024-09-05 18:42:02,223 : INFO : ConfigProcessor : Loading config from file E:\MPF\wows\wows\shows\.\sh_mode_8_shot_made.yaml.
2024-09-05 18:42:02,230 : INFO : ConfigProcessor : Loading config: E:\MPF\wows\wows\shows\.\sh_mode_8_shot_made.yaml
2024-09-05 18:42:02,230 : INFO : ConfigProcessor : Config file cache created: C:\Users\dell\AppData\Local\Temp\53b5443f454133ae1b362b3b93db77cb.mpf_cache
2024-09-05 18:42:02,231 : WARNING : ConfigProcessor : Cache file not found: C:\Users\dell\AppData\Local\Temp\3931d087bd0a337e7115b05d59ca5799.mpf_cache
2024-09-05 18:42:02,231 : INFO : ConfigProcessor : Loading config from file E:\MPF\wows\wows\shows\.\sh_mode_8_start.yaml.
2024-09-05 18:42:02,237 : INFO : ConfigProcessor : Loading config: E:\MPF\wows\wows\shows\.\sh_mode_8_start.yaml
2024-09-05 18:42:02,238 : INFO : ConfigProcessor : Config file cache created: C:\Users\dell\AppData\Local\Temp\3931d087bd0a337e7115b05d59ca5799.mpf_cache
2024-09-05 18:42:02,238 : WARNING : ConfigProcessor : Cache file not found: C:\Users\dell\AppData\Local\Temp\4b9dbb62597032bf50b643d8dab4e70a.mpf_cache
2024-09-05 18:42:02,238 : INFO : ConfigProcessor : Loading config from file E:\MPF\wows\wows\shows\.\sh_mode_9_completed.yaml.
2024-09-05 18:42:02,247 : INFO : ConfigProcessor : Loading config: E:\MPF\wows\wows\shows\.\sh_mode_9_completed.yaml
2024-09-05 18:42:02,247 : INFO : ConfigProcessor : Config file cache created: C:\Users\dell\AppData\Local\Temp\4b9dbb62597032bf50b643d8dab4e70a.mpf_cache
2024-09-05 18:42:02,247 : WARNING : ConfigProcessor : Cache file not found: C:\Users\dell\AppData\Local\Temp\765fb0e29c5e0a3c4df63af3a63a2aa9.mpf_cache
2024-09-05 18:42:02,247 : INFO : ConfigProcessor : Loading config from file E:\MPF\wows\wows\shows\.\sh_mode_9_progress.yaml.
2024-09-05 18:42:02,255 : INFO : ConfigProcessor : Loading config: E:\MPF\wows\wows\shows\.\sh_mode_9_progress.yaml
2024-09-05 18:42:02,255 : INFO : ConfigProcessor : Config file cache created: C:\Users\dell\AppData\Local\Temp\765fb0e29c5e0a3c4df63af3a63a2aa9.mpf_cache
2024-09-05 18:42:02,255 : WARNING : ConfigProcessor : Cache file not found: C:\Users\dell\AppData\Local\Temp\92bd7ddb78685ce3872fdffddbf4066b.mpf_cache
2024-09-05 18:42:02,255 : INFO : ConfigProcessor : Loading config from file E:\MPF\wows\wows\shows\.\sh_mode_9_shot_made.yaml.
2024-09-05 18:42:02,263 : INFO : ConfigProcessor : Loading config: E:\MPF\wows\wows\shows\.\sh_mode_9_shot_made.yaml
2024-09-05 18:42:02,263 : INFO : ConfigProcessor : Config file cache created: C:\Users\dell\AppData\Local\Temp\92bd7ddb78685ce3872fdffddbf4066b.mpf_cache
2024-09-05 18:42:02,264 : WARNING : ConfigProcessor : Cache file not found: C:\Users\dell\AppData\Local\Temp\f17b18f8fc49aa4015f8aaed5fe0310c.mpf_cache
2024-09-05 18:42:02,264 : INFO : ConfigProcessor : Loading config from file E:\MPF\wows\wows\shows\.\sh_mode_9_start.yaml.
2024-09-05 18:42:02,271 : INFO : ConfigProcessor : Loading config: E:\MPF\wows\wows\shows\.\sh_mode_9_start.yaml
2024-09-05 18:42:02,271 : INFO : ConfigProcessor : Config file cache created: C:\Users\dell\AppData\Local\Temp\f17b18f8fc49aa4015f8aaed5fe0310c.mpf_cache
2024-09-05 18:42:02,271 : WARNING : ConfigProcessor : Cache file not found: C:\Users\dell\AppData\Local\Temp\6025440fe966918e9010659c75a84677.mpf_cache
2024-09-05 18:42:02,272 : INFO : ConfigProcessor : Loading config from file E:\MPF\wows\wows\shows\.\sh_mode_end_sound.yaml.
2024-09-05 18:42:02,284 : INFO : ConfigProcessor : Loading config: E:\MPF\wows\wows\shows\.\sh_mode_end_sound.yaml
2024-09-05 18:42:02,285 : INFO : ConfigProcessor : Config file cache created: C:\Users\dell\AppData\Local\Temp\6025440fe966918e9010659c75a84677.mpf_cache
2024-09-05 18:42:02,285 : WARNING : ConfigProcessor : Cache file not found: C:\Users\dell\AppData\Local\Temp\cfdf05d29e2db67703b682b9e2f3ca3c.mpf_cache
2024-09-05 18:42:02,285 : INFO : ConfigProcessor : Loading config from file E:\MPF\wows\wows\shows\.\sh_multiple_jackpot_background_sound_1.yaml.
2024-09-05 18:42:02,308 : INFO : ConfigProcessor : Loading config: E:\MPF\wows\wows\shows\.\sh_multiple_jackpot_background_sound_1.yaml
2024-09-05 18:42:02,308 : INFO : ConfigProcessor : Config file cache created: C:\Users\dell\AppData\Local\Temp\cfdf05d29e2db67703b682b9e2f3ca3c.mpf_cache
2024-09-05 18:42:02,308 : WARNING : ConfigProcessor : Cache file not found: C:\Users\dell\AppData\Local\Temp\d94e10a03295440a68c0665192595ed1.mpf_cache
2024-09-05 18:42:02,308 : INFO : ConfigProcessor : Loading config from file E:\MPF\wows\wows\shows\.\sh_multiple_jackpot_background_sound_2.yaml.
2024-09-05 18:42:02,318 : INFO : ConfigProcessor : Loading config: E:\MPF\wows\wows\shows\.\sh_multiple_jackpot_background_sound_2.yaml
2024-09-05 18:42:02,318 : INFO : ConfigProcessor : Config file cache created: C:\Users\dell\AppData\Local\Temp\d94e10a03295440a68c0665192595ed1.mpf_cache
2024-09-05 18:42:02,318 : WARNING : ConfigProcessor : Cache file not found: C:\Users\dell\AppData\Local\Temp\01f102dbddb32abe391845f1f1fb6297.mpf_cache
2024-09-05 18:42:02,318 : INFO : ConfigProcessor : Loading config from file E:\MPF\wows\wows\shows\.\sh_multiple_jackpot_background_sound_3.yaml.
2024-09-05 18:42:02,324 : INFO : ConfigProcessor : Loading config: E:\MPF\wows\wows\shows\.\sh_multiple_jackpot_background_sound_3.yaml
2024-09-05 18:42:02,325 : INFO : ConfigProcessor : Config file cache created: C:\Users\dell\AppData\Local\Temp\01f102dbddb32abe391845f1f1fb6297.mpf_cache
2024-09-05 18:42:02,325 : WARNING : ConfigProcessor : Cache file not found: C:\Users\dell\AppData\Local\Temp\31f678389d4048ccede53f3d9bb6ebf4.mpf_cache
2024-09-05 18:42:02,325 : INFO : ConfigProcessor : Loading config from file E:\MPF\wows\wows\shows\.\sh_muzzle_flash_1.yaml.
2024-09-05 18:42:02,343 : INFO : ConfigProcessor : Loading config: E:\MPF\wows\wows\shows\.\sh_muzzle_flash_1.yaml
2024-09-05 18:42:02,344 : INFO : ConfigProcessor : Config file cache created: C:\Users\dell\AppData\Local\Temp\31f678389d4048ccede53f3d9bb6ebf4.mpf_cache
2024-09-05 18:42:02,344 : WARNING : ConfigProcessor : Cache file not found: C:\Users\dell\AppData\Local\Temp\b22da84cc4aef91ed7f9bc0328a0f1b4.mpf_cache
2024-09-05 18:42:02,344 : INFO : ConfigProcessor : Loading config from file E:\MPF\wows\wows\shows\.\sh_muzzle_flash_2.yaml.
2024-09-05 18:42:02,350 : INFO : ConfigProcessor : Loading config: E:\MPF\wows\wows\shows\.\sh_muzzle_flash_2.yaml
2024-09-05 18:42:02,350 : INFO : ConfigProcessor : Config file cache created: C:\Users\dell\AppData\Local\Temp\b22da84cc4aef91ed7f9bc0328a0f1b4.mpf_cache
2024-09-05 18:42:02,351 : WARNING : ConfigProcessor : Cache file not found: C:\Users\dell\AppData\Local\Temp\da1fede4c95c7878b99d619776f98fd7.mpf_cache
2024-09-05 18:42:02,351 : INFO : ConfigProcessor : Loading config from file E:\MPF\wows\wows\shows\.\sh_muzzle_flash_3.yaml.
2024-09-05 18:42:02,357 : INFO : ConfigProcessor : Loading config: E:\MPF\wows\wows\shows\.\sh_muzzle_flash_3.yaml
2024-09-05 18:42:02,357 : INFO : ConfigProcessor : Config file cache created: C:\Users\dell\AppData\Local\Temp\da1fede4c95c7878b99d619776f98fd7.mpf_cache
2024-09-05 18:42:02,357 : WARNING : ConfigProcessor : Cache file not found: C:\Users\dell\AppData\Local\Temp\cc30193cdee974cc13426b098027cee1.mpf_cache
2024-09-05 18:42:02,358 : INFO : ConfigProcessor : Loading config from file E:\MPF\wows\wows\shows\.\sh_muzzle_flash_4.yaml.
2024-09-05 18:42:02,363 : INFO : ConfigProcessor : Loading config: E:\MPF\wows\wows\shows\.\sh_muzzle_flash_4.yaml
2024-09-05 18:42:02,364 : INFO : ConfigProcessor : Config file cache created: C:\Users\dell\AppData\Local\Temp\cc30193cdee974cc13426b098027cee1.mpf_cache
2024-09-05 18:42:02,364 : WARNING : ConfigProcessor : Cache file not found: C:\Users\dell\AppData\Local\Temp\58e69a62c4f703cc84058f6193109d31.mpf_cache
2024-09-05 18:42:02,364 : INFO : ConfigProcessor : Loading config from file E:\MPF\wows\wows\shows\.\sh_muzzle_flash_5.yaml.
2024-09-05 18:42:02,371 : INFO : ConfigProcessor : Loading config: E:\MPF\wows\wows\shows\.\sh_muzzle_flash_5.yaml
2024-09-05 18:42:02,372 : INFO : ConfigProcessor : Config file cache created: C:\Users\dell\AppData\Local\Temp\58e69a62c4f703cc84058f6193109d31.mpf_cache
2024-09-05 18:42:02,372 : WARNING : ConfigProcessor : Cache file not found: C:\Users\dell\AppData\Local\Temp\e6a4926517ab55f9ed1b3658c3e4007c.mpf_cache
2024-09-05 18:42:02,372 : INFO : ConfigProcessor : Loading config from file E:\MPF\wows\wows\shows\.\sh_muzzle_flash_6.yaml.
2024-09-05 18:42:02,378 : INFO : ConfigProcessor : Loading config: E:\MPF\wows\wows\shows\.\sh_muzzle_flash_6.yaml
2024-09-05 18:42:02,378 : INFO : ConfigProcessor : Config file cache created: C:\Users\dell\AppData\Local\Temp\e6a4926517ab55f9ed1b3658c3e4007c.mpf_cache
2024-09-05 18:42:02,378 : WARNING : ConfigProcessor : Cache file not found: C:\Users\dell\AppData\Local\Temp\66ee654434268f21d59a1a197a33e84e.mpf_cache
2024-09-05 18:42:02,379 : INFO : ConfigProcessor : Loading config from file E:\MPF\wows\wows\shows\.\sh_sec_shell_1.yaml.
2024-09-05 18:42:02,385 : INFO : ConfigProcessor : Loading config: E:\MPF\wows\wows\shows\.\sh_sec_shell_1.yaml
2024-09-05 18:42:02,386 : INFO : ConfigProcessor : Config file cache created: C:\Users\dell\AppData\Local\Temp\66ee654434268f21d59a1a197a33e84e.mpf_cache
2024-09-05 18:42:02,386 : WARNING : ConfigProcessor : Cache file not found: C:\Users\dell\AppData\Local\Temp\0ad8a8c62d71fd6db5e688e34997c124.mpf_cache
2024-09-05 18:42:02,386 : INFO : ConfigProcessor : Loading config from file E:\MPF\wows\wows\shows\.\sh_sec_shell_10.yaml.
2024-09-05 18:42:02,392 : INFO : ConfigProcessor : Loading config: E:\MPF\wows\wows\shows\.\sh_sec_shell_10.yaml
2024-09-05 18:42:02,393 : INFO : ConfigProcessor : Config file cache created: C:\Users\dell\AppData\Local\Temp\0ad8a8c62d71fd6db5e688e34997c124.mpf_cache
2024-09-05 18:42:02,393 : WARNING : ConfigProcessor : Cache file not found: C:\Users\dell\AppData\Local\Temp\986ed299862bf4d6a9ee043620eb4411.mpf_cache
2024-09-05 18:42:02,393 : INFO : ConfigProcessor : Loading config from file E:\MPF\wows\wows\shows\.\sh_sec_shell_11.yaml.
2024-09-05 18:42:02,399 : INFO : ConfigProcessor : Loading config: E:\MPF\wows\wows\shows\.\sh_sec_shell_11.yaml
2024-09-05 18:42:02,400 : INFO : ConfigProcessor : Config file cache created: C:\Users\dell\AppData\Local\Temp\986ed299862bf4d6a9ee043620eb4411.mpf_cache
2024-09-05 18:42:02,400 : WARNING : ConfigProcessor : Cache file not found: C:\Users\dell\AppData\Local\Temp\85def6e32b8790efec9df62810edf89f.mpf_cache
2024-09-05 18:42:02,400 : INFO : ConfigProcessor : Loading config from file E:\MPF\wows\wows\shows\.\sh_sec_shell_12.yaml.
2024-09-05 18:42:02,406 : INFO : ConfigProcessor : Loading config: E:\MPF\wows\wows\shows\.\sh_sec_shell_12.yaml
2024-09-05 18:42:02,407 : INFO : ConfigProcessor : Config file cache created: C:\Users\dell\AppData\Local\Temp\85def6e32b8790efec9df62810edf89f.mpf_cache
2024-09-05 18:42:02,407 : WARNING : ConfigProcessor : Cache file not found: C:\Users\dell\AppData\Local\Temp\b4b8bbe6eb89ffab7b0a5bdc28aa737c.mpf_cache
2024-09-05 18:42:02,407 : INFO : ConfigProcessor : Loading config from file E:\MPF\wows\wows\shows\.\sh_sec_shell_2.yaml.
2024-09-05 18:42:02,413 : INFO : ConfigProcessor : Loading config: E:\MPF\wows\wows\shows\.\sh_sec_shell_2.yaml
2024-09-05 18:42:02,414 : INFO : ConfigProcessor : Config file cache created: C:\Users\dell\AppData\Local\Temp\b4b8bbe6eb89ffab7b0a5bdc28aa737c.mpf_cache
2024-09-05 18:42:02,414 : WARNING : ConfigProcessor : Cache file not found: C:\Users\dell\AppData\Local\Temp\234f7aa8fcdaed8506c3f7e3d1434348.mpf_cache
2024-09-05 18:42:02,414 : INFO : ConfigProcessor : Loading config from file E:\MPF\wows\wows\shows\.\sh_sec_shell_3.yaml.
2024-09-05 18:42:02,421 : INFO : ConfigProcessor : Loading config: E:\MPF\wows\wows\shows\.\sh_sec_shell_3.yaml
2024-09-05 18:42:02,421 : INFO : ConfigProcessor : Config file cache created: C:\Users\dell\AppData\Local\Temp\234f7aa8fcdaed8506c3f7e3d1434348.mpf_cache
2024-09-05 18:42:02,421 : WARNING : ConfigProcessor : Cache file not found: C:\Users\dell\AppData\Local\Temp\836170f935ca4f3a3c83dd48d4288e22.mpf_cache
2024-09-05 18:42:02,421 : INFO : ConfigProcessor : Loading config from file E:\MPF\wows\wows\shows\.\sh_sec_shell_4.yaml.
2024-09-05 18:42:02,427 : INFO : ConfigProcessor : Loading config: E:\MPF\wows\wows\shows\.\sh_sec_shell_4.yaml
2024-09-05 18:42:02,428 : INFO : ConfigProcessor : Config file cache created: C:\Users\dell\AppData\Local\Temp\836170f935ca4f3a3c83dd48d4288e22.mpf_cache
2024-09-05 18:42:02,428 : WARNING : ConfigProcessor : Cache file not found: C:\Users\dell\AppData\Local\Temp\0a4bf4f558c6de89fd1636f30c6211d9.mpf_cache
2024-09-05 18:42:02,428 : INFO : ConfigProcessor : Loading config from file E:\MPF\wows\wows\shows\.\sh_sec_shell_5.yaml.
2024-09-05 18:42:02,434 : INFO : ConfigProcessor : Loading config: E:\MPF\wows\wows\shows\.\sh_sec_shell_5.yaml
2024-09-05 18:42:02,434 : INFO : ConfigProcessor : Config file cache created: C:\Users\dell\AppData\Local\Temp\0a4bf4f558c6de89fd1636f30c6211d9.mpf_cache
2024-09-05 18:42:02,435 : WARNING : ConfigProcessor : Cache file not found: C:\Users\dell\AppData\Local\Temp\3936448b27d8bfc57c517bc3bf9d3aa2.mpf_cache
2024-09-05 18:42:02,435 : INFO : ConfigProcessor : Loading config from file E:\MPF\wows\wows\shows\.\sh_sec_shell_6.yaml.
2024-09-05 18:42:02,441 : INFO : ConfigProcessor : Loading config: E:\MPF\wows\wows\shows\.\sh_sec_shell_6.yaml
2024-09-05 18:42:02,441 : INFO : ConfigProcessor : Config file cache created: C:\Users\dell\AppData\Local\Temp\3936448b27d8bfc57c517bc3bf9d3aa2.mpf_cache
2024-09-05 18:42:02,441 : WARNING : ConfigProcessor : Cache file not found: C:\Users\dell\AppData\Local\Temp\73d13f131bebf83032dc613efdff3522.mpf_cache
2024-09-05 18:42:02,441 : INFO : ConfigProcessor : Loading config from file E:\MPF\wows\wows\shows\.\sh_sec_shell_7.yaml.
2024-09-05 18:42:02,447 : INFO : ConfigProcessor : Loading config: E:\MPF\wows\wows\shows\.\sh_sec_shell_7.yaml
2024-09-05 18:42:02,448 : INFO : ConfigProcessor : Config file cache created: C:\Users\dell\AppData\Local\Temp\73d13f131bebf83032dc613efdff3522.mpf_cache
2024-09-05 18:42:02,448 : WARNING : ConfigProcessor : Cache file not found: C:\Users\dell\AppData\Local\Temp\20beca28b497152ca0fd3409b83d4b87.mpf_cache
2024-09-05 18:42:02,448 : INFO : ConfigProcessor : Loading config from file E:\MPF\wows\wows\shows\.\sh_sec_shell_8.yaml.
2024-09-05 18:42:02,454 : INFO : ConfigProcessor : Loading config: E:\MPF\wows\wows\shows\.\sh_sec_shell_8.yaml
2024-09-05 18:42:02,454 : INFO : ConfigProcessor : Config file cache created: C:\Users\dell\AppData\Local\Temp\20beca28b497152ca0fd3409b83d4b87.mpf_cache
2024-09-05 18:42:02,455 : WARNING : ConfigProcessor : Cache file not found: C:\Users\dell\AppData\Local\Temp\e816efa2a54094e8cd44dabebc7784df.mpf_cache
2024-09-05 18:42:02,455 : INFO : ConfigProcessor : Loading config from file E:\MPF\wows\wows\shows\.\sh_sec_shell_9.yaml.
2024-09-05 18:42:02,461 : INFO : ConfigProcessor : Loading config: E:\MPF\wows\wows\shows\.\sh_sec_shell_9.yaml
2024-09-05 18:42:02,461 : INFO : ConfigProcessor : Config file cache created: C:\Users\dell\AppData\Local\Temp\e816efa2a54094e8cd44dabebc7784df.mpf_cache
2024-09-05 18:42:02,462 : WARNING : ConfigProcessor : Cache file not found: C:\Users\dell\AppData\Local\Temp\ec91b3a5e4d650dc4f7371582fb38eed.mpf_cache
2024-09-05 18:42:02,462 : INFO : ConfigProcessor : Loading config from file E:\MPF\wows\wows\shows\.\sh_ship_highlight_conqueror.yaml.
2024-09-05 18:42:02,467 : INFO : ConfigProcessor : Loading config: E:\MPF\wows\wows\shows\.\sh_ship_highlight_conqueror.yaml
2024-09-05 18:42:02,468 : INFO : ConfigProcessor : Config file cache created: C:\Users\dell\AppData\Local\Temp\ec91b3a5e4d650dc4f7371582fb38eed.mpf_cache
2024-09-05 18:42:02,468 : WARNING : ConfigProcessor : Cache file not found: C:\Users\dell\AppData\Local\Temp\9a1a1c28ae640e16df86b556a2688443.mpf_cache
2024-09-05 18:42:02,468 : INFO : ConfigProcessor : Loading config from file E:\MPF\wows\wows\shows\.\sh_ship_highlight_daring.yaml.
2024-09-05 18:42:02,473 : INFO : ConfigProcessor : Loading config: E:\MPF\wows\wows\shows\.\sh_ship_highlight_daring.yaml
2024-09-05 18:42:02,474 : INFO : ConfigProcessor : Config file cache created: C:\Users\dell\AppData\Local\Temp\9a1a1c28ae640e16df86b556a2688443.mpf_cache
2024-09-05 18:42:02,474 : WARNING : ConfigProcessor : Cache file not found: C:\Users\dell\AppData\Local\Temp\3463b2a86a39355c183f674ae2b12038.mpf_cache
2024-09-05 18:42:02,474 : INFO : ConfigProcessor : Loading config from file E:\MPF\wows\wows\shows\.\sh_ship_highlight_des_moines.yaml.
2024-09-05 18:42:02,480 : INFO : ConfigProcessor : Loading config: E:\MPF\wows\wows\shows\.\sh_ship_highlight_des_moines.yaml
2024-09-05 18:42:02,480 : INFO : ConfigProcessor : Config file cache created: C:\Users\dell\AppData\Local\Temp\3463b2a86a39355c183f674ae2b12038.mpf_cache
2024-09-05 18:42:02,481 : WARNING : ConfigProcessor : Cache file not found: C:\Users\dell\AppData\Local\Temp\6e6719c61d3fa021e7d679c2f24e1608.mpf_cache
2024-09-05 18:42:02,481 : INFO : ConfigProcessor : Loading config from file E:\MPF\wows\wows\shows\.\sh_ship_highlight_grosser_kurfurst.yaml.
2024-09-05 18:42:02,487 : INFO : ConfigProcessor : Loading config: E:\MPF\wows\wows\shows\.\sh_ship_highlight_grosser_kurfurst.yaml
2024-09-05 18:42:02,487 : INFO : ConfigProcessor : Config file cache created: C:\Users\dell\AppData\Local\Temp\6e6719c61d3fa021e7d679c2f24e1608.mpf_cache
2024-09-05 18:42:02,487 : WARNING : ConfigProcessor : Cache file not found: C:\Users\dell\AppData\Local\Temp\aa69a2c5c0adb7f9c40b6db4f1ca3483.mpf_cache
2024-09-05 18:42:02,487 : INFO : ConfigProcessor : Loading config from file E:\MPF\wows\wows\shows\.\sh_ship_highlight_haragumo.yaml.
2024-09-05 18:42:02,493 : INFO : ConfigProcessor : Loading config: E:\MPF\wows\wows\shows\.\sh_ship_highlight_haragumo.yaml
2024-09-05 18:42:02,493 : INFO : ConfigProcessor : Config file cache created: C:\Users\dell\AppData\Local\Temp\aa69a2c5c0adb7f9c40b6db4f1ca3483.mpf_cache
2024-09-05 18:42:02,493 : WARNING : ConfigProcessor : Cache file not found: C:\Users\dell\AppData\Local\Temp\971ebba8800a659d7a8e99cb206beff7.mpf_cache
2024-09-05 18:42:02,494 : INFO : ConfigProcessor : Loading config from file E:\MPF\wows\wows\shows\.\sh_ship_highlight_shimakaze.yaml.
2024-09-05 18:42:02,499 : INFO : ConfigProcessor : Loading config: E:\MPF\wows\wows\shows\.\sh_ship_highlight_shimakaze.yaml
2024-09-05 18:42:02,499 : INFO : ConfigProcessor : Config file cache created: C:\Users\dell\AppData\Local\Temp\971ebba8800a659d7a8e99cb206beff7.mpf_cache
2024-09-05 18:42:02,500 : WARNING : ConfigProcessor : Cache file not found: C:\Users\dell\AppData\Local\Temp\07e13f5cf5882efd50a16f81bcde4606.mpf_cache
2024-09-05 18:42:02,500 : INFO : ConfigProcessor : Loading config from file E:\MPF\wows\wows\shows\.\sh_ship_highlight_stalingrad.yaml.
2024-09-05 18:42:02,505 : INFO : ConfigProcessor : Loading config: E:\MPF\wows\wows\shows\.\sh_ship_highlight_stalingrad.yaml
2024-09-05 18:42:02,506 : INFO : ConfigProcessor : Config file cache created: C:\Users\dell\AppData\Local\Temp\07e13f5cf5882efd50a16f81bcde4606.mpf_cache
2024-09-05 18:42:02,506 : WARNING : ConfigProcessor : Cache file not found: C:\Users\dell\AppData\Local\Temp\48a45c572b20481e47ff005f73695e50.mpf_cache
2024-09-05 18:42:02,506 : INFO : ConfigProcessor : Loading config from file E:\MPF\wows\wows\shows\.\sh_ship_highlight_venezia.yaml.
2024-09-05 18:42:02,512 : INFO : ConfigProcessor : Loading config: E:\MPF\wows\wows\shows\.\sh_ship_highlight_venezia.yaml
2024-09-05 18:42:02,512 : INFO : ConfigProcessor : Config file cache created: C:\Users\dell\AppData\Local\Temp\48a45c572b20481e47ff005f73695e50.mpf_cache
2024-09-05 18:42:02,512 : WARNING : ConfigProcessor : Cache file not found: C:\Users\dell\AppData\Local\Temp\f12c25ef7bc56249cbbfe26e4a8634a0.mpf_cache
2024-09-05 18:42:02,512 : INFO : ConfigProcessor : Loading config from file E:\MPF\wows\wows\shows\.\sh_ship_highlight_yamato.yaml.
2024-09-05 18:42:02,518 : INFO : ConfigProcessor : Loading config: E:\MPF\wows\wows\shows\.\sh_ship_highlight_yamato.yaml
2024-09-05 18:42:02,518 : INFO : ConfigProcessor : Config file cache created: C:\Users\dell\AppData\Local\Temp\f12c25ef7bc56249cbbfe26e4a8634a0.mpf_cache
2024-09-05 18:42:02,518 : WARNING : ConfigProcessor : Cache file not found: C:\Users\dell\AppData\Local\Temp\7058dd9e75ad4dd97e6d02eda1f8d5f4.mpf_cache
2024-09-05 18:42:02,518 : INFO : ConfigProcessor : Loading config from file E:\MPF\wows\wows\shows\.\sh_start_hc_multiball.yaml.
2024-09-05 18:42:02,525 : INFO : ConfigProcessor : Loading config: E:\MPF\wows\wows\shows\.\sh_start_hc_multiball.yaml
2024-09-05 18:42:02,525 : INFO : ConfigProcessor : Config file cache created: C:\Users\dell\AppData\Local\Temp\7058dd9e75ad4dd97e6d02eda1f8d5f4.mpf_cache
2024-09-05 18:42:02,526 : WARNING : ConfigProcessor : Cache file not found: C:\Users\dell\AppData\Local\Temp\47777129294a1397780765ae2671e381.mpf_cache
2024-09-05 18:42:02,526 : INFO : ConfigProcessor : Loading config from file E:\MPF\wows\wows\shows\.\sh_status_report.yaml.
2024-09-05 18:42:02,539 : INFO : ConfigProcessor : Loading config: E:\MPF\wows\wows\shows\.\sh_status_report.yaml
2024-09-05 18:42:02,539 : INFO : ConfigProcessor : Config file cache created: C:\Users\dell\AppData\Local\Temp\47777129294a1397780765ae2671e381.mpf_cache
2024-09-05 18:42:02,540 : WARNING : ConfigProcessor : Cache file not found: C:\Users\dell\AppData\Local\Temp\a26dda2f3898e9b95a688d2faa147e67.mpf_cache
2024-09-05 18:42:02,540 : INFO : ConfigProcessor : Loading config from file E:\MPF\wows\wows\shows\.\sh_super_1.yaml.
2024-09-05 18:42:02,547 : INFO : ConfigProcessor : Loading config: E:\MPF\wows\wows\shows\.\sh_super_1.yaml
2024-09-05 18:42:02,547 : INFO : ConfigProcessor : Config file cache created: C:\Users\dell\AppData\Local\Temp\a26dda2f3898e9b95a688d2faa147e67.mpf_cache
2024-09-05 18:42:02,548 : WARNING : ConfigProcessor : Cache file not found: C:\Users\dell\AppData\Local\Temp\fbd33e7aab60e9ffed5e28859db24a15.mpf_cache
2024-09-05 18:42:02,548 : INFO : ConfigProcessor : Loading config from file E:\MPF\wows\wows\shows\.\sh_super_2.yaml.
2024-09-05 18:42:02,555 : INFO : ConfigProcessor : Loading config: E:\MPF\wows\wows\shows\.\sh_super_2.yaml
2024-09-05 18:42:02,555 : INFO : ConfigProcessor : Config file cache created: C:\Users\dell\AppData\Local\Temp\fbd33e7aab60e9ffed5e28859db24a15.mpf_cache
2024-09-05 18:42:02,556 : WARNING : ConfigProcessor : Cache file not found: C:\Users\dell\AppData\Local\Temp\64f60477c2da2625fa9ef2a86d50bb34.mpf_cache
2024-09-05 18:42:02,556 : INFO : ConfigProcessor : Loading config from file E:\MPF\wows\wows\shows\.\sh_super_3.yaml.
2024-09-05 18:42:02,563 : INFO : ConfigProcessor : Loading config: E:\MPF\wows\wows\shows\.\sh_super_3.yaml
2024-09-05 18:42:02,564 : INFO : ConfigProcessor : Config file cache created: C:\Users\dell\AppData\Local\Temp\64f60477c2da2625fa9ef2a86d50bb34.mpf_cache
2024-09-05 18:42:02,564 : WARNING : ConfigProcessor : Cache file not found: C:\Users\dell\AppData\Local\Temp\49b862cde9d22907c81f839348639a1f.mpf_cache
2024-09-05 18:42:02,564 : INFO : ConfigProcessor : Loading config from file E:\MPF\wows\wows\shows\.\sh_triple_jackpot_1.yaml.
2024-09-05 18:42:02,577 : INFO : ConfigProcessor : Loading config: E:\MPF\wows\wows\shows\.\sh_triple_jackpot_1.yaml
2024-09-05 18:42:02,578 : INFO : ConfigProcessor : Config file cache created: C:\Users\dell\AppData\Local\Temp\49b862cde9d22907c81f839348639a1f.mpf_cache
2024-09-05 18:42:02,578 : WARNING : ConfigProcessor : Cache file not found: C:\Users\dell\AppData\Local\Temp\21dda72cc57cadcf698e50094b8ee97d.mpf_cache
2024-09-05 18:42:02,578 : INFO : ConfigProcessor : Loading config from file E:\MPF\wows\wows\shows\.\sh_triple_jackpot_2.yaml.
2024-09-05 18:42:02,589 : INFO : ConfigProcessor : Loading config: E:\MPF\wows\wows\shows\.\sh_triple_jackpot_2.yaml
2024-09-05 18:42:02,590 : INFO : ConfigProcessor : Config file cache created: C:\Users\dell\AppData\Local\Temp\21dda72cc57cadcf698e50094b8ee97d.mpf_cache
2024-09-05 18:42:02,590 : WARNING : ConfigProcessor : Cache file not found: C:\Users\dell\AppData\Local\Temp\f9ee12ee8bbd05f85378a9386ceacce5.mpf_cache
2024-09-05 18:42:02,590 : INFO : ConfigProcessor : Loading config from file E:\MPF\wows\wows\shows\.\sh_triple_jackpot_3.yaml.
2024-09-05 18:42:02,602 : INFO : ConfigProcessor : Loading config: E:\MPF\wows\wows\shows\.\sh_triple_jackpot_3.yaml
2024-09-05 18:42:02,602 : INFO : ConfigProcessor : Config file cache created: C:\Users\dell\AppData\Local\Temp\f9ee12ee8bbd05f85378a9386ceacce5.mpf_cache
2024-09-05 18:42:02,603 : WARNING : ConfigProcessor : Cache file not found: C:\Users\dell\AppData\Local\Temp\0394fc9fe8dda0bc8c420287c11c8aae.mpf_cache
2024-09-05 18:42:02,603 : INFO : ConfigProcessor : Loading config from file E:\MPF\wows\wows\shows\.\sh_triple_jackpot_4.yaml.
2024-09-05 18:42:02,615 : INFO : ConfigProcessor : Loading config: E:\MPF\wows\wows\shows\.\sh_triple_jackpot_4.yaml
2024-09-05 18:42:02,615 : INFO : ConfigProcessor : Config file cache created: C:\Users\dell\AppData\Local\Temp\0394fc9fe8dda0bc8c420287c11c8aae.mpf_cache
2024-09-05 18:42:02,616 : WARNING : ConfigProcessor : Cache file not found: C:\Users\dell\AppData\Local\Temp\812e1e327d6ef9a51d487328d0586885.mpf_cache
2024-09-05 18:42:02,616 : INFO : ConfigProcessor : Loading config from file E:\MPF\wows\wows\shows\.\sh_triple_jackpot_5.yaml.
2024-09-05 18:42:02,628 : INFO : ConfigProcessor : Loading config: E:\MPF\wows\wows\shows\.\sh_triple_jackpot_5.yaml
2024-09-05 18:42:02,629 : INFO : ConfigProcessor : Config file cache created: C:\Users\dell\AppData\Local\Temp\812e1e327d6ef9a51d487328d0586885.mpf_cache
2024-09-05 18:42:02,629 : WARNING : ConfigProcessor : Cache file not found: C:\Users\dell\AppData\Local\Temp\70cf3c9830d27e79cc1fda7cb07bc23d.mpf_cache
2024-09-05 18:42:02,629 : INFO : ConfigProcessor : Loading config from file E:\MPF\wows\wows\shows\.\sh_triple_jackpot_6.yaml.
2024-09-05 18:42:02,641 : INFO : ConfigProcessor : Loading config: E:\MPF\wows\wows\shows\.\sh_triple_jackpot_6.yaml
2024-09-05 18:42:02,641 : INFO : ConfigProcessor : Config file cache created: C:\Users\dell\AppData\Local\Temp\70cf3c9830d27e79cc1fda7cb07bc23d.mpf_cache
2024-09-05 18:42:02,642 : WARNING : ConfigProcessor : Cache file not found: C:\Users\dell\AppData\Local\Temp\db70c5aab62dca0f645afe12f6eb7df3.mpf_cache
2024-09-05 18:42:02,642 : INFO : ConfigProcessor : Loading config from file E:\MPF\wows\wows\shows\.\sh_weapon_load_status.yaml.
2024-09-05 18:42:02,665 : INFO : ConfigProcessor : Loading config: E:\MPF\wows\wows\shows\.\sh_weapon_load_status.yaml
2024-09-05 18:42:02,665 : INFO : ConfigProcessor : Config file cache created: C:\Users\dell\AppData\Local\Temp\db70c5aab62dca0f645afe12f6eb7df3.mpf_cache
2024-09-05 18:42:02,668 : INFO : Machine : Mission Pinball Framework Core Engine v0.54.6
2024-09-05 18:42:02,668 : INFO : Machine : Command line arguments: {'no_load_cache': False, 'create_config_cache': True, 'bcp': True, 'configfile': ['config.yaml'], 'force_assets_load': False, 'jsonlogging': False, 'logfile': 'logs\\2024-09-05-18-41-55-mpf-DESKTOP-7A962BJ.log', 'pause': False, 'production': False, 'text_ui': True, 'loglevel': 15, 'consoleloglevel': 20, 'force_platform': None, 'syslog_address': None, 'mc_file_name': None, 'no_sound': False}
2024-09-05 18:42:02,668 : INFO : Machine : MPF path: c:\users\dell\appdata\local\programs\python\python36\lib\site-packages\mpf
2024-09-05 18:42:02,668 : INFO : Machine : Machine path: E:\MPF\wows\wows
2024-09-05 18:42:02,668 : INFO : Machine : Platform: win32
2024-09-05 18:42:02,668 : INFO : Machine : Python executable location: c:\users\dell\appdata\local\programs\python\python36\python.exe
2024-09-05 18:42:02,668 : INFO : Machine : Python version: 3.6.4 (64-bit)
2024-09-05 18:42:02,670 : INFO : Machine : Initialise MPF.
2024-09-05 18:42:03,205 : INFO : Pin2DmdDevice : Connecting to Pin2DMD RGB DMD
2024-09-05 18:42:03,239 : INFO : Pin2DmdDevice : Connected to Pin2DMD
2024-09-05 18:42:03,239 : INFO : EventManager : Event: ======'machine_var_credits_string'====== Args={'value': 'FREE PLAY', 'prev_value': None, 'change': True}
2024-09-05 18:42:03,314 : INFO : EventManager : Event: ======'machine_var_player1_score'====== Args={'value': 0, 'prev_value': None, 'change': True}
2024-09-05 18:42:03,314 : INFO : EventManager : Event: ======'machine_var_mv_dmg_con_time'====== Args={'value': 9, 'prev_value': None, 'change': True}
2024-09-05 18:42:03,314 : INFO : EventManager : Event: ======'machine_var_mv_bomb_1_cost'====== Args={'value': 1, 'prev_value': None, 'change': True}
2024-09-05 18:42:03,314 : INFO : EventManager : Event: ======'machine_var_mv_bomb_2_cost'====== Args={'value': 1, 'prev_value': None, 'change': True}
2024-09-05 18:42:03,314 : INFO : EventManager : Event: ======'machine_var_mv_bomb_3_cost'====== Args={'value': 1, 'prev_value': None, 'change': True}
2024-09-05 18:42:03,314 : INFO : EventManager : Event: ======'machine_var_mv_bomb_4_cost'====== Args={'value': 1, 'prev_value': None, 'change': True}
2024-09-05 18:42:03,314 : INFO : EventManager : Event: ======'machine_var_mv_bomb_5_cost'====== Args={'value': 1, 'prev_value': None, 'change': True}
2024-09-05 18:42:03,314 : INFO : EventManager : Event: ======'machine_var_mv_bomb_6_cost'====== Args={'value': 1, 'prev_value': None, 'change': True}
2024-09-05 18:42:03,314 : INFO : EventManager : Event: ======'machine_var_mv_bomb_7_and_9_cost'====== Args={'value': 1, 'prev_value': None, 'change': True}
2024-09-05 18:42:03,314 : INFO : EventManager : Event: ======'machine_var_mv_bomb_8_cost'====== Args={'value': 1, 'prev_value': None, 'change': True}
2024-09-05 18:42:03,314 : INFO : EventManager : Event: ======'machine_var_mv_bomb_10_cost'====== Args={'value': 1, 'prev_value': None, 'change': True}
2024-09-05 18:42:03,314 : INFO : EventManager : Event: ======'machine_var_mv_bomb_mode_cost'====== Args={'value': 1, 'prev_value': None, 'change': True}
2024-09-05 18:42:03,314 : INFO : EventManager : Event: ======'machine_var_mpf_version'====== Args={'value': 'MPF v0.54.6', 'prev_value': None, 'change': True}
2024-09-05 18:42:03,314 : INFO : EventManager : Event: ======'machine_var_mpf_extended_version'====== Args={'value': 'MPF v0.54.6, Config version:5, Show version: 5, BCP version:1.1', 'prev_value': None, 'change': True}
2024-09-05 18:42:03,315 : INFO : EventManager : Event: ======'machine_var_python_version'====== Args={'value': '3.6.4', 'prev_value': None, 'change': True}
2024-09-05 18:42:03,315 : INFO : EventManager : Event: ======'machine_var_platform'====== Args={'value': 'Windows-10-10.0.19041-SP0', 'prev_value': None, 'change': True}
2024-09-05 18:42:03,315 : INFO : EventManager : Event: ======'machine_var_platform_system'====== Args={'value': 'Windows', 'prev_value': None, 'change': True}
2024-09-05 18:42:03,315 : INFO : EventManager : Event: ======'machine_var_platform_release'====== Args={'value': '10', 'prev_value': None, 'change': True}
2024-09-05 18:42:03,315 : INFO : EventManager : Event: ======'machine_var_platform_version'====== Args={'value': '10.0.19041', 'prev_value': None, 'change': True}
2024-09-05 18:42:03,315 : INFO : EventManager : Event: ======'machine_var_platform_machine'====== Args={'value': 'AMD64', 'prev_value': None, 'change': True}
2024-09-05 18:42:03,315 : INFO : EventManager : Event: ======'init_phase_1'====== Args={}
2024-09-05 18:42:03,982 : INFO : EventManager : Event: ======'logicblock_m1_delay_updated'====== Args={'value': 0, 'enabled': True}
2024-09-05 18:42:03,982 : INFO : EventManager : Event: ======'logicblock_m1_delay_updated'====== Args={'value': 0, 'enabled': True}
2024-09-05 18:42:03,982 : INFO : EventManager : Event: ======'logicblock_capture_global_counter_updated'====== Args={'value': 6, 'enabled': True}
2024-09-05 18:42:03,982 : INFO : EventManager : Event: ======'logicblock_capture_global_counter_updated'====== Args={'value': 6, 'enabled': True}
2024-09-05 18:42:03,984 : INFO : EventManager : Event: ======'main_state'====== Args={}
2024-09-05 18:42:03,985 : INFO : EventManager : Event: ======'IGNORE'====== Args={}
2024-09-05 18:42:03,985 : INFO : EventManager : Event: ======'lock_lit_started'====== Args={}
2024-09-05 18:42:03,986 : INFO : EventManager : Event: ======'disable_mode'====== Args={}
2024-09-05 18:42:03,986 : INFO : EventManager : Event: ======'multiball_inactive'====== Args={}
2024-09-05 18:42:03,987 : INFO : EventManager : Event: ======'lite_detonation_start'====== Args={}
2024-09-05 18:42:03,987 : INFO : EventManager : Event: ======'battle_inactive'====== Args={}
2024-09-05 18:42:03,987 : INFO : EventManager : Event: ======'HAGYDFIGYELMENKIVUL'====== Args={}
2024-09-05 18:42:03,988 : INFO : EventManager : Event: ======'enable_citadel_diverter'====== Args={}
2024-09-05 18:42:03,988 : INFO : EventManager : Event: ======'commander_1_changed'====== Args={}
2024-09-05 18:42:03,995 : WARNING : Mode.main_play : Can only start mode main_play during a game. Aborting start.
2024-09-05 18:42:03,995 : WARNING : Mode.drednaught : Can only start mode drednaught during a game. Aborting start.
2024-09-05 18:42:03,995 : WARNING : Mode.confederate : Can only start mode confederate during a game. Aborting start.
2024-09-05 18:42:03,995 : WARNING : Mode.capture : Can only start mode capture during a game. Aborting start.
2024-09-05 18:42:03,995 : WARNING : Mode.hc_lock_lit : Can only start mode hc_lock_lit during a game. Aborting start.
2024-09-05 18:42:04,007 : INFO : EventManager : Event: ======'init_phase_2'====== Args={}
2024-09-05 18:42:04,007 : INFO : SwitchController : Found active switch: ('2', <Platform.SmartVirtual>) <switch.s_trough1>
2024-09-05 18:42:04,007 : INFO : SwitchController : Found active switch: ('3', <Platform.SmartVirtual>) <switch.s_trough2>
2024-09-05 18:42:04,007 : INFO : SwitchController : Found active switch: ('4', <Platform.SmartVirtual>) <switch.s_trough3>
2024-09-05 18:42:04,007 : INFO : SwitchController : Found active switch: ('5', <Platform.SmartVirtual>) <switch.s_trough4>
2024-09-05 18:42:04,007 : INFO : SwitchController : Found active switch: ('6', <Platform.SmartVirtual>) <switch.s_trough5>
2024-09-05 18:42:04,007 : INFO : SwitchController : Found active switch: ('7', <Platform.SmartVirtual>) <switch.s_trough6>
2024-09-05 18:42:04,058 : INFO : EventManager : Event: ======'machine_var_score1_label'====== Args={'value': 'GRAND ADMIRAL', 'prev_value': None, 'change': True}
2024-09-05 18:42:04,058 : INFO : EventManager : Event: ======'machine_var_score1_name'====== Args={'value': 'SBA', 'prev_value': None, 'change': True}
2024-09-05 18:42:04,058 : INFO : EventManager : Event: ======'machine_var_score1_value'====== Args={'value': 1000000000, 'prev_value': None, 'change': True}
2024-09-05 18:42:04,058 : INFO : EventManager : Event: ======'machine_var_score2_label'====== Args={'value': 'ADMIRAL 1', 'prev_value': None, 'change': True}
2024-09-05 18:42:04,058 : INFO : EventManager : Event: ======'machine_var_score2_name'====== Args={'value': 'OCP', 'prev_value': None, 'change': True}
2024-09-05 18:42:04,058 : INFO : EventManager : Event: ======'machine_var_score2_value'====== Args={'value': 900000000, 'prev_value': None, 'change': True}
2024-09-05 18:42:04,059 : INFO : EventManager : Event: ======'machine_var_score3_label'====== Args={'value': 'ADMIRAL 2', 'prev_value': None, 'change': True}
2024-09-05 18:42:04,059 : INFO : EventManager : Event: ======'machine_var_score3_name'====== Args={'value': 'AND', 'prev_value': None, 'change': True}
2024-09-05 18:42:04,059 : INFO : EventManager : Event: ======'machine_var_score3_value'====== Args={'value': 800000000, 'prev_value': None, 'change': True}
2024-09-05 18:42:04,059 : INFO : EventManager : Event: ======'machine_var_score4_label'====== Args={'value': 'ADMIRAL 3', 'prev_value': None, 'change': True}
2024-09-05 18:42:04,059 : INFO : EventManager : Event: ======'machine_var_score4_name'====== Args={'value': 'W G', 'prev_value': None, 'change': True}
2024-09-05 18:42:04,059 : INFO : EventManager : Event: ======'machine_var_score4_value'====== Args={'value': 700000000, 'prev_value': None, 'change': True}
2024-09-05 18:42:04,059 : INFO : EventManager : Event: ======'machine_var_score5_label'====== Args={'value': 'ADMIRAL 4', 'prev_value': None, 'change': True}
2024-09-05 18:42:04,059 : INFO : EventManager : Event: ======'machine_var_score5_name'====== Args={'value': 'WOW', 'prev_value': None, 'change': True}
2024-09-05 18:42:04,059 : INFO : EventManager : Event: ======'machine_var_score5_value'====== Args={'value': 600000000, 'prev_value': None, 'change': True}
2024-09-05 18:42:04,060 : INFO : EventManager : Event: ======'bcp_connection_attempt'====== Args={'name': 'local_display', 'host': 'localhost', 'port': 5050}
2024-09-05 18:42:04,062 : INFO : BCPClientSocket : Connecting BCP to 'local_display' at localhost:5050...
2024-09-05 18:42:08,195 : INFO : BCPClientSocket : Connected BCP to 'local_display' localhost:5050
2024-09-05 18:42:08,195 : INFO : EventManager : Event: ======'bcp_clients_connected'====== Args={}
2024-09-05 18:42:08,207 : INFO : ball_device.bd_trough : State: idle
2024-09-05 18:42:08,207 : INFO : ball_device.bd_plunger : State: idle
2024-09-05 18:42:08,208 : INFO : ball_device.bd_saucer : State: idle
2024-09-05 18:42:08,208 : INFO : ball_device.bd_main_hole : State: idle
2024-09-05 18:42:08,209 : INFO : ball_device.bd_hc_lock : State: idle
2024-09-05 18:42:08,280 : INFO : EventManager : Event: ======'init_phase_3'====== Args={}
2024-09-05 18:42:08,371 : INFO : EventManager : Event: ======'machine_var_mc_version'====== Args={'value': 'MPF-MC v0.54.2', 'prev_value': None, 'change': True}
2024-09-05 18:42:08,371 : INFO : EventManager : Event: ======'machine_var_mc_extended_version'====== Args={'value': 'MPF-MC v0.54.2 (config_version=5, BCP v1.1, Requires MPF v0.54.0)', 'prev_value': None, 'change': True}
2024-09-05 18:42:08,375 : INFO : EventManager : Event: ======'machine_var_master_volume'====== Args={'value': 1.0, 'prev_value': None, 'change': True}
2024-09-05 18:42:08,375 : INFO : EventManager : Event: ======'init_phase_4'====== Args={}
2024-09-05 18:42:08,398 : INFO : BallController : Initial balls found: 5
2024-09-05 18:42:08,399 : INFO : EventManager : Event: ======'machine_var_audits_events_game_ended'====== Args={'value': 1, 'prev_value': None, 'change': True}
2024-09-05 18:42:08,399 : INFO : EventManager : Event: ======'machine_var_audits_events_game_started'====== Args={'value': 653, 'prev_value': None, 'change': True}
2024-09-05 18:42:08,399 : INFO : EventManager : Event: ======'machine_var_audits_player_score'====== Args={'value': {'average': 0.0, 'top': [0], 'total': 1}, 'prev_value': None, 'change': True}
2024-09-05 18:42:08,399 : INFO : EventManager : Event: ======'machine_var_audits_shots_battle_shot'====== Args={'value': 66, 'prev_value': None, 'change': True}
2024-09-05 18:42:08,400 : INFO : EventManager : Event: ======'machine_var_audits_shots_confederate_1'====== Args={'value': 13, 'prev_value': None, 'change': True}
2024-09-05 18:42:08,400 : INFO : EventManager : Event: ======'machine_var_audits_shots_confederate_2'====== Args={'value': 235, 'prev_value': None, 'change': True}
2024-09-05 18:42:08,400 : INFO : EventManager : Event: ======'machine_var_audits_shots_confederate_3'====== Args={'value': 91, 'prev_value': None, 'change': True}
2024-09-05 18:42:08,400 : INFO : EventManager : Event: ======'machine_var_audits_shots_confederate_4'====== Args={'value': 29, 'prev_value': None, 'change': True}
2024-09-05 18:42:08,400 : INFO : EventManager : Event: ======'machine_var_audits_shots_confederate_5'====== Args={'value': 10, 'prev_value': None, 'change': True}
2024-09-05 18:42:08,401 : INFO : EventManager : Event: ======'machine_var_audits_shots_confederate_6'====== Args={'value': 399, 'prev_value': None, 'change': True}
2024-09-05 18:42:08,401 : INFO : EventManager : Event: ======'machine_var_audits_shots_detonation'====== Args={'value': 42, 'prev_value': None, 'change': True}
2024-09-05 18:42:08,401 : INFO : EventManager : Event: ======'machine_var_audits_shots_detonation_lit'====== Args={'value': 172, 'prev_value': None, 'change': True}
2024-09-05 18:42:08,401 : INFO : EventManager : Event: ======'machine_var_audits_shots_dmg_con_1'====== Args={'value': 96, 'prev_value': None, 'change': True}
2024-09-05 18:42:08,401 : INFO : EventManager : Event: ======'machine_var_audits_shots_dmg_con_2'====== Args={'value': 122, 'prev_value': None, 'change': True}
2024-09-05 18:42:08,402 : INFO : EventManager : Event: ======'machine_var_audits_shots_dmg_con_3'====== Args={'value': 84, 'prev_value': None, 'change': True}
2024-09-05 18:42:08,402 : INFO : EventManager : Event: ======'machine_var_audits_shots_dmg_con_4'====== Args={'value': 101, 'prev_value': None, 'change': True}
2024-09-05 18:42:08,402 : INFO : EventManager : Event: ======'machine_var_audits_shots_dmg_con_5'====== Args={'value': 78, 'prev_value': None, 'change': True}
2024-09-05 18:42:08,403 : INFO : EventManager : Event: ======'machine_var_audits_shots_dmg_con_6'====== Args={'value': 99, 'prev_value': None, 'change': True}
2024-09-05 18:42:08,403 : INFO : EventManager : Event: ======'machine_var_audits_shots_dmg_con_add_time_1'====== Args={'value': 32, 'prev_value': None, 'change': True}
2024-09-05 18:42:08,404 : INFO : EventManager : Event: ======'machine_var_audits_shots_dmg_con_add_time_2'====== Args={'value': 43, 'prev_value': None, 'change': True}
2024-09-05 18:42:08,404 : INFO : EventManager : Event: ======'machine_var_audits_shots_dmg_con_add_time_3'====== Args={'value': 24, 'prev_value': None, 'change': True}
2024-09-05 18:42:08,404 : INFO : EventManager : Event: ======'machine_var_audits_shots_dmg_con_add_time_4'====== Args={'value': 21, 'prev_value': None, 'change': True}
2024-09-05 18:42:08,405 : INFO : EventManager : Event: ======'machine_var_audits_shots_jackpot_1'====== Args={'value': 79, 'prev_value': None, 'change': True}
2024-09-05 18:42:08,405 : INFO : EventManager : Event: ======'machine_var_audits_shots_jackpot_2'====== Args={'value': 106, 'prev_value': None, 'change': True}
2024-09-05 18:42:08,405 : INFO : EventManager : Event: ======'machine_var_audits_shots_jackpot_3'====== Args={'value': 91, 'prev_value': None, 'change': True}
2024-09-05 18:42:08,405 : INFO : EventManager : Event: ======'machine_var_audits_shots_jackpot_4'====== Args={'value': 41, 'prev_value': None, 'change': True}
2024-09-05 18:42:08,406 : INFO : EventManager : Event: ======'machine_var_audits_shots_jackpot_5'====== Args={'value': 42, 'prev_value': None, 'change': True}
2024-09-05 18:42:08,406 : INFO : EventManager : Event: ======'machine_var_audits_shots_jackpot_6'====== Args={'value': 51, 'prev_value': None, 'change': True}
2024-09-05 18:42:08,406 : INFO : EventManager : Event: ======'machine_var_audits_shots_lane_A'====== Args={'value': 125, 'prev_value': None, 'change': True}
2024-09-05 18:42:08,406 : INFO : EventManager : Event: ======'machine_var_audits_shots_lane_B'====== Args={'value': 146, 'prev_value': None, 'change': True}
2024-09-05 18:42:08,406 : INFO : EventManager : Event: ======'machine_var_audits_shots_lane_C'====== Args={'value': 348, 'prev_value': None, 'change': True}
2024-09-05 18:42:08,407 : INFO : EventManager : Event: ======'machine_var_audits_shots_lane_D'====== Args={'value': 361, 'prev_value': None, 'change': True}
2024-09-05 18:42:08,407 : INFO : EventManager : Event: ======'machine_var_audits_shots_lane_E'====== Args={'value': 139, 'prev_value': None, 'change': True}
2024-09-05 18:42:08,407 : INFO : EventManager : Event: ======'machine_var_audits_shots_lock_lit_1'====== Args={'value': 1591, 'prev_value': None, 'change': True}
2024-09-05 18:42:08,407 : INFO : EventManager : Event: ======'machine_var_audits_shots_lock_lit_2'====== Args={'value': 1505, 'prev_value': None, 'change': True}
2024-09-05 18:42:08,408 : INFO : EventManager : Event: ======'machine_var_audits_shots_ricochet_1'====== Args={'value': 173, 'prev_value': None, 'change': True}
2024-09-05 18:42:08,408 : INFO : EventManager : Event: ======'machine_var_audits_shots_ricochet_2'====== Args={'value': 685, 'prev_value': None, 'change': True}
2024-09-05 18:42:08,408 : INFO : EventManager : Event: ======'machine_var_audits_shots_ricochet_3'====== Args={'value': 91, 'prev_value': None, 'change': True}
2024-09-05 18:42:08,408 : INFO : EventManager : Event: ======'machine_var_audits_shots_ricochet_4'====== Args={'value': 49, 'prev_value': None, 'change': True}
2024-09-05 18:42:08,409 : INFO : EventManager : Event: ======'machine_var_audits_shots_ricochet_5'====== Args={'value': 3, 'prev_value': None, 'change': True}
2024-09-05 18:42:08,409 : INFO : EventManager : Event: ======'machine_var_audits_switches_s_action_button'====== Args={'value': 45, 'prev_value': None, 'change': True}
2024-09-05 18:42:08,409 : INFO : EventManager : Event: ======'machine_var_audits_switches_s_bumper_1'====== Args={'value': 735, 'prev_value': None, 'change': True}
2024-09-05 18:42:08,409 : INFO : EventManager : Event: ======'machine_var_audits_switches_s_bumper_2'====== Args={'value': 223, 'prev_value': None, 'change': True}
2024-09-05 18:42:08,410 : INFO : EventManager : Event: ======'machine_var_audits_switches_s_bumper_3'====== Args={'value': 667, 'prev_value': None, 'change': True}
2024-09-05 18:42:08,410 : INFO : EventManager : Event: ======'machine_var_audits_switches_s_center_ramp'====== Args={'value': 114, 'prev_value': None, 'change': True}
2024-09-05 18:42:08,411 : INFO : EventManager : Event: ======'machine_var_audits_switches_s_citadel'====== Args={'value': 75, 'prev_value': None, 'change': True}
2024-09-05 18:42:08,411 : INFO : EventManager : Event: ======'machine_var_audits_switches_s_citadel_lock'====== Args={'value': 255, 'prev_value': None, 'change': True}
2024-09-05 18:42:08,411 : INFO : EventManager : Event: ======'machine_var_audits_switches_s_conning_tower'====== Args={'value': 4, 'prev_value': None, 'change': True}
2024-09-05 18:42:08,412 : INFO : EventManager : Event: ======'machine_var_audits_switches_s_detonation'====== Args={'value': 172, 'prev_value': None, 'change': True}
2024-09-05 18:42:08,412 : INFO : EventManager : Event: ======'machine_var_audits_switches_s_detonation_lit'====== Args={'value': 24, 'prev_value': None, 'change': True}
2024-09-05 18:42:08,412 : INFO : EventManager : Event: ======'machine_var_audits_switches_s_dmg_1'====== Args={'value': 2704, 'prev_value': None, 'change': True}
2024-09-05 18:42:08,413 : INFO : EventManager : Event: ======'machine_var_audits_switches_s_dmg_2'====== Args={'value': 65, 'prev_value': None, 'change': True}
2024-09-05 18:42:08,413 : INFO : EventManager : Event: ======'machine_var_audits_switches_s_dmg_3'====== Args={'value': 20, 'prev_value': None, 'change': True}
2024-09-05 18:42:08,413 : INFO : EventManager : Event: ======'machine_var_audits_switches_s_dmg_4'====== Args={'value': 27, 'prev_value': None, 'change': True}
2024-09-05 18:42:08,413 : INFO : EventManager : Event: ======'machine_var_audits_switches_s_dmg_5'====== Args={'value': 26, 'prev_value': None, 'change': True}
2024-09-05 18:42:08,414 : INFO : EventManager : Event: ======'machine_var_audits_switches_s_dmg_6'====== Args={'value': 139, 'prev_value': None, 'change': True}
2024-09-05 18:42:08,414 : INFO : EventManager : Event: ======'machine_var_audits_switches_s_dmg_7'====== Args={'value': 293, 'prev_value': None, 'change': True}
2024-09-05 18:42:08,414 : INFO : EventManager : Event: ======'machine_var_audits_switches_s_drop_target'====== Args={'value': 2094, 'prev_value': None, 'change': True}
2024-09-05 18:42:08,415 : INFO : EventManager : Event: ======'machine_var_audits_switches_s_jet_hole'====== Args={'value': 0, 'prev_value': None, 'change': True}
2024-09-05 18:42:08,415 : INFO : EventManager : Event: ======'machine_var_audits_switches_s_jet_lane'====== Args={'value': 1, 'prev_value': None, 'change': True}
2024-09-05 18:42:08,416 : INFO : EventManager : Event: ======'machine_var_audits_switches_s_kickback'====== Args={'value': 0, 'prev_value': None, 'change': True}
2024-09-05 18:42:08,416 : INFO : EventManager : Event: ======'machine_var_audits_switches_s_kickback_target_1'====== Args={'value': 0, 'prev_value': None, 'change': True}
2024-09-05 18:42:08,416 : INFO : EventManager : Event: ======'machine_var_audits_switches_s_kickback_target_2'====== Args={'value': 0, 'prev_value': None, 'change': True}
2024-09-05 18:42:08,417 : INFO : EventManager : Event: ======'machine_var_audits_switches_s_kickback_target_3'====== Args={'value': 6, 'prev_value': None, 'change': True}
2024-09-05 18:42:08,417 : INFO : EventManager : Event: ======'machine_var_audits_switches_s_kickback_terget_1'====== Args={'value': 0, 'prev_value': None, 'change': True}
2024-09-05 18:42:08,418 : INFO : EventManager : Event: ======'machine_var_audits_switches_s_left_flipper'====== Args={'value': 1472, 'prev_value': None, 'change': True}
2024-09-05 18:42:08,418 : INFO : EventManager : Event: ======'machine_var_audits_switches_s_left_hole'====== Args={'value': 0, 'prev_value': None, 'change': True}
2024-09-05 18:42:08,418 : INFO : EventManager : Event: ======'machine_var_audits_switches_s_left_inlane'====== Args={'value': 349, 'prev_value': None, 'change': True}
2024-09-05 18:42:08,419 : INFO : EventManager : Event: ======'machine_var_audits_switches_s_left_loop_made'====== Args={'value': 244, 'prev_value': None, 'change': True}
2024-09-05 18:42:08,419 : INFO : EventManager : Event: ======'machine_var_audits_switches_s_left_loop_pre'====== Args={'value': 201, 'prev_value': None, 'change': True}
2024-09-05 18:42:08,419 : INFO : EventManager : Event: ======'machine_var_audits_switches_s_left_mid_inlane'====== Args={'value': 146, 'prev_value': None, 'change': True}
2024-09-05 18:42:08,420 : INFO : EventManager : Event: ======'machine_var_audits_switches_s_left_outlane'====== Args={'value': 125, 'prev_value': None, 'change': True}
2024-09-05 18:42:08,420 : INFO : EventManager : Event: ======'machine_var_audits_switches_s_left_ramp_made'====== Args={'value': 1996, 'prev_value': None, 'change': True}
2024-09-05 18:42:08,421 : INFO : EventManager : Event: ======'machine_var_audits_switches_s_left_ramp_pre'====== Args={'value': 273, 'prev_value': None, 'change': True}
2024-09-05 18:42:08,421 : INFO : EventManager : Event: ======'machine_var_audits_switches_s_left_slingshot'====== Args={'value': 33, 'prev_value': None, 'change': True}
2024-09-05 18:42:08,421 : INFO : EventManager : Event: ======'machine_var_audits_switches_s_lock_1'====== Args={'value': 425, 'prev_value': None, 'change': True}
2024-09-05 18:42:08,433 : INFO : EventManager : Event: ======'machine_var_audits_switches_s_lock_2'====== Args={'value': 437, 'prev_value': None, 'change': True}
2024-09-05 18:42:08,435 : INFO : EventManager : Event: ======'machine_var_audits_switches_s_lock_3'====== Args={'value': 520, 'prev_value': None, 'change': True}
2024-09-05 18:42:08,436 : INFO : EventManager : Event: ======'machine_var_audits_switches_s_magnet_switch'====== Args={'value': 0, 'prev_value': None, 'change': True}
2024-09-05 18:42:08,437 : INFO : EventManager : Event: ======'machine_var_audits_switches_s_main_hole'====== Args={'value': 1061, 'prev_value': None, 'change': True}
2024-09-05 18:42:08,437 : INFO : EventManager : Event: ======'machine_var_audits_switches_s_pen_1'====== Args={'value': 819, 'prev_value': None, 'change': True}
2024-09-05 18:42:08,437 : INFO : EventManager : Event: ======'machine_var_audits_switches_s_pen_2'====== Args={'value': 96, 'prev_value': None, 'change': True}
2024-09-05 18:42:08,438 : INFO : EventManager : Event: ======'machine_var_audits_switches_s_pen_3'====== Args={'value': 322, 'prev_value': None, 'change': True}
2024-09-05 18:42:08,439 : INFO : EventManager : Event: ======'machine_var_audits_switches_s_pen_4'====== Args={'value': 5, 'prev_value': None, 'change': True}
2024-09-05 18:42:08,439 : INFO : EventManager : Event: ======'machine_var_audits_switches_s_pen_5'====== Args={'value': 2, 'prev_value': None, 'change': True}
2024-09-05 18:42:08,439 : INFO : EventManager : Event: ======'machine_var_audits_switches_s_pen_6'====== Args={'value': 8, 'prev_value': None, 'change': True}
2024-09-05 18:42:08,440 : INFO : EventManager : Event: ======'machine_var_audits_switches_s_plunger'====== Args={'value': 4084, 'prev_value': None, 'change': True}
2024-09-05 18:42:08,440 : INFO : EventManager : Event: ======'machine_var_audits_switches_s_plunger_button'====== Args={'value': 4, 'prev_value': None, 'change': True}
2024-09-05 18:42:08,441 : INFO : EventManager : Event: ======'machine_var_audits_switches_s_ricochet_1'====== Args={'value': 197, 'prev_value': None, 'change': True}
2024-09-05 18:42:08,441 : INFO : EventManager : Event: ======'machine_var_audits_switches_s_ricochet_2'====== Args={'value': 692, 'prev_value': None, 'change': True}
2024-09-05 18:42:08,441 : INFO : EventManager : Event: ======'machine_var_audits_switches_s_ricochet_3'====== Args={'value': 93, 'prev_value': None, 'change': True}
2024-09-05 18:42:08,442 : INFO : EventManager : Event: ======'machine_var_audits_switches_s_ricochet_4'====== Args={'value': 54, 'prev_value': None, 'change': True}
2024-09-05 18:42:08,442 : INFO : EventManager : Event: ======'machine_var_audits_switches_s_ricochet_5'====== Args={'value': 8, 'prev_value': None, 'change': True}
2024-09-05 18:42:08,442 : INFO : EventManager : Event: ======'machine_var_audits_switches_s_right_flipper'====== Args={'value': 4223, 'prev_value': None, 'change': True}
2024-09-05 18:42:08,443 : INFO : EventManager : Event: ======'machine_var_audits_switches_s_right_hole'====== Args={'value': 26, 'prev_value': None, 'change': True}
2024-09-05 18:42:08,443 : INFO : EventManager : Event: ======'machine_var_audits_switches_s_right_inlane'====== Args={'value': 363, 'prev_value': None, 'change': True}
2024-09-05 18:42:08,444 : INFO : EventManager : Event: ======'machine_var_audits_switches_s_right_loop_made'====== Args={'value': 83, 'prev_value': None, 'change': True}
2024-09-05 18:42:08,444 : INFO : EventManager : Event: ======'machine_var_audits_switches_s_right_loop_pre'====== Args={'value': 71, 'prev_value': None, 'change': True}
2024-09-05 18:42:08,444 : INFO : EventManager : Event: ======'machine_var_audits_switches_s_right_outlane'====== Args={'value': 141, 'prev_value': None, 'change': True}
2024-09-05 18:42:08,445 : INFO : EventManager : Event: ======'machine_var_audits_switches_s_right_ramp_made'====== Args={'value': 1703, 'prev_value': None, 'change': True}
2024-09-05 18:42:08,445 : INFO : EventManager : Event: ======'machine_var_audits_switches_s_right_ramp_pre'====== Args={'value': 83, 'prev_value': None, 'change': True}
2024-09-05 18:42:08,446 : INFO : EventManager : Event: ======'machine_var_audits_switches_s_right_slingshot'====== Args={'value': 132, 'prev_value': None, 'change': True}
2024-09-05 18:42:08,446 : INFO : EventManager : Event: ======'machine_var_audits_switches_s_right_small_ramp'====== Args={'value': 0, 'prev_value': None, 'change': True}
2024-09-05 18:42:08,447 : INFO : EventManager : Event: ======'machine_var_audits_switches_s_right_tunnel'====== Args={'value': 0, 'prev_value': None, 'change': True}
2024-09-05 18:42:08,447 : INFO : EventManager : Event: ======'machine_var_audits_switches_s_saucer'====== Args={'value': 0, 'prev_value': None, 'change': True}
2024-09-05 18:42:08,448 : INFO : EventManager : Event: ======'machine_var_audits_switches_s_side_hole'====== Args={'value': 316, 'prev_value': None, 'change': True}
2024-09-05 18:42:08,449 : INFO : EventManager : Event: ======'machine_var_audits_switches_s_side_ramp_made'====== Args={'value': 1125, 'prev_value': None, 'change': True}
2024-09-05 18:42:08,449 : INFO : EventManager : Event: ======'machine_var_audits_switches_s_side_ramp_pre'====== Args={'value': 113, 'prev_value': None, 'change': True}
2024-09-05 18:42:08,449 : INFO : EventManager : Event: ======'machine_var_audits_switches_s_spinner'====== Args={'value': 0, 'prev_value': None, 'change': True}
2024-09-05 18:42:08,450 : INFO : EventManager : Event: ======'machine_var_audits_switches_s_start'====== Args={'value': 150, 'prev_value': None, 'change': True}
2024-09-05 18:42:08,450 : INFO : EventManager : Event: ======'machine_var_audits_switches_s_torpedo'====== Args={'value': 739, 'prev_value': None, 'change': True}
2024-09-05 18:42:08,451 : INFO : EventManager : Event: ======'machine_var_audits_switches_s_torpedo_lane'====== Args={'value': 2, 'prev_value': None, 'change': True}
2024-09-05 18:42:08,451 : INFO : EventManager : Event: ======'machine_var_audits_switches_s_torpedo_pre'====== Args={'value': 0, 'prev_value': None, 'change': True}
2024-09-05 18:42:08,452 : INFO : EventManager : Event: ======'machine_var_audits_switches_s_trough1'====== Args={'value': 658, 'prev_value': None, 'change': True}
2024-09-05 18:42:08,452 : INFO : EventManager : Event: ======'machine_var_audits_switches_s_trough2'====== Args={'value': 105, 'prev_value': None, 'change': True}
2024-09-05 18:42:08,453 : INFO : EventManager : Event: ======'machine_var_audits_switches_s_trough3'====== Args={'value': 82, 'prev_value': None, 'change': True}
2024-09-05 18:42:08,453 : INFO : EventManager : Event: ======'machine_var_audits_switches_s_trough4'====== Args={'value': 34, 'prev_value': None, 'change': True}
2024-09-05 18:42:08,453 : INFO : EventManager : Event: ======'machine_var_audits_switches_s_trough5'====== Args={'value': 2, 'prev_value': None, 'change': True}
2024-09-05 18:42:08,454 : INFO : EventManager : Event: ======'machine_var_audits_switches_s_trough6'====== Args={'value': 1, 'prev_value': None, 'change': True}
2024-09-05 18:42:08,454 : INFO : EventManager : Event: ======'machine_var_audits_switches_s_trough_jam'====== Args={'value': 0, 'prev_value': None, 'change': True}
2024-09-05 18:42:08,455 : INFO : EventManager : Event: ======'init_phase_5'====== Args={}
2024-09-05 18:42:08,479 : INFO : EventManager : Event: ======'init_done'====== Args={}
2024-09-05 18:42:08,479 : INFO : EventManager : Event: ======'machine_reset_phase_1'====== Args={}
2024-09-05 18:42:08,496 : INFO : EventManager : Event: ======'machine_reset_phase_2'====== Args={}
2024-09-05 18:42:08,496 : INFO : EventManager : Event: ======'machine_reset_phase_3'====== Args={}
2024-09-05 18:42:08,496 : INFO : EventManager : Event: ======'diverter_citadel_diverter_deactivating'====== Args={}
2024-09-05 18:42:08,496 : INFO : coil.c_loop_diverter : Disabling Driver
2024-09-05 18:42:08,496 : INFO : EventManager : Event: ======'diverter_torpedo_peg_deactivating'====== Args={}
2024-09-05 18:42:08,496 : INFO : coil.c_torpedo_peg : Disabling Driver
2024-09-05 18:42:08,496 : INFO : EventManager : Event: ======'reset_complete'====== Args={}
2024-09-05 18:42:08,496 : INFO : EventManager : Event: ======'mode_attract_will_start'====== Args={}
2024-09-05 18:42:08,497 : INFO : EventManager : Event: ======'mode_attract_starting'====== Args={}
2024-09-05 18:42:08,497 : INFO : Mode.attract : Started. Priority: 10
2024-09-05 18:42:08,497 : INFO : EventManager : Event: ======'modes_active_modes_changed'====== Args={}
2024-09-05 18:42:08,497 : INFO : EventManager : Event: ======'mode_attract_started'====== Args={}
2024-09-05 18:42:08,497 : INFO : EventManager : Event: ======'collecting_balls_complete'====== Args={}
2024-09-05 18:42:08,550 : INFO : EventManager : Event: ======'slide_attract_game_over_slide_created'====== Args={'_from_bcp': True}
2024-09-05 18:42:08,550 : INFO : EventManager : Event: ======'slide_attract_game_over_slide_active'====== Args={'_from_bcp': True}
2024-09-05 18:42:08,550 : INFO : Machine : Starting the main run loop.
2024-09-05 18:42:10,507 : INFO : EventManager : Event: ======'slide_end_mode_8_compIG_created'====== Args={'_from_bcp': True}
2024-09-05 18:42:10,514 : INFO : EventManager : Event: ======'slide_end_mode_8_compIG_active'====== Args={'_from_bcp': True}
2024-09-05 18:42:12,522 : INFO : EventManager : Event: ======'slide_end_mode_8_comp_created'====== Args={'_from_bcp': True}
2024-09-05 18:42:12,526 : INFO : EventManager : Event: ======'slide_end_mode_8_comp_active'====== Args={'_from_bcp': True}
2024-09-05 18:42:14,533 : INFO : EventManager : Event: ======'slide_end_mode_8_co_created'====== Args={'_from_bcp': True}
2024-09-05 18:42:14,533 : INFO : EventManager : Event: ======'slide_end_mode_8_co_active'====== Args={'_from_bcp': True}
2024-09-05 18:42:16,512 : INFO : EventManager : Event: ======'slide_end_mode_8_com_created'====== Args={'_from_bcp': True}
2024-09-05 18:42:16,512 : INFO : EventManager : Event: ======'slide_end_mode_8_com_active'====== Args={'_from_bcp': True}
2024-09-05 18:42:18,503 : INFO : EventManager : Event: ======'slide_end_mode_8_completed_created'====== Args={'_from_bcp': True}
2024-09-05 18:42:18,509 : INFO : EventManager : Event: ======'slide_end_mode_8_completed_active'====== Args={'_from_bcp': True}
2024-09-05 18:42:19,700 : INFO : BcpServer : New client connected.
2024-09-05 18:42:20,501 : INFO : EventManager : Event: ======'slide_scores_slide_created'====== Args={'_from_bcp': True}
2024-09-05 18:42:20,506 : INFO : EventManager : Event: ======'slide_scores_slide_active'====== Args={'_from_bcp': True}
2024-09-05 18:42:22,507 : INFO : EventManager : Event: ======'slide_medals_back_created'====== Args={'_from_bcp': True}
2024-09-05 18:42:22,507 : INFO : EventManager : Event: ======'slide_medals_back_active'====== Args={'_from_bcp': True}
2024-09-05 18:42:24,483 : INFO : EventManager : Event: ======'slide_medals_created'====== Args={'_from_bcp': True}
2024-09-05 18:42:24,489 : INFO : EventManager : Event: ======'slide_medals_active'====== Args={'_from_bcp': True}
2024-09-05 18:42:26,481 : INFO : EventManager : Event: ======'slide_aircraft_slide_created'====== Args={'_from_bcp': True}
2024-09-05 18:42:26,483 : INFO : EventManager : Event: ======'slide_aircraft_slide_active'====== Args={'_from_bcp': True}
2024-09-05 18:42:28,486 : INFO : EventManager : Event: ======'slide_t_1_1_slide_created'====== Args={'_from_bcp': True}
2024-09-05 18:42:28,492 : INFO : EventManager : Event: ======'slide_t_1_1_slide_active'====== Args={'_from_bcp': True}
2024-09-05 18:42:30,532 : INFO : EventManager : Event: ======'slide_t_1_2_slide_created'====== Args={'_from_bcp': True}
2024-09-05 18:42:30,532 : INFO : EventManager : Event: ======'slide_t_1_2_slide_active'====== Args={'_from_bcp': True}
2024-09-05 18:42:32,505 : INFO : EventManager : Event: ======'slide_t_1_3_slide_created'====== Args={'_from_bcp': True}
2024-09-05 18:42:32,511 : INFO : EventManager : Event: ======'slide_t_1_3_slide_active'====== Args={'_from_bcp': True}
2024-09-05 18:42:34,502 : INFO : EventManager : Event: ======'slide_t_1_4_slide_created'====== Args={'_from_bcp': True}
2024-09-05 18:42:34,507 : INFO : EventManager : Event: ======'slide_t_1_4_slide_active'====== Args={'_from_bcp': True}
2024-09-05 18:42:36,502 : INFO : EventManager : Event: ======'slide_t_2_1_slide_created'====== Args={'_from_bcp': True}
2024-09-05 18:42:36,508 : INFO : EventManager : Event: ======'slide_t_2_1_slide_active'====== Args={'_from_bcp': True}
2024-09-05 18:42:38,509 : INFO : EventManager : Event: ======'slide_t_2_2_slide_created'====== Args={'_from_bcp': True}
2024-09-05 18:42:38,515 : INFO : EventManager : Event: ======'slide_t_2_2_slide_active'====== Args={'_from_bcp': True}
2024-09-05 18:42:40,491 : INFO : EventManager : Event: ======'slide_t_2_3_slide_created'====== Args={'_from_bcp': True}
2024-09-05 18:42:40,491 : INFO : EventManager : Event: ======'slide_t_2_3_slide_active'====== Args={'_from_bcp': True}
2024-09-05 18:42:42,514 : INFO : EventManager : Event: ======'slide_t_2_4_slide_created'====== Args={'_from_bcp': True}
2024-09-05 18:42:42,515 : INFO : EventManager : Event: ======'slide_t_2_4_slide_active'====== Args={'_from_bcp': True}
2024-09-05 18:42:44,502 : INFO : EventManager : Event: ======'slide_t_3_1_slide_created'====== Args={'_from_bcp': True}
2024-09-05 18:42:44,510 : INFO : EventManager : Event: ======'slide_t_3_1_slide_active'====== Args={'_from_bcp': True}
2024-09-05 18:42:46,416 : INFO : SwitchController : <<<<<<< 's_start' active >>>>>>>
2024-09-05 18:42:46,480 : INFO : SwitchController : <<<<<<< 's_start' inactive >>>>>>>
2024-09-05 18:42:46,480 : INFO : EventManager : Event: ======'request_to_start_game'====== Args={}
2024-09-05 18:42:46,481 : INFO : EventManager : Event: ======'game_start'====== Args={'buttons': [], 'hold_time': 0.0630000000000166}
2024-09-05 18:42:46,481 : INFO : EventManager : Event: ======'mode_game_will_start'====== Args={'buttons': [], 'hold_time': 0.0630000000000166}
2024-09-05 18:42:46,484 : INFO : EventManager : Event: ======'mode_game_starting'====== Args={'buttons': [], 'hold_time': 0.0630000000000166}
2024-09-05 18:42:46,484 : INFO : EventManager : Event: ======'mode_attract_will_stop'====== Args={}
2024-09-05 18:42:46,484 : INFO : EventManager : Event: ======'mode_attract_stopping'====== Args={}
2024-09-05 18:42:46,485 : INFO : Mode.attract : Stopped.
2024-09-05 18:42:46,485 : INFO : EventManager : Event: ======'modes_active_modes_changed'====== Args={}
2024-09-05 18:42:46,485 : INFO : EventManager : Event: ======'mode_attract_stopped'====== Args={}
2024-09-05 18:42:46,485 : INFO : EventManager : Event: ======'clear'====== Args={'key': 'attract'}
2024-09-05 18:42:46,486 : INFO : Mode.game : Started. Priority: 20
2024-09-05 18:42:46,486 : INFO : EventManager : Event: ======'modes_active_modes_changed'====== Args={}
2024-09-05 18:42:46,486 : INFO : EventManager : Event: ======'mode_game_started'====== Args={'buttons': [], 'hold_time': 0.0630000000000166}
2024-09-05 18:42:46,498 : INFO : EventManager : Event: ======'game_will_start'====== Args={}
2024-09-05 18:42:46,498 : INFO : EventManager : Event: ======'slide_t_3_2_slide_created'====== Args={'_from_bcp': True}
2024-09-05 18:42:46,499 : INFO : EventManager : Event: ======'game_starting'====== Args={'game': <Mode.game>}
2024-09-05 18:42:46,499 : INFO : EventManager : Event: ======'slide_t_3_2_slide_active'====== Args={'_from_bcp': True}
2024-09-05 18:42:46,499 : INFO : EventManager : Event: ======'player_add_request'====== Args={}
2024-09-05 18:42:46,499 : INFO : EventManager : Event: ======'player_will_add'====== Args={'number': 1}
2024-09-05 18:42:46,502 : INFO : EventManager : Event: ======'player_adding'====== Args={'player': <Player 1>, 'number': 1}
2024-09-05 18:42:46,502 : INFO : EventManager : Event: ======'player_added'====== Args={'player': <Player 1>, 'num': 1}
2024-09-05 18:42:46,502 : INFO : Mode.game : Player added successfully. Total players: 1
2024-09-05 18:42:46,503 : INFO : EventManager : Event: ======'player_index'====== Args={'value': 0, 'prev_value': 0, 'change': 0, 'player_num': 1}
2024-09-05 18:42:46,510 : INFO : EventManager : Event: ======'player_number'====== Args={'value': 1, 'prev_value': 1, 'change': 0, 'player_num': 1}
2024-09-05 18:42:46,518 : INFO : EventManager : Event: ======'player_ReceivedDMG'====== Args={'value': 0, 'prev_value': 0, 'change': 0, 'player_num': 1}
2024-09-05 18:42:46,518 : INFO : EventManager : Event: ======'player_DMGValue'====== Args={'value': 10000000, 'prev_value': 10000000, 'change': 0, 'player_num': 1}
2024-09-05 18:42:46,519 : INFO : EventManager : Event: ======'player_JetValue'====== Args={'value': 5000000, 'prev_value': 5000000, 'change': 0, 'player_num': 1}
2024-09-05 18:42:46,519 : INFO : EventManager : Event: ======'player_BonusX'====== Args={'value': 0, 'prev_value': 0, 'change': 0, 'player_num': 1}
2024-09-05 18:42:46,519 : INFO : EventManager : Event: ======'player_m1shotmade'====== Args={'value': 0, 'prev_value': 0, 'change': 0, 'player_num': 1}
2024-09-05 18:42:46,519 : INFO : EventManager : Event: ======'player_m2shotmade'====== Args={'value': 0, 'prev_value': 0, 'change': 0, 'player_num': 1}
2024-09-05 18:42:46,519 : INFO : EventManager : Event: ======'player_m3shotmade'====== Args={'value': 0, 'prev_value': 0, 'change': 0, 'player_num': 1}
2024-09-05 18:42:46,519 : INFO : EventManager : Event: ======'player_m4shotmade'====== Args={'value': 0, 'prev_value': 0, 'change': 0, 'player_num': 1}
2024-09-05 18:42:46,520 : INFO : EventManager : Event: ======'player_m5shotmade'====== Args={'value': 0, 'prev_value': 0, 'change': 0, 'player_num': 1}
2024-09-05 18:42:46,520 : INFO : EventManager : Event: ======'player_m6shotmade'====== Args={'value': 0, 'prev_value': 0, 'change': 0, 'player_num': 1}
2024-09-05 18:42:46,520 : INFO : EventManager : Event: ======'player_m7shotmade'====== Args={'value': 0, 'prev_value': 0, 'change': 0, 'player_num': 1}
2024-09-05 18:42:46,520 : INFO : EventManager : Event: ======'player_m8shotmade'====== Args={'value': 0, 'prev_value': 0, 'change': 0, 'player_num': 1}
2024-09-05 18:42:46,521 : INFO : EventManager : Event: ======'player_m9shotmade'====== Args={'value': 0, 'prev_value': 0, 'change': 0, 'player_num': 1}
2024-09-05 18:42:46,521 : INFO : EventManager : Event: ======'player_m1_active'====== Args={'value': 0, 'prev_value': 0, 'change': 0, 'player_num': 1}
2024-09-05 18:42:46,521 : INFO : EventManager : Event: ======'player_m2_active'====== Args={'value': 0, 'prev_value': 0, 'change': 0, 'player_num': 1}
2024-09-05 18:42:46,522 : INFO : EventManager : Event: ======'player_m3_active'====== Args={'value': 0, 'prev_value': 0, 'change': 0, 'player_num': 1}
2024-09-05 18:42:46,522 : INFO : EventManager : Event: ======'player_m4_active'====== Args={'value': 0, 'prev_value': 0, 'change': 0, 'player_num': 1}
2024-09-05 18:42:46,522 : INFO : EventManager : Event: ======'player_m5_active'====== Args={'value': 0, 'prev_value': 0, 'change': 0, 'player_num': 1}
2024-09-05 18:42:46,522 : INFO : EventManager : Event: ======'player_m6_active'====== Args={'value': 0, 'prev_value': 0, 'change': 0, 'player_num': 1}
2024-09-05 18:42:46,523 : INFO : EventManager : Event: ======'player_m7_active'====== Args={'value': 0, 'prev_value': 0, 'change': 0, 'player_num': 1}
2024-09-05 18:42:46,523 : INFO : EventManager : Event: ======'player_m8_active'====== Args={'value': 0, 'prev_value': 0, 'change': 0, 'player_num': 1}
2024-09-05 18:42:46,523 : INFO : EventManager : Event: ======'player_m9_active'====== Args={'value': 0, 'prev_value': 0, 'change': 0, 'player_num': 1}
2024-09-05 18:42:46,523 : INFO : EventManager : Event: ======'player_m1shotremaining'====== Args={'value': 4, 'prev_value': 4, 'change': 0, 'player_num': 1}
2024-09-05 18:42:46,523 : INFO : EventManager : Event: ======'player_m2shotremaining'====== Args={'value': 20, 'prev_value': 20, 'change': 0, 'player_num': 1}
2024-09-05 18:42:46,524 : INFO : EventManager : Event: ======'player_m3shotremaining'====== Args={'value': 4, 'prev_value': 4, 'change': 0, 'player_num': 1}
2024-09-05 18:42:46,524 : INFO : EventManager : Event: ======'player_m4shotremaining'====== Args={'value': 4, 'prev_value': 4, 'change': 0, 'player_num': 1}
2024-09-05 18:42:46,524 : INFO : EventManager : Event: ======'player_m5shotremaining'====== Args={'value': 4, 'prev_value': 4, 'change': 0, 'player_num': 1}
2024-09-05 18:42:46,525 : INFO : EventManager : Event: ======'player_m6shotremaining'====== Args={'value': 4, 'prev_value': 4, 'change': 0, 'player_num': 1}
2024-09-05 18:42:46,525 : INFO : EventManager : Event: ======'player_m7shotremaining'====== Args={'value': 4, 'prev_value': 4, 'change': 0, 'player_num': 1}
2024-09-05 18:42:46,525 : INFO : EventManager : Event: ======'player_m8shotremaining'====== Args={'value': 4, 'prev_value': 4, 'change': 0, 'player_num': 1}
2024-09-05 18:42:46,525 : INFO : EventManager : Event: ======'player_m9shotremaining'====== Args={'value': 4, 'prev_value': 4, 'change': 0, 'player_num': 1}
2024-09-05 18:42:46,525 : INFO : EventManager : Event: ======'player_m1entrynumber_m'====== Args={'value': 1, 'prev_value': 1, 'change': 0, 'player_num': 1}
2024-09-05 18:42:46,526 : INFO : EventManager : Event: ======'player_m2entrynumber_m'====== Args={'value': 1, 'prev_value': 1, 'change': 0, 'player_num': 1}
2024-09-05 18:42:46,526 : INFO : EventManager : Event: ======'player_m3entrynumber_m'====== Args={'value': 1, 'prev_value': 1, 'change': 0, 'player_num': 1}
2024-09-05 18:42:46,526 : INFO : EventManager : Event: ======'player_m4entrynumber_m'====== Args={'value': 1, 'prev_value': 1, 'change': 0, 'player_num': 1}
2024-09-05 18:42:46,526 : INFO : EventManager : Event: ======'player_m5entrynumber_m'====== Args={'value': 1, 'prev_value': 1, 'change': 0, 'player_num': 1}
2024-09-05 18:42:46,527 : INFO : EventManager : Event: ======'player_m6entrynumber_m'====== Args={'value': 1, 'prev_value': 1, 'change': 0, 'player_num': 1}
2024-09-05 18:42:46,527 : INFO : EventManager : Event: ======'player_m7entrynumber_m'====== Args={'value': 1, 'prev_value': 1, 'change': 0, 'player_num': 1}
2024-09-05 18:42:46,527 : INFO : EventManager : Event: ======'player_m8entrynumber_m'====== Args={'value': 1, 'prev_value': 1, 'change': 0, 'player_num': 1}
2024-09-05 18:42:46,527 : INFO : EventManager : Event: ======'player_m9entrynumber_m'====== Args={'value': 1, 'prev_value': 1, 'change': 0, 'player_num': 1}
2024-09-05 18:42:46,528 : INFO : EventManager : Event: ======'player_m1entrynumber'====== Args={'value': 0, 'prev_value': 0, 'change': 0, 'player_num': 1}
2024-09-05 18:42:46,528 : INFO : EventManager : Event: ======'player_m2entrynumber'====== Args={'value': 0, 'prev_value': 0, 'change': 0, 'player_num': 1}
2024-09-05 18:42:46,528 : INFO : EventManager : Event: ======'player_m3entrynumber'====== Args={'value': 0, 'prev_value': 0, 'change': 0, 'player_num': 1}
2024-09-05 18:42:46,529 : INFO : EventManager : Event: ======'player_m4entrynumber'====== Args={'value': 0, 'prev_value': 0, 'change': 0, 'player_num': 1}
2024-09-05 18:42:46,529 : INFO : EventManager : Event: ======'player_m5entrynumber'====== Args={'value': 0, 'prev_value': 0, 'change': 0, 'player_num': 1}
2024-09-05 18:42:46,529 : INFO : EventManager : Event: ======'player_m6entrynumber'====== Args={'value': 0, 'prev_value': 0, 'change': 0, 'player_num': 1}
2024-09-05 18:42:46,529 : INFO : EventManager : Event: ======'player_m7entrynumber'====== Args={'value': 0, 'prev_value': 0, 'change': 0, 'player_num': 1}
2024-09-05 18:42:46,530 : INFO : EventManager : Event: ======'player_m8entrynumber'====== Args={'value': 0, 'prev_value': 0, 'change': 0, 'player_num': 1}
2024-09-05 18:42:46,530 : INFO : EventManager : Event: ======'player_m9entrynumber'====== Args={'value': 0, 'prev_value': 0, 'change': 0, 'player_num': 1}
2024-09-05 18:42:46,530 : INFO : EventManager : Event: ======'player_m10_finished'====== Args={'value': 0, 'prev_value': 0, 'change': 0, 'player_num': 1}
2024-09-05 18:42:46,530 : INFO : EventManager : Event: ======'player_mode_shot_enabled'====== Args={'value': 0, 'prev_value': 0, 'change': 0, 'player_num': 1}
2024-09-05 18:42:46,531 : INFO : EventManager : Event: ======'player_mode_shot_made'====== Args={'value': 0, 'prev_value': 0, 'change': 0, 'player_num': 1}
2024-09-05 18:42:46,531 : INFO : EventManager : Event: ======'player_completed_modes'====== Args={'value': 0, 'prev_value': 0, 'change': 0, 'player_num': 1}
2024-09-05 18:42:46,531 : INFO : EventManager : Event: ======'player_dmg_con_last_jackpot'====== Args={'value': 10000000, 'prev_value': 10000000, 'change': 0, 'player_num': 1}
2024-09-05 18:42:46,531 : INFO : EventManager : Event: ======'player_aa_fire_timer_active'====== Args={'value': 0, 'prev_value': 0, 'change': 0, 'player_num': 1}
2024-09-05 18:42:46,532 : INFO : EventManager : Event: ======'player_lock_lit_1_state'====== Args={'value': 0, 'prev_value': 0, 'change': 0, 'player_num': 1}
2024-09-05 18:42:46,532 : INFO : EventManager : Event: ======'player_lock_lit_2_state'====== Args={'value': 0, 'prev_value': 0, 'change': 0, 'player_num': 1}
2024-09-05 18:42:46,532 : INFO : EventManager : Event: ======'player_freeze_started'====== Args={'value': 0, 'prev_value': 0, 'change': 0, 'player_num': 1}
2024-09-05 18:42:46,532 : INFO : EventManager : Event: ======'player_timer_height'====== Args={'value': 0.0, 'prev_value': 0.0, 'change': 0, 'player_num': 1}
2024-09-05 18:42:46,533 : INFO : EventManager : Event: ======'player_citadel_number'====== Args={'value': 0, 'prev_value': 0, 'change': 0, 'player_num': 1}
2024-09-05 18:42:46,533 : INFO : EventManager : Event: ======'player_torpedo_number'====== Args={'value': 0, 'prev_value': 0, 'change': 0, 'player_num': 1}
2024-09-05 18:42:46,533 : INFO : EventManager : Event: ======'player_citadel_load_number'====== Args={'value': 3, 'prev_value': 3, 'change': 0, 'player_num': 1}
2024-09-05 18:42:46,533 : INFO : EventManager : Event: ======'player_torpedo_load_number'====== Args={'value': 3, 'prev_value': 3, 'change': 0, 'player_num': 1}
2024-09-05 18:42:46,534 : INFO : EventManager : Event: ======'player_citadel_ready'====== Args={'value': 0, 'prev_value': 0, 'change': 0, 'player_num': 1}
2024-09-05 18:42:46,534 : INFO : EventManager : Event: ======'player_torpedo_ready'====== Args={'value': 0, 'prev_value': 0, 'change': 0, 'player_num': 1}
2024-09-05 18:42:46,534 : INFO : EventManager : Event: ======'player_torpedo_dmg'====== Args={'value': 10.0, 'prev_value': 10.0, 'change': 0, 'player_num': 1}
2024-09-05 18:42:46,535 : INFO : EventManager : Event: ======'player_citadel_dmg'====== Args={'value': 10.0, 'prev_value': 10.0, 'change': 0, 'player_num': 1}
2024-09-05 18:42:46,535 : INFO : EventManager : Event: ======'player_fire_dmg'====== Args={'value': 10.0, 'prev_value': 10.0, 'change': 0, 'player_num': 1}
2024-09-05 18:42:46,535 : INFO : EventManager : Event: ======'player_penetration_dmg'====== Args={'value': 10.0, 'prev_value': 10.0, 'change': 0, 'player_num': 1}
2024-09-05 18:42:46,535 : INFO : EventManager : Event: ======'player_modeshotremaining'====== Args={'value': -1, 'prev_value': -1, 'change': 0, 'player_num': 1}
2024-09-05 18:42:46,536 : INFO : EventManager : Event: ======'player_super_lock'====== Args={'value': 0, 'prev_value': 0, 'change': 0, 'player_num': 1}
2024-09-05 18:42:46,536 : INFO : EventManager : Event: ======'player_container_lit'====== Args={'value': 0, 'prev_value': 0, 'change': 0, 'player_num': 1}
2024-09-05 18:42:46,536 : INFO : EventManager : Event: ======'player_addaball_lit'====== Args={'value': 0, 'prev_value': 0, 'change': 0, 'player_num': 1}
2024-09-05 18:42:46,537 : INFO : EventManager : Event: ======'player_more_time_lit'====== Args={'value': 0, 'prev_value': 0, 'change': 0, 'player_num': 1}
2024-09-05 18:42:46,537 : INFO : EventManager : Event: ======'player_ship'====== Args={'value': 'None', 'prev_value': 'None', 'change': False, 'player_num': 1}
2024-09-05 18:42:46,537 : INFO : EventManager : Event: ======'player_language'====== Args={'value': 'None', 'prev_value': 'None', 'change': False, 'player_num': 1}
2024-09-05 18:42:46,537 : INFO : EventManager : Event: ======'player_battle_bumper'====== Args={'value': 'fire', 'prev_value': 'fire', 'change': False, 'player_num': 1}
2024-09-05 18:42:46,538 : INFO : EventManager : Event: ======'player_fire_1_active'====== Args={'value': 0, 'prev_value': 0, 'change': 0, 'player_num': 1}
2024-09-05 18:42:46,538 : INFO : EventManager : Event: ======'player_fire_2_active'====== Args={'value': 0, 'prev_value': 0, 'change': 0, 'player_num': 1}
2024-09-05 18:42:46,538 : INFO : EventManager : Event: ======'player_fire_3_active'====== Args={'value': 0, 'prev_value': 0, 'change': 0, 'player_num': 1}
2024-09-05 18:42:46,538 : INFO : EventManager : Event: ======'player_m1_shot_need'====== Args={'value': 0, 'prev_value': 0, 'change': 0, 'player_num': 1}
2024-09-05 18:42:46,539 : INFO : EventManager : Event: ======'player_m2_shot_need'====== Args={'value': 0, 'prev_value': 0, 'change': 0, 'player_num': 1}
2024-09-05 18:42:46,539 : INFO : EventManager : Event: ======'player_m3_shot_need'====== Args={'value': 0, 'prev_value': 0, 'change': 0, 'player_num': 1}
2024-09-05 18:42:46,539 : INFO : EventManager : Event: ======'player_m4_shot_need'====== Args={'value': 0, 'prev_value': 0, 'change': 0, 'player_num': 1}
2024-09-05 18:42:46,539 : INFO : EventManager : Event: ======'player_m5_shot_need'====== Args={'value': 0, 'prev_value': 0, 'change': 0, 'player_num': 1}
2024-09-05 18:42:46,540 : INFO : EventManager : Event: ======'player_m6_shot_need'====== Args={'value': 0, 'prev_value': 0, 'change': 0, 'player_num': 1}
2024-09-05 18:42:46,540 : INFO : EventManager : Event: ======'player_m7_shot_need'====== Args={'value': 0, 'prev_value': 0, 'change': 0, 'player_num': 1}
2024-09-05 18:42:46,540 : INFO : EventManager : Event: ======'player_m8_shot_need'====== Args={'value': 0, 'prev_value': 0, 'change': 0, 'player_num': 1}
2024-09-05 18:42:46,540 : INFO : EventManager : Event: ======'player_m9_shot_need'====== Args={'value': 0, 'prev_value': 0, 'change': 0, 'player_num': 1}
2024-09-05 18:42:46,541 : INFO : EventManager : Event: ======'player_m10_shot_need'====== Args={'value': 0, 'prev_value': 0, 'change': 0, 'player_num': 1}
2024-09-05 18:42:46,541 : INFO : EventManager : Event: ======'player_m9_phase_1_active'====== Args={'value': 0, 'prev_value': 0, 'change': 0, 'player_num': 1}
2024-09-05 18:42:46,541 : INFO : EventManager : Event: ======'player_m9_phase_2_active'====== Args={'value': 0, 'prev_value': 0, 'change': 0, 'player_num': 1}
2024-09-05 18:42:46,541 : INFO : EventManager : Event: ======'player_bomb_number'====== Args={'value': 0, 'prev_value': 0, 'change': 0, 'player_num': 1}
2024-09-05 18:42:46,542 : INFO : EventManager : Event: ======'player_t_1_1_commander'====== Args={'value': 0, 'prev_value': 0, 'change': 0, 'player_num': 1}
2024-09-05 18:42:46,542 : INFO : EventManager : Event: ======'player_t_1_2_commander'====== Args={'value': 0, 'prev_value': 0, 'change': 0, 'player_num': 1}
2024-09-05 18:42:46,542 : INFO : EventManager : Event: ======'player_t_1_3_commander'====== Args={'value': 0, 'prev_value': 0, 'change': 0, 'player_num': 1}
2024-09-05 18:42:46,543 : INFO : EventManager : Event: ======'player_t_1_4_commander'====== Args={'value': 0, 'prev_value': 0, 'change': 0, 'player_num': 1}
2024-09-05 18:42:46,543 : INFO : EventManager : Event: ======'player_t_2_1_commander'====== Args={'value': 0, 'prev_value': 0, 'change': 0, 'player_num': 1}
2024-09-05 18:42:46,543 : INFO : EventManager : Event: ======'player_t_2_2_commander'====== Args={'value': 0, 'prev_value': 0, 'change': 0, 'player_num': 1}
2024-09-05 18:42:46,543 : INFO : EventManager : Event: ======'player_t_2_3_commander'====== Args={'value': 0, 'prev_value': 0, 'change': 0, 'player_num': 1}
2024-09-05 18:42:46,544 : INFO : EventManager : Event: ======'player_t_2_4_commander'====== Args={'value': 0, 'prev_value': 0, 'change': 0, 'player_num': 1}
2024-09-05 18:42:46,544 : INFO : EventManager : Event: ======'player_t_3_1_commander'====== Args={'value': 0, 'prev_value': 0, 'change': 0, 'player_num': 1}
2024-09-05 18:42:46,544 : INFO : EventManager : Event: ======'player_t_3_2_commander'====== Args={'value': 0, 'prev_value': 0, 'change': 0, 'player_num': 1}
2024-09-05 18:42:46,545 : INFO : EventManager : Event: ======'player_t_3_3_commander'====== Args={'value': 0, 'prev_value': 0, 'change': 0, 'player_num': 1}
2024-09-05 18:42:46,545 : INFO : EventManager : Event: ======'player_t_3_4_commander'====== Args={'value': 0, 'prev_value': 0, 'change': 0, 'player_num': 1}
2024-09-05 18:42:46,545 : INFO : EventManager : Event: ======'player_t_4_1_commander'====== Args={'value': 0, 'prev_value': 0, 'change': 0, 'player_num': 1}
2024-09-05 18:42:46,545 : INFO : EventManager : Event: ======'player_t_4_2_commander'====== Args={'value': 0, 'prev_value': 0, 'change': 0, 'player_num': 1}
2024-09-05 18:42:46,546 : INFO : EventManager : Event: ======'player_t_4_3_commander'====== Args={'value': 0, 'prev_value': 0, 'change': 0, 'player_num': 1}
2024-09-05 18:42:46,546 : INFO : EventManager : Event: ======'player_t_4_4_commander'====== Args={'value': 0, 'prev_value': 0, 'change': 0, 'player_num': 1}
2024-09-05 18:42:46,546 : INFO : EventManager : Event: ======'player_current_commander'====== Args={'value': 1, 'prev_value': 1, 'change': 0, 'player_num': 1}
2024-09-05 18:42:46,546 : INFO : EventManager : Event: ======'player_current_skill_points'====== Args={'value': 0, 'prev_value': 0, 'change': 0, 'player_num': 1}
2024-09-05 18:42:46,547 : INFO : EventManager : Event: ======'player_current_skill_level'====== Args={'value': 0, 'prev_value': 0, 'change': 0, 'player_num': 1}
2024-09-05 18:42:46,547 : INFO : EventManager : Event: ======'player_skill_lit'====== Args={'value': 0, 'prev_value': 0, 'change': 0, 'player_num': 1}
2024-09-05 18:42:46,547 : INFO : EventManager : Event: ======'player_bomb_1_active'====== Args={'value': 0, 'prev_value': 0, 'change': 0, 'player_num': 1}
2024-09-05 18:42:46,547 : INFO : EventManager : Event: ======'player_bomb_2_active'====== Args={'value': 0, 'prev_value': 0, 'change': 0, 'player_num': 1}
2024-09-05 18:42:46,548 : INFO : EventManager : Event: ======'player_bomb_3_active'====== Args={'value': 0, 'prev_value': 0, 'change': 0, 'player_num': 1}
2024-09-05 18:42:46,548 : INFO : EventManager : Event: ======'player_bomb_4_active'====== Args={'value': 0, 'prev_value': 0, 'change': 0, 'player_num': 1}
2024-09-05 18:42:46,548 : INFO : EventManager : Event: ======'player_bomb_5_active'====== Args={'value': 0, 'prev_value': 0, 'change': 0, 'player_num': 1}
2024-09-05 18:42:46,548 : INFO : EventManager : Event: ======'player_bomb_6_active'====== Args={'value': 0, 'prev_value': 0, 'change': 0, 'player_num': 1}
2024-09-05 18:42:46,549 : INFO : EventManager : Event: ======'player_bomb_7_active'====== Args={'value': 0, 'prev_value': 0, 'change': 0, 'player_num': 1}
2024-09-05 18:42:46,549 : INFO : EventManager : Event: ======'player_bomb_8_active'====== Args={'value': 0, 'prev_value': 0, 'change': 0, 'player_num': 1}
2024-09-05 18:42:46,549 : INFO : EventManager : Event: ======'player_bomb_9_active'====== Args={'value': 0, 'prev_value': 0, 'change': 0, 'player_num': 1}
2024-09-05 18:42:46,550 : INFO : EventManager : Event: ======'player_bomb_10_active'====== Args={'value': 0, 'prev_value': 0, 'change': 0, 'player_num': 1}
2024-09-05 18:42:46,550 : INFO : EventManager : Event: ======'player_bomb_11_active'====== Args={'value': 0, 'prev_value': 0, 'change': 0, 'player_num': 1}
2024-09-05 18:42:46,550 : INFO : EventManager : Event: ======'player_bomb_animation_queue'====== Args={'value': 0, 'prev_value': 0, 'change': 0, 'player_num': 1}
2024-09-05 18:42:46,550 : INFO : EventManager : Event: ======'player_bomb_animation_in_progress'====== Args={'value': 0, 'prev_value': 0, 'change': 0, 'player_num': 1}
2024-09-05 18:42:46,551 : INFO : EventManager : Event: ======'player_bomb_animation_completed'====== Args={'value': 0, 'prev_value': 0, 'change': 0, 'player_num': 1}
2024-09-05 18:42:46,551 : INFO : EventManager : Event: ======'player_bomb_animation_no_more'====== Args={'value': 0, 'prev_value': 0, 'change': 0, 'player_num': 1}
2024-09-05 18:42:46,551 : INFO : EventManager : Event: ======'player_aircraft_carrier_in_engage'====== Args={'value': 0, 'prev_value': 0, 'change': 0, 'player_num': 1}
2024-09-05 18:42:46,551 : INFO : EventManager : Event: ======'player_aircraft_carrier_torpedo_dropped'====== Args={'value': 0, 'prev_value': 0, 'change': 0, 'player_num': 1}
2024-09-05 18:42:46,552 : INFO : EventManager : Event: ======'player_spinner_value'====== Args={'value': 0, 'prev_value': 0, 'change': 0, 'player_num': 1}
2024-09-05 18:42:46,552 : INFO : EventManager : Event: ======'player_score'====== Args={'value': 0, 'prev_value': 0, 'change': 0, 'player_num': 1}
2024-09-05 18:42:46,553 : INFO : EventManager : Event: ======'game_started'====== Args={}
2024-09-05 18:42:46,587 : INFO : EventManager : Event: ======'player_turn_will_start'====== Args={'player': <Player 1>, 'number': 1}
2024-09-05 18:42:46,587 : INFO : EventManager : Event: ======'slide_attract_game_over_slide_removed'====== Args={'_from_bcp': True}
2024-09-05 18:42:46,587 : INFO : EventManager : Event: ======'slide_end_mode_8_compIG_removed'====== Args={'_from_bcp': True}
2024-09-05 18:42:46,588 : INFO : EventManager : Event: ======'slide_end_mode_8_comp_removed'====== Args={'_from_bcp': True}
2024-09-05 18:42:46,588 : INFO : EventManager : Event: ======'slide_end_mode_8_co_removed'====== Args={'_from_bcp': True}
2024-09-05 18:42:46,588 : INFO : EventManager : Event: ======'slide_end_mode_8_com_removed'====== Args={'_from_bcp': True}
2024-09-05 18:42:46,588 : INFO : EventManager : Event: ======'slide_end_mode_8_completed_removed'====== Args={'_from_bcp': True}
2024-09-05 18:42:46,588 : INFO : EventManager : Event: ======'slide_scores_slide_removed'====== Args={'_from_bcp': True}
2024-09-05 18:42:46,589 : INFO : EventManager : Event: ======'slide_medals_back_removed'====== Args={'_from_bcp': True}
2024-09-05 18:42:46,589 : INFO : EventManager : Event: ======'slide_medals_removed'====== Args={'_from_bcp': True}
2024-09-05 18:42:46,589 : INFO : EventManager : Event: ======'slide_aircraft_slide_removed'====== Args={'_from_bcp': True}
2024-09-05 18:42:46,589 : INFO : EventManager : Event: ======'slide_t_1_1_slide_removed'====== Args={'_from_bcp': True}
2024-09-05 18:42:46,589 : INFO : EventManager : Event: ======'slide_t_1_2_slide_removed'====== Args={'_from_bcp': True}
2024-09-05 18:42:46,590 : INFO : EventManager : Event: ======'slide_t_1_3_slide_removed'====== Args={'_from_bcp': True}
2024-09-05 18:42:46,590 : INFO : EventManager : Event: ======'slide_t_1_4_slide_removed'====== Args={'_from_bcp': True}
2024-09-05 18:42:46,590 : INFO : EventManager : Event: ======'slide_t_2_1_slide_removed'====== Args={'_from_bcp': True}
2024-09-05 18:42:46,590 : INFO : EventManager : Event: ======'slide_t_2_2_slide_removed'====== Args={'_from_bcp': True}
2024-09-05 18:42:46,591 : INFO : EventManager : Event: ======'slide_t_2_3_slide_removed'====== Args={'_from_bcp': True}
2024-09-05 18:42:46,591 : INFO : EventManager : Event: ======'slide_t_2_4_slide_removed'====== Args={'_from_bcp': True}
2024-09-05 18:42:46,591 : INFO : EventManager : Event: ======'slide_t_3_1_slide_removed'====== Args={'_from_bcp': True}
2024-09-05 18:42:46,591 : INFO : EventManager : Event: ======'slide_t_3_2_slide_removed'====== Args={'_from_bcp': True}
2024-09-05 18:42:46,591 : INFO : EventManager : Event: ======'slide_dmd_blank_active'====== Args={'_from_bcp': True}
2024-09-05 18:42:46,605 : INFO : EventManager : Event: ======'player_turn_starting'====== Args={'player': <Player 1>, 'number': 1}
2024-09-05 18:42:46,606 : INFO : EventManager : Event: ======'player_ball'====== Args={'value': 1, 'prev_value': 0, 'change': 1, 'player_num': 1}
2024-09-05 18:42:46,607 : INFO : EventManager : Event: ======'player_turn_started'====== Args={'player': <Player 1>, 'number': 1}
2024-09-05 18:42:46,608 : INFO : EventManager : Event: ======'ball_will_start'====== Args={'player': 1, 'ball': 1, 'balls_remaining': 2, 'is_extra_ball': False}
2024-09-05 18:42:46,620 : INFO : EventManager : Event: ======'mode_mode_manager_will_start'====== Args={'player': 1, 'ball': 1, 'balls_remaining': 2, 'is_extra_ball': False}
2024-09-05 18:42:46,626 : INFO : EventManager : Event: ======'mode_mode_manager_starting'====== Args={'player': 1, 'ball': 1, 'balls_remaining': 2, 'is_extra_ball': False}
2024-09-05 18:42:46,626 : INFO : Mode.mode_manager : Started. Priority: 300
2024-09-05 18:42:46,626 : INFO : EventManager : Event: ======'modes_active_modes_changed'====== Args={}
2024-09-05 18:42:46,626 : INFO : EventManager : Event: ======'mode_mode_manager_started'====== Args={'player': 1, 'ball': 1, 'balls_remaining': 2, 'is_extra_ball': False}
2024-09-05 18:42:46,627 : INFO : EventManager : Event: ======'ball_starting'====== Args={'player': 1, 'ball': 1, 'balls_remaining': 2, 'is_extra_ball': False}
2024-09-05 18:42:46,662 : INFO : EventManager : Event: ======'mode_value_reset_will_start'====== Args={'queue': <QueuedEvent>, 'player': 1, 'ball': 1, 'balls_remaining': 2, 'is_extra_ball': False}
2024-09-05 18:42:46,676 : INFO : EventManager : Event: ======'mode_value_reset_starting'====== Args={'queue': <QueuedEvent>, 'player': 1, 'ball': 1, 'balls_remaining': 2, 'is_extra_ball': False}
2024-09-05 18:42:46,676 : INFO : EventManager : Event: ======'mode_main_play_will_start'====== Args={'queue': <QueuedEvent>, 'player': 1, 'ball': 1, 'balls_remaining': 2, 'is_extra_ball': False}
2024-09-05 18:42:46,679 : INFO : EventManager : Event: ======'mode_main_play_starting'====== Args={'queue': <QueuedEvent>, 'player': 1, 'ball': 1, 'balls_remaining': 2, 'is_extra_ball': False}
2024-09-05 18:42:46,679 : INFO : EventManager : Event: ======'mode_capture_will_start'====== Args={'queue': <QueuedEvent>, 'player': 1, 'ball': 1, 'balls_remaining': 2, 'is_extra_ball': False}
2024-09-05 18:42:46,682 : INFO : EventManager : Event: ======'mode_capture_starting'====== Args={'queue': <QueuedEvent>, 'player': 1, 'ball': 1, 'balls_remaining': 2, 'is_extra_ball': False}
2024-09-05 18:42:46,682 : INFO : EventManager : Event: ======'mode_port_hole_manager_will_start'====== Args={'queue': <QueuedEvent>, 'player': 1, 'ball': 1, 'balls_remaining': 2, 'is_extra_ball': False}
2024-09-05 18:42:46,684 : INFO : EventManager : Event: ======'mode_port_hole_manager_starting'====== Args={'queue': <QueuedEvent>, 'player': 1, 'ball': 1, 'balls_remaining': 2, 'is_extra_ball': False}
2024-09-05 18:42:46,684 : INFO : Mode.port_hole_manager : Started. Priority: 100
2024-09-05 18:42:46,684 : INFO : EventManager : Event: ======'modes_active_modes_changed'====== Args={}
2024-09-05 18:42:46,684 : INFO : EventManager : Event: ======'mode_port_hole_manager_started'====== Args={'queue': <QueuedEvent>, 'player': 1, 'ball': 1, 'balls_remaining': 2, 'is_extra_ball': False}
2024-09-05 18:42:46,685 : INFO : Mode.value_reset : Started. Priority: 100
2024-09-05 18:42:46,685 : INFO : EventManager : Event: ======'modes_active_modes_changed'====== Args={}
2024-09-05 18:42:46,685 : INFO : EventManager : Event: ======'mode_value_reset_started'====== Args={'queue': <QueuedEvent>, 'player': 1, 'ball': 1, 'balls_remaining': 2, 'is_extra_ball': False}
2024-09-05 18:42:46,686 : INFO : EventManager : Event: ======'balls_in_play'====== Args={'balls': 1}
2024-09-05 18:42:46,686 : INFO : EventManager : Event: ======'ball_started'====== Args={'player': 1, 'ball': 1, 'balls_remaining': 2, 'is_extra_ball': False}
2024-09-05 18:42:46,687 : INFO : EventManager : Event: ======'logicblock_bonusX_counter_updated'====== Args={'value': 2, 'enabled': True}
2024-09-05 18:42:46,687 : INFO : EventManager : Event: ======'logicblock_bomb_counter_updated'====== Args={'value': 3, 'enabled': True}
2024-09-05 18:42:46,687 : INFO : EventManager : Event: ======'logicblock_bomb_animation_counter_updated'====== Args={'value': 3, 'enabled': True}
2024-09-05 18:42:46,688 : INFO : EventManager : Event: ======'logicblock_bonusX_counter_updated'====== Args={'value': 2, 'enabled': True}
2024-09-05 18:42:46,688 : INFO : EventManager : Event: ======'logicblock_bomb_counter_updated'====== Args={'value': 3, 'enabled': True}
2024-09-05 18:42:46,688 : INFO : EventManager : Event: ======'logicblock_bomb_animation_counter_updated'====== Args={'value': 3, 'enabled': True}
2024-09-05 18:42:46,688 : INFO : Mode.main_play : Started. Priority: 100
2024-09-05 18:42:46,688 : INFO : EventManager : Event: ======'modes_active_modes_changed'====== Args={}
2024-09-05 18:42:46,689 : INFO : EventManager : Event: ======'mode_main_play_started'====== Args={'queue': <QueuedEvent>, 'player': 1, 'ball': 1, 'balls_remaining': 2, 'is_extra_ball': False}
2024-09-05 18:42:46,689 : INFO : EventManager : Event: ======'logicblock_capture_counter_updated'====== Args={'value': 6, 'enabled': True}
2024-09-05 18:42:46,689 : INFO : EventManager : Event: ======'logicblock_capture_counter_updated'====== Args={'value': 6, 'enabled': True}
2024-09-05 18:42:46,689 : INFO : Mode.capture : Started. Priority: 100
2024-09-05 18:42:46,689 : INFO : EventManager : Event: ======'modes_active_modes_changed'====== Args={}
2024-09-05 18:42:46,690 : INFO : EventManager : Event: ======'mode_capture_started'====== Args={'queue': <QueuedEvent>, 'player': 1, 'ball': 1, 'balls_remaining': 2, 'is_extra_ball': False}
2024-09-05 18:42:46,690 : INFO : EventManager : Event: ======'mode_skill_shot_will_start'====== Args={'player': 1, 'ball': 1, 'balls_remaining': 2, 'is_extra_ball': False}
2024-09-05 18:42:46,690 : INFO : EventManager : Event: ======'achievement_skillshot_1_changed_state'====== Args={'restore': False, 'state': 'enabled', 'selected': False}
2024-09-05 18:42:46,690 : INFO : EventManager : Event: ======'achievement_skillshot_1_state_enabled'====== Args={'restore': False, 'state': 'enabled', 'selected': False}
2024-09-05 18:42:46,691 : INFO : EventManager : Event: ======'achievement_skillshot_2_changed_state'====== Args={'restore': False, 'state': 'disabled', 'selected': False}
2024-09-05 18:42:46,691 : INFO : EventManager : Event: ======'achievement_skillshot_2_state_disabled'====== Args={'restore': False, 'state': 'disabled', 'selected': False}
2024-09-05 18:42:46,691 : INFO : EventManager : Event: ======'achievement_skillshot_3_changed_state'====== Args={'restore': False, 'state': 'disabled', 'selected': False}
2024-09-05 18:42:46,692 : INFO : EventManager : Event: ======'achievement_skillshot_3_state_disabled'====== Args={'restore': False, 'state': 'disabled', 'selected': False}
2024-09-05 18:42:46,692 : INFO : EventManager : Event: ======'achievement_skillshot_4_changed_state'====== Args={'restore': False, 'state': 'disabled', 'selected': False}
2024-09-05 18:42:46,692 : INFO : EventManager : Event: ======'achievement_skillshot_4_state_disabled'====== Args={'restore': False, 'state': 'disabled', 'selected': False}
2024-09-05 18:42:46,693 : INFO : EventManager : Event: ======'achievement_skillshot_5_changed_state'====== Args={'restore': False, 'state': 'disabled', 'selected': False}
2024-09-05 18:42:46,693 : INFO : EventManager : Event: ======'achievement_skillshot_5_state_disabled'====== Args={'restore': False, 'state': 'disabled', 'selected': False}
2024-09-05 18:42:46,693 : INFO : EventManager : Event: ======'achievement_skillshot_6_changed_state'====== Args={'restore': False, 'state': 'disabled', 'selected': False}
2024-09-05 18:42:46,693 : INFO : EventManager : Event: ======'achievement_skillshot_6_state_disabled'====== Args={'restore': False, 'state': 'disabled', 'selected': False}
2024-09-05 18:42:46,694 : INFO : EventManager : Event: ======'achievement_skillshot_7_changed_state'====== Args={'restore': False, 'state': 'disabled', 'selected': False}
2024-09-05 18:42:46,694 : INFO : EventManager : Event: ======'achievement_skillshot_7_state_disabled'====== Args={'restore': False, 'state': 'disabled', 'selected': False}
2024-09-05 18:42:46,694 : INFO : EventManager : Event: ======'achievement_skillshot_8_changed_state'====== Args={'restore': False, 'state': 'disabled', 'selected': False}
2024-09-05 18:42:46,694 : INFO : EventManager : Event: ======'achievement_skillshot_8_state_disabled'====== Args={'restore': False, 'state': 'disabled', 'selected': False}
2024-09-05 18:42:46,697 : INFO : EventManager : Event: ======'mode_skill_shot_starting'====== Args={'player': 1, 'ball': 1, 'balls_remaining': 2, 'is_extra_ball': False}
2024-09-05 18:42:46,697 : INFO : EventManager : Event: ======'mode_container_will_start'====== Args={'player': 1, 'ball': 1, 'balls_remaining': 2, 'is_extra_ball': False}
2024-09-05 18:42:46,698 : INFO : EventManager : Event: ======'player_shot_lane_A_enabled'====== Args={'value': True, 'prev_value': 0, 'change': 1, 'player_num': 1}
2024-09-05 18:42:46,699 : INFO : EventManager : Event: ======'player_shot_lane_B_enabled'====== Args={'value': True, 'prev_value': 0, 'change': 1, 'player_num': 1}
2024-09-05 18:42:46,699 : INFO : EventManager : Event: ======'player_shot_lane_C_enabled'====== Args={'value': True, 'prev_value': 0, 'change': 1, 'player_num': 1}
2024-09-05 18:42:46,714 : INFO : EventManager : Event: ======'player_shot_lane_D_enabled'====== Args={'value': True, 'prev_value': 0, 'change': 1, 'player_num': 1}
2024-09-05 18:42:46,714 : INFO : EventManager : Event: ======'player_shot_lane_E_enabled'====== Args={'value': True, 'prev_value': 0, 'change': 1, 'player_num': 1}
2024-09-05 18:42:46,715 : INFO : EventManager : Event: ======'container_lanes_complete'====== Args={'state': 'unlit'}
2024-09-05 18:42:46,715 : INFO : EventManager : Event: ======'container_lanes_unlit_complete'====== Args={}
2024-09-05 18:42:46,716 : INFO : EventManager : Unordered handler for class ConfigPlayer.event_player/events on event slide_container_ball_text_removed with priority 100. Handlers: [RegisteredHandler(callback=<bound method ConfigPlayer.config_play_callback of ConfigPlayer.event_player/events>, priority=100, kwargs={'calling_context': 'slide_container_ball_text_removed', 'mode': <Mode.port_hole_manager>, 'settings': {'port_check_phase_3_finished': {'priority': 0}}}, key=UUID('fafe375a-c00a-415d-a5c1-bf50ba8e87b0'), condition=None, blocking_facility=None), RegisteredHandler(callback=<bound method ConfigPlayer.config_play_callback of ConfigPlayer.event_player/events>, priority=100, kwargs={'calling_context': 'slide_container_ball_text_removed', 'mode': <Mode.container>, 'settings': {'container_slide_end': {'priority': 0}}}, key=UUID('a5378a89-d080-44b9-ae74-339a1f24d0c3'), condition=None, blocking_facility=None)]. The order of those handlers is not defined and they will be executed in random order. This might lead to race conditions and potential bugs.
2024-09-05 18:42:46,717 : INFO : EventManager : Event: ======'mode_container_starting'====== Args={'player': 1, 'ball': 1, 'balls_remaining': 2, 'is_extra_ball': False}
2024-09-05 18:42:46,718 : INFO : EventManager : Event: ======'mode_commander_skill_manager_will_start'====== Args={'player': 1, 'ball': 1, 'balls_remaining': 2, 'is_extra_ball': False}
2024-09-05 18:42:46,720 : INFO : EventManager : Event: ======'mode_commander_skill_manager_starting'====== Args={'player': 1, 'ball': 1, 'balls_remaining': 2, 'is_extra_ball': False}
2024-09-05 18:42:46,721 : INFO : EventManager : Event: ======'mode_bomb_will_start'====== Args={'player': 1, 'ball': 1, 'balls_remaining': 2, 'is_extra_ball': False}
2024-09-05 18:42:46,721 : INFO : EventManager : Event: ======'bomb_2_started'====== Args={}
2024-09-05 18:42:46,723 : INFO : EventManager : Event: ======'mode_bomb_starting'====== Args={'player': 1, 'ball': 1, 'balls_remaining': 2, 'is_extra_ball': False}
2024-09-05 18:42:46,723 : INFO : EventManager : Event: ======'mode_battle_manager_will_start'====== Args={'player': 1, 'ball': 1, 'balls_remaining': 2, 'is_extra_ball': False}
2024-09-05 18:42:46,724 : INFO : EventManager : Event: ======'mode_battle_manager_starting'====== Args={'player': 1, 'ball': 1, 'balls_remaining': 2, 'is_extra_ball': False}
2024-09-05 18:42:46,724 : INFO : EventManager : Event: ======'mode_mode_timer_will_start'====== Args={'player': 1, 'ball': 1, 'balls_remaining': 2, 'is_extra_ball': False}
2024-09-05 18:42:46,727 : INFO : EventManager : Event: ======'mode_timer_disable'====== Args={}
2024-09-05 18:42:46,727 : INFO : EventManager : Event: ======'mode_mode_timer_starting'====== Args={'player': 1, 'ball': 1, 'balls_remaining': 2, 'is_extra_ball': False}
2024-09-05 18:42:46,728 : INFO : EventManager : Event: ======'mode_salvo_lit_will_start'====== Args={'player': 1, 'ball': 1, 'balls_remaining': 2, 'is_extra_ball': False}
2024-09-05 18:42:46,728 : INFO : EventManager : Event: ======'player_shot_ricochet_1_enabled'====== Args={'value': True, 'prev_value': 0, 'change': 1, 'player_num': 1}
2024-09-05 18:42:46,728 : INFO : EventManager : Event: ======'player_shot_ricochet_2_enabled'====== Args={'value': True, 'prev_value': 0, 'change': 1, 'player_num': 1}
2024-09-05 18:42:46,729 : INFO : EventManager : Event: ======'player_shot_ricochet_3_enabled'====== Args={'value': True, 'prev_value': 0, 'change': 1, 'player_num': 1}
2024-09-05 18:42:46,730 : INFO : EventManager : Event: ======'player_shot_ricochet_4_enabled'====== Args={'value': True, 'prev_value': 0, 'change': 1, 'player_num': 1}
2024-09-05 18:42:46,730 : INFO : EventManager : Event: ======'ricochet_targets_complete'====== Args={'state': 'unlit'}
2024-09-05 18:42:46,731 : INFO : EventManager : Event: ======'ricochet_targets_unlit_complete'====== Args={}
2024-09-05 18:42:46,731 : INFO : EventManager : Event: ======'mode_salvo_lit_starting'====== Args={'player': 1, 'ball': 1, 'balls_remaining': 2, 'is_extra_ball': False}
2024-09-05 18:42:46,732 : INFO : EventManager : Event: ======'mode_drednaught_will_start'====== Args={'player': 1, 'ball': 1, 'balls_remaining': 2, 'is_extra_ball': False}
2024-09-05 18:42:46,732 : INFO : EventManager : Event: ======'mode_drednaught_starting'====== Args={'player': 1, 'ball': 1, 'balls_remaining': 2, 'is_extra_ball': False}
2024-09-05 18:42:46,733 : INFO : EventManager : Event: ======'mode_hc_lock_lit_will_start'====== Args={'player': 1, 'ball': 1, 'balls_remaining': 2, 'is_extra_ball': False}
2024-09-05 18:42:46,733 : INFO : EventManager : Event: ======'player_shot_lock_lit_1_enabled'====== Args={'value': True, 'prev_value': 0, 'change': 1, 'player_num': 1}
2024-09-05 18:42:46,734 : INFO : EventManager : Event: ======'player_shot_lock_lit_2_enabled'====== Args={'value': True, 'prev_value': 0, 'change': 1, 'player_num': 1}
2024-09-05 18:42:46,734 : INFO : EventManager : Event: ======'lock_lits_complete'====== Args={'state': 'unlit'}
2024-09-05 18:42:46,734 : INFO : EventManager : Event: ======'lock_lits_unlit_complete'====== Args={}
2024-09-05 18:42:46,736 : INFO : EventManager : Event: ======'mode_hc_lock_lit_starting'====== Args={'player': 1, 'ball': 1, 'balls_remaining': 2, 'is_extra_ball': False}
2024-09-05 18:42:46,736 : INFO : EventManager : Event: ======'mode_mode_lit_will_start'====== Args={'player': 1, 'ball': 1, 'balls_remaining': 2, 'is_extra_ball': False}
2024-09-05 18:42:46,737 : INFO : EventManager : Event: ======'achievement_mode_1_changed_state'====== Args={'restore': False, 'state': 'disabled', 'selected': False}
2024-09-05 18:42:46,737 : INFO : EventManager : Event: ======'achievement_mode_1_state_disabled'====== Args={'restore': False, 'state': 'disabled', 'selected': False}
2024-09-05 18:42:46,738 : INFO : EventManager : Event: ======'achievement_mode_2_changed_state'====== Args={'restore': False, 'state': 'disabled', 'selected': False}
2024-09-05 18:42:46,738 : INFO : EventManager : Event: ======'achievement_mode_2_state_disabled'====== Args={'restore': False, 'state': 'disabled', 'selected': False}
2024-09-05 18:42:46,738 : INFO : EventManager : Event: ======'achievement_mode_3_changed_state'====== Args={'restore': False, 'state': 'disabled', 'selected': False}
2024-09-05 18:42:46,738 : INFO : EventManager : Event: ======'achievement_mode_3_state_disabled'====== Args={'restore': False, 'state': 'disabled', 'selected': False}
2024-09-05 18:42:46,739 : INFO : EventManager : Event: ======'achievement_mode_4_changed_state'====== Args={'restore': False, 'state': 'disabled', 'selected': False}
2024-09-05 18:42:46,739 : INFO : EventManager : Event: ======'achievement_mode_4_state_disabled'====== Args={'restore': False, 'state': 'disabled', 'selected': False}
2024-09-05 18:42:46,740 : INFO : EventManager : Event: ======'achievement_mode_5_changed_state'====== Args={'restore': False, 'state': 'disabled', 'selected': False}
2024-09-05 18:42:46,740 : INFO : EventManager : Event: ======'achievement_mode_5_state_disabled'====== Args={'restore': False, 'state': 'disabled', 'selected': False}
2024-09-05 18:42:46,740 : INFO : EventManager : Event: ======'achievement_mode_6_changed_state'====== Args={'restore': False, 'state': 'disabled', 'selected': False}
2024-09-05 18:42:46,741 : INFO : EventManager : Event: ======'achievement_mode_6_state_disabled'====== Args={'restore': False, 'state': 'disabled', 'selected': False}
2024-09-05 18:42:46,741 : INFO : EventManager : Event: ======'achievement_mode_7_changed_state'====== Args={'restore': False, 'state': 'disabled', 'selected': False}
2024-09-05 18:42:46,741 : INFO : EventManager : Event: ======'achievement_mode_7_state_disabled'====== Args={'restore': False, 'state': 'disabled', 'selected': False}
2024-09-05 18:42:46,742 : INFO : EventManager : Event: ======'achievement_mode_8_changed_state'====== Args={'restore': False, 'state': 'disabled', 'selected': False}
2024-09-05 18:42:46,742 : INFO : EventManager : Event: ======'achievement_mode_8_state_disabled'====== Args={'restore': False, 'state': 'disabled', 'selected': False}
2024-09-05 18:42:46,742 : INFO : EventManager : Event: ======'achievement_mode_9_changed_state'====== Args={'restore': False, 'state': 'disabled', 'selected': False}
2024-09-05 18:42:46,742 : INFO : EventManager : Event: ======'achievement_mode_9_state_disabled'====== Args={'restore': False, 'state': 'disabled', 'selected': False}
2024-09-05 18:42:46,743 : INFO : EventManager : Event: ======'achievement_mode_10_changed_state'====== Args={'restore': False, 'state': 'disabled', 'selected': False}
2024-09-05 18:42:46,743 : INFO : EventManager : Event: ======'achievement_mode_10_state_disabled'====== Args={'restore': False, 'state': 'disabled', 'selected': False}
2024-09-05 18:42:46,747 : INFO : EventManager : Event: ======'mode_mode_lit_starting'====== Args={'player': 1, 'ball': 1, 'balls_remaining': 2, 'is_extra_ball': False}
2024-09-05 18:42:46,747 : INFO : EventManager : Event: ======'mode_detonation_will_start'====== Args={'player': 1, 'ball': 1, 'balls_remaining': 2, 'is_extra_ball': False}
2024-09-05 18:42:46,747 : INFO : EventManager : Event: ======'player_shot_detonation_lit_enabled'====== Args={'value': True, 'prev_value': 0, 'change': 1, 'player_num': 1}
2024-09-05 18:42:46,748 : INFO : EventManager : Event: ======'player_shot_detonation_enabled'====== Args={'value': False, 'prev_value': 0, 'change': 0, 'player_num': 1}
2024-09-05 18:42:46,749 : INFO : EventManager : Event: ======'mode_detonation_starting'====== Args={'player': 1, 'ball': 1, 'balls_remaining': 2, 'is_extra_ball': False}
2024-09-05 18:42:46,749 : INFO : EventManager : Event: ======'player_DMGValue'====== Args={'value': 120000000, 'prev_value': 10000000, 'change': 110000000, 'player_num': 1}
2024-09-05 18:42:46,750 : INFO : EventManager : Event: ======'player_JetValue'====== Args={'value': 500000, 'prev_value': 5000000, 'change': -4500000, 'player_num': 1}
2024-09-05 18:42:46,750 : INFO : EventManager : Event: ======'player_BonusX'====== Args={'value': 1, 'prev_value': 0, 'change': 1, 'player_num': 1}
2024-09-05 18:42:46,750 : INFO : EventManager : Event: ======'ball_save_main_ball_save_enabled'====== Args={}
2024-09-05 18:42:46,752 : INFO : state_machine.hc_multiball : Transitioning from lock_lit_state to lock_lit_state
2024-09-05 18:42:46,752 : INFO : EventManager : Event: ======'lock_lit_stopped'====== Args={}
2024-09-05 18:42:46,752 : INFO : EventManager : Event: ======'lock_lit_started'====== Args={}
2024-09-05 18:42:46,753 : INFO : EventManager : Event: ======'player_shot_lock_lit_1_enabled'====== Args={'value': False, 'prev_value': True, 'change': -1, 'player_num': 1}
2024-09-05 18:42:46,754 : INFO : EventManager : Event: ======'player_shot_lock_lit_2_enabled'====== Args={'value': False, 'prev_value': True, 'change': -1, 'player_num': 1}
2024-09-05 18:42:46,754 : INFO : EventManager : Event: ======'player_shot_lock_lit_1_enabled'====== Args={'value': True, 'prev_value': False, 'change': 1, 'player_num': 1}
2024-09-05 18:42:46,755 : INFO : EventManager : Event: ======'player_shot_lock_lit_2_enabled'====== Args={'value': True, 'prev_value': False, 'change': 1, 'player_num': 1}
2024-09-05 18:42:46,756 : INFO : EventManager : Event: ======'player_bonusX_progress_number'====== Args={'value': 2, 'prev_value': 0, 'change': 2, 'player_num': 1}
2024-09-05 18:42:46,756 : INFO : EventManager : Event: ======'player_bomb_progress_number'====== Args={'value': 3, 'prev_value': 0, 'change': 3, 'player_num': 1}
2024-09-05 18:42:46,756 : INFO : Mode.detonation : Started. Priority: 100
2024-09-05 18:42:46,757 : INFO : EventManager : Event: ======'modes_active_modes_changed'====== Args={}
2024-09-05 18:42:46,757 : INFO : EventManager : Event: ======'mode_detonation_started'====== Args={'player': 1, 'ball': 1, 'balls_remaining': 2, 'is_extra_ball': False}
2024-09-05 18:42:46,757 : INFO : Mode.mode_lit : Started. Priority: 100
2024-09-05 18:42:46,757 : INFO : EventManager : Event: ======'modes_active_modes_changed'====== Args={}
2024-09-05 18:42:46,757 : INFO : EventManager : Event: ======'mode_mode_lit_started'====== Args={'player': 1, 'ball': 1, 'balls_remaining': 2, 'is_extra_ball': False}
2024-09-05 18:42:46,758 : INFO : EventManager : Event: ======'achievement_mode_1_changed_state'====== Args={'restore': False, 'state': 'enabled', 'selected': False}
2024-09-05 18:42:46,758 : INFO : EventManager : Event: ======'achievement_mode_1_state_enabled'====== Args={'restore': False, 'state': 'enabled', 'selected': False}
2024-09-05 18:42:46,759 : INFO : EventManager : Event: ======'achievement_mode_2_changed_state'====== Args={'restore': False, 'state': 'enabled', 'selected': False}
2024-09-05 18:42:46,759 : INFO : EventManager : Event: ======'achievement_mode_2_state_enabled'====== Args={'restore': False, 'state': 'enabled', 'selected': False}
2024-09-05 18:42:46,759 : INFO : EventManager : Event: ======'achievement_mode_3_changed_state'====== Args={'restore': False, 'state': 'enabled', 'selected': False}
2024-09-05 18:42:46,759 : INFO : EventManager : Event: ======'achievement_mode_3_state_enabled'====== Args={'restore': False, 'state': 'enabled', 'selected': False}
2024-09-05 18:42:46,759 : INFO : EventManager : Event: ======'achievement_mode_4_changed_state'====== Args={'restore': False, 'state': 'enabled', 'selected': False}
2024-09-05 18:42:46,760 : INFO : EventManager : Event: ======'achievement_mode_4_state_enabled'====== Args={'restore': False, 'state': 'enabled', 'selected': False}
2024-09-05 18:42:46,760 : INFO : EventManager : Event: ======'achievement_mode_5_changed_state'====== Args={'restore': False, 'state': 'enabled', 'selected': False}
2024-09-05 18:42:46,760 : INFO : EventManager : Event: ======'achievement_mode_5_state_enabled'====== Args={'restore': False, 'state': 'enabled', 'selected': False}
2024-09-05 18:42:46,760 : INFO : EventManager : Event: ======'achievement_mode_6_changed_state'====== Args={'restore': False, 'state': 'enabled', 'selected': False}
2024-09-05 18:42:46,761 : INFO : EventManager : Event: ======'achievement_mode_6_state_enabled'====== Args={'restore': False, 'state': 'enabled', 'selected': False}
2024-09-05 18:42:46,761 : INFO : EventManager : Event: ======'achievement_mode_7_changed_state'====== Args={'restore': False, 'state': 'enabled', 'selected': False}
2024-09-05 18:42:46,761 : INFO : EventManager : Event: ======'achievement_mode_7_state_enabled'====== Args={'restore': False, 'state': 'enabled', 'selected': False}
2024-09-05 18:42:46,761 : INFO : EventManager : Event: ======'achievement_mode_8_changed_state'====== Args={'restore': False, 'state': 'enabled', 'selected': False}
2024-09-05 18:42:46,762 : INFO : EventManager : Event: ======'achievement_mode_8_state_enabled'====== Args={'restore': False, 'state': 'enabled', 'selected': False}
2024-09-05 18:42:46,762 : INFO : EventManager : Event: ======'achievement_mode_9_changed_state'====== Args={'restore': False, 'state': 'enabled', 'selected': False}
2024-09-05 18:42:46,762 : INFO : EventManager : Event: ======'achievement_mode_9_state_enabled'====== Args={'restore': False, 'state': 'enabled', 'selected': False}
2024-09-05 18:42:46,762 : INFO : EventManager : Event: ======'achievement_mode_10_changed_state'====== Args={'restore': False, 'state': 'enabled', 'selected': False}
2024-09-05 18:42:46,763 : INFO : EventManager : Event: ======'achievement_mode_10_state_enabled'====== Args={'restore': False, 'state': 'enabled', 'selected': False}
2024-09-05 18:42:46,763 : INFO : EventManager : Event: ======'achievement_mode_5_changed_state'====== Args={'restore': False, 'state': 'enabled', 'selected': True}
2024-09-05 18:42:46,764 : INFO : EventManager : Event: ======'achievement_mode_5_state_enabled'====== Args={'restore': False, 'state': 'enabled', 'selected': True}
2024-09-05 18:42:46,764 : INFO : EventManager : Event: ======'achievement_mode_5_state_selected'====== Args={'restore': False, 'state': 'enabled', 'selected': True}
2024-09-05 18:42:46,764 : INFO : Mode.hc_lock_lit : Started. Priority: 100
2024-09-05 18:42:46,765 : INFO : EventManager : Event: ======'modes_active_modes_changed'====== Args={}
2024-09-05 18:42:46,765 : INFO : EventManager : Event: ======'mode_hc_lock_lit_started'====== Args={'player': 1, 'ball': 1, 'balls_remaining': 2, 'is_extra_ball': False}
2024-09-05 18:42:46,765 : INFO : Mode.drednaught : Started. Priority: 100
2024-09-05 18:42:46,765 : INFO : EventManager : Event: ======'modes_active_modes_changed'====== Args={}
2024-09-05 18:42:46,766 : INFO : EventManager : Event: ======'mode_drednaught_started'====== Args={'player': 1, 'ball': 1, 'balls_remaining': 2, 'is_extra_ball': False}
2024-09-05 18:42:46,766 : INFO : EventManager : Event: ======'player_take_dmg_score'====== Args={'value': 18000000, 'prev_value': 0, 'change': 18000000, 'player_num': 1}
2024-09-05 18:42:46,766 : INFO : EventManager : Event: ======'player_ReceivedDMGshow'====== Args={'value': 0, 'prev_value': 0, 'change': 0, 'player_num': 1}
2024-09-05 18:42:46,767 : INFO : Mode.salvo_lit : Started. Priority: 100
2024-09-05 18:42:46,767 : INFO : EventManager : Event: ======'modes_active_modes_changed'====== Args={}
2024-09-05 18:42:46,767 : INFO : EventManager : Event: ======'mode_salvo_lit_started'====== Args={'player': 1, 'ball': 1, 'balls_remaining': 2, 'is_extra_ball': False}
2024-09-05 18:42:46,767 : INFO : Mode.mode_timer : Started. Priority: 100
2024-09-05 18:42:46,767 : INFO : EventManager : Event: ======'modes_active_modes_changed'====== Args={}
2024-09-05 18:42:46,768 : INFO : EventManager : Event: ======'mode_mode_timer_started'====== Args={'player': 1, 'ball': 1, 'balls_remaining': 2, 'is_extra_ball': False}
2024-09-05 18:42:46,768 : INFO : Mode.bomb : Started. Priority: 100
2024-09-05 18:42:46,768 : INFO : EventManager : Event: ======'modes_active_modes_changed'====== Args={}
2024-09-05 18:42:46,768 : INFO : EventManager : Event: ======'mode_bomb_started'====== Args={'player': 1, 'ball': 1, 'balls_remaining': 2, 'is_extra_ball': False}
2024-09-05 18:42:46,769 : INFO : Mode.commander_skill_manager : Started. Priority: 100
2024-09-05 18:42:46,769 : INFO : EventManager : Event: ======'modes_active_modes_changed'====== Args={}
2024-09-05 18:42:46,769 : INFO : EventManager : Event: ======'mode_commander_skill_manager_started'====== Args={'player': 1, 'ball': 1, 'balls_remaining': 2, 'is_extra_ball': False}
2024-09-05 18:42:46,769 : INFO : Mode.container : Started. Priority: 100
2024-09-05 18:42:46,769 : INFO : EventManager : Event: ======'modes_active_modes_changed'====== Args={}
2024-09-05 18:42:46,770 : INFO : EventManager : Event: ======'mode_container_started'====== Args={'player': 1, 'ball': 1, 'balls_remaining': 2, 'is_extra_ball': False}
2024-09-05 18:42:46,770 : INFO : Mode.skill_shot : Started. Priority: 150
2024-09-05 18:42:46,770 : INFO : EventManager : Event: ======'modes_active_modes_changed'====== Args={}
2024-09-05 18:42:46,770 : INFO : EventManager : Event: ======'mode_skill_shot_started'====== Args={'player': 1, 'ball': 1, 'balls_remaining': 2, 'is_extra_ball': False}
2024-09-05 18:42:46,771 : INFO : EventManager : Event: ======'achievement_skillshot_1_changed_state'====== Args={'restore': False, 'state': 'enabled', 'selected': True}
2024-09-05 18:42:46,771 : INFO : EventManager : Event: ======'achievement_skillshot_1_state_enabled'====== Args={'restore': False, 'state': 'enabled', 'selected': True}
2024-09-05 18:42:46,771 : INFO : EventManager : Event: ======'skillshot_1_selected'====== Args={'restore': False, 'state': 'enabled', 'selected': True}
2024-09-05 18:42:46,772 : INFO : EventManager : Event: ======'achievement_skillshot_2_changed_state'====== Args={'restore': False, 'state': 'enabled', 'selected': False}
2024-09-05 18:42:46,772 : INFO : EventManager : Event: ======'achievement_skillshot_2_state_enabled'====== Args={'restore': False, 'state': 'enabled', 'selected': False}
2024-09-05 18:42:46,773 : INFO : EventManager : Event: ======'achievement_skillshot_3_changed_state'====== Args={'restore': False, 'state': 'enabled', 'selected': False}
2024-09-05 18:42:46,773 : INFO : EventManager : Event: ======'achievement_skillshot_3_state_enabled'====== Args={'restore': False, 'state': 'enabled', 'selected': False}
2024-09-05 18:42:46,773 : INFO : EventManager : Event: ======'achievement_skillshot_4_changed_state'====== Args={'restore': False, 'state': 'enabled', 'selected': False}
2024-09-05 18:42:46,773 : INFO : EventManager : Event: ======'achievement_skillshot_4_state_enabled'====== Args={'restore': False, 'state': 'enabled', 'selected': False}
2024-09-05 18:42:46,773 : INFO : EventManager : Event: ======'achievement_skillshot_5_changed_state'====== Args={'restore': False, 'state': 'enabled', 'selected': False}
2024-09-05 18:42:46,774 : INFO : EventManager : Event: ======'achievement_skillshot_5_state_enabled'====== Args={'restore': False, 'state': 'enabled', 'selected': False}
2024-09-05 18:42:46,774 : INFO : EventManager : Event: ======'achievement_skillshot_6_changed_state'====== Args={'restore': False, 'state': 'enabled', 'selected': False}
2024-09-05 18:42:46,774 : INFO : EventManager : Event: ======'achievement_skillshot_6_state_enabled'====== Args={'restore': False, 'state': 'enabled', 'selected': False}
2024-09-05 18:42:46,774 : INFO : EventManager : Event: ======'achievement_skillshot_7_changed_state'====== Args={'restore': False, 'state': 'enabled', 'selected': False}
2024-09-05 18:42:46,775 : INFO : EventManager : Event: ======'achievement_skillshot_7_state_enabled'====== Args={'restore': False, 'state': 'enabled', 'selected': False}
2024-09-05 18:42:46,775 : INFO : EventManager : Event: ======'achievement_skillshot_8_changed_state'====== Args={'restore': False, 'state': 'enabled', 'selected': False}
2024-09-05 18:42:46,775 : INFO : EventManager : Event: ======'achievement_skillshot_8_state_enabled'====== Args={'restore': False, 'state': 'enabled', 'selected': False}
2024-09-05 18:42:46,840 : INFO : EventManager : Event: ======'logicblock_battle_counter_updated'====== Args={'value': 5, 'enabled': False}
2024-09-05 18:42:46,841 : INFO : Mode.battle_manager : Started. Priority: 100
2024-09-05 18:42:46,841 : INFO : EventManager : Event: ======'modes_active_modes_changed'====== Args={}
2024-09-05 18:42:46,841 : INFO : EventManager : Event: ======'mode_battle_manager_started'====== Args={'player': 1, 'ball': 1, 'balls_remaining': 2, 'is_extra_ball': False}
2024-09-05 18:42:46,841 : INFO : EventManager : Event: ======'player_battle_lit_score'====== Args={'value': 5, 'prev_value': 0, 'change': 5, 'player_num': 1}
2024-09-05 18:42:46,842 : INFO : EventManager : Event: ======'logicblock_battle_counter_updated'====== Args={'value': 5, 'enabled': True}
2024-09-05 18:42:46,842 : INFO : EventManager : Event: ======'single_player_ball_started'====== Args={}
2024-09-05 18:42:46,843 : INFO : EventManager : Event: ======'slide_prelaunch_slide_created'====== Args={'_from_bcp': True}
2024-09-05 18:42:46,856 : INFO : EventManager : Event: ======'slide_prelaunch_slide_active'====== Args={'_from_bcp': True}
2024-09-05 18:42:46,900 : INFO : ball_device.bd_plunger : Setting up player-controlled eject. Balls: 1, Target: <playfield.playfield>, player_controlled_eject_event: s_plunger_button_active
2024-09-05 18:42:46,900 : INFO : EventManager : Event: ======'balldevice_balls_available'====== Args={}
2024-09-05 18:42:46,901 : INFO : EventManager : Event: ======'slide_base_slide_created'====== Args={'_from_bcp': True}
2024-09-05 18:42:46,902 : INFO : ball_device.bd_trough : State: waiting_for_target_ready
2024-09-05 18:42:46,902 : INFO : EventManager : Event: ======'balldevice_bd_trough_ball_eject_attempt'====== Args={'balls': 1, 'target': <ball_device.bd_plunger>, 'source': <ball_device.bd_trough>, 'mechanical_eject': True, 'num_attempts': 0}
2024-09-05 18:42:46,902 : INFO : ball_device.bd_plunger : State: waiting_for_ball
2024-09-05 18:42:46,902 : INFO : ball_device.bd_trough : State: ejecting
2024-09-05 18:42:46,903 : INFO : ball_device.bd_trough : Ejecting ball to <ball_device.bd_plunger>
2024-09-05 18:42:46,903 : INFO : EventManager : Event: ======'balldevice_bd_trough_ejecting_ball'====== Args={'balls': 1, 'target': <ball_device.bd_plunger>, 'source': <ball_device.bd_trough>, 'mechanical_eject': True, 'num_attempts': 0}
2024-09-05 18:42:46,903 : INFO : ball_device.bd_trough : Wait for ball to leave device
2024-09-05 18:42:46,904 : INFO : coil.c_trough_eject : Pulsing Driver for 20ms (1.0 pulse_power)
2024-09-05 18:42:46,904 : INFO : SwitchController : <<<<<<< 's_trough1' inactive >>>>>>>
2024-09-05 18:42:46,917 : INFO : ball_device.bd_trough : State: ball_left
2024-09-05 18:42:46,917 : INFO : ball_device.bd_trough : Ball left
2024-09-05 18:42:46,917 : INFO : ball_device.bd_trough : Wait for confirm with timeout 10.0
2024-09-05 18:42:46,998 : INFO : SwitchController : <<<<<<< 's_plunger' active >>>>>>>
2024-09-05 18:42:46,999 : INFO : EventManager : Event: ======'machine_var_audits_switches_s_plunger'====== Args={'value': 4085, 'prev_value': 4084, 'change': 1}
2024-09-05 18:42:47,300 : INFO : ball_device.bd_plunger : Received ball from <ball_device.bd_trough>
2024-09-05 18:42:47,300 : INFO : EventManager : Event: ======'balldevice_bd_plunger_ball_enter'====== Args={'new_balls': 1, 'unclaimed_balls': 0, 'new_available_balls': 0, 'device': <ball_device.bd_plunger>}
2024-09-05 18:42:47,315 : INFO : EventManager : Event: ======'balldevice_bd_plunger_ball_entered'====== Args={'new_balls': 0, 'device': <ball_device.bd_plunger>}
2024-09-05 18:42:47,315 : INFO : EventManager : Event: ======'balldevice_bd_plunger_ball_count_changed'====== Args={'balls': 1}
2024-09-05 18:42:47,316 : INFO : ball_device.bd_trough : Got eject confirm
2024-09-05 18:42:47,316 : INFO : ball_device.bd_trough : Eject successful
2024-09-05 18:42:47,316 : INFO : EventManager : Event: ======'balldevice_bd_trough_ball_eject_success'====== Args={'balls': 1, 'target': <ball_device.bd_plunger>}
2024-09-05 18:42:47,317 : INFO : EventManager : Event: ======'balldevice_bd_trough_ball_count_changed'====== Args={'balls': 4}
2024-09-05 18:42:47,317 : INFO : ball_device.bd_trough : State: idle
2024-09-05 18:42:47,317 : INFO : ball_device.bd_plunger : State: waiting_for_target_ready
2024-09-05 18:42:47,317 : INFO : EventManager : Event: ======'balldevice_bd_plunger_ball_eject_attempt'====== Args={'balls': 1, 'target': <playfield.playfield>, 'source': <ball_device.bd_plunger>, 'mechanical_eject': True, 'num_attempts': 0}
2024-09-05 18:42:47,317 : INFO : ball_device.bd_plunger : State: ejecting
2024-09-05 18:42:47,318 : INFO : ball_device.bd_plunger : Ejecting ball to <playfield.playfield>
2024-09-05 18:42:47,318 : INFO : EventManager : Event: ======'balldevice_bd_plunger_ejecting_ball'====== Args={'balls': 1, 'target': <playfield.playfield>, 'source': <ball_device.bd_plunger>, 'mechanical_eject': True, 'num_attempts': 0}
2024-09-05 18:42:47,319 : INFO : ball_device.bd_plunger : Wait for ball to leave device
2024-09-05 18:42:50,185 : INFO : SwitchController : <<<<<<< 's_plunger' inactive >>>>>>>
2024-09-05 18:42:50,197 : INFO : ball_device.bd_plunger : State: ball_left
2024-09-05 18:42:50,198 : INFO : ball_device.bd_plunger : Ball left
2024-09-05 18:42:50,198 : INFO : ball_device.bd_plunger : Wait for confirm with timeout 3.0
2024-09-05 18:42:50,245 : INFO : SwitchController : <<<<<<< 's_plunger' active >>>>>>>
2024-09-05 18:42:50,245 : INFO : EventManager : Event: ======'machine_var_audits_switches_s_plunger'====== Args={'value': 4086, 'prev_value': 4085, 'change': 1}
2024-09-05 18:42:51,824 : INFO : SwitchController : <<<<<<< 's_side_ramp_made' active >>>>>>>
2024-09-05 18:42:51,825 : INFO : EventManager : Event: ======'machine_var_audits_switches_s_side_ramp_made'====== Args={'value': 1126, 'prev_value': 1125, 'change': 1}
2024-09-05 18:42:51,882 : INFO : SwitchController : <<<<<<< 's_side_ramp_made' inactive >>>>>>>
2024-09-05 18:42:53,195 : INFO : ball_device.bd_plunger : State: failed_confirm
2024-09-05 18:42:53,195 : INFO : ball_device.bd_plunger : Got timeout (3.0s) before confirm from <playfield.playfield>
2024-09-05 18:42:53,313 : INFO : ball_device.bd_plunger : Got unknown balls. Assuming a ball returned.
2024-09-05 18:42:53,313 : INFO : EventManager : Event: ======'balldevice_bd_plunger_ball_eject_failed'====== Args={'target': <playfield.playfield>, 'balls': 1, 'retry': True, 'num_attempts': 1}
2024-09-05 18:42:53,314 : INFO : ball_device.bd_plunger : State: waiting_for_target_ready
2024-09-05 18:42:53,315 : INFO : EventManager : Event: ======'balldevice_bd_plunger_ball_eject_attempt'====== Args={'balls': 1, 'target': <playfield.playfield>, 'source': <ball_device.bd_plunger>, 'mechanical_eject': True, 'num_attempts': 1}
2024-09-05 18:42:53,315 : INFO : ball_device.bd_plunger : State: ejecting
2024-09-05 18:42:53,315 : INFO : ball_device.bd_plunger : Ejecting ball to <playfield.playfield>
2024-09-05 18:42:53,315 : INFO : EventManager : Event: ======'balldevice_bd_plunger_ejecting_ball'====== Args={'balls': 1, 'target': <playfield.playfield>, 'source': <ball_device.bd_plunger>, 'mechanical_eject': True, 'num_attempts': 1}
2024-09-05 18:42:53,316 : INFO : ball_device.bd_plunger : Wait for ball to leave device
2024-09-05 18:42:54,082 : INFO : SwitchController : <<<<<<< 's_left_ramp_made' active >>>>>>>
2024-09-05 18:42:54,082 : INFO : EventManager : Event: ======'s_left_ramp_made_active'====== Args={}
2024-09-05 18:42:54,082 : INFO : EventManager : Event: ======'sw_capture'====== Args={}
2024-09-05 18:42:54,083 : INFO : EventManager : Event: ======'machine_var_audits_switches_s_left_ramp_made'====== Args={'value': 1997, 'prev_value': 1996, 'change': 1}
2024-09-05 18:42:54,083 : INFO : EventManager : Event: ======'playfield_active'====== Args={}
2024-09-05 18:42:54,084 : INFO : EventManager : Event: ======'player_shot_lock_lit_1'====== Args={'value': 1, 'prev_value': 0, 'change': 1, 'player_num': 1}
2024-09-05 18:42:54,106 : INFO : EventManager : Event: ======'machine_var_audits_shots_lock_lit_1'====== Args={'value': 1592, 'prev_value': 1591, 'change': 1}
2024-09-05 18:42:54,107 : INFO : EventManager : Event: ======'lock_lit_1_hit'====== Args={'profile': 'lock_lit_profile', 'state': 'unlit', 'advancing': True}
2024-09-05 18:42:54,107 : INFO : EventManager : Event: ======'lock_lit_1_lock_lit_profile_hit'====== Args={'profile': 'lock_lit_profile', 'state': 'unlit', 'advancing': True}
2024-09-05 18:42:54,107 : INFO : EventManager : Event: ======'lock_lit_1_lock_lit_profile_unlit_hit'====== Args={'profile': 'lock_lit_profile', 'state': 'unlit', 'advancing': True}
2024-09-05 18:42:54,107 : INFO : EventManager : Event: ======'lock_lit_1_unlit_hit'====== Args={'profile': 'lock_lit_profile', 'state': 'unlit', 'advancing': True}
2024-09-05 18:42:54,107 : INFO : EventManager : Event: ======'lock_lits_hit'====== Args={}
2024-09-05 18:42:54,107 : INFO : EventManager : Event: ======'lock_lits_unlit_hit'====== Args={}
2024-09-05 18:42:54,107 : INFO : EventManager : Event: ======'logicblock_capture_counter_updated'====== Args={'value': 5, 'enabled': True}
2024-09-05 18:42:54,109 : INFO : EventManager : Event: ======'advance_capturing'====== Args={'count': 5, 'remaining': -5}
2024-09-05 18:42:54,124 : INFO : EventManager : Event: ======'slide_capturing_slide_created'====== Args={'_from_bcp': True}
2024-09-05 18:42:54,153 : INFO : SwitchController : <<<<<<< 's_left_ramp_made' inactive >>>>>>>
2024-09-05 18:42:55,116 : INFO : EventManager : Event: ======'slide_capturing_slide_removed'====== Args={'_from_bcp': True}
2024-09-05 18:42:55,147 : INFO : SwitchController : <<<<<<< 's_right_ramp_made' active >>>>>>>
2024-09-05 18:42:55,147 : INFO : EventManager : Event: ======'s_right_ramp_made_active'====== Args={}
2024-09-05 18:42:55,147 : INFO : EventManager : Event: ======'sw_capture'====== Args={}
2024-09-05 18:42:55,147 : INFO : EventManager : Event: ======'machine_var_audits_switches_s_right_ramp_made'====== Args={'value': 1704, 'prev_value': 1703, 'change': 1}
2024-09-05 18:42:55,148 : INFO : EventManager : Event: ======'playfield_active'====== Args={}
2024-09-05 18:42:55,149 : INFO : EventManager : Event: ======'player_shot_lock_lit_2'====== Args={'value': 1, 'prev_value': 0, 'change': 1, 'player_num': 1}
2024-09-05 18:42:55,149 : INFO : EventManager : Event: ======'machine_var_audits_shots_lock_lit_2'====== Args={'value': 1506, 'prev_value': 1505, 'change': 1}
2024-09-05 18:42:55,150 : INFO : EventManager : Event: ======'lock_lit_2_hit'====== Args={'profile': 'lock_lit_profile', 'state': 'unlit', 'advancing': True}
2024-09-05 18:42:55,150 : INFO : EventManager : Event: ======'lock_lit_2_lock_lit_profile_hit'====== Args={'profile': 'lock_lit_profile', 'state': 'unlit', 'advancing': True}
2024-09-05 18:42:55,150 : INFO : EventManager : Event: ======'lock_lit_2_lock_lit_profile_unlit_hit'====== Args={'profile': 'lock_lit_profile', 'state': 'unlit', 'advancing': True}
2024-09-05 18:42:55,150 : INFO : EventManager : Event: ======'lock_lit_2_unlit_hit'====== Args={'profile': 'lock_lit_profile', 'state': 'unlit', 'advancing': True}
2024-09-05 18:42:55,151 : INFO : EventManager : Event: ======'lock_lits_complete'====== Args={'state': 'lit'}
2024-09-05 18:42:55,151 : INFO : EventManager : Event: ======'lock_lits_lit_complete'====== Args={}
2024-09-05 18:42:55,151 : INFO : EventManager : Event: ======'lock_lits_hit'====== Args={}
2024-09-05 18:42:55,151 : INFO : EventManager : Event: ======'lock_lits_unlit_hit'====== Args={}
2024-09-05 18:42:55,151 : INFO : state_machine.hc_multiball : Transitioning from lock_lit_state to lock_state
2024-09-05 18:42:55,151 : INFO : EventManager : Event: ======'lock_lit_stopped'====== Args={}
2024-09-05 18:42:55,152 : INFO : EventManager : Event: ======'lock_started'====== Args={}
2024-09-05 18:42:55,153 : INFO : EventManager : Event: ======'player_shot_lock_lit_1_enabled'====== Args={'value': False, 'prev_value': True, 'change': -1, 'player_num': 1}
2024-09-05 18:42:55,153 : INFO : EventManager : Event: ======'player_shot_lock_lit_2_enabled'====== Args={'value': False, 'prev_value': True, 'change': -1, 'player_num': 1}
2024-09-05 18:42:55,154 : INFO : EventManager : Event: ======'logicblock_capture_counter_updated'====== Args={'value': 4, 'enabled': True}
2024-09-05 18:42:55,155 : INFO : EventManager : Event: ======'advance_capturing'====== Args={'count': 4, 'remaining': -4}
2024-09-05 18:42:55,169 : INFO : EventManager : Event: ======'slide_capturing_slide_removed'====== Args={'_from_bcp': True}
2024-09-05 18:42:55,182 : INFO : EventManager : Event: ======'slide_capturing_slide_created'====== Args={'_from_bcp': True}
2024-09-05 18:42:55,223 : INFO : SwitchController : <<<<<<< 's_right_ramp_made' inactive >>>>>>>
2024-09-05 18:42:56,167 : INFO : EventManager : Event: ======'slide_capturing_slide_removed'====== Args={'_from_bcp': True}
2024-09-05 18:42:58,384 : INFO : SwitchController : <<<<<<< 's_side_ramp_made' active >>>>>>>
2024-09-05 18:42:58,384 : INFO : EventManager : Event: ======'machine_var_audits_switches_s_side_ramp_made'====== Args={'value': 1127, 'prev_value': 1126, 'change': 1}
2024-09-05 18:42:58,458 : INFO : SwitchController : <<<<<<< 's_side_ramp_made' inactive >>>>>>>
2024-09-05 18:42:59,834 : INFO : SwitchController : <<<<<<< 's_lock_3' active >>>>>>>
2024-09-05 18:42:59,834 : INFO : EventManager : Event: ======'machine_var_audits_switches_s_lock_3'====== Args={'value': 521, 'prev_value': 520, 'change': 1}
2024-09-05 18:43:00,359 : INFO : EventManager : Event: ======'balldevice_bd_hc_lock_ball_count_changed'====== Args={'balls': 1}
2024-09-05 18:43:00,359 : INFO : ball_device.bd_hc_lock : Received unexpected ball
2024-09-05 18:43:00,359 : INFO : EventManager : Event: ======'balldevice_captured_from_playfield'====== Args={'balls': 1}
2024-09-05 18:43:00,360 : INFO : EventManager : Event: ======'sw_playfield_active'====== Args={'balls': 1}
2024-09-05 18:43:00,360 : INFO : EventManager : Event: ======'playfield_active'====== Args={}
2024-09-05 18:43:00,360 : INFO : EventManager : Event: ======'playfield_ball_count_change'====== Args={'balls': -1, 'change': -1}
2024-09-05 18:43:00,360 : INFO : EventManager : Event: ======'balldevice_playfield_ball_enter'====== Args={'new_balls': 1, 'unclaimed_balls': 1, 'device': <playfield.playfield>}
2024-09-05 18:43:00,361 : INFO : EventManager : Event: ======'playfield_ball_count_change'====== Args={'balls': 0, 'change': 1}
2024-09-05 18:43:00,361 : INFO : BallController : Found a new ball which was captured from playfield. Known balls: 6
2024-09-05 18:43:00,361 : INFO : EventManager : Event: ======'found_new_ball'====== Args={}
2024-09-05 18:43:00,361 : INFO : EventManager : Event: ======'balldevice_bd_hc_lock_ball_enter'====== Args={'new_balls': 1, 'unclaimed_balls': 1, 'new_available_balls': 1, 'device': <ball_device.bd_hc_lock>}
2024-09-05 18:43:00,362 : INFO : EventManager : Event: ======'player_high_caliber_locked_balls'====== Args={'value': 1, 'prev_value': 0, 'change': 1, 'player_num': 1}
2024-09-05 18:43:00,362 : INFO : ball_device.bd_plunger : Adding 1 ball(s) to the eject_queue with target <playfield.playfield>.
2024-09-05 18:43:00,363 : INFO : EventManager : Event: ======'balldevice_balls_available'====== Args={}
2024-09-05 18:43:00,363 : INFO : EventManager : Event: ======'balldevice_balls_available'====== Args={}
2024-09-05 18:43:00,364 : INFO : EventManager : Event: ======'balldevice_bd_hc_lock_ball_entered'====== Args={'new_balls': 1, 'device': <ball_device.bd_hc_lock>}
2024-09-05 18:43:00,364 : INFO : EventManager : Event: ======'multiball_lock_high_caliber_locked_ball'====== Args={'total_balls_locked': 1}
2024-09-05 18:43:00,365 : INFO : EventManager : Event: ======'enable_lock_lit_state'====== Args={'priority': 0}
2024-09-05 18:43:00,365 : INFO : state_machine.hc_multiball : Transitioning from lock_state to lock_lit_state
2024-09-05 18:43:00,365 : INFO : EventManager : Event: ======'lock_stopped'====== Args={}
2024-09-05 18:43:00,366 : INFO : EventManager : Event: ======'lock_lit_started'====== Args={}
2024-09-05 18:43:00,367 : INFO : EventManager : Event: ======'player_shot_lock_lit_1'====== Args={'value': 0, 'prev_value': 1, 'change': -1, 'player_num': 1}
2024-09-05 18:43:00,367 : INFO : EventManager : Event: ======'player_shot_lock_lit_1_enabled'====== Args={'value': True, 'prev_value': False, 'change': 1, 'player_num': 1}
2024-09-05 18:43:00,368 : INFO : EventManager : Event: ======'player_shot_lock_lit_2'====== Args={'value': 0, 'prev_value': 1, 'change': -1, 'player_num': 1}
2024-09-05 18:43:00,368 : INFO : EventManager : Event: ======'player_shot_lock_lit_2_enabled'====== Args={'value': True, 'prev_value': False, 'change': 1, 'player_num': 1}
2024-09-05 18:43:00,369 : INFO : ball_device.bd_trough : State: waiting_for_target_ready
2024-09-05 18:43:00,369 : INFO : EventManager : Event: ======'balldevice_bd_trough_ball_eject_attempt'====== Args={'balls': 1, 'target': <ball_device.bd_plunger>, 'source': <ball_device.bd_trough>, 'mechanical_eject': False, 'num_attempts': 0}
2024-09-05 18:43:05,632 : INFO : SwitchController : <<<<<<< 's_left_ramp_made' active >>>>>>>
2024-09-05 18:43:05,632 : INFO : EventManager : Event: ======'s_left_ramp_made_active'====== Args={}
2024-09-05 18:43:05,633 : INFO : EventManager : Event: ======'sw_capture'====== Args={}
2024-09-05 18:43:05,633 : INFO : EventManager : Event: ======'machine_var_audits_switches_s_left_ramp_made'====== Args={'value': 1998, 'prev_value': 1997, 'change': 1}
2024-09-05 18:43:05,643 : INFO : EventManager : Event: ======'playfield_active'====== Args={}
2024-09-05 18:43:05,657 : INFO : EventManager : Event: ======'player_shot_lock_lit_1'====== Args={'value': 1, 'prev_value': 0, 'change': 1, 'player_num': 1}
2024-09-05 18:43:05,658 : INFO : EventManager : Event: ======'machine_var_audits_shots_lock_lit_1'====== Args={'value': 1593, 'prev_value': 1592, 'change': 1}
2024-09-05 18:43:05,659 : INFO : EventManager : Event: ======'lock_lit_1_hit'====== Args={'profile': 'lock_lit_profile', 'state': 'unlit', 'advancing': True}
2024-09-05 18:43:05,659 : INFO : EventManager : Event: ======'lock_lit_1_lock_lit_profile_hit'====== Args={'profile': 'lock_lit_profile', 'state': 'unlit', 'advancing': True}
2024-09-05 18:43:05,659 : INFO : EventManager : Event: ======'lock_lit_1_lock_lit_profile_unlit_hit'====== Args={'profile': 'lock_lit_profile', 'state': 'unlit', 'advancing': True}
2024-09-05 18:43:05,659 : INFO : EventManager : Event: ======'lock_lit_1_unlit_hit'====== Args={'profile': 'lock_lit_profile', 'state': 'unlit', 'advancing': True}
2024-09-05 18:43:05,660 : INFO : EventManager : Event: ======'lock_lits_hit'====== Args={}
2024-09-05 18:43:05,660 : INFO : EventManager : Event: ======'lock_lits_unlit_hit'====== Args={}
2024-09-05 18:43:05,660 : INFO : EventManager : Event: ======'logicblock_capture_counter_updated'====== Args={'value': 3, 'enabled': True}
2024-09-05 18:43:05,660 : INFO : EventManager : Event: ======'advance_capturing'====== Args={'count': 3, 'remaining': -3}
2024-09-05 18:43:05,674 : INFO : EventManager : Event: ======'slide_capturing_slide_removed'====== Args={'_from_bcp': True}
2024-09-05 18:43:05,674 : INFO : EventManager : Event: ======'slide_capturing_slide_created'====== Args={'_from_bcp': True}
2024-09-05 18:43:05,717 : INFO : SwitchController : <<<<<<< 's_left_ramp_made' inactive >>>>>>>
2024-09-05 18:43:06,667 : INFO : EventManager : Event: ======'slide_capturing_slide_removed'====== Args={'_from_bcp': True}
2024-09-05 18:43:06,719 : INFO : SwitchController : <<<<<<< 's_right_ramp_made' active >>>>>>>
2024-09-05 18:43:06,719 : INFO : EventManager : Event: ======'s_right_ramp_made_active'====== Args={}
2024-09-05 18:43:06,719 : INFO : EventManager : Event: ======'sw_capture'====== Args={}
2024-09-05 18:43:06,719 : INFO : EventManager : Event: ======'machine_var_audits_switches_s_right_ramp_made'====== Args={'value': 1705, 'prev_value': 1704, 'change': 1}
2024-09-05 18:43:06,720 : INFO : EventManager : Event: ======'playfield_active'====== Args={}
2024-09-05 18:43:06,720 : INFO : EventManager : Event: ======'player_shot_lock_lit_2'====== Args={'value': 1, 'prev_value': 0, 'change': 1, 'player_num': 1}
2024-09-05 18:43:06,721 : INFO : EventManager : Event: ======'machine_var_audits_shots_lock_lit_2'====== Args={'value': 1507, 'prev_value': 1506, 'change': 1}
2024-09-05 18:43:06,722 : INFO : EventManager : Event: ======'lock_lit_2_hit'====== Args={'profile': 'lock_lit_profile', 'state': 'unlit', 'advancing': True}
2024-09-05 18:43:06,722 : INFO : EventManager : Event: ======'lock_lit_2_lock_lit_profile_hit'====== Args={'profile': 'lock_lit_profile', 'state': 'unlit', 'advancing': True}
2024-09-05 18:43:06,722 : INFO : EventManager : Event: ======'lock_lit_2_lock_lit_profile_unlit_hit'====== Args={'profile': 'lock_lit_profile', 'state': 'unlit', 'advancing': True}
2024-09-05 18:43:06,722 : INFO : EventManager : Event: ======'lock_lit_2_unlit_hit'====== Args={'profile': 'lock_lit_profile', 'state': 'unlit', 'advancing': True}
2024-09-05 18:43:06,722 : INFO : EventManager : Event: ======'lock_lits_complete'====== Args={'state': 'lit'}
2024-09-05 18:43:06,722 : INFO : EventManager : Event: ======'lock_lits_lit_complete'====== Args={}
2024-09-05 18:43:06,722 : INFO : EventManager : Event: ======'lock_lits_hit'====== Args={}
2024-09-05 18:43:06,722 : INFO : EventManager : Event: ======'lock_lits_unlit_hit'====== Args={}
2024-09-05 18:43:06,723 : INFO : state_machine.hc_multiball : Transitioning from lock_lit_state to lock_state
2024-09-05 18:43:06,723 : INFO : EventManager : Event: ======'lock_lit_stopped'====== Args={}
2024-09-05 18:43:06,723 : INFO : EventManager : Event: ======'lock_started'====== Args={}
2024-09-05 18:43:06,724 : INFO : EventManager : Event: ======'player_shot_lock_lit_1_enabled'====== Args={'value': False, 'prev_value': True, 'change': -1, 'player_num': 1}
2024-09-05 18:43:06,724 : INFO : EventManager : Event: ======'player_shot_lock_lit_2_enabled'====== Args={'value': False, 'prev_value': True, 'change': -1, 'player_num': 1}
2024-09-05 18:43:06,725 : INFO : EventManager : Event: ======'logicblock_capture_counter_updated'====== Args={'value': 2, 'enabled': True}
2024-09-05 18:43:06,725 : INFO : EventManager : Event: ======'advance_capturing'====== Args={'count': 2, 'remaining': -2}
2024-09-05 18:43:06,739 : INFO : EventManager : Event: ======'slide_capturing_slide_removed'====== Args={'_from_bcp': True}
2024-09-05 18:43:06,740 : INFO : EventManager : Event: ======'slide_capturing_slide_created'====== Args={'_from_bcp': True}
2024-09-05 18:43:06,831 : INFO : SwitchController : <<<<<<< 's_right_ramp_made' inactive >>>>>>>
2024-09-05 18:43:07,738 : INFO : EventManager : Event: ======'slide_capturing_slide_removed'====== Args={'_from_bcp': True}
2024-09-05 18:43:08,165 : INFO : SwitchController : <<<<<<< 's_plunger_button' active >>>>>>>
2024-09-05 18:43:08,165 : INFO : EventManager : Event: ======'s_plunger_button_active'====== Args={}
2024-09-05 18:43:08,165 : INFO : EventManager : Event: ======'machine_var_audits_switches_s_plunger_button'====== Args={'value': 5, 'prev_value': 4, 'change': 1}
2024-09-05 18:43:08,179 : INFO : coil.c_plunger : Pulsing Driver for 10ms (1.0 pulse_power)
2024-09-05 18:43:08,179 : INFO : SwitchController : <<<<<<< 's_plunger' inactive >>>>>>>
2024-09-05 18:43:08,193 : INFO : ball_device.bd_plunger : State: ball_left
2024-09-05 18:43:08,206 : INFO : ball_device.bd_plunger : Ball left
2024-09-05 18:43:08,206 : INFO : ball_device.bd_plunger : Wait for confirm with timeout 3.0
2024-09-05 18:43:08,227 : INFO : SwitchController : <<<<<<< 's_plunger_button' inactive >>>>>>>
2024-09-05 18:43:10,075 : INFO : SwitchController : <<<<<<< 's_right_flipper' active >>>>>>>
2024-09-05 18:43:10,075 : INFO : EventManager : Event: ======'s_right_flipper_active'====== Args={}
2024-09-05 18:43:10,075 : INFO : EventManager : Event: ======'machine_var_audits_switches_s_right_flipper'====== Args={'value': 4224, 'prev_value': 4223, 'change': 1}
2024-09-05 18:43:10,076 : INFO : EventManager : Event: ======'achievement_skillshot_1_changed_state'====== Args={'restore': False, 'state': 'enabled', 'selected': False}
2024-09-05 18:43:10,076 : INFO : EventManager : Event: ======'achievement_skillshot_1_state_enabled'====== Args={'restore': False, 'state': 'enabled', 'selected': False}
2024-09-05 18:43:10,101 : INFO : EventManager : Event: ======'achievement_skillshot_2_changed_state'====== Args={'restore': False, 'state': 'enabled', 'selected': True}
2024-09-05 18:43:10,101 : INFO : EventManager : Event: ======'achievement_skillshot_2_state_enabled'====== Args={'restore': False, 'state': 'enabled', 'selected': True}
2024-09-05 18:43:10,101 : INFO : EventManager : Event: ======'skillshot_2_selected'====== Args={'restore': False, 'state': 'enabled', 'selected': True}
2024-09-05 18:43:10,102 : INFO : EventManager : Event: ======'achievement_mode_5_changed_state'====== Args={'restore': False, 'state': 'enabled', 'selected': False}
2024-09-05 18:43:10,102 : INFO : EventManager : Event: ======'achievement_mode_5_state_enabled'====== Args={'restore': False, 'state': 'enabled', 'selected': False}
2024-09-05 18:43:10,102 : INFO : EventManager : Event: ======'achievement_mode_6_changed_state'====== Args={'restore': False, 'state': 'enabled', 'selected': True}
2024-09-05 18:43:10,102 : INFO : EventManager : Event: ======'achievement_mode_6_state_enabled'====== Args={'restore': False, 'state': 'enabled', 'selected': True}
2024-09-05 18:43:10,102 : INFO : EventManager : Event: ======'achievement_mode_6_state_selected'====== Args={'restore': False, 'state': 'enabled', 'selected': True}
2024-09-05 18:43:10,103 : INFO : state_machine.mode_memory_state_machine : Transitioning from left to right
2024-09-05 18:43:10,156 : INFO : SwitchController : <<<<<<< 's_right_flipper' inactive >>>>>>>
2024-09-05 18:43:10,360 : INFO : SwitchController : <<<<<<< 's_right_flipper' active >>>>>>>
2024-09-05 18:43:10,360 : INFO : EventManager : Event: ======'s_right_flipper_active'====== Args={}
2024-09-05 18:43:10,360 : INFO : EventManager : Event: ======'machine_var_audits_switches_s_right_flipper'====== Args={'value': 4225, 'prev_value': 4224, 'change': 1}
2024-09-05 18:43:10,361 : INFO : EventManager : Event: ======'achievement_skillshot_2_changed_state'====== Args={'restore': False, 'state': 'enabled', 'selected': False}
2024-09-05 18:43:10,362 : INFO : EventManager : Event: ======'achievement_skillshot_2_state_enabled'====== Args={'restore': False, 'state': 'enabled', 'selected': False}
2024-09-05 18:43:10,362 : INFO : EventManager : Event: ======'achievement_skillshot_3_changed_state'====== Args={'restore': False, 'state': 'enabled', 'selected': True}
2024-09-05 18:43:10,362 : INFO : EventManager : Event: ======'achievement_skillshot_3_state_enabled'====== Args={'restore': False, 'state': 'enabled', 'selected': True}
2024-09-05 18:43:10,362 : INFO : EventManager : Event: ======'skillshot_3_selected'====== Args={'restore': False, 'state': 'enabled', 'selected': True}
2024-09-05 18:43:10,363 : INFO : EventManager : Event: ======'achievement_mode_6_changed_state'====== Args={'restore': False, 'state': 'enabled', 'selected': False}
2024-09-05 18:43:10,363 : INFO : EventManager : Event: ======'achievement_mode_6_state_enabled'====== Args={'restore': False, 'state': 'enabled', 'selected': False}
2024-09-05 18:43:10,363 : INFO : EventManager : Event: ======'achievement_mode_7_changed_state'====== Args={'restore': False, 'state': 'enabled', 'selected': True}
2024-09-05 18:43:10,364 : INFO : EventManager : Event: ======'achievement_mode_7_state_enabled'====== Args={'restore': False, 'state': 'enabled', 'selected': True}
2024-09-05 18:43:10,364 : INFO : EventManager : Event: ======'achievement_mode_7_state_selected'====== Args={'restore': False, 'state': 'enabled', 'selected': True}
2024-09-05 18:43:10,438 : INFO : SwitchController : <<<<<<< 's_right_flipper' inactive >>>>>>>
2024-09-05 18:43:10,549 : INFO : SwitchController : <<<<<<< 's_right_flipper' active >>>>>>>
2024-09-05 18:43:10,549 : INFO : EventManager : Event: ======'s_right_flipper_active'====== Args={}
2024-09-05 18:43:10,549 : INFO : EventManager : Event: ======'machine_var_audits_switches_s_right_flipper'====== Args={'value': 4226, 'prev_value': 4225, 'change': 1}
2024-09-05 18:43:10,550 : INFO : EventManager : Event: ======'achievement_skillshot_3_changed_state'====== Args={'restore': False, 'state': 'enabled', 'selected': False}
2024-09-05 18:43:10,551 : INFO : EventManager : Event: ======'achievement_skillshot_3_state_enabled'====== Args={'restore': False, 'state': 'enabled', 'selected': False}
2024-09-05 18:43:10,551 : INFO : EventManager : Event: ======'achievement_skillshot_4_changed_state'====== Args={'restore': False, 'state': 'enabled', 'selected': True}
2024-09-05 18:43:10,551 : INFO : EventManager : Event: ======'achievement_skillshot_4_state_enabled'====== Args={'restore': False, 'state': 'enabled', 'selected': True}
2024-09-05 18:43:10,551 : INFO : EventManager : Event: ======'skillshot_4_selected'====== Args={'restore': False, 'state': 'enabled', 'selected': True}
2024-09-05 18:43:10,552 : INFO : EventManager : Event: ======'achievement_mode_7_changed_state'====== Args={'restore': False, 'state': 'enabled', 'selected': False}
2024-09-05 18:43:10,552 : INFO : EventManager : Event: ======'achievement_mode_7_state_enabled'====== Args={'restore': False, 'state': 'enabled', 'selected': False}
2024-09-05 18:43:10,553 : INFO : EventManager : Event: ======'achievement_mode_8_changed_state'====== Args={'restore': False, 'state': 'enabled', 'selected': True}
2024-09-05 18:43:10,553 : INFO : EventManager : Event: ======'achievement_mode_8_state_enabled'====== Args={'restore': False, 'state': 'enabled', 'selected': True}
2024-09-05 18:43:10,553 : INFO : EventManager : Event: ======'achievement_mode_8_state_selected'====== Args={'restore': False, 'state': 'enabled', 'selected': True}
2024-09-05 18:43:10,628 : INFO : SwitchController : <<<<<<< 's_right_flipper' inactive >>>>>>>
2024-09-05 18:43:10,738 : INFO : SwitchController : <<<<<<< 's_right_flipper' active >>>>>>>
2024-09-05 18:43:10,738 : INFO : EventManager : Event: ======'s_right_flipper_active'====== Args={}
2024-09-05 18:43:10,739 : INFO : EventManager : Event: ======'machine_var_audits_switches_s_right_flipper'====== Args={'value': 4227, 'prev_value': 4226, 'change': 1}
2024-09-05 18:43:10,740 : INFO : EventManager : Event: ======'achievement_skillshot_4_changed_state'====== Args={'restore': False, 'state': 'enabled', 'selected': False}
2024-09-05 18:43:10,740 : INFO : EventManager : Event: ======'achievement_skillshot_4_state_enabled'====== Args={'restore': False, 'state': 'enabled', 'selected': False}
2024-09-05 18:43:10,740 : INFO : EventManager : Event: ======'achievement_skillshot_5_changed_state'====== Args={'restore': False, 'state': 'enabled', 'selected': True}
2024-09-05 18:43:10,741 : INFO : EventManager : Event: ======'achievement_skillshot_5_state_enabled'====== Args={'restore': False, 'state': 'enabled', 'selected': True}
2024-09-05 18:43:10,741 : INFO : EventManager : Event: ======'skillshot_5_selected'====== Args={'restore': False, 'state': 'enabled', 'selected': True}
2024-09-05 18:43:10,741 : INFO : EventManager : Event: ======'achievement_mode_8_changed_state'====== Args={'restore': False, 'state': 'enabled', 'selected': False}
2024-09-05 18:43:10,742 : INFO : EventManager : Event: ======'achievement_mode_8_state_enabled'====== Args={'restore': False, 'state': 'enabled', 'selected': False}
2024-09-05 18:43:10,742 : INFO : EventManager : Event: ======'achievement_mode_9_changed_state'====== Args={'restore': False, 'state': 'enabled', 'selected': True}
2024-09-05 18:43:10,742 : INFO : EventManager : Event: ======'achievement_mode_9_state_enabled'====== Args={'restore': False, 'state': 'enabled', 'selected': True}
2024-09-05 18:43:10,742 : INFO : EventManager : Event: ======'achievement_mode_9_state_selected'====== Args={'restore': False, 'state': 'enabled', 'selected': True}
2024-09-05 18:43:10,813 : INFO : SwitchController : <<<<<<< 's_right_flipper' inactive >>>>>>>
2024-09-05 18:43:10,927 : INFO : SwitchController : <<<<<<< 's_right_flipper' active >>>>>>>
2024-09-05 18:43:10,927 : INFO : EventManager : Event: ======'s_right_flipper_active'====== Args={}
2024-09-05 18:43:10,927 : INFO : EventManager : Event: ======'machine_var_audits_switches_s_right_flipper'====== Args={'value': 4228, 'prev_value': 4227, 'change': 1}
2024-09-05 18:43:10,928 : INFO : EventManager : Event: ======'achievement_skillshot_5_changed_state'====== Args={'restore': False, 'state': 'enabled', 'selected': False}
2024-09-05 18:43:10,928 : INFO : EventManager : Event: ======'achievement_skillshot_5_state_enabled'====== Args={'restore': False, 'state': 'enabled', 'selected': False}
2024-09-05 18:43:10,929 : INFO : EventManager : Event: ======'achievement_skillshot_6_changed_state'====== Args={'restore': False, 'state': 'enabled', 'selected': True}
2024-09-05 18:43:10,929 : INFO : EventManager : Event: ======'achievement_skillshot_6_state_enabled'====== Args={'restore': False, 'state': 'enabled', 'selected': True}
2024-09-05 18:43:10,929 : INFO : EventManager : Event: ======'skillshot_4_selected'====== Args={'restore': False, 'state': 'enabled', 'selected': True}
2024-09-05 18:43:10,929 : INFO : EventManager : Event: ======'achievement_mode_9_changed_state'====== Args={'restore': False, 'state': 'enabled', 'selected': False}
2024-09-05 18:43:10,930 : INFO : EventManager : Event: ======'achievement_mode_9_state_enabled'====== Args={'restore': False, 'state': 'enabled', 'selected': False}
2024-09-05 18:43:10,930 : INFO : EventManager : Event: ======'achievement_mode_10_changed_state'====== Args={'restore': False, 'state': 'enabled', 'selected': True}
2024-09-05 18:43:10,930 : INFO : EventManager : Event: ======'achievement_mode_10_state_enabled'====== Args={'restore': False, 'state': 'enabled', 'selected': True}
2024-09-05 18:43:10,930 : INFO : EventManager : Event: ======'achievement_mode_10_state_selected'====== Args={'restore': False, 'state': 'enabled', 'selected': True}
2024-09-05 18:43:11,010 : INFO : SwitchController : <<<<<<< 's_right_flipper' inactive >>>>>>>
2024-09-05 18:43:11,206 : INFO : ball_device.bd_plunger : State: failed_confirm
2024-09-05 18:43:11,206 : INFO : ball_device.bd_plunger : Got timeout (3.0s) before confirm from <playfield.playfield>
2024-09-05 18:43:11,316 : INFO : ball_device.bd_plunger : Confirming eject because target is playfield and ball did not return.
2024-09-05 18:43:11,316 : INFO : ball_device.bd_plunger : Eject successful
2024-09-05 18:43:11,316 : INFO : EventManager : Event: ======'balldevice_bd_plunger_ball_eject_success'====== Args={'balls': 1, 'target': <playfield.playfield>}
2024-09-05 18:43:11,317 : INFO : EventManager : Event: ======'ball_save_main_ball_save_timer_start'====== Args={}
2024-09-05 18:43:11,317 : INFO : EventManager : Event: ======'balldevice_playfield_ball_enter'====== Args={'new_balls': 1, 'unclaimed_balls': 1, 'device': <playfield.playfield>}
2024-09-05 18:43:11,317 : INFO : EventManager : Event: ======'playfield_ball_count_change'====== Args={'balls': 1, 'change': 1}
2024-09-05 18:43:11,318 : INFO : EventManager : Event: ======'balldevice_bd_plunger_ball_count_changed'====== Args={'balls': 0}
2024-09-05 18:43:11,318 : INFO : ball_device.bd_plunger : State: idle
2024-09-05 18:43:11,319 : INFO : ball_device.bd_trough : State: ejecting
2024-09-05 18:43:11,319 : INFO : ball_device.bd_trough : Ejecting ball to <ball_device.bd_plunger>
2024-09-05 18:43:11,319 : INFO : EventManager : Event: ======'balldevice_bd_trough_ejecting_ball'====== Args={'balls': 1, 'target': <ball_device.bd_plunger>, 'source': <ball_device.bd_trough>, 'mechanical_eject': False, 'num_attempts': 0}
2024-09-05 18:43:11,319 : INFO : ball_device.bd_trough : Wait for ball to leave device
2024-09-05 18:43:11,319 : INFO : coil.c_trough_eject : Pulsing Driver for 20ms (1.0 pulse_power)
2024-09-05 18:43:11,320 : INFO : SwitchController : <<<<<<< 's_trough2' inactive >>>>>>>
2024-09-05 18:43:11,320 : INFO : ball_device.bd_plunger : State: waiting_for_ball
2024-09-05 18:43:11,333 : INFO : ball_device.bd_trough : State: ball_left
2024-09-05 18:43:11,334 : INFO : ball_device.bd_trough : Ball left
2024-09-05 18:43:11,334 : INFO : ball_device.bd_trough : Wait for confirm with timeout 10.0
2024-09-05 18:43:11,348 : INFO : SwitchController : <<<<<<< 's_right_flipper' active >>>>>>>
2024-09-05 18:43:11,348 : INFO : EventManager : Event: ======'s_right_flipper_active'====== Args={}
2024-09-05 18:43:11,348 : INFO : EventManager : Event: ======'machine_var_audits_switches_s_right_flipper'====== Args={'value': 4229, 'prev_value': 4228, 'change': 1}
2024-09-05 18:43:11,350 : INFO : EventManager : Event: ======'achievement_skillshot_6_changed_state'====== Args={'restore': False, 'state': 'enabled', 'selected': False}
2024-09-05 18:43:11,350 : INFO : EventManager : Event: ======'achievement_skillshot_6_state_enabled'====== Args={'restore': False, 'state': 'enabled', 'selected': False}
2024-09-05 18:43:11,351 : INFO : EventManager : Event: ======'achievement_skillshot_7_changed_state'====== Args={'restore': False, 'state': 'enabled', 'selected': True}
2024-09-05 18:43:11,351 : INFO : EventManager : Event: ======'achievement_skillshot_7_state_enabled'====== Args={'restore': False, 'state': 'enabled', 'selected': True}
2024-09-05 18:43:11,351 : INFO : EventManager : Event: ======'skillshot_3_selected'====== Args={'restore': False, 'state': 'enabled', 'selected': True}
2024-09-05 18:43:11,352 : INFO : EventManager : Event: ======'achievement_mode_10_changed_state'====== Args={'restore': False, 'state': 'enabled', 'selected': False}
2024-09-05 18:43:11,352 : INFO : EventManager : Event: ======'achievement_mode_10_state_enabled'====== Args={'restore': False, 'state': 'enabled', 'selected': False}
2024-09-05 18:43:11,352 : INFO : EventManager : Event: ======'achievement_mode_1_changed_state'====== Args={'restore': False, 'state': 'enabled', 'selected': True}
2024-09-05 18:43:11,352 : INFO : EventManager : Event: ======'achievement_mode_1_state_enabled'====== Args={'restore': False, 'state': 'enabled', 'selected': True}
2024-09-05 18:43:11,352 : INFO : EventManager : Event: ======'achievement_mode_1_state_selected'====== Args={'restore': False, 'state': 'enabled', 'selected': True}
2024-09-05 18:43:11,425 : INFO : SwitchController : <<<<<<< 's_plunger' active >>>>>>>
2024-09-05 18:43:11,425 : INFO : EventManager : Event: ======'machine_var_audits_switches_s_plunger'====== Args={'value': 4087, 'prev_value': 4086, 'change': 1}
2024-09-05 18:43:11,439 : INFO : SwitchController : <<<<<<< 's_right_flipper' inactive >>>>>>>
2024-09-05 18:43:11,504 : INFO : SwitchController : <<<<<<< 's_right_flipper' active >>>>>>>
2024-09-05 18:43:11,504 : INFO : EventManager : Event: ======'s_right_flipper_active'====== Args={}
2024-09-05 18:43:11,504 : INFO : EventManager : Event: ======'machine_var_audits_switches_s_right_flipper'====== Args={'value': 4230, 'prev_value': 4229, 'change': 1}
2024-09-05 18:43:11,505 : INFO : EventManager : Event: ======'achievement_skillshot_7_changed_state'====== Args={'restore': False, 'state': 'enabled', 'selected': False}
2024-09-05 18:43:11,505 : INFO : EventManager : Event: ======'achievement_skillshot_7_state_enabled'====== Args={'restore': False, 'state': 'enabled', 'selected': False}
2024-09-05 18:43:11,506 : INFO : EventManager : Event: ======'achievement_skillshot_8_changed_state'====== Args={'restore': False, 'state': 'enabled', 'selected': True}
2024-09-05 18:43:11,506 : INFO : EventManager : Event: ======'achievement_skillshot_8_state_enabled'====== Args={'restore': False, 'state': 'enabled', 'selected': True}
2024-09-05 18:43:11,506 : INFO : EventManager : Event: ======'skillshot_2_selected'====== Args={'restore': False, 'state': 'enabled', 'selected': True}
2024-09-05 18:43:11,507 : INFO : EventManager : Event: ======'achievement_mode_1_changed_state'====== Args={'restore': False, 'state': 'enabled', 'selected': False}
2024-09-05 18:43:11,507 : INFO : EventManager : Event: ======'achievement_mode_1_state_enabled'====== Args={'restore': False, 'state': 'enabled', 'selected': False}
2024-09-05 18:43:11,507 : INFO : EventManager : Event: ======'achievement_mode_2_changed_state'====== Args={'restore': False, 'state': 'enabled', 'selected': True}
2024-09-05 18:43:11,508 : INFO : EventManager : Event: ======'achievement_mode_2_state_enabled'====== Args={'restore': False, 'state': 'enabled', 'selected': True}
2024-09-05 18:43:11,508 : INFO : EventManager : Event: ======'achievement_mode_2_state_selected'====== Args={'restore': False, 'state': 'enabled', 'selected': True}
2024-09-05 18:43:11,595 : INFO : SwitchController : <<<<<<< 's_right_flipper' inactive >>>>>>>
2024-09-05 18:43:11,695 : INFO : SwitchController : <<<<<<< 's_right_flipper' active >>>>>>>
2024-09-05 18:43:11,695 : INFO : EventManager : Event: ======'s_right_flipper_active'====== Args={}
2024-09-05 18:43:11,696 : INFO : EventManager : Event: ======'machine_var_audits_switches_s_right_flipper'====== Args={'value': 4231, 'prev_value': 4230, 'change': 1}
2024-09-05 18:43:11,697 : INFO : EventManager : Event: ======'achievement_skillshot_8_changed_state'====== Args={'restore': False, 'state': 'enabled', 'selected': False}
2024-09-05 18:43:11,697 : INFO : EventManager : Event: ======'achievement_skillshot_8_state_enabled'====== Args={'restore': False, 'state': 'enabled', 'selected': False}
2024-09-05 18:43:11,698 : INFO : EventManager : Event: ======'achievement_skillshot_1_changed_state'====== Args={'restore': False, 'state': 'enabled', 'selected': True}
2024-09-05 18:43:11,698 : INFO : EventManager : Event: ======'achievement_skillshot_1_state_enabled'====== Args={'restore': False, 'state': 'enabled', 'selected': True}
2024-09-05 18:43:11,698 : INFO : EventManager : Event: ======'skillshot_1_selected'====== Args={'restore': False, 'state': 'enabled', 'selected': True}
2024-09-05 18:43:11,699 : INFO : EventManager : Event: ======'achievement_mode_2_changed_state'====== Args={'restore': False, 'state': 'enabled', 'selected': False}
2024-09-05 18:43:11,699 : INFO : EventManager : Event: ======'achievement_mode_2_state_enabled'====== Args={'restore': False, 'state': 'enabled', 'selected': False}
2024-09-05 18:43:11,700 : INFO : EventManager : Event: ======'achievement_mode_3_changed_state'====== Args={'restore': False, 'state': 'enabled', 'selected': True}
2024-09-05 18:43:11,700 : INFO : EventManager : Event: ======'achievement_mode_3_state_enabled'====== Args={'restore': False, 'state': 'enabled', 'selected': True}
2024-09-05 18:43:11,700 : INFO : EventManager : Event: ======'achievement_mode_3_state_selected'====== Args={'restore': False, 'state': 'enabled', 'selected': True}
2024-09-05 18:43:11,745 : INFO : ball_device.bd_plunger : Received ball from <ball_device.bd_trough>
2024-09-05 18:43:11,745 : INFO : EventManager : Event: ======'balldevice_bd_plunger_ball_enter'====== Args={'new_balls': 1, 'unclaimed_balls': 0, 'new_available_balls': 0, 'device': <ball_device.bd_plunger>}
2024-09-05 18:43:11,746 : INFO : EventManager : Event: ======'balldevice_bd_plunger_ball_entered'====== Args={'new_balls': 0, 'device': <ball_device.bd_plunger>}
2024-09-05 18:43:11,746 : INFO : EventManager : Event: ======'balldevice_bd_plunger_ball_count_changed'====== Args={'balls': 1}
2024-09-05 18:43:11,746 : INFO : ball_device.bd_trough : Got eject confirm
2024-09-05 18:43:11,746 : INFO : ball_device.bd_trough : Eject successful
2024-09-05 18:43:11,746 : INFO : EventManager : Event: ======'balldevice_bd_trough_ball_eject_success'====== Args={'balls': 1, 'target': <ball_device.bd_plunger>}
2024-09-05 18:43:11,747 : INFO : EventManager : Event: ======'balldevice_bd_trough_ball_count_changed'====== Args={'balls': 3}
2024-09-05 18:43:11,747 : INFO : ball_device.bd_trough : State: idle
2024-09-05 18:43:11,747 : INFO : ball_device.bd_plunger : State: waiting_for_target_ready
2024-09-05 18:43:11,747 : INFO : EventManager : Event: ======'balldevice_bd_plunger_ball_eject_attempt'====== Args={'balls': 1, 'target': <playfield.playfield>, 'source': <ball_device.bd_plunger>, 'mechanical_eject': False, 'num_attempts': 0}
2024-09-05 18:43:11,748 : INFO : ball_device.bd_plunger : State: ejecting
2024-09-05 18:43:11,748 : INFO : ball_device.bd_plunger : Ejecting ball to <playfield.playfield>
2024-09-05 18:43:11,748 : INFO : EventManager : Event: ======'balldevice_bd_plunger_ejecting_ball'====== Args={'balls': 1, 'target': <playfield.playfield>, 'source': <ball_device.bd_plunger>, 'mechanical_eject': False, 'num_attempts': 0}
2024-09-05 18:43:11,749 : INFO : ball_device.bd_plunger : Wait for ball to leave device
2024-09-05 18:43:11,749 : INFO : coil.c_plunger : Pulsing Driver for 10ms (1.0 pulse_power)
2024-09-05 18:43:11,749 : INFO : SwitchController : <<<<<<< 's_plunger' inactive >>>>>>>
2024-09-05 18:43:11,776 : INFO : ball_device.bd_plunger : State: ball_left
2024-09-05 18:43:11,776 : INFO : ball_device.bd_plunger : Ball left
2024-09-05 18:43:11,776 : INFO : ball_device.bd_plunger : Wait for confirm with timeout 3.0
2024-09-05 18:43:11,788 : INFO : SwitchController : <<<<<<< 's_right_flipper' inactive >>>>>>>
2024-09-05 18:43:12,049 : INFO : SwitchController : <<<<<<< 's_right_flipper' active >>>>>>>
2024-09-05 18:43:12,049 : INFO : EventManager : Event: ======'s_right_flipper_active'====== Args={}
2024-09-05 18:43:12,050 : INFO : EventManager : Event: ======'machine_var_audits_switches_s_right_flipper'====== Args={'value': 4232, 'prev_value': 4231, 'change': 1}
2024-09-05 18:43:12,051 : INFO : EventManager : Event: ======'achievement_skillshot_1_changed_state'====== Args={'restore': False, 'state': 'enabled', 'selected': False}
2024-09-05 18:43:12,051 : INFO : EventManager : Event: ======'achievement_skillshot_1_state_enabled'====== Args={'restore': False, 'state': 'enabled', 'selected': False}
2024-09-05 18:43:12,052 : INFO : EventManager : Event: ======'achievement_skillshot_2_changed_state'====== Args={'restore': False, 'state': 'enabled', 'selected': True}
2024-09-05 18:43:12,052 : INFO : EventManager : Event: ======'achievement_skillshot_2_state_enabled'====== Args={'restore': False, 'state': 'enabled', 'selected': True}
2024-09-05 18:43:12,052 : INFO : EventManager : Event: ======'skillshot_2_selected'====== Args={'restore': False, 'state': 'enabled', 'selected': True}
2024-09-05 18:43:12,053 : INFO : EventManager : Event: ======'achievement_mode_3_changed_state'====== Args={'restore': False, 'state': 'enabled', 'selected': False}
2024-09-05 18:43:12,053 : INFO : EventManager : Event: ======'achievement_mode_3_state_enabled'====== Args={'restore': False, 'state': 'enabled', 'selected': False}
2024-09-05 18:43:12,053 : INFO : EventManager : Event: ======'achievement_mode_4_changed_state'====== Args={'restore': False, 'state': 'enabled', 'selected': True}
2024-09-05 18:43:12,053 : INFO : EventManager : Event: ======'achievement_mode_4_state_enabled'====== Args={'restore': False, 'state': 'enabled', 'selected': True}
2024-09-05 18:43:12,054 : INFO : EventManager : Event: ======'achievement_mode_4_state_selected'====== Args={'restore': False, 'state': 'enabled', 'selected': True}
2024-09-05 18:43:12,117 : INFO : SwitchController : <<<<<<< 's_right_flipper' inactive >>>>>>>
2024-09-05 18:43:12,461 : INFO : SwitchController : <<<<<<< 's_right_flipper' active >>>>>>>
2024-09-05 18:43:12,461 : INFO : EventManager : Event: ======'s_right_flipper_active'====== Args={}
2024-09-05 18:43:12,461 : INFO : EventManager : Event: ======'machine_var_audits_switches_s_right_flipper'====== Args={'value': 4233, 'prev_value': 4232, 'change': 1}
2024-09-05 18:43:12,462 : INFO : EventManager : Event: ======'achievement_skillshot_2_changed_state'====== Args={'restore': False, 'state': 'enabled', 'selected': False}
2024-09-05 18:43:12,462 : INFO : EventManager : Event: ======'achievement_skillshot_2_state_enabled'====== Args={'restore': False, 'state': 'enabled', 'selected': False}
2024-09-05 18:43:12,463 : INFO : EventManager : Event: ======'achievement_skillshot_3_changed_state'====== Args={'restore': False, 'state': 'enabled', 'selected': True}
2024-09-05 18:43:12,463 : INFO : EventManager : Event: ======'achievement_skillshot_3_state_enabled'====== Args={'restore': False, 'state': 'enabled', 'selected': True}
2024-09-05 18:43:12,463 : INFO : EventManager : Event: ======'skillshot_3_selected'====== Args={'restore': False, 'state': 'enabled', 'selected': True}
2024-09-05 18:43:12,474 : INFO : EventManager : Event: ======'achievement_mode_4_changed_state'====== Args={'restore': False, 'state': 'enabled', 'selected': False}
2024-09-05 18:43:12,478 : INFO : EventManager : Event: ======'achievement_mode_4_state_enabled'====== Args={'restore': False, 'state': 'enabled', 'selected': False}
2024-09-05 18:43:12,478 : INFO : EventManager : Event: ======'achievement_mode_5_changed_state'====== Args={'restore': False, 'state': 'enabled', 'selected': True}
2024-09-05 18:43:12,478 : INFO : EventManager : Event: ======'achievement_mode_5_state_enabled'====== Args={'restore': False, 'state': 'enabled', 'selected': True}
2024-09-05 18:43:12,478 : INFO : EventManager : Event: ======'achievement_mode_5_state_selected'====== Args={'restore': False, 'state': 'enabled', 'selected': True}
2024-09-05 18:43:12,536 : INFO : SwitchController : <<<<<<< 's_right_flipper' inactive >>>>>>>
2024-09-05 18:43:12,627 : INFO : SwitchController : <<<<<<< 's_right_flipper' active >>>>>>>
2024-09-05 18:43:12,627 : INFO : EventManager : Event: ======'s_right_flipper_active'====== Args={}
2024-09-05 18:43:12,628 : INFO : EventManager : Event: ======'machine_var_audits_switches_s_right_flipper'====== Args={'value': 4234, 'prev_value': 4233, 'change': 1}
2024-09-05 18:43:12,629 : INFO : EventManager : Event: ======'achievement_skillshot_3_changed_state'====== Args={'restore': False, 'state': 'enabled', 'selected': False}
2024-09-05 18:43:12,629 : INFO : EventManager : Event: ======'achievement_skillshot_3_state_enabled'====== Args={'restore': False, 'state': 'enabled', 'selected': False}
2024-09-05 18:43:12,629 : INFO : EventManager : Event: ======'achievement_skillshot_4_changed_state'====== Args={'restore': False, 'state': 'enabled', 'selected': True}
2024-09-05 18:43:12,629 : INFO : EventManager : Event: ======'achievement_skillshot_4_state_enabled'====== Args={'restore': False, 'state': 'enabled', 'selected': True}
2024-09-05 18:43:12,630 : INFO : EventManager : Event: ======'skillshot_4_selected'====== Args={'restore': False, 'state': 'enabled', 'selected': True}
2024-09-05 18:43:12,630 : INFO : EventManager : Event: ======'achievement_mode_5_changed_state'====== Args={'restore': False, 'state': 'enabled', 'selected': False}
2024-09-05 18:43:12,630 : INFO : EventManager : Event: ======'achievement_mode_5_state_enabled'====== Args={'restore': False, 'state': 'enabled', 'selected': False}
2024-09-05 18:43:12,631 : INFO : EventManager : Event: ======'achievement_mode_6_changed_state'====== Args={'restore': False, 'state': 'enabled', 'selected': True}
2024-09-05 18:43:12,631 : INFO : EventManager : Event: ======'achievement_mode_6_state_enabled'====== Args={'restore': False, 'state': 'enabled', 'selected': True}
2024-09-05 18:43:12,631 : INFO : EventManager : Event: ======'achievement_mode_6_state_selected'====== Args={'restore': False, 'state': 'enabled', 'selected': True}
2024-09-05 18:43:12,703 : INFO : SwitchController : <<<<<<< 's_right_flipper' inactive >>>>>>>
2024-09-05 18:43:12,800 : INFO : SwitchController : <<<<<<< 's_right_flipper' active >>>>>>>
2024-09-05 18:43:12,801 : INFO : EventManager : Event: ======'s_right_flipper_active'====== Args={}
2024-09-05 18:43:12,801 : INFO : EventManager : Event: ======'machine_var_audits_switches_s_right_flipper'====== Args={'value': 4235, 'prev_value': 4234, 'change': 1}
2024-09-05 18:43:12,815 : INFO : EventManager : Event: ======'achievement_skillshot_4_changed_state'====== Args={'restore': False, 'state': 'enabled', 'selected': False}
2024-09-05 18:43:12,816 : INFO : EventManager : Event: ======'achievement_skillshot_4_state_enabled'====== Args={'restore': False, 'state': 'enabled', 'selected': False}
2024-09-05 18:43:12,816 : INFO : EventManager : Event: ======'achievement_skillshot_5_changed_state'====== Args={'restore': False, 'state': 'enabled', 'selected': True}
2024-09-05 18:43:12,817 : INFO : EventManager : Event: ======'achievement_skillshot_5_state_enabled'====== Args={'restore': False, 'state': 'enabled', 'selected': True}
2024-09-05 18:43:12,817 : INFO : EventManager : Event: ======'skillshot_5_selected'====== Args={'restore': False, 'state': 'enabled', 'selected': True}
2024-09-05 18:43:12,817 : INFO : EventManager : Event: ======'achievement_mode_6_changed_state'====== Args={'restore': False, 'state': 'enabled', 'selected': False}
2024-09-05 18:43:12,817 : INFO : EventManager : Event: ======'achievement_mode_6_state_enabled'====== Args={'restore': False, 'state': 'enabled', 'selected': False}
2024-09-05 18:43:12,818 : INFO : EventManager : Event: ======'achievement_mode_7_changed_state'====== Args={'restore': False, 'state': 'enabled', 'selected': True}
2024-09-05 18:43:12,818 : INFO : EventManager : Event: ======'achievement_mode_7_state_enabled'====== Args={'restore': False, 'state': 'enabled', 'selected': True}
2024-09-05 18:43:12,818 : INFO : EventManager : Event: ======'achievement_mode_7_state_selected'====== Args={'restore': False, 'state': 'enabled', 'selected': True}
2024-09-05 18:43:12,900 : INFO : SwitchController : <<<<<<< 's_right_flipper' inactive >>>>>>>
2024-09-05 18:43:12,979 : INFO : SwitchController : <<<<<<< 's_right_flipper' active >>>>>>>
2024-09-05 18:43:12,979 : INFO : EventManager : Event: ======'s_right_flipper_active'====== Args={}
2024-09-05 18:43:12,979 : INFO : EventManager : Event: ======'machine_var_audits_switches_s_right_flipper'====== Args={'value': 4236, 'prev_value': 4235, 'change': 1}
2024-09-05 18:43:12,993 : INFO : EventManager : Event: ======'achievement_skillshot_5_changed_state'====== Args={'restore': False, 'state': 'enabled', 'selected': False}
2024-09-05 18:43:12,993 : INFO : EventManager : Event: ======'achievement_skillshot_5_state_enabled'====== Args={'restore': False, 'state': 'enabled', 'selected': False}
2024-09-05 18:43:12,993 : INFO : EventManager : Event: ======'achievement_skillshot_6_changed_state'====== Args={'restore': False, 'state': 'enabled', 'selected': True}
2024-09-05 18:43:12,994 : INFO : EventManager : Event: ======'achievement_skillshot_6_state_enabled'====== Args={'restore': False, 'state': 'enabled', 'selected': True}
2024-09-05 18:43:12,994 : INFO : EventManager : Event: ======'skillshot_4_selected'====== Args={'restore': False, 'state': 'enabled', 'selected': True}
2024-09-05 18:43:12,994 : INFO : EventManager : Event: ======'achievement_mode_7_changed_state'====== Args={'restore': False, 'state': 'enabled', 'selected': False}
2024-09-05 18:43:12,994 : INFO : EventManager : Event: ======'achievement_mode_7_state_enabled'====== Args={'restore': False, 'state': 'enabled', 'selected': False}
2024-09-05 18:43:12,995 : INFO : EventManager : Event: ======'achievement_mode_8_changed_state'====== Args={'restore': False, 'state': 'enabled', 'selected': True}
2024-09-05 18:43:12,995 : INFO : EventManager : Event: ======'achievement_mode_8_state_enabled'====== Args={'restore': False, 'state': 'enabled', 'selected': True}
2024-09-05 18:43:12,995 : INFO : EventManager : Event: ======'achievement_mode_8_state_selected'====== Args={'restore': False, 'state': 'enabled', 'selected': True}
2024-09-05 18:43:13,040 : INFO : SwitchController : <<<<<<< 's_right_flipper' inactive >>>>>>>
2024-09-05 18:43:14,769 : INFO : ball_device.bd_plunger : State: failed_confirm
2024-09-05 18:43:14,769 : INFO : ball_device.bd_plunger : Got timeout (3.0s) before confirm from <playfield.playfield>
2024-09-05 18:43:14,879 : INFO : ball_device.bd_plunger : Confirming eject because target is playfield and ball did not return.
2024-09-05 18:43:14,879 : INFO : ball_device.bd_plunger : Eject successful
2024-09-05 18:43:14,879 : INFO : EventManager : Event: ======'balldevice_bd_plunger_ball_eject_success'====== Args={'balls': 1, 'target': <playfield.playfield>}
2024-09-05 18:43:14,880 : INFO : EventManager : Event: ======'balldevice_playfield_ball_enter'====== Args={'new_balls': 1, 'unclaimed_balls': 1, 'device': <playfield.playfield>}
2024-09-05 18:43:14,880 : INFO : EventManager : Event: ======'playfield_ball_count_change'====== Args={'balls': 2, 'change': 1}
2024-09-05 18:43:14,881 : INFO : EventManager : Event: ======'balldevice_bd_plunger_ball_count_changed'====== Args={'balls': 0}
2024-09-05 18:43:14,881 : INFO : ball_device.bd_plunger : State: idle
2024-09-05 18:43:15,247 : INFO : SwitchController : <<<<<<< 's_lock_2' active >>>>>>>
2024-09-05 18:43:15,247 : INFO : EventManager : Event: ======'machine_var_audits_switches_s_lock_2'====== Args={'value': 438, 'prev_value': 437, 'change': 1}
2024-09-05 18:43:15,745 : INFO : EventManager : Event: ======'balldevice_bd_hc_lock_ball_count_changed'====== Args={'balls': 2}
2024-09-05 18:43:15,745 : INFO : ball_device.bd_hc_lock : Received unexpected ball
2024-09-05 18:43:15,746 : INFO : EventManager : Event: ======'balldevice_captured_from_playfield'====== Args={'balls': 1}
2024-09-05 18:43:15,746 : INFO : EventManager : Event: ======'sw_playfield_active'====== Args={'balls': 1}
2024-09-05 18:43:15,746 : INFO : EventManager : Event: ======'playfield_ball_count_change'====== Args={'balls': 1, 'change': -1}
2024-09-05 18:43:15,747 : INFO : EventManager : Event: ======'balldevice_bd_hc_lock_ball_enter'====== Args={'new_balls': 1, 'unclaimed_balls': 1, 'new_available_balls': 1, 'device': <ball_device.bd_hc_lock>}
2024-09-05 18:43:15,747 : INFO : EventManager : Event: ======'player_high_caliber_locked_balls'====== Args={'value': 2, 'prev_value': 1, 'change': 1, 'player_num': 1}
2024-09-05 18:43:15,748 : INFO : ball_device.bd_plunger : Adding 1 ball(s) to the eject_queue with target <playfield.playfield>.
2024-09-05 18:43:15,748 : INFO : EventManager : Event: ======'balldevice_balls_available'====== Args={}
2024-09-05 18:43:15,748 : INFO : EventManager : Event: ======'balldevice_balls_available'====== Args={}
2024-09-05 18:43:15,749 : INFO : EventManager : Event: ======'balldevice_bd_hc_lock_ball_entered'====== Args={'new_balls': 1, 'device': <ball_device.bd_hc_lock>}
2024-09-05 18:43:15,749 : INFO : EventManager : Event: ======'multiball_lock_high_caliber_locked_ball'====== Args={'total_balls_locked': 2}
2024-09-05 18:43:15,750 : INFO : EventManager : Event: ======'enable_lock_lit_state'====== Args={'priority': 0}
2024-09-05 18:43:15,750 : INFO : state_machine.hc_multiball : Transitioning from lock_state to lock_lit_state
2024-09-05 18:43:15,750 : INFO : EventManager : Event: ======'lock_stopped'====== Args={}
2024-09-05 18:43:15,751 : INFO : EventManager : Event: ======'lock_lit_started'====== Args={}
2024-09-05 18:43:15,752 : INFO : EventManager : Event: ======'player_shot_lock_lit_1'====== Args={'value': 0, 'prev_value': 1, 'change': -1, 'player_num': 1}
2024-09-05 18:43:15,752 : INFO : EventManager : Event: ======'player_shot_lock_lit_1_enabled'====== Args={'value': True, 'prev_value': False, 'change': 1, 'player_num': 1}
2024-09-05 18:43:15,753 : INFO : EventManager : Event: ======'player_shot_lock_lit_2'====== Args={'value': 0, 'prev_value': 1, 'change': -1, 'player_num': 1}
2024-09-05 18:43:15,754 : INFO : EventManager : Event: ======'player_shot_lock_lit_2_enabled'====== Args={'value': True, 'prev_value': False, 'change': 1, 'player_num': 1}
2024-09-05 18:43:15,755 : INFO : ball_device.bd_trough : State: waiting_for_target_ready
2024-09-05 18:43:15,755 : INFO : EventManager : Event: ======'balldevice_bd_trough_ball_eject_attempt'====== Args={'balls': 1, 'target': <ball_device.bd_plunger>, 'source': <ball_device.bd_trough>, 'mechanical_eject': False, 'num_attempts': 0}
2024-09-05 18:43:15,755 : INFO : ball_device.bd_plunger : State: waiting_for_ball
2024-09-05 18:43:15,756 : INFO : ball_device.bd_trough : State: ejecting
2024-09-05 18:43:15,756 : INFO : ball_device.bd_trough : Ejecting ball to <ball_device.bd_plunger>
2024-09-05 18:43:15,756 : INFO : EventManager : Event: ======'balldevice_bd_trough_ejecting_ball'====== Args={'balls': 1, 'target': <ball_device.bd_plunger>, 'source': <ball_device.bd_trough>, 'mechanical_eject': False, 'num_attempts': 0}
2024-09-05 18:43:15,756 : INFO : ball_device.bd_trough : Wait for ball to leave device
2024-09-05 18:43:15,756 : INFO : coil.c_trough_eject : Pulsing Driver for 20ms (1.0 pulse_power)
2024-09-05 18:43:15,757 : INFO : SwitchController : <<<<<<< 's_trough3' inactive >>>>>>>
2024-09-05 18:43:15,777 : INFO : ball_device.bd_trough : State: ball_left
2024-09-05 18:43:15,777 : INFO : ball_device.bd_trough : Ball left
2024-09-05 18:43:15,777 : INFO : ball_device.bd_trough : Wait for confirm with timeout 10.0
2024-09-05 18:43:15,860 : INFO : SwitchController : <<<<<<< 's_plunger' active >>>>>>>
2024-09-05 18:43:15,860 : INFO : EventManager : Event: ======'machine_var_audits_switches_s_plunger'====== Args={'value': 4088, 'prev_value': 4087, 'change': 1}
2024-09-05 18:43:16,165 : INFO : ball_device.bd_plunger : Received ball from <ball_device.bd_trough>
2024-09-05 18:43:16,165 : INFO : EventManager : Event: ======'balldevice_bd_plunger_ball_enter'====== Args={'new_balls': 1, 'unclaimed_balls': 0, 'new_available_balls': 0, 'device': <ball_device.bd_plunger>}
2024-09-05 18:43:16,166 : INFO : EventManager : Event: ======'balldevice_bd_plunger_ball_entered'====== Args={'new_balls': 0, 'device': <ball_device.bd_plunger>}
2024-09-05 18:43:16,166 : INFO : EventManager : Event: ======'balldevice_bd_plunger_ball_count_changed'====== Args={'balls': 1}
2024-09-05 18:43:16,167 : INFO : ball_device.bd_trough : Got eject confirm
2024-09-05 18:43:16,167 : INFO : ball_device.bd_trough : Eject successful
2024-09-05 18:43:16,167 : INFO : EventManager : Event: ======'balldevice_bd_trough_ball_eject_success'====== Args={'balls': 1, 'target': <ball_device.bd_plunger>}
2024-09-05 18:43:16,167 : INFO : EventManager : Event: ======'balldevice_bd_trough_ball_count_changed'====== Args={'balls': 2}
2024-09-05 18:43:16,167 : INFO : ball_device.bd_trough : State: idle
2024-09-05 18:43:16,168 : INFO : ball_device.bd_plunger : State: waiting_for_target_ready
2024-09-05 18:43:16,168 : INFO : EventManager : Event: ======'balldevice_bd_plunger_ball_eject_attempt'====== Args={'balls': 1, 'target': <playfield.playfield>, 'source': <ball_device.bd_plunger>, 'mechanical_eject': False, 'num_attempts': 0}
2024-09-05 18:43:16,168 : INFO : ball_device.bd_plunger : State: ejecting
2024-09-05 18:43:16,168 : INFO : ball_device.bd_plunger : Ejecting ball to <playfield.playfield>
2024-09-05 18:43:16,168 : INFO : EventManager : Event: ======'balldevice_bd_plunger_ejecting_ball'====== Args={'balls': 1, 'target': <playfield.playfield>, 'source': <ball_device.bd_plunger>, 'mechanical_eject': False, 'num_attempts': 0}
2024-09-05 18:43:16,169 : INFO : ball_device.bd_plunger : Wait for ball to leave device
2024-09-05 18:43:16,169 : INFO : coil.c_plunger : Pulsing Driver for 10ms (1.0 pulse_power)
2024-09-05 18:43:16,169 : INFO : SwitchController : <<<<<<< 's_plunger' inactive >>>>>>>
2024-09-05 18:43:16,182 : INFO : ball_device.bd_plunger : State: ball_left
2024-09-05 18:43:16,182 : INFO : ball_device.bd_plunger : Ball left
2024-09-05 18:43:16,182 : INFO : ball_device.bd_plunger : Wait for confirm with timeout 3.0
2024-09-05 18:43:17,870 : INFO : SwitchController : <<<<<<< 's_left_ramp_made' active >>>>>>>
2024-09-05 18:43:17,870 : INFO : EventManager : Event: ======'s_left_ramp_made_active'====== Args={}
2024-09-05 18:43:17,880 : INFO : EventManager : Event: ======'sw_capture'====== Args={}
2024-09-05 18:43:17,884 : INFO : EventManager : Event: ======'machine_var_audits_switches_s_left_ramp_made'====== Args={'value': 1999, 'prev_value': 1998, 'change': 1}
2024-09-05 18:43:17,895 : INFO : EventManager : Event: ======'player_shot_lock_lit_1'====== Args={'value': 1, 'prev_value': 0, 'change': 1, 'player_num': 1}
2024-09-05 18:43:17,895 : INFO : EventManager : Event: ======'machine_var_audits_shots_lock_lit_1'====== Args={'value': 1594, 'prev_value': 1593, 'change': 1}
2024-09-05 18:43:17,896 : INFO : EventManager : Event: ======'lock_lit_1_hit'====== Args={'profile': 'lock_lit_profile', 'state': 'unlit', 'advancing': True}
2024-09-05 18:43:17,896 : INFO : EventManager : Event: ======'lock_lit_1_lock_lit_profile_hit'====== Args={'profile': 'lock_lit_profile', 'state': 'unlit', 'advancing': True}
2024-09-05 18:43:17,897 : INFO : EventManager : Event: ======'lock_lit_1_lock_lit_profile_unlit_hit'====== Args={'profile': 'lock_lit_profile', 'state': 'unlit', 'advancing': True}
2024-09-05 18:43:17,897 : INFO : EventManager : Event: ======'lock_lit_1_unlit_hit'====== Args={'profile': 'lock_lit_profile', 'state': 'unlit', 'advancing': True}
2024-09-05 18:43:17,897 : INFO : EventManager : Event: ======'lock_lits_hit'====== Args={}
2024-09-05 18:43:17,897 : INFO : EventManager : Event: ======'lock_lits_unlit_hit'====== Args={}
2024-09-05 18:43:17,898 : INFO : EventManager : Event: ======'logicblock_capture_counter_updated'====== Args={'value': 1, 'enabled': True}
2024-09-05 18:43:17,898 : INFO : EventManager : Event: ======'advance_capturing'====== Args={'count': 1, 'remaining': -1}
2024-09-05 18:43:17,927 : INFO : EventManager : Event: ======'slide_capturing_slide_removed'====== Args={'_from_bcp': True}
2024-09-05 18:43:17,927 : INFO : EventManager : Event: ======'slide_capturing_slide_created'====== Args={'_from_bcp': True}
2024-09-05 18:43:17,965 : INFO : SwitchController : <<<<<<< 's_left_ramp_made' inactive >>>>>>>
2024-09-05 18:43:18,317 : INFO : EventManager : Event: ======'ball_save_main_ball_save_hurry_up'====== Args={}
2024-09-05 18:43:18,928 : INFO : EventManager : Event: ======'slide_capturing_slide_removed'====== Args={'_from_bcp': True}
2024-09-05 18:43:19,183 : INFO : ball_device.bd_plunger : State: failed_confirm
2024-09-05 18:43:19,184 : INFO : ball_device.bd_plunger : Got timeout (3.0s) before confirm from <playfield.playfield>
2024-09-05 18:43:19,273 : INFO : ball_device.bd_plunger : Confirming eject because target is playfield and ball did not return.
2024-09-05 18:43:19,273 : INFO : ball_device.bd_plunger : Eject successful
2024-09-05 18:43:19,273 : INFO : EventManager : Event: ======'balldevice_bd_plunger_ball_eject_success'====== Args={'balls': 1, 'target': <playfield.playfield>}
2024-09-05 18:43:19,273 : INFO : EventManager : Event: ======'balldevice_playfield_ball_enter'====== Args={'new_balls': 1, 'unclaimed_balls': 1, 'device': <playfield.playfield>}
2024-09-05 18:43:19,273 : INFO : EventManager : Event: ======'playfield_ball_count_change'====== Args={'balls': 2, 'change': 1}
2024-09-05 18:43:19,274 : INFO : EventManager : Event: ======'balldevice_bd_plunger_ball_count_changed'====== Args={'balls': 0}
2024-09-05 18:43:19,274 : INFO : ball_device.bd_plunger : State: idle
2024-09-05 18:43:19,661 : INFO : SwitchController : <<<<<<< 's_right_ramp_made' active >>>>>>>
2024-09-05 18:43:19,661 : INFO : EventManager : Event: ======'s_right_ramp_made_active'====== Args={}
2024-09-05 18:43:19,661 : INFO : EventManager : Event: ======'sw_capture'====== Args={}
2024-09-05 18:43:19,661 : INFO : EventManager : Event: ======'machine_var_audits_switches_s_right_ramp_made'====== Args={'value': 1706, 'prev_value': 1705, 'change': 1}
2024-09-05 18:43:19,662 : INFO : EventManager : Event: ======'player_shot_lock_lit_2'====== Args={'value': 1, 'prev_value': 0, 'change': 1, 'player_num': 1}
2024-09-05 18:43:19,663 : INFO : EventManager : Event: ======'machine_var_audits_shots_lock_lit_2'====== Args={'value': 1508, 'prev_value': 1507, 'change': 1}
2024-09-05 18:43:19,663 : INFO : EventManager : Event: ======'lock_lit_2_hit'====== Args={'profile': 'lock_lit_profile', 'state': 'unlit', 'advancing': True}
2024-09-05 18:43:19,663 : INFO : EventManager : Event: ======'lock_lit_2_lock_lit_profile_hit'====== Args={'profile': 'lock_lit_profile', 'state': 'unlit', 'advancing': True}
2024-09-05 18:43:19,664 : INFO : EventManager : Event: ======'lock_lit_2_lock_lit_profile_unlit_hit'====== Args={'profile': 'lock_lit_profile', 'state': 'unlit', 'advancing': True}
2024-09-05 18:43:19,664 : INFO : EventManager : Event: ======'lock_lit_2_unlit_hit'====== Args={'profile': 'lock_lit_profile', 'state': 'unlit', 'advancing': True}
2024-09-05 18:43:19,664 : INFO : EventManager : Event: ======'lock_lits_complete'====== Args={'state': 'lit'}
2024-09-05 18:43:19,664 : INFO : EventManager : Event: ======'lock_lits_lit_complete'====== Args={}
2024-09-05 18:43:19,664 : INFO : EventManager : Event: ======'lock_lits_hit'====== Args={}
2024-09-05 18:43:19,664 : INFO : EventManager : Event: ======'lock_lits_unlit_hit'====== Args={}
2024-09-05 18:43:19,665 : INFO : state_machine.hc_multiball : Transitioning from lock_lit_state to lock_state
2024-09-05 18:43:19,665 : INFO : EventManager : Event: ======'lock_lit_stopped'====== Args={}
2024-09-05 18:43:19,665 : INFO : EventManager : Event: ======'lock_started'====== Args={}
2024-09-05 18:43:19,665 : INFO : EventManager : Event: ======'player_shot_lock_lit_1_enabled'====== Args={'value': False, 'prev_value': True, 'change': -1, 'player_num': 1}
2024-09-05 18:43:19,666 : INFO : EventManager : Event: ======'player_shot_lock_lit_2_enabled'====== Args={'value': False, 'prev_value': True, 'change': -1, 'player_num': 1}
2024-09-05 18:43:19,667 : INFO : EventManager : Event: ======'logicblock_capture_counter_updated'====== Args={'value': 0, 'enabled': True}
2024-09-05 18:43:19,667 : INFO : EventManager : Event: ======'advance_capturing'====== Args={'count': 0, 'remaining': 0}
2024-09-05 18:43:19,667 : INFO : EventManager : Event: ======'activate_capture'====== Args={}
2024-09-05 18:43:19,667 : INFO : EventManager : Event: ======'logicblock_capture_counter_updated'====== Args={'value': 6, 'enabled': True}
2024-09-05 18:43:19,668 : INFO : state_machine.global_state : Transitioning from main to capture
2024-09-05 18:43:19,668 : INFO : EventManager : Event: ======'main_state_stopped'====== Args={}
2024-09-05 18:43:19,668 : INFO : EventManager : Event: ======'capture_state'====== Args={}
2024-09-05 18:43:19,668 : INFO : EventManager : Event: ======'mode_main_play_will_stop'====== Args={}
2024-09-05 18:43:19,669 : INFO : EventManager : Event: ======'mode_main_play_stopping'====== Args={}
2024-09-05 18:43:19,669 : INFO : EventManager : Event: ======'mode_capture_will_stop'====== Args={}
2024-09-05 18:43:19,669 : INFO : EventManager : Event: ======'mode_capture_stopping'====== Args={}
2024-09-05 18:43:19,669 : INFO : EventManager : Event: ======'mode_drednaught_will_stop'====== Args={}
2024-09-05 18:43:19,669 : INFO : EventManager : Event: ======'mode_drednaught_stopping'====== Args={}
2024-09-05 18:43:19,669 : INFO : EventManager : Event: ======'stop_mode_select'====== Args={'priority': 0}
2024-09-05 18:43:19,670 : INFO : EventManager : Event: ======'turn_off_mode_lit_light'====== Args={'priority': 0}
2024-09-05 18:43:19,670 : INFO : EventManager : Event: ======'achievement_mode_1_changed_state'====== Args={'restore': False, 'state': 'disabled', 'selected': False}
2024-09-05 18:43:19,670 : INFO : EventManager : Event: ======'achievement_mode_1_state_disabled'====== Args={'restore': False, 'state': 'disabled', 'selected': False}
2024-09-05 18:43:19,671 : INFO : EventManager : Event: ======'achievement_mode_2_changed_state'====== Args={'restore': False, 'state': 'disabled', 'selected': False}
2024-09-05 18:43:19,671 : INFO : EventManager : Event: ======'achievement_mode_2_state_disabled'====== Args={'restore': False, 'state': 'disabled', 'selected': False}
2024-09-05 18:43:19,671 : INFO : EventManager : Event: ======'achievement_mode_3_changed_state'====== Args={'restore': False, 'state': 'disabled', 'selected': False}
2024-09-05 18:43:19,671 : INFO : EventManager : Event: ======'achievement_mode_3_state_disabled'====== Args={'restore': False, 'state': 'disabled', 'selected': False}
2024-09-05 18:43:19,672 : INFO : EventManager : Event: ======'achievement_mode_4_changed_state'====== Args={'restore': False, 'state': 'disabled', 'selected': False}
2024-09-05 18:43:19,672 : INFO : EventManager : Event: ======'achievement_mode_4_state_disabled'====== Args={'restore': False, 'state': 'disabled', 'selected': False}
2024-09-05 18:43:19,672 : INFO : EventManager : Event: ======'achievement_mode_5_changed_state'====== Args={'restore': False, 'state': 'disabled', 'selected': False}
2024-09-05 18:43:19,672 : INFO : EventManager : Event: ======'achievement_mode_5_state_disabled'====== Args={'restore': False, 'state': 'disabled', 'selected': False}
2024-09-05 18:43:19,673 : INFO : EventManager : Event: ======'achievement_mode_6_changed_state'====== Args={'restore': False, 'state': 'disabled', 'selected': False}
2024-09-05 18:43:19,673 : INFO : EventManager : Event: ======'achievement_mode_6_state_disabled'====== Args={'restore': False, 'state': 'disabled', 'selected': False}
2024-09-05 18:43:19,673 : INFO : EventManager : Event: ======'achievement_mode_7_changed_state'====== Args={'restore': False, 'state': 'disabled', 'selected': False}
2024-09-05 18:43:19,680 : INFO : EventManager : Event: ======'achievement_mode_7_state_disabled'====== Args={'restore': False, 'state': 'disabled', 'selected': False}
2024-09-05 18:43:19,680 : INFO : EventManager : Event: ======'achievement_mode_8_changed_state'====== Args={'restore': False, 'state': 'disabled', 'selected': False}
2024-09-05 18:43:19,680 : INFO : EventManager : Event: ======'achievement_mode_8_state_disabled'====== Args={'restore': False, 'state': 'disabled', 'selected': False}
2024-09-05 18:43:19,680 : INFO : EventManager : Event: ======'achievement_mode_9_changed_state'====== Args={'restore': False, 'state': 'disabled', 'selected': False}
2024-09-05 18:43:19,681 : INFO : EventManager : Event: ======'achievement_mode_9_state_disabled'====== Args={'restore': False, 'state': 'disabled', 'selected': False}
2024-09-05 18:43:19,681 : INFO : EventManager : Event: ======'achievement_mode_10_changed_state'====== Args={'restore': False, 'state': 'disabled', 'selected': False}
2024-09-05 18:43:19,681 : INFO : EventManager : Event: ======'achievement_mode_10_state_disabled'====== Args={'restore': False, 'state': 'disabled', 'selected': False}
2024-09-05 18:43:19,681 : INFO : EventManager : Event: ======'mode_capture_hurryup_will_start'====== Args={}
2024-09-05 18:43:19,691 : INFO : EventManager : Event: ======'mode_capture_hurryup_starting'====== Args={}
2024-09-05 18:43:19,692 : INFO : Mode.capture_hurryup : Started. Priority: 100
2024-09-05 18:43:19,692 : INFO : EventManager : Event: ======'modes_active_modes_changed'====== Args={}
2024-09-05 18:43:19,692 : INFO : EventManager : Event: ======'mode_capture_hurryup_started'====== Args={}
2024-09-05 18:43:19,692 : INFO : EventManager : Event: ======'player_capture_timer_number'====== Args={'value': 5, 'prev_value': 0, 'change': 5, 'player_num': 1}
2024-09-05 18:43:19,693 : INFO : Mode.drednaught : Stopped.
2024-09-05 18:43:19,693 : INFO : EventManager : Event: ======'modes_active_modes_changed'====== Args={}
2024-09-05 18:43:19,693 : INFO : EventManager : Event: ======'mode_drednaught_stopped'====== Args={}
2024-09-05 18:43:19,693 : INFO : EventManager : Event: ======'clear'====== Args={'key': 'drednaught'}
2024-09-05 18:43:19,694 : INFO : Mode.capture : Stopped.
2024-09-05 18:43:19,694 : INFO : EventManager : Event: ======'modes_active_modes_changed'====== Args={}
2024-09-05 18:43:19,694 : INFO : EventManager : Event: ======'mode_capture_stopped'====== Args={}
2024-09-05 18:43:19,695 : INFO : EventManager : Event: ======'clear'====== Args={'key': 'capture'}
2024-09-05 18:43:19,695 : INFO : Mode.main_play : Stopped.
2024-09-05 18:43:19,695 : INFO : EventManager : Event: ======'modes_active_modes_changed'====== Args={}
2024-09-05 18:43:19,696 : INFO : EventManager : Event: ======'mode_main_play_stopped'====== Args={}
2024-09-05 18:43:19,696 : INFO : EventManager : Event: ======'clear'====== Args={'key': 'main_play'}
2024-09-05 18:43:19,738 : INFO : EventManager : Event: ======'slide_capturing_slide_removed'====== Args={'_from_bcp': True}
2024-09-05 18:43:19,738 : INFO : EventManager : Event: ======'slide_capturing_slide_created'====== Args={'_from_bcp': True}
2024-09-05 18:43:19,739 : INFO : EventManager : Event: ======'slide_capturing_slide_removed'====== Args={'_from_bcp': True}
2024-09-05 18:43:19,752 : INFO : EventManager : Event: ======'slide_capturing_slide_6_created'====== Args={'_from_bcp': True}
2024-09-05 18:43:19,791 : INFO : SwitchController : <<<<<<< 's_right_ramp_made' inactive >>>>>>>
2024-09-05 18:43:21,302 : INFO : SwitchController : <<<<<<< 's_lock_1' active >>>>>>>
2024-09-05 18:43:21,302 : INFO : EventManager : Event: ======'sw_switch_hit'====== Args={}
2024-09-05 18:43:21,302 : INFO : EventManager : Event: ======'machine_var_audits_switches_s_lock_1'====== Args={'value': 426, 'prev_value': 425, 'change': 1}
2024-09-05 18:43:21,313 : INFO : EventManager : Event: ======'player_capture_hurryup_capture_timer_tick'====== Args={'value': 5, 'prev_value': 0, 'change': 5, 'player_num': 1}
2024-09-05 18:43:21,313 : INFO : Timer.capture_timer : Starting Timer.
2024-09-05 18:43:21,313 : INFO : EventManager : Event: ======'timer_capture_timer_started'====== Args={'ticks': 5, 'ticks_remaining': 5}
2024-09-05 18:43:21,314 : INFO : EventManager : Event: ======'timer_capture_timer_tick'====== Args={'ticks': 5, 'ticks_remaining': 5}
2024-09-05 18:43:21,328 : INFO : EventManager : Event: ======'ball_save_main_ball_save_grace_period'====== Args={}
2024-09-05 18:43:21,815 : INFO : EventManager : Event: ======'balldevice_bd_hc_lock_ball_count_changed'====== Args={'balls': 3}
2024-09-05 18:43:21,816 : INFO : ball_device.bd_hc_lock : Received unexpected ball
2024-09-05 18:43:21,816 : INFO : EventManager : Event: ======'balldevice_captured_from_playfield'====== Args={'balls': 1}
2024-09-05 18:43:21,816 : INFO : EventManager : Event: ======'sw_playfield_active'====== Args={'balls': 1}
2024-09-05 18:43:21,816 : INFO : EventManager : Event: ======'playfield_ball_count_change'====== Args={'balls': 1, 'change': -1}
2024-09-05 18:43:21,831 : INFO : EventManager : Event: ======'balldevice_bd_hc_lock_ball_enter'====== Args={'new_balls': 1, 'unclaimed_balls': 1, 'new_available_balls': 1, 'device': <ball_device.bd_hc_lock>}
2024-09-05 18:43:21,831 : INFO : EventManager : Event: ======'player_high_caliber_locked_balls'====== Args={'value': 3, 'prev_value': 2, 'change': 1, 'player_num': 1}
2024-09-05 18:43:21,832 : INFO : EventManager : Event: ======'balldevice_balls_available'====== Args={}
2024-09-05 18:43:21,832 : INFO : EventManager : Event: ======'balldevice_bd_hc_lock_ball_entered'====== Args={'new_balls': 1, 'device': <ball_device.bd_hc_lock>}
2024-09-05 18:43:21,833 : INFO : EventManager : Event: ======'multiball_lock_high_caliber_locked_ball'====== Args={'total_balls_locked': 3}
2024-09-05 18:43:21,833 : INFO : EventManager : Event: ======'multiball_lock_high_caliber_full'====== Args={'balls': 3}
2024-09-05 18:43:21,833 : INFO : EventManager : Event: ======'start_hc_multiball'====== Args={'priority': 0}
2024-09-05 18:43:21,833 : INFO : EventManager : Event: ======'player_hctotal'====== Args={'value': 0, 'prev_value': 0, 'change': 0, 'player_num': 1}
2024-09-05 18:43:21,834 : INFO : EventManager : Event: ======'balls_in_play'====== Args={'balls': 3}
2024-09-05 18:43:21,834 : INFO : ball_device.bd_hc_lock : Adding 3 ball(s) to the eject_queue with target <playfield.playfield>.
2024-09-05 18:43:21,834 : INFO : EventManager : Event: ======'balldevice_balls_available'====== Args={}
2024-09-05 18:43:21,835 : INFO : EventManager : Event: ======'balldevice_balls_available'====== Args={}
2024-09-05 18:43:21,835 : INFO : EventManager : Event: ======'balldevice_balls_available'====== Args={}
2024-09-05 18:43:21,836 : INFO : EventManager : Event: ======'multiball_high_caliber_multiball_shoot_again_ended'====== Args={}
2024-09-05 18:43:21,836 : INFO : EventManager : Event: ======'multiball_high_caliber_multiball_started'====== Args={'balls': 3}
2024-09-05 18:43:21,836 : INFO : EventManager : Event: ======'player_shot_lock_lit_1'====== Args={'value': 0, 'prev_value': 1, 'change': -1, 'player_num': 1}
2024-09-05 18:43:21,837 : INFO : EventManager : Event: ======'player_shot_lock_lit_1_enabled'====== Args={'value': True, 'prev_value': False, 'change': 1, 'player_num': 1}
2024-09-05 18:43:21,837 : INFO : EventManager : Event: ======'player_shot_lock_lit_2'====== Args={'value': 0, 'prev_value': 1, 'change': -1, 'player_num': 1}
2024-09-05 18:43:21,838 : INFO : EventManager : Event: ======'player_shot_lock_lit_2_enabled'====== Args={'value': True, 'prev_value': False, 'change': 1, 'player_num': 1}
2024-09-05 18:43:21,838 : INFO : state_machine.hc_multiball : Transitioning from lock_state to jackpot
2024-09-05 18:43:21,839 : INFO : EventManager : Event: ======'lock_stopped'====== Args={}
2024-09-05 18:43:21,839 : INFO : EventManager : Event: ======'jackpot_start'====== Args={}
2024-09-05 18:43:21,840 : INFO : EventManager : Event: ======'activate_multiball'====== Args={'priority': 0}
2024-09-05 18:43:21,841 : INFO : EventManager : Event: ======'mode_hc_multiball_will_start'====== Args={}
2024-09-05 18:43:21,841 : INFO : EventManager : Event: ======'player_shot_jackpot_1_enabled'====== Args={'value': True, 'prev_value': 0, 'change': 1, 'player_num': 1}
2024-09-05 18:43:21,841 : INFO : EventManager : Event: ======'player_shot_jackpot_2_enabled'====== Args={'value': True, 'prev_value': 0, 'change': 1, 'player_num': 1}
2024-09-05 18:43:21,842 : INFO : EventManager : Event: ======'player_shot_jackpot_3_enabled'====== Args={'value': True, 'prev_value': 0, 'change': 1, 'player_num': 1}
2024-09-05 18:43:21,843 : INFO : EventManager : Event: ======'player_shot_jackpot_4_enabled'====== Args={'value': True, 'prev_value': 0, 'change': 1, 'player_num': 1}
2024-09-05 18:43:21,843 : INFO : EventManager : Event: ======'player_shot_jackpot_5_enabled'====== Args={'value': True, 'prev_value': 0, 'change': 1, 'player_num': 1}
2024-09-05 18:43:21,844 : INFO : EventManager : Event: ======'player_shot_jackpot_6_enabled'====== Args={'value': True, 'prev_value': 0, 'change': 1, 'player_num': 1}
2024-09-05 18:43:21,844 : INFO : EventManager : Event: ======'jackpots_complete'====== Args={'state': 'unlit'}
2024-09-05 18:43:21,844 : INFO : EventManager : Event: ======'jackpots_unlit_complete'====== Args={}
2024-09-05 18:43:21,852 : INFO : EventManager : Event: ======'mode_hc_multiball_starting'====== Args={}
2024-09-05 18:43:21,852 : INFO : EventManager : Event: ======'player_high_caliber_locked_balls'====== Args={'value': 0, 'prev_value': 3, 'change': -3, 'player_num': 1}
2024-09-05 18:43:21,853 : INFO : EventManager : Event: ======'player_addaball_lit'====== Args={'value': 1, 'prev_value': 0, 'change': 1, 'player_num': 1}
2024-09-05 18:43:21,853 : INFO : EventManager : Event: ======'ball_save_multiball_ball_save_enabled'====== Args={}
2024-09-05 18:43:21,854 : INFO : EventManager : Event: ======'ball_save_main_ball_save_disabled'====== Args={}
2024-09-05 18:43:21,854 : INFO : state_machine.global_multiball : Transitioning from inactive to active
2024-09-05 18:43:21,868 : INFO : EventManager : Event: ======'multiball_active'====== Args={}
2024-09-05 18:43:21,869 : INFO : EventManager : Event: ======'ball_save_multiball_ball_save_timer_start'====== Args={}
2024-09-05 18:43:21,869 : INFO : EventManager : Event: ======'mode_hc_lock_lit_will_stop'====== Args={}
2024-09-05 18:43:21,870 : INFO : EventManager : Event: ======'mode_hc_lock_lit_stopping'====== Args={}
2024-09-05 18:43:21,870 : INFO : EventManager : Event: ======'logicblock_battle_counter_updated'====== Args={'value': 5, 'enabled': False}
2024-09-05 18:43:21,870 : INFO : Mode.hc_lock_lit : Stopped.
2024-09-05 18:43:21,870 : INFO : EventManager : Event: ======'modes_active_modes_changed'====== Args={}
2024-09-05 18:43:21,870 : INFO : EventManager : Event: ======'mode_hc_lock_lit_stopped'====== Args={}
2024-09-05 18:43:21,871 : INFO : EventManager : Event: ======'clear'====== Args={'key': 'hc_lock_lit'}
2024-09-05 18:43:21,872 : INFO : EventManager : Event: ======'logicblock_hc_secondary_updated'====== Args={'value': 0, 'enabled': True}
2024-09-05 18:43:21,872 : INFO : EventManager : Event: ======'logicblock_hc_secondary_updated'====== Args={'value': 0, 'enabled': True}
2024-09-05 18:43:21,873 : INFO : Mode.hc_multiball : Started. Priority: 300
2024-09-05 18:43:21,873 : INFO : EventManager : Event: ======'modes_active_modes_changed'====== Args={}
2024-09-05 18:43:21,873 : INFO : EventManager : Event: ======'mode_hc_multiball_started'====== Args={}
2024-09-05 18:43:21,890 : INFO : ball_device.bd_hc_lock : State: waiting_for_target_ready
2024-09-05 18:43:21,890 : INFO : EventManager : Event: ======'balldevice_bd_hc_lock_ball_eject_attempt'====== Args={'balls': 1, 'target': <playfield.playfield>, 'source': <ball_device.bd_hc_lock>, 'mechanical_eject': False, 'num_attempts': 0}
2024-09-05 18:43:21,891 : INFO : ball_device.bd_hc_lock : State: ejecting
2024-09-05 18:43:21,891 : INFO : ball_device.bd_hc_lock : Ejecting ball to <playfield.playfield>
2024-09-05 18:43:21,891 : INFO : EventManager : Event: ======'balldevice_bd_hc_lock_ejecting_ball'====== Args={'balls': 1, 'target': <playfield.playfield>, 'source': <ball_device.bd_hc_lock>, 'mechanical_eject': False, 'num_attempts': 0}
2024-09-05 18:43:21,905 : INFO : ball_device.bd_hc_lock : Wait for ball to leave device
2024-09-05 18:43:21,905 : INFO : coil.c_lock_eject : Pulsing Driver for 10ms (1.0 pulse_power)
2024-09-05 18:43:21,906 : INFO : SwitchController : <<<<<<< 's_lock_1' inactive >>>>>>>
2024-09-05 18:43:21,918 : INFO : ball_device.bd_hc_lock : State: ball_left
2024-09-05 18:43:21,918 : INFO : ball_device.bd_hc_lock : Ball left
2024-09-05 18:43:21,919 : INFO : ball_device.bd_hc_lock : Wait for confirm with timeout 3.0
2024-09-05 18:43:22,044 : INFO : EventManager : Event: ======'slide_high_caliber_slide_created'====== Args={'_from_bcp': True}
2024-09-05 18:43:22,053 : INFO : EventManager : Event: ======'slide_high_caliber_slide_active'====== Args={'_from_bcp': True}
2024-09-05 18:43:22,298 : INFO : EventManager : Event: ======'player_capture_hurryup_capture_timer_tick'====== Args={'value': 4, 'prev_value': 5, 'change': -1, 'player_num': 1}
2024-09-05 18:43:22,299 : INFO : EventManager : Event: ======'timer_capture_timer_tick'====== Args={'ticks': 4, 'ticks_remaining': 4}
2024-09-05 18:43:22,299 : INFO : EventManager : Event: ======'player_capture_timer_number'====== Args={'value': 4, 'prev_value': 5, 'change': -1, 'player_num': 1}
2024-09-05 18:43:23,299 : INFO : EventManager : Event: ======'player_capture_hurryup_capture_timer_tick'====== Args={'value': 3, 'prev_value': 4, 'change': -1, 'player_num': 1}
2024-09-05 18:43:23,300 : INFO : EventManager : Event: ======'timer_capture_timer_tick'====== Args={'ticks': 3, 'ticks_remaining': 3}
2024-09-05 18:43:23,300 : INFO : EventManager : Event: ======'player_capture_timer_number'====== Args={'value': 3, 'prev_value': 4, 'change': -1, 'player_num': 1}
2024-09-05 18:43:24,299 : INFO : EventManager : Event: ======'player_capture_hurryup_capture_timer_tick'====== Args={'value': 2, 'prev_value': 3, 'change': -1, 'player_num': 1}
2024-09-05 18:43:24,299 : INFO : EventManager : Event: ======'timer_capture_timer_tick'====== Args={'ticks': 2, 'ticks_remaining': 2}
2024-09-05 18:43:24,300 : INFO : EventManager : Event: ======'player_capture_timer_number'====== Args={'value': 2, 'prev_value': 3, 'change': -1, 'player_num': 1}
2024-09-05 18:43:24,900 : INFO : ball_device.bd_hc_lock : State: failed_confirm
2024-09-05 18:43:24,900 : INFO : ball_device.bd_hc_lock : Got timeout (3.0s) before confirm from <playfield.playfield>
2024-09-05 18:43:25,000 : INFO : ball_device.bd_hc_lock : Confirming eject because target is playfield and ball did not return.
2024-09-05 18:43:25,000 : INFO : ball_device.bd_hc_lock : Eject successful
2024-09-05 18:43:25,000 : INFO : EventManager : Event: ======'balldevice_bd_hc_lock_ball_eject_success'====== Args={'balls': 1, 'target': <playfield.playfield>}
2024-09-05 18:43:25,013 : INFO : EventManager : Event: ======'balldevice_playfield_ball_enter'====== Args={'new_balls': 1, 'unclaimed_balls': 1, 'device': <playfield.playfield>}
2024-09-05 18:43:25,013 : INFO : EventManager : Event: ======'playfield_ball_count_change'====== Args={'balls': 2, 'change': 1}
2024-09-05 18:43:25,014 : INFO : EventManager : Event: ======'balldevice_bd_hc_lock_ball_count_changed'====== Args={'balls': 2}
2024-09-05 18:43:25,014 : INFO : ball_device.bd_hc_lock : State: idle
2024-09-05 18:43:25,015 : INFO : ball_device.bd_hc_lock : State: waiting_for_target_ready
2024-09-05 18:43:25,015 : INFO : EventManager : Event: ======'balldevice_bd_hc_lock_ball_eject_attempt'====== Args={'balls': 1, 'target': <playfield.playfield>, 'source': <ball_device.bd_hc_lock>, 'mechanical_eject': False, 'num_attempts': 0}
2024-09-05 18:43:25,016 : INFO : ball_device.bd_hc_lock : State: ejecting
2024-09-05 18:43:25,016 : INFO : ball_device.bd_hc_lock : Ejecting ball to <playfield.playfield>
2024-09-05 18:43:25,016 : INFO : EventManager : Event: ======'balldevice_bd_hc_lock_ejecting_ball'====== Args={'balls': 1, 'target': <playfield.playfield>, 'source': <ball_device.bd_hc_lock>, 'mechanical_eject': False, 'num_attempts': 0}
2024-09-05 18:43:25,018 : INFO : ball_device.bd_hc_lock : Wait for ball to leave device
2024-09-05 18:43:25,018 : INFO : coil.c_lock_eject : Pulsing Driver for 10ms (1.0 pulse_power)
2024-09-05 18:43:25,018 : INFO : SwitchController : <<<<<<< 's_lock_2' inactive >>>>>>>
2024-09-05 18:43:25,047 : INFO : ball_device.bd_hc_lock : State: ball_left
2024-09-05 18:43:25,047 : INFO : ball_device.bd_hc_lock : Ball left
2024-09-05 18:43:25,047 : INFO : ball_device.bd_hc_lock : Wait for confirm with timeout 3.0
2024-09-05 18:43:25,298 : INFO : EventManager : Event: ======'player_capture_hurryup_capture_timer_tick'====== Args={'value': 1, 'prev_value': 2, 'change': -1, 'player_num': 1}
2024-09-05 18:43:25,312 : INFO : EventManager : Event: ======'timer_capture_timer_tick'====== Args={'ticks': 1, 'ticks_remaining': 1}
2024-09-05 18:43:25,313 : INFO : EventManager : Event: ======'player_capture_timer_number'====== Args={'value': 1, 'prev_value': 2, 'change': -1, 'player_num': 1}
2024-09-05 18:43:26,301 : INFO : EventManager : Event: ======'player_capture_hurryup_capture_timer_tick'====== Args={'value': 0, 'prev_value': 1, 'change': -1, 'player_num': 1}
2024-09-05 18:43:26,301 : INFO : Timer.capture_timer : Timer Complete
2024-09-05 18:43:26,301 : INFO : Timer.capture_timer : Stopping Timer
2024-09-05 18:43:26,302 : INFO : EventManager : Event: ======'timer_capture_timer_stopped'====== Args={'ticks': 0, 'ticks_remaining': 1}
2024-09-05 18:43:26,302 : INFO : EventManager : Event: ======'timer_capture_timer_complete'====== Args={'ticks': 0, 'ticks_remaining': 1}
2024-09-05 18:43:26,302 : INFO : EventManager : Event: ======'player_capture_timer_number'====== Args={'value': 0, 'prev_value': 1, 'change': -1, 'player_num': 1}
2024-09-05 18:43:28,032 : INFO : ball_device.bd_hc_lock : State: failed_confirm
2024-09-05 18:43:28,032 : INFO : ball_device.bd_hc_lock : Got timeout (3.0s) before confirm from <playfield.playfield>
2024-09-05 18:43:28,132 : INFO : ball_device.bd_hc_lock : Confirming eject because target is playfield and ball did not return.
2024-09-05 18:43:28,132 : INFO : ball_device.bd_hc_lock : Eject successful
2024-09-05 18:43:28,132 : INFO : EventManager : Event: ======'balldevice_bd_hc_lock_ball_eject_success'====== Args={'balls': 1, 'target': <playfield.playfield>}
2024-09-05 18:43:28,132 : INFO : EventManager : Event: ======'balldevice_playfield_ball_enter'====== Args={'new_balls': 1, 'unclaimed_balls': 1, 'device': <playfield.playfield>}
2024-09-05 18:43:28,132 : INFO : EventManager : Event: ======'playfield_ball_count_change'====== Args={'balls': 3, 'change': 1}
2024-09-05 18:43:28,133 : INFO : EventManager : Event: ======'balldevice_bd_hc_lock_ball_count_changed'====== Args={'balls': 1}
2024-09-05 18:43:28,133 : INFO : ball_device.bd_hc_lock : State: idle
2024-09-05 18:43:28,134 : INFO : ball_device.bd_hc_lock : State: waiting_for_target_ready
2024-09-05 18:43:28,134 : INFO : EventManager : Event: ======'balldevice_bd_hc_lock_ball_eject_attempt'====== Args={'balls': 1, 'target': <playfield.playfield>, 'source': <ball_device.bd_hc_lock>, 'mechanical_eject': False, 'num_attempts': 0}
2024-09-05 18:43:28,134 : INFO : ball_device.bd_hc_lock : State: ejecting
2024-09-05 18:43:28,134 : INFO : ball_device.bd_hc_lock : Ejecting ball to <playfield.playfield>
2024-09-05 18:43:28,134 : INFO : EventManager : Event: ======'balldevice_bd_hc_lock_ejecting_ball'====== Args={'balls': 1, 'target': <playfield.playfield>, 'source': <ball_device.bd_hc_lock>, 'mechanical_eject': False, 'num_attempts': 0}
2024-09-05 18:43:28,135 : INFO : ball_device.bd_hc_lock : Wait for ball to leave device
2024-09-05 18:43:28,135 : INFO : coil.c_lock_eject : Pulsing Driver for 10ms (1.0 pulse_power)
2024-09-05 18:43:28,135 : INFO : SwitchController : <<<<<<< 's_lock_3' inactive >>>>>>>
2024-09-05 18:43:28,147 : INFO : ball_device.bd_hc_lock : State: ball_left
2024-09-05 18:43:28,147 : INFO : ball_device.bd_hc_lock : Ball left
2024-09-05 18:43:28,148 : INFO : ball_device.bd_hc_lock : Wait for confirm with timeout 3.0
2024-09-05 18:43:28,744 : INFO : SwitchController : <<<<<<< 's_left_ramp_made' active >>>>>>>
2024-09-05 18:43:28,744 : INFO : EventManager : Event: ======'s_left_ramp_made_active'====== Args={}
2024-09-05 18:43:28,744 : INFO : EventManager : Event: ======'sw_switch_hit'====== Args={}
2024-09-05 18:43:28,744 : INFO : EventManager : Event: ======'machine_var_audits_switches_s_left_ramp_made'====== Args={'value': 2000, 'prev_value': 1999, 'change': 1}
2024-09-05 18:43:28,755 : INFO : EventManager : Event: ======'player_shot_jackpot_2'====== Args={'value': 1, 'prev_value': 0, 'change': 1, 'player_num': 1}
2024-09-05 18:43:28,756 : INFO : EventManager : Event: ======'machine_var_audits_shots_jackpot_2'====== Args={'value': 107, 'prev_value': 106, 'change': 1}
2024-09-05 18:43:28,757 : INFO : EventManager : Event: ======'jackpot_2_hit'====== Args={'profile': 'jackpot_profile', 'state': 'unlit', 'advancing': True}
2024-09-05 18:43:28,757 : INFO : EventManager : Event: ======'jackpot_2_jackpot_profile_hit'====== Args={'profile': 'jackpot_profile', 'state': 'unlit', 'advancing': True}
2024-09-05 18:43:28,757 : INFO : EventManager : Event: ======'jackpot_2_jackpot_profile_unlit_hit'====== Args={'profile': 'jackpot_profile', 'state': 'unlit', 'advancing': True}
2024-09-05 18:43:28,757 : INFO : EventManager : Event: ======'jackpot_2_unlit_hit'====== Args={'profile': 'jackpot_profile', 'state': 'unlit', 'advancing': True}
2024-09-05 18:43:28,758 : INFO : EventManager : Event: ======'jackpots_hit'====== Args={}
2024-09-05 18:43:28,758 : INFO : EventManager : Event: ======'jackpots_unlit_hit'====== Args={}
2024-09-05 18:43:28,758 : INFO : EventManager : Event: ======'player_score'====== Args={'value': 20000000, 'prev_value': 0, 'change': 20000000, 'player_num': 1}
2024-09-05 18:43:28,758 : INFO : EventManager : Event: ======'player_hctotal'====== Args={'value': 20000000, 'prev_value': 0, 'change': 20000000, 'player_num': 1}
2024-09-05 18:43:28,760 : INFO : EventManager : Event: ======'logicblock_hc_secondary_updated'====== Args={'value': 1, 'enabled': True}
2024-09-05 18:43:28,760 : INFO : EventManager : Event: ======'counter_hc_secondary_hit'====== Args={'count': 1, 'remaining': 2}
2024-09-05 18:43:28,760 : INFO : EventManager : Event: ======'logicblock_hc_secondary_hit'====== Args={'count': 1, 'remaining': 2}
2024-09-05 18:43:28,760 : INFO : EventManager : Event: ======'player_capture_hurryup_capture_timer_tick'====== Args={'value': 5, 'prev_value': 0, 'change': 5, 'player_num': 1}
2024-09-05 18:43:28,761 : INFO : Timer.capture_timer : Starting Timer.
2024-09-05 18:43:28,761 : INFO : EventManager : Event: ======'timer_capture_timer_started'====== Args={'ticks': 5, 'ticks_remaining': 5}
2024-09-05 18:43:28,761 : INFO : EventManager : Event: ======'timer_capture_timer_tick'====== Args={'ticks': 5, 'ticks_remaining': 5}
2024-09-05 18:43:28,761 : INFO : EventManager : Event: ======'player_capture_timer_number'====== Args={'value': 5, 'prev_value': 0, 'change': 5, 'player_num': 1}
2024-09-05 18:43:28,849 : INFO : EventManager : Event: ======'ball_save_multiball_ball_save_hurry_up'====== Args={}
2024-09-05 18:43:28,850 : INFO : SwitchController : <<<<<<< 's_left_ramp_made' inactive >>>>>>>
2024-09-05 18:43:29,768 : INFO : EventManager : Event: ======'player_capture_hurryup_capture_timer_tick'====== Args={'value': 4, 'prev_value': 5, 'change': -1, 'player_num': 1}
2024-09-05 18:43:29,783 : INFO : EventManager : Event: ======'timer_capture_timer_tick'====== Args={'ticks': 4, 'ticks_remaining': 4}
2024-09-05 18:43:29,792 : INFO : EventManager : Event: ======'player_capture_timer_number'====== Args={'value': 4, 'prev_value': 5, 'change': -1, 'player_num': 1}
2024-09-05 18:43:30,763 : INFO : EventManager : Event: ======'jackpot_2_text_removed'====== Args={'priority': 0}
2024-09-05 18:43:30,763 : INFO : EventManager : Event: ======'player_capture_hurryup_capture_timer_tick'====== Args={'value': 3, 'prev_value': 4, 'change': -1, 'player_num': 1}
2024-09-05 18:43:30,764 : INFO : EventManager : Event: ======'timer_capture_timer_tick'====== Args={'ticks': 3, 'ticks_remaining': 3}
2024-09-05 18:43:30,764 : INFO : EventManager : Event: ======'jackpot_text_remove'====== Args={'priority': 0}
2024-09-05 18:43:30,764 : INFO : EventManager : Event: ======'player_capture_timer_number'====== Args={'value': 3, 'prev_value': 4, 'change': -1, 'player_num': 1}
2024-09-05 18:43:31,165 : INFO : ball_device.bd_hc_lock : State: failed_confirm
2024-09-05 18:43:31,165 : INFO : ball_device.bd_hc_lock : Got timeout (3.0s) before confirm from <playfield.playfield>
2024-09-05 18:43:31,279 : INFO : ball_device.bd_hc_lock : Confirming eject because target is playfield and ball did not return.
2024-09-05 18:43:31,279 : INFO : ball_device.bd_hc_lock : Eject successful
2024-09-05 18:43:31,279 : INFO : EventManager : Event: ======'balldevice_bd_hc_lock_ball_eject_success'====== Args={'balls': 1, 'target': <playfield.playfield>}
2024-09-05 18:43:31,280 : INFO : EventManager : Event: ======'balldevice_playfield_ball_enter'====== Args={'new_balls': 1, 'unclaimed_balls': 1, 'device': <playfield.playfield>}
2024-09-05 18:43:31,280 : INFO : EventManager : Event: ======'playfield_ball_count_change'====== Args={'balls': 4, 'change': 1}
2024-09-05 18:43:31,281 : INFO : EventManager : Event: ======'balldevice_bd_hc_lock_ball_count_changed'====== Args={'balls': 0}
2024-09-05 18:43:31,281 : INFO : ball_device.bd_hc_lock : State: idle
2024-09-05 18:43:31,758 : INFO : EventManager : Event: ======'player_capture_hurryup_capture_timer_tick'====== Args={'value': 2, 'prev_value': 3, 'change': -1, 'player_num': 1}
2024-09-05 18:43:31,758 : INFO : EventManager : Event: ======'timer_capture_timer_tick'====== Args={'ticks': 2, 'ticks_remaining': 2}
2024-09-05 18:43:31,759 : INFO : EventManager : Event: ======'player_capture_timer_number'====== Args={'value': 2, 'prev_value': 3, 'change': -1, 'player_num': 1}
2024-09-05 18:43:31,851 : INFO : EventManager : Event: ======'ball_save_multiball_ball_save_grace_period'====== Args={}
2024-09-05 18:43:32,765 : INFO : EventManager : Event: ======'player_capture_hurryup_capture_timer_tick'====== Args={'value': 1, 'prev_value': 2, 'change': -1, 'player_num': 1}
2024-09-05 18:43:32,766 : INFO : EventManager : Event: ======'timer_capture_timer_tick'====== Args={'ticks': 1, 'ticks_remaining': 1}
2024-09-05 18:43:32,766 : INFO : EventManager : Event: ======'player_capture_timer_number'====== Args={'value': 1, 'prev_value': 2, 'change': -1, 'player_num': 1}
2024-09-05 18:43:32,817 : INFO : SwitchController : <<<<<<< 's_side_ramp_made' active >>>>>>>
2024-09-05 18:43:32,817 : INFO : EventManager : Event: ======'s_side_ramp_made_active'====== Args={}
2024-09-05 18:43:32,818 : INFO : EventManager : Event: ======'sw_switch_hit'====== Args={}
2024-09-05 18:43:32,818 : INFO : EventManager : Event: ======'machine_var_audits_switches_s_side_ramp_made'====== Args={'value': 1128, 'prev_value': 1127, 'change': 1}
2024-09-05 18:43:32,843 : INFO : EventManager : Event: ======'spot_triple_jackpot'====== Args={'priority': 0}
2024-09-05 18:43:32,843 : INFO : EventManager : Event: ======'award_triple_jackpot'====== Args={'priority': 0}
2024-09-05 18:43:32,844 : INFO : EventManager : Event: ======'spot_multiple_jackpot_sfx'====== Args={'priority': 0}
2024-09-05 18:43:32,844 : INFO : EventManager : Event: ======'spot_triple_jackpot_6_scan'====== Args={}
2024-09-05 18:43:32,844 : INFO : EventManager : Event: ======'spot_multiple_jackpot_sfx_1'====== Args={}
2024-09-05 18:43:32,845 : INFO : EventManager : Event: ======'spot_triple_jackpot_6'====== Args={'priority': 0}
2024-09-05 18:43:32,845 : INFO : EventManager : Event: ======'overridejackpot'====== Args={'priority': 0}
2024-09-05 18:43:32,845 : INFO : EventManager : Event: ======'player_shot_jackpot_6'====== Args={'value': 1, 'prev_value': 0, 'change': 1, 'player_num': 1}
2024-09-05 18:43:32,846 : INFO : EventManager : Event: ======'player_score'====== Args={'value': 80000000, 'prev_value': 20000000, 'change': 60000000, 'player_num': 1}
2024-09-05 18:43:32,847 : INFO : EventManager : Event: ======'player_hctotal'====== Args={'value': 80000000, 'prev_value': 20000000, 'change': 60000000, 'player_num': 1}
2024-09-05 18:43:32,848 : INFO : EventManager : Event: ======'logicblock_hc_secondary_updated'====== Args={'value': 2, 'enabled': True}
2024-09-05 18:43:32,848 : INFO : EventManager : Event: ======'counter_hc_secondary_hit'====== Args={'count': 2, 'remaining': 1}
2024-09-05 18:43:32,848 : INFO : EventManager : Event: ======'logicblock_hc_secondary_hit'====== Args={'count': 2, 'remaining': 1}
2024-09-05 18:43:32,848 : INFO : EventManager : Event: ======'player_capture_hurryup_capture_timer_tick'====== Args={'value': 5, 'prev_value': 1, 'change': 4, 'player_num': 1}
2024-09-05 18:43:32,848 : INFO : EventManager : Event: ======'player_capture_timer_number'====== Args={'value': 5, 'prev_value': 1, 'change': 4, 'player_num': 1}
2024-09-05 18:43:32,862 : INFO : SwitchController : <<<<<<< 's_side_ramp_made' inactive >>>>>>>
2024-09-05 18:43:33,870 : INFO : EventManager : Event: ======'remove_hc_6'====== Args={'priority': 0}
2024-09-05 18:43:33,870 : INFO : EventManager : Event: ======'player_capture_hurryup_capture_timer_tick'====== Args={'value': 4, 'prev_value': 5, 'change': -1, 'player_num': 1}
2024-09-05 18:43:33,870 : INFO : EventManager : Event: ======'timer_capture_timer_tick'====== Args={'ticks': 4, 'ticks_remaining': 4}
2024-09-05 18:43:33,872 : INFO : EventManager : Event: ======'player_capture_timer_number'====== Args={'value': 4, 'prev_value': 5, 'change': -1, 'player_num': 1}
2024-09-05 18:43:34,865 : INFO : EventManager : Event: ======'player_capture_hurryup_capture_timer_tick'====== Args={'value': 3, 'prev_value': 4, 'change': -1, 'player_num': 1}
2024-09-05 18:43:34,866 : INFO : EventManager : Event: ======'timer_capture_timer_tick'====== Args={'ticks': 3, 'ticks_remaining': 3}
2024-09-05 18:43:34,867 : INFO : EventManager : Event: ======'ball_save_multiball_ball_save_disabled'====== Args={}
2024-09-05 18:43:34,867 : INFO : EventManager : Event: ======'player_capture_timer_number'====== Args={'value': 3, 'prev_value': 4, 'change': -1, 'player_num': 1}
2024-09-05 18:43:35,035 : INFO : EventManager : Event: ======'jackpot_6_text_removed'====== Args={'priority': 0}
2024-09-05 18:43:35,036 : INFO : EventManager : Event: ======'jackpot_text_remove'====== Args={'priority': 0}
2024-09-05 18:43:35,848 : INFO : EventManager : Event: ======'player_capture_hurryup_capture_timer_tick'====== Args={'value': 2, 'prev_value': 3, 'change': -1, 'player_num': 1}
2024-09-05 18:43:35,849 : INFO : EventManager : Event: ======'timer_capture_timer_tick'====== Args={'ticks': 2, 'ticks_remaining': 2}
2024-09-05 18:43:35,849 : INFO : EventManager : Event: ======'player_capture_timer_number'====== Args={'value': 2, 'prev_value': 3, 'change': -1, 'player_num': 1}
2024-09-05 18:43:36,875 : INFO : EventManager : Event: ======'player_capture_hurryup_capture_timer_tick'====== Args={'value': 1, 'prev_value': 2, 'change': -1, 'player_num': 1}
2024-09-05 18:43:36,875 : INFO : EventManager : Event: ======'timer_capture_timer_tick'====== Args={'ticks': 1, 'ticks_remaining': 1}
2024-09-05 18:43:36,876 : INFO : EventManager : Event: ======'player_capture_timer_number'====== Args={'value': 1, 'prev_value': 2, 'change': -1, 'player_num': 1}
2024-09-05 18:43:37,863 : INFO : EventManager : Event: ======'player_capture_hurryup_capture_timer_tick'====== Args={'value': 0, 'prev_value': 1, 'change': -1, 'player_num': 1}
2024-09-05 18:43:37,863 : INFO : Timer.capture_timer : Timer Complete
2024-09-05 18:43:37,863 : INFO : Timer.capture_timer : Stopping Timer
2024-09-05 18:43:37,864 : INFO : EventManager : Event: ======'timer_capture_timer_stopped'====== Args={'ticks': 0, 'ticks_remaining': 1}
2024-09-05 18:43:37,864 : INFO : EventManager : Event: ======'timer_capture_timer_complete'====== Args={'ticks': 0, 'ticks_remaining': 1}
2024-09-05 18:43:37,864 : INFO : EventManager : Event: ======'player_capture_timer_number'====== Args={'value': 0, 'prev_value': 1, 'change': -1, 'player_num': 1}
2024-09-05 18:43:41,649 : INFO : SwitchController : <<<<<<< 's_side_ramp_made' active >>>>>>>
2024-09-05 18:43:41,649 : INFO : EventManager : Event: ======'s_side_ramp_made_active'====== Args={}
2024-09-05 18:43:41,650 : INFO : EventManager : Event: ======'sw_switch_hit'====== Args={}
2024-09-05 18:43:41,650 : INFO : EventManager : Event: ======'machine_var_audits_switches_s_side_ramp_made'====== Args={'value': 1129, 'prev_value': 1128, 'change': 1}
2024-09-05 18:43:41,651 : INFO : EventManager : Event: ======'spot_triple_jackpot'====== Args={'priority': 0}
2024-09-05 18:43:41,651 : INFO : EventManager : Event: ======'award_triple_jackpot'====== Args={'priority': 0}
2024-09-05 18:43:41,651 : INFO : EventManager : Event: ======'spot_multiple_jackpot_sfx'====== Args={'priority': 0}
2024-09-05 18:43:41,651 : INFO : EventManager : Event: ======'spot_triple_jackpot_2_scan'====== Args={}
2024-09-05 18:43:41,659 : INFO : EventManager : Event: ======'spot_multiple_jackpot_sfx_2'====== Args={}
2024-09-05 18:43:41,676 : INFO : EventManager : Event: ======'spot_triple_jackpot'====== Args={'priority': 0}
2024-09-05 18:43:41,677 : INFO : EventManager : Event: ======'spot_multiple_jackpot_sfx'====== Args={'priority': 0}
2024-09-05 18:43:41,677 : INFO : EventManager : Event: ======'spot_triple_jackpot_1_scan'====== Args={}
2024-09-05 18:43:41,677 : INFO : EventManager : Event: ======'spot_multiple_jackpot_sfx_3'====== Args={}
2024-09-05 18:43:41,678 : INFO : EventManager : Event: ======'spot_triple_jackpot_1'====== Args={'priority': 0}
2024-09-05 18:43:41,678 : INFO : EventManager : Event: ======'overridejackpot'====== Args={'priority': 0}
2024-09-05 18:43:41,678 : INFO : EventManager : Event: ======'player_shot_jackpot_1'====== Args={'value': 1, 'prev_value': 0, 'change': 1, 'player_num': 1}
2024-09-05 18:43:41,679 : INFO : EventManager : Event: ======'player_score'====== Args={'value': 140000000, 'prev_value': 80000000, 'change': 60000000, 'player_num': 1}
2024-09-05 18:43:41,679 : INFO : EventManager : Event: ======'player_hctotal'====== Args={'value': 140000000, 'prev_value': 80000000, 'change': 60000000, 'player_num': 1}
2024-09-05 18:43:41,681 : INFO : EventManager : Event: ======'logicblock_hc_secondary_updated'====== Args={'value': 3, 'enabled': True}
2024-09-05 18:43:41,681 : INFO : EventManager : Event: ======'counter_hc_secondary_hit'====== Args={'count': 3, 'remaining': 0}
2024-09-05 18:43:41,681 : INFO : EventManager : Event: ======'logicblock_hc_secondary_hit'====== Args={'count': 3, 'remaining': 0}
2024-09-05 18:43:41,681 : INFO : EventManager : Event: ======'logicblock_hc_secondary_complete'====== Args={}
2024-09-05 18:43:41,681 : INFO : EventManager : Event: ======'logicblock_hc_secondary_updated'====== Args={'value': 0, 'enabled': True}
2024-09-05 18:43:41,682 : INFO : EventManager : Event: ======'player_capture_hurryup_capture_timer_tick'====== Args={'value': 5, 'prev_value': 0, 'change': 5, 'player_num': 1}
2024-09-05 18:43:41,682 : INFO : Timer.capture_timer : Starting Timer.
2024-09-05 18:43:41,682 : INFO : EventManager : Event: ======'timer_capture_timer_started'====== Args={'ticks': 5, 'ticks_remaining': 5}
2024-09-05 18:43:41,683 : INFO : EventManager : Event: ======'timer_capture_timer_tick'====== Args={'ticks': 5, 'ticks_remaining': 5}
2024-09-05 18:43:41,683 : INFO : EventManager : Event: ======'hc_sc_6'====== Args={}
2024-09-05 18:43:41,683 : INFO : EventManager : Event: ======'player_capture_timer_number'====== Args={'value': 5, 'prev_value': 0, 'change': 5, 'player_num': 1}
2024-09-05 18:43:41,715 : INFO : SwitchController : <<<<<<< 's_side_ramp_made' inactive >>>>>>>
2024-09-05 18:43:42,674 : INFO : EventManager : Event: ======'player_capture_hurryup_capture_timer_tick'====== Args={'value': 4, 'prev_value': 5, 'change': -1, 'player_num': 1}
2024-09-05 18:43:42,674 : INFO : EventManager : Event: ======'timer_capture_timer_tick'====== Args={'ticks': 4, 'ticks_remaining': 4}
2024-09-05 18:43:42,675 : INFO : EventManager : Event: ======'remove_hc_1'====== Args={'priority': 0}
2024-09-05 18:43:42,675 : INFO : EventManager : Event: ======'player_capture_timer_number'====== Args={'value': 4, 'prev_value': 5, 'change': -1, 'player_num': 1}
2024-09-05 18:43:43,679 : INFO : EventManager : Event: ======'player_capture_hurryup_capture_timer_tick'====== Args={'value': 3, 'prev_value': 4, 'change': -1, 'player_num': 1}
2024-09-05 18:43:43,679 : INFO : EventManager : Event: ======'timer_capture_timer_tick'====== Args={'ticks': 3, 'ticks_remaining': 3}
2024-09-05 18:43:43,680 : INFO : EventManager : Event: ======'player_capture_timer_number'====== Args={'value': 3, 'prev_value': 4, 'change': -1, 'player_num': 1}
2024-09-05 18:43:43,870 : INFO : EventManager : Event: ======'jackpot_1_text_removed'====== Args={'priority': 0}
2024-09-05 18:43:43,870 : INFO : EventManager : Event: ======'jackpot_text_remove'====== Args={'priority': 0}
2024-09-05 18:43:44,709 : INFO : EventManager : Event: ======'player_capture_hurryup_capture_timer_tick'====== Args={'value': 2, 'prev_value': 3, 'change': -1, 'player_num': 1}
2024-09-05 18:43:44,709 : INFO : EventManager : Event: ======'timer_capture_timer_tick'====== Args={'ticks': 2, 'ticks_remaining': 2}
2024-09-05 18:43:44,709 : INFO : EventManager : Event: ======'player_capture_timer_number'====== Args={'value': 2, 'prev_value': 3, 'change': -1, 'player_num': 1}
2024-09-05 18:43:45,697 : INFO : EventManager : Event: ======'player_capture_hurryup_capture_timer_tick'====== Args={'value': 1, 'prev_value': 2, 'change': -1, 'player_num': 1}
2024-09-05 18:43:45,697 : INFO : EventManager : Event: ======'timer_capture_timer_tick'====== Args={'ticks': 1, 'ticks_remaining': 1}
2024-09-05 18:43:45,698 : INFO : EventManager : Event: ======'player_capture_timer_number'====== Args={'value': 1, 'prev_value': 2, 'change': -1, 'player_num': 1}
2024-09-05 18:43:46,654 : INFO : SwitchController : <<<<<<< 's_side_hole' active >>>>>>>
2024-09-05 18:43:46,654 : INFO : EventManager : Event: ======'s_side_hole_active'====== Args={}
2024-09-05 18:43:46,654 : INFO : EventManager : Event: ======'sw_switch_hit'====== Args={}
2024-09-05 18:43:46,655 : INFO : EventManager : Event: ======'machine_var_audits_switches_s_side_hole'====== Args={'value': 317, 'prev_value': 316, 'change': 1}
2024-09-05 18:43:46,665 : INFO : EventManager : Event: ======'spot_double_jackpot'====== Args={'priority': 0}
2024-09-05 18:43:46,665 : INFO : EventManager : Event: ======'award_double_jackpot'====== Args={'priority': 0}
2024-09-05 18:43:46,665 : INFO : EventManager : Event: ======'spot_multiple_jackpot_sfx'====== Args={'priority': 0}
2024-09-05 18:43:46,666 : INFO : EventManager : Event: ======'spot_double_jackpot_1_scan'====== Args={}
2024-09-05 18:43:46,666 : INFO : EventManager : Event: ======'spot_multiple_jackpot_sfx_1'====== Args={}
2024-09-05 18:43:46,666 : INFO : EventManager : Event: ======'spot_double_jackpot'====== Args={'priority': 0}
2024-09-05 18:43:46,667 : INFO : EventManager : Event: ======'spot_multiple_jackpot_sfx'====== Args={'priority': 0}
2024-09-05 18:43:46,667 : INFO : EventManager : Event: ======'spot_double_jackpot_2_scan'====== Args={}
2024-09-05 18:43:46,667 : INFO : EventManager : Event: ======'spot_multiple_jackpot_sfx_2'====== Args={}
2024-09-05 18:43:46,668 : INFO : EventManager : Event: ======'spot_double_jackpot'====== Args={'priority': 0}
2024-09-05 18:43:46,668 : INFO : EventManager : Event: ======'spot_multiple_jackpot_sfx'====== Args={'priority': 0}
2024-09-05 18:43:46,668 : INFO : EventManager : Event: ======'spot_double_jackpot_6_scan'====== Args={}
2024-09-05 18:43:46,668 : INFO : EventManager : Event: ======'spot_multiple_jackpot_sfx_3'====== Args={}
2024-09-05 18:43:46,669 : INFO : EventManager : Event: ======'spot_double_jackpot'====== Args={'priority': 0}
2024-09-05 18:43:46,669 : INFO : EventManager : Event: ======'spot_multiple_jackpot_sfx'====== Args={'priority': 0}
2024-09-05 18:43:46,670 : INFO : EventManager : Event: ======'spot_double_jackpot_5_scan'====== Args={}
2024-09-05 18:43:46,670 : INFO : EventManager : Event: ======'spot_multiple_jackpot_sfx_2'====== Args={}
2024-09-05 18:43:46,670 : INFO : EventManager : Event: ======'spot_double_jackpot_5'====== Args={'priority': 0}
2024-09-05 18:43:46,670 : INFO : EventManager : Event: ======'overridejackpot'====== Args={'priority': 0}
2024-09-05 18:43:46,670 : INFO : EventManager : Event: ======'player_shot_jackpot_5'====== Args={'value': 1, 'prev_value': 0, 'change': 1, 'player_num': 1}
2024-09-05 18:43:46,685 : INFO : EventManager : Event: ======'player_score'====== Args={'value': 180000000, 'prev_value': 140000000, 'change': 40000000, 'player_num': 1}
2024-09-05 18:43:46,686 : INFO : EventManager : Event: ======'player_hctotal'====== Args={'value': 180000000, 'prev_value': 140000000, 'change': 40000000, 'player_num': 1}
2024-09-05 18:43:46,687 : INFO : EventManager : Event: ======'logicblock_hc_secondary_updated'====== Args={'value': 1, 'enabled': True}
2024-09-05 18:43:46,687 : INFO : EventManager : Event: ======'counter_hc_secondary_hit'====== Args={'count': 1, 'remaining': 2}
2024-09-05 18:43:46,687 : INFO : EventManager : Event: ======'logicblock_hc_secondary_hit'====== Args={'count': 1, 'remaining': 2}
2024-09-05 18:43:46,687 : INFO : EventManager : Event: ======'player_capture_hurryup_capture_timer_tick'====== Args={'value': 5, 'prev_value': 1, 'change': 4, 'player_num': 1}
2024-09-05 18:43:46,688 : INFO : EventManager : Event: ======'player_capture_timer_number'====== Args={'value': 5, 'prev_value': 1, 'change': 4, 'player_num': 1}
2024-09-05 18:43:46,763 : INFO : SwitchController : <<<<<<< 's_side_hole' inactive >>>>>>>
2024-09-05 18:43:47,674 : INFO : EventManager : Event: ======'remove_hc_5'====== Args={'priority': 0}
2024-09-05 18:43:47,712 : INFO : EventManager : Event: ======'player_capture_hurryup_capture_timer_tick'====== Args={'value': 4, 'prev_value': 5, 'change': -1, 'player_num': 1}
2024-09-05 18:43:47,713 : INFO : EventManager : Event: ======'timer_capture_timer_tick'====== Args={'ticks': 4, 'ticks_remaining': 4}
2024-09-05 18:43:47,713 : INFO : EventManager : Event: ======'player_capture_timer_number'====== Args={'value': 4, 'prev_value': 5, 'change': -1, 'player_num': 1}
2024-09-05 18:43:48,714 : INFO : EventManager : Event: ======'player_capture_hurryup_capture_timer_tick'====== Args={'value': 3, 'prev_value': 4, 'change': -1, 'player_num': 1}
2024-09-05 18:43:48,714 : INFO : EventManager : Event: ======'timer_capture_timer_tick'====== Args={'ticks': 3, 'ticks_remaining': 3}
2024-09-05 18:43:48,715 : INFO : EventManager : Event: ======'player_capture_timer_number'====== Args={'value': 3, 'prev_value': 4, 'change': -1, 'player_num': 1}
2024-09-05 18:43:48,856 : INFO : EventManager : Event: ======'jackpot_5_text_removed'====== Args={'priority': 0}
2024-09-05 18:43:48,857 : INFO : EventManager : Event: ======'jackpot_text_remove'====== Args={'priority': 0}
2024-09-05 18:43:49,692 : INFO : EventManager : Event: ======'player_capture_hurryup_capture_timer_tick'====== Args={'value': 2, 'prev_value': 3, 'change': -1, 'player_num': 1}
2024-09-05 18:43:49,695 : INFO : EventManager : Event: ======'timer_capture_timer_tick'====== Args={'ticks': 2, 'ticks_remaining': 2}
2024-09-05 18:43:49,696 : INFO : EventManager : Event: ======'player_capture_timer_number'====== Args={'value': 2, 'prev_value': 3, 'change': -1, 'player_num': 1}
2024-09-05 18:43:50,013 : INFO : SwitchController : <<<<<<< 's_side_hole' active >>>>>>>
2024-09-05 18:43:50,013 : INFO : EventManager : Event: ======'s_side_hole_active'====== Args={}
2024-09-05 18:43:50,013 : INFO : EventManager : Event: ======'sw_switch_hit'====== Args={}
2024-09-05 18:43:50,013 : INFO : EventManager : Event: ======'machine_var_audits_switches_s_side_hole'====== Args={'value': 318, 'prev_value': 317, 'change': 1}
2024-09-05 18:43:50,024 : INFO : EventManager : Event: ======'spot_double_jackpot'====== Args={'priority': 0}
2024-09-05 18:43:50,038 : INFO : EventManager : Event: ======'award_double_jackpot'====== Args={'priority': 0}
2024-09-05 18:43:50,038 : INFO : EventManager : Event: ======'spot_multiple_jackpot_sfx'====== Args={'priority': 0}
2024-09-05 18:43:50,038 : INFO : EventManager : Event: ======'spot_double_jackpot_4_scan'====== Args={}
2024-09-05 18:43:50,040 : INFO : EventManager : Event: ======'spot_multiple_jackpot_sfx_3'====== Args={}
2024-09-05 18:43:50,041 : INFO : EventManager : Event: ======'spot_double_jackpot_4'====== Args={'priority': 0}
2024-09-05 18:43:50,041 : INFO : EventManager : Event: ======'overridejackpot'====== Args={'priority': 0}
2024-09-05 18:43:50,042 : INFO : EventManager : Event: ======'player_shot_jackpot_4'====== Args={'value': 1, 'prev_value': 0, 'change': 1, 'player_num': 1}
2024-09-05 18:43:50,042 : INFO : EventManager : Event: ======'player_score'====== Args={'value': 220000000, 'prev_value': 180000000, 'change': 40000000, 'player_num': 1}
2024-09-05 18:43:50,043 : INFO : EventManager : Event: ======'player_hctotal'====== Args={'value': 220000000, 'prev_value': 180000000, 'change': 40000000, 'player_num': 1}
2024-09-05 18:43:50,044 : INFO : EventManager : Event: ======'logicblock_hc_secondary_updated'====== Args={'value': 2, 'enabled': True}
2024-09-05 18:43:50,044 : INFO : EventManager : Event: ======'counter_hc_secondary_hit'====== Args={'count': 2, 'remaining': 1}
2024-09-05 18:43:50,044 : INFO : EventManager : Event: ======'logicblock_hc_secondary_hit'====== Args={'count': 2, 'remaining': 1}
2024-09-05 18:43:50,044 : INFO : EventManager : Event: ======'player_capture_hurryup_capture_timer_tick'====== Args={'value': 5, 'prev_value': 2, 'change': 3, 'player_num': 1}
2024-09-05 18:43:50,045 : INFO : EventManager : Event: ======'player_capture_timer_number'====== Args={'value': 5, 'prev_value': 2, 'change': 3, 'player_num': 1}
2024-09-05 18:43:50,079 : INFO : SwitchController : <<<<<<< 's_side_hole' inactive >>>>>>>
2024-09-05 18:43:51,019 : INFO : EventManager : Event: ======'player_capture_hurryup_capture_timer_tick'====== Args={'value': 4, 'prev_value': 5, 'change': -1, 'player_num': 1}
2024-09-05 18:43:51,019 : INFO : EventManager : Event: ======'timer_capture_timer_tick'====== Args={'ticks': 4, 'ticks_remaining': 4}
2024-09-05 18:43:51,020 : INFO : EventManager : Event: ======'remove_hc_4'====== Args={'priority': 0}
2024-09-05 18:43:51,021 : INFO : EventManager : Event: ======'player_capture_timer_number'====== Args={'value': 4, 'prev_value': 5, 'change': -1, 'player_num': 1}
2024-09-05 18:43:52,029 : INFO : EventManager : Event: ======'player_capture_hurryup_capture_timer_tick'====== Args={'value': 3, 'prev_value': 4, 'change': -1, 'player_num': 1}
2024-09-05 18:43:52,030 : INFO : EventManager : Event: ======'timer_capture_timer_tick'====== Args={'ticks': 3, 'ticks_remaining': 3}
2024-09-05 18:43:52,031 : INFO : EventManager : Event: ======'player_capture_timer_number'====== Args={'value': 3, 'prev_value': 4, 'change': -1, 'player_num': 1}
2024-09-05 18:43:52,236 : INFO : EventManager : Event: ======'jackpot_4_text_removed'====== Args={'priority': 0}
2024-09-05 18:43:52,237 : INFO : EventManager : Event: ======'jackpot_text_remove'====== Args={'priority': 0}
2024-09-05 18:43:53,037 : INFO : EventManager : Event: ======'player_capture_hurryup_capture_timer_tick'====== Args={'value': 2, 'prev_value': 3, 'change': -1, 'player_num': 1}
2024-09-05 18:43:53,038 : INFO : EventManager : Event: ======'timer_capture_timer_tick'====== Args={'ticks': 2, 'ticks_remaining': 2}
2024-09-05 18:43:53,038 : INFO : EventManager : Event: ======'player_capture_timer_number'====== Args={'value': 2, 'prev_value': 3, 'change': -1, 'player_num': 1}
2024-09-05 18:43:53,332 : INFO : SwitchController : <<<<<<< 's_side_ramp_made' active >>>>>>>
2024-09-05 18:43:53,333 : INFO : EventManager : Event: ======'s_side_ramp_made_active'====== Args={}
2024-09-05 18:43:53,333 : INFO : EventManager : Event: ======'sw_switch_hit'====== Args={}
2024-09-05 18:43:53,333 : INFO : EventManager : Event: ======'machine_var_audits_switches_s_side_ramp_made'====== Args={'value': 1130, 'prev_value': 1129, 'change': 1}
2024-09-05 18:43:53,334 : INFO : EventManager : Event: ======'spot_triple_jackpot'====== Args={'priority': 0}
2024-09-05 18:43:53,344 : INFO : EventManager : Event: ======'award_triple_jackpot'====== Args={'priority': 0}
2024-09-05 18:43:53,345 : INFO : EventManager : Event: ======'spot_multiple_jackpot_sfx'====== Args={'priority': 0}
2024-09-05 18:43:53,345 : INFO : EventManager : Event: ======'spot_triple_jackpot_5_scan'====== Args={}
2024-09-05 18:43:53,345 : INFO : EventManager : Event: ======'spot_multiple_jackpot_sfx_1'====== Args={}
2024-09-05 18:43:53,346 : INFO : EventManager : Event: ======'spot_triple_jackpot'====== Args={'priority': 0}
2024-09-05 18:43:53,346 : INFO : EventManager : Event: ======'spot_multiple_jackpot_sfx'====== Args={'priority': 0}
2024-09-05 18:43:53,346 : INFO : EventManager : Event: ======'spot_triple_jackpot_4_scan'====== Args={}
2024-09-05 18:43:53,347 : INFO : EventManager : Event: ======'spot_multiple_jackpot_sfx_2'====== Args={}
2024-09-05 18:43:53,347 : INFO : EventManager : Event: ======'spot_triple_jackpot'====== Args={'priority': 0}
2024-09-05 18:43:53,347 : INFO : EventManager : Event: ======'spot_multiple_jackpot_sfx'====== Args={'priority': 0}
2024-09-05 18:43:53,348 : INFO : EventManager : Event: ======'spot_triple_jackpot_3_scan'====== Args={}
2024-09-05 18:43:53,348 : INFO : EventManager : Event: ======'spot_multiple_jackpot_sfx_3'====== Args={}
2024-09-05 18:43:53,349 : INFO : EventManager : Event: ======'spot_triple_jackpot_3'====== Args={'priority': 0}
2024-09-05 18:43:53,349 : INFO : EventManager : Event: ======'overridejackpot'====== Args={'priority': 0}
2024-09-05 18:43:53,349 : INFO : EventManager : Event: ======'player_shot_jackpot_3'====== Args={'value': 1, 'prev_value': 0, 'change': 1, 'player_num': 1}
2024-09-05 18:43:53,350 : INFO : EventManager : Event: ======'jackpots_lit_complete'====== Args={'priority': 0}
2024-09-05 18:43:53,350 : INFO : state_machine.hc_multiball : Transitioning from jackpot to superjackpot
2024-09-05 18:43:53,351 : INFO : EventManager : Event: ======'jackpot_stopped'====== Args={}
2024-09-05 18:43:53,351 : INFO : EventManager : Event: ======'super_jackpot_start'====== Args={}
2024-09-05 18:43:53,352 : INFO : EventManager : Event: ======'mode_hc_multiball_super_will_start'====== Args={}
2024-09-05 18:43:53,356 : INFO : EventManager : Event: ======'mode_hc_multiball_super_starting'====== Args={}
2024-09-05 18:43:53,356 : INFO : EventManager : Event: ======'player_score'====== Args={'value': 280000000, 'prev_value': 220000000, 'change': 60000000, 'player_num': 1}
2024-09-05 18:43:53,357 : INFO : EventManager : Event: ======'player_hctotal'====== Args={'value': 280000000, 'prev_value': 220000000, 'change': 60000000, 'player_num': 1}
2024-09-05 18:43:53,358 : INFO : EventManager : Event: ======'logicblock_hc_secondary_updated'====== Args={'value': 3, 'enabled': True}
2024-09-05 18:43:53,358 : INFO : EventManager : Event: ======'counter_hc_secondary_hit'====== Args={'count': 3, 'remaining': 0}
2024-09-05 18:43:53,358 : INFO : EventManager : Event: ======'logicblock_hc_secondary_hit'====== Args={'count': 3, 'remaining': 0}
2024-09-05 18:43:53,358 : INFO : EventManager : Event: ======'logicblock_hc_secondary_complete'====== Args={}
2024-09-05 18:43:53,359 : INFO : EventManager : Event: ======'logicblock_hc_secondary_updated'====== Args={'value': 0, 'enabled': True}
2024-09-05 18:43:53,359 : INFO : EventManager : Event: ======'player_capture_hurryup_capture_timer_tick'====== Args={'value': 5, 'prev_value': 2, 'change': 3, 'player_num': 1}
2024-09-05 18:43:53,359 : INFO : EventManager : Event: ======'hc_sc_12'====== Args={}
2024-09-05 18:43:53,360 : INFO : EventManager : Event: ======'player_capture_timer_number'====== Args={'value': 5, 'prev_value': 2, 'change': 3, 'player_num': 1}
2024-09-05 18:43:53,360 : INFO : Mode.hc_multiball_super : Started. Priority: 300
2024-09-05 18:43:53,360 : INFO : EventManager : Event: ======'modes_active_modes_changed'====== Args={}
2024-09-05 18:43:53,360 : INFO : EventManager : Event: ======'super_hold_enable'====== Args={}
2024-09-05 18:43:53,361 : INFO : EventManager : Event: ======'mode_hc_multiball_super_started'====== Args={}
2024-09-05 18:43:53,361 : INFO : EventManager : Event: ======'check_super_text_locked'====== Args={'priority': 0}
2024-09-05 18:43:53,362 : INFO : EventManager : Event: ======'player_super_time'====== Args={'value': 0, 'prev_value': 0, 'change': 0, 'player_num': 1}
2024-09-05 18:43:53,362 : INFO : EventManager : Event: ======'update_super_text_0_locked'====== Args={'priority': 0}
2024-09-05 18:43:53,362 : INFO : EventManager : Event: ======'check_super_text_offline'====== Args={'priority': 0}
2024-09-05 18:43:53,404 : INFO : EventManager : Event: ======'slide_hc_super_slide_created'====== Args={'_from_bcp': True}
2024-09-05 18:43:53,417 : INFO : SwitchController : <<<<<<< 's_side_ramp_made' inactive >>>>>>>
2024-09-05 18:43:54,349 : INFO : EventManager : Event: ======'player_capture_hurryup_capture_timer_tick'====== Args={'value': 4, 'prev_value': 5, 'change': -1, 'player_num': 1}
2024-09-05 18:43:54,350 : INFO : EventManager : Event: ======'timer_capture_timer_tick'====== Args={'ticks': 4, 'ticks_remaining': 4}
2024-09-05 18:43:54,350 : INFO : EventManager : Event: ======'remove_hc_3'====== Args={'priority': 0}
2024-09-05 18:43:54,351 : INFO : EventManager : Event: ======'player_capture_timer_number'====== Args={'value': 4, 'prev_value': 5, 'change': -1, 'player_num': 1}
2024-09-05 18:43:55,369 : INFO : EventManager : Event: ======'player_capture_hurryup_capture_timer_tick'====== Args={'value': 3, 'prev_value': 4, 'change': -1, 'player_num': 1}
2024-09-05 18:43:55,369 : INFO : EventManager : Event: ======'timer_capture_timer_tick'====== Args={'ticks': 3, 'ticks_remaining': 3}
2024-09-05 18:43:55,370 : INFO : EventManager : Event: ======'player_capture_timer_number'====== Args={'value': 3, 'prev_value': 4, 'change': -1, 'player_num': 1}
2024-09-05 18:43:55,535 : INFO : EventManager : Event: ======'activate_jackpot_to_super'====== Args={'priority': 0}
2024-09-05 18:43:55,535 : INFO : EventManager : Event: ======'jackpot_3_text_removed'====== Args={'priority': 0}
2024-09-05 18:43:55,536 : INFO : EventManager : Event: ======'activate_super_transition_slide_1'====== Args={'priority': 0}
2024-09-05 18:43:55,536 : INFO : EventManager : Event: ======'jackpot_text_remove'====== Args={'priority': 0}
2024-09-05 18:43:55,558 : INFO : EventManager : Event: ======'slide_super_transition_slide_1_created'====== Args={'_from_bcp': True}
2024-09-05 18:43:55,576 : INFO : EventManager : Event: ======'slide_super_transition_slide_1_active'====== Args={'_from_bcp': True}
2024-09-05 18:43:56,353 : INFO : EventManager : Event: ======'player_capture_hurryup_capture_timer_tick'====== Args={'value': 2, 'prev_value': 3, 'change': -1, 'player_num': 1}
2024-09-05 18:43:56,354 : INFO : EventManager : Event: ======'timer_capture_timer_tick'====== Args={'ticks': 2, 'ticks_remaining': 2}
2024-09-05 18:43:56,354 : INFO : EventManager : Event: ======'player_capture_timer_number'====== Args={'value': 2, 'prev_value': 3, 'change': -1, 'player_num': 1}
2024-09-05 18:43:57,361 : INFO : EventManager : Event: ======'player_capture_hurryup_capture_timer_tick'====== Args={'value': 1, 'prev_value': 2, 'change': -1, 'player_num': 1}
2024-09-05 18:43:57,362 : INFO : EventManager : Event: ======'timer_capture_timer_tick'====== Args={'ticks': 1, 'ticks_remaining': 1}
2024-09-05 18:43:57,362 : INFO : EventManager : Event: ======'player_capture_timer_number'====== Args={'value': 1, 'prev_value': 2, 'change': -1, 'player_num': 1}
2024-09-05 18:43:57,534 : INFO : EventManager : Event: ======'activate_super_transition_slide_2'====== Args={'priority': 0}
2024-09-05 18:43:57,535 : INFO : EventManager : Event: ======'stop_jackpot'====== Args={'priority': 0}
2024-09-05 18:43:57,535 : INFO : EventManager : Event: ======'player_shot_jackpot_1'====== Args={'value': 0, 'prev_value': 1, 'change': -1, 'player_num': 1}
2024-09-05 18:43:57,536 : INFO : EventManager : Event: ======'player_shot_jackpot_2'====== Args={'value': 0, 'prev_value': 1, 'change': -1, 'player_num': 1}
2024-09-05 18:43:57,536 : INFO : EventManager : Event: ======'player_shot_jackpot_3'====== Args={'value': 0, 'prev_value': 1, 'change': -1, 'player_num': 1}
2024-09-05 18:43:57,537 : INFO : EventManager : Event: ======'player_shot_jackpot_4'====== Args={'value': 0, 'prev_value': 1, 'change': -1, 'player_num': 1}
2024-09-05 18:43:57,537 : INFO : EventManager : Event: ======'player_shot_jackpot_5'====== Args={'value': 0, 'prev_value': 1, 'change': -1, 'player_num': 1}
2024-09-05 18:43:57,552 : INFO : EventManager : Event: ======'player_shot_jackpot_6'====== Args={'value': 0, 'prev_value': 1, 'change': -1, 'player_num': 1}
2024-09-05 18:43:57,552 : INFO : EventManager : Event: ======'mode_hc_multiball_will_stop'====== Args={}
2024-09-05 18:43:57,553 : INFO : EventManager : Event: ======'mode_hc_multiball_stopping'====== Args={}
2024-09-05 18:43:57,553 : INFO : Mode.hc_multiball : Stopped.
2024-09-05 18:43:57,553 : INFO : EventManager : Event: ======'modes_active_modes_changed'====== Args={}
2024-09-05 18:43:57,554 : INFO : EventManager : Event: ======'mode_hc_multiball_stopped'====== Args={}
2024-09-05 18:43:57,554 : INFO : EventManager : Event: ======'clear'====== Args={'key': 'hc_multiball'}
2024-09-05 18:43:57,594 : INFO : EventManager : Event: ======'slide_super_transition_slide_2_created'====== Args={'_from_bcp': True}
2024-09-05 18:43:57,594 : INFO : EventManager : Event: ======'slide_super_transition_slide_1_removed'====== Args={'_from_bcp': True}
2024-09-05 18:43:57,595 : INFO : EventManager : Event: ======'slide_super_transition_slide_2_active'====== Args={'_from_bcp': True}
2024-09-05 18:43:57,595 : INFO : EventManager : Event: ======'slide_high_caliber_slide_removed'====== Args={'_from_bcp': True}
2024-09-05 18:43:58,358 : INFO : EventManager : Event: ======'player_capture_hurryup_capture_timer_tick'====== Args={'value': 0, 'prev_value': 1, 'change': -1, 'player_num': 1}
2024-09-05 18:43:58,358 : INFO : Timer.capture_timer : Timer Complete
2024-09-05 18:43:58,358 : INFO : Timer.capture_timer : Stopping Timer
2024-09-05 18:43:58,358 : INFO : EventManager : Event: ======'timer_capture_timer_stopped'====== Args={'ticks': 0, 'ticks_remaining': 1}
2024-09-05 18:43:58,359 : INFO : EventManager : Event: ======'timer_capture_timer_complete'====== Args={'ticks': 0, 'ticks_remaining': 1}
2024-09-05 18:43:58,359 : INFO : EventManager : Event: ======'player_capture_timer_number'====== Args={'value': 0, 'prev_value': 1, 'change': -1, 'player_num': 1}
2024-09-05 18:43:59,551 : INFO : EventManager : Event: ======'slide_super_transition_slide_2_removed'====== Args={'_from_bcp': True}
2024-09-05 18:43:59,552 : INFO : EventManager : Event: ======'restart_super_time'====== Args={'priority': 0}
2024-09-05 18:43:59,552 : INFO : EventManager : Event: ======'player_hc_multiball_super_super_countdown_tick'====== Args={'value': 20, 'prev_value': 0, 'change': 20, 'player_num': 1}
2024-09-05 18:43:59,553 : INFO : Timer.super_countdown : Starting Timer.
2024-09-05 18:43:59,553 : INFO : EventManager : Event: ======'timer_super_countdown_started'====== Args={'ticks': 20, 'ticks_remaining': 20}
2024-09-05 18:43:59,553 : INFO : EventManager : Event: ======'timer_super_countdown_tick'====== Args={'ticks': 20, 'ticks_remaining': 20}
2024-09-05 18:43:59,553 : INFO : EventManager : Event: ======'player_super_time'====== Args={'value': 20, 'prev_value': 0, 'change': 20, 'player_num': 1}
2024-09-05 18:43:59,554 : INFO : EventManager : Event: ======'slide_hc_super_slide_active'====== Args={'_from_bcp': True}
2024-09-05 18:44:00,578 : INFO : EventManager : Event: ======'player_hc_multiball_super_super_countdown_tick'====== Args={'value': 19, 'prev_value': 20, 'change': -1, 'player_num': 1}
2024-09-05 18:44:00,578 : INFO : EventManager : Event: ======'timer_super_countdown_tick'====== Args={'ticks': 19, 'ticks_remaining': 19}
2024-09-05 18:44:00,578 : INFO : EventManager : Event: ======'player_super_time'====== Args={'value': 19, 'prev_value': 20, 'change': -1, 'player_num': 1}
2024-09-05 18:44:01,566 : INFO : EventManager : Event: ======'player_hc_multiball_super_super_countdown_tick'====== Args={'value': 18, 'prev_value': 19, 'change': -1, 'player_num': 1}
2024-09-05 18:44:01,566 : INFO : EventManager : Event: ======'timer_super_countdown_tick'====== Args={'ticks': 18, 'ticks_remaining': 18}
2024-09-05 18:44:01,567 : INFO : EventManager : Event: ======'player_super_time'====== Args={'value': 18, 'prev_value': 19, 'change': -1, 'player_num': 1}
2024-09-05 18:44:02,568 : INFO : EventManager : Event: ======'player_hc_multiball_super_super_countdown_tick'====== Args={'value': 17, 'prev_value': 18, 'change': -1, 'player_num': 1}
2024-09-05 18:44:02,568 : INFO : EventManager : Event: ======'timer_super_countdown_tick'====== Args={'ticks': 17, 'ticks_remaining': 17}
2024-09-05 18:44:02,569 : INFO : EventManager : Event: ======'player_super_time'====== Args={'value': 17, 'prev_value': 18, 'change': -1, 'player_num': 1}
2024-09-05 18:44:03,254 : INFO : SwitchController : <<<<<<< 's_left_ramp_made' active >>>>>>>
2024-09-05 18:44:03,254 : INFO : EventManager : Event: ======'s_left_ramp_made_active'====== Args={}
2024-09-05 18:44:03,254 : INFO : EventManager : Event: ======'sw_switch_hit'====== Args={}
2024-09-05 18:44:03,255 : INFO : EventManager : Event: ======'machine_var_audits_switches_s_left_ramp_made'====== Args={'value': 2001, 'prev_value': 2000, 'change': 1}
2024-09-05 18:44:03,265 : INFO : EventManager : Event: ======'increase_super_time_check'====== Args={'priority': 0}
2024-09-05 18:44:03,279 : INFO : EventManager : Event: ======'increase_super_time'====== Args={'priority': 0}
2024-09-05 18:44:03,280 : INFO : EventManager : Event: ======'stop_super_overtime'====== Args={'priority': 0}
2024-09-05 18:44:03,280 : INFO : EventManager : Event: ======'start_super_time'====== Args={'priority': 0}
2024-09-05 18:44:03,280 : INFO : EventManager : Event: ======'player_hc_multiball_super_super_countdown_tick'====== Args={'value': 20, 'prev_value': 17, 'change': 3, 'player_num': 1}
2024-09-05 18:44:03,281 : INFO : EventManager : Event: ======'timer_super_countdown_time_added'====== Args={'ticks': 20, 'ticks_added': 15, 'ticks_remaining': 17}
2024-09-05 18:44:03,281 : INFO : EventManager : Event: ======'player_super_time'====== Args={'value': 20, 'prev_value': 17, 'change': 3, 'player_num': 1}
2024-09-05 18:44:03,281 : INFO : Timer.super_overtime : Stopping Timer
2024-09-05 18:44:03,281 : INFO : EventManager : Event: ======'timer_super_overtime_stopped'====== Args={'ticks': 3, 'ticks_remaining': 0}
2024-09-05 18:44:03,281 : INFO : EventManager : Event: ======'player_capture_hurryup_capture_timer_tick'====== Args={'value': 5, 'prev_value': 0, 'change': 5, 'player_num': 1}
2024-09-05 18:44:03,282 : INFO : Timer.capture_timer : Starting Timer.
2024-09-05 18:44:03,282 : INFO : EventManager : Event: ======'timer_capture_timer_started'====== Args={'ticks': 5, 'ticks_remaining': 5}
2024-09-05 18:44:03,282 : INFO : EventManager : Event: ======'timer_capture_timer_tick'====== Args={'ticks': 5, 'ticks_remaining': 5}
2024-09-05 18:44:03,282 : INFO : EventManager : Event: ======'player_capture_timer_number'====== Args={'value': 5, 'prev_value': 0, 'change': 5, 'player_num': 1}
2024-09-05 18:44:03,328 : INFO : SwitchController : <<<<<<< 's_left_ramp_made' inactive >>>>>>>
2024-09-05 18:44:03,553 : INFO : EventManager : Event: ======'player_hc_multiball_super_super_countdown_tick'====== Args={'value': 19, 'prev_value': 20, 'change': -1, 'player_num': 1}
2024-09-05 18:44:03,553 : INFO : EventManager : Event: ======'timer_super_countdown_tick'====== Args={'ticks': 19, 'ticks_remaining': 19}
2024-09-05 18:44:03,553 : INFO : EventManager : Event: ======'player_super_time'====== Args={'value': 19, 'prev_value': 20, 'change': -1, 'player_num': 1}
2024-09-05 18:44:04,280 : INFO : EventManager : Event: ======'player_capture_hurryup_capture_timer_tick'====== Args={'value': 4, 'prev_value': 5, 'change': -1, 'player_num': 1}
2024-09-05 18:44:04,280 : INFO : EventManager : Event: ======'timer_capture_timer_tick'====== Args={'ticks': 4, 'ticks_remaining': 4}
2024-09-05 18:44:04,281 : INFO : EventManager : Event: ======'player_capture_timer_number'====== Args={'value': 4, 'prev_value': 5, 'change': -1, 'player_num': 1}
2024-09-05 18:44:04,549 : INFO : EventManager : Event: ======'player_hc_multiball_super_super_countdown_tick'====== Args={'value': 18, 'prev_value': 19, 'change': -1, 'player_num': 1}
2024-09-05 18:44:04,550 : INFO : EventManager : Event: ======'timer_super_countdown_tick'====== Args={'ticks': 18, 'ticks_remaining': 18}
2024-09-05 18:44:04,550 : INFO : EventManager : Event: ======'player_super_time'====== Args={'value': 18, 'prev_value': 19, 'change': -1, 'player_num': 1}
2024-09-05 18:44:04,856 : INFO : SwitchController : <<<<<<< 's_left_ramp_made' active >>>>>>>
2024-09-05 18:44:04,856 : INFO : EventManager : Event: ======'s_left_ramp_made_active'====== Args={}
2024-09-05 18:44:04,856 : INFO : EventManager : Event: ======'sw_switch_hit'====== Args={}
2024-09-05 18:44:04,856 : INFO : EventManager : Event: ======'machine_var_audits_switches_s_left_ramp_made'====== Args={'value': 2002, 'prev_value': 2001, 'change': 1}
2024-09-05 18:44:04,857 : INFO : EventManager : Event: ======'increase_super_time_check'====== Args={'priority': 0}
2024-09-05 18:44:04,857 : INFO : EventManager : Event: ======'increase_super_time'====== Args={'priority': 0}
2024-09-05 18:44:04,857 : INFO : EventManager : Event: ======'stop_super_overtime'====== Args={'priority': 0}
2024-09-05 18:44:04,857 : INFO : EventManager : Event: ======'start_super_time'====== Args={'priority': 0}
2024-09-05 18:44:04,858 : INFO : EventManager : Event: ======'player_hc_multiball_super_super_countdown_tick'====== Args={'value': 20, 'prev_value': 18, 'change': 2, 'player_num': 1}
2024-09-05 18:44:04,858 : INFO : EventManager : Event: ======'timer_super_countdown_time_added'====== Args={'ticks': 20, 'ticks_added': 15, 'ticks_remaining': 18}
2024-09-05 18:44:04,858 : INFO : EventManager : Event: ======'player_super_time'====== Args={'value': 20, 'prev_value': 18, 'change': 2, 'player_num': 1}
2024-09-05 18:44:04,858 : INFO : Timer.super_overtime : Stopping Timer
2024-09-05 18:44:04,858 : INFO : EventManager : Event: ======'timer_super_overtime_stopped'====== Args={'ticks': 3, 'ticks_remaining': 0}
2024-09-05 18:44:04,858 : INFO : EventManager : Event: ======'player_capture_hurryup_capture_timer_tick'====== Args={'value': 5, 'prev_value': 4, 'change': 1, 'player_num': 1}
2024-09-05 18:44:04,859 : INFO : EventManager : Event: ======'player_capture_timer_number'====== Args={'value': 5, 'prev_value': 4, 'change': 1, 'player_num': 1}
2024-09-05 18:44:04,915 : INFO : SwitchController : <<<<<<< 's_left_ramp_made' inactive >>>>>>>
2024-09-05 18:44:05,550 : INFO : EventManager : Event: ======'player_hc_multiball_super_super_countdown_tick'====== Args={'value': 19, 'prev_value': 20, 'change': -1, 'player_num': 1}
2024-09-05 18:44:05,550 : INFO : EventManager : Event: ======'timer_super_countdown_tick'====== Args={'ticks': 19, 'ticks_remaining': 19}
2024-09-05 18:44:05,550 : INFO : EventManager : Event: ======'player_super_time'====== Args={'value': 19, 'prev_value': 20, 'change': -1, 'player_num': 1}
2024-09-05 18:44:05,861 : INFO : EventManager : Event: ======'player_capture_hurryup_capture_timer_tick'====== Args={'value': 4, 'prev_value': 5, 'change': -1, 'player_num': 1}
2024-09-05 18:44:05,861 : INFO : EventManager : Event: ======'timer_capture_timer_tick'====== Args={'ticks': 4, 'ticks_remaining': 4}
2024-09-05 18:44:05,862 : INFO : EventManager : Event: ======'player_capture_timer_number'====== Args={'value': 4, 'prev_value': 5, 'change': -1, 'player_num': 1}
2024-09-05 18:44:06,569 : INFO : EventManager : Event: ======'player_hc_multiball_super_super_countdown_tick'====== Args={'value': 18, 'prev_value': 19, 'change': -1, 'player_num': 1}
2024-09-05 18:44:06,569 : INFO : EventManager : Event: ======'timer_super_countdown_tick'====== Args={'ticks': 18, 'ticks_remaining': 18}
2024-09-05 18:44:06,569 : INFO : EventManager : Event: ======'player_super_time'====== Args={'value': 18, 'prev_value': 19, 'change': -1, 'player_num': 1}
2024-09-05 18:44:06,862 : INFO : EventManager : Event: ======'player_capture_hurryup_capture_timer_tick'====== Args={'value': 3, 'prev_value': 4, 'change': -1, 'player_num': 1}
2024-09-05 18:44:06,862 : INFO : EventManager : Event: ======'timer_capture_timer_tick'====== Args={'ticks': 3, 'ticks_remaining': 3}
2024-09-05 18:44:06,863 : INFO : EventManager : Event: ======'player_capture_timer_number'====== Args={'value': 3, 'prev_value': 4, 'change': -1, 'player_num': 1}
2024-09-05 18:44:07,174 : INFO : SwitchController : <<<<<<< 's_left_ramp_made' active >>>>>>>
2024-09-05 18:44:07,174 : INFO : EventManager : Event: ======'s_left_ramp_made_active'====== Args={}
2024-09-05 18:44:07,174 : INFO : EventManager : Event: ======'sw_switch_hit'====== Args={}
2024-09-05 18:44:07,175 : INFO : EventManager : Event: ======'machine_var_audits_switches_s_left_ramp_made'====== Args={'value': 2003, 'prev_value': 2002, 'change': 1}
2024-09-05 18:44:07,175 : INFO : EventManager : Event: ======'increase_super_time_check'====== Args={'priority': 0}
2024-09-05 18:44:07,185 : INFO : EventManager : Event: ======'increase_super_time'====== Args={'priority': 0}
2024-09-05 18:44:07,185 : INFO : EventManager : Event: ======'stop_super_overtime'====== Args={'priority': 0}
2024-09-05 18:44:07,185 : INFO : EventManager : Event: ======'start_super_time'====== Args={'priority': 0}
2024-09-05 18:44:07,186 : INFO : EventManager : Event: ======'player_hc_multiball_super_super_countdown_tick'====== Args={'value': 20, 'prev_value': 18, 'change': 2, 'player_num': 1}
2024-09-05 18:44:07,186 : INFO : EventManager : Event: ======'timer_super_countdown_time_added'====== Args={'ticks': 20, 'ticks_added': 15, 'ticks_remaining': 18}
2024-09-05 18:44:07,187 : INFO : EventManager : Event: ======'player_super_time'====== Args={'value': 20, 'prev_value': 18, 'change': 2, 'player_num': 1}
2024-09-05 18:44:07,187 : INFO : Timer.super_overtime : Stopping Timer
2024-09-05 18:44:07,187 : INFO : EventManager : Event: ======'timer_super_overtime_stopped'====== Args={'ticks': 3, 'ticks_remaining': 0}
2024-09-05 18:44:07,187 : INFO : EventManager : Event: ======'player_capture_hurryup_capture_timer_tick'====== Args={'value': 5, 'prev_value': 3, 'change': 2, 'player_num': 1}
2024-09-05 18:44:07,187 : INFO : EventManager : Event: ======'player_capture_timer_number'====== Args={'value': 5, 'prev_value': 3, 'change': 2, 'player_num': 1}
2024-09-05 18:44:07,254 : INFO : SwitchController : <<<<<<< 's_left_ramp_made' inactive >>>>>>>
2024-09-05 18:44:07,562 : INFO : EventManager : Event: ======'player_hc_multiball_super_super_countdown_tick'====== Args={'value': 19, 'prev_value': 20, 'change': -1, 'player_num': 1}
2024-09-05 18:44:07,563 : INFO : EventManager : Event: ======'timer_super_countdown_tick'====== Args={'ticks': 19, 'ticks_remaining': 19}
2024-09-05 18:44:07,563 : INFO : EventManager : Event: ======'player_super_time'====== Args={'value': 19, 'prev_value': 20, 'change': -1, 'player_num': 1}
2024-09-05 18:44:08,178 : INFO : EventManager : Event: ======'player_capture_hurryup_capture_timer_tick'====== Args={'value': 4, 'prev_value': 5, 'change': -1, 'player_num': 1}
2024-09-05 18:44:08,178 : INFO : EventManager : Event: ======'timer_capture_timer_tick'====== Args={'ticks': 4, 'ticks_remaining': 4}
2024-09-05 18:44:08,179 : INFO : EventManager : Event: ======'player_capture_timer_number'====== Args={'value': 4, 'prev_value': 5, 'change': -1, 'player_num': 1}
2024-09-05 18:44:08,566 : INFO : EventManager : Event: ======'player_hc_multiball_super_super_countdown_tick'====== Args={'value': 18, 'prev_value': 19, 'change': -1, 'player_num': 1}
2024-09-05 18:44:08,566 : INFO : EventManager : Event: ======'timer_super_countdown_tick'====== Args={'ticks': 18, 'ticks_remaining': 18}
2024-09-05 18:44:08,567 : INFO : EventManager : Event: ======'player_super_time'====== Args={'value': 18, 'prev_value': 19, 'change': -1, 'player_num': 1}
2024-09-05 18:44:09,177 : INFO : EventManager : Event: ======'player_capture_hurryup_capture_timer_tick'====== Args={'value': 3, 'prev_value': 4, 'change': -1, 'player_num': 1}
2024-09-05 18:44:09,178 : INFO : EventManager : Event: ======'timer_capture_timer_tick'====== Args={'ticks': 3, 'ticks_remaining': 3}
2024-09-05 18:44:09,178 : INFO : EventManager : Event: ======'player_capture_timer_number'====== Args={'value': 3, 'prev_value': 4, 'change': -1, 'player_num': 1}
2024-09-05 18:44:09,388 : INFO : SwitchController : <<<<<<< 's_lock_3' active >>>>>>>
2024-09-05 18:44:09,388 : INFO : EventManager : Event: ======'sw_switch_hit'====== Args={}
2024-09-05 18:44:09,388 : INFO : EventManager : Event: ======'machine_var_audits_switches_s_lock_3'====== Args={'value': 522, 'prev_value': 521, 'change': 1}
2024-09-05 18:44:09,399 : INFO : EventManager : Event: ======'player_capture_hurryup_capture_timer_tick'====== Args={'value': 5, 'prev_value': 3, 'change': 2, 'player_num': 1}
2024-09-05 18:44:09,414 : INFO : EventManager : Event: ======'player_capture_timer_number'====== Args={'value': 5, 'prev_value': 3, 'change': 2, 'player_num': 1}
2024-09-05 18:44:09,567 : INFO : EventManager : Event: ======'player_hc_multiball_super_super_countdown_tick'====== Args={'value': 17, 'prev_value': 18, 'change': -1, 'player_num': 1}
2024-09-05 18:44:09,568 : INFO : EventManager : Event: ======'timer_super_countdown_tick'====== Args={'ticks': 17, 'ticks_remaining': 17}
2024-09-05 18:44:09,568 : INFO : EventManager : Event: ======'player_super_time'====== Args={'value': 17, 'prev_value': 18, 'change': -1, 'player_num': 1}
2024-09-05 18:44:09,892 : INFO : EventManager : Event: ======'balldevice_bd_hc_lock_ball_count_changed'====== Args={'balls': 1}
2024-09-05 18:44:09,892 : INFO : ball_device.bd_hc_lock : Received unexpected ball
2024-09-05 18:44:09,892 : INFO : EventManager : Event: ======'balldevice_captured_from_playfield'====== Args={'balls': 1}
2024-09-05 18:44:09,893 : INFO : EventManager : Event: ======'sw_playfield_active'====== Args={'balls': 1}
2024-09-05 18:44:09,893 : INFO : EventManager : Event: ======'playfield_ball_count_change'====== Args={'balls': 3, 'change': -1}
2024-09-05 18:44:09,893 : INFO : EventManager : Event: ======'balldevice_bd_hc_lock_ball_enter'====== Args={'new_balls': 1, 'unclaimed_balls': 1, 'new_available_balls': 1, 'device': <ball_device.bd_hc_lock>}
2024-09-05 18:44:09,894 : INFO : EventManager : Event: ======'ball_hold_super_hold_held_ball'====== Args={'balls_held': 1, 'total_balls_held': 1}
2024-09-05 18:44:09,894 : INFO : EventManager : Event: ======'player_super_lock'====== Args={'value': 1, 'prev_value': 0, 'change': 1, 'player_num': 1}
2024-09-05 18:44:09,895 : INFO : EventManager : Event: ======'scan_super'====== Args={'priority': 0}
2024-09-05 18:44:09,895 : INFO : EventManager : Event: ======'restart_super_time'====== Args={'priority': 0}
2024-09-05 18:44:09,895 : INFO : EventManager : Event: ======'super_lock_1'====== Args={'priority': 0}
2024-09-05 18:44:09,895 : INFO : EventManager : Event: ======'check_super_text_locked'====== Args={'priority': 0}
2024-09-05 18:44:09,896 : INFO : EventManager : Event: ======'update_super_text_1_locked'====== Args={'priority': 0}
2024-09-05 18:44:09,896 : INFO : EventManager : Event: ======'check_super_text_offline'====== Args={'priority': 0}
2024-09-05 18:44:09,897 : INFO : EventManager : Event: ======'player_hc_multiball_super_super_countdown_tick'====== Args={'value': 20, 'prev_value': 17, 'change': 3, 'player_num': 1}
2024-09-05 18:44:09,897 : INFO : EventManager : Event: ======'player_super_time'====== Args={'value': 20, 'prev_value': 17, 'change': 3, 'player_num': 1}
2024-09-05 18:44:09,898 : INFO : EventManager : Event: ======'balldevice_balls_available'====== Args={}
2024-09-05 18:44:09,898 : INFO : EventManager : Event: ======'balldevice_bd_hc_lock_ball_entered'====== Args={'new_balls': 1, 'device': <ball_device.bd_hc_lock>}
2024-09-05 18:44:10,403 : INFO : EventManager : Event: ======'player_capture_hurryup_capture_timer_tick'====== Args={'value': 4, 'prev_value': 5, 'change': -1, 'player_num': 1}
2024-09-05 18:44:10,404 : INFO : EventManager : Event: ======'timer_capture_timer_tick'====== Args={'ticks': 4, 'ticks_remaining': 4}
2024-09-05 18:44:10,405 : INFO : EventManager : Event: ======'player_capture_timer_number'====== Args={'value': 4, 'prev_value': 5, 'change': -1, 'player_num': 1}
2024-09-05 18:44:10,902 : INFO : EventManager : Event: ======'player_hc_multiball_super_super_countdown_tick'====== Args={'value': 19, 'prev_value': 20, 'change': -1, 'player_num': 1}
2024-09-05 18:44:10,903 : INFO : EventManager : Event: ======'timer_super_countdown_tick'====== Args={'ticks': 19, 'ticks_remaining': 19}
2024-09-05 18:44:10,903 : INFO : EventManager : Event: ======'player_super_time'====== Args={'value': 19, 'prev_value': 20, 'change': -1, 'player_num': 1}
2024-09-05 18:44:11,402 : INFO : EventManager : Event: ======'player_capture_hurryup_capture_timer_tick'====== Args={'value': 3, 'prev_value': 4, 'change': -1, 'player_num': 1}
2024-09-05 18:44:11,403 : INFO : EventManager : Event: ======'timer_capture_timer_tick'====== Args={'ticks': 3, 'ticks_remaining': 3}
2024-09-05 18:44:11,403 : INFO : EventManager : Event: ======'player_capture_timer_number'====== Args={'value': 3, 'prev_value': 4, 'change': -1, 'player_num': 1}
2024-09-05 18:44:11,902 : INFO : EventManager : Event: ======'player_hc_multiball_super_super_countdown_tick'====== Args={'value': 18, 'prev_value': 19, 'change': -1, 'player_num': 1}
2024-09-05 18:44:11,903 : INFO : EventManager : Event: ======'timer_super_countdown_tick'====== Args={'ticks': 18, 'ticks_remaining': 18}
2024-09-05 18:44:11,903 : INFO : EventManager : Event: ======'player_super_time'====== Args={'value': 18, 'prev_value': 19, 'change': -1, 'player_num': 1}
2024-09-05 18:44:12,402 : INFO : EventManager : Event: ======'player_capture_hurryup_capture_timer_tick'====== Args={'value': 2, 'prev_value': 3, 'change': -1, 'player_num': 1}
2024-09-05 18:44:12,402 : INFO : EventManager : Event: ======'timer_capture_timer_tick'====== Args={'ticks': 2, 'ticks_remaining': 2}
2024-09-05 18:44:12,403 : INFO : EventManager : Event: ======'player_capture_timer_number'====== Args={'value': 2, 'prev_value': 3, 'change': -1, 'player_num': 1}
2024-09-05 18:44:12,554 : INFO : SwitchController : <<<<<<< 's_side_ramp_made' active >>>>>>>
2024-09-05 18:44:12,554 : INFO : EventManager : Event: ======'sw_switch_hit'====== Args={}
2024-09-05 18:44:12,554 : INFO : EventManager : Event: ======'machine_var_audits_switches_s_side_ramp_made'====== Args={'value': 1131, 'prev_value': 1130, 'change': 1}
2024-09-05 18:44:12,564 : INFO : EventManager : Event: ======'player_capture_hurryup_capture_timer_tick'====== Args={'value': 5, 'prev_value': 2, 'change': 3, 'player_num': 1}
2024-09-05 18:44:12,565 : INFO : EventManager : Event: ======'player_capture_timer_number'====== Args={'value': 5, 'prev_value': 2, 'change': 3, 'player_num': 1}
2024-09-05 18:44:12,614 : INFO : SwitchController : <<<<<<< 's_side_ramp_made' inactive >>>>>>>
2024-09-05 18:44:12,899 : INFO : EventManager : Event: ======'player_hc_multiball_super_super_countdown_tick'====== Args={'value': 17, 'prev_value': 18, 'change': -1, 'player_num': 1}
2024-09-05 18:44:12,900 : INFO : EventManager : Event: ======'timer_super_countdown_tick'====== Args={'ticks': 17, 'ticks_remaining': 17}
2024-09-05 18:44:12,900 : INFO : EventManager : Event: ======'player_super_time'====== Args={'value': 17, 'prev_value': 18, 'change': -1, 'player_num': 1}
2024-09-05 18:44:13,552 : INFO : SwitchController : <<<<<<< 's_side_ramp_made' active >>>>>>>
2024-09-05 18:44:13,552 : INFO : EventManager : Event: ======'sw_switch_hit'====== Args={}
2024-09-05 18:44:13,553 : INFO : EventManager : Event: ======'machine_var_audits_switches_s_side_ramp_made'====== Args={'value': 1132, 'prev_value': 1131, 'change': 1}
2024-09-05 18:44:13,629 : INFO : SwitchController : <<<<<<< 's_side_ramp_made' inactive >>>>>>>
2024-09-05 18:44:13,902 : INFO : EventManager : Event: ======'player_hc_multiball_super_super_countdown_tick'====== Args={'value': 16, 'prev_value': 17, 'change': -1, 'player_num': 1}
2024-09-05 18:44:13,902 : INFO : EventManager : Event: ======'timer_super_countdown_tick'====== Args={'ticks': 16, 'ticks_remaining': 16}
2024-09-05 18:44:13,903 : INFO : EventManager : Event: ======'player_super_time'====== Args={'value': 16, 'prev_value': 17, 'change': -1, 'player_num': 1}
2024-09-05 18:44:14,548 : INFO : EventManager : Event: ======'player_capture_hurryup_capture_timer_tick'====== Args={'value': 4, 'prev_value': 5, 'change': -1, 'player_num': 1}
2024-09-05 18:44:14,549 : INFO : EventManager : Event: ======'timer_capture_timer_tick'====== Args={'ticks': 4, 'ticks_remaining': 4}
2024-09-05 18:44:14,549 : INFO : EventManager : Event: ======'player_capture_timer_number'====== Args={'value': 4, 'prev_value': 5, 'change': -1, 'player_num': 1}
2024-09-05 18:44:14,901 : INFO : EventManager : Event: ======'player_hc_multiball_super_super_countdown_tick'====== Args={'value': 15, 'prev_value': 16, 'change': -1, 'player_num': 1}
2024-09-05 18:44:14,902 : INFO : EventManager : Event: ======'timer_super_countdown_tick'====== Args={'ticks': 15, 'ticks_remaining': 15}
2024-09-05 18:44:14,903 : INFO : EventManager : Event: ======'player_super_time'====== Args={'value': 15, 'prev_value': 16, 'change': -1, 'player_num': 1}
2024-09-05 18:44:15,182 : INFO : SwitchController : <<<<<<< 's_left_ramp_made' active >>>>>>>
2024-09-05 18:44:15,182 : INFO : EventManager : Event: ======'s_left_ramp_made_active'====== Args={}
2024-09-05 18:44:15,182 : INFO : EventManager : Event: ======'sw_switch_hit'====== Args={}
2024-09-05 18:44:15,182 : INFO : EventManager : Event: ======'machine_var_audits_switches_s_left_ramp_made'====== Args={'value': 2004, 'prev_value': 2003, 'change': 1}
2024-09-05 18:44:15,183 : INFO : EventManager : Event: ======'increase_super_time_check'====== Args={'priority': 0}
2024-09-05 18:44:15,183 : INFO : EventManager : Event: ======'increase_super_time'====== Args={'priority': 0}
2024-09-05 18:44:15,206 : INFO : EventManager : Event: ======'stop_super_overtime'====== Args={'priority': 0}
2024-09-05 18:44:15,208 : INFO : EventManager : Event: ======'start_super_time'====== Args={'priority': 0}
2024-09-05 18:44:15,208 : INFO : EventManager : Event: ======'player_hc_multiball_super_super_countdown_tick'====== Args={'value': 20, 'prev_value': 15, 'change': 5, 'player_num': 1}
2024-09-05 18:44:15,209 : INFO : EventManager : Event: ======'timer_super_countdown_time_added'====== Args={'ticks': 20, 'ticks_added': 15, 'ticks_remaining': 15}
2024-09-05 18:44:15,209 : INFO : EventManager : Event: ======'player_super_time'====== Args={'value': 20, 'prev_value': 15, 'change': 5, 'player_num': 1}
2024-09-05 18:44:15,209 : INFO : Timer.super_overtime : Stopping Timer
2024-09-05 18:44:15,209 : INFO : EventManager : Event: ======'timer_super_overtime_stopped'====== Args={'ticks': 3, 'ticks_remaining': 0}
2024-09-05 18:44:15,210 : INFO : EventManager : Event: ======'player_capture_hurryup_capture_timer_tick'====== Args={'value': 5, 'prev_value': 4, 'change': 1, 'player_num': 1}
2024-09-05 18:44:15,210 : INFO : EventManager : Event: ======'player_capture_timer_number'====== Args={'value': 5, 'prev_value': 4, 'change': 1, 'player_num': 1}
2024-09-05 18:44:15,247 : INFO : SwitchController : <<<<<<< 's_left_ramp_made' inactive >>>>>>>
2024-09-05 18:44:15,909 : INFO : EventManager : Event: ======'player_hc_multiball_super_super_countdown_tick'====== Args={'value': 19, 'prev_value': 20, 'change': -1, 'player_num': 1}
2024-09-05 18:44:15,910 : INFO : EventManager : Event: ======'timer_super_countdown_tick'====== Args={'ticks': 19, 'ticks_remaining': 19}
2024-09-05 18:44:15,910 : INFO : EventManager : Event: ======'player_super_time'====== Args={'value': 19, 'prev_value': 20, 'change': -1, 'player_num': 1}
2024-09-05 18:44:16,201 : INFO : EventManager : Event: ======'player_capture_hurryup_capture_timer_tick'====== Args={'value': 4, 'prev_value': 5, 'change': -1, 'player_num': 1}
2024-09-05 18:44:16,201 : INFO : EventManager : Event: ======'timer_capture_timer_tick'====== Args={'ticks': 4, 'ticks_remaining': 4}
2024-09-05 18:44:16,202 : INFO : EventManager : Event: ======'player_capture_timer_number'====== Args={'value': 4, 'prev_value': 5, 'change': -1, 'player_num': 1}
2024-09-05 18:44:16,264 : INFO : SwitchController : <<<<<<< 's_left_ramp_made' active >>>>>>>
2024-09-05 18:44:16,264 : INFO : EventManager : Event: ======'s_left_ramp_made_active'====== Args={}
2024-09-05 18:44:16,264 : INFO : EventManager : Event: ======'sw_switch_hit'====== Args={}
2024-09-05 18:44:16,264 : INFO : EventManager : Event: ======'machine_var_audits_switches_s_left_ramp_made'====== Args={'value': 2005, 'prev_value': 2004, 'change': 1}
2024-09-05 18:44:16,275 : INFO : EventManager : Event: ======'increase_super_time_check'====== Args={'priority': 0}
2024-09-05 18:44:16,275 : INFO : EventManager : Event: ======'increase_super_time'====== Args={'priority': 0}
2024-09-05 18:44:16,276 : INFO : EventManager : Event: ======'stop_super_overtime'====== Args={'priority': 0}
2024-09-05 18:44:16,276 : INFO : EventManager : Event: ======'start_super_time'====== Args={'priority': 0}
2024-09-05 18:44:16,276 : INFO : EventManager : Event: ======'player_hc_multiball_super_super_countdown_tick'====== Args={'value': 20, 'prev_value': 19, 'change': 1, 'player_num': 1}
2024-09-05 18:44:16,277 : INFO : EventManager : Event: ======'timer_super_countdown_time_added'====== Args={'ticks': 20, 'ticks_added': 15, 'ticks_remaining': 19}
2024-09-05 18:44:16,277 : INFO : EventManager : Event: ======'player_super_time'====== Args={'value': 20, 'prev_value': 19, 'change': 1, 'player_num': 1}
2024-09-05 18:44:16,277 : INFO : Timer.super_overtime : Stopping Timer
2024-09-05 18:44:16,277 : INFO : EventManager : Event: ======'timer_super_overtime_stopped'====== Args={'ticks': 3, 'ticks_remaining': 0}
2024-09-05 18:44:16,278 : INFO : EventManager : Event: ======'player_capture_hurryup_capture_timer_tick'====== Args={'value': 5, 'prev_value': 4, 'change': 1, 'player_num': 1}
2024-09-05 18:44:16,278 : INFO : EventManager : Event: ======'player_capture_timer_number'====== Args={'value': 5, 'prev_value': 4, 'change': 1, 'player_num': 1}
2024-09-05 18:44:16,319 : INFO : SwitchController : <<<<<<< 's_left_ramp_made' inactive >>>>>>>
2024-09-05 18:44:16,883 : INFO : SwitchController : <<<<<<< 's_left_ramp_made' active >>>>>>>
2024-09-05 18:44:16,883 : INFO : EventManager : Event: ======'s_left_ramp_made_active'====== Args={}
2024-09-05 18:44:16,883 : INFO : EventManager : Event: ======'sw_switch_hit'====== Args={}
2024-09-05 18:44:16,884 : INFO : EventManager : Event: ======'machine_var_audits_switches_s_left_ramp_made'====== Args={'value': 2006, 'prev_value': 2005, 'change': 1}
2024-09-05 18:44:16,885 : INFO : EventManager : Event: ======'increase_super_time_check'====== Args={'priority': 0}
2024-09-05 18:44:16,885 : INFO : EventManager : Event: ======'increase_super_time'====== Args={'priority': 0}
2024-09-05 18:44:16,886 : INFO : EventManager : Event: ======'stop_super_overtime'====== Args={'priority': 0}
2024-09-05 18:44:16,886 : INFO : EventManager : Event: ======'start_super_time'====== Args={'priority': 0}
2024-09-05 18:44:16,886 : INFO : EventManager : Event: ======'timer_super_countdown_time_added'====== Args={'ticks': 20, 'ticks_added': 15, 'ticks_remaining': 20}
2024-09-05 18:44:16,886 : INFO : Timer.super_overtime : Stopping Timer
2024-09-05 18:44:16,886 : INFO : EventManager : Event: ======'timer_super_overtime_stopped'====== Args={'ticks': 3, 'ticks_remaining': 0}
2024-09-05 18:44:16,899 : INFO : EventManager : Event: ======'player_hc_multiball_super_super_countdown_tick'====== Args={'value': 19, 'prev_value': 20, 'change': -1, 'player_num': 1}
2024-09-05 18:44:16,900 : INFO : EventManager : Event: ======'timer_super_countdown_tick'====== Args={'ticks': 19, 'ticks_remaining': 19}
2024-09-05 18:44:16,900 : INFO : EventManager : Event: ======'player_super_time'====== Args={'value': 19, 'prev_value': 20, 'change': -1, 'player_num': 1}
2024-09-05 18:44:16,958 : INFO : SwitchController : <<<<<<< 's_left_ramp_made' inactive >>>>>>>
2024-09-05 18:44:17,256 : INFO : SwitchController : <<<<<<< 's_left_ramp_made' active >>>>>>>
2024-09-05 18:44:17,257 : INFO : EventManager : Event: ======'s_left_ramp_made_active'====== Args={}
2024-09-05 18:44:17,257 : INFO : EventManager : Event: ======'sw_switch_hit'====== Args={}
2024-09-05 18:44:17,257 : INFO : EventManager : Event: ======'machine_var_audits_switches_s_left_ramp_made'====== Args={'value': 2007, 'prev_value': 2006, 'change': 1}
2024-09-05 18:44:17,258 : INFO : EventManager : Event: ======'increase_super_time_check'====== Args={'priority': 0}
2024-09-05 18:44:17,258 : INFO : EventManager : Event: ======'increase_super_time'====== Args={'priority': 0}
2024-09-05 18:44:17,258 : INFO : EventManager : Event: ======'stop_super_overtime'====== Args={'priority': 0}
2024-09-05 18:44:17,258 : INFO : EventManager : Event: ======'start_super_time'====== Args={'priority': 0}
2024-09-05 18:44:17,258 : INFO : EventManager : Event: ======'player_hc_multiball_super_super_countdown_tick'====== Args={'value': 20, 'prev_value': 19, 'change': 1, 'player_num': 1}
2024-09-05 18:44:17,259 : INFO : EventManager : Event: ======'timer_super_countdown_time_added'====== Args={'ticks': 20, 'ticks_added': 15, 'ticks_remaining': 19}
2024-09-05 18:44:17,259 : INFO : EventManager : Event: ======'player_super_time'====== Args={'value': 20, 'prev_value': 19, 'change': 1, 'player_num': 1}
2024-09-05 18:44:17,259 : INFO : Timer.super_overtime : Stopping Timer
2024-09-05 18:44:17,259 : INFO : EventManager : Event: ======'timer_super_overtime_stopped'====== Args={'ticks': 3, 'ticks_remaining': 0}
2024-09-05 18:44:17,326 : INFO : SwitchController : <<<<<<< 's_left_ramp_made' inactive >>>>>>>
2024-09-05 18:44:17,441 : INFO : SwitchController : <<<<<<< 's_left_ramp_made' active >>>>>>>
2024-09-05 18:44:17,441 : INFO : EventManager : Event: ======'s_left_ramp_made_active'====== Args={}
2024-09-05 18:44:17,441 : INFO : EventManager : Event: ======'sw_switch_hit'====== Args={}
2024-09-05 18:44:17,441 : INFO : EventManager : Event: ======'machine_var_audits_switches_s_left_ramp_made'====== Args={'value': 2008, 'prev_value': 2007, 'change': 1}
2024-09-05 18:44:17,442 : INFO : EventManager : Event: ======'increase_super_time_check'====== Args={'priority': 0}
2024-09-05 18:44:17,442 : INFO : EventManager : Event: ======'increase_super_time'====== Args={'priority': 0}
2024-09-05 18:44:17,442 : INFO : EventManager : Event: ======'stop_super_overtime'====== Args={'priority': 0}
2024-09-05 18:44:17,443 : INFO : EventManager : Event: ======'start_super_time'====== Args={'priority': 0}
2024-09-05 18:44:17,443 : INFO : EventManager : Event: ======'timer_super_countdown_time_added'====== Args={'ticks': 20, 'ticks_added': 15, 'ticks_remaining': 20}
2024-09-05 18:44:17,443 : INFO : Timer.super_overtime : Stopping Timer
2024-09-05 18:44:17,443 : INFO : EventManager : Event: ======'timer_super_overtime_stopped'====== Args={'ticks': 3, 'ticks_remaining': 0}
2024-09-05 18:44:17,518 : INFO : SwitchController : <<<<<<< 's_left_ramp_made' inactive >>>>>>>
2024-09-05 18:44:17,594 : INFO : SwitchController : <<<<<<< 's_left_ramp_made' active >>>>>>>
2024-09-05 18:44:17,595 : INFO : EventManager : Event: ======'s_left_ramp_made_active'====== Args={}
2024-09-05 18:44:17,595 : INFO : EventManager : Event: ======'sw_switch_hit'====== Args={}
2024-09-05 18:44:17,595 : INFO : EventManager : Event: ======'machine_var_audits_switches_s_left_ramp_made'====== Args={'value': 2009, 'prev_value': 2008, 'change': 1}
2024-09-05 18:44:17,596 : INFO : EventManager : Event: ======'increase_super_time_check'====== Args={'priority': 0}
2024-09-05 18:44:17,596 : INFO : EventManager : Event: ======'increase_super_time'====== Args={'priority': 0}
2024-09-05 18:44:17,597 : INFO : EventManager : Event: ======'stop_super_overtime'====== Args={'priority': 0}
2024-09-05 18:44:17,597 : INFO : EventManager : Event: ======'start_super_time'====== Args={'priority': 0}
2024-09-05 18:44:17,597 : INFO : EventManager : Event: ======'timer_super_countdown_time_added'====== Args={'ticks': 20, 'ticks_added': 15, 'ticks_remaining': 20}
2024-09-05 18:44:17,597 : INFO : Timer.super_overtime : Stopping Timer
2024-09-05 18:44:17,597 : INFO : EventManager : Event: ======'timer_super_overtime_stopped'====== Args={'ticks': 3, 'ticks_remaining': 0}
2024-09-05 18:44:17,647 : INFO : SwitchController : <<<<<<< 's_left_ramp_made' inactive >>>>>>>
2024-09-05 18:44:17,902 : INFO : EventManager : Event: ======'player_hc_multiball_super_super_countdown_tick'====== Args={'value': 19, 'prev_value': 20, 'change': -1, 'player_num': 1}
2024-09-05 18:44:17,902 : INFO : EventManager : Event: ======'timer_super_countdown_tick'====== Args={'ticks': 19, 'ticks_remaining': 19}
2024-09-05 18:44:17,903 : INFO : EventManager : Event: ======'player_super_time'====== Args={'value': 19, 'prev_value': 20, 'change': -1, 'player_num': 1}
2024-09-05 18:44:18,602 : INFO : EventManager : Event: ======'player_capture_hurryup_capture_timer_tick'====== Args={'value': 4, 'prev_value': 5, 'change': -1, 'player_num': 1}
2024-09-05 18:44:18,602 : INFO : EventManager : Event: ======'timer_capture_timer_tick'====== Args={'ticks': 4, 'ticks_remaining': 4}
2024-09-05 18:44:18,603 : INFO : EventManager : Event: ======'player_capture_timer_number'====== Args={'value': 4, 'prev_value': 5, 'change': -1, 'player_num': 1}
2024-09-05 18:44:18,904 : INFO : EventManager : Event: ======'player_hc_multiball_super_super_countdown_tick'====== Args={'value': 18, 'prev_value': 19, 'change': -1, 'player_num': 1}
2024-09-05 18:44:18,905 : INFO : EventManager : Event: ======'timer_super_countdown_tick'====== Args={'ticks': 18, 'ticks_remaining': 18}
2024-09-05 18:44:18,905 : INFO : EventManager : Event: ======'player_super_time'====== Args={'value': 18, 'prev_value': 19, 'change': -1, 'player_num': 1}
2024-09-05 18:44:19,598 : INFO : EventManager : Event: ======'player_capture_hurryup_capture_timer_tick'====== Args={'value': 3, 'prev_value': 4, 'change': -1, 'player_num': 1}
2024-09-05 18:44:19,598 : INFO : EventManager : Event: ======'timer_capture_timer_tick'====== Args={'ticks': 3, 'ticks_remaining': 3}
2024-09-05 18:44:19,599 : INFO : EventManager : Event: ======'player_capture_timer_number'====== Args={'value': 3, 'prev_value': 4, 'change': -1, 'player_num': 1}
2024-09-05 18:44:19,688 : INFO : SwitchController : <<<<<<< 's_lock_2' active >>>>>>>
2024-09-05 18:44:19,688 : INFO : EventManager : Event: ======'sw_switch_hit'====== Args={}
2024-09-05 18:44:19,688 : INFO : EventManager : Event: ======'machine_var_audits_switches_s_lock_2'====== Args={'value': 439, 'prev_value': 438, 'change': 1}
2024-09-05 18:44:19,699 : INFO : EventManager : Event: ======'player_capture_hurryup_capture_timer_tick'====== Args={'value': 5, 'prev_value': 3, 'change': 2, 'player_num': 1}
2024-09-05 18:44:19,699 : INFO : EventManager : Event: ======'player_capture_timer_number'====== Args={'value': 5, 'prev_value': 3, 'change': 2, 'player_num': 1}
2024-09-05 18:44:19,899 : INFO : EventManager : Event: ======'player_hc_multiball_super_super_countdown_tick'====== Args={'value': 17, 'prev_value': 18, 'change': -1, 'player_num': 1}
2024-09-05 18:44:19,914 : INFO : EventManager : Event: ======'timer_super_countdown_tick'====== Args={'ticks': 17, 'ticks_remaining': 17}
2024-09-05 18:44:19,914 : INFO : EventManager : Event: ======'player_super_time'====== Args={'value': 17, 'prev_value': 18, 'change': -1, 'player_num': 1}
2024-09-05 18:44:20,200 : INFO : EventManager : Event: ======'balldevice_bd_hc_lock_ball_count_changed'====== Args={'balls': 2}
2024-09-05 18:44:20,200 : INFO : ball_device.bd_hc_lock : Received unexpected ball
2024-09-05 18:44:20,200 : INFO : EventManager : Event: ======'balldevice_captured_from_playfield'====== Args={'balls': 1}
2024-09-05 18:44:20,201 : INFO : EventManager : Event: ======'sw_playfield_active'====== Args={'balls': 1}
2024-09-05 18:44:20,201 : INFO : EventManager : Event: ======'playfield_ball_count_change'====== Args={'balls': 2, 'change': -1}
2024-09-05 18:44:20,201 : INFO : EventManager : Event: ======'balldevice_bd_hc_lock_ball_enter'====== Args={'new_balls': 1, 'unclaimed_balls': 1, 'new_available_balls': 1, 'device': <ball_device.bd_hc_lock>}
2024-09-05 18:44:20,202 : INFO : EventManager : Event: ======'ball_hold_super_hold_held_ball'====== Args={'balls_held': 1, 'total_balls_held': 2}
2024-09-05 18:44:20,202 : INFO : EventManager : Event: ======'player_super_lock'====== Args={'value': 2, 'prev_value': 1, 'change': 1, 'player_num': 1}
2024-09-05 18:44:20,202 : INFO : EventManager : Event: ======'scan_super'====== Args={'priority': 0}
2024-09-05 18:44:20,202 : INFO : EventManager : Event: ======'restart_super_time'====== Args={'priority': 0}
2024-09-05 18:44:20,203 : INFO : EventManager : Event: ======'super_lock_2'====== Args={'priority': 0}
2024-09-05 18:44:20,203 : INFO : EventManager : Event: ======'check_super_text_locked'====== Args={'priority': 0}
2024-09-05 18:44:20,203 : INFO : EventManager : Event: ======'update_super_text_2_locked'====== Args={'priority': 0}
2024-09-05 18:44:20,203 : INFO : EventManager : Event: ======'check_super_text_offline'====== Args={'priority': 0}
2024-09-05 18:44:20,203 : INFO : EventManager : Event: ======'player_hc_multiball_super_super_countdown_tick'====== Args={'value': 20, 'prev_value': 17, 'change': 3, 'player_num': 1}
2024-09-05 18:44:20,203 : INFO : EventManager : Event: ======'player_super_time'====== Args={'value': 20, 'prev_value': 17, 'change': 3, 'player_num': 1}
2024-09-05 18:44:20,203 : INFO : EventManager : Event: ======'balldevice_balls_available'====== Args={}
2024-09-05 18:44:20,203 : INFO : EventManager : Event: ======'balldevice_bd_hc_lock_ball_entered'====== Args={'new_balls': 1, 'device': <ball_device.bd_hc_lock>}
2024-09-05 18:44:20,726 : INFO : EventManager : Event: ======'player_capture_hurryup_capture_timer_tick'====== Args={'value': 4, 'prev_value': 5, 'change': -1, 'player_num': 1}
2024-09-05 18:44:20,726 : INFO : EventManager : Event: ======'timer_capture_timer_tick'====== Args={'ticks': 4, 'ticks_remaining': 4}
2024-09-05 18:44:20,726 : INFO : EventManager : Event: ======'player_capture_timer_number'====== Args={'value': 4, 'prev_value': 5, 'change': -1, 'player_num': 1}
2024-09-05 18:44:21,209 : INFO : EventManager : Event: ======'player_hc_multiball_super_super_countdown_tick'====== Args={'value': 19, 'prev_value': 20, 'change': -1, 'player_num': 1}
2024-09-05 18:44:21,224 : INFO : EventManager : Event: ======'timer_super_countdown_tick'====== Args={'ticks': 19, 'ticks_remaining': 19}
2024-09-05 18:44:21,225 : INFO : EventManager : Event: ======'player_super_time'====== Args={'value': 19, 'prev_value': 20, 'change': -1, 'player_num': 1}
2024-09-05 18:44:21,724 : INFO : EventManager : Event: ======'player_capture_hurryup_capture_timer_tick'====== Args={'value': 3, 'prev_value': 4, 'change': -1, 'player_num': 1}
2024-09-05 18:44:21,725 : INFO : EventManager : Event: ======'timer_capture_timer_tick'====== Args={'ticks': 3, 'ticks_remaining': 3}
2024-09-05 18:44:21,725 : INFO : EventManager : Event: ======'player_capture_timer_number'====== Args={'value': 3, 'prev_value': 4, 'change': -1, 'player_num': 1}
2024-09-05 18:44:22,207 : INFO : EventManager : Event: ======'player_hc_multiball_super_super_countdown_tick'====== Args={'value': 18, 'prev_value': 19, 'change': -1, 'player_num': 1}
2024-09-05 18:44:22,207 : INFO : EventManager : Event: ======'timer_super_countdown_tick'====== Args={'ticks': 18, 'ticks_remaining': 18}
2024-09-05 18:44:22,207 : INFO : EventManager : Event: ======'player_super_time'====== Args={'value': 18, 'prev_value': 19, 'change': -1, 'player_num': 1}
2024-09-05 18:44:22,723 : INFO : EventManager : Event: ======'player_capture_hurryup_capture_timer_tick'====== Args={'value': 2, 'prev_value': 3, 'change': -1, 'player_num': 1}
2024-09-05 18:44:22,723 : INFO : EventManager : Event: ======'timer_capture_timer_tick'====== Args={'ticks': 2, 'ticks_remaining': 2}
2024-09-05 18:44:22,723 : INFO : EventManager : Event: ======'player_capture_timer_number'====== Args={'value': 2, 'prev_value': 3, 'change': -1, 'player_num': 1}
2024-09-05 18:44:23,203 : INFO : EventManager : Event: ======'player_hc_multiball_super_super_countdown_tick'====== Args={'value': 17, 'prev_value': 18, 'change': -1, 'player_num': 1}
2024-09-05 18:44:23,203 : INFO : EventManager : Event: ======'timer_super_countdown_tick'====== Args={'ticks': 17, 'ticks_remaining': 17}
2024-09-05 18:44:23,203 : INFO : EventManager : Event: ======'player_super_time'====== Args={'value': 17, 'prev_value': 18, 'change': -1, 'player_num': 1}
2024-09-05 18:44:23,265 : INFO : SwitchController : <<<<<<< 's_lock_1' active >>>>>>>
2024-09-05 18:44:23,265 : INFO : EventManager : Event: ======'sw_switch_hit'====== Args={}
2024-09-05 18:44:23,265 : INFO : EventManager : Event: ======'machine_var_audits_switches_s_lock_1'====== Args={'value': 427, 'prev_value': 426, 'change': 1}
2024-09-05 18:44:23,266 : INFO : EventManager : Event: ======'player_capture_hurryup_capture_timer_tick'====== Args={'value': 5, 'prev_value': 2, 'change': 3, 'player_num': 1}
2024-09-05 18:44:23,267 : INFO : EventManager : Event: ======'player_capture_timer_number'====== Args={'value': 5, 'prev_value': 2, 'change': 3, 'player_num': 1}
2024-09-05 18:44:23,766 : INFO : EventManager : Event: ======'balldevice_bd_hc_lock_ball_count_changed'====== Args={'balls': 3}
2024-09-05 18:44:23,767 : INFO : ball_device.bd_hc_lock : Received unexpected ball
2024-09-05 18:44:23,767 : INFO : EventManager : Event: ======'balldevice_captured_from_playfield'====== Args={'balls': 1}
2024-09-05 18:44:23,767 : INFO : EventManager : Event: ======'sw_playfield_active'====== Args={'balls': 1}
2024-09-05 18:44:23,767 : INFO : EventManager : Event: ======'playfield_ball_count_change'====== Args={'balls': 1, 'change': -1}
2024-09-05 18:44:23,768 : INFO : EventManager : Event: ======'balldevice_bd_hc_lock_ball_enter'====== Args={'new_balls': 1, 'unclaimed_balls': 1, 'new_available_balls': 1, 'device': <ball_device.bd_hc_lock>}
2024-09-05 18:44:23,769 : INFO : EventManager : Event: ======'ball_hold_super_hold_held_ball'====== Args={'balls_held': 1, 'total_balls_held': 3}
2024-09-05 18:44:23,769 : INFO : EventManager : Event: ======'ball_hold_super_hold_full'====== Args={'balls': 3}
2024-09-05 18:44:23,769 : INFO : EventManager : Event: ======'player_super_lock'====== Args={'value': 3, 'prev_value': 2, 'change': 1, 'player_num': 1}
2024-09-05 18:44:23,770 : INFO : EventManager : Event: ======'scan_super'====== Args={'priority': 0}
2024-09-05 18:44:23,770 : INFO : EventManager : Event: ======'restart_super_time'====== Args={'priority': 0}
2024-09-05 18:44:23,770 : INFO : EventManager : Event: ======'super_lock_3'====== Args={'priority': 0}
2024-09-05 18:44:23,770 : INFO : EventManager : Event: ======'check_super_text_locked'====== Args={'priority': 0}
2024-09-05 18:44:23,771 : INFO : EventManager : Event: ======'award_super_jackpot'====== Args={'priority': 0}
2024-09-05 18:44:23,771 : INFO : EventManager : Event: ======'update_super_text_3_locked'====== Args={'priority': 0}
2024-09-05 18:44:23,771 : INFO : EventManager : Event: ======'check_super_text_offline'====== Args={'priority': 0}
2024-09-05 18:44:23,772 : INFO : ball_device.bd_hc_lock : Adding 1 ball(s) to the eject_queue with target <playfield.playfield>.
2024-09-05 18:44:23,772 : INFO : EventManager : Event: ======'balldevice_balls_available'====== Args={}
2024-09-05 18:44:23,772 : INFO : ball_device.bd_hc_lock : Adding 1 ball(s) to the eject_queue with target <playfield.playfield>.
2024-09-05 18:44:23,772 : INFO : EventManager : Event: ======'balldevice_balls_available'====== Args={}
2024-09-05 18:44:23,772 : INFO : ball_device.bd_hc_lock : Adding 1 ball(s) to the eject_queue with target <playfield.playfield>.
2024-09-05 18:44:23,773 : INFO : EventManager : Event: ======'ball_hold_super_hold_balls_released'====== Args={'balls_released': 3}
2024-09-05 18:44:23,773 : INFO : EventManager : Event: ======'stop_super_time'====== Args={'priority': 0}
2024-09-05 18:44:23,773 : INFO : EventManager : Event: ======'award_triple_super_jackpot'====== Args={'priority': 0}
2024-09-05 18:44:23,773 : INFO : EventManager : Event: ======'player_score'====== Args={'value': 380000000, 'prev_value': 280000000, 'change': 100000000, 'player_num': 1}
2024-09-05 18:44:23,774 : INFO : EventManager : Event: ======'player_hctotal'====== Args={'value': 380000000, 'prev_value': 280000000, 'change': 100000000, 'player_num': 1}
2024-09-05 18:44:23,774 : INFO : Timer.super_countdown : Stopping Timer
2024-09-05 18:44:23,774 : INFO : EventManager : Event: ======'timer_super_countdown_stopped'====== Args={'ticks': 17, 'ticks_remaining': 17}
2024-09-05 18:44:23,775 : INFO : EventManager : Event: ======'player_score'====== Args={'value': 680000000, 'prev_value': 380000000, 'change': 300000000, 'player_num': 1}
2024-09-05 18:44:23,775 : INFO : EventManager : Event: ======'player_hctotal'====== Args={'value': 680000000, 'prev_value': 380000000, 'change': 300000000, 'player_num': 1}
2024-09-05 18:44:23,776 : INFO : EventManager : Event: ======'player_hc_multiball_super_super_countdown_tick'====== Args={'value': 20, 'prev_value': 17, 'change': 3, 'player_num': 1}
2024-09-05 18:44:23,777 : INFO : Timer.super_countdown : Starting Timer.
2024-09-05 18:44:23,777 : INFO : EventManager : Event: ======'timer_super_countdown_started'====== Args={'ticks': 20, 'ticks_remaining': 20}
2024-09-05 18:44:23,777 : INFO : EventManager : Event: ======'timer_super_countdown_tick'====== Args={'ticks': 20, 'ticks_remaining': 20}
2024-09-05 18:44:23,777 : INFO : EventManager : Event: ======'player_super_time'====== Args={'value': 20, 'prev_value': 17, 'change': 3, 'player_num': 1}
2024-09-05 18:44:23,778 : INFO : EventManager : Event: ======'balldevice_balls_available'====== Args={}
2024-09-05 18:44:23,778 : INFO : EventManager : Event: ======'balldevice_balls_available'====== Args={}
2024-09-05 18:44:23,778 : INFO : EventManager : Event: ======'balldevice_bd_hc_lock_ball_entered'====== Args={'new_balls': 1, 'device': <ball_device.bd_hc_lock>}
2024-09-05 18:44:23,806 : INFO : ball_device.bd_hc_lock : State: waiting_for_target_ready
2024-09-05 18:44:23,806 : INFO : EventManager : Event: ======'balldevice_bd_hc_lock_ball_eject_attempt'====== Args={'balls': 1, 'target': <playfield.playfield>, 'source': <ball_device.bd_hc_lock>, 'mechanical_eject': False, 'num_attempts': 0}
2024-09-05 18:44:23,807 : INFO : ball_device.bd_hc_lock : State: ejecting
2024-09-05 18:44:23,807 : INFO : ball_device.bd_hc_lock : Ejecting ball to <playfield.playfield>
2024-09-05 18:44:23,807 : INFO : EventManager : Event: ======'balldevice_bd_hc_lock_ejecting_ball'====== Args={'balls': 1, 'target': <playfield.playfield>, 'source': <ball_device.bd_hc_lock>, 'mechanical_eject': False, 'num_attempts': 0}
2024-09-05 18:44:23,808 : INFO : ball_device.bd_hc_lock : Wait for ball to leave device
2024-09-05 18:44:23,808 : INFO : coil.c_lock_eject : Pulsing Driver for 10ms (1.0 pulse_power)
2024-09-05 18:44:23,808 : INFO : SwitchController : <<<<<<< 's_lock_1' inactive >>>>>>>
2024-09-05 18:44:23,821 : INFO : ball_device.bd_hc_lock : State: ball_left
2024-09-05 18:44:23,822 : INFO : ball_device.bd_hc_lock : Ball left
2024-09-05 18:44:23,822 : INFO : ball_device.bd_hc_lock : Wait for confirm with timeout 3.0
2024-09-05 18:44:24,252 : INFO : EventManager : Event: ======'player_capture_hurryup_capture_timer_tick'====== Args={'value': 4, 'prev_value': 5, 'change': -1, 'player_num': 1}
2024-09-05 18:44:24,252 : INFO : EventManager : Event: ======'timer_capture_timer_tick'====== Args={'ticks': 4, 'ticks_remaining': 4}
2024-09-05 18:44:24,252 : INFO : EventManager : Event: ======'player_capture_timer_number'====== Args={'value': 4, 'prev_value': 5, 'change': -1, 'player_num': 1}
2024-09-05 18:44:24,279 : INFO : EventManager : Event: ======'start_super_muzzle_3'====== Args={'priority': 0}
2024-09-05 18:44:24,657 : INFO : EventManager : Event: ======'fade_out_super_screen'====== Args={'priority': 0}
2024-09-05 18:44:24,657 : INFO : EventManager : Event: ======'fade_in_super_3'====== Args={'priority': 0}
2024-09-05 18:44:24,769 : INFO : EventManager : Event: ======'player_hc_multiball_super_super_countdown_tick'====== Args={'value': 19, 'prev_value': 20, 'change': -1, 'player_num': 1}
2024-09-05 18:44:24,769 : INFO : EventManager : Event: ======'timer_super_countdown_tick'====== Args={'ticks': 19, 'ticks_remaining': 19}
2024-09-05 18:44:24,770 : INFO : EventManager : Event: ======'player_super_time'====== Args={'value': 19, 'prev_value': 20, 'change': -1, 'player_num': 1}
2024-09-05 18:44:25,257 : INFO : EventManager : Event: ======'player_capture_hurryup_capture_timer_tick'====== Args={'value': 3, 'prev_value': 4, 'change': -1, 'player_num': 1}
2024-09-05 18:44:25,257 : INFO : EventManager : Event: ======'timer_capture_timer_tick'====== Args={'ticks': 3, 'ticks_remaining': 3}
2024-09-05 18:44:25,258 : INFO : EventManager : Event: ======'player_capture_timer_number'====== Args={'value': 3, 'prev_value': 4, 'change': -1, 'player_num': 1}
2024-09-05 18:44:25,274 : INFO : EventManager : Event: ======'remove_super_screen'====== Args={'priority': 0}
2024-09-05 18:44:25,777 : INFO : EventManager : Event: ======'player_hc_multiball_super_super_countdown_tick'====== Args={'value': 18, 'prev_value': 19, 'change': -1, 'player_num': 1}
2024-09-05 18:44:25,781 : INFO : EventManager : Event: ======'timer_super_countdown_tick'====== Args={'ticks': 18, 'ticks_remaining': 18}
2024-09-05 18:44:25,782 : INFO : EventManager : Event: ======'player_super_time'====== Args={'value': 18, 'prev_value': 19, 'change': -1, 'player_num': 1}
2024-09-05 18:44:26,275 : INFO : EventManager : Event: ======'player_capture_hurryup_capture_timer_tick'====== Args={'value': 2, 'prev_value': 3, 'change': -1, 'player_num': 1}
2024-09-05 18:44:26,276 : INFO : EventManager : Event: ======'timer_capture_timer_tick'====== Args={'ticks': 2, 'ticks_remaining': 2}
2024-09-05 18:44:26,276 : INFO : EventManager : Event: ======'remove_super_muzzle_3'====== Args={'priority': 0}
2024-09-05 18:44:26,276 : INFO : EventManager : Event: ======'player_capture_timer_number'====== Args={'value': 2, 'prev_value': 3, 'change': -1, 'player_num': 1}
2024-09-05 18:44:26,767 : INFO : EventManager : Event: ======'player_hc_multiball_super_super_countdown_tick'====== Args={'value': 17, 'prev_value': 18, 'change': -1, 'player_num': 1}
2024-09-05 18:44:26,768 : INFO : EventManager : Event: ======'timer_super_countdown_tick'====== Args={'ticks': 17, 'ticks_remaining': 17}
2024-09-05 18:44:26,768 : INFO : EventManager : Event: ======'player_super_time'====== Args={'value': 17, 'prev_value': 18, 'change': -1, 'player_num': 1}
2024-09-05 18:44:26,822 : INFO : ball_device.bd_hc_lock : State: failed_confirm
2024-09-05 18:44:26,822 : INFO : ball_device.bd_hc_lock : Got timeout (3.0s) before confirm from <playfield.playfield>
2024-09-05 18:44:26,932 : INFO : ball_device.bd_hc_lock : Confirming eject because target is playfield and ball did not return.
2024-09-05 18:44:26,932 : INFO : ball_device.bd_hc_lock : Eject successful
2024-09-05 18:44:26,932 : INFO : EventManager : Event: ======'balldevice_bd_hc_lock_ball_eject_success'====== Args={'balls': 1, 'target': <playfield.playfield>}
2024-09-05 18:44:26,933 : INFO : EventManager : Event: ======'balldevice_playfield_ball_enter'====== Args={'new_balls': 1, 'unclaimed_balls': 1, 'device': <playfield.playfield>}
2024-09-05 18:44:26,933 : INFO : EventManager : Event: ======'playfield_ball_count_change'====== Args={'balls': 2, 'change': 1}
2024-09-05 18:44:26,933 : INFO : EventManager : Event: ======'balldevice_bd_hc_lock_ball_count_changed'====== Args={'balls': 2}
2024-09-05 18:44:26,933 : INFO : ball_device.bd_hc_lock : State: idle
2024-09-05 18:44:26,934 : INFO : ball_device.bd_hc_lock : State: waiting_for_target_ready
2024-09-05 18:44:26,934 : INFO : EventManager : Event: ======'balldevice_bd_hc_lock_ball_eject_attempt'====== Args={'balls': 1, 'target': <playfield.playfield>, 'source': <ball_device.bd_hc_lock>, 'mechanical_eject': False, 'num_attempts': 0}
2024-09-05 18:44:26,935 : INFO : ball_device.bd_hc_lock : State: ejecting
2024-09-05 18:44:26,935 : INFO : ball_device.bd_hc_lock : Ejecting ball to <playfield.playfield>
2024-09-05 18:44:26,935 : INFO : EventManager : Event: ======'balldevice_bd_hc_lock_ejecting_ball'====== Args={'balls': 1, 'target': <playfield.playfield>, 'source': <ball_device.bd_hc_lock>, 'mechanical_eject': False, 'num_attempts': 0}
2024-09-05 18:44:26,936 : INFO : ball_device.bd_hc_lock : Wait for ball to leave device
2024-09-05 18:44:26,936 : INFO : coil.c_lock_eject : Pulsing Driver for 10ms (1.0 pulse_power)
2024-09-05 18:44:26,936 : INFO : SwitchController : <<<<<<< 's_lock_2' inactive >>>>>>>
2024-09-05 18:44:26,964 : INFO : ball_device.bd_hc_lock : State: ball_left
2024-09-05 18:44:26,964 : INFO : ball_device.bd_hc_lock : Ball left
2024-09-05 18:44:26,965 : INFO : ball_device.bd_hc_lock : Wait for confirm with timeout 3.0
2024-09-05 18:44:27,264 : INFO : EventManager : Event: ======'player_capture_hurryup_capture_timer_tick'====== Args={'value': 1, 'prev_value': 2, 'change': -1, 'player_num': 1}
2024-09-05 18:44:27,265 : INFO : EventManager : Event: ======'timer_capture_timer_tick'====== Args={'ticks': 1, 'ticks_remaining': 1}
2024-09-05 18:44:27,265 : INFO : EventManager : Event: ======'player_capture_timer_number'====== Args={'value': 1, 'prev_value': 2, 'change': -1, 'player_num': 1}
2024-09-05 18:44:27,268 : INFO : EventManager : Event: ======'remove_super_text_3'====== Args={'priority': 0}
2024-09-05 18:44:27,269 : INFO : EventManager : Event: ======'exit_super_phase'====== Args={'priority': 0}
2024-09-05 18:44:27,269 : INFO : EventManager : Event: ======'player_super_lock'====== Args={'value': 0, 'prev_value': 3, 'change': -3, 'player_num': 1}
2024-09-05 18:44:27,270 : INFO : EventManager : Event: ======'exit_super_phase_to_jackpot'====== Args={'priority': 0}
2024-09-05 18:44:27,270 : INFO : EventManager : Event: ======'scan_super'====== Args={'priority': 0}
2024-09-05 18:44:27,270 : INFO : EventManager : Event: ======'restart_super_time'====== Args={'priority': 0}
2024-09-05 18:44:27,270 : INFO : EventManager : Event: ======'check_super_text_locked'====== Args={'priority': 0}
2024-09-05 18:44:27,271 : INFO : EventManager : Event: ======'update_super_text_0_locked'====== Args={'priority': 0}
2024-09-05 18:44:27,271 : INFO : EventManager : Event: ======'check_super_text_offline'====== Args={'priority': 0}
2024-09-05 18:44:27,271 : INFO : EventManager : Event: ======'player_hc_multiball_super_super_countdown_tick'====== Args={'value': 20, 'prev_value': 17, 'change': 3, 'player_num': 1}
2024-09-05 18:44:27,272 : INFO : EventManager : Event: ======'player_super_time'====== Args={'value': 20, 'prev_value': 17, 'change': 3, 'player_num': 1}
2024-09-05 18:44:27,272 : INFO : state_machine.hc_multiball : Transitioning from superjackpot to jackpot
2024-09-05 18:44:27,272 : INFO : EventManager : Event: ======'super_jackpot_stopped'====== Args={}
2024-09-05 18:44:27,272 : INFO : EventManager : Event: ======'jackpot_start'====== Args={}
2024-09-05 18:44:27,273 : INFO : EventManager : Event: ======'mode_hc_multiball_super_will_stop'====== Args={}
2024-09-05 18:44:27,273 : INFO : EventManager : Event: ======'mode_hc_multiball_super_stopping'====== Args={}
2024-09-05 18:44:27,273 : INFO : EventManager : Event: ======'mode_hc_multiball_will_start'====== Args={}
2024-09-05 18:44:27,274 : INFO : EventManager : Event: ======'jackpots_complete'====== Args={'state': 'unlit'}
2024-09-05 18:44:27,274 : INFO : EventManager : Event: ======'jackpots_unlit_complete'====== Args={}
2024-09-05 18:44:27,281 : INFO : EventManager : Event: ======'mode_hc_multiball_starting'====== Args={}
2024-09-05 18:44:27,281 : INFO : Mode.hc_multiball_super : Stopped.
2024-09-05 18:44:27,281 : INFO : EventManager : Event: ======'modes_active_modes_changed'====== Args={}
2024-09-05 18:44:27,281 : INFO : EventManager : Event: ======'super_hold_disable'====== Args={}
2024-09-05 18:44:27,282 : INFO : EventManager : Event: ======'mode_hc_multiball_super_stopped'====== Args={}
2024-09-05 18:44:27,282 : INFO : EventManager : Event: ======'clear'====== Args={'key': 'hc_multiball_super'}
2024-09-05 18:44:27,282 : INFO : Timer.super_countdown : Stopping Timer
2024-09-05 18:44:27,282 : INFO : EventManager : Event: ======'timer_super_countdown_stopped'====== Args={'ticks': 20, 'ticks_remaining': 20}
2024-09-05 18:44:27,283 : INFO : Timer.super_overtime : Stopping Timer
2024-09-05 18:44:27,283 : INFO : EventManager : Event: ======'timer_super_overtime_stopped'====== Args={'ticks': 3, 'ticks_remaining': 0}
2024-09-05 18:44:27,284 : INFO : EventManager : Event: ======'logicblock_hc_secondary_updated'====== Args={'value': 0, 'enabled': True}
2024-09-05 18:44:27,284 : INFO : EventManager : Event: ======'logicblock_hc_secondary_updated'====== Args={'value': 0, 'enabled': True}
2024-09-05 18:44:27,284 : INFO : Mode.hc_multiball : Started. Priority: 300
2024-09-05 18:44:27,284 : INFO : EventManager : Event: ======'modes_active_modes_changed'====== Args={}
2024-09-05 18:44:27,285 : INFO : EventManager : Event: ======'mode_hc_multiball_started'====== Args={}
2024-09-05 18:44:27,313 : INFO : EventManager : Event: ======'slide_hc_super_slide_removed'====== Args={'_from_bcp': True}
2024-09-05 18:44:27,313 : INFO : EventManager : Event: ======'slide_prelaunch_slide_active'====== Args={'_from_bcp': True}
2024-09-05 18:44:27,320 : INFO : EventManager : Event: ======'slide_high_caliber_slide_created'====== Args={'_from_bcp': True}
2024-09-05 18:44:27,329 : INFO : EventManager : Event: ======'slide_high_caliber_slide_active'====== Args={'_from_bcp': True}
2024-09-05 18:44:28,268 : INFO : EventManager : Event: ======'player_capture_hurryup_capture_timer_tick'====== Args={'value': 0, 'prev_value': 1, 'change': -1, 'player_num': 1}
2024-09-05 18:44:28,268 : INFO : Timer.capture_timer : Timer Complete
2024-09-05 18:44:28,269 : INFO : Timer.capture_timer : Stopping Timer
2024-09-05 18:44:28,269 : INFO : EventManager : Event: ======'timer_capture_timer_stopped'====== Args={'ticks': 0, 'ticks_remaining': 1}
2024-09-05 18:44:28,269 : INFO : EventManager : Event: ======'timer_capture_timer_complete'====== Args={'ticks': 0, 'ticks_remaining': 1}
2024-09-05 18:44:28,270 : INFO : EventManager : Event: ======'player_capture_timer_number'====== Args={'value': 0, 'prev_value': 1, 'change': -1, 'player_num': 1}
2024-09-05 18:44:29,945 : INFO : ball_device.bd_hc_lock : State: failed_confirm
2024-09-05 18:44:29,945 : INFO : ball_device.bd_hc_lock : Got timeout (3.0s) before confirm from <playfield.playfield>
2024-09-05 18:44:30,037 : INFO : ball_device.bd_hc_lock : Confirming eject because target is playfield and ball did not return.
2024-09-05 18:44:30,037 : INFO : ball_device.bd_hc_lock : Eject successful
2024-09-05 18:44:30,037 : INFO : EventManager : Event: ======'balldevice_bd_hc_lock_ball_eject_success'====== Args={'balls': 1, 'target': <playfield.playfield>}
2024-09-05 18:44:30,037 : INFO : EventManager : Event: ======'balldevice_playfield_ball_enter'====== Args={'new_balls': 1, 'unclaimed_balls': 1, 'device': <playfield.playfield>}
2024-09-05 18:44:30,037 : INFO : EventManager : Event: ======'playfield_ball_count_change'====== Args={'balls': 3, 'change': 1}
2024-09-05 18:44:30,038 : INFO : EventManager : Event: ======'balldevice_bd_hc_lock_ball_count_changed'====== Args={'balls': 1}
2024-09-05 18:44:30,038 : INFO : ball_device.bd_hc_lock : State: idle
2024-09-05 18:44:30,038 : INFO : ball_device.bd_hc_lock : State: waiting_for_target_ready
2024-09-05 18:44:30,039 : INFO : EventManager : Event: ======'balldevice_bd_hc_lock_ball_eject_attempt'====== Args={'balls': 1, 'target': <playfield.playfield>, 'source': <ball_device.bd_hc_lock>, 'mechanical_eject': False, 'num_attempts': 0}
2024-09-05 18:44:30,039 : INFO : ball_device.bd_hc_lock : State: ejecting
2024-09-05 18:44:30,039 : INFO : ball_device.bd_hc_lock : Ejecting ball to <playfield.playfield>
2024-09-05 18:44:30,039 : INFO : EventManager : Event: ======'balldevice_bd_hc_lock_ejecting_ball'====== Args={'balls': 1, 'target': <playfield.playfield>, 'source': <ball_device.bd_hc_lock>, 'mechanical_eject': False, 'num_attempts': 0}
2024-09-05 18:44:30,040 : INFO : ball_device.bd_hc_lock : Wait for ball to leave device
2024-09-05 18:44:30,040 : INFO : coil.c_lock_eject : Pulsing Driver for 10ms (1.0 pulse_power)
2024-09-05 18:44:30,040 : INFO : SwitchController : <<<<<<< 's_lock_3' inactive >>>>>>>
2024-09-05 18:44:30,060 : INFO : ball_device.bd_hc_lock : State: ball_left
2024-09-05 18:44:30,068 : INFO : ball_device.bd_hc_lock : Ball left
2024-09-05 18:44:30,068 : INFO : ball_device.bd_hc_lock : Wait for confirm with timeout 3.0
2024-09-05 18:44:33,077 : INFO : ball_device.bd_hc_lock : State: failed_confirm
2024-09-05 18:44:33,078 : INFO : ball_device.bd_hc_lock : Got timeout (3.0s) before confirm from <playfield.playfield>
2024-09-05 18:44:33,169 : INFO : ball_device.bd_hc_lock : Confirming eject because target is playfield and ball did not return.
2024-09-05 18:44:33,170 : INFO : ball_device.bd_hc_lock : Eject successful
2024-09-05 18:44:33,170 : INFO : EventManager : Event: ======'balldevice_bd_hc_lock_ball_eject_success'====== Args={'balls': 1, 'target': <playfield.playfield>}
2024-09-05 18:44:33,170 : INFO : EventManager : Event: ======'balldevice_playfield_ball_enter'====== Args={'new_balls': 1, 'unclaimed_balls': 1, 'device': <playfield.playfield>}
2024-09-05 18:44:33,170 : INFO : EventManager : Event: ======'playfield_ball_count_change'====== Args={'balls': 4, 'change': 1}
2024-09-05 18:44:33,171 : INFO : EventManager : Event: ======'balldevice_bd_hc_lock_ball_count_changed'====== Args={'balls': 0}
2024-09-05 18:44:33,171 : INFO : ball_device.bd_hc_lock : State: idle
2024-09-05 18:44:33,985 : INFO : Machine : Shutting down...
2024-09-05 18:44:33,985 : INFO : EventManager : Event: ======'shutdown'====== Args={}
2024-09-05 18:44:33,988 : INFO : root : MPF run loop ended.
